issue_date,issue_time_utc,target_time_utc,target_time_local,lead_hours,lead_day,turbine,p10,p50,p90,wind_speed_100m,wind_direction_100m,wind_speed_10m,wind_gusts_10m,temperature_2m,surface_pressure,weather_source,model_version,previous_p50,revision
2026-01-31,2026-01-31T18:00:00+00:00,2026-01-31T19:00:00+00:00,2026-02-01T00:00:00+05:00,1,1,t1,0.008,0.0508,0.1163,0.21,225.0,0.05,4.0,0.3,952.9,open-meteo/previous-runs (best_match + GFS/ICON/ECMWF),power_model_v1@2026-01-31,,
2026-01-31,2026-01-31T18:00:00+00:00,2026-01-31T20:00:00+00:00,2026-02-01T01:00:00+05:00,2,1,t1,0.009,0.0286,0.0489,0.42,315.0,0.25,3.2,-1.0,953.2,open-meteo/previous-runs (best_match + GFS/ICON/ECMWF),power_model_v1@2026-01-31,,
2026-01-31,2026-01-31T18:00:00+00:00,2026-01-31T21:00:00+00:00,2026-02-01T02:00:00+05:00,3,1,t1,0.009,0.027,0.0808,0.4,277.0,0.4,2.0,-1.2,953.3,open-meteo/previous-runs (best_match + GFS/ICON/ECMWF),power_model_v1@2026-01-31,,
2026-01-31,2026-01-31T18:00:00+00:00,2026-01-31T22:00:00+00:00,2026-02-01T03:00:00+05:00,4,1,t1,0.0087,0.0377,0.1294,0.96,276.0,0.59,1.1,-1.4,953.6,open-meteo/previous-runs (best_match + GFS/ICON/ECMWF),power_model_v1@2026-01-31,,
2026-01-31,2026-01-31T18:00:00+00:00,2026-01-31T23:00:00+00:00,2026-02-01T04:00:00+05:00,5,1,t1,0.0032,0.1503,0.3505,0.8,266.0,0.38,0.9,-1.9,953.6,open-meteo/previous-runs (best_match + GFS/ICON/ECMWF),power_model_v1@2026-01-31,,
2026-01-31,2026-01-31T18:00:00+00:00,2026-02-01T00:00:00+00:00,2026-02-01T05:00:00+05:00,6,1,t1,0.0047,0.1193,0.3567,1.49,48.0,0.7,1.1,-1.2,953.8,open-meteo/previous-runs (best_match + GFS/ICON/ECMWF),power_model_v1@2026-01-31,,
2026-01-31,2026-01-31T18:00:00+00:00,2026-02-01T01:00:00+00:00,2026-02-01T06:00:00+05:00,7,1,t1,0.0062,0.0891,0.4557,2.12,45.0,1.05,1.4,-1.7,953.9,open-meteo/previous-runs (best_match + GFS/ICON/ECMWF),power_model_v1@2026-01-31,,
2026-01-31,2026-01-31T18:00:00+00:00,2026-02-01T02:00:00+00:00,2026-02-01T07:00:00+05:00,8,1,t1,0.009,0.0151,0.5228,3.33,47.0,1.35,1.3,-1.9,954.3,open-meteo/previous-runs (best_match + GFS/ICON/ECMWF),power_model_v1@2026-01-31,,
2026-01-31,2026-01-31T18:00:00+00:00,2026-02-01T03:00:00+00:00,2026-02-01T08:00:00+05:00,9,1,t1,0.0058,0.0966,0.4963,5.05,64.0,2.57,3.3,-1.1,955.0,open-meteo/previous-runs (best_match + GFS/ICON/ECMWF),power_model_v1@2026-01-31,,
2026-01-31,2026-01-31T18:00:00+00:00,2026-02-01T04:00:00+00:00,2026-02-01T09:00:00+05:00,10,1,t1,0.0,0.1654,0.7878,4.83,64.0,3.27,5.1,1.2,955.5,open-meteo/previous-runs (best_match + GFS/ICON/ECMWF),power_model_v1@2026-01-31,,
2026-01-31,2026-01-31T18:00:00+00:00,2026-02-01T05:00:00+00:00,2026-02-01T10:00:00+05:00,11,1,t1,0.0285,0.1871,0.8239,4.53,56.0,3.01,6.8,2.5,955.8,open-meteo/previous-runs (best_match + GFS/ICON/ECMWF),power_model_v1@2026-01-31,,
2026-01-31,2026-01-31T18:00:00+00:00,2026-02-01T06:00:00+00:00,2026-02-01T11:00:00+05:00,12,1,t1,0.0,0.2175,0.7507,3.59,55.0,2.87,6.8,3.6,955.9,open-meteo/previous-runs (best_match + GFS/ICON/ECMWF),power_model_v1@2026-01-31,,
2026-01-31,2026-01-31T18:00:00+00:00,2026-02-01T07:00:00+00:00,2026-02-01T12:00:00+05:00,13,1,t1,0.0015,0.1856,0.7213,3.86,48.0,3.05,6.8,4.7,955.4,open-meteo/previous-runs (best_match + GFS/ICON/ECMWF),power_model_v1@2026-01-31,,
2026-01-31,2026-01-31T18:00:00+00:00,2026-02-01T08:00:00+00:00,2026-02-01T13:00:00+05:00,14,1,t1,0.0003,0.2107,0.6972,4.12,51.0,3.22,5.8,5.2,954.8,open-meteo/previous-runs (best_match + GFS/ICON/ECMWF),power_model_v1@2026-01-31,,
2026-01-31,2026-01-31T18:00:00+00:00,2026-02-01T09:00:00+00:00,2026-02-01T14:00:00+05:00,15,1,t1,0.0,0.2245,0.6675,4.25,53.0,3.26,5.3,5.7,955.0,open-meteo/previous-runs (best_match + GFS/ICON/ECMWF),power_model_v1@2026-01-31,,
2026-01-31,2026-01-31T18:00:00+00:00,2026-02-01T10:00:00+00:00,2026-02-01T15:00:00+05:00,16,1,t1,0.0015,0.1869,0.6765,4.31,55.0,3.01,4.9,5.3,955.1,open-meteo/previous-runs (best_match + GFS/ICON/ECMWF),power_model_v1@2026-01-31,,
2026-01-31,2026-01-31T18:00:00+00:00,2026-02-01T11:00:00+00:00,2026-02-01T16:00:00+05:00,17,1,t1,0.0,0.2825,0.7025,5.69,61.0,2.97,5.1,3.5,954.8,open-meteo/previous-runs (best_match + GFS/ICON/ECMWF),power_model_v1@2026-01-31,,
2026-01-31,2026-01-31T18:00:00+00:00,2026-02-01T12:00:00+00:00,2026-02-01T17:00:00+05:00,18,1,t1,0.0,0.2447,0.5848,5.12,71.0,2.14,3.0,0.2,954.0,open-meteo/previous-runs (best_match + GFS/ICON/ECMWF),power_model_v1@2026-01-31,,
2026-01-31,2026-01-31T18:00:00+00:00,2026-02-01T13:00:00+00:00,2026-02-01T18:00:00+05:00,19,1,t1,0.0,0.2404,0.5078,5.64,69.0,2.26,2.9,0.7,954.5,open-meteo/previous-runs (best_match + GFS/ICON/ECMWF),power_model_v1@2026-01-31,,
2026-01-31,2026-01-31T18:00:00+00:00,2026-02-01T14:00:00+00:00,2026-02-01T19:00:00+05:00,20,1,t1,0.0,0.3237,0.588,5.6,70.0,2.21,2.9,0.5,954.7,open-meteo/previous-runs (best_match + GFS/ICON/ECMWF),power_model_v1@2026-01-31,,
2026-01-31,2026-01-31T18:00:00+00:00,2026-02-01T15:00:00+00:00,2026-02-01T20:00:00+05:00,21,1,t1,0.0,0.3104,0.6079,5.77,68.0,2.25,2.9,0.3,954.5,open-meteo/previous-runs (best_match + GFS/ICON/ECMWF),power_model_v1@2026-01-31,,
2026-01-31,2026-01-31T18:00:00+00:00,2026-02-01T16:00:00+00:00,2026-02-01T21:00:00+05:00,22,1,t1,0.0652,0.2483,0.6075,5.87,70.0,2.4,3.2,-0.1,954.6,open-meteo/previous-runs (best_match + GFS/ICON/ECMWF),power_model_v1@2026-01-31,,
2026-01-31,2026-01-31T18:00:00+00:00,2026-02-01T17:00:00+00:00,2026-02-01T22:00:00+05:00,23,1,t1,0.0572,0.2479,0.594,5.74,70.0,2.37,3.3,-0.5,954.5,open-meteo/previous-runs (best_match + GFS/ICON/ECMWF),power_model_v1@2026-01-31,,
2026-01-31,2026-01-31T18:00:00+00:00,2026-02-01T18:00:00+00:00,2026-02-01T23:00:00+05:00,24,1,t1,0.0577,0.2323,0.6413,5.5,71.0,2.29,3.2,-0.3,954.1,open-meteo/previous-runs (best_match + GFS/ICON/ECMWF),power_model_v1@2026-01-31,,
2026-02-01,2026-02-01T18:00:00+00:00,2026-02-01T19:00:00+00:00,2026-02-02T00:00:00+05:00,1,1,t1,0.0648,0.246,0.7138,6.33,65.0,2.7,3.0,-0.6,954.0,open-meteo/previous-runs (best_match + GFS/ICON/ECMWF),power_model_v1@2026-01-31,0.2191,0.0269
2026-02-01,2026-02-01T18:00:00+00:00,2026-02-01T20:00:00+00:00,2026-02-02T01:00:00+05:00,2,1,t1,0.0567,0.2898,0.7404,6.65,66.0,2.8,3.1,-0.8,954.0,open-meteo/previous-runs (best_match + GFS/ICON/ECMWF),power_model_v1@2026-01-31,0.2408,0.049
2026-02-01,2026-02-01T18:00:00+00:00,2026-02-01T21:00:00+00:00,2026-02-02T02:00:00+05:00,3,1,t1,0.0837,0.2672,0.7837,6.64,65.0,2.75,3.7,-1.1,954.2,open-meteo/previous-runs (best_match + GFS/ICON/ECMWF),power_model_v1@2026-01-31,0.2449,0.0223
2026-02-01,2026-02-01T18:00:00+00:00,2026-02-01T22:00:00+00:00,2026-02-02T03:00:00+05:00,4,1,t1,0.1796,0.4057,0.906,6.4,65.0,2.66,4.7,-1.4,954.3,open-meteo/previous-runs (best_match + GFS/ICON/ECMWF),power_model_v1@2026-01-31,0.2832,0.1225
2026-02-01,2026-02-01T18:00:00+00:00,2026-02-01T23:00:00+00:00,2026-02-02T04:00:00+05:00,5,1,t1,0.2131,0.5146,0.9177,6.42,66.0,2.75,5.3,-1.8,954.3,open-meteo/previous-runs (best_match + GFS/ICON/ECMWF),power_model_v1@2026-01-31,0.3892,0.1254
2026-02-01,2026-02-01T18:00:00+00:00,2026-02-02T00:00:00+00:00,2026-02-02T05:00:00+05:00,6,1,t1,0.2086,0.5274,0.9501,6.84,65.0,3.2,6.4,-2.0,954.3,open-meteo/previous-runs (best_match + GFS/ICON/ECMWF),power_model_v1@2026-01-31,0.403,0.1244
2026-02-01,2026-02-01T18:00:00+00:00,2026-02-02T01:00:00+00:00,2026-02-02T06:00:00+05:00,7,1,t1,0.2002,0.525,0.9492,6.8,63.0,3.15,6.9,-2.3,954.3,open-meteo/previous-runs (best_match + GFS/ICON/ECMWF),power_model_v1@2026-01-31,0.4909,0.0341
2026-02-01,2026-02-01T18:00:00+00:00,2026-02-02T02:00:00+00:00,2026-02-02T07:00:00+05:00,8,1,t1,0.213,0.4268,0.9429,6.57,63.0,2.95,7.1,-2.7,954.6,open-meteo/previous-runs (best_match + GFS/ICON/ECMWF),power_model_v1@2026-01-31,0.4284,-0.0016
2026-02-01,2026-02-01T18:00:00+00:00,2026-02-02T03:00:00+00:00,2026-02-02T08:00:00+05:00,9,1,t1,0.1802,0.4308,0.9702,6.46,64.0,3.35,7.3,-1.7,955.0,open-meteo/previous-runs (best_match + GFS/ICON/ECMWF),power_model_v1@2026-01-31,0.4177,0.0131
2026-02-01,2026-02-01T18:00:00+00:00,2026-02-02T04:00:00+00:00,2026-02-02T09:00:00+05:00,10,1,t1,0.2876,0.536,0.9892,7.8,63.0,3.7,9.3,1.7,955.6,open-meteo/previous-runs (best_match + GFS/ICON/ECMWF),power_model_v1@2026-01-31,0.4838,0.0522
2026-02-01,2026-02-01T18:00:00+00:00,2026-02-02T05:00:00+00:00,2026-02-02T10:00:00+05:00,11,1,t1,0.3378,0.6582,0.9996,6.77,56.0,4.64,11.9,4.1,955.6,open-meteo/previous-runs (best_match + GFS/ICON/ECMWF),power_model_v1@2026-01-31,0.6509,0.0073
2026-02-01,2026-02-01T18:00:00+00:00,2026-02-02T06:00:00+00:00,2026-02-02T11:00:00+05:00,12,1,t1,0.3749,0.6972,0.9779,7.25,53.0,5.24,13.7,5.7,955.7,open-meteo/previous-runs (best_match + GFS/ICON/ECMWF),power_model_v1@2026-01-31,0.7066,-0.0094
2026-02-01,2026-02-01T18:00:00+00:00,2026-02-02T07:00:00+00:00,2026-02-02T12:00:00+05:00,13,1,t1,0.4552,0.789,0.9955,7.66,54.0,5.6,14.7,6.9,954.8,open-meteo/previous-runs (best_match + GFS/ICON/ECMWF),power_model_v1@2026-01-31,0.775,0.014
2026-02-01,2026-02-01T18:00:00+00:00,2026-02-02T08:00:00+00:00,2026-02-02T13:00:00+05:00,14,1,t1,0.4776,0.8221,0.9945,8.06,54.0,5.85,15.4,7.8,953.9,open-meteo/previous-runs (best_match + GFS/ICON/ECMWF),power_model_v1@2026-01-31,0.8587,-0.0366
2026-02-01,2026-02-01T18:00:00+00:00,2026-02-02T09:00:00+00:00,2026-02-02T14:00:00+05:00,15,1,t1,0.4691,0.8231,0.9946,8.28,53.0,5.88,15.4,8.0,953.7,open-meteo/previous-runs (best_match + GFS/ICON/ECMWF),power_model_v1@2026-01-31,0.9025,-0.0794
2026-02-01,2026-02-01T18:00:00+00:00,2026-02-02T10:00:00+00:00,2026-02-02T15:00:00+05:00,16,1,t1,0.4375,0.8607,0.9934,7.84,52.0,4.95,15.0,7.2,953.7,open-meteo/previous-runs (best_match + GFS/ICON/ECMWF),power_model_v1@2026-01-31,0.8649,-0.0042
2026-02-01,2026-02-01T18:00:00+00:00,2026-02-02T11:00:00+00:00,2026-02-02T16:00:00+05:00,17,1,t1,0.4747,0.7536,0.994,7.62,60.0,3.88,13.7,5.3,953.3,open-meteo/previous-runs (best_match + GFS/ICON/ECMWF),power_model_v1@2026-01-31,0.7441,0.0095
2026-02-01,2026-02-01T18:00:00+00:00,2026-02-02T12:00:00+00:00,2026-02-02T17:00:00+05:00,18,1,t1,0.215,0.7498,0.9279,5.44,62.0,2.01,10.4,1.7,952.8,open-meteo/previous-runs (best_match + GFS/ICON/ECMWF),power_model_v1@2026-01-31,0.6921,0.0577
2026-02-01,2026-02-01T18:00:00+00:00,2026-02-02T13:00:00+00:00,2026-02-02T18:00:00+05:00,19,1,t1,0.0,0.4614,0.7097,3.91,69.0,1.5,3.5,0.6,953.1,open-meteo/previous-runs (best_match + GFS/ICON/ECMWF),power_model_v1@2026-01-31,0.6048,-0.1434
2026-02-01,2026-02-01T18:00:00+00:00,2026-02-02T14:00:00+00:00,2026-02-02T19:00:00+05:00,20,1,t1,0.0,0.3386,0.4516,3.07,66.0,1.05,3.6,0.0,953.1,open-meteo/previous-runs (best_match + GFS/ICON/ECMWF),power_model_v1@2026-01-31,0.363,-0.0244
2026-02-01,2026-02-01T18:00:00+00:00,2026-02-02T15:00:00+00:00,2026-02-02T20:00:00+05:00,21,1,t1,0.0019,0.1785,0.3052,3.11,66.0,1.25,2.9,-0.4,953.0,open-meteo/previous-runs (best_match + GFS/ICON/ECMWF),power_model_v1@2026-01-31,0.2365,-0.058
2026-02-01,2026-02-01T18:00:00+00:00,2026-02-02T16:00:00+00:00,2026-02-02T21:00:00+05:00,22,1,t1,0.0017,0.1824,0.2914,3.69,63.0,1.39,2.6,-1.1,952.6,open-meteo/previous-runs (best_match + GFS/ICON/ECMWF),power_model_v1@2026-01-31,0.2405,-0.0581
2026-02-01,2026-02-01T18:00:00+00:00,2026-02-02T17:00:00+00:00,2026-02-02T22:00:00+05:00,23,1,t1,0.0014,0.1886,0.3238,3.67,70.0,1.46,2.8,-1.1,952.4,open-meteo/previous-runs (best_match + GFS/ICON/ECMWF),power_model_v1@2026-01-31,0.2484,-0.0598
2026-02-01,2026-02-01T18:00:00+00:00,2026-02-02T18:00:00+00:00,2026-02-02T23:00:00+05:00,24,1,t1,0.0034,0.1476,0.38,3.97,76.0,1.74,3.2,-0.8,952.0,open-meteo/previous-runs (best_match + GFS/ICON/ECMWF),power_model_v1@2026-01-31,0.1881,-0.0405
2026-02-02,2026-02-02T18:00:00+00:00,2026-02-02T19:00:00+00:00,2026-02-03T00:00:00+05:00,1,1,t1,0.0,0.2253,0.538,5.19,71.0,2.17,3.6,-0.8,951.6,open-meteo/previous-runs (best_match + GFS/ICON/ECMWF),power_model_v1@2026-01-31,0.1996,0.0257
2026-02-02,2026-02-02T18:00:00+00:00,2026-02-02T20:00:00+00:00,2026-02-03T01:00:00+05:00,2,1,t1,0.088,0.3454,0.7097,6.05,67.0,2.52,4.2,-0.8,951.1,open-meteo/previous-runs (best_match + GFS/ICON/ECMWF),power_model_v1@2026-01-31,0.3591,-0.0137
2026-02-02,2026-02-02T18:00:00+00:00,2026-02-02T21:00:00+00:00,2026-02-03T02:00:00+05:00,3,1,t1,0.1085,0.4062,0.8555,6.47,69.0,2.84,4.5,-1.0,950.8,open-meteo/previous-runs (best_match + GFS/ICON/ECMWF),power_model_v1@2026-01-31,0.4419,-0.0357
2026-02-02,2026-02-02T18:00:00+00:00,2026-02-02T22:00:00+00:00,2026-02-03T03:00:00+05:00,4,1,t1,0.1483,0.4312,0.8911,6.52,69.0,2.84,4.9,-1.6,950.1,open-meteo/previous-runs (best_match + GFS/ICON/ECMWF),power_model_v1@2026-01-31,0.45,-0.0188
2026-02-02,2026-02-02T18:00:00+00:00,2026-02-02T23:00:00+00:00,2026-02-03T04:00:00+05:00,5,1,t1,0.1758,0.4591,0.8495,6.53,66.0,2.62,4.9,-1.7,950.0,open-meteo/previous-runs (best_match + GFS/ICON/ECMWF),power_model_v1@2026-01-31,0.45,0.0091
2026-02-02,2026-02-02T18:00:00+00:00,2026-02-03T00:00:00+00:00,2026-02-03T05:00:00+05:00,6,1,t1,0.097,0.3653,0.8604,4.78,59.0,1.54,5.0,-2.4,950.4,open-meteo/previous-runs (best_match + GFS/ICON/ECMWF),power_model_v1@2026-01-31,0.3517,0.0136
2026-02-02,2026-02-02T18:00:00+00:00,2026-02-03T01:00:00+00:00,2026-02-03T06:00:00+05:00,7,1,t1,0.0713,0.2941,0.6885,2.43,76.0,0.99,4.7,-2.7,951.0,open-meteo/previous-runs (best_match + GFS/ICON/ECMWF),power_model_v1@2026-01-31,0.251,0.0431
2026-02-02,2026-02-02T18:00:00+00:00,2026-02-03T02:00:00+00:00,2026-02-03T07:00:00+05:00,8,1,t1,0.0013,0.1903,0.5642,3.43,71.0,1.45,4.7,-2.7,951.2,open-meteo/previous-runs (best_match + GFS/ICON/ECMWF),power_model_v1@2026-01-31,0.2407,-0.0504
2026-02-02,2026-02-02T18:00:00+00:00,2026-02-03T03:00:00+00:00,2026-02-03T08:00:00+05:00,9,1,t1,0.0035,0.1439,0.37,2.47,83.0,0.99,4.1,-0.5,952.6,open-meteo/previous-runs (best_match + GFS/ICON/ECMWF),power_model_v1@2026-01-31,0.1498,-0.0059
2026-02-02,2026-02-02T18:00:00+00:00,2026-02-03T04:00:00+00:00,2026-02-03T09:00:00+05:00,10,1,t1,0.0072,0.0687,0.2245,2.67,218.0,1.82,3.1,3.0,954.0,open-meteo/previous-runs (best_match + GFS/ICON/ECMWF),power_model_v1@2026-01-31,0.1285,-0.0598
2026-02-02,2026-02-02T18:00:00+00:00,2026-02-03T05:00:00+00:00,2026-02-03T10:00:00+05:00,11,1,t1,0.0087,0.0376,0.0892,3.43,254.0,2.52,4.0,5.1,954.3,open-meteo/previous-runs (best_match + GFS/ICON/ECMWF),power_model_v1@2026-01-31,0.0676,-0.03
2026-02-02,2026-02-02T18:00:00+00:00,2026-02-03T06:00:00+00:00,2026-02-03T11:00:00+05:00,12,1,t1,0.0074,0.0639,0.2659,5.06,253.0,3.8,4.5,5.4,954.6,open-meteo/previous-runs (best_match + GFS/ICON/ECMWF),power_model_v1@2026-01-31,0.0593,0.0046
2026-02-02,2026-02-02T18:00:00+00:00,2026-02-03T07:00:00+00:00,2026-02-03T12:00:00+05:00,13,1,t1,0.0072,0.0687,0.1733,4.82,260.0,3.61,3.2,6.0,954.4,open-meteo/previous-runs (best_match + GFS/ICON/ECMWF),power_model_v1@2026-01-31,0.0574,0.0113
2026-02-02,2026-02-02T18:00:00+00:00,2026-02-03T08:00:00+00:00,2026-02-03T13:00:00+05:00,14,1,t1,0.0076,0.0599,0.1088,3.15,268.0,2.4,2.3,7.2,953.7,open-meteo/previous-runs (best_match + GFS/ICON/ECMWF),power_model_v1@2026-01-31,0.063,-0.0031
2026-02-02,2026-02-02T18:00:00+00:00,2026-02-03T09:00:00+00:00,2026-02-03T14:00:00+05:00,15,1,t1,0.0084,0.0435,0.0689,3.2,272.0,2.4,3.1,7.2,953.9,open-meteo/previous-runs (best_match + GFS/ICON/ECMWF),power_model_v1@2026-01-31,0.0705,-0.027
2026-02-02,2026-02-02T18:00:00+00:00,2026-02-03T10:00:00+00:00,2026-02-03T15:00:00+05:00,16,1,t1,0.0082,0.0471,0.1121,2.45,268.0,1.75,3.4,7.0,954.4,open-meteo/previous-runs (best_match + GFS/ICON/ECMWF),power_model_v1@2026-01-31,0.0812,-0.0341
2026-02-02,2026-02-02T18:00:00+00:00,2026-02-03T11:00:00+00:00,2026-02-03T16:00:00+05:00,17,1,t1,0.0053,0.1068,0.1961,3.2,267.0,1.4,3.1,4.4,954.5,open-meteo/previous-runs (best_match + GFS/ICON/ECMWF),power_model_v1@2026-01-31,0.1442,-0.0374
2026-02-02,2026-02-02T18:00:00+00:00,2026-02-03T12:00:00+00:00,2026-02-03T17:00:00+05:00,18,1,t1,0.001,0.1969,0.3987,4.86,266.0,2.11,4.9,1.2,954.1,open-meteo/previous-runs (best_match + GFS/ICON/ECMWF),power_model_v1@2026-01-31,0.186,0.0109
2026-02-02,2026-02-02T18:00:00+00:00,2026-02-03T13:00:00+00:00,2026-02-03T18:00:00+05:00,19,1,t1,0.0,0.3827,0.6806,4.44,230.0,2.13,5.4,2.2,955.2,open-meteo/previous-runs (best_match + GFS/ICON/ECMWF),power_model_v1@2026-01-31,0.3333,0.0494
2026-02-02,2026-02-02T18:00:00+00:00,2026-02-03T14:00:00+00:00,2026-02-03T19:00:00+05:00,20,1,t1,0.142,0.4422,0.7585,6.42,238.0,3.24,6.4,2.4,955.6,open-meteo/previous-runs (best_match + GFS/ICON/ECMWF),power_model_v1@2026-01-31,0.3625,0.0797
2026-02-02,2026-02-02T18:00:00+00:00,2026-02-03T15:00:00+00:00,2026-02-03T20:00:00+05:00,21,1,t1,0.1677,0.5462,0.8783,7.23,246.0,3.61,6.5,2.5,955.8,open-meteo/previous-runs (best_match + GFS/ICON/ECMWF),power_model_v1@2026-01-31,0.3829,0.1633
2026-02-02,2026-02-02T18:00:00+00:00,2026-02-03T16:00:00+00:00,2026-02-03T21:00:00+05:00,22,1,t1,0.1593,0.5735,0.8961,6.54,249.0,3.05,6.2,1.8,956.0,open-meteo/previous-runs (best_match + GFS/ICON/ECMWF),power_model_v1@2026-01-31,0.3924,0.1811
2026-02-02,2026-02-02T18:00:00+00:00,2026-02-03T17:00:00+00:00,2026-02-03T22:00:00+05:00,23,1,t1,0.1409,0.5943,0.8895,6.36,252.0,3.18,6.0,1.8,956.4,open-meteo/previous-runs (best_match + GFS/ICON/ECMWF),power_model_v1@2026-01-31,0.3078,0.2865
2026-02-02,2026-02-02T18:00:00+00:00,2026-02-03T18:00:00+00:00,2026-02-03T23:00:00+05:00,24,1,t1,0.1497,0.6111,0.8835,6.6,246.0,3.19,6.0,2.5,955.8,open-meteo/previous-runs (best_match + GFS/ICON/ECMWF),power_model_v1@2026-01-31,0.3021,0.309
2026-02-03,2026-02-03T18:00:00+00:00,2026-02-03T19:00:00+00:00,2026-02-04T00:00:00+05:00,1,1,t1,0.1349,0.5601,0.8773,6.29,258.0,2.68,6.6,1.7,956.1,open-meteo/previous-runs (best_match + GFS/ICON/ECMWF),power_model_v1@2026-01-31,0.2925,0.2676
2026-02-03,2026-02-03T18:00:00+00:00,2026-02-03T20:00:00+00:00,2026-02-04T01:00:00+05:00,2,1,t1,0.1247,0.5059,0.8868,7.24,251.0,3.6,6.9,2.0,956.8,open-meteo/previous-runs (best_match + GFS/ICON/ECMWF),power_model_v1@2026-01-31,0.1903,0.3156
2026-02-03,2026-02-03T18:00:00+00:00,2026-02-03T21:00:00+00:00,2026-02-04T02:00:00+05:00,3,1,t1,0.0978,0.5175,0.8856,6.48,250.0,3.17,7.0,2.5,957.3,open-meteo/previous-runs (best_match + GFS/ICON/ECMWF),power_model_v1@2026-01-31,0.251,0.2665
2026-02-03,2026-02-03T18:00:00+00:00,2026-02-03T22:00:00+00:00,2026-02-04T03:00:00+05:00,4,1,t1,0.1038,0.511,0.8755,6.37,255.0,3.14,6.4,2.6,957.3,open-meteo/previous-runs (best_match + GFS/ICON/ECMWF),power_model_v1@2026-01-31,0.4299,0.0811
2026-02-03,2026-02-03T18:00:00+00:00,2026-02-03T23:00:00+00:00,2026-02-04T04:00:00+05:00,5,1,t1,0.1279,0.5171,0.8535,6.16,249.0,3.11,6.1,2.6,957.5,open-meteo/previous-runs (best_match + GFS/ICON/ECMWF),power_model_v1@2026-01-31,0.4423,0.0748
2026-02-03,2026-02-03T18:00:00+00:00,2026-02-04T00:00:00+00:00,2026-02-04T05:00:00+05:00,6,1,t1,0.187,0.5728,0.919,7.61,241.0,4.31,6.5,2.6,958.1,open-meteo/previous-runs (best_match + GFS/ICON/ECMWF),power_model_v1@2026-01-31,0.3425,0.2303
2026-02-03,2026-02-03T18:00:00+00:00,2026-02-04T01:00:00+00:00,2026-02-04T06:00:00+05:00,7,1,t1,0.2056,0.6063,0.9808,6.87,241.0,3.79,9.5,2.5,958.2,open-meteo/previous-runs (best_match + GFS/ICON/ECMWF),power_model_v1@2026-01-31,0.4783,0.128
2026-02-03,2026-02-03T18:00:00+00:00,2026-02-04T02:00:00+00:00,2026-02-04T07:00:00+05:00,8,1,t1,0.14,0.4667,0.9175,6.98,238.0,3.83,10.1,2.4,958.5,open-meteo/previous-runs (best_match + GFS/ICON/ECMWF),power_model_v1@2026-01-31,0.4797,-0.013
2026-02-03,2026-02-03T18:00:00+00:00,2026-02-04T03:00:00+00:00,2026-02-04T08:00:00+05:00,9,1,t1,0.0697,0.3797,0.8774,7.0,244.0,3.75,9.7,2.6,959.2,open-meteo/previous-runs (best_match + GFS/ICON/ECMWF),power_model_v1@2026-01-31,0.4363,-0.0566
2026-02-03,2026-02-03T18:00:00+00:00,2026-02-04T04:00:00+00:00,2026-02-04T09:00:00+05:00,10,1,t1,0.0,0.2995,0.8217,7.15,232.0,4.15,8.5,3.1,959.5,open-meteo/previous-runs (best_match + GFS/ICON/ECMWF),power_model_v1@2026-01-31,0.3809,-0.0814
2026-02-03,2026-02-03T18:00:00+00:00,2026-02-04T05:00:00+00:00,2026-02-04T10:00:00+05:00,11,1,t1,0.0,0.2744,0.7815,7.05,232.0,4.41,8.1,3.7,959.7,open-meteo/previous-runs (best_match + GFS/ICON/ECMWF),power_model_v1@2026-01-31,0.2695,0.0049
2026-02-03,2026-02-03T18:00:00+00:00,2026-02-04T06:00:00+00:00,2026-02-04T11:00:00+05:00,12,1,t1,0.0003,0.2107,0.613,5.59,238.0,3.97,8.6,4.7,959.9,open-meteo/previous-runs (best_match + GFS/ICON/ECMWF),power_model_v1@2026-01-31,0.2683,-0.0576
2026-02-03,2026-02-03T18:00:00+00:00,2026-02-04T07:00:00+00:00,2026-02-04T12:00:00+05:00,13,1,t1,0.0025,0.165,0.535,5.23,243.0,3.99,9.4,6.2,959.6,open-meteo/previous-runs (best_match + GFS/ICON/ECMWF),power_model_v1@2026-01-31,0.2121,-0.0471
2026-02-03,2026-02-03T18:00:00+00:00,2026-02-04T08:00:00+00:00,2026-02-04T13:00:00+05:00,14,1,t1,0.0026,0.1634,0.4775,5.19,251.0,4.0,9.6,7.6,958.9,open-meteo/previous-runs (best_match + GFS/ICON/ECMWF),power_model_v1@2026-01-31,0.1489,0.0145
2026-02-03,2026-02-03T18:00:00+00:00,2026-02-04T09:00:00+00:00,2026-02-04T14:00:00+05:00,15,1,t1,0.002,0.1748,0.4578,4.99,254.0,3.81,10.0,8.0,958.7,open-meteo/previous-runs (best_match + GFS/ICON/ECMWF),power_model_v1@2026-01-31,0.1801,-0.0053
2026-02-03,2026-02-03T18:00:00+00:00,2026-02-04T10:00:00+00:00,2026-02-04T15:00:00+05:00,16,1,t1,0.0027,0.1619,0.4244,4.57,250.0,3.39,10.0,7.4,958.8,open-meteo/previous-runs (best_match + GFS/ICON/ECMWF),power_model_v1@2026-01-31,0.1579,0.004
2026-02-03,2026-02-03T18:00:00+00:00,2026-02-04T11:00:00+00:00,2026-02-04T16:00:00+05:00,17,1,t1,0.0058,0.0968,0.3583,3.85,244.0,1.79,9.5,6.0,958.8,open-meteo/previous-runs (best_match + GFS/ICON/ECMWF),power_model_v1@2026-01-31,0.2085,-0.1117
2026-02-03,2026-02-03T18:00:00+00:00,2026-02-04T12:00:00+00:00,2026-02-04T17:00:00+05:00,18,1,t1,0.0042,0.1293,0.264,2.76,238.0,1.03,5.8,2.9,957.4,open-meteo/previous-runs (best_match + GFS/ICON/ECMWF),power_model_v1@2026-01-31,0.1103,0.019
2026-02-03,2026-02-03T18:00:00+00:00,2026-02-04T13:00:00+00:00,2026-02-04T18:00:00+05:00,19,1,t1,0.0064,0.0853,0.2959,1.72,253.0,0.66,2.4,1.9,957.4,open-meteo/previous-runs (best_match + GFS/ICON/ECMWF),power_model_v1@2026-01-31,0.0987,-0.0134
2026-02-03,2026-02-03T18:00:00+00:00,2026-02-04T14:00:00+00:00,2026-02-04T19:00:00+05:00,20,1,t1,0.0,0.2511,0.4755,3.24,56.0,1.75,2.2,0.6,957.6,open-meteo/previous-runs (best_match + GFS/ICON/ECMWF),power_model_v1@2026-01-31,0.205,0.0461
2026-02-03,2026-02-03T18:00:00+00:00,2026-02-04T15:00:00+00:00,2026-02-04T20:00:00+05:00,21,1,t1,0.0926,0.3639,0.7884,6.02,66.0,2.75,3.4,1.0,958.2,open-meteo/previous-runs (best_match + GFS/ICON/ECMWF),power_model_v1@2026-01-31,0.2871,0.0768
2026-02-03,2026-02-03T18:00:00+00:00,2026-02-04T16:00:00+00:00,2026-02-04T21:00:00+05:00,22,1,t1,0.255,0.6529,0.9605,6.49,66.0,3.01,5.5,0.1,958.4,open-meteo/previous-runs (best_match + GFS/ICON/ECMWF),power_model_v1@2026-01-31,0.5575,0.0954
2026-02-03,2026-02-03T18:00:00+00:00,2026-02-04T17:00:00+00:00,2026-02-04T22:00:00+05:00,23,1,t1,0.2634,0.6382,1.0,6.93,64.0,3.36,6.5,-0.7,958.0,open-meteo/previous-runs (best_match + GFS/ICON/ECMWF),power_model_v1@2026-01-31,0.6966,-0.0584
2026-02-03,2026-02-03T18:00:00+00:00,2026-02-04T18:00:00+00:00,2026-02-04T23:00:00+05:00,24,1,t1,0.3651,0.6502,0.9978,7.63,61.0,3.92,7.1,-1.3,957.4,open-meteo/previous-runs (best_match + GFS/ICON/ECMWF),power_model_v1@2026-01-31,0.6773,-0.0271
2026-02-04,2026-02-04T18:00:00+00:00,2026-02-04T19:00:00+00:00,2026-02-05T00:00:00+05:00,1,1,t1,0.522,0.8303,1.0,8.52,60.0,4.62,8.0,-1.3,957.0,open-meteo/previous-runs (best_match + GFS/ICON/ECMWF),power_model_v1@2026-01-31,0.7028,0.1275
2026-02-04,2026-02-04T18:00:00+00:00,2026-02-04T20:00:00+00:00,2026-02-05T01:00:00+05:00,2,1,t1,0.7252,0.9016,1.0,9.11,61.0,5.22,9.5,-0.9,956.4,open-meteo/previous-runs (best_match + GFS/ICON/ECMWF),power_model_v1@2026-01-31,0.7934,0.1082
2026-02-04,2026-02-04T18:00:00+00:00,2026-02-04T21:00:00+00:00,2026-02-05T02:00:00+05:00,3,1,t1,0.8595,0.9384,0.9999,9.71,66.0,5.64,10.1,-0.4,955.9,open-meteo/previous-runs (best_match + GFS/ICON/ECMWF),power_model_v1@2026-01-31,0.8796,0.0588
2026-02-04,2026-02-04T18:00:00+00:00,2026-02-04T22:00:00+00:00,2026-02-05T03:00:00+05:00,4,1,t1,0.9575,0.9585,1.0,10.07,71.0,5.98,10.9,-0.1,955.2,open-meteo/previous-runs (best_match + GFS/ICON/ECMWF),power_model_v1@2026-01-31,0.9302,0.0283
2026-02-04,2026-02-04T18:00:00+00:00,2026-02-04T23:00:00+00:00,2026-02-05T04:00:00+05:00,5,1,t1,0.9614,0.9624,0.9914,10.41,74.0,6.2,12.2,0.2,955.0,open-meteo/previous-runs (best_match + GFS/ICON/ECMWF),power_model_v1@2026-01-31,0.9446,0.0178
2026-02-04,2026-02-04T18:00:00+00:00,2026-02-05T00:00:00+00:00,2026-02-05T05:00:00+05:00,6,1,t1,0.9107,0.9116,0.9938,10.98,77.0,6.75,15.4,1.1,954.3,open-meteo/previous-runs (best_match + GFS/ICON/ECMWF),power_model_v1@2026-01-31,0.948,-0.0364
2026-02-04,2026-02-04T18:00:00+00:00,2026-02-05T01:00:00+00:00,2026-02-05T06:00:00+05:00,7,1,t1,0.9075,0.9085,0.9939,11.71,79.0,7.47,17.2,1.5,953.7,open-meteo/previous-runs (best_match + GFS/ICON/ECMWF),power_model_v1@2026-01-31,0.9517,-0.0432
2026-02-04,2026-02-04T18:00:00+00:00,2026-02-05T02:00:00+00:00,2026-02-05T07:00:00+05:00,8,1,t1,0.9032,0.9041,0.9941,11.89,80.0,7.57,18.0,1.4,953.2,open-meteo/previous-runs (best_match + GFS/ICON/ECMWF),power_model_v1@2026-01-31,0.8997,0.0044
2026-02-04,2026-02-04T18:00:00+00:00,2026-02-05T03:00:00+00:00,2026-02-05T08:00:00+05:00,9,1,t1,0.9058,0.9068,0.994,11.98,83.0,7.77,18.8,2.0,953.3,open-meteo/previous-runs (best_match + GFS/ICON/ECMWF),power_model_v1@2026-01-31,0.8955,0.0113
2026-02-04,2026-02-04T18:00:00+00:00,2026-02-05T04:00:00+00:00,2026-02-05T09:00:00+05:00,10,1,t1,0.9518,0.9527,0.9918,11.6,78.0,7.05,20.3,3.2,953.1,open-meteo/previous-runs (best_match + GFS/ICON/ECMWF),power_model_v1@2026-01-31,0.8803,0.0724
2026-02-04,2026-02-04T18:00:00+00:00,2026-02-05T05:00:00+00:00,2026-02-05T10:00:00+05:00,11,1,t1,0.9635,0.9645,0.9915,11.45,77.0,8.02,21.7,4.9,952.6,open-meteo/previous-runs (best_match + GFS/ICON/ECMWF),power_model_v1@2026-01-31,0.9559,0.0086
2026-02-04,2026-02-04T18:00:00+00:00,2026-02-05T06:00:00+00:00,2026-02-05T11:00:00+05:00,12,1,t1,0.9659,0.9766,0.9915,11.75,75.0,8.43,23.8,6.7,951.8,open-meteo/previous-runs (best_match + GFS/ICON/ECMWF),power_model_v1@2026-01-31,0.9751,0.0015
2026-02-04,2026-02-04T18:00:00+00:00,2026-02-05T07:00:00+00:00,2026-02-05T12:00:00+05:00,13,1,t1,0.9229,0.9627,0.9916,12.09,74.0,8.65,24.1,7.9,950.9,open-meteo/previous-runs (best_match + GFS/ICON/ECMWF),power_model_v1@2026-01-31,0.9712,-0.0085
2026-02-04,2026-02-04T18:00:00+00:00,2026-02-05T08:00:00+00:00,2026-02-05T13:00:00+05:00,14,1,t1,0.9362,0.9406,0.9927,11.22,73.0,7.99,23.8,8.3,949.7,open-meteo/previous-runs (best_match + GFS/ICON/ECMWF),power_model_v1@2026-01-31,0.9428,-0.0022
2026-02-04,2026-02-04T18:00:00+00:00,2026-02-05T09:00:00+00:00,2026-02-05T14:00:00+05:00,15,1,t1,0.8641,0.9316,0.9927,10.16,69.0,7.25,23.0,8.5,949.1,open-meteo/previous-runs (best_match + GFS/ICON/ECMWF),power_model_v1@2026-01-31,0.9299,0.0017
2026-02-04,2026-02-04T18:00:00+00:00,2026-02-05T10:00:00+00:00,2026-02-05T15:00:00+05:00,16,1,t1,0.5797,0.9334,0.9935,8.5,63.0,5.94,21.8,8.0,949.1,open-meteo/previous-runs (best_match + GFS/ICON/ECMWF),power_model_v1@2026-01-31,0.9549,-0.0215
2026-02-04,2026-02-04T18:00:00+00:00,2026-02-05T11:00:00+00:00,2026-02-05T16:00:00+05:00,17,1,t1,0.4463,0.9299,0.9942,7.94,68.0,4.68,20.3,6.4,949.1,open-meteo/previous-runs (best_match + GFS/ICON/ECMWF),power_model_v1@2026-01-31,0.9123,0.0176
2026-02-04,2026-02-04T18:00:00+00:00,2026-02-05T12:00:00+00:00,2026-02-05T17:00:00+05:00,18,1,t1,0.4274,0.9069,0.9962,7.03,74.0,3.36,14.6,2.9,948.2,open-meteo/previous-runs (best_match + GFS/ICON/ECMWF),power_model_v1@2026-01-31,0.9467,-0.0398
2026-02-04,2026-02-04T18:00:00+00:00,2026-02-05T13:00:00+00:00,2026-02-05T18:00:00+05:00,19,1,t1,0.354,0.8554,0.9996,6.5,78.0,2.99,10.8,-0.1,947.8,open-meteo/previous-runs (best_match + GFS/ICON/ECMWF),power_model_v1@2026-01-31,0.9066,-0.0512
2026-02-04,2026-02-04T18:00:00+00:00,2026-02-05T14:00:00+00:00,2026-02-05T19:00:00+05:00,20,1,t1,0.2564,0.8352,0.9771,6.59,78.0,3.18,8.5,-1.1,947.7,open-meteo/previous-runs (best_match + GFS/ICON/ECMWF),power_model_v1@2026-01-31,0.8441,-0.0089
2026-02-04,2026-02-04T18:00:00+00:00,2026-02-05T15:00:00+00:00,2026-02-05T20:00:00+05:00,21,1,t1,0.2522,0.7662,0.9635,6.86,78.0,3.44,7.4,-1.1,947.4,open-meteo/previous-runs (best_match + GFS/ICON/ECMWF),power_model_v1@2026-01-31,0.8171,-0.0509
2026-02-04,2026-02-04T18:00:00+00:00,2026-02-05T16:00:00+00:00,2026-02-05T21:00:00+05:00,22,1,t1,0.2268,0.7075,0.9723,6.88,72.0,3.29,7.2,-1.1,947.4,open-meteo/previous-runs (best_match + GFS/ICON/ECMWF),power_model_v1@2026-01-31,0.7802,-0.0727
2026-02-04,2026-02-04T18:00:00+00:00,2026-02-05T17:00:00+00:00,2026-02-05T22:00:00+05:00,23,1,t1,0.1929,0.65,0.9479,6.36,72.0,2.84,6.6,-1.5,947.1,open-meteo/previous-runs (best_match + GFS/ICON/ECMWF),power_model_v1@2026-01-31,0.6614,-0.0114
2026-02-04,2026-02-04T18:00:00+00:00,2026-02-05T18:00:00+00:00,2026-02-05T23:00:00+05:00,24,1,t1,0.1859,0.516,0.9311,6.57,69.0,2.97,6.5,-1.4,946.9,open-meteo/previous-runs (best_match + GFS/ICON/ECMWF),power_model_v1@2026-01-31,0.5454,-0.0294
2026-02-05,2026-02-05T18:00:00+00:00,2026-02-05T19:00:00+00:00,2026-02-06T00:00:00+05:00,1,1,t1,0.1803,0.4275,0.8699,6.18,67.0,2.6,6.1,-1.6,946.9,open-meteo/previous-runs (best_match + GFS/ICON/ECMWF),power_model_v1@2026-01-31,0.482,-0.0545
2026-02-05,2026-02-05T18:00:00+00:00,2026-02-05T20:00:00+00:00,2026-02-06T01:00:00+05:00,2,1,t1,0.1443,0.4139,0.8223,5.49,67.0,2.22,6.0,-1.9,946.6,open-meteo/previous-runs (best_match + GFS/ICON/ECMWF),power_model_v1@2026-01-31,0.4189,-0.005
2026-02-05,2026-02-05T18:00:00+00:00,2026-02-05T21:00:00+00:00,2026-02-06T02:00:00+05:00,3,1,t1,0.085,0.4554,0.8274,5.12,63.0,1.92,5.6,-2.0,946.7,open-meteo/previous-runs (best_match + GFS/ICON/ECMWF),power_model_v1@2026-01-31,0.3965,0.0589
2026-02-05,2026-02-05T18:00:00+00:00,2026-02-05T22:00:00+00:00,2026-02-06T03:00:00+05:00,4,1,t1,0.0656,0.3604,0.8231,4.73,59.0,1.61,5.2,-1.8,947.3,open-meteo/previous-runs (best_match + GFS/ICON/ECMWF),power_model_v1@2026-01-31,0.3345,0.0259
2026-02-05,2026-02-05T18:00:00+00:00,2026-02-05T23:00:00+00:00,2026-02-06T04:00:00+05:00,5,1,t1,0.0274,0.348,0.6833,3.01,75.0,1.07,4.7,-1.4,948.3,open-meteo/previous-runs (best_match + GFS/ICON/ECMWF),power_model_v1@2026-01-31,0.2291,0.1189
2026-02-05,2026-02-05T18:00:00+00:00,2026-02-06T00:00:00+00:00,2026-02-06T05:00:00+05:00,6,1,t1,0.0019,0.1786,0.3934,2.92,84.0,1.2,3.5,-0.8,948.5,open-meteo/previous-runs (best_match + GFS/ICON/ECMWF),power_model_v1@2026-01-31,0.1477,0.0309
2026-02-05,2026-02-05T18:00:00+00:00,2026-02-06T01:00:00+00:00,2026-02-06T06:00:00+05:00,7,1,t1,0.0021,0.1731,0.3753,2.02,171.0,1.48,3.4,0.2,949.6,open-meteo/previous-runs (best_match + GFS/ICON/ECMWF),power_model_v1@2026-01-31,0.1365,0.0366
2026-02-05,2026-02-05T18:00:00+00:00,2026-02-06T02:00:00+00:00,2026-02-06T07:00:00+05:00,8,1,t1,0.0072,0.0671,0.2652,6.09,258.0,2.65,3.1,1.3,951.4,open-meteo/previous-runs (best_match + GFS/ICON/ECMWF),power_model_v1@2026-01-31,0.1588,-0.0917
2026-02-05,2026-02-05T18:00:00+00:00,2026-02-06T03:00:00+00:00,2026-02-06T08:00:00+05:00,9,1,t1,0.0043,0.1272,0.4347,7.29,259.0,3.94,4.3,1.6,953.2,open-meteo/previous-runs (best_match + GFS/ICON/ECMWF),power_model_v1@2026-01-31,0.2563,-0.1291
2026-02-05,2026-02-05T18:00:00+00:00,2026-02-06T04:00:00+00:00,2026-02-06T09:00:00+05:00,10,1,t1,0.0038,0.1375,0.4073,5.48,260.0,3.4,4.2,3.0,954.0,open-meteo/previous-runs (best_match + GFS/ICON/ECMWF),power_model_v1@2026-01-31,0.3328,-0.1953
2026-02-05,2026-02-05T18:00:00+00:00,2026-02-06T05:00:00+00:00,2026-02-06T10:00:00+05:00,11,1,t1,0.0034,0.1466,0.305,2.77,242.0,2.1,4.6,4.5,954.5,open-meteo/previous-runs (best_match + GFS/ICON/ECMWF),power_model_v1@2026-01-31,0.3658,-0.2192
2026-02-05,2026-02-05T18:00:00+00:00,2026-02-06T06:00:00+00:00,2026-02-06T11:00:00+05:00,12,1,t1,0.0,0.2833,0.7073,5.33,260.0,3.75,10.3,5.4,954.8,open-meteo/previous-runs (best_match + GFS/ICON/ECMWF),power_model_v1@2026-01-31,0.6278,-0.3445
2026-02-05,2026-02-05T18:00:00+00:00,2026-02-06T07:00:00+00:00,2026-02-06T12:00:00+05:00,13,1,t1,0.1837,0.5437,0.8719,8.8,261.0,6.22,16.6,6.5,954.7,open-meteo/previous-runs (best_match + GFS/ICON/ECMWF),power_model_v1@2026-01-31,0.7166,-0.1729
2026-02-05,2026-02-05T18:00:00+00:00,2026-02-06T08:00:00+00:00,2026-02-06T13:00:00+05:00,14,1,t1,0.4455,0.8255,1.0,9.74,257.0,6.61,19.4,5.7,954.7,open-meteo/previous-runs (best_match + GFS/ICON/ECMWF),power_model_v1@2026-01-31,0.8692,-0.0437
2026-02-05,2026-02-05T18:00:00+00:00,2026-02-06T09:00:00+00:00,2026-02-06T14:00:00+05:00,15,1,t1,0.6514,0.9037,0.9939,11.73,261.0,8.23,19.6,5.7,955.4,open-meteo/previous-runs (best_match + GFS/ICON/ECMWF),power_model_v1@2026-01-31,0.958,-0.0543
2026-02-05,2026-02-05T18:00:00+00:00,2026-02-06T10:00:00+00:00,2026-02-06T15:00:00+05:00,16,1,t1,0.9097,0.955,0.9915,12.85,259.0,8.98,19.0,5.4,956.5,open-meteo/previous-runs (best_match + GFS/ICON/ECMWF),power_model_v1@2026-01-31,0.9541,0.0009
2026-02-05,2026-02-05T18:00:00+00:00,2026-02-06T11:00:00+00:00,2026-02-06T16:00:00+05:00,17,1,t1,0.9619,0.9628,0.9914,13.73,257.0,9.0,17.2,4.5,957.5,open-meteo/previous-runs (best_match + GFS/ICON/ECMWF),power_model_v1@2026-01-31,0.9664,-0.0036
2026-02-05,2026-02-05T18:00:00+00:00,2026-02-06T12:00:00+00:00,2026-02-06T17:00:00+05:00,18,1,t1,0.9648,0.9694,0.991,14.87,255.0,9.55,16.8,4.1,957.9,open-meteo/previous-runs (best_match + GFS/ICON/ECMWF),power_model_v1@2026-01-31,0.9435,0.0259
2026-02-05,2026-02-05T18:00:00+00:00,2026-02-06T13:00:00+00:00,2026-02-06T18:00:00+05:00,19,1,t1,0.9599,0.9609,0.9914,16.0,256.0,10.48,17.2,2.7,959.9,open-meteo/previous-runs (best_match + GFS/ICON/ECMWF),power_model_v1@2026-01-31,0.9587,0.0022
2026-02-05,2026-02-05T18:00:00+00:00,2026-02-06T14:00:00+00:00,2026-02-06T19:00:00+05:00,20,1,t1,0.9895,0.9987,0.9996,14.47,257.0,9.36,17.2,1.3,961.4,open-meteo/previous-runs (best_match + GFS/ICON/ECMWF),power_model_v1@2026-01-31,0.9677,0.031
2026-02-05,2026-02-05T18:00:00+00:00,2026-02-06T15:00:00+00:00,2026-02-06T20:00:00+05:00,21,1,t1,0.9797,0.9807,0.9911,14.15,252.0,9.06,16.7,1.2,962.3,open-meteo/previous-runs (best_match + GFS/ICON/ECMWF),power_model_v1@2026-01-31,1.0,-0.0193
2026-02-05,2026-02-05T18:00:00+00:00,2026-02-06T16:00:00+00:00,2026-02-06T21:00:00+05:00,22,1,t1,0.9512,0.9522,0.9916,13.49,252.0,8.67,15.2,1.0,963.1,open-meteo/previous-runs (best_match + GFS/ICON/ECMWF),power_model_v1@2026-01-31,1.0,-0.0478
2026-02-05,2026-02-05T18:00:00+00:00,2026-02-06T17:00:00+00:00,2026-02-06T22:00:00+05:00,23,1,t1,0.8298,0.8871,0.9946,11.46,254.0,7.37,12.8,0.8,963.9,open-meteo/previous-runs (best_match + GFS/ICON/ECMWF),power_model_v1@2026-01-31,0.9816,-0.0945
2026-02-05,2026-02-05T18:00:00+00:00,2026-02-06T18:00:00+00:00,2026-02-06T23:00:00+05:00,24,1,t1,0.4433,0.8717,0.9917,7.78,260.0,4.73,11.5,0.4,964.1,open-meteo/previous-runs (best_match + GFS/ICON/ECMWF),power_model_v1@2026-01-31,0.9842,-0.1125
2026-02-06,2026-02-06T18:00:00+00:00,2026-02-06T19:00:00+00:00,2026-02-07T00:00:00+05:00,1,1,t1,0.2844,0.7117,0.971,6.3,248.0,3.79,11.5,0.1,964.1,open-meteo/previous-runs (best_match + GFS/ICON/ECMWF),power_model_v1@2026-01-31,0.9503,-0.2386
2026-02-06,2026-02-06T18:00:00+00:00,2026-02-06T20:00:00+00:00,2026-02-07T01:00:00+05:00,2,1,t1,0.2164,0.6253,0.9339,5.77,243.0,3.54,10.0,-0.1,963.7,open-meteo/previous-runs (best_match + GFS/ICON/ECMWF),power_model_v1@2026-01-31,0.8779,-0.2526
2026-02-06,2026-02-06T18:00:00+00:00,2026-02-06T21:00:00+00:00,2026-02-07T02:00:00+05:00,3,1,t1,0.1354,0.5517,0.8895,6.22,241.0,3.72,8.3,-0.1,963.7,open-meteo/previous-runs (best_match + GFS/ICON/ECMWF),power_model_v1@2026-01-31,0.7513,-0.1996
2026-02-06,2026-02-06T18:00:00+00:00,2026-02-06T22:00:00+00:00,2026-02-07T03:00:00+05:00,4,1,t1,0.0945,0.3839,0.7525,6.06,245.0,3.51,7.7,-0.3,963.5,open-meteo/previous-runs (best_match + GFS/ICON/ECMWF),power_model_v1@2026-01-31,0.6382,-0.2543
2026-02-06,2026-02-06T18:00:00+00:00,2026-02-06T23:00:00+00:00,2026-02-07T04:00:00+05:00,5,1,t1,0.0,0.2693,0.6741,5.87,247.0,3.34,7.2,-0.5,963.6,open-meteo/previous-runs (best_match + GFS/ICON/ECMWF),power_model_v1@2026-01-31,0.4549,-0.1856
2026-02-06,2026-02-06T18:00:00+00:00,2026-02-07T00:00:00+00:00,2026-02-07T05:00:00+05:00,6,1,t1,0.0024,0.1667,0.4566,3.93,239.0,1.64,5.8,-0.8,963.5,open-meteo/previous-runs (best_match + GFS/ICON/ECMWF),power_model_v1@2026-01-31,0.3565,-0.1898
2026-02-06,2026-02-06T18:00:00+00:00,2026-02-07T01:00:00+00:00,2026-02-07T06:00:00+05:00,7,1,t1,0.008,0.0521,0.1778,2.55,228.0,0.91,5.1,-1.9,963.0,open-meteo/previous-runs (best_match + GFS/ICON/ECMWF),power_model_v1@2026-01-31,0.1543,-0.1022
2026-02-06,2026-02-06T18:00:00+00:00,2026-02-07T02:00:00+00:00,2026-02-07T07:00:00+05:00,8,1,t1,0.009,0.0231,0.0455,0.91,276.0,0.07,4.2,-2.2,962.7,open-meteo/previous-runs (best_match + GFS/ICON/ECMWF),power_model_v1@2026-01-31,0.0519,-0.0288
2026-02-06,2026-02-06T18:00:00+00:00,2026-02-07T03:00:00+00:00,2026-02-07T08:00:00+05:00,9,1,t1,0.009,0.0123,0.0133,0.59,340.0,0.3,2.9,-1.1,963.1,open-meteo/previous-runs (best_match + GFS/ICON/ECMWF),power_model_v1@2026-01-31,0.0255,-0.0132
2026-02-06,2026-02-06T18:00:00+00:00,2026-02-07T04:00:00+00:00,2026-02-07T09:00:00+05:00,10,1,t1,0.009,0.0147,0.1199,1.34,45.0,1.31,3.1,0.5,962.9,open-meteo/previous-runs (best_match + GFS/ICON/ECMWF),power_model_v1@2026-01-31,0.0293,-0.0146
2026-02-06,2026-02-06T18:00:00+00:00,2026-02-07T05:00:00+00:00,2026-02-07T10:00:00+05:00,11,1,t1,0.0051,0.1109,0.4632,3.24,52.0,2.73,6.6,1.6,962.5,open-meteo/previous-runs (best_match + GFS/ICON/ECMWF),power_model_v1@2026-01-31,0.0484,0.0625
2026-02-06,2026-02-06T18:00:00+00:00,2026-02-07T06:00:00+00:00,2026-02-07T11:00:00+05:00,12,1,t1,0.0,0.2763,0.7469,5.59,56.0,4.39,7.2,2.4,961.6,open-meteo/previous-runs (best_match + GFS/ICON/ECMWF),power_model_v1@2026-01-31,0.1253,0.151
2026-02-06,2026-02-06T18:00:00+00:00,2026-02-07T07:00:00+00:00,2026-02-07T12:00:00+05:00,13,1,t1,0.0,0.4266,0.7879,6.16,56.0,4.84,7.8,3.8,960.6,open-meteo/previous-runs (best_match + GFS/ICON/ECMWF),power_model_v1@2026-01-31,0.1761,0.2505
2026-02-06,2026-02-06T18:00:00+00:00,2026-02-07T08:00:00+00:00,2026-02-07T13:00:00+05:00,14,1,t1,0.0,0.4131,0.7517,6.09,48.0,4.81,8.1,3.3,959.5,open-meteo/previous-runs (best_match + GFS/ICON/ECMWF),power_model_v1@2026-01-31,0.2455,0.1676
2026-02-06,2026-02-06T18:00:00+00:00,2026-02-07T09:00:00+00:00,2026-02-07T14:00:00+05:00,15,1,t1,0.0,0.236,0.5603,5.2,47.0,4.11,7.5,2.7,959.1,open-meteo/previous-runs (best_match + GFS/ICON/ECMWF),power_model_v1@2026-01-31,0.2748,-0.0388
2026-02-06,2026-02-06T18:00:00+00:00,2026-02-07T10:00:00+00:00,2026-02-07T15:00:00+05:00,16,1,t1,0.0036,0.1424,0.3402,3.68,44.0,2.92,6.1,2.1,959.1,open-meteo/previous-runs (best_match + GFS/ICON/ECMWF),power_model_v1@2026-01-31,0.1527,-0.0103
2026-02-06,2026-02-06T18:00:00+00:00,2026-02-07T11:00:00+00:00,2026-02-07T16:00:00+05:00,17,1,t1,0.0078,0.0566,0.1507,2.33,45.0,1.81,4.2,1.3,959.1,open-meteo/previous-runs (best_match + GFS/ICON/ECMWF),power_model_v1@2026-01-31,0.1075,-0.0509
2026-02-06,2026-02-06T18:00:00+00:00,2026-02-07T12:00:00+00:00,2026-02-07T17:00:00+05:00,18,1,t1,0.0064,0.0841,0.179,0.61,99.0,0.07,6.8,0.1,958.3,open-meteo/previous-runs (best_match + GFS/ICON/ECMWF),power_model_v1@2026-01-31,0.0447,0.0394
2026-02-06,2026-02-06T18:00:00+00:00,2026-02-07T13:00:00+00:00,2026-02-07T18:00:00+05:00,19,1,t1,0.0038,0.1383,0.4165,5.11,250.0,2.78,8.9,0.1,958.9,open-meteo/previous-runs (best_match + GFS/ICON/ECMWF),power_model_v1@2026-01-31,0.1228,0.0155
2026-02-06,2026-02-06T18:00:00+00:00,2026-02-07T14:00:00+00:00,2026-02-07T19:00:00+05:00,20,1,t1,0.1453,0.3318,0.796,7.59,246.0,4.57,10.7,0.0,959.4,open-meteo/previous-runs (best_match + GFS/ICON/ECMWF),power_model_v1@2026-01-31,0.2893,0.0425
2026-02-06,2026-02-06T18:00:00+00:00,2026-02-07T15:00:00+00:00,2026-02-07T20:00:00+05:00,21,1,t1,0.2205,0.4826,0.9366,8.94,247.0,5.55,10.8,-0.3,959.7,open-meteo/previous-runs (best_match + GFS/ICON/ECMWF),power_model_v1@2026-01-31,0.4275,0.0551
2026-02-06,2026-02-06T18:00:00+00:00,2026-02-07T16:00:00+00:00,2026-02-07T21:00:00+05:00,22,1,t1,0.3458,0.7152,0.9802,10.17,251.0,6.46,10.8,-0.5,960.1,open-meteo/previous-runs (best_match + GFS/ICON/ECMWF),power_model_v1@2026-01-31,0.5877,0.1275
2026-02-06,2026-02-06T18:00:00+00:00,2026-02-07T17:00:00+00:00,2026-02-07T22:00:00+05:00,23,1,t1,0.548,0.8764,0.9848,10.57,256.0,6.83,11.4,-0.7,960.5,open-meteo/previous-runs (best_match + GFS/ICON/ECMWF),power_model_v1@2026-01-31,0.6073,0.2691
2026-02-06,2026-02-06T18:00:00+00:00,2026-02-07T18:00:00+00:00,2026-02-07T23:00:00+05:00,24,1,t1,0.8539,0.9761,0.993,11.06,255.0,7.12,12.5,-1.3,961.1,open-meteo/previous-runs (best_match + GFS/ICON/ECMWF),power_model_v1@2026-01-31,0.7082,0.2679
2026-02-07,2026-02-07T18:00:00+00:00,2026-02-07T19:00:00+00:00,2026-02-08T00:00:00+05:00,1,1,t1,0.8469,0.9648,0.9932,11.59,254.0,7.08,12.2,-1.6,961.5,open-meteo/previous-runs (best_match + GFS/ICON/ECMWF),power_model_v1@2026-01-31,0.7574,0.2074
2026-02-07,2026-02-07T18:00:00+00:00,2026-02-07T20:00:00+00:00,2026-02-08T01:00:00+05:00,2,1,t1,0.8328,0.9598,0.9928,11.43,251.0,7.07,11.7,-1.8,961.9,open-meteo/previous-runs (best_match + GFS/ICON/ECMWF),power_model_v1@2026-01-31,0.7884,0.1714
2026-02-07,2026-02-07T18:00:00+00:00,2026-02-07T21:00:00+00:00,2026-02-08T02:00:00+05:00,3,1,t1,0.669,0.8961,0.9943,10.59,251.0,6.55,10.8,-1.8,962.4,open-meteo/previous-runs (best_match + GFS/ICON/ECMWF),power_model_v1@2026-01-31,0.8079,0.0882
2026-02-07,2026-02-07T18:00:00+00:00,2026-02-07T22:00:00+00:00,2026-02-08T03:00:00+05:00,4,1,t1,0.5146,0.8671,0.9881,9.55,245.0,5.67,10.1,-2.0,962.6,open-meteo/previous-runs (best_match + GFS/ICON/ECMWF),power_model_v1@2026-01-31,0.8302,0.0369
2026-02-07,2026-02-07T18:00:00+00:00,2026-02-07T23:00:00+00:00,2026-02-08T04:00:00+05:00,5,1,t1,0.3507,0.7501,0.9909,8.39,236.0,4.95,9.8,-1.8,962.5,open-meteo/previous-runs (best_match + GFS/ICON/ECMWF),power_model_v1@2026-01-31,0.7419,0.0082
2026-02-07,2026-02-07T18:00:00+00:00,2026-02-08T00:00:00+00:00,2026-02-08T05:00:00+05:00,6,1,t1,0.2674,0.6511,0.9743,7.97,228.0,4.62,9.3,-1.3,963.1,open-meteo/previous-runs (best_match + GFS/ICON/ECMWF),power_model_v1@2026-01-31,0.6573,-0.0062
2026-02-07,2026-02-07T18:00:00+00:00,2026-02-08T01:00:00+00:00,2026-02-08T06:00:00+05:00,7,1,t1,0.1905,0.6419,0.9254,7.62,234.0,4.39,8.0,-1.0,963.2,open-meteo/previous-runs (best_match + GFS/ICON/ECMWF),power_model_v1@2026-01-31,0.6059,0.036
2026-02-07,2026-02-07T18:00:00+00:00,2026-02-08T02:00:00+00:00,2026-02-08T07:00:00+05:00,8,1,t1,0.1003,0.4365,0.7974,6.74,233.0,3.58,6.8,-1.1,963.2,open-meteo/previous-runs (best_match + GFS/ICON/ECMWF),power_model_v1@2026-01-31,0.4351,0.0014
2026-02-07,2026-02-07T18:00:00+00:00,2026-02-08T03:00:00+00:00,2026-02-08T08:00:00+05:00,9,1,t1,0.0,0.3135,0.6913,5.02,223.0,2.27,5.8,-0.4,963.7,open-meteo/previous-runs (best_match + GFS/ICON/ECMWF),power_model_v1@2026-01-31,0.318,-0.0045
2026-02-07,2026-02-07T18:00:00+00:00,2026-02-08T04:00:00+00:00,2026-02-08T09:00:00+05:00,10,1,t1,0.0003,0.2115,0.4026,3.43,217.0,1.61,4.8,0.9,963.5,open-meteo/previous-runs (best_match + GFS/ICON/ECMWF),power_model_v1@2026-01-31,0.2352,-0.0237
2026-02-07,2026-02-07T18:00:00+00:00,2026-02-08T05:00:00+00:00,2026-02-08T10:00:00+05:00,11,1,t1,0.0042,0.131,0.2368,2.58,238.0,1.3,5.0,1.8,963.1,open-meteo/previous-runs (best_match + GFS/ICON/ECMWF),power_model_v1@2026-01-31,0.155,-0.024
2026-02-07,2026-02-07T18:00:00+00:00,2026-02-08T06:00:00+00:00,2026-02-08T11:00:00+05:00,12,1,t1,0.0079,0.0543,0.0982,2.17,247.0,1.11,3.7,2.3,962.9,open-meteo/previous-runs (best_match + GFS/ICON/ECMWF),power_model_v1@2026-01-31,0.0461,0.0082
2026-02-07,2026-02-07T18:00:00+00:00,2026-02-08T07:00:00+00:00,2026-02-08T12:00:00+05:00,13,1,t1,0.009,0.0292,0.0368,1.15,252.0,0.5,2.5,3.0,962.1,open-meteo/previous-runs (best_match + GFS/ICON/ECMWF),power_model_v1@2026-01-31,0.0455,-0.0163
2026-02-07,2026-02-07T18:00:00+00:00,2026-02-08T08:00:00+00:00,2026-02-08T13:00:00+05:00,14,1,t1,0.0073,0.0661,0.0671,0.71,45.0,0.25,4.0,3.5,960.9,open-meteo/previous-runs (best_match + GFS/ICON/ECMWF),power_model_v1@2026-01-31,0.0434,0.0227
2026-02-07,2026-02-07T18:00:00+00:00,2026-02-08T09:00:00+00:00,2026-02-08T14:00:00+05:00,15,1,t1,0.0057,0.0989,0.4103,2.93,65.0,1.5,6.8,2.9,959.9,open-meteo/previous-runs (best_match + GFS/ICON/ECMWF),power_model_v1@2026-01-31,0.1743,-0.0754
2026-02-07,2026-02-07T18:00:00+00:00,2026-02-08T10:00:00+00:00,2026-02-08T15:00:00+05:00,16,1,t1,0.159,0.4522,0.9222,5.91,65.0,3.2,10.1,3.7,959.7,open-meteo/previous-runs (best_match + GFS/ICON/ECMWF),power_model_v1@2026-01-31,0.4369,0.0153
2026-02-07,2026-02-07T18:00:00+00:00,2026-02-08T11:00:00+00:00,2026-02-08T16:00:00+05:00,17,1,t1,0.5166,0.8496,1.0,8.55,66.0,4.54,12.8,2.0,959.0,open-meteo/previous-runs (best_match + GFS/ICON/ECMWF),power_model_v1@2026-01-31,0.871,-0.0214
2026-02-07,2026-02-07T18:00:00+00:00,2026-02-08T12:00:00+00:00,2026-02-08T17:00:00+05:00,18,1,t1,0.9727,0.9812,0.9918,10.71,73.0,6.28,14.6,0.7,957.9,open-meteo/previous-runs (best_match + GFS/ICON/ECMWF),power_model_v1@2026-01-31,0.9869,-0.0057
2026-02-07,2026-02-07T18:00:00+00:00,2026-02-08T13:00:00+00:00,2026-02-08T18:00:00+05:00,19,1,t1,0.9977,0.9986,0.9996,10.86,79.0,6.42,15.9,-0.8,957.5,open-meteo/previous-runs (best_match + GFS/ICON/ECMWF),power_model_v1@2026-01-31,0.994,0.0046
2026-02-07,2026-02-07T18:00:00+00:00,2026-02-08T14:00:00+00:00,2026-02-08T19:00:00+05:00,20,1,t1,0.9516,0.9526,0.9922,11.45,78.0,6.82,17.1,-1.6,957.3,open-meteo/previous-runs (best_match + GFS/ICON/ECMWF),power_model_v1@2026-01-31,0.9982,-0.0456
2026-02-07,2026-02-07T18:00:00+00:00,2026-02-08T15:00:00+00:00,2026-02-08T20:00:00+05:00,21,1,t1,0.9509,0.9519,0.9922,11.79,80.0,7.39,17.7,-1.2,957.2,open-meteo/previous-runs (best_match + GFS/ICON/ECMWF),power_model_v1@2026-01-31,0.9957,-0.0438
2026-02-07,2026-02-07T18:00:00+00:00,2026-02-08T16:00:00+00:00,2026-02-08T21:00:00+05:00,22,1,t1,0.9842,0.9852,0.991,11.99,81.0,7.58,18.3,-1.2,956.5,open-meteo/previous-runs (best_match + GFS/ICON/ECMWF),power_model_v1@2026-01-31,0.9893,-0.0041
2026-02-07,2026-02-07T18:00:00+00:00,2026-02-08T17:00:00+00:00,2026-02-08T22:00:00+05:00,23,1,t1,0.9794,0.9803,0.991,12.4,85.0,7.84,18.4,-1.3,955.6,open-meteo/previous-runs (best_match + GFS/ICON/ECMWF),power_model_v1@2026-01-31,0.975,0.0053
2026-02-07,2026-02-07T18:00:00+00:00,2026-02-08T18:00:00+00:00,2026-02-08T23:00:00+05:00,24,1,t1,0.9758,0.9768,0.991,12.27,86.0,7.67,18.0,-1.4,954.1,open-meteo/previous-runs (best_match + GFS/ICON/ECMWF),power_model_v1@2026-01-31,0.9733,0.0035
2026-02-08,2026-02-08T18:00:00+00:00,2026-02-08T19:00:00+00:00,2026-02-09T00:00:00+05:00,1,1,t1,0.9783,0.9793,0.991,11.87,87.0,7.37,18.2,-1.3,953.2,open-meteo/previous-runs (best_match + GFS/ICON/ECMWF),power_model_v1@2026-01-31,0.9759,0.0034
2026-02-08,2026-02-08T18:00:00+00:00,2026-02-08T20:00:00+00:00,2026-02-09T01:00:00+05:00,2,1,t1,0.9675,0.9873,0.991,12.09,85.0,7.41,18.2,-1.3,951.8,open-meteo/previous-runs (best_match + GFS/ICON/ECMWF),power_model_v1@2026-01-31,0.9764,0.0109
2026-02-08,2026-02-08T18:00:00+00:00,2026-02-08T21:00:00+00:00,2026-02-09T02:00:00+05:00,3,1,t1,0.9403,0.9561,0.9916,11.92,87.0,7.17,18.1,-1.5,950.4,open-meteo/previous-runs (best_match + GFS/ICON/ECMWF),power_model_v1@2026-01-31,0.9844,-0.0283
2026-02-08,2026-02-08T18:00:00+00:00,2026-02-08T22:00:00+00:00,2026-02-09T03:00:00+05:00,4,1,t1,0.9235,0.9709,0.991,12.22,87.0,7.28,18.2,-1.4,948.7,open-meteo/previous-runs (best_match + GFS/ICON/ECMWF),power_model_v1@2026-01-31,0.9582,0.0127
2026-02-08,2026-02-08T18:00:00+00:00,2026-02-08T23:00:00+00:00,2026-02-09T04:00:00+05:00,5,1,t1,0.9374,0.9417,0.9923,11.63,86.0,6.82,17.9,-1.5,947.1,open-meteo/previous-runs (best_match + GFS/ICON/ECMWF),power_model_v1@2026-01-31,0.9112,0.0305
2026-02-08,2026-02-08T18:00:00+00:00,2026-02-09T00:00:00+00:00,2026-02-09T05:00:00+05:00,6,1,t1,0.8914,0.8924,0.9947,10.62,76.0,6.04,18.0,-2.5,946.0,open-meteo/previous-runs (best_match + GFS/ICON/ECMWF),power_model_v1@2026-01-31,0.907,-0.0146
2026-02-08,2026-02-08T18:00:00+00:00,2026-02-09T01:00:00+00:00,2026-02-09T06:00:00+05:00,7,1,t1,0.8738,0.8748,0.9956,9.93,72.0,5.67,17.1,-3.2,945.7,open-meteo/previous-runs (best_match + GFS/ICON/ECMWF),power_model_v1@2026-01-31,0.9106,-0.0358
2026-02-08,2026-02-08T18:00:00+00:00,2026-02-09T02:00:00+00:00,2026-02-09T07:00:00+05:00,8,1,t1,0.8609,0.8618,0.9973,9.86,73.0,5.64,15.9,-3.6,945.1,open-meteo/previous-runs (best_match + GFS/ICON/ECMWF),power_model_v1@2026-01-31,0.8663,-0.0045
2026-02-08,2026-02-08T18:00:00+00:00,2026-02-09T03:00:00+00:00,2026-02-09T08:00:00+05:00,9,1,t1,0.8059,0.9023,0.9953,9.63,71.0,5.71,15.1,-2.7,944.9,open-meteo/previous-runs (best_match + GFS/ICON/ECMWF),power_model_v1@2026-01-31,0.9125,-0.0102
2026-02-08,2026-02-08T18:00:00+00:00,2026-02-09T04:00:00+00:00,2026-02-09T09:00:00+05:00,10,1,t1,0.8054,0.9326,0.9941,9.28,67.0,5.46,14.0,-0.1,944.5,open-meteo/previous-runs (best_match + GFS/ICON/ECMWF),power_model_v1@2026-01-31,0.9447,-0.0121
2026-02-08,2026-02-08T18:00:00+00:00,2026-02-09T05:00:00+00:00,2026-02-09T10:00:00+05:00,11,1,t1,0.7537,0.9176,0.9939,9.57,65.0,5.93,14.7,2.8,943.9,open-meteo/previous-runs (best_match + GFS/ICON/ECMWF),power_model_v1@2026-01-31,0.9304,-0.0128
2026-02-08,2026-02-08T18:00:00+00:00,2026-02-09T06:00:00+00:00,2026-02-09T11:00:00+05:00,12,1,t1,0.9047,0.9514,0.9927,9.91,63.0,6.93,15.5,4.6,943.4,open-meteo/previous-runs (best_match + GFS/ICON/ECMWF),power_model_v1@2026-01-31,0.9324,0.019
2026-02-08,2026-02-08T18:00:00+00:00,2026-02-09T07:00:00+00:00,2026-02-09T12:00:00+05:00,13,1,t1,0.911,0.9913,0.9923,10.11,64.0,7.25,16.3,6.6,942.4,open-meteo/previous-runs (best_match + GFS/ICON/ECMWF),power_model_v1@2026-01-31,0.9736,0.0177
2026-02-08,2026-02-08T18:00:00+00:00,2026-02-09T08:00:00+00:00,2026-02-09T13:00:00+05:00,14,1,t1,0.653,1.0,1.0,9.6,66.0,6.69,16.4,6.6,940.9,open-meteo/previous-runs (best_match + GFS/ICON/ECMWF),power_model_v1@2026-01-31,1.0,0.0
2026-02-08,2026-02-08T18:00:00+00:00,2026-02-09T09:00:00+00:00,2026-02-09T14:00:00+05:00,15,1,t1,0.7307,0.9425,0.993,9.99,71.0,5.93,16.1,7.4,940.4,open-meteo/previous-runs (best_match + GFS/ICON/ECMWF),power_model_v1@2026-01-31,0.9502,-0.0077
2026-02-08,2026-02-08T18:00:00+00:00,2026-02-09T10:00:00+00:00,2026-02-09T15:00:00+05:00,16,1,t1,0.5907,0.9439,0.9914,9.19,73.0,6.04,15.1,7.0,939.6,open-meteo/previous-runs (best_match + GFS/ICON/ECMWF),power_model_v1@2026-01-31,0.979,-0.0351
2026-02-08,2026-02-08T18:00:00+00:00,2026-02-09T11:00:00+00:00,2026-02-09T16:00:00+05:00,17,1,t1,0.5872,0.9312,0.9899,9.33,74.0,5.38,13.3,5.7,939.1,open-meteo/previous-runs (best_match + GFS/ICON/ECMWF),power_model_v1@2026-01-31,0.9475,-0.0163
2026-02-08,2026-02-08T18:00:00+00:00,2026-02-09T12:00:00+00:00,2026-02-09T17:00:00+05:00,18,1,t1,0.3865,0.8343,1.0,7.94,70.0,3.71,10.9,2.4,938.2,open-meteo/previous-runs (best_match + GFS/ICON/ECMWF),power_model_v1@2026-01-31,0.9663,-0.132
2026-02-08,2026-02-08T18:00:00+00:00,2026-02-09T13:00:00+00:00,2026-02-09T18:00:00+05:00,19,1,t1,0.2734,0.8175,1.0,6.78,66.0,2.81,8.8,-0.3,938.0,open-meteo/previous-runs (best_match + GFS/ICON/ECMWF),power_model_v1@2026-01-31,0.8078,0.0097
2026-02-08,2026-02-08T18:00:00+00:00,2026-02-09T14:00:00+00:00,2026-02-09T19:00:00+05:00,20,1,t1,0.1258,0.7795,0.9887,5.37,56.0,1.8,6.4,-1.5,938.6,open-meteo/previous-runs (best_match + GFS/ICON/ECMWF),power_model_v1@2026-01-31,0.7184,0.0611
2026-02-08,2026-02-08T18:00:00+00:00,2026-02-09T15:00:00+00:00,2026-02-09T20:00:00+05:00,21,1,t1,0.0,0.6375,0.886,3.8,65.0,1.37,4.3,-1.6,939.1,open-meteo/previous-runs (best_match + GFS/ICON/ECMWF),power_model_v1@2026-01-31,0.7188,-0.0813
2026-02-08,2026-02-08T18:00:00+00:00,2026-02-09T16:00:00+00:00,2026-02-09T21:00:00+05:00,22,1,t1,0.0,0.6539,0.6945,2.43,76.0,0.99,2.8,-1.3,939.1,open-meteo/previous-runs (best_match + GFS/ICON/ECMWF),power_model_v1@2026-01-31,0.6722,-0.0183
2026-02-08,2026-02-08T18:00:00+00:00,2026-02-09T17:00:00+00:00,2026-02-09T22:00:00+05:00,23,1,t1,0.0,0.4122,0.6098,1.85,87.0,0.85,2.9,-1.0,939.3,open-meteo/previous-runs (best_match + GFS/ICON/ECMWF),power_model_v1@2026-01-31,0.4499,-0.0377
2026-02-08,2026-02-08T18:00:00+00:00,2026-02-09T18:00:00+00:00,2026-02-09T23:00:00+05:00,24,1,t1,0.0,0.3568,0.5624,2.19,79.0,0.96,3.5,-0.5,939.2,open-meteo/previous-runs (best_match + GFS/ICON/ECMWF),power_model_v1@2026-01-31,0.3122,0.0446
2026-02-09,2026-02-09T18:00:00+00:00,2026-02-09T19:00:00+00:00,2026-02-10T00:00:00+05:00,1,1,t1,0.0,0.3019,0.4433,3.07,83.0,1.33,3.0,-0.8,939.3,open-meteo/previous-runs (best_match + GFS/ICON/ECMWF),power_model_v1@2026-01-31,0.3105,-0.0086
2026-02-09,2026-02-09T18:00:00+00:00,2026-02-09T20:00:00+00:00,2026-02-10T01:00:00+05:00,2,1,t1,0.0,0.2476,0.3776,2.41,96.0,1.2,3.0,-0.3,940.0,open-meteo/previous-runs (best_match + GFS/ICON/ECMWF),power_model_v1@2026-01-31,0.4084,-0.1608
2026-02-09,2026-02-09T18:00:00+00:00,2026-02-09T21:00:00+00:00,2026-02-10T02:00:00+05:00,3,1,t1,0.0,0.2165,0.4084,2.2,131.0,1.47,3.0,0.4,940.3,open-meteo/previous-runs (best_match + GFS/ICON/ECMWF),power_model_v1@2026-01-31,0.3815,-0.165
2026-02-09,2026-02-09T18:00:00+00:00,2026-02-09T22:00:00+00:00,2026-02-10T03:00:00+05:00,4,1,t1,0.0,0.2198,0.4658,2.17,218.0,1.26,3.3,0.6,940.7,open-meteo/previous-runs (best_match + GFS/ICON/ECMWF),power_model_v1@2026-01-31,0.3742,-0.1544
2026-02-09,2026-02-09T18:00:00+00:00,2026-02-09T23:00:00+00:00,2026-02-10T04:00:00+05:00,5,1,t1,0.0,0.2268,0.53,3.04,226.0,1.59,3.3,1.5,941.0,open-meteo/previous-runs (best_match + GFS/ICON/ECMWF),power_model_v1@2026-01-31,0.3326,-0.1058
2026-02-09,2026-02-09T18:00:00+00:00,2026-02-10T00:00:00+00:00,2026-02-10T05:00:00+05:00,6,1,t1,0.0,0.2592,0.606,1.28,121.0,0.45,5.3,2.6,941.3,open-meteo/previous-runs (best_match + GFS/ICON/ECMWF),power_model_v1@2026-01-31,0.3753,-0.1161
2026-02-09,2026-02-09T18:00:00+00:00,2026-02-10T01:00:00+00:00,2026-02-10T06:00:00+05:00,7,1,t1,0.0052,0.1102,0.415,3.69,234.0,1.73,4.6,1.6,942.3,open-meteo/previous-runs (best_match + GFS/ICON/ECMWF),power_model_v1@2026-01-31,0.4598,-0.3496
2026-02-09,2026-02-09T18:00:00+00:00,2026-02-10T02:00:00+00:00,2026-02-10T07:00:00+05:00,8,1,t1,0.0911,0.4288,0.9151,4.52,244.0,2.09,11.1,0.7,943.3,open-meteo/previous-runs (best_match + GFS/ICON/ECMWF),power_model_v1@2026-01-31,0.3077,0.1211
2026-02-09,2026-02-09T18:00:00+00:00,2026-02-10T03:00:00+00:00,2026-02-10T08:00:00+05:00,9,1,t1,0.0772,0.3536,0.8528,5.61,243.0,2.45,10.6,3.0,945.1,open-meteo/previous-runs (best_match + GFS/ICON/ECMWF),power_model_v1@2026-01-31,0.2376,0.116
2026-02-09,2026-02-09T18:00:00+00:00,2026-02-10T04:00:00+00:00,2026-02-10T09:00:00+05:00,10,1,t1,0.0651,0.3933,0.8851,4.64,259.0,2.5,8.5,5.6,947.3,open-meteo/previous-runs (best_match + GFS/ICON/ECMWF),power_model_v1@2026-01-31,0.2323,0.161
2026-02-09,2026-02-09T18:00:00+00:00,2026-02-10T05:00:00+00:00,2026-02-10T10:00:00+05:00,11,1,t1,0.0688,0.4543,0.8816,5.33,246.0,3.76,10.2,6.0,948.6,open-meteo/previous-runs (best_match + GFS/ICON/ECMWF),power_model_v1@2026-01-31,0.2059,0.2484
2026-02-09,2026-02-09T18:00:00+00:00,2026-02-10T06:00:00+00:00,2026-02-10T11:00:00+05:00,12,1,t1,0.0,0.3195,0.7405,3.28,249.0,2.51,7.9,6.0,949.9,open-meteo/previous-runs (best_match + GFS/ICON/ECMWF),power_model_v1@2026-01-31,0.2192,0.1003
2026-02-09,2026-02-09T18:00:00+00:00,2026-02-10T07:00:00+00:00,2026-02-10T12:00:00+05:00,13,1,t1,0.0,0.3414,0.7205,3.37,229.0,2.55,8.6,7.7,950.2,open-meteo/previous-runs (best_match + GFS/ICON/ECMWF),power_model_v1@2026-01-31,0.308,0.0334
2026-02-09,2026-02-09T18:00:00+00:00,2026-02-10T08:00:00+00:00,2026-02-10T13:00:00+05:00,14,1,t1,0.0,0.3189,0.5408,4.99,249.0,3.53,9.9,9.3,949.5,open-meteo/previous-runs (best_match + GFS/ICON/ECMWF),power_model_v1@2026-01-31,0.2906,0.0283
2026-02-09,2026-02-09T18:00:00+00:00,2026-02-10T09:00:00+00:00,2026-02-10T14:00:00+05:00,15,1,t1,0.0,0.2169,0.4958,5.99,257.0,3.91,9.8,10.2,949.6,open-meteo/previous-runs (best_match + GFS/ICON/ECMWF),power_model_v1@2026-01-31,0.4464,-0.2295
2026-02-09,2026-02-09T18:00:00+00:00,2026-02-10T10:00:00+00:00,2026-02-10T15:00:00+05:00,16,1,t1,0.0023,0.1704,0.5363,5.83,248.0,4.03,9.0,10.9,950.0,open-meteo/previous-runs (best_match + GFS/ICON/ECMWF),power_model_v1@2026-01-31,0.3783,-0.2079
2026-02-09,2026-02-09T18:00:00+00:00,2026-02-10T11:00:00+00:00,2026-02-10T16:00:00+05:00,17,1,t1,0.0,0.2707,0.5825,5.91,214.0,3.12,6.8,7.9,949.5,open-meteo/previous-runs (best_match + GFS/ICON/ECMWF),power_model_v1@2026-01-31,0.378,-0.1073
2026-02-09,2026-02-09T18:00:00+00:00,2026-02-10T12:00:00+00:00,2026-02-10T17:00:00+05:00,18,1,t1,0.0009,0.1976,0.4302,5.48,190.0,3.44,5.3,4.6,947.6,open-meteo/previous-runs (best_match + GFS/ICON/ECMWF),power_model_v1@2026-01-31,0.3072,-0.1096
2026-02-09,2026-02-09T18:00:00+00:00,2026-02-10T13:00:00+00:00,2026-02-10T18:00:00+05:00,19,1,t1,0.0015,0.1866,0.3384,3.93,168.0,3.16,3.3,1.9,946.7,open-meteo/previous-runs (best_match + GFS/ICON/ECMWF),power_model_v1@2026-01-31,0.2449,-0.0583
2026-02-09,2026-02-09T18:00:00+00:00,2026-02-10T14:00:00+00:00,2026-02-10T19:00:00+05:00,20,1,t1,0.0,0.3529,0.4824,4.08,109.0,2.9,2.9,1.1,946.2,open-meteo/previous-runs (best_match + GFS/ICON/ECMWF),power_model_v1@2026-01-31,0.4963,-0.1434
2026-02-09,2026-02-09T18:00:00+00:00,2026-02-10T15:00:00+00:00,2026-02-10T20:00:00+05:00,21,1,t1,0.0929,0.505,0.8362,7.16,73.0,3.5,3.3,1.8,947.1,open-meteo/previous-runs (best_match + GFS/ICON/ECMWF),power_model_v1@2026-01-31,0.4939,0.0111
2026-02-09,2026-02-09T18:00:00+00:00,2026-02-10T16:00:00+00:00,2026-02-10T21:00:00+05:00,22,1,t1,0.2683,0.6387,1.0,9.0,71.0,4.62,6.3,1.5,947.0,open-meteo/previous-runs (best_match + GFS/ICON/ECMWF),power_model_v1@2026-01-31,0.6245,0.0142
2026-02-09,2026-02-09T18:00:00+00:00,2026-02-10T17:00:00+00:00,2026-02-10T22:00:00+05:00,23,1,t1,0.7915,0.9585,0.9896,10.18,65.0,5.4,9.2,0.9,946.1,open-meteo/previous-runs (best_match + GFS/ICON/ECMWF),power_model_v1@2026-01-31,0.76,0.1985
2026-02-09,2026-02-09T18:00:00+00:00,2026-02-10T18:00:00+00:00,2026-02-10T23:00:00+05:00,24,1,t1,0.8855,0.9674,0.9904,11.34,65.0,6.33,10.6,0.9,945.8,open-meteo/previous-runs (best_match + GFS/ICON/ECMWF),power_model_v1@2026-01-31,0.9188,0.0486
2026-02-10,2026-02-10T18:00:00+00:00,2026-02-10T19:00:00+00:00,2026-02-11T00:00:00+05:00,1,1,t1,0.922,0.9697,0.9916,11.97,72.0,6.71,12.1,1.5,945.4,open-meteo/previous-runs (best_match + GFS/ICON/ECMWF),power_model_v1@2026-01-31,0.9594,0.0103
2026-02-10,2026-02-10T18:00:00+00:00,2026-02-10T20:00:00+00:00,2026-02-11T01:00:00+05:00,2,1,t1,0.7525,0.954,0.9924,10.69,72.0,6.0,12.9,0.8,945.2,open-meteo/previous-runs (best_match + GFS/ICON/ECMWF),power_model_v1@2026-01-31,0.9407,0.0133
2026-02-10,2026-02-10T18:00:00+00:00,2026-02-10T21:00:00+00:00,2026-02-11T02:00:00+05:00,3,1,t1,0.5049,0.8681,0.9955,8.57,72.0,4.43,12.4,0.0,945.9,open-meteo/previous-runs (best_match + GFS/ICON/ECMWF),power_model_v1@2026-01-31,0.89,-0.0219
2026-02-10,2026-02-10T18:00:00+00:00,2026-02-10T22:00:00+00:00,2026-02-11T03:00:00+05:00,4,1,t1,0.4043,0.8234,0.9974,7.12,74.0,3.52,12.3,-0.3,945.7,open-meteo/previous-runs (best_match + GFS/ICON/ECMWF),power_model_v1@2026-01-31,0.7601,0.0633
2026-02-10,2026-02-10T18:00:00+00:00,2026-02-10T23:00:00+00:00,2026-02-11T04:00:00+05:00,5,1,t1,0.3016,0.7423,0.984,4.85,68.0,2.06,12.4,0.1,946.5,open-meteo/previous-runs (best_match + GFS/ICON/ECMWF),power_model_v1@2026-01-31,0.7668,-0.0245
2026-02-10,2026-02-10T18:00:00+00:00,2026-02-11T00:00:00+00:00,2026-02-11T05:00:00+05:00,6,1,t1,0.131,0.478,0.8059,4.09,98.0,2.17,9.9,0.6,947.1,open-meteo/previous-runs (best_match + GFS/ICON/ECMWF),power_model_v1@2026-01-31,0.4163,0.0617
2026-02-10,2026-02-10T18:00:00+00:00,2026-02-11T01:00:00+00:00,2026-02-11T06:00:00+05:00,7,1,t1,0.0051,0.1124,0.3727,2.27,68.0,0.67,4.6,-0.5,947.7,open-meteo/previous-runs (best_match + GFS/ICON/ECMWF),power_model_v1@2026-01-31,0.216,-0.1036
2026-02-10,2026-02-10T18:00:00+00:00,2026-02-11T02:00:00+00:00,2026-02-11T07:00:00+05:00,8,1,t1,0.0074,0.0634,0.2555,2.44,118.0,1.46,4.7,-0.5,949.6,open-meteo/previous-runs (best_match + GFS/ICON/ECMWF),power_model_v1@2026-01-31,0.0776,-0.0142
2026-02-10,2026-02-10T18:00:00+00:00,2026-02-11T03:00:00+00:00,2026-02-11T08:00:00+05:00,9,1,t1,0.0046,0.1212,0.3844,4.85,202.0,3.51,3.5,1.5,949.6,open-meteo/previous-runs (best_match + GFS/ICON/ECMWF),power_model_v1@2026-01-31,0.101,0.0202
2026-02-10,2026-02-10T18:00:00+00:00,2026-02-11T04:00:00+00:00,2026-02-11T09:00:00+05:00,10,1,t1,0.0035,0.1455,0.4701,3.22,234.0,1.59,3.4,6.0,949.7,open-meteo/previous-runs (best_match + GFS/ICON/ECMWF),power_model_v1@2026-01-31,0.0884,0.0571
2026-02-10,2026-02-10T18:00:00+00:00,2026-02-11T05:00:00+00:00,2026-02-11T10:00:00+05:00,11,1,t1,0.0014,0.1888,0.5957,1.97,297.0,1.8,6.3,6.4,951.2,open-meteo/previous-runs (best_match + GFS/ICON/ECMWF),power_model_v1@2026-01-31,0.2755,-0.0867
2026-02-10,2026-02-10T18:00:00+00:00,2026-02-11T06:00:00+00:00,2026-02-11T11:00:00+05:00,12,1,t1,0.0557,0.3936,0.8623,3.0,118.0,2.28,10.3,7.6,949.8,open-meteo/previous-runs (best_match + GFS/ICON/ECMWF),power_model_v1@2026-01-31,0.4393,-0.0457
2026-02-10,2026-02-10T18:00:00+00:00,2026-02-11T07:00:00+00:00,2026-02-11T12:00:00+05:00,13,1,t1,0.0,0.3668,0.8764,2.82,27.0,2.4,11.5,9.3,949.4,open-meteo/previous-runs (best_match + GFS/ICON/ECMWF),power_model_v1@2026-01-31,0.4398,-0.073
2026-02-10,2026-02-10T18:00:00+00:00,2026-02-11T08:00:00+00:00,2026-02-11T13:00:00+05:00,14,1,t1,0.0,0.3744,0.8054,2.3,34.0,1.86,11.7,8.8,949.1,open-meteo/previous-runs (best_match + GFS/ICON/ECMWF),power_model_v1@2026-01-31,0.4645,-0.0901
2026-02-10,2026-02-10T18:00:00+00:00,2026-02-11T09:00:00+00:00,2026-02-11T14:00:00+05:00,15,1,t1,0.0,0.2851,0.74,6.87,265.0,5.27,8.8,9.7,950.7,open-meteo/previous-runs (best_match + GFS/ICON/ECMWF),power_model_v1@2026-01-31,0.3915,-0.1064
2026-02-10,2026-02-10T18:00:00+00:00,2026-02-11T10:00:00+00:00,2026-02-11T15:00:00+05:00,16,1,t1,0.0381,0.4289,0.8931,10.2,270.0,6.75,12.4,7.8,951.2,open-meteo/previous-runs (best_match + GFS/ICON/ECMWF),power_model_v1@2026-01-31,0.5129,-0.084
2026-02-10,2026-02-10T18:00:00+00:00,2026-02-11T11:00:00+00:00,2026-02-11T16:00:00+05:00,17,1,t1,0.1886,0.6222,1.0,12.33,252.0,8.11,17.1,5.6,952.8,open-meteo/previous-runs (best_match + GFS/ICON/ECMWF),power_model_v1@2026-01-31,0.7539,-0.1317
2026-02-10,2026-02-10T18:00:00+00:00,2026-02-11T12:00:00+00:00,2026-02-11T17:00:00+05:00,18,1,t1,0.3963,0.8513,0.9944,11.65,247.0,7.27,16.7,3.6,954.8,open-meteo/previous-runs (best_match + GFS/ICON/ECMWF),power_model_v1@2026-01-31,0.922,-0.0707
2026-02-10,2026-02-10T18:00:00+00:00,2026-02-11T13:00:00+00:00,2026-02-11T18:00:00+05:00,19,1,t1,0.6619,0.9479,0.9951,10.87,244.0,6.71,19.1,3.1,955.9,open-meteo/previous-runs (best_match + GFS/ICON/ECMWF),power_model_v1@2026-01-31,0.8949,0.053
2026-02-10,2026-02-10T18:00:00+00:00,2026-02-11T14:00:00+00:00,2026-02-11T19:00:00+05:00,20,1,t1,0.6647,0.956,0.9916,10.26,244.0,6.23,19.7,2.4,956.2,open-meteo/previous-runs (best_match + GFS/ICON/ECMWF),power_model_v1@2026-01-31,0.9639,-0.0079
2026-02-10,2026-02-10T18:00:00+00:00,2026-02-11T15:00:00+00:00,2026-02-11T20:00:00+05:00,21,1,t1,0.4881,0.9354,0.9967,9.28,242.0,5.53,19.3,1.6,956.4,open-meteo/previous-runs (best_match + GFS/ICON/ECMWF),power_model_v1@2026-01-31,0.9464,-0.011
2026-02-10,2026-02-10T18:00:00+00:00,2026-02-11T16:00:00+00:00,2026-02-11T21:00:00+05:00,22,1,t1,0.4721,0.9243,0.9999,9.02,239.0,5.36,17.2,1.2,956.6,open-meteo/previous-runs (best_match + GFS/ICON/ECMWF),power_model_v1@2026-01-31,0.9281,-0.0038
2026-02-10,2026-02-10T18:00:00+00:00,2026-02-11T17:00:00+00:00,2026-02-11T22:00:00+05:00,23,1,t1,0.4195,0.87,0.9997,9.42,238.0,5.71,14.7,1.2,957.2,open-meteo/previous-runs (best_match + GFS/ICON/ECMWF),power_model_v1@2026-01-31,0.9004,-0.0304
2026-02-10,2026-02-10T18:00:00+00:00,2026-02-11T18:00:00+00:00,2026-02-11T23:00:00+05:00,24,1,t1,0.2093,0.6843,0.9702,7.11,233.0,3.94,7.5,1.1,956.1,open-meteo/previous-runs (best_match + GFS/ICON/ECMWF),power_model_v1@2026-01-31,0.8302,-0.1459
2026-02-11,2026-02-11T18:00:00+00:00,2026-02-11T19:00:00+00:00,2026-02-12T00:00:00+05:00,1,1,t1,0.1578,0.6381,0.9699,6.78,230.0,3.49,6.0,0.9,955.9,open-meteo/previous-runs (best_match + GFS/ICON/ECMWF),power_model_v1@2026-01-31,0.7828,-0.1447
2026-02-11,2026-02-11T18:00:00+00:00,2026-02-11T20:00:00+00:00,2026-02-12T01:00:00+05:00,2,1,t1,0.1688,0.658,1.0,7.0,233.0,3.56,6.5,0.7,955.8,open-meteo/previous-runs (best_match + GFS/ICON/ECMWF),power_model_v1@2026-01-31,0.7792,-0.1212
2026-02-11,2026-02-11T18:00:00+00:00,2026-02-11T21:00:00+00:00,2026-02-12T02:00:00+05:00,3,1,t1,0.1553,0.6451,0.9987,7.2,230.0,3.83,6.8,1.2,956.2,open-meteo/previous-runs (best_match + GFS/ICON/ECMWF),power_model_v1@2026-01-31,0.7084,-0.0633
2026-02-11,2026-02-11T18:00:00+00:00,2026-02-11T22:00:00+00:00,2026-02-12T03:00:00+05:00,4,1,t1,0.1418,0.5986,0.9575,6.49,241.0,3.33,6.4,1.5,956.6,open-meteo/previous-runs (best_match + GFS/ICON/ECMWF),power_model_v1@2026-01-31,0.6466,-0.048
2026-02-11,2026-02-11T18:00:00+00:00,2026-02-11T23:00:00+00:00,2026-02-12T04:00:00+05:00,5,1,t1,0.0,0.4057,0.7921,6.15,248.0,3.13,6.1,1.1,957.0,open-meteo/previous-runs (best_match + GFS/ICON/ECMWF),power_model_v1@2026-01-31,0.5681,-0.1624
2026-02-11,2026-02-11T18:00:00+00:00,2026-02-12T00:00:00+00:00,2026-02-12T05:00:00+05:00,6,1,t1,0.0005,0.2067,0.4872,4.84,239.0,2.55,2.7,0.8,957.2,open-meteo/previous-runs (best_match + GFS/ICON/ECMWF),power_model_v1@2026-01-31,0.4513,-0.2446
2026-02-11,2026-02-11T18:00:00+00:00,2026-02-12T01:00:00+00:00,2026-02-12T06:00:00+05:00,7,1,t1,0.0031,0.1523,0.3631,2.82,237.0,1.12,2.3,0.7,957.0,open-meteo/previous-runs (best_match + GFS/ICON/ECMWF),power_model_v1@2026-01-31,0.2885,-0.1362
2026-02-11,2026-02-11T18:00:00+00:00,2026-02-12T02:00:00+00:00,2026-02-12T07:00:00+05:00,8,1,t1,0.0089,0.0335,0.1123,2.37,298.0,0.99,1.9,0.1,957.3,open-meteo/previous-runs (best_match + GFS/ICON/ECMWF),power_model_v1@2026-01-31,0.2134,-0.1799
2026-02-11,2026-02-11T18:00:00+00:00,2026-02-12T03:00:00+00:00,2026-02-12T08:00:00+05:00,9,1,t1,0.009,0.0254,0.084,2.1,288.0,1.03,1.7,0.1,958.1,open-meteo/previous-runs (best_match + GFS/ICON/ECMWF),power_model_v1@2026-01-31,0.1154,-0.09
2026-02-11,2026-02-11T18:00:00+00:00,2026-02-12T04:00:00+00:00,2026-02-12T09:00:00+05:00,10,1,t1,0.0079,0.0089,0.0389,1.99,18.0,1.6,1.9,0.5,957.7,open-meteo/previous-runs (best_match + GFS/ICON/ECMWF),power_model_v1@2026-01-31,0.0428,-0.0339
2026-02-11,2026-02-11T18:00:00+00:00,2026-02-12T05:00:00+00:00,2026-02-12T10:00:00+05:00,11,1,t1,0.009,0.0105,0.0115,2.8,47.0,2.3,2.8,1.2,957.0,open-meteo/previous-runs (best_match + GFS/ICON/ECMWF),power_model_v1@2026-01-31,0.0413,-0.0308
2026-02-11,2026-02-11T18:00:00+00:00,2026-02-12T06:00:00+00:00,2026-02-12T11:00:00+05:00,12,1,t1,0.009,0.0244,0.224,1.87,44.0,1.63,8.7,2.0,957.2,open-meteo/previous-runs (best_match + GFS/ICON/ECMWF),power_model_v1@2026-01-31,0.0381,-0.0137
2026-02-11,2026-02-11T18:00:00+00:00,2026-02-12T07:00:00+00:00,2026-02-12T12:00:00+05:00,13,1,t1,0.0071,0.0707,0.3052,2.76,48.0,2.23,9.9,2.8,955.8,open-meteo/previous-runs (best_match + GFS/ICON/ECMWF),power_model_v1@2026-01-31,0.0467,0.024
2026-02-11,2026-02-11T18:00:00+00:00,2026-02-12T08:00:00+00:00,2026-02-12T13:00:00+05:00,14,1,t1,0.0056,0.101,0.3404,2.79,33.0,2.3,10.4,3.6,954.7,open-meteo/previous-runs (best_match + GFS/ICON/ECMWF),power_model_v1@2026-01-31,0.0681,0.0329
2026-02-11,2026-02-11T18:00:00+00:00,2026-02-12T09:00:00+00:00,2026-02-12T14:00:00+05:00,15,1,t1,0.0051,0.1112,0.3486,2.07,32.0,1.72,10.2,3.5,954.7,open-meteo/previous-runs (best_match + GFS/ICON/ECMWF),power_model_v1@2026-01-31,0.0603,0.0509
2026-02-11,2026-02-11T18:00:00+00:00,2026-02-12T10:00:00+00:00,2026-02-12T15:00:00+05:00,16,1,t1,0.0074,0.0647,0.2851,1.35,39.0,1.17,9.1,3.6,954.3,open-meteo/previous-runs (best_match + GFS/ICON/ECMWF),power_model_v1@2026-01-31,0.0575,0.0072
2026-02-11,2026-02-11T18:00:00+00:00,2026-02-12T11:00:00+00:00,2026-02-12T16:00:00+05:00,17,1,t1,0.0035,0.1439,0.361,1.79,330.0,1.42,8.3,2.9,954.4,open-meteo/previous-runs (best_match + GFS/ICON/ECMWF),power_model_v1@2026-01-31,0.1221,0.0218
2026-02-11,2026-02-11T18:00:00+00:00,2026-02-12T12:00:00+00:00,2026-02-12T17:00:00+05:00,18,1,t1,0.004,0.1338,0.2473,4.36,280.0,2.62,5.4,0.8,955.2,open-meteo/previous-runs (best_match + GFS/ICON/ECMWF),power_model_v1@2026-01-31,0.168,-0.0342
2026-02-11,2026-02-11T18:00:00+00:00,2026-02-12T13:00:00+00:00,2026-02-12T18:00:00+05:00,19,1,t1,0.0028,0.1594,0.3884,3.65,272.0,2.1,7.3,0.1,955.5,open-meteo/previous-runs (best_match + GFS/ICON/ECMWF),power_model_v1@2026-01-31,0.206,-0.0466
2026-02-11,2026-02-11T18:00:00+00:00,2026-02-12T14:00:00+00:00,2026-02-12T19:00:00+05:00,20,1,t1,0.0006,0.2051,0.5865,4.0,268.0,2.19,8.1,-0.7,955.9,open-meteo/previous-runs (best_match + GFS/ICON/ECMWF),power_model_v1@2026-01-31,0.2357,-0.0306
2026-02-11,2026-02-11T18:00:00+00:00,2026-02-12T15:00:00+00:00,2026-02-12T20:00:00+05:00,21,1,t1,0.0035,0.1445,0.3645,3.3,270.0,2.0,7.2,-0.7,955.7,open-meteo/previous-runs (best_match + GFS/ICON/ECMWF),power_model_v1@2026-01-31,0.2853,-0.1408
2026-02-11,2026-02-11T18:00:00+00:00,2026-02-12T16:00:00+00:00,2026-02-12T21:00:00+05:00,22,1,t1,0.0041,0.1318,0.3617,4.0,279.0,2.43,6.4,-0.9,956.2,open-meteo/previous-runs (best_match + GFS/ICON/ECMWF),power_model_v1@2026-01-31,0.2644,-0.1326
2026-02-11,2026-02-11T18:00:00+00:00,2026-02-12T17:00:00+00:00,2026-02-12T22:00:00+05:00,23,1,t1,0.0064,0.0846,0.255,1.96,264.0,1.06,5.9,-0.9,955.9,open-meteo/previous-runs (best_match + GFS/ICON/ECMWF),power_model_v1@2026-01-31,0.2452,-0.1606
2026-02-11,2026-02-11T18:00:00+00:00,2026-02-12T18:00:00+00:00,2026-02-12T23:00:00+05:00,24,1,t1,0.0087,0.0377,0.1256,1.87,314.0,1.26,4.4,-1.0,955.2,open-meteo/previous-runs (best_match + GFS/ICON/ECMWF),power_model_v1@2026-01-31,0.1221,-0.0844
2026-02-12,2026-02-12T18:00:00+00:00,2026-02-12T19:00:00+00:00,2026-02-13T00:00:00+05:00,1,1,t1,0.0085,0.0407,0.053,2.17,341.0,1.55,2.4,-1.5,954.7,open-meteo/previous-runs (best_match + GFS/ICON/ECMWF),power_model_v1@2026-01-31,0.0964,-0.0557
2026-02-12,2026-02-12T18:00:00+00:00,2026-02-12T20:00:00+00:00,2026-02-13T01:00:00+05:00,2,1,t1,0.009,0.0261,0.0336,2.5,360.0,1.58,2.4,-2.3,953.9,open-meteo/previous-runs (best_match + GFS/ICON/ECMWF),power_model_v1@2026-01-31,0.0792,-0.0531
2026-02-12,2026-02-12T18:00:00+00:00,2026-02-12T21:00:00+00:00,2026-02-13T02:00:00+05:00,3,1,t1,0.009,0.018,0.0596,0.72,348.0,0.4,1.7,-2.5,953.4,open-meteo/previous-runs (best_match + GFS/ICON/ECMWF),power_model_v1@2026-01-31,0.0434,-0.0254
2026-02-12,2026-02-12T18:00:00+00:00,2026-02-12T22:00:00+00:00,2026-02-13T03:00:00+05:00,4,1,t1,0.0089,0.0334,0.0653,1.09,344.0,0.76,2.5,-2.5,952.8,open-meteo/previous-runs (best_match + GFS/ICON/ECMWF),power_model_v1@2026-01-31,0.0528,-0.0194
2026-02-12,2026-02-12T18:00:00+00:00,2026-02-12T23:00:00+00:00,2026-02-13T04:00:00+05:00,5,1,t1,0.009,0.0291,0.063,1.31,317.0,0.88,2.6,-2.6,952.7,open-meteo/previous-runs (best_match + GFS/ICON/ECMWF),power_model_v1@2026-01-31,0.0331,-0.004
2026-02-12,2026-02-12T18:00:00+00:00,2026-02-13T00:00:00+00:00,2026-02-13T05:00:00+05:00,6,1,t1,0.0088,0.0343,0.1157,1.46,308.0,1.14,3.7,-1.9,953.4,open-meteo/previous-runs (best_match + GFS/ICON/ECMWF),power_model_v1@2026-01-31,0.0335,0.0008
2026-02-12,2026-02-12T18:00:00+00:00,2026-02-13T01:00:00+00:00,2026-02-13T06:00:00+05:00,7,1,t1,0.009,0.0289,0.056,2.52,311.0,1.71,2.8,-2.2,954.0,open-meteo/previous-runs (best_match + GFS/ICON/ECMWF),power_model_v1@2026-01-31,0.0281,0.0008
2026-02-12,2026-02-12T18:00:00+00:00,2026-02-13T02:00:00+00:00,2026-02-13T07:00:00+05:00,8,1,t1,0.009,0.019,0.0589,1.28,309.0,1.27,3.7,-2.4,954.5,open-meteo/previous-runs (best_match + GFS/ICON/ECMWF),power_model_v1@2026-01-31,0.0223,-0.0033
2026-02-12,2026-02-12T18:00:00+00:00,2026-02-13T03:00:00+00:00,2026-02-13T08:00:00+05:00,9,1,t1,0.009,0.0186,0.0561,0.83,327.0,1.03,4.5,-2.0,955.0,open-meteo/previous-runs (best_match + GFS/ICON/ECMWF),power_model_v1@2026-01-31,0.0351,-0.0165
2026-02-12,2026-02-12T18:00:00+00:00,2026-02-13T04:00:00+00:00,2026-02-13T09:00:00+05:00,10,1,t1,0.009,0.0152,0.0487,1.2,2.0,1.22,4.5,-1.2,955.5,open-meteo/previous-runs (best_match + GFS/ICON/ECMWF),power_model_v1@2026-01-31,0.0295,-0.0143
2026-02-12,2026-02-12T18:00:00+00:00,2026-02-13T05:00:00+00:00,2026-02-13T10:00:00+05:00,11,1,t1,0.009,0.0261,0.1019,1.75,329.0,1.66,6.1,-0.6,955.9,open-meteo/previous-runs (best_match + GFS/ICON/ECMWF),power_model_v1@2026-01-31,0.03,-0.0039
2026-02-12,2026-02-12T18:00:00+00:00,2026-02-13T06:00:00+00:00,2026-02-13T11:00:00+05:00,12,1,t1,0.0088,0.0347,0.1048,1.5,356.0,1.26,6.7,0.4,956.2,open-meteo/previous-runs (best_match + GFS/ICON/ECMWF),power_model_v1@2026-01-31,0.0266,0.0081
2026-02-12,2026-02-12T18:00:00+00:00,2026-02-13T07:00:00+00:00,2026-02-13T12:00:00+05:00,13,1,t1,0.009,0.0185,0.0709,1.9,55.0,1.1,5.3,0.9,955.5,open-meteo/previous-runs (best_match + GFS/ICON/ECMWF),power_model_v1@2026-01-31,0.0361,-0.0176
2026-02-12,2026-02-12T18:00:00+00:00,2026-02-13T08:00:00+00:00,2026-02-13T13:00:00+05:00,14,1,t1,0.0082,0.0468,0.1127,3.41,50.0,2.09,4.5,1.6,954.6,open-meteo/previous-runs (best_match + GFS/ICON/ECMWF),power_model_v1@2026-01-31,0.0306,0.0162
2026-02-12,2026-02-12T18:00:00+00:00,2026-02-13T09:00:00+00:00,2026-02-13T14:00:00+05:00,15,1,t1,0.0074,0.0648,0.1208,3.22,54.0,1.7,3.3,2.6,954.6,open-meteo/previous-runs (best_match + GFS/ICON/ECMWF),power_model_v1@2026-01-31,0.0288,0.036
2026-02-12,2026-02-12T18:00:00+00:00,2026-02-13T10:00:00+00:00,2026-02-13T15:00:00+05:00,16,1,t1,0.0067,0.0783,0.0834,2.92,52.0,1.42,2.6,2.9,954.5,open-meteo/previous-runs (best_match + GFS/ICON/ECMWF),power_model_v1@2026-01-31,0.0388,0.0395
2026-02-12,2026-02-12T18:00:00+00:00,2026-02-13T11:00:00+00:00,2026-02-13T16:00:00+05:00,17,1,t1,0.0083,0.0461,0.0904,2.98,49.0,1.3,2.0,2.3,954.8,open-meteo/previous-runs (best_match + GFS/ICON/ECMWF),power_model_v1@2026-01-31,0.0534,-0.0073
2026-02-12,2026-02-12T18:00:00+00:00,2026-02-13T12:00:00+00:00,2026-02-13T17:00:00+05:00,18,1,t1,0.005,0.1136,0.1242,2.12,63.0,0.74,1.9,1.3,954.6,open-meteo/previous-runs (best_match + GFS/ICON/ECMWF),power_model_v1@2026-01-31,0.0733,0.0403
2026-02-12,2026-02-12T18:00:00+00:00,2026-02-13T13:00:00+00:00,2026-02-13T18:00:00+05:00,19,1,t1,0.0049,0.1152,0.1561,2.84,56.0,0.85,0.9,1.1,954.9,open-meteo/previous-runs (best_match + GFS/ICON/ECMWF),power_model_v1@2026-01-31,0.1188,-0.0036
2026-02-12,2026-02-12T18:00:00+00:00,2026-02-13T14:00:00+00:00,2026-02-13T19:00:00+05:00,20,1,t1,0.0016,0.1837,0.3524,4.44,59.0,1.79,1.5,1.0,955.4,open-meteo/previous-runs (best_match + GFS/ICON/ECMWF),power_model_v1@2026-01-31,0.1491,0.0346
2026-02-12,2026-02-12T18:00:00+00:00,2026-02-13T15:00:00+00:00,2026-02-13T20:00:00+05:00,21,1,t1,0.0,0.2647,0.6625,5.98,66.0,2.97,3.4,1.3,955.5,open-meteo/previous-runs (best_match + GFS/ICON/ECMWF),power_model_v1@2026-01-31,0.1956,0.0691
2026-02-12,2026-02-12T18:00:00+00:00,2026-02-13T16:00:00+00:00,2026-02-13T21:00:00+05:00,22,1,t1,0.1437,0.3475,0.8505,7.61,65.0,3.81,3.9,0.2,955.1,open-meteo/previous-runs (best_match + GFS/ICON/ECMWF),power_model_v1@2026-01-31,0.2749,0.0726
2026-02-12,2026-02-12T18:00:00+00:00,2026-02-13T17:00:00+00:00,2026-02-13T22:00:00+05:00,23,1,t1,0.2773,0.5892,0.9826,8.02,66.0,4.15,4.5,0.1,954.5,open-meteo/previous-runs (best_match + GFS/ICON/ECMWF),power_model_v1@2026-01-31,0.2475,0.3417
2026-02-12,2026-02-12T18:00:00+00:00,2026-02-13T18:00:00+00:00,2026-02-13T23:00:00+05:00,24,1,t1,0.3228,0.5536,0.9914,7.38,62.0,3.76,5.3,-0.8,953.9,open-meteo/previous-runs (best_match + GFS/ICON/ECMWF),power_model_v1@2026-01-31,0.4708,0.0828
2026-02-13,2026-02-13T18:00:00+00:00,2026-02-13T19:00:00+00:00,2026-02-14T00:00:00+05:00,1,1,t1,0.3474,0.6345,0.994,7.34,65.0,3.76,5.6,-1.2,953.5,open-meteo/previous-runs (best_match + GFS/ICON/ECMWF),power_model_v1@2026-01-31,0.641,-0.0065
2026-02-13,2026-02-13T18:00:00+00:00,2026-02-13T20:00:00+00:00,2026-02-14T01:00:00+05:00,2,1,t1,0.428,0.6988,0.9854,7.54,70.0,3.98,6.0,-0.5,953.1,open-meteo/previous-runs (best_match + GFS/ICON/ECMWF),power_model_v1@2026-01-31,0.6563,0.0425
2026-02-13,2026-02-13T18:00:00+00:00,2026-02-13T21:00:00+00:00,2026-02-14T02:00:00+05:00,3,1,t1,0.3606,0.6899,0.9879,7.39,81.0,4.02,6.4,-0.4,953.2,open-meteo/previous-runs (best_match + GFS/ICON/ECMWF),power_model_v1@2026-01-31,0.6579,0.032
2026-02-13,2026-02-13T18:00:00+00:00,2026-02-13T22:00:00+00:00,2026-02-14T03:00:00+05:00,4,1,t1,0.3526,0.6892,0.9952,7.48,77.0,4.18,7.8,-0.3,953.2,open-meteo/previous-runs (best_match + GFS/ICON/ECMWF),power_model_v1@2026-01-31,0.617,0.0722
2026-02-13,2026-02-13T18:00:00+00:00,2026-02-13T23:00:00+00:00,2026-02-14T04:00:00+05:00,5,1,t1,0.3317,0.6377,0.9802,7.15,76.0,4.0,7.9,-0.4,953.2,open-meteo/previous-runs (best_match + GFS/ICON/ECMWF),power_model_v1@2026-01-31,0.6358,0.0019
2026-02-13,2026-02-13T18:00:00+00:00,2026-02-14T00:00:00+00:00,2026-02-14T05:00:00+05:00,6,1,t1,0.0778,0.3408,0.8031,6.74,75.0,3.7,3.2,-0.3,953.8,open-meteo/previous-runs (best_match + GFS/ICON/ECMWF),power_model_v1@2026-01-31,0.5069,-0.1661
2026-02-13,2026-02-13T18:00:00+00:00,2026-02-14T01:00:00+00:00,2026-02-14T06:00:00+05:00,7,1,t1,0.0338,0.177,0.7136,5.8,80.0,3.18,3.0,-0.4,954.5,open-meteo/previous-runs (best_match + GFS/ICON/ECMWF),power_model_v1@2026-01-31,0.3044,-0.1274
2026-02-13,2026-02-13T18:00:00+00:00,2026-02-14T02:00:00+00:00,2026-02-14T07:00:00+05:00,8,1,t1,0.0011,0.195,0.6131,3.75,77.0,1.75,3.4,-0.6,955.0,open-meteo/previous-runs (best_match + GFS/ICON/ECMWF),power_model_v1@2026-01-31,0.2356,-0.0406
2026-02-13,2026-02-13T18:00:00+00:00,2026-02-14T03:00:00+00:00,2026-02-14T08:00:00+05:00,9,1,t1,0.0071,0.0694,0.5299,3.78,72.0,1.74,3.2,-0.3,955.6,open-meteo/previous-runs (best_match + GFS/ICON/ECMWF),power_model_v1@2026-01-31,0.1971,-0.1277
2026-02-13,2026-02-13T18:00:00+00:00,2026-02-14T04:00:00+00:00,2026-02-14T09:00:00+05:00,10,1,t1,0.0079,0.0527,0.3339,2.82,67.0,1.17,2.8,1.3,956.2,open-meteo/previous-runs (best_match + GFS/ICON/ECMWF),power_model_v1@2026-01-31,0.2191,-0.1664
2026-02-13,2026-02-13T18:00:00+00:00,2026-02-14T05:00:00+00:00,2026-02-14T10:00:00+05:00,11,1,t1,0.009,0.0117,0.2836,1.63,67.0,0.85,1.9,1.7,956.4,open-meteo/previous-runs (best_match + GFS/ICON/ECMWF),power_model_v1@2026-01-31,0.2302,-0.2185
2026-02-13,2026-02-13T18:00:00+00:00,2026-02-14T06:00:00+00:00,2026-02-14T11:00:00+05:00,12,1,t1,0.0082,0.0479,0.3825,1.98,16.0,1.05,7.1,2.6,956.9,open-meteo/previous-runs (best_match + GFS/ICON/ECMWF),power_model_v1@2026-01-31,0.1564,-0.1085
2026-02-13,2026-02-13T18:00:00+00:00,2026-02-14T07:00:00+00:00,2026-02-14T12:00:00+05:00,13,1,t1,0.0088,0.0097,0.2572,1.46,22.0,0.71,6.5,3.1,956.5,open-meteo/previous-runs (best_match + GFS/ICON/ECMWF),power_model_v1@2026-01-31,0.1682,-0.1585
2026-02-13,2026-02-13T18:00:00+00:00,2026-02-14T08:00:00+00:00,2026-02-14T13:00:00+05:00,14,1,t1,0.0081,0.0498,0.1845,1.38,314.0,0.79,4.1,3.6,956.1,open-meteo/previous-runs (best_match + GFS/ICON/ECMWF),power_model_v1@2026-01-31,0.187,-0.1372
2026-02-13,2026-02-13T18:00:00+00:00,2026-02-14T09:00:00+00:00,2026-02-14T14:00:00+05:00,15,1,t1,0.0056,0.1022,0.1337,3.15,267.0,1.75,2.3,2.6,956.7,open-meteo/previous-runs (best_match + GFS/ICON/ECMWF),power_model_v1@2026-01-31,0.2353,-0.1331
2026-02-13,2026-02-13T18:00:00+00:00,2026-02-14T10:00:00+00:00,2026-02-14T15:00:00+05:00,16,1,t1,0.0045,0.1237,0.1707,0.89,218.0,0.27,2.2,3.2,956.7,open-meteo/previous-runs (best_match + GFS/ICON/ECMWF),power_model_v1@2026-01-31,0.1857,-0.062
2026-02-13,2026-02-13T18:00:00+00:00,2026-02-14T11:00:00+00:00,2026-02-14T16:00:00+05:00,17,1,t1,0.0077,0.0567,0.0898,0.97,235.0,0.59,2.8,2.7,956.7,open-meteo/previous-runs (best_match + GFS/ICON/ECMWF),power_model_v1@2026-01-31,0.2687,-0.212
2026-02-13,2026-02-13T18:00:00+00:00,2026-02-14T12:00:00+00:00,2026-02-14T17:00:00+05:00,18,1,t1,0.008,0.052,0.1258,0.57,218.0,0.18,3.8,0.6,956.1,open-meteo/previous-runs (best_match + GFS/ICON/ECMWF),power_model_v1@2026-01-31,0.301,-0.249
2026-02-13,2026-02-13T18:00:00+00:00,2026-02-14T13:00:00+00:00,2026-02-14T18:00:00+05:00,19,1,t1,0.0085,0.0402,0.0681,0.38,337.0,0.21,2.3,0.3,956.3,open-meteo/previous-runs (best_match + GFS/ICON/ECMWF),power_model_v1@2026-01-31,0.2883,-0.2481
2026-02-13,2026-02-13T18:00:00+00:00,2026-02-14T14:00:00+00:00,2026-02-14T19:00:00+05:00,20,1,t1,0.0084,0.0426,0.1167,1.64,290.0,0.62,2.3,-1.7,956.7,open-meteo/previous-runs (best_match + GFS/ICON/ECMWF),power_model_v1@2026-01-31,0.2058,-0.1632
2026-02-13,2026-02-13T18:00:00+00:00,2026-02-14T15:00:00+00:00,2026-02-14T20:00:00+05:00,21,1,t1,0.0072,0.0672,0.1369,2.49,255.0,0.96,1.8,-1.9,956.9,open-meteo/previous-runs (best_match + GFS/ICON/ECMWF),power_model_v1@2026-01-31,0.2291,-0.1619
2026-02-13,2026-02-13T18:00:00+00:00,2026-02-14T16:00:00+00:00,2026-02-14T21:00:00+05:00,22,1,t1,0.0075,0.061,0.1484,2.85,281.0,0.7,1.9,-1.0,957.4,open-meteo/previous-runs (best_match + GFS/ICON/ECMWF),power_model_v1@2026-01-31,0.284,-0.223
2026-02-13,2026-02-13T18:00:00+00:00,2026-02-14T17:00:00+00:00,2026-02-14T22:00:00+05:00,23,1,t1,0.0082,0.0469,0.1253,2.93,240.0,1.27,2.3,-2.3,957.8,open-meteo/previous-runs (best_match + GFS/ICON/ECMWF),power_model_v1@2026-01-31,0.1311,-0.0842
2026-02-13,2026-02-13T18:00:00+00:00,2026-02-14T18:00:00+00:00,2026-02-14T23:00:00+05:00,24,1,t1,0.0086,0.04,0.1601,0.43,249.0,0.0,4.5,-1.0,957.2,open-meteo/previous-runs (best_match + GFS/ICON/ECMWF),power_model_v1@2026-01-31,0.1067,-0.0667
2026-02-14,2026-02-14T18:00:00+00:00,2026-02-14T19:00:00+00:00,2026-02-15T00:00:00+05:00,1,1,t1,0.0088,0.0341,0.0983,0.6,355.0,0.18,3.3,-0.6,957.3,open-meteo/previous-runs (best_match + GFS/ICON/ECMWF),power_model_v1@2026-01-31,0.055,-0.0209
2026-02-14,2026-02-14T18:00:00+00:00,2026-02-14T20:00:00+00:00,2026-02-15T01:00:00+05:00,2,1,t1,0.0087,0.0376,0.0752,1.16,7.0,0.4,2.3,0.0,957.7,open-meteo/previous-runs (best_match + GFS/ICON/ECMWF),power_model_v1@2026-01-31,0.0337,0.0039
2026-02-14,2026-02-14T18:00:00+00:00,2026-02-14T21:00:00+00:00,2026-02-15T02:00:00+05:00,3,1,t1,0.0089,0.0323,0.072,1.32,127.0,0.58,1.5,-1.4,957.3,open-meteo/previous-runs (best_match + GFS/ICON/ECMWF),power_model_v1@2026-01-31,0.0377,-0.0054
2026-02-14,2026-02-14T18:00:00+00:00,2026-02-14T22:00:00+00:00,2026-02-15T03:00:00+05:00,4,1,t1,0.009,0.0225,0.1102,2.22,31.0,1.09,1.7,-2.2,956.8,open-meteo/previous-runs (best_match + GFS/ICON/ECMWF),power_model_v1@2026-01-31,0.0429,-0.0204
2026-02-14,2026-02-14T18:00:00+00:00,2026-02-14T23:00:00+00:00,2026-02-15T04:00:00+05:00,5,1,t1,0.009,0.0193,0.096,3.65,71.0,1.72,1.1,-3.2,956.6,open-meteo/previous-runs (best_match + GFS/ICON/ECMWF),power_model_v1@2026-01-31,0.0537,-0.0344
2026-02-14,2026-02-14T18:00:00+00:00,2026-02-15T00:00:00+00:00,2026-02-15T05:00:00+05:00,6,1,t1,0.009,0.0303,0.1994,3.27,67.0,1.46,2.0,-3.2,956.1,open-meteo/previous-runs (best_match + GFS/ICON/ECMWF),power_model_v1@2026-01-31,0.0551,-0.0248
2026-02-14,2026-02-14T18:00:00+00:00,2026-02-15T01:00:00+00:00,2026-02-15T06:00:00+05:00,7,1,t1,0.0075,0.0612,0.4356,5.31,66.0,2.15,2.6,-2.1,956.6,open-meteo/previous-runs (best_match + GFS/ICON/ECMWF),power_model_v1@2026-01-31,0.1159,-0.0547
2026-02-14,2026-02-14T18:00:00+00:00,2026-02-15T02:00:00+00:00,2026-02-15T07:00:00+05:00,8,1,t1,0.0502,0.1797,0.6462,5.46,66.0,2.31,3.8,-2.5,956.7,open-meteo/previous-runs (best_match + GFS/ICON/ECMWF),power_model_v1@2026-01-31,0.0892,0.0905
2026-02-14,2026-02-14T18:00:00+00:00,2026-02-15T03:00:00+00:00,2026-02-15T08:00:00+05:00,9,1,t1,0.0714,0.2913,0.859,6.69,63.0,3.1,5.2,-0.5,957.7,open-meteo/previous-runs (best_match + GFS/ICON/ECMWF),power_model_v1@2026-01-31,0.2178,0.0735
2026-02-14,2026-02-14T18:00:00+00:00,2026-02-15T04:00:00+00:00,2026-02-15T09:00:00+05:00,10,1,t1,0.1956,0.4963,0.9609,7.54,61.0,3.3,7.1,2.2,958.1,open-meteo/previous-runs (best_match + GFS/ICON/ECMWF),power_model_v1@2026-01-31,0.4089,0.0874
2026-02-14,2026-02-14T18:00:00+00:00,2026-02-15T05:00:00+00:00,2026-02-15T10:00:00+05:00,11,1,t1,0.364,0.6939,0.9898,7.75,58.0,4.26,8.3,3.6,957.9,open-meteo/previous-runs (best_match + GFS/ICON/ECMWF),power_model_v1@2026-01-31,0.6316,0.0623
2026-02-14,2026-02-14T18:00:00+00:00,2026-02-15T06:00:00+00:00,2026-02-15T11:00:00+05:00,12,1,t1,0.5516,0.775,0.9959,8.63,55.0,5.29,10.3,5.1,957.0,open-meteo/previous-runs (best_match + GFS/ICON/ECMWF),power_model_v1@2026-01-31,0.719,0.056
2026-02-14,2026-02-14T18:00:00+00:00,2026-02-15T07:00:00+00:00,2026-02-15T12:00:00+05:00,13,1,t1,0.7076,0.92,0.99,9.76,56.0,7.01,11.7,6.6,956.0,open-meteo/previous-runs (best_match + GFS/ICON/ECMWF),power_model_v1@2026-01-31,0.8777,0.0423
2026-02-14,2026-02-14T18:00:00+00:00,2026-02-15T08:00:00+00:00,2026-02-15T13:00:00+05:00,14,1,t1,0.6603,0.9308,0.9892,9.68,60.0,7.1,13.1,7.6,955.0,open-meteo/previous-runs (best_match + GFS/ICON/ECMWF),power_model_v1@2026-01-31,0.9518,-0.021
2026-02-14,2026-02-14T18:00:00+00:00,2026-02-15T09:00:00+00:00,2026-02-15T14:00:00+05:00,15,1,t1,0.5386,0.8778,0.9925,8.91,65.0,6.48,13.3,8.3,954.9,open-meteo/previous-runs (best_match + GFS/ICON/ECMWF),power_model_v1@2026-01-31,0.9309,-0.0531
2026-02-14,2026-02-14T18:00:00+00:00,2026-02-15T10:00:00+00:00,2026-02-15T15:00:00+05:00,16,1,t1,0.5415,0.9091,0.9932,8.29,70.0,5.81,13.2,7.6,954.6,open-meteo/previous-runs (best_match + GFS/ICON/ECMWF),power_model_v1@2026-01-31,0.9276,-0.0185
2026-02-14,2026-02-14T18:00:00+00:00,2026-02-15T11:00:00+00:00,2026-02-15T16:00:00+05:00,17,1,t1,0.4951,0.9056,0.9975,8.17,74.0,5.0,12.6,6.3,954.3,open-meteo/previous-runs (best_match + GFS/ICON/ECMWF),power_model_v1@2026-01-31,0.922,-0.0164
2026-02-14,2026-02-14T18:00:00+00:00,2026-02-15T12:00:00+00:00,2026-02-15T17:00:00+05:00,18,1,t1,0.4779,0.9301,1.0,8.14,75.0,4.21,11.8,4.2,953.2,open-meteo/previous-runs (best_match + GFS/ICON/ECMWF),power_model_v1@2026-01-31,0.9324,-0.0023
2026-02-14,2026-02-14T18:00:00+00:00,2026-02-15T13:00:00+00:00,2026-02-15T18:00:00+05:00,19,1,t1,0.473,0.9563,1.0,7.74,79.0,3.8,10.0,2.0,952.8,open-meteo/previous-runs (best_match + GFS/ICON/ECMWF),power_model_v1@2026-01-31,0.9334,0.0229
2026-02-14,2026-02-14T18:00:00+00:00,2026-02-15T14:00:00+00:00,2026-02-15T19:00:00+05:00,20,1,t1,0.4881,0.9529,1.0,7.8,79.0,3.96,9.6,1.2,952.5,open-meteo/previous-runs (best_match + GFS/ICON/ECMWF),power_model_v1@2026-01-31,0.948,0.0049
2026-02-14,2026-02-14T18:00:00+00:00,2026-02-15T15:00:00+00:00,2026-02-15T20:00:00+05:00,21,1,t1,0.4829,0.9393,1.0,8.06,79.0,4.05,9.6,1.1,952.4,open-meteo/previous-runs (best_match + GFS/ICON/ECMWF),power_model_v1@2026-01-31,0.9288,0.0105
2026-02-14,2026-02-14T18:00:00+00:00,2026-02-15T16:00:00+00:00,2026-02-15T21:00:00+05:00,22,1,t1,0.4646,0.9279,0.9959,7.42,82.0,3.7,9.2,1.0,952.6,open-meteo/previous-runs (best_match + GFS/ICON/ECMWF),power_model_v1@2026-01-31,0.9193,0.0086
2026-02-14,2026-02-14T18:00:00+00:00,2026-02-15T17:00:00+00:00,2026-02-15T22:00:00+05:00,23,1,t1,0.3661,0.8919,0.985,6.21,87.0,3.11,7.9,1.5,952.9,open-meteo/previous-runs (best_match + GFS/ICON/ECMWF),power_model_v1@2026-01-31,0.8822,0.0097
2026-02-14,2026-02-14T18:00:00+00:00,2026-02-15T18:00:00+00:00,2026-02-15T23:00:00+05:00,24,1,t1,0.2245,0.5856,0.9285,5.67,81.0,2.75,5.6,1.9,952.3,open-meteo/previous-runs (best_match + GFS/ICON/ECMWF),power_model_v1@2026-01-31,0.7616,-0.176
2026-02-15,2026-02-15T18:00:00+00:00,2026-02-15T19:00:00+00:00,2026-02-16T00:00:00+05:00,1,1,t1,0.1502,0.5055,0.938,5.26,76.0,2.47,5.4,2.2,952.0,open-meteo/previous-runs (best_match + GFS/ICON/ECMWF),power_model_v1@2026-01-31,0.6648,-0.1593
2026-02-15,2026-02-15T18:00:00+00:00,2026-02-15T20:00:00+00:00,2026-02-16T01:00:00+05:00,2,1,t1,0.1756,0.4251,0.9097,5.96,70.0,3.04,4.6,1.9,951.5,open-meteo/previous-runs (best_match + GFS/ICON/ECMWF),power_model_v1@2026-01-31,0.644,-0.2189
2026-02-15,2026-02-15T18:00:00+00:00,2026-02-15T21:00:00+00:00,2026-02-16T02:00:00+05:00,3,1,t1,0.172,0.5171,0.9501,6.18,78.0,3.15,5.0,1.9,951.4,open-meteo/previous-runs (best_match + GFS/ICON/ECMWF),power_model_v1@2026-01-31,0.6618,-0.1447
2026-02-15,2026-02-15T18:00:00+00:00,2026-02-15T22:00:00+00:00,2026-02-16T03:00:00+05:00,4,1,t1,0.1717,0.4718,0.9397,6.43,67.0,3.31,5.3,1.7,951.0,open-meteo/previous-runs (best_match + GFS/ICON/ECMWF),power_model_v1@2026-01-31,0.593,-0.1212
2026-02-15,2026-02-15T18:00:00+00:00,2026-02-15T23:00:00+00:00,2026-02-16T04:00:00+05:00,5,1,t1,0.1903,0.5097,0.9405,6.61,74.0,3.37,6.0,1.5,951.0,open-meteo/previous-runs (best_match + GFS/ICON/ECMWF),power_model_v1@2026-01-31,0.5038,0.0059
2026-02-15,2026-02-15T18:00:00+00:00,2026-02-16T00:00:00+00:00,2026-02-16T05:00:00+05:00,6,1,t1,0.2211,0.4919,0.9483,6.69,72.0,3.23,7.8,1.8,951.5,open-meteo/previous-runs (best_match + GFS/ICON/ECMWF),power_model_v1@2026-01-31,0.4612,0.0307
2026-02-15,2026-02-15T18:00:00+00:00,2026-02-16T01:00:00+00:00,2026-02-16T06:00:00+05:00,7,1,t1,0.2044,0.5412,0.9313,6.81,60.0,3.48,8.5,1.8,951.7,open-meteo/previous-runs (best_match + GFS/ICON/ECMWF),power_model_v1@2026-01-31,0.3779,0.1633
2026-02-15,2026-02-15T18:00:00+00:00,2026-02-16T02:00:00+00:00,2026-02-16T07:00:00+05:00,8,1,t1,0.1974,0.4341,0.9397,6.88,71.0,3.58,8.5,1.6,951.6,open-meteo/previous-runs (best_match + GFS/ICON/ECMWF),power_model_v1@2026-01-31,0.3041,0.13
2026-02-15,2026-02-15T18:00:00+00:00,2026-02-16T03:00:00+00:00,2026-02-16T08:00:00+05:00,9,1,t1,0.1208,0.4496,0.937,6.51,72.0,3.64,7.5,2.7,951.7,open-meteo/previous-runs (best_match + GFS/ICON/ECMWF),power_model_v1@2026-01-31,0.2977,0.1519
2026-02-15,2026-02-15T18:00:00+00:00,2026-02-16T04:00:00+00:00,2026-02-16T09:00:00+05:00,10,1,t1,0.1312,0.4248,0.9388,7.08,67.0,3.38,6.6,5.0,952.5,open-meteo/previous-runs (best_match + GFS/ICON/ECMWF),power_model_v1@2026-01-31,0.4263,-0.0015
2026-02-15,2026-02-15T18:00:00+00:00,2026-02-16T05:00:00+00:00,2026-02-16T10:00:00+05:00,11,1,t1,0.2069,0.5763,0.961,5.84,62.0,4.33,7.4,6.9,952.8,open-meteo/previous-runs (best_match + GFS/ICON/ECMWF),power_model_v1@2026-01-31,0.4068,0.1695
2026-02-15,2026-02-15T18:00:00+00:00,2026-02-16T06:00:00+00:00,2026-02-16T11:00:00+05:00,12,1,t1,0.3467,0.6715,0.96,7.07,62.0,5.25,10.8,7.9,952.1,open-meteo/previous-runs (best_match + GFS/ICON/ECMWF),power_model_v1@2026-01-31,0.4194,0.2521
2026-02-15,2026-02-15T18:00:00+00:00,2026-02-16T07:00:00+00:00,2026-02-16T12:00:00+05:00,13,1,t1,0.4221,0.7965,0.9827,7.59,60.0,5.67,11.8,9.2,951.8,open-meteo/previous-runs (best_match + GFS/ICON/ECMWF),power_model_v1@2026-01-31,0.4593,0.3372
2026-02-15,2026-02-15T18:00:00+00:00,2026-02-16T08:00:00+00:00,2026-02-16T13:00:00+05:00,14,1,t1,0.4008,0.8068,0.9821,7.22,62.0,5.36,11.8,9.6,951.5,open-meteo/previous-runs (best_match + GFS/ICON/ECMWF),power_model_v1@2026-01-31,0.5595,0.2473
2026-02-15,2026-02-15T18:00:00+00:00,2026-02-16T09:00:00+00:00,2026-02-16T14:00:00+05:00,15,1,t1,0.347,0.7676,0.9762,6.64,65.0,4.74,11.8,9.1,951.3,open-meteo/previous-runs (best_match + GFS/ICON/ECMWF),power_model_v1@2026-01-31,0.5366,0.231
2026-02-15,2026-02-15T18:00:00+00:00,2026-02-16T10:00:00+00:00,2026-02-16T15:00:00+05:00,16,1,t1,0.2254,0.7129,0.9536,5.52,64.0,3.87,11.4,9.2,951.7,open-meteo/previous-runs (best_match + GFS/ICON/ECMWF),power_model_v1@2026-01-31,0.6432,0.0697
2026-02-15,2026-02-15T18:00:00+00:00,2026-02-16T11:00:00+00:00,2026-02-16T16:00:00+05:00,17,1,t1,0.221,0.639,0.9399,5.26,65.0,3.31,11.1,8.3,951.5,open-meteo/previous-runs (best_match + GFS/ICON/ECMWF),power_model_v1@2026-01-31,0.6884,-0.0494
2026-02-15,2026-02-15T18:00:00+00:00,2026-02-16T12:00:00+00:00,2026-02-16T17:00:00+05:00,18,1,t1,0.1809,0.5937,0.9299,5.11,59.0,1.88,10.4,5.5,951.0,open-meteo/previous-runs (best_match + GFS/ICON/ECMWF),power_model_v1@2026-01-31,0.7255,-0.1318
2026-02-15,2026-02-15T18:00:00+00:00,2026-02-16T13:00:00+00:00,2026-02-16T18:00:00+05:00,19,1,t1,0.1778,0.5939,0.9105,5.88,63.0,2.3,8.5,4.5,951.2,open-meteo/previous-runs (best_match + GFS/ICON/ECMWF),power_model_v1@2026-01-31,0.783,-0.1891
2026-02-15,2026-02-15T18:00:00+00:00,2026-02-16T14:00:00+00:00,2026-02-16T19:00:00+05:00,20,1,t1,0.1932,0.6611,0.9399,5.59,66.0,2.15,7.4,4.2,951.7,open-meteo/previous-runs (best_match + GFS/ICON/ECMWF),power_model_v1@2026-01-31,0.7893,-0.1282
2026-02-15,2026-02-15T18:00:00+00:00,2026-02-16T15:00:00+00:00,2026-02-16T20:00:00+05:00,21,1,t1,0.1771,0.7091,0.9269,5.56,68.0,2.06,6.8,3.3,951.9,open-meteo/previous-runs (best_match + GFS/ICON/ECMWF),power_model_v1@2026-01-31,0.7566,-0.0475
2026-02-15,2026-02-15T18:00:00+00:00,2026-02-16T16:00:00+00:00,2026-02-16T21:00:00+05:00,22,1,t1,0.1691,0.6256,0.9204,5.73,65.0,2.1,6.8,3.3,952.2,open-meteo/previous-runs (best_match + GFS/ICON/ECMWF),power_model_v1@2026-01-31,0.7806,-0.155
2026-02-15,2026-02-15T18:00:00+00:00,2026-02-16T17:00:00+00:00,2026-02-16T22:00:00+05:00,23,1,t1,0.1058,0.6195,0.9388,5.37,62.0,1.8,6.7,3.1,952.7,open-meteo/previous-runs (best_match + GFS/ICON/ECMWF),power_model_v1@2026-01-31,0.7715,-0.152
2026-02-15,2026-02-15T18:00:00+00:00,2026-02-16T18:00:00+00:00,2026-02-16T23:00:00+05:00,24,1,t1,0.1321,0.5357,0.9319,5.11,67.0,1.8,5.5,3.9,953.3,open-meteo/previous-runs (best_match + GFS/ICON/ECMWF),power_model_v1@2026-01-31,0.7429,-0.2072
2026-02-16,2026-02-16T18:00:00+00:00,2026-02-16T19:00:00+00:00,2026-02-17T00:00:00+05:00,1,1,t1,0.1435,0.6036,0.9452,4.99,64.0,1.81,5.6,3.9,953.5,open-meteo/previous-runs (best_match + GFS/ICON/ECMWF),power_model_v1@2026-01-31,0.7008,-0.0972
2026-02-16,2026-02-16T18:00:00+00:00,2026-02-16T20:00:00+00:00,2026-02-17T01:00:00+05:00,2,1,t1,0.1797,0.6295,0.9099,5.73,65.0,2.17,5.6,3.9,953.7,open-meteo/previous-runs (best_match + GFS/ICON/ECMWF),power_model_v1@2026-01-31,0.681,-0.0515
2026-02-16,2026-02-16T18:00:00+00:00,2026-02-16T21:00:00+00:00,2026-02-17T02:00:00+05:00,3,1,t1,0.203,0.5401,0.9103,6.11,65.0,2.38,5.5,3.7,954.2,open-meteo/previous-runs (best_match + GFS/ICON/ECMWF),power_model_v1@2026-01-31,0.6468,-0.1067
2026-02-16,2026-02-16T18:00:00+00:00,2026-02-16T22:00:00+00:00,2026-02-17T03:00:00+05:00,4,1,t1,0.1569,0.5246,0.9545,6.65,67.0,2.85,5.4,3.9,954.4,open-meteo/previous-runs (best_match + GFS/ICON/ECMWF),power_model_v1@2026-01-31,0.6392,-0.1146
2026-02-16,2026-02-16T18:00:00+00:00,2026-02-16T23:00:00+00:00,2026-02-17T04:00:00+05:00,5,1,t1,0.1138,0.4348,0.9039,6.05,69.0,2.53,5.2,3.8,954.9,open-meteo/previous-runs (best_match + GFS/ICON/ECMWF),power_model_v1@2026-01-31,0.5201,-0.0853
2026-02-16,2026-02-16T18:00:00+00:00,2026-02-17T00:00:00+00:00,2026-02-17T05:00:00+05:00,6,1,t1,0.0,0.3217,0.7262,2.44,79.0,0.4,4.5,3.2,956.5,open-meteo/previous-runs (best_match + GFS/ICON/ECMWF),power_model_v1@2026-01-31,0.2967,0.025
2026-02-16,2026-02-16T18:00:00+00:00,2026-02-17T01:00:00+00:00,2026-02-17T06:00:00+05:00,7,1,t1,0.0,0.2278,0.5375,2.06,86.0,0.6,3.9,3.5,957.1,open-meteo/previous-runs (best_match + GFS/ICON/ECMWF),power_model_v1@2026-01-31,0.1557,0.0721
2026-02-16,2026-02-16T18:00:00+00:00,2026-02-17T02:00:00+00:00,2026-02-17T07:00:00+05:00,8,1,t1,0.0033,0.1478,0.4676,3.09,76.0,1.31,3.4,3.2,957.4,open-meteo/previous-runs (best_match + GFS/ICON/ECMWF),power_model_v1@2026-01-31,0.2369,-0.0891
2026-02-16,2026-02-16T18:00:00+00:00,2026-02-17T03:00:00+00:00,2026-02-17T08:00:00+05:00,9,1,t1,0.0052,0.1096,0.4921,4.44,71.0,2.06,2.7,3.5,958.2,open-meteo/previous-runs (best_match + GFS/ICON/ECMWF),power_model_v1@2026-01-31,0.1422,-0.0326
2026-02-16,2026-02-16T18:00:00+00:00,2026-02-17T04:00:00+00:00,2026-02-17T09:00:00+05:00,10,1,t1,0.0043,0.1289,0.5242,5.48,54.0,2.72,2.2,3.8,959.0,open-meteo/previous-runs (best_match + GFS/ICON/ECMWF),power_model_v1@2026-01-31,0.1111,0.0178
2026-02-16,2026-02-16T18:00:00+00:00,2026-02-17T05:00:00+00:00,2026-02-17T10:00:00+05:00,11,1,t1,0.0037,0.1407,0.5049,6.05,59.0,3.36,1.8,3.7,959.7,open-meteo/previous-runs (best_match + GFS/ICON/ECMWF),power_model_v1@2026-01-31,0.1492,-0.0085
2026-02-16,2026-02-16T18:00:00+00:00,2026-02-17T06:00:00+00:00,2026-02-17T11:00:00+05:00,12,1,t1,0.004,0.1333,0.4902,4.46,67.0,2.62,2.3,4.7,960.3,open-meteo/previous-runs (best_match + GFS/ICON/ECMWF),power_model_v1@2026-01-31,0.2357,-0.1024
2026-02-16,2026-02-16T18:00:00+00:00,2026-02-17T07:00:00+00:00,2026-02-17T12:00:00+05:00,13,1,t1,0.0043,0.1275,0.353,5.07,68.0,2.97,3.1,5.8,960.3,open-meteo/previous-runs (best_match + GFS/ICON/ECMWF),power_model_v1@2026-01-31,0.2427,-0.1152
2026-02-16,2026-02-16T18:00:00+00:00,2026-02-17T08:00:00+00:00,2026-02-17T13:00:00+05:00,14,1,t1,0.0038,0.1394,0.4505,4.9,54.0,3.29,3.8,5.9,959.9,open-meteo/previous-runs (best_match + GFS/ICON/ECMWF),power_model_v1@2026-01-31,0.275,-0.1356
2026-02-16,2026-02-16T18:00:00+00:00,2026-02-17T09:00:00+00:00,2026-02-17T14:00:00+05:00,15,1,t1,0.002,0.1758,0.5085,5.09,55.0,3.34,4.1,5.9,960.3,open-meteo/previous-runs (best_match + GFS/ICON/ECMWF),power_model_v1@2026-01-31,0.3603,-0.1845
2026-02-16,2026-02-16T18:00:00+00:00,2026-02-17T10:00:00+00:00,2026-02-17T15:00:00+05:00,16,1,t1,0.0,0.2247,0.5984,5.15,67.0,2.84,4.1,6.1,960.3,open-meteo/previous-runs (best_match + GFS/ICON/ECMWF),power_model_v1@2026-01-31,0.4002,-0.1755
2026-02-16,2026-02-16T18:00:00+00:00,2026-02-17T11:00:00+00:00,2026-02-17T16:00:00+05:00,17,1,t1,0.0,0.2936,0.6877,4.92,62.0,2.88,4.1,6.6,960.6,open-meteo/previous-runs (best_match + GFS/ICON/ECMWF),power_model_v1@2026-01-31,0.6082,-0.3146
2026-02-16,2026-02-16T18:00:00+00:00,2026-02-17T12:00:00+00:00,2026-02-17T17:00:00+05:00,18,1,t1,0.1964,0.5786,0.9561,6.69,61.0,3.27,7.6,5.7,959.9,open-meteo/previous-runs (best_match + GFS/ICON/ECMWF),power_model_v1@2026-01-31,0.6146,-0.036
2026-02-16,2026-02-16T18:00:00+00:00,2026-02-17T13:00:00+00:00,2026-02-17T18:00:00+05:00,19,1,t1,0.239,0.6745,0.9852,6.85,66.0,2.96,6.2,4.3,960.0,open-meteo/previous-runs (best_match + GFS/ICON/ECMWF),power_model_v1@2026-01-31,0.6664,0.0081
2026-02-16,2026-02-16T18:00:00+00:00,2026-02-17T14:00:00+00:00,2026-02-17T19:00:00+05:00,20,1,t1,0.2183,0.5409,0.9671,7.48,60.0,3.27,4.7,3.8,960.1,open-meteo/previous-runs (best_match + GFS/ICON/ECMWF),power_model_v1@2026-01-31,0.8158,-0.2749
2026-02-16,2026-02-16T18:00:00+00:00,2026-02-17T15:00:00+00:00,2026-02-17T20:00:00+05:00,21,1,t1,0.2676,0.6459,0.954,8.07,59.0,3.65,4.0,3.6,960.4,open-meteo/previous-runs (best_match + GFS/ICON/ECMWF),power_model_v1@2026-01-31,0.7615,-0.1156
2026-02-16,2026-02-16T18:00:00+00:00,2026-02-17T16:00:00+00:00,2026-02-17T21:00:00+05:00,22,1,t1,0.3475,0.7322,0.9783,8.01,63.0,3.7,4.2,3.0,960.6,open-meteo/previous-runs (best_match + GFS/ICON/ECMWF),power_model_v1@2026-01-31,0.7863,-0.0541
2026-02-16,2026-02-16T18:00:00+00:00,2026-02-17T17:00:00+00:00,2026-02-17T22:00:00+05:00,23,1,t1,0.286,0.62,0.9722,7.32,65.0,3.27,4.2,2.1,960.1,open-meteo/previous-runs (best_match + GFS/ICON/ECMWF),power_model_v1@2026-01-31,0.7305,-0.1105
2026-02-16,2026-02-16T18:00:00+00:00,2026-02-17T18:00:00+00:00,2026-02-17T23:00:00+05:00,24,1,t1,0.3192,0.6894,0.9894,7.16,72.0,3.41,5.6,1.3,959.3,open-meteo/previous-runs (best_match + GFS/ICON/ECMWF),power_model_v1@2026-01-31,0.6515,0.0379
2026-02-17,2026-02-17T18:00:00+00:00,2026-02-17T19:00:00+00:00,2026-02-18T00:00:00+05:00,1,1,t1,0.3286,0.7471,0.9972,7.25,69.0,3.7,6.7,0.5,958.5,open-meteo/previous-runs (best_match + GFS/ICON/ECMWF),power_model_v1@2026-01-31,0.8124,-0.0653
2026-02-17,2026-02-17T18:00:00+00:00,2026-02-17T20:00:00+00:00,2026-02-18T01:00:00+05:00,2,1,t1,0.341,0.7355,0.9963,7.73,71.0,4.0,6.7,0.7,958.9,open-meteo/previous-runs (best_match + GFS/ICON/ECMWF),power_model_v1@2026-01-31,0.8416,-0.1061
2026-02-17,2026-02-17T18:00:00+00:00,2026-02-17T21:00:00+00:00,2026-02-18T02:00:00+05:00,3,1,t1,0.2685,0.708,0.9826,6.75,76.0,3.41,6.2,1.1,958.5,open-meteo/previous-runs (best_match + GFS/ICON/ECMWF),power_model_v1@2026-01-31,0.7385,-0.0305
2026-02-17,2026-02-17T18:00:00+00:00,2026-02-17T22:00:00+00:00,2026-02-18T03:00:00+05:00,4,1,t1,0.2296,0.6575,0.9797,6.71,78.0,3.41,6.3,1.2,958.2,open-meteo/previous-runs (best_match + GFS/ICON/ECMWF),power_model_v1@2026-01-31,0.6974,-0.0399
2026-02-17,2026-02-17T18:00:00+00:00,2026-02-17T23:00:00+00:00,2026-02-18T04:00:00+05:00,5,1,t1,0.3386,0.7171,0.9868,7.03,84.0,3.85,6.8,1.3,957.8,open-meteo/previous-runs (best_match + GFS/ICON/ECMWF),power_model_v1@2026-01-31,0.6749,0.0422
2026-02-17,2026-02-17T18:00:00+00:00,2026-02-18T00:00:00+00:00,2026-02-18T05:00:00+05:00,6,1,t1,0.3696,0.6816,0.9979,7.1,91.0,3.8,7.9,1.6,957.7,open-meteo/previous-runs (best_match + GFS/ICON/ECMWF),power_model_v1@2026-01-31,0.6947,-0.0131
2026-02-17,2026-02-17T18:00:00+00:00,2026-02-18T01:00:00+00:00,2026-02-18T06:00:00+05:00,7,1,t1,0.4574,0.7674,0.9999,6.55,90.0,3.48,9.8,1.7,957.3,open-meteo/previous-runs (best_match + GFS/ICON/ECMWF),power_model_v1@2026-01-31,0.6876,0.0798
2026-02-17,2026-02-17T18:00:00+00:00,2026-02-18T02:00:00+00:00,2026-02-18T07:00:00+05:00,8,1,t1,0.4453,0.7248,0.9934,7.34,75.0,4.01,10.7,1.6,957.5,open-meteo/previous-runs (best_match + GFS/ICON/ECMWF),power_model_v1@2026-01-31,0.6987,0.0261
2026-02-17,2026-02-17T18:00:00+00:00,2026-02-18T03:00:00+00:00,2026-02-18T08:00:00+05:00,9,1,t1,0.5361,0.7648,0.9988,8.06,83.0,5.0,10.7,3.1,957.9,open-meteo/previous-runs (best_match + GFS/ICON/ECMWF),power_model_v1@2026-01-31,0.7495,0.0153
2026-02-17,2026-02-17T18:00:00+00:00,2026-02-18T04:00:00+00:00,2026-02-18T09:00:00+05:00,10,1,t1,0.5728,0.8005,0.9964,8.1,70.0,4.9,11.5,5.6,957.9,open-meteo/previous-runs (best_match + GFS/ICON/ECMWF),power_model_v1@2026-01-31,0.7873,0.0132
2026-02-17,2026-02-17T18:00:00+00:00,2026-02-18T05:00:00+00:00,2026-02-18T10:00:00+05:00,11,1,t1,0.6838,0.8856,0.9945,8.54,63.0,5.89,14.4,8.8,957.3,open-meteo/previous-runs (best_match + GFS/ICON/ECMWF),power_model_v1@2026-01-31,0.8921,-0.0065
2026-02-17,2026-02-17T18:00:00+00:00,2026-02-18T06:00:00+00:00,2026-02-18T11:00:00+05:00,12,1,t1,0.863,0.9216,0.9914,11.41,59.0,8.11,15.5,10.4,957.3,open-meteo/previous-runs (best_match + GFS/ICON/ECMWF),power_model_v1@2026-01-31,0.93,-0.0084
2026-02-17,2026-02-17T18:00:00+00:00,2026-02-18T07:00:00+00:00,2026-02-18T12:00:00+05:00,13,1,t1,0.906,0.9719,0.9909,10.11,70.0,7.39,15.9,12.4,956.4,open-meteo/previous-runs (best_match + GFS/ICON/ECMWF),power_model_v1@2026-01-31,0.9688,0.0031
2026-02-17,2026-02-17T18:00:00+00:00,2026-02-18T08:00:00+00:00,2026-02-18T13:00:00+05:00,14,1,t1,0.9198,0.9709,0.9902,10.09,69.0,7.46,15.9,13.7,955.1,open-meteo/previous-runs (best_match + GFS/ICON/ECMWF),power_model_v1@2026-01-31,0.9677,0.0032
2026-02-17,2026-02-17T18:00:00+00:00,2026-02-18T09:00:00+00:00,2026-02-18T14:00:00+05:00,15,1,t1,0.9129,0.9668,0.9904,9.96,71.0,7.27,15.2,13.9,954.8,open-meteo/previous-runs (best_match + GFS/ICON/ECMWF),power_model_v1@2026-01-31,0.9743,-0.0075
2026-02-17,2026-02-17T18:00:00+00:00,2026-02-18T10:00:00+00:00,2026-02-18T15:00:00+05:00,16,1,t1,0.8096,0.9784,0.9931,9.26,69.0,6.53,15.2,13.6,954.3,open-meteo/previous-runs (best_match + GFS/ICON/ECMWF),power_model_v1@2026-01-31,0.9687,0.0097
2026-02-17,2026-02-17T18:00:00+00:00,2026-02-18T11:00:00+00:00,2026-02-18T16:00:00+05:00,17,1,t1,0.7009,0.9399,0.9918,10.09,59.0,6.27,14.8,11.9,953.4,open-meteo/previous-runs (best_match + GFS/ICON/ECMWF),power_model_v1@2026-01-31,0.9237,0.0162
2026-02-17,2026-02-17T18:00:00+00:00,2026-02-18T12:00:00+00:00,2026-02-18T17:00:00+05:00,18,1,t1,0.5609,0.9476,1.0,8.66,75.0,4.55,12.0,9.2,952.7,open-meteo/previous-runs (best_match + GFS/ICON/ECMWF),power_model_v1@2026-01-31,0.9049,0.0427
2026-02-17,2026-02-17T18:00:00+00:00,2026-02-18T13:00:00+00:00,2026-02-18T18:00:00+05:00,19,1,t1,0.3792,0.8743,0.994,7.08,72.0,3.35,8.5,5.9,952.0,open-meteo/previous-runs (best_match + GFS/ICON/ECMWF),power_model_v1@2026-01-31,0.9305,-0.0562
2026-02-17,2026-02-17T18:00:00+00:00,2026-02-18T14:00:00+00:00,2026-02-18T19:00:00+05:00,20,1,t1,0.3788,0.8674,0.9948,7.45,78.0,3.64,6.3,4.1,952.0,open-meteo/previous-runs (best_match + GFS/ICON/ECMWF),power_model_v1@2026-01-31,0.9489,-0.0815
2026-02-17,2026-02-17T18:00:00+00:00,2026-02-18T15:00:00+00:00,2026-02-18T20:00:00+05:00,21,1,t1,0.3606,0.8642,0.991,6.56,87.0,3.36,5.3,3.1,951.0,open-meteo/previous-runs (best_match + GFS/ICON/ECMWF),power_model_v1@2026-01-31,0.8632,0.001
2026-02-17,2026-02-17T18:00:00+00:00,2026-02-18T16:00:00+00:00,2026-02-18T21:00:00+05:00,22,1,t1,0.2457,0.7845,0.9816,7.01,78.0,3.32,5.0,3.1,950.8,open-meteo/previous-runs (best_match + GFS/ICON/ECMWF),power_model_v1@2026-01-31,0.8931,-0.1086
2026-02-17,2026-02-17T18:00:00+00:00,2026-02-18T17:00:00+00:00,2026-02-18T22:00:00+05:00,23,1,t1,0.2784,0.7471,0.9892,6.05,89.0,3.09,5.4,2.7,950.2,open-meteo/previous-runs (best_match + GFS/ICON/ECMWF),power_model_v1@2026-01-31,0.7837,-0.0366
2026-02-17,2026-02-17T18:00:00+00:00,2026-02-18T18:00:00+00:00,2026-02-18T23:00:00+05:00,24,1,t1,0.2842,0.8235,0.9656,5.92,85.0,2.85,5.9,2.5,949.8,open-meteo/previous-runs (best_match + GFS/ICON/ECMWF),power_model_v1@2026-01-31,0.7283,0.0952
2026-02-18,2026-02-18T18:00:00+00:00,2026-02-18T19:00:00+00:00,2026-02-19T00:00:00+05:00,1,1,t1,0.2267,0.6681,0.9639,6.17,79.0,2.92,6.6,2.5,949.8,open-meteo/previous-runs (best_match + GFS/ICON/ECMWF),power_model_v1@2026-01-31,0.6166,0.0515
2026-02-18,2026-02-18T18:00:00+00:00,2026-02-18T20:00:00+00:00,2026-02-19T01:00:00+05:00,2,1,t1,0.1869,0.7186,0.9655,5.1,82.0,2.4,6.6,1.9,949.3,open-meteo/previous-runs (best_match + GFS/ICON/ECMWF),power_model_v1@2026-01-31,0.6638,0.0548
2026-02-18,2026-02-18T18:00:00+00:00,2026-02-18T21:00:00+00:00,2026-02-19T02:00:00+05:00,3,1,t1,0.192,0.7015,0.9672,5.12,86.0,2.69,6.7,2.0,949.1,open-meteo/previous-runs (best_match + GFS/ICON/ECMWF),power_model_v1@2026-01-31,0.5657,0.1358
2026-02-18,2026-02-18T18:00:00+00:00,2026-02-18T22:00:00+00:00,2026-02-19T03:00:00+05:00,4,1,t1,0.1892,0.656,0.9622,4.97,85.0,2.72,7.1,2.3,948.8,open-meteo/previous-runs (best_match + GFS/ICON/ECMWF),power_model_v1@2026-01-31,0.5742,0.0818
2026-02-18,2026-02-18T18:00:00+00:00,2026-02-18T23:00:00+00:00,2026-02-19T04:00:00+05:00,5,1,t1,0.1585,0.5429,0.9228,5.16,81.0,2.73,7.2,2.5,948.6,open-meteo/previous-runs (best_match + GFS/ICON/ECMWF),power_model_v1@2026-01-31,0.4403,0.1026
2026-02-18,2026-02-18T18:00:00+00:00,2026-02-19T00:00:00+00:00,2026-02-19T05:00:00+05:00,6,1,t1,0.1074,0.4819,0.8852,4.36,85.0,2.27,5.9,1.8,948.3,open-meteo/previous-runs (best_match + GFS/ICON/ECMWF),power_model_v1@2026-01-31,0.5285,-0.0466
2026-02-18,2026-02-18T18:00:00+00:00,2026-02-19T01:00:00+00:00,2026-02-19T06:00:00+05:00,7,1,t1,0.0671,0.3955,0.8182,4.48,74.0,1.91,5.9,1.6,948.9,open-meteo/previous-runs (best_match + GFS/ICON/ECMWF),power_model_v1@2026-01-31,0.4719,-0.0764
2026-02-18,2026-02-18T18:00:00+00:00,2026-02-19T02:00:00+00:00,2026-02-19T07:00:00+05:00,8,1,t1,0.0525,0.3785,0.9007,4.53,83.0,1.86,4.9,1.8,949.4,open-meteo/previous-runs (best_match + GFS/ICON/ECMWF),power_model_v1@2026-01-31,0.4963,-0.1178
2026-02-18,2026-02-18T18:00:00+00:00,2026-02-19T03:00:00+00:00,2026-02-19T08:00:00+05:00,9,1,t1,0.0154,0.2496,0.7672,4.5,91.0,2.21,4.0,4.6,950.4,open-meteo/previous-runs (best_match + GFS/ICON/ECMWF),power_model_v1@2026-01-31,0.4176,-0.168
2026-02-18,2026-02-18T18:00:00+00:00,2026-02-19T04:00:00+00:00,2026-02-19T09:00:00+05:00,10,1,t1,0.0,0.245,0.7744,4.86,86.0,3.06,3.9,8.0,950.8,open-meteo/previous-runs (best_match + GFS/ICON/ECMWF),power_model_v1@2026-01-31,0.4885,-0.2435
2026-02-18,2026-02-18T18:00:00+00:00,2026-02-19T05:00:00+00:00,2026-02-19T10:00:00+05:00,11,1,t1,0.0646,0.2988,0.8645,5.42,78.0,3.31,5.8,10.0,951.3,open-meteo/previous-runs (best_match + GFS/ICON/ECMWF),power_model_v1@2026-01-31,0.4731,-0.1743
2026-02-18,2026-02-18T18:00:00+00:00,2026-02-19T06:00:00+00:00,2026-02-19T11:00:00+05:00,12,1,t1,0.0,0.3431,0.8402,4.65,73.0,3.42,7.5,11.8,951.4,open-meteo/previous-runs (best_match + GFS/ICON/ECMWF),power_model_v1@2026-01-31,0.4705,-0.1274
2026-02-18,2026-02-18T18:00:00+00:00,2026-02-19T07:00:00+00:00,2026-02-19T12:00:00+05:00,13,1,t1,0.0,0.4218,0.7776,4.91,68.0,3.76,7.8,13.3,950.9,open-meteo/previous-runs (best_match + GFS/ICON/ECMWF),power_model_v1@2026-01-31,0.4725,-0.0507
2026-02-18,2026-02-18T18:00:00+00:00,2026-02-19T08:00:00+00:00,2026-02-19T13:00:00+05:00,14,1,t1,0.0,0.4236,0.7258,4.82,67.0,3.71,8.3,14.4,950.2,open-meteo/previous-runs (best_match + GFS/ICON/ECMWF),power_model_v1@2026-01-31,0.3943,0.0293
2026-02-18,2026-02-18T18:00:00+00:00,2026-02-19T09:00:00+00:00,2026-02-19T14:00:00+05:00,15,1,t1,0.0,0.3501,0.6838,4.63,64.0,3.54,8.2,14.7,950.1,open-meteo/previous-runs (best_match + GFS/ICON/ECMWF),power_model_v1@2026-01-31,0.3558,-0.0057
2026-02-18,2026-02-18T18:00:00+00:00,2026-02-19T10:00:00+00:00,2026-02-19T15:00:00+05:00,16,1,t1,0.0,0.2827,0.5959,4.11,80.0,3.0,7.4,14.5,950.1,open-meteo/previous-runs (best_match + GFS/ICON/ECMWF),power_model_v1@2026-01-31,0.2945,-0.0118
2026-02-18,2026-02-18T18:00:00+00:00,2026-02-19T11:00:00+00:00,2026-02-19T16:00:00+05:00,17,1,t1,0.0,0.2921,0.5588,2.58,112.0,1.3,6.7,13.8,950.0,open-meteo/previous-runs (best_match + GFS/ICON/ECMWF),power_model_v1@2026-01-31,0.27,0.0221
2026-02-18,2026-02-18T18:00:00+00:00,2026-02-19T12:00:00+00:00,2026-02-19T17:00:00+05:00,18,1,t1,0.0003,0.2118,0.4355,3.37,108.0,1.71,5.5,9.9,948.7,open-meteo/previous-runs (best_match + GFS/ICON/ECMWF),power_model_v1@2026-01-31,0.2896,-0.0778
2026-02-18,2026-02-18T18:00:00+00:00,2026-02-19T13:00:00+00:00,2026-02-19T18:00:00+05:00,19,1,t1,0.0005,0.2077,0.3877,1.23,111.0,0.57,3.5,8.8,949.2,open-meteo/previous-runs (best_match + GFS/ICON/ECMWF),power_model_v1@2026-01-31,0.2652,-0.0575
2026-02-18,2026-02-18T18:00:00+00:00,2026-02-19T14:00:00+00:00,2026-02-19T19:00:00+05:00,20,1,t1,0.0048,0.1181,0.3518,1.89,212.0,1.15,2.0,8.5,950.2,open-meteo/previous-runs (best_match + GFS/ICON/ECMWF),power_model_v1@2026-01-31,0.3587,-0.2406
2026-02-18,2026-02-18T18:00:00+00:00,2026-02-19T15:00:00+00:00,2026-02-19T20:00:00+05:00,21,1,t1,0.0046,0.1224,0.357,4.72,238.0,2.67,2.0,10.0,951.0,open-meteo/previous-runs (best_match + GFS/ICON/ECMWF),power_model_v1@2026-01-31,0.1966,-0.0742
2026-02-18,2026-02-18T18:00:00+00:00,2026-02-19T16:00:00+00:00,2026-02-19T21:00:00+05:00,22,1,t1,0.0016,0.184,0.4178,5.25,256.0,2.51,2.5,9.3,951.6,open-meteo/previous-runs (best_match + GFS/ICON/ECMWF),power_model_v1@2026-01-31,0.1579,0.0261
2026-02-18,2026-02-18T18:00:00+00:00,2026-02-19T17:00:00+00:00,2026-02-19T22:00:00+05:00,23,1,t1,0.0,0.2531,0.6535,7.01,250.0,3.33,4.3,8.8,952.6,open-meteo/previous-runs (best_match + GFS/ICON/ECMWF),power_model_v1@2026-01-31,0.2002,0.0529
2026-02-18,2026-02-18T18:00:00+00:00,2026-02-19T18:00:00+00:00,2026-02-19T23:00:00+05:00,24,1,t1,0.0,0.4209,0.8013,6.15,260.0,2.44,4.5,8.3,953.1,open-meteo/previous-runs (best_match + GFS/ICON/ECMWF),power_model_v1@2026-01-31,0.2648,0.1561
2026-02-19,2026-02-19T18:00:00+00:00,2026-02-19T19:00:00+00:00,2026-02-20T00:00:00+05:00,1,1,t1,0.0,0.3593,0.8496,7.07,239.0,3.96,5.2,8.2,953.8,open-meteo/previous-runs (best_match + GFS/ICON/ECMWF),power_model_v1@2026-01-31,0.2702,0.0891
2026-02-19,2026-02-19T18:00:00+00:00,2026-02-19T20:00:00+00:00,2026-02-20T01:00:00+05:00,2,1,t1,0.0,0.291,0.82,7.44,240.0,4.3,5.3,8.3,954.2,open-meteo/previous-runs (best_match + GFS/ICON/ECMWF),power_model_v1@2026-01-31,0.277,0.014
2026-02-19,2026-02-19T18:00:00+00:00,2026-02-19T21:00:00+00:00,2026-02-20T02:00:00+05:00,3,1,t1,0.0,0.408,0.8519,7.45,243.0,4.1,5.5,8.1,954.6,open-meteo/previous-runs (best_match + GFS/ICON/ECMWF),power_model_v1@2026-01-31,0.3092,0.0988
2026-02-19,2026-02-19T18:00:00+00:00,2026-02-19T22:00:00+00:00,2026-02-20T03:00:00+05:00,4,1,t1,0.0,0.4057,0.8591,6.96,245.0,3.73,5.4,7.8,954.7,open-meteo/previous-runs (best_match + GFS/ICON/ECMWF),power_model_v1@2026-01-31,0.404,0.0017
2026-02-19,2026-02-19T18:00:00+00:00,2026-02-19T23:00:00+00:00,2026-02-20T04:00:00+05:00,5,1,t1,0.0,0.3404,0.8173,7.34,242.0,4.13,5.2,7.5,955.4,open-meteo/previous-runs (best_match + GFS/ICON/ECMWF),power_model_v1@2026-01-31,0.4059,-0.0655
2026-02-19,2026-02-19T18:00:00+00:00,2026-02-20T00:00:00+00:00,2026-02-20T05:00:00+05:00,6,1,t1,0.1072,0.4523,0.8822,7.76,244.0,4.3,5.1,6.9,956.1,open-meteo/previous-runs (best_match + GFS/ICON/ECMWF),power_model_v1@2026-01-31,0.25,0.2023
2026-02-19,2026-02-19T18:00:00+00:00,2026-02-20T01:00:00+00:00,2026-02-20T06:00:00+05:00,7,1,t1,0.1076,0.4832,0.9091,7.91,240.0,4.54,5.8,6.9,957.0,open-meteo/previous-runs (best_match + GFS/ICON/ECMWF),power_model_v1@2026-01-31,0.3445,0.1387
2026-02-19,2026-02-19T18:00:00+00:00,2026-02-20T02:00:00+00:00,2026-02-20T07:00:00+05:00,8,1,t1,0.1083,0.4751,0.9101,8.49,237.0,5.01,6.8,7.2,958.2,open-meteo/previous-runs (best_match + GFS/ICON/ECMWF),power_model_v1@2026-01-31,0.4271,0.048
2026-02-19,2026-02-19T18:00:00+00:00,2026-02-20T03:00:00+00:00,2026-02-20T08:00:00+05:00,9,1,t1,0.0157,0.4502,0.9173,7.86,236.0,4.92,6.9,8.0,959.2,open-meteo/previous-runs (best_match + GFS/ICON/ECMWF),power_model_v1@2026-01-31,0.3539,0.0963
2026-02-19,2026-02-19T18:00:00+00:00,2026-02-20T04:00:00+00:00,2026-02-20T09:00:00+05:00,10,1,t1,0.0699,0.4781,0.8696,6.3,232.0,4.63,7.8,8.8,960.0,open-meteo/previous-runs (best_match + GFS/ICON/ECMWF),power_model_v1@2026-01-31,0.3397,0.1384
2026-02-19,2026-02-19T18:00:00+00:00,2026-02-20T05:00:00+00:00,2026-02-20T10:00:00+05:00,11,1,t1,0.0,0.4422,0.7386,5.45,226.0,4.32,8.0,9.5,960.1,open-meteo/previous-runs (best_match + GFS/ICON/ECMWF),power_model_v1@2026-01-31,0.1974,0.2448
2026-02-19,2026-02-19T18:00:00+00:00,2026-02-20T06:00:00+00:00,2026-02-20T11:00:00+05:00,12,1,t1,0.0,0.3209,0.7474,5.35,249.0,4.17,9.0,11.8,959.7,open-meteo/previous-runs (best_match + GFS/ICON/ECMWF),power_model_v1@2026-01-31,0.1606,0.1603
2026-02-19,2026-02-19T18:00:00+00:00,2026-02-20T07:00:00+00:00,2026-02-20T12:00:00+05:00,13,1,t1,0.0,0.2661,0.6716,4.76,249.0,3.74,8.8,13.0,959.0,open-meteo/previous-runs (best_match + GFS/ICON/ECMWF),power_model_v1@2026-01-31,0.1498,0.1163
2026-02-19,2026-02-19T18:00:00+00:00,2026-02-20T08:00:00+00:00,2026-02-20T13:00:00+05:00,14,1,t1,0.0,0.2589,0.5575,4.14,245.0,3.27,8.6,14.2,957.9,open-meteo/previous-runs (best_match + GFS/ICON/ECMWF),power_model_v1@2026-01-31,0.1116,0.1473
2026-02-19,2026-02-19T18:00:00+00:00,2026-02-20T09:00:00+00:00,2026-02-20T14:00:00+05:00,15,1,t1,0.0002,0.213,0.4248,3.54,251.0,2.82,7.8,14.8,957.2,open-meteo/previous-runs (best_match + GFS/ICON/ECMWF),power_model_v1@2026-01-31,0.0771,0.1359
2026-02-19,2026-02-19T18:00:00+00:00,2026-02-20T10:00:00+00:00,2026-02-20T15:00:00+05:00,16,1,t1,0.0025,0.1645,0.3146,3.09,261.0,2.55,7.6,14.6,956.7,open-meteo/previous-runs (best_match + GFS/ICON/ECMWF),power_model_v1@2026-01-31,0.0511,0.1134
2026-02-19,2026-02-19T18:00:00+00:00,2026-02-20T11:00:00+00:00,2026-02-20T16:00:00+05:00,17,1,t1,0.0051,0.1108,0.2413,2.4,282.0,2.1,7.4,13.3,956.6,open-meteo/previous-runs (best_match + GFS/ICON/ECMWF),power_model_v1@2026-01-31,0.1033,0.0075
2026-02-19,2026-02-19T18:00:00+00:00,2026-02-20T12:00:00+00:00,2026-02-20T17:00:00+05:00,18,1,t1,0.0072,0.0687,0.1542,2.36,306.0,1.46,6.3,9.9,955.2,open-meteo/previous-runs (best_match + GFS/ICON/ECMWF),power_model_v1@2026-01-31,0.1571,-0.0884
2026-02-19,2026-02-19T18:00:00+00:00,2026-02-20T13:00:00+00:00,2026-02-20T18:00:00+05:00,19,1,t1,0.0066,0.0797,0.1508,1.04,343.0,0.38,4.7,7.6,955.2,open-meteo/previous-runs (best_match + GFS/ICON/ECMWF),power_model_v1@2026-01-31,0.2735,-0.1938
2026-02-19,2026-02-19T18:00:00+00:00,2026-02-20T14:00:00+00:00,2026-02-20T19:00:00+05:00,20,1,t1,0.0,0.2486,0.4559,3.57,59.0,1.95,2.8,6.7,955.3,open-meteo/previous-runs (best_match + GFS/ICON/ECMWF),power_model_v1@2026-01-31,0.5473,-0.2987
2026-02-19,2026-02-19T18:00:00+00:00,2026-02-20T15:00:00+00:00,2026-02-20T20:00:00+05:00,21,1,t1,0.0,0.3275,0.7378,6.58,58.0,2.31,2.1,6.7,954.8,open-meteo/previous-runs (best_match + GFS/ICON/ECMWF),power_model_v1@2026-01-31,0.6262,-0.2987
2026-02-19,2026-02-19T18:00:00+00:00,2026-02-20T16:00:00+00:00,2026-02-20T21:00:00+05:00,22,1,t1,0.0402,0.4626,0.944,7.27,61.0,3.09,1.4,6.7,954.4,open-meteo/previous-runs (best_match + GFS/ICON/ECMWF),power_model_v1@2026-01-31,0.6096,-0.147
2026-02-19,2026-02-19T18:00:00+00:00,2026-02-20T17:00:00+00:00,2026-02-20T22:00:00+05:00,23,1,t1,0.0575,0.4435,0.965,8.05,63.0,3.88,1.1,5.5,953.7,open-meteo/previous-runs (best_match + GFS/ICON/ECMWF),power_model_v1@2026-01-31,0.686,-0.2425
2026-02-19,2026-02-19T18:00:00+00:00,2026-02-20T18:00:00+00:00,2026-02-20T23:00:00+05:00,24,1,t1,0.2246,0.5022,0.9006,8.31,66.0,4.34,3.0,4.5,952.8,open-meteo/previous-runs (best_match + GFS/ICON/ECMWF),power_model_v1@2026-01-31,0.5256,-0.0234
2026-02-20,2026-02-20T18:00:00+00:00,2026-02-20T19:00:00+00:00,2026-02-21T00:00:00+05:00,1,1,t1,0.2508,0.4561,0.8871,7.99,71.0,4.11,3.1,3.9,952.3,open-meteo/previous-runs (best_match + GFS/ICON/ECMWF),power_model_v1@2026-01-31,0.684,-0.2279
2026-02-20,2026-02-20T18:00:00+00:00,2026-02-20T20:00:00+00:00,2026-02-21T01:00:00+05:00,2,1,t1,0.2257,0.5418,0.8898,7.53,77.0,3.97,3.6,4.0,951.9,open-meteo/previous-runs (best_match + GFS/ICON/ECMWF),power_model_v1@2026-01-31,0.6674,-0.1256
2026-02-20,2026-02-20T18:00:00+00:00,2026-02-20T21:00:00+00:00,2026-02-21T02:00:00+05:00,3,1,t1,0.191,0.5055,0.8785,7.3,79.0,3.77,3.4,4.2,951.8,open-meteo/previous-runs (best_match + GFS/ICON/ECMWF),power_model_v1@2026-01-31,0.6395,-0.134
2026-02-20,2026-02-20T18:00:00+00:00,2026-02-20T22:00:00+00:00,2026-02-21T03:00:00+05:00,4,1,t1,0.1255,0.439,0.867,6.85,74.0,3.5,3.3,4.2,951.3,open-meteo/previous-runs (best_match + GFS/ICON/ECMWF),power_model_v1@2026-01-31,0.5164,-0.0774
2026-02-20,2026-02-20T18:00:00+00:00,2026-02-20T23:00:00+00:00,2026-02-21T04:00:00+05:00,5,1,t1,0.1063,0.434,0.8989,6.36,72.0,3.08,3.8,4.0,951.1,open-meteo/previous-runs (best_match + GFS/ICON/ECMWF),power_model_v1@2026-01-31,0.4176,0.0164
2026-02-20,2026-02-20T18:00:00+00:00,2026-02-21T00:00:00+00:00,2026-02-21T05:00:00+05:00,6,1,t1,0.1331,0.3994,0.9394,5.81,75.0,2.82,4.5,3.8,951.3,open-meteo/previous-runs (best_match + GFS/ICON/ECMWF),power_model_v1@2026-01-31,0.4649,-0.0655
2026-02-20,2026-02-20T18:00:00+00:00,2026-02-21T01:00:00+00:00,2026-02-21T06:00:00+05:00,7,1,t1,0.1029,0.4459,0.9177,4.94,74.0,2.3,4.4,3.2,951.4,open-meteo/previous-runs (best_match + GFS/ICON/ECMWF),power_model_v1@2026-01-31,0.4084,0.0375
2026-02-20,2026-02-20T18:00:00+00:00,2026-02-21T02:00:00+00:00,2026-02-21T07:00:00+05:00,8,1,t1,0.0841,0.4756,0.9182,4.62,84.0,2.3,4.2,3.3,951.2,open-meteo/previous-runs (best_match + GFS/ICON/ECMWF),power_model_v1@2026-01-31,0.3124,0.1632
2026-02-20,2026-02-20T18:00:00+00:00,2026-02-21T03:00:00+00:00,2026-02-21T08:00:00+05:00,9,1,t1,0.0358,0.3224,0.8497,4.51,75.0,2.59,4.9,4.7,951.9,open-meteo/previous-runs (best_match + GFS/ICON/ECMWF),power_model_v1@2026-01-31,0.2735,0.0489
2026-02-20,2026-02-20T18:00:00+00:00,2026-02-21T04:00:00+00:00,2026-02-21T09:00:00+05:00,10,1,t1,0.0015,0.1858,0.5882,0.76,349.0,1.14,5.0,5.7,954.3,open-meteo/previous-runs (best_match + GFS/ICON/ECMWF),power_model_v1@2026-01-31,0.2265,-0.0407
2026-02-20,2026-02-20T18:00:00+00:00,2026-02-21T05:00:00+00:00,2026-02-21T10:00:00+05:00,11,1,t1,0.0034,0.1464,0.5302,5.76,236.0,4.17,5.2,8.2,957.4,open-meteo/previous-runs (best_match + GFS/ICON/ECMWF),power_model_v1@2026-01-31,0.1771,-0.0307
2026-02-20,2026-02-20T18:00:00+00:00,2026-02-21T06:00:00+00:00,2026-02-21T11:00:00+05:00,12,1,t1,0.0562,0.5533,0.9852,11.25,270.0,7.06,14.6,8.2,958.5,open-meteo/previous-runs (best_match + GFS/ICON/ECMWF),power_model_v1@2026-01-31,0.5103,0.043
2026-02-20,2026-02-20T18:00:00+00:00,2026-02-21T07:00:00+00:00,2026-02-21T12:00:00+05:00,13,1,t1,0.6108,0.9207,0.9918,11.51,268.0,7.1,15.0,7.8,959.6,open-meteo/previous-runs (best_match + GFS/ICON/ECMWF),power_model_v1@2026-01-31,0.6975,0.2232
2026-02-20,2026-02-20T18:00:00+00:00,2026-02-21T08:00:00+00:00,2026-02-21T13:00:00+05:00,14,1,t1,0.7425,0.9473,0.9908,13.05,270.0,8.3,14.9,7.2,960.5,open-meteo/previous-runs (best_match + GFS/ICON/ECMWF),power_model_v1@2026-01-31,0.769,0.1783
2026-02-20,2026-02-20T18:00:00+00:00,2026-02-21T09:00:00+00:00,2026-02-21T14:00:00+05:00,15,1,t1,0.6893,0.9232,0.9944,12.36,272.0,8.4,17.2,7.4,961.4,open-meteo/previous-runs (best_match + GFS/ICON/ECMWF),power_model_v1@2026-01-31,0.7013,0.2219
2026-02-20,2026-02-20T18:00:00+00:00,2026-02-21T10:00:00+00:00,2026-02-21T15:00:00+05:00,16,1,t1,0.4247,0.8654,0.9946,9.35,271.0,6.7,16.1,7.3,961.9,open-meteo/previous-runs (best_match + GFS/ICON/ECMWF),power_model_v1@2026-01-31,0.604,0.2614
2026-02-20,2026-02-20T18:00:00+00:00,2026-02-21T11:00:00+00:00,2026-02-21T16:00:00+05:00,17,1,t1,0.2837,0.746,0.9831,7.45,272.0,5.01,14.0,7.2,962.0,open-meteo/previous-runs (best_match + GFS/ICON/ECMWF),power_model_v1@2026-01-31,0.4789,0.2671
2026-02-20,2026-02-20T18:00:00+00:00,2026-02-21T12:00:00+00:00,2026-02-21T17:00:00+05:00,18,1,t1,0.231,0.7076,0.9432,6.35,268.0,3.66,14.3,5.8,962.5,open-meteo/previous-runs (best_match + GFS/ICON/ECMWF),power_model_v1@2026-01-31,0.3977,0.3099
2026-02-20,2026-02-20T18:00:00+00:00,2026-02-21T13:00:00+00:00,2026-02-21T18:00:00+05:00,19,1,t1,0.1636,0.4961,0.8914,4.89,254.0,1.99,11.5,5.4,962.4,open-meteo/previous-runs (best_match + GFS/ICON/ECMWF),power_model_v1@2026-01-31,0.4167,0.0794
2026-02-20,2026-02-20T18:00:00+00:00,2026-02-21T14:00:00+00:00,2026-02-21T19:00:00+05:00,20,1,t1,0.1095,0.4402,0.8685,5.85,255.0,2.66,8.1,5.4,962.3,open-meteo/previous-runs (best_match + GFS/ICON/ECMWF),power_model_v1@2026-01-31,0.3786,0.0616
2026-02-20,2026-02-20T18:00:00+00:00,2026-02-21T15:00:00+00:00,2026-02-21T20:00:00+05:00,21,1,t1,0.0,0.2984,0.7739,7.6,257.0,3.67,5.6,5.0,962.2,open-meteo/previous-runs (best_match + GFS/ICON/ECMWF),power_model_v1@2026-01-31,0.5119,-0.2135
2026-02-20,2026-02-20T18:00:00+00:00,2026-02-21T16:00:00+00:00,2026-02-21T21:00:00+05:00,22,1,t1,0.0,0.2725,0.7317,7.88,260.0,4.05,4.6,4.9,962.1,open-meteo/previous-runs (best_match + GFS/ICON/ECMWF),power_model_v1@2026-01-31,0.6956,-0.4231
2026-02-20,2026-02-20T18:00:00+00:00,2026-02-21T17:00:00+00:00,2026-02-21T22:00:00+05:00,23,1,t1,0.0,0.2224,0.7309,7.91,252.0,4.02,4.4,4.6,962.0,open-meteo/previous-runs (best_match + GFS/ICON/ECMWF),power_model_v1@2026-01-31,0.7092,-0.4868
2026-02-20,2026-02-20T18:00:00+00:00,2026-02-21T18:00:00+00:00,2026-02-21T23:00:00+05:00,24,1,t1,0.0,0.2494,0.5717,5.03,245.0,2.17,3.3,3.2,961.5,open-meteo/previous-runs (best_match + GFS/ICON/ECMWF),power_model_v1@2026-01-31,0.7202,-0.4708
2026-02-21,2026-02-21T18:00:00+00:00,2026-02-21T19:00:00+00:00,2026-02-22T00:00:00+05:00,1,1,t1,0.0017,0.1822,0.373,4.46,240.0,1.9,3.1,2.4,961.2,open-meteo/previous-runs (best_match + GFS/ICON/ECMWF),power_model_v1@2026-01-31,0.6407,-0.4585
2026-02-21,2026-02-21T18:00:00+00:00,2026-02-21T20:00:00+00:00,2026-02-22T01:00:00+05:00,2,1,t1,0.0029,0.1581,0.2945,4.56,238.0,1.87,3.1,1.7,960.5,open-meteo/previous-runs (best_match + GFS/ICON/ECMWF),power_model_v1@2026-01-31,0.6829,-0.5248
2026-02-21,2026-02-21T18:00:00+00:00,2026-02-21T21:00:00+00:00,2026-02-22T02:00:00+05:00,3,1,t1,0.0069,0.0747,0.2125,3.52,238.0,1.48,3.1,0.3,959.8,open-meteo/previous-runs (best_match + GFS/ICON/ECMWF),power_model_v1@2026-01-31,0.4765,-0.4018
2026-02-21,2026-02-21T18:00:00+00:00,2026-02-21T22:00:00+00:00,2026-02-22T03:00:00+05:00,4,1,t1,0.0083,0.0454,0.1969,1.98,221.0,0.95,3.1,-0.6,958.8,open-meteo/previous-runs (best_match + GFS/ICON/ECMWF),power_model_v1@2026-01-31,0.2387,-0.1933
2026-02-21,2026-02-21T18:00:00+00:00,2026-02-21T23:00:00+00:00,2026-02-22T04:00:00+05:00,5,1,t1,0.009,0.0246,0.0774,0.83,295.0,0.15,2.5,-1.3,958.3,open-meteo/previous-runs (best_match + GFS/ICON/ECMWF),power_model_v1@2026-01-31,0.0865,-0.0619
2026-02-21,2026-02-21T18:00:00+00:00,2026-02-22T00:00:00+00:00,2026-02-22T05:00:00+05:00,6,1,t1,0.009,0.0316,0.0646,0.5,53.0,0.49,1.4,-0.9,958.4,open-meteo/previous-runs (best_match + GFS/ICON/ECMWF),power_model_v1@2026-01-31,0.0369,-0.0053
2026-02-21,2026-02-21T18:00:00+00:00,2026-02-22T01:00:00+00:00,2026-02-22T06:00:00+05:00,7,1,t1,0.0087,0.0365,0.108,2.15,72.0,1.39,1.8,-1.3,957.8,open-meteo/previous-runs (best_match + GFS/ICON/ECMWF),power_model_v1@2026-01-31,0.0384,-0.0019
2026-02-21,2026-02-21T18:00:00+00:00,2026-02-22T02:00:00+00:00,2026-02-22T07:00:00+05:00,8,1,t1,0.0056,0.1004,0.426,3.39,74.0,1.53,1.9,-0.9,956.9,open-meteo/previous-runs (best_match + GFS/ICON/ECMWF),power_model_v1@2026-01-31,0.0278,0.0726
2026-02-21,2026-02-21T18:00:00+00:00,2026-02-22T03:00:00+00:00,2026-02-22T08:00:00+05:00,9,1,t1,0.0,0.1132,0.7144,5.57,64.0,2.82,2.2,1.8,957.2,open-meteo/previous-runs (best_match + GFS/ICON/ECMWF),power_model_v1@2026-01-31,0.0552,0.058
2026-02-21,2026-02-21T18:00:00+00:00,2026-02-22T04:00:00+00:00,2026-02-22T09:00:00+05:00,10,1,t1,0.0,0.1994,0.8536,5.82,60.0,3.79,3.9,3.6,957.1,open-meteo/previous-runs (best_match + GFS/ICON/ECMWF),power_model_v1@2026-01-31,0.0593,0.1401
2026-02-21,2026-02-21T18:00:00+00:00,2026-02-22T05:00:00+00:00,2026-02-22T10:00:00+05:00,11,1,t1,0.0363,0.441,0.9732,7.27,54.0,5.18,5.8,5.2,956.1,open-meteo/previous-runs (best_match + GFS/ICON/ECMWF),power_model_v1@2026-01-31,0.1153,0.3257
2026-02-21,2026-02-21T18:00:00+00:00,2026-02-22T06:00:00+00:00,2026-02-22T11:00:00+05:00,12,1,t1,0.3531,0.753,0.9882,8.18,51.0,6.09,12.7,6.9,955.4,open-meteo/previous-runs (best_match + GFS/ICON/ECMWF),power_model_v1@2026-01-31,0.3241,0.4289
2026-02-21,2026-02-21T18:00:00+00:00,2026-02-22T07:00:00+00:00,2026-02-22T12:00:00+05:00,13,1,t1,0.5322,0.8715,0.9912,9.25,52.0,6.94,14.2,8.6,954.3,open-meteo/previous-runs (best_match + GFS/ICON/ECMWF),power_model_v1@2026-01-31,0.4221,0.4494
2026-02-21,2026-02-21T18:00:00+00:00,2026-02-22T08:00:00+00:00,2026-02-22T13:00:00+05:00,14,1,t1,0.5623,0.8902,0.9898,9.18,55.0,6.86,14.2,9.6,952.9,open-meteo/previous-runs (best_match + GFS/ICON/ECMWF),power_model_v1@2026-01-31,0.6927,0.1975
2026-02-21,2026-02-21T18:00:00+00:00,2026-02-22T09:00:00+00:00,2026-02-22T14:00:00+05:00,15,1,t1,0.5195,0.8858,0.9787,8.45,55.0,6.33,13.9,10.0,952.1,open-meteo/previous-runs (best_match + GFS/ICON/ECMWF),power_model_v1@2026-01-31,0.7738,0.112
2026-02-21,2026-02-21T18:00:00+00:00,2026-02-22T10:00:00+00:00,2026-02-22T15:00:00+05:00,16,1,t1,0.45,0.831,0.9811,8.05,54.0,5.96,13.0,9.9,951.5,open-meteo/previous-runs (best_match + GFS/ICON/ECMWF),power_model_v1@2026-01-31,0.8095,0.0215
2026-02-21,2026-02-21T18:00:00+00:00,2026-02-22T11:00:00+00:00,2026-02-22T16:00:00+05:00,17,1,t1,0.4388,0.8284,0.9824,7.68,53.0,5.4,11.6,9.3,951.2,open-meteo/previous-runs (best_match + GFS/ICON/ECMWF),power_model_v1@2026-01-31,0.8155,0.0129
2026-02-21,2026-02-21T18:00:00+00:00,2026-02-22T12:00:00+00:00,2026-02-22T17:00:00+05:00,18,1,t1,0.3454,0.7737,0.9914,7.54,57.0,4.08,9.3,7.7,950.7,open-meteo/previous-runs (best_match + GFS/ICON/ECMWF),power_model_v1@2026-01-31,0.8182,-0.0445
2026-02-21,2026-02-21T18:00:00+00:00,2026-02-22T13:00:00+00:00,2026-02-22T18:00:00+05:00,19,1,t1,0.205,0.758,0.9806,6.04,68.0,2.51,6.4,5.1,950.4,open-meteo/previous-runs (best_match + GFS/ICON/ECMWF),power_model_v1@2026-01-31,0.86,-0.102
2026-02-21,2026-02-21T18:00:00+00:00,2026-02-22T14:00:00+00:00,2026-02-22T19:00:00+05:00,20,1,t1,0.118,0.6733,0.9528,4.16,80.0,1.81,4.4,2.7,949.8,open-meteo/previous-runs (best_match + GFS/ICON/ECMWF),power_model_v1@2026-01-31,0.8081,-0.1348
2026-02-21,2026-02-21T18:00:00+00:00,2026-02-22T15:00:00+00:00,2026-02-22T20:00:00+05:00,21,1,t1,0.0,0.4074,0.6603,3.31,87.0,1.84,3.0,1.0,949.3,open-meteo/previous-runs (best_match + GFS/ICON/ECMWF),power_model_v1@2026-01-31,0.5444,-0.137
2026-02-21,2026-02-21T18:00:00+00:00,2026-02-22T16:00:00+00:00,2026-02-22T21:00:00+05:00,22,1,t1,0.0,0.2499,0.4037,2.2,90.0,1.66,2.5,0.6,949.3,open-meteo/previous-runs (best_match + GFS/ICON/ECMWF),power_model_v1@2026-01-31,0.3906,-0.1407
2026-02-21,2026-02-21T18:00:00+00:00,2026-02-22T17:00:00+00:00,2026-02-22T22:00:00+05:00,23,1,t1,0.0005,0.207,0.3467,1.76,95.0,1.66,2.4,0.9,949.7,open-meteo/previous-runs (best_match + GFS/ICON/ECMWF),power_model_v1@2026-01-31,0.3907,-0.1837
2026-02-21,2026-02-21T18:00:00+00:00,2026-02-22T18:00:00+00:00,2026-02-22T23:00:00+05:00,24,1,t1,0.0022,0.1712,0.2766,1.96,109.0,1.33,2.4,0.4,949.6,open-meteo/previous-runs (best_match + GFS/ICON/ECMWF),power_model_v1@2026-01-31,0.4692,-0.298
2026-02-22,2026-02-22T18:00:00+00:00,2026-02-22T19:00:00+00:00,2026-02-23T00:00:00+05:00,1,1,t1,0.0035,0.145,0.2981,2.03,142.0,1.7,2.7,0.0,949.0,open-meteo/previous-runs (best_match + GFS/ICON/ECMWF),power_model_v1@2026-01-31,0.3433,-0.1983
2026-02-22,2026-02-22T18:00:00+00:00,2026-02-22T20:00:00+00:00,2026-02-23T01:00:00+05:00,2,1,t1,0.0043,0.1283,0.2342,1.57,143.0,1.52,2.5,0.4,948.4,open-meteo/previous-runs (best_match + GFS/ICON/ECMWF),power_model_v1@2026-01-31,0.2777,-0.1494
2026-02-22,2026-02-22T18:00:00+00:00,2026-02-22T21:00:00+00:00,2026-02-23T02:00:00+05:00,3,1,t1,0.003,0.1553,0.1855,1.45,86.0,0.93,2.1,1.4,948.2,open-meteo/previous-runs (best_match + GFS/ICON/ECMWF),power_model_v1@2026-01-31,0.1775,-0.0222
2026-02-22,2026-02-22T18:00:00+00:00,2026-02-22T22:00:00+00:00,2026-02-23T03:00:00+05:00,4,1,t1,0.0043,0.1289,0.1512,2.01,94.0,0.81,1.5,2.3,947.8,open-meteo/previous-runs (best_match + GFS/ICON/ECMWF),power_model_v1@2026-01-31,0.1977,-0.0688
2026-02-22,2026-02-22T18:00:00+00:00,2026-02-22T23:00:00+00:00,2026-02-23T04:00:00+05:00,5,1,t1,0.0049,0.1162,0.2162,1.25,127.0,0.57,2.5,2.9,947.9,open-meteo/previous-runs (best_match + GFS/ICON/ECMWF),power_model_v1@2026-01-31,0.0705,0.0457
2026-02-22,2026-02-22T18:00:00+00:00,2026-02-23T00:00:00+00:00,2026-02-23T05:00:00+05:00,6,1,t1,0.0067,0.0787,0.2145,1.0,174.0,0.35,2.6,3.0,948.2,open-meteo/previous-runs (best_match + GFS/ICON/ECMWF),power_model_v1@2026-01-31,0.1282,-0.0495
2026-02-22,2026-02-22T18:00:00+00:00,2026-02-23T01:00:00+00:00,2026-02-23T06:00:00+05:00,7,1,t1,0.0049,0.1164,0.2108,2.23,230.0,1.01,2.7,2.4,948.3,open-meteo/previous-runs (best_match + GFS/ICON/ECMWF),power_model_v1@2026-01-31,0.159,-0.0426
2026-02-22,2026-02-22T18:00:00+00:00,2026-02-23T02:00:00+00:00,2026-02-23T07:00:00+05:00,8,1,t1,0.0043,0.1278,0.2129,3.89,250.0,1.85,2.8,1.8,948.7,open-meteo/previous-runs (best_match + GFS/ICON/ECMWF),power_model_v1@2026-01-31,0.1027,0.0251
2026-02-22,2026-02-22T18:00:00+00:00,2026-02-23T03:00:00+00:00,2026-02-23T08:00:00+05:00,9,1,t1,0.0067,0.0777,0.2868,4.28,247.0,2.44,3.1,3.7,949.9,open-meteo/previous-runs (best_match + GFS/ICON/ECMWF),power_model_v1@2026-01-31,0.105,-0.0273
2026-02-22,2026-02-22T18:00:00+00:00,2026-02-23T04:00:00+00:00,2026-02-23T09:00:00+05:00,10,1,t1,0.0052,0.1087,0.2705,4.06,251.0,2.28,3.8,6.5,950.8,open-meteo/previous-runs (best_match + GFS/ICON/ECMWF),power_model_v1@2026-01-31,0.0971,0.0116
2026-02-22,2026-02-22T18:00:00+00:00,2026-02-23T05:00:00+00:00,2026-02-23T10:00:00+05:00,11,1,t1,0.0011,0.1934,0.3195,4.03,263.0,2.91,6.3,8.1,950.9,open-meteo/previous-runs (best_match + GFS/ICON/ECMWF),power_model_v1@2026-01-31,0.19,0.0034
2026-02-22,2026-02-22T18:00:00+00:00,2026-02-23T06:00:00+00:00,2026-02-23T11:00:00+05:00,12,1,t1,0.0006,0.2048,0.3534,4.6,271.0,3.5,4.5,9.0,950.9,open-meteo/previous-runs (best_match + GFS/ICON/ECMWF),power_model_v1@2026-01-31,0.2347,-0.0299
2026-02-22,2026-02-22T18:00:00+00:00,2026-02-23T07:00:00+00:00,2026-02-23T12:00:00+05:00,13,1,t1,0.0,0.2369,0.4651,4.35,283.0,3.47,7.1,9.3,950.9,open-meteo/previous-runs (best_match + GFS/ICON/ECMWF),power_model_v1@2026-01-31,0.2828,-0.0459
2026-02-22,2026-02-22T18:00:00+00:00,2026-02-23T08:00:00+00:00,2026-02-23T13:00:00+05:00,14,1,t1,0.0533,0.3885,0.7285,5.08,291.0,4.04,10.0,8.9,950.6,open-meteo/previous-runs (best_match + GFS/ICON/ECMWF),power_model_v1@2026-01-31,0.4338,-0.0453
2026-02-22,2026-02-22T18:00:00+00:00,2026-02-23T09:00:00+00:00,2026-02-23T14:00:00+05:00,15,1,t1,0.0702,0.5086,0.8832,6.45,284.0,4.79,10.8,7.7,950.9,open-meteo/previous-runs (best_match + GFS/ICON/ECMWF),power_model_v1@2026-01-31,0.4134,0.0952
2026-02-22,2026-02-22T18:00:00+00:00,2026-02-23T10:00:00+00:00,2026-02-23T15:00:00+05:00,16,1,t1,0.073,0.5517,0.864,6.6,269.0,4.8,10.7,7.4,951.4,open-meteo/previous-runs (best_match + GFS/ICON/ECMWF),power_model_v1@2026-01-31,0.4738,0.0779
2026-02-22,2026-02-22T18:00:00+00:00,2026-02-23T11:00:00+00:00,2026-02-23T16:00:00+05:00,17,1,t1,0.1308,0.5979,0.9202,8.5,268.0,5.77,11.0,6.4,952.1,open-meteo/previous-runs (best_match + GFS/ICON/ECMWF),power_model_v1@2026-01-31,0.5144,0.0835
2026-02-22,2026-02-22T18:00:00+00:00,2026-02-23T12:00:00+00:00,2026-02-23T17:00:00+05:00,18,1,t1,0.2664,0.6822,0.9515,8.31,268.0,5.33,10.9,5.5,952.8,open-meteo/previous-runs (best_match + GFS/ICON/ECMWF),power_model_v1@2026-01-31,0.6808,0.0014
2026-02-22,2026-02-22T18:00:00+00:00,2026-02-23T13:00:00+00:00,2026-02-23T18:00:00+05:00,19,1,t1,0.3418,0.7003,0.9627,8.87,263.0,5.64,11.0,4.7,953.6,open-meteo/previous-runs (best_match + GFS/ICON/ECMWF),power_model_v1@2026-01-31,0.714,-0.0137
2026-02-22,2026-02-22T18:00:00+00:00,2026-02-23T14:00:00+00:00,2026-02-23T19:00:00+05:00,20,1,t1,0.3833,0.7165,0.993,9.6,258.0,6.25,11.4,3.7,954.4,open-meteo/previous-runs (best_match + GFS/ICON/ECMWF),power_model_v1@2026-01-31,0.6883,0.0282
2026-02-22,2026-02-22T18:00:00+00:00,2026-02-23T15:00:00+00:00,2026-02-23T20:00:00+05:00,21,1,t1,0.3749,0.6653,0.9978,10.14,260.0,6.73,11.2,2.6,955.2,open-meteo/previous-runs (best_match + GFS/ICON/ECMWF),power_model_v1@2026-01-31,0.7858,-0.1205
2026-02-22,2026-02-22T18:00:00+00:00,2026-02-23T16:00:00+00:00,2026-02-23T21:00:00+05:00,22,1,t1,0.306,0.6692,0.9683,10.59,258.0,7.04,10.1,1.2,956.0,open-meteo/previous-runs (best_match + GFS/ICON/ECMWF),power_model_v1@2026-01-31,0.7895,-0.1203
2026-02-22,2026-02-22T18:00:00+00:00,2026-02-23T17:00:00+00:00,2026-02-23T22:00:00+05:00,23,1,t1,0.58,0.7981,0.9835,11.21,254.0,7.62,10.1,0.2,957.0,open-meteo/previous-runs (best_match + GFS/ICON/ECMWF),power_model_v1@2026-01-31,0.8489,-0.0508
2026-02-22,2026-02-22T18:00:00+00:00,2026-02-23T18:00:00+00:00,2026-02-23T23:00:00+05:00,24,1,t1,0.6117,0.871,0.9955,10.38,249.0,6.84,11.3,-0.3,956.7,open-meteo/previous-runs (best_match + GFS/ICON/ECMWF),power_model_v1@2026-01-31,0.8885,-0.0175
2026-02-23,2026-02-23T18:00:00+00:00,2026-02-23T19:00:00+00:00,2026-02-24T00:00:00+05:00,1,1,t1,0.6344,0.9029,0.9944,9.95,244.0,6.75,13.5,-1.3,956.9,open-meteo/previous-runs (best_match + GFS/ICON/ECMWF),power_model_v1@2026-01-31,0.9487,-0.0458
2026-02-23,2026-02-23T18:00:00+00:00,2026-02-23T20:00:00+00:00,2026-02-24T01:00:00+05:00,2,1,t1,0.4921,0.9002,0.9929,9.1,236.0,6.1,14.6,-2.0,956.9,open-meteo/previous-runs (best_match + GFS/ICON/ECMWF),power_model_v1@2026-01-31,0.9131,-0.0129
2026-02-23,2026-02-23T18:00:00+00:00,2026-02-23T21:00:00+00:00,2026-02-24T02:00:00+05:00,3,1,t1,0.4095,0.8641,1.0,8.43,233.0,5.66,15.1,-2.4,956.8,open-meteo/previous-runs (best_match + GFS/ICON/ECMWF),power_model_v1@2026-01-31,0.8513,0.0128
2026-02-23,2026-02-23T18:00:00+00:00,2026-02-23T22:00:00+00:00,2026-02-24T03:00:00+05:00,4,1,t1,0.3533,0.8377,1.0,8.03,235.0,5.39,15.1,-2.6,956.6,open-meteo/previous-runs (best_match + GFS/ICON/ECMWF),power_model_v1@2026-01-31,0.8358,0.0019
2026-02-23,2026-02-23T18:00:00+00:00,2026-02-23T23:00:00+00:00,2026-02-24T04:00:00+05:00,5,1,t1,0.3486,0.7303,0.9892,7.89,233.0,5.42,14.6,-2.8,956.5,open-meteo/previous-runs (best_match + GFS/ICON/ECMWF),power_model_v1@2026-01-31,0.7775,-0.0472
2026-02-23,2026-02-23T18:00:00+00:00,2026-02-24T00:00:00+00:00,2026-02-24T05:00:00+05:00,6,1,t1,0.275,0.607,0.9942,7.04,231.0,4.71,11.1,-3.0,956.4,open-meteo/previous-runs (best_match + GFS/ICON/ECMWF),power_model_v1@2026-01-31,0.8232,-0.2162
2026-02-23,2026-02-23T18:00:00+00:00,2026-02-24T01:00:00+00:00,2026-02-24T06:00:00+05:00,7,1,t1,0.2512,0.5773,0.9853,7.13,229.0,4.32,10.3,-2.9,956.6,open-meteo/previous-runs (best_match + GFS/ICON/ECMWF),power_model_v1@2026-01-31,0.7609,-0.1836
2026-02-23,2026-02-23T18:00:00+00:00,2026-02-24T02:00:00+00:00,2026-02-24T07:00:00+05:00,8,1,t1,0.2397,0.5157,0.9651,6.99,235.0,4.22,10.0,-2.8,956.7,open-meteo/previous-runs (best_match + GFS/ICON/ECMWF),power_model_v1@2026-01-31,0.6787,-0.163
2026-02-23,2026-02-23T18:00:00+00:00,2026-02-24T03:00:00+00:00,2026-02-24T08:00:00+05:00,9,1,t1,0.1062,0.4385,0.9546,6.66,237.0,4.65,9.4,-2.4,957.2,open-meteo/previous-runs (best_match + GFS/ICON/ECMWF),power_model_v1@2026-01-31,0.5288,-0.0903
2026-02-23,2026-02-23T18:00:00+00:00,2026-02-24T04:00:00+00:00,2026-02-24T09:00:00+05:00,10,1,t1,0.0837,0.4078,0.9453,6.6,242.0,4.79,10.0,-1.8,957.5,open-meteo/previous-runs (best_match + GFS/ICON/ECMWF),power_model_v1@2026-01-31,0.4586,-0.0508
2026-02-23,2026-02-23T18:00:00+00:00,2026-02-24T05:00:00+00:00,2026-02-24T10:00:00+05:00,11,1,t1,0.0685,0.3815,0.8899,6.74,249.0,4.97,10.8,-0.9,957.6,open-meteo/previous-runs (best_match + GFS/ICON/ECMWF),power_model_v1@2026-01-31,0.4219,-0.0404
2026-02-23,2026-02-23T18:00:00+00:00,2026-02-24T06:00:00+00:00,2026-02-24T11:00:00+05:00,12,1,t1,0.0774,0.3822,0.8511,5.85,255.0,4.44,12.3,-0.3,957.6,open-meteo/previous-runs (best_match + GFS/ICON/ECMWF),power_model_v1@2026-01-31,0.4467,-0.0645
2026-02-23,2026-02-23T18:00:00+00:00,2026-02-24T07:00:00+00:00,2026-02-24T12:00:00+05:00,13,1,t1,0.0735,0.3746,0.8397,6.15,255.0,4.64,12.9,-0.1,957.8,open-meteo/previous-runs (best_match + GFS/ICON/ECMWF),power_model_v1@2026-01-31,0.4289,-0.0543
2026-02-23,2026-02-23T18:00:00+00:00,2026-02-24T08:00:00+00:00,2026-02-24T13:00:00+05:00,14,1,t1,0.0967,0.406,0.8586,6.15,251.0,4.63,13.3,-0.1,957.8,open-meteo/previous-runs (best_match + GFS/ICON/ECMWF),power_model_v1@2026-01-31,0.4622,-0.0562
2026-02-23,2026-02-23T18:00:00+00:00,2026-02-24T09:00:00+00:00,2026-02-24T14:00:00+05:00,15,1,t1,0.1038,0.4531,0.8711,6.02,243.0,4.54,13.3,0.1,957.9,open-meteo/previous-runs (best_match + GFS/ICON/ECMWF),power_model_v1@2026-01-31,0.4981,-0.045
2026-02-23,2026-02-23T18:00:00+00:00,2026-02-24T10:00:00+00:00,2026-02-24T15:00:00+05:00,16,1,t1,0.1116,0.4931,0.8726,5.77,235.0,4.36,12.8,-0.1,958.3,open-meteo/previous-runs (best_match + GFS/ICON/ECMWF),power_model_v1@2026-01-31,0.5056,-0.0125
2026-02-23,2026-02-23T18:00:00+00:00,2026-02-24T11:00:00+00:00,2026-02-24T16:00:00+05:00,17,1,t1,0.1113,0.4737,0.8429,5.04,231.0,3.72,12.6,-0.1,958.6,open-meteo/previous-runs (best_match + GFS/ICON/ECMWF),power_model_v1@2026-01-31,0.3904,0.0833
2026-02-23,2026-02-23T18:00:00+00:00,2026-02-24T12:00:00+00:00,2026-02-24T17:00:00+05:00,18,1,t1,0.0,0.3527,0.6999,4.76,234.0,2.78,9.4,0.4,957.9,open-meteo/previous-runs (best_match + GFS/ICON/ECMWF),power_model_v1@2026-01-31,0.4637,-0.111
2026-02-23,2026-02-23T18:00:00+00:00,2026-02-24T13:00:00+00:00,2026-02-24T18:00:00+05:00,19,1,t1,0.0,0.3717,0.6783,3.84,231.0,1.7,9.3,-0.6,958.1,open-meteo/previous-runs (best_match + GFS/ICON/ECMWF),power_model_v1@2026-01-31,0.4059,-0.0342
2026-02-23,2026-02-23T18:00:00+00:00,2026-02-24T14:00:00+00:00,2026-02-24T19:00:00+05:00,20,1,t1,0.0,0.3738,0.63,3.68,233.0,1.59,9.2,-1.0,958.4,open-meteo/previous-runs (best_match + GFS/ICON/ECMWF),power_model_v1@2026-01-31,0.3265,0.0473
2026-02-23,2026-02-23T18:00:00+00:00,2026-02-24T15:00:00+00:00,2026-02-24T20:00:00+05:00,21,1,t1,0.0,0.3047,0.4611,3.4,234.0,1.52,7.8,-1.1,958.3,open-meteo/previous-runs (best_match + GFS/ICON/ECMWF),power_model_v1@2026-01-31,0.1792,0.1255
2026-02-23,2026-02-23T18:00:00+00:00,2026-02-24T16:00:00+00:00,2026-02-24T21:00:00+05:00,22,1,t1,0.0028,0.1585,0.3293,2.62,235.0,1.17,5.5,-1.4,958.5,open-meteo/previous-runs (best_match + GFS/ICON/ECMWF),power_model_v1@2026-01-31,0.1961,-0.0376
2026-02-23,2026-02-23T18:00:00+00:00,2026-02-24T17:00:00+00:00,2026-02-24T22:00:00+05:00,23,1,t1,0.0081,0.05,0.1485,1.88,292.0,0.64,3.8,-1.5,958.7,open-meteo/previous-runs (best_match + GFS/ICON/ECMWF),power_model_v1@2026-01-31,0.0893,-0.0393
2026-02-23,2026-02-23T18:00:00+00:00,2026-02-24T18:00:00+00:00,2026-02-24T23:00:00+05:00,24,1,t1,0.009,0.0208,0.0915,1.8,341.0,0.71,3.1,-1.4,958.3,open-meteo/previous-runs (best_match + GFS/ICON/ECMWF),power_model_v1@2026-01-31,0.0662,-0.0454
2026-02-24,2026-02-24T18:00:00+00:00,2026-02-24T19:00:00+00:00,2026-02-25T00:00:00+05:00,1,1,t1,0.0083,0.0446,0.0923,1.46,338.0,0.72,1.7,-1.3,958.4,open-meteo/previous-runs (best_match + GFS/ICON/ECMWF),power_model_v1@2026-01-31,0.0632,-0.0186
2026-02-24,2026-02-24T18:00:00+00:00,2026-02-24T20:00:00+00:00,2026-02-25T01:00:00+05:00,2,1,t1,0.0081,0.049,0.05,1.33,34.0,0.96,1.8,-1.6,958.1,open-meteo/previous-runs (best_match + GFS/ICON/ECMWF),power_model_v1@2026-01-31,0.0638,-0.0148
2026-02-24,2026-02-24T18:00:00+00:00,2026-02-24T21:00:00+00:00,2026-02-25T02:00:00+05:00,3,1,t1,0.0075,0.0627,0.0681,2.15,59.0,1.1,2.7,-2.1,957.6,open-meteo/previous-runs (best_match + GFS/ICON/ECMWF),power_model_v1@2026-01-31,0.0562,0.0065
2026-02-24,2026-02-24T18:00:00+00:00,2026-02-24T22:00:00+00:00,2026-02-25T03:00:00+05:00,4,1,t1,0.0077,0.0586,0.1319,3.36,43.0,1.95,2.7,-1.9,957.0,open-meteo/previous-runs (best_match + GFS/ICON/ECMWF),power_model_v1@2026-01-31,0.1057,-0.0471
2026-02-24,2026-02-24T18:00:00+00:00,2026-02-24T23:00:00+00:00,2026-02-25T04:00:00+05:00,5,1,t1,0.007,0.0717,0.1418,3.4,54.0,1.17,2.9,-2.5,956.3,open-meteo/previous-runs (best_match + GFS/ICON/ECMWF),power_model_v1@2026-01-31,0.1437,-0.072
2026-02-24,2026-02-24T18:00:00+00:00,2026-02-25T00:00:00+00:00,2026-02-25T05:00:00+05:00,6,1,t1,0.008,0.0519,0.1534,3.73,55.0,1.42,0.8,-1.6,955.7,open-meteo/previous-runs (best_match + GFS/ICON/ECMWF),power_model_v1@2026-01-31,0.1358,-0.0839
2026-02-24,2026-02-24T18:00:00+00:00,2026-02-25T01:00:00+00:00,2026-02-25T06:00:00+05:00,7,1,t1,0.007,0.0714,0.2121,3.62,55.0,1.44,1.0,-1.9,955.3,open-meteo/previous-runs (best_match + GFS/ICON/ECMWF),power_model_v1@2026-01-31,0.119,-0.0476
2026-02-24,2026-02-24T18:00:00+00:00,2026-02-25T02:00:00+00:00,2026-02-25T07:00:00+05:00,8,1,t1,0.0058,0.0969,0.3143,3.9,49.0,1.52,1.6,-1.4,955.6,open-meteo/previous-runs (best_match + GFS/ICON/ECMWF),power_model_v1@2026-01-31,0.2313,-0.1344
2026-02-24,2026-02-24T18:00:00+00:00,2026-02-25T03:00:00+00:00,2026-02-25T08:00:00+05:00,9,1,t1,0.0049,0.1159,0.4063,3.84,51.0,1.88,1.9,-0.2,956.2,open-meteo/previous-runs (best_match + GFS/ICON/ECMWF),power_model_v1@2026-01-31,0.2678,-0.1519
2026-02-24,2026-02-24T18:00:00+00:00,2026-02-25T04:00:00+00:00,2026-02-25T09:00:00+05:00,10,1,t1,0.0054,0.105,0.3659,3.27,39.0,2.44,2.5,0.9,956.4,open-meteo/previous-runs (best_match + GFS/ICON/ECMWF),power_model_v1@2026-01-31,0.3653,-0.2603
2026-02-24,2026-02-24T18:00:00+00:00,2026-02-25T05:00:00+00:00,2026-02-25T10:00:00+05:00,11,1,t1,0.0064,0.0847,0.3112,3.01,42.0,2.36,3.7,1.9,956.3,open-meteo/previous-runs (best_match + GFS/ICON/ECMWF),power_model_v1@2026-01-31,0.5419,-0.4572
2026-02-24,2026-02-24T18:00:00+00:00,2026-02-25T06:00:00+00:00,2026-02-25T11:00:00+05:00,12,1,t1,0.0083,0.0462,0.1891,2.14,21.0,1.69,2.3,1.0,956.4,open-meteo/previous-runs (best_match + GFS/ICON/ECMWF),power_model_v1@2026-01-31,0.6491,-0.6029
2026-02-24,2026-02-24T18:00:00+00:00,2026-02-25T07:00:00+00:00,2026-02-25T12:00:00+05:00,13,1,t1,0.0082,0.0464,0.1282,1.99,28.0,1.57,2.6,2.4,955.7,open-meteo/previous-runs (best_match + GFS/ICON/ECMWF),power_model_v1@2026-01-31,0.6759,-0.6295
2026-02-24,2026-02-24T18:00:00+00:00,2026-02-25T08:00:00+00:00,2026-02-25T13:00:00+05:00,14,1,t1,0.007,0.0728,0.1115,2.15,18.0,1.77,2.9,3.2,954.6,open-meteo/previous-runs (best_match + GFS/ICON/ECMWF),power_model_v1@2026-01-31,0.6603,-0.5875
2026-02-24,2026-02-24T18:00:00+00:00,2026-02-25T09:00:00+00:00,2026-02-25T14:00:00+05:00,15,1,t1,0.0071,0.0709,0.1827,1.94,18.0,1.58,2.3,3.8,954.0,open-meteo/previous-runs (best_match + GFS/ICON/ECMWF),power_model_v1@2026-01-31,0.5355,-0.4646
2026-02-24,2026-02-24T18:00:00+00:00,2026-02-25T10:00:00+00:00,2026-02-25T15:00:00+05:00,16,1,t1,0.0073,0.0667,0.2407,1.61,16.0,1.3,1.4,3.7,953.7,open-meteo/previous-runs (best_match + GFS/ICON/ECMWF),power_model_v1@2026-01-31,0.4783,-0.4116
2026-02-24,2026-02-24T18:00:00+00:00,2026-02-25T11:00:00+00:00,2026-02-25T16:00:00+05:00,17,1,t1,0.0057,0.0996,0.2025,1.79,330.0,1.06,2.7,3.0,953.6,open-meteo/previous-runs (best_match + GFS/ICON/ECMWF),power_model_v1@2026-01-31,0.3252,-0.2256
2026-02-24,2026-02-24T18:00:00+00:00,2026-02-25T12:00:00+00:00,2026-02-25T17:00:00+05:00,18,1,t1,0.0039,0.1368,0.1755,2.21,276.0,1.53,1.3,1.9,953.3,open-meteo/previous-runs (best_match + GFS/ICON/ECMWF),power_model_v1@2026-01-31,0.3552,-0.2184
2026-02-24,2026-02-24T18:00:00+00:00,2026-02-25T13:00:00+00:00,2026-02-25T18:00:00+05:00,19,1,t1,0.0056,0.1015,0.1875,1.69,289.0,1.03,1.6,0.9,953.2,open-meteo/previous-runs (best_match + GFS/ICON/ECMWF),power_model_v1@2026-01-31,0.3186,-0.2171
2026-02-24,2026-02-24T18:00:00+00:00,2026-02-25T14:00:00+00:00,2026-02-25T19:00:00+05:00,20,1,t1,0.004,0.1335,0.2615,0.67,283.0,0.57,2.1,0.3,953.1,open-meteo/previous-runs (best_match + GFS/ICON/ECMWF),power_model_v1@2026-01-31,0.375,-0.2415
2026-02-24,2026-02-24T18:00:00+00:00,2026-02-25T15:00:00+00:00,2026-02-25T20:00:00+05:00,21,1,t1,0.0025,0.1647,0.3504,1.7,358.0,1.26,2.0,-0.2,952.6,open-meteo/previous-runs (best_match + GFS/ICON/ECMWF),power_model_v1@2026-01-31,0.3688,-0.2041
2026-02-24,2026-02-24T18:00:00+00:00,2026-02-25T16:00:00+00:00,2026-02-25T21:00:00+05:00,22,1,t1,0.0,0.237,0.4073,2.55,43.0,0.97,2.6,-0.7,951.9,open-meteo/previous-runs (best_match + GFS/ICON/ECMWF),power_model_v1@2026-01-31,0.5953,-0.3583
2026-02-24,2026-02-24T18:00:00+00:00,2026-02-25T17:00:00+00:00,2026-02-25T22:00:00+05:00,23,1,t1,0.0,0.4448,0.7995,4.47,54.0,1.57,3.9,-1.8,950.3,open-meteo/previous-runs (best_match + GFS/ICON/ECMWF),power_model_v1@2026-01-31,0.7526,-0.3078
2026-02-24,2026-02-24T18:00:00+00:00,2026-02-25T18:00:00+00:00,2026-02-25T23:00:00+05:00,24,1,t1,0.0986,0.5722,0.9899,6.84,59.0,3.11,5.4,-0.5,949.1,open-meteo/previous-runs (best_match + GFS/ICON/ECMWF),power_model_v1@2026-01-31,0.6705,-0.0983
2026-02-25,2026-02-25T18:00:00+00:00,2026-02-25T19:00:00+00:00,2026-02-26T00:00:00+05:00,1,1,t1,0.3185,0.6845,0.9847,7.29,68.0,3.75,6.1,-0.3,948.4,open-meteo/previous-runs (best_match + GFS/ICON/ECMWF),power_model_v1@2026-01-31,0.7289,-0.0444
2026-02-25,2026-02-25T18:00:00+00:00,2026-02-25T20:00:00+00:00,2026-02-26T01:00:00+05:00,2,1,t1,0.3217,0.657,0.9831,7.64,74.0,4.18,6.1,0.2,947.7,open-meteo/previous-runs (best_match + GFS/ICON/ECMWF),power_model_v1@2026-01-31,0.7488,-0.0918
2026-02-25,2026-02-25T18:00:00+00:00,2026-02-25T21:00:00+00:00,2026-02-26T02:00:00+05:00,3,1,t1,0.3502,0.6743,0.9745,7.69,77.0,4.27,6.0,0.5,947.1,open-meteo/previous-runs (best_match + GFS/ICON/ECMWF),power_model_v1@2026-01-31,0.754,-0.0797
2026-02-25,2026-02-25T18:00:00+00:00,2026-02-25T22:00:00+00:00,2026-02-26T03:00:00+05:00,4,1,t1,0.371,0.754,0.9953,6.69,78.0,3.74,9.6,0.7,946.8,open-meteo/previous-runs (best_match + GFS/ICON/ECMWF),power_model_v1@2026-01-31,0.7807,-0.0267
2026-02-25,2026-02-25T18:00:00+00:00,2026-02-25T23:00:00+00:00,2026-02-26T04:00:00+05:00,5,1,t1,0.2882,0.7266,1.0,5.77,81.0,3.19,10.0,0.6,945.8,open-meteo/previous-runs (best_match + GFS/ICON/ECMWF),power_model_v1@2026-01-31,0.7024,0.0242
2026-02-25,2026-02-25T18:00:00+00:00,2026-02-26T00:00:00+00:00,2026-02-26T05:00:00+05:00,6,1,t1,0.2875,0.71,1.0,6.31,75.0,3.48,10.7,0.0,945.7,open-meteo/previous-runs (best_match + GFS/ICON/ECMWF),power_model_v1@2026-01-31,0.6865,0.0235
2026-02-25,2026-02-25T18:00:00+00:00,2026-02-26T01:00:00+00:00,2026-02-26T06:00:00+05:00,7,1,t1,0.3145,0.6935,1.0,5.98,69.0,3.23,10.7,-0.4,945.4,open-meteo/previous-runs (best_match + GFS/ICON/ECMWF),power_model_v1@2026-01-31,0.6703,0.0232
2026-02-25,2026-02-25T18:00:00+00:00,2026-02-26T02:00:00+00:00,2026-02-26T07:00:00+05:00,8,1,t1,0.266,0.6515,1.0,5.52,69.0,3.07,10.2,0.1,945.1,open-meteo/previous-runs (best_match + GFS/ICON/ECMWF),power_model_v1@2026-01-31,0.5422,0.1093
2026-02-25,2026-02-25T18:00:00+00:00,2026-02-26T03:00:00+00:00,2026-02-26T08:00:00+05:00,9,1,t1,0.1121,0.3705,0.9563,5.1,64.0,3.05,9.7,1.0,945.3,open-meteo/previous-runs (best_match + GFS/ICON/ECMWF),power_model_v1@2026-01-31,0.6697,-0.2992
2026-02-25,2026-02-25T18:00:00+00:00,2026-02-26T04:00:00+00:00,2026-02-26T09:00:00+05:00,10,1,t1,0.0044,0.1262,0.5244,3.93,42.0,2.76,5.6,2.6,945.3,open-meteo/previous-runs (best_match + GFS/ICON/ECMWF),power_model_v1@2026-01-31,0.566,-0.4398
2026-02-25,2026-02-25T18:00:00+00:00,2026-02-26T05:00:00+00:00,2026-02-26T10:00:00+05:00,11,1,t1,0.0,0.4044,0.8299,2.2,21.0,1.71,16.1,4.2,945.9,open-meteo/previous-runs (best_match + GFS/ICON/ECMWF),power_model_v1@2026-01-31,0.3419,0.0625
2026-02-25,2026-02-25T18:00:00+00:00,2026-02-26T06:00:00+00:00,2026-02-26T11:00:00+05:00,12,1,t1,0.0,0.5503,0.961,9.45,269.0,6.95,17.5,4.5,948.0,open-meteo/previous-runs (best_match + GFS/ICON/ECMWF),power_model_v1@2026-01-31,0.5694,-0.0191
2026-02-25,2026-02-25T18:00:00+00:00,2026-02-26T07:00:00+00:00,2026-02-26T12:00:00+05:00,13,1,t1,0.0374,0.5907,0.9088,7.33,259.0,5.54,13.1,3.9,948.7,open-meteo/previous-runs (best_match + GFS/ICON/ECMWF),power_model_v1@2026-01-31,0.5759,0.0148
2026-02-25,2026-02-25T18:00:00+00:00,2026-02-26T08:00:00+00:00,2026-02-26T13:00:00+05:00,14,1,t1,0.0,0.5265,0.8607,3.65,251.0,2.88,12.0,2.0,948.3,open-meteo/previous-runs (best_match + GFS/ICON/ECMWF),power_model_v1@2026-01-31,0.3782,0.1483
2026-02-25,2026-02-25T18:00:00+00:00,2026-02-26T09:00:00+00:00,2026-02-26T14:00:00+05:00,15,1,t1,0.0,0.4025,0.7276,4.48,254.0,3.3,8.4,0.0,948.8,open-meteo/previous-runs (best_match + GFS/ICON/ECMWF),power_model_v1@2026-01-31,0.4196,-0.0171
2026-02-25,2026-02-25T18:00:00+00:00,2026-02-26T10:00:00+00:00,2026-02-26T15:00:00+05:00,16,1,t1,0.0442,0.4254,0.7858,5.39,248.0,3.87,9.1,-0.8,949.7,open-meteo/previous-runs (best_match + GFS/ICON/ECMWF),power_model_v1@2026-01-31,0.5237,-0.0983
2026-02-25,2026-02-25T18:00:00+00:00,2026-02-26T11:00:00+00:00,2026-02-26T16:00:00+05:00,17,1,t1,0.1165,0.4728,0.9406,5.99,252.0,3.87,9.7,-1.0,950.0,open-meteo/previous-runs (best_match + GFS/ICON/ECMWF),power_model_v1@2026-01-31,0.4335,0.0393
2026-02-25,2026-02-25T18:00:00+00:00,2026-02-26T12:00:00+00:00,2026-02-26T17:00:00+05:00,18,1,t1,0.3076,0.6712,0.9767,8.15,271.0,4.32,11.0,0.2,950.1,open-meteo/previous-runs (best_match + GFS/ICON/ECMWF),power_model_v1@2026-01-31,0.4573,0.2139
2026-02-25,2026-02-25T18:00:00+00:00,2026-02-26T13:00:00+00:00,2026-02-26T18:00:00+05:00,19,1,t1,0.344,0.7526,0.9847,8.06,268.0,4.39,10.7,0.1,950.5,open-meteo/previous-runs (best_match + GFS/ICON/ECMWF),power_model_v1@2026-01-31,0.4672,0.2854
2026-02-25,2026-02-25T18:00:00+00:00,2026-02-26T14:00:00+00:00,2026-02-26T19:00:00+05:00,20,1,t1,0.3367,0.7231,0.9814,7.27,260.0,4.11,9.3,0.4,951.0,open-meteo/previous-runs (best_match + GFS/ICON/ECMWF),power_model_v1@2026-01-31,0.5284,0.1947
2026-02-25,2026-02-25T18:00:00+00:00,2026-02-26T15:00:00+00:00,2026-02-26T20:00:00+05:00,21,1,t1,0.3338,0.7484,0.9921,7.75,269.0,4.35,9.2,0.7,951.3,open-meteo/previous-runs (best_match + GFS/ICON/ECMWF),power_model_v1@2026-01-31,0.7419,0.0065
2026-02-25,2026-02-25T18:00:00+00:00,2026-02-26T16:00:00+00:00,2026-02-26T21:00:00+05:00,22,1,t1,0.387,0.8115,0.9894,8.45,271.0,4.93,8.8,0.5,951.9,open-meteo/previous-runs (best_match + GFS/ICON/ECMWF),power_model_v1@2026-01-31,0.7026,0.1089
2026-02-25,2026-02-25T18:00:00+00:00,2026-02-26T17:00:00+00:00,2026-02-26T22:00:00+05:00,23,1,t1,0.3655,0.8228,0.9872,8.86,273.0,5.36,8.7,0.4,952.3,open-meteo/previous-runs (best_match + GFS/ICON/ECMWF),power_model_v1@2026-01-31,0.653,0.1698
2026-02-25,2026-02-25T18:00:00+00:00,2026-02-26T18:00:00+00:00,2026-02-26T23:00:00+05:00,24,1,t1,0.3244,0.8137,0.9844,8.52,266.0,5.13,8.0,0.4,952.4,open-meteo/previous-runs (best_match + GFS/ICON/ECMWF),power_model_v1@2026-01-31,0.7291,0.0846
2026-02-26,2026-02-26T18:00:00+00:00,2026-02-26T19:00:00+00:00,2026-02-27T00:00:00+05:00,1,1,t1,0.3612,0.7763,0.9713,9.23,251.0,5.73,7.9,-0.2,952.8,open-meteo/previous-runs (best_match + GFS/ICON/ECMWF),power_model_v1@2026-01-31,0.7891,-0.0128
2026-02-26,2026-02-26T18:00:00+00:00,2026-02-26T20:00:00+00:00,2026-02-27T01:00:00+05:00,2,1,t1,0.2541,0.6794,0.9643,7.98,255.0,4.88,7.4,-0.8,952.9,open-meteo/previous-runs (best_match + GFS/ICON/ECMWF),power_model_v1@2026-01-31,0.8022,-0.1228
2026-02-26,2026-02-26T18:00:00+00:00,2026-02-26T21:00:00+00:00,2026-02-27T02:00:00+05:00,3,1,t1,0.2082,0.5437,0.94,8.17,258.0,4.7,6.8,-0.9,952.9,open-meteo/previous-runs (best_match + GFS/ICON/ECMWF),power_model_v1@2026-01-31,0.7609,-0.2172
2026-02-26,2026-02-26T18:00:00+00:00,2026-02-26T22:00:00+00:00,2026-02-27T03:00:00+05:00,4,1,t1,0.1746,0.5594,0.9409,7.89,253.0,4.9,6.5,-1.0,952.7,open-meteo/previous-runs (best_match + GFS/ICON/ECMWF),power_model_v1@2026-01-31,0.6837,-0.1243
2026-02-26,2026-02-26T18:00:00+00:00,2026-02-26T23:00:00+00:00,2026-02-27T04:00:00+05:00,5,1,t1,0.1148,0.5425,0.922,7.08,257.0,4.05,6.4,-1.2,952.9,open-meteo/previous-runs (best_match + GFS/ICON/ECMWF),power_model_v1@2026-01-31,0.6127,-0.0702
2026-02-26,2026-02-26T18:00:00+00:00,2026-02-27T00:00:00+00:00,2026-02-27T05:00:00+05:00,6,1,t1,0.0799,0.3218,0.8184,5.52,236.0,3.43,5.2,-0.4,952.8,open-meteo/previous-runs (best_match + GFS/ICON/ECMWF),power_model_v1@2026-01-31,0.554,-0.2322
2026-02-26,2026-02-26T18:00:00+00:00,2026-02-27T01:00:00+00:00,2026-02-27T06:00:00+05:00,7,1,t1,0.0,0.2523,0.7721,5.46,233.0,3.38,5.0,-0.3,953.1,open-meteo/previous-runs (best_match + GFS/ICON/ECMWF),power_model_v1@2026-01-31,0.5113,-0.259
2026-02-26,2026-02-26T18:00:00+00:00,2026-02-27T02:00:00+00:00,2026-02-27T07:00:00+05:00,8,1,t1,0.0,0.2251,0.7435,5.47,230.0,3.37,5.7,-0.3,953.0,open-meteo/previous-runs (best_match + GFS/ICON/ECMWF),power_model_v1@2026-01-31,0.3903,-0.1652
2026-02-26,2026-02-26T18:00:00+00:00,2026-02-27T03:00:00+00:00,2026-02-27T08:00:00+05:00,9,1,t1,0.0,0.2469,0.7205,5.2,225.0,3.18,6.4,0.4,953.0,open-meteo/previous-runs (best_match + GFS/ICON/ECMWF),power_model_v1@2026-01-31,0.387,-0.1401
2026-02-26,2026-02-26T18:00:00+00:00,2026-02-27T04:00:00+00:00,2026-02-27T09:00:00+05:00,10,1,t1,0.0,0.2752,0.6619,4.56,238.0,2.37,6.3,1.3,952.7,open-meteo/previous-runs (best_match + GFS/ICON/ECMWF),power_model_v1@2026-01-31,0.3536,-0.0784
2026-02-26,2026-02-26T18:00:00+00:00,2026-02-27T05:00:00+00:00,2026-02-27T10:00:00+05:00,11,1,t1,0.0,0.2982,0.6454,4.61,249.0,2.4,6.5,1.5,952.5,open-meteo/previous-runs (best_match + GFS/ICON/ECMWF),power_model_v1@2026-01-31,0.1811,0.1171
2026-02-26,2026-02-26T18:00:00+00:00,2026-02-27T06:00:00+00:00,2026-02-27T11:00:00+05:00,12,1,t1,0.0,0.2694,0.5944,4.7,269.0,2.8,7.5,1.7,952.2,open-meteo/previous-runs (best_match + GFS/ICON/ECMWF),power_model_v1@2026-01-31,0.2929,-0.0235
2026-02-26,2026-02-26T18:00:00+00:00,2026-02-27T07:00:00+00:00,2026-02-27T12:00:00+05:00,13,1,t1,0.0,0.3288,0.6604,4.25,246.0,2.67,8.3,1.7,952.1,open-meteo/previous-runs (best_match + GFS/ICON/ECMWF),power_model_v1@2026-01-31,0.3513,-0.0225
2026-02-26,2026-02-26T18:00:00+00:00,2026-02-27T08:00:00+00:00,2026-02-27T13:00:00+05:00,14,1,t1,0.0,0.4336,0.7492,4.82,257.0,3.02,9.4,1.9,951.7,open-meteo/previous-runs (best_match + GFS/ICON/ECMWF),power_model_v1@2026-01-31,0.4429,-0.0093
2026-02-26,2026-02-26T18:00:00+00:00,2026-02-27T09:00:00+00:00,2026-02-27T14:00:00+05:00,15,1,t1,0.0727,0.5193,0.87,5.93,258.0,4.04,10.3,1.4,952.2,open-meteo/previous-runs (best_match + GFS/ICON/ECMWF),power_model_v1@2026-01-31,0.5017,0.0176
2026-02-26,2026-02-26T18:00:00+00:00,2026-02-27T10:00:00+00:00,2026-02-27T15:00:00+05:00,16,1,t1,0.0943,0.5853,0.9255,6.38,255.0,4.43,11.2,0.5,952.6,open-meteo/previous-runs (best_match + GFS/ICON/ECMWF),power_model_v1@2026-01-31,0.5812,0.0041
2026-02-26,2026-02-26T18:00:00+00:00,2026-02-27T11:00:00+00:00,2026-02-27T16:00:00+05:00,17,1,t1,0.1683,0.623,0.9681,6.75,258.0,4.75,11.4,-0.5,953.1,open-meteo/previous-runs (best_match + GFS/ICON/ECMWF),power_model_v1@2026-01-31,0.6406,-0.0176
2026-02-26,2026-02-26T18:00:00+00:00,2026-02-27T12:00:00+00:00,2026-02-27T17:00:00+05:00,18,1,t1,0.2524,0.6482,0.9836,6.02,244.0,4.45,10.2,-0.9,953.0,open-meteo/previous-runs (best_match + GFS/ICON/ECMWF),power_model_v1@2026-01-31,0.638,0.0102
2026-02-26,2026-02-26T18:00:00+00:00,2026-02-27T13:00:00+00:00,2026-02-27T18:00:00+05:00,19,1,t1,0.2269,0.6365,0.9803,6.76,249.0,4.83,9.7,-2.1,953.8,open-meteo/previous-runs (best_match + GFS/ICON/ECMWF),power_model_v1@2026-01-31,0.7041,-0.0676
2026-02-26,2026-02-26T18:00:00+00:00,2026-02-27T14:00:00+00:00,2026-02-27T19:00:00+05:00,20,1,t1,0.2731,0.6133,0.9991,6.28,244.0,4.61,10.4,-3.5,954.2,open-meteo/previous-runs (best_match + GFS/ICON/ECMWF),power_model_v1@2026-01-31,0.7314,-0.1181
2026-02-26,2026-02-26T18:00:00+00:00,2026-02-27T15:00:00+00:00,2026-02-27T20:00:00+05:00,21,1,t1,0.302,0.6831,1.0,7.31,244.0,4.9,10.8,-4.3,954.5,open-meteo/previous-runs (best_match + GFS/ICON/ECMWF),power_model_v1@2026-01-31,0.7179,-0.0348
2026-02-26,2026-02-26T18:00:00+00:00,2026-02-27T16:00:00+00:00,2026-02-27T21:00:00+05:00,22,1,t1,0.3383,0.7441,0.9909,7.25,233.0,4.49,11.1,-4.9,954.4,open-meteo/previous-runs (best_match + GFS/ICON/ECMWF),power_model_v1@2026-01-31,0.7036,0.0405
2026-02-26,2026-02-26T18:00:00+00:00,2026-02-27T17:00:00+00:00,2026-02-27T22:00:00+05:00,23,1,t1,0.2617,0.6954,0.9761,6.81,235.0,4.18,11.6,-4.7,954.4,open-meteo/previous-runs (best_match + GFS/ICON/ECMWF),power_model_v1@2026-01-31,0.6307,0.0647
2026-02-26,2026-02-26T18:00:00+00:00,2026-02-27T18:00:00+00:00,2026-02-27T23:00:00+05:00,24,1,t1,0.1712,0.5575,0.9641,6.45,236.0,3.73,10.2,-4.6,953.5,open-meteo/previous-runs (best_match + GFS/ICON/ECMWF),power_model_v1@2026-01-31,0.619,-0.0615
2026-02-27,2026-02-27T18:00:00+00:00,2026-02-27T19:00:00+00:00,2026-02-28T00:00:00+05:00,1,1,t1,0.165,0.499,0.9654,6.2,241.0,4.0,10.5,-5.0,953.7,open-meteo/previous-runs (best_match + GFS/ICON/ECMWF),power_model_v1@2026-01-31,0.4817,0.0173
2026-02-27,2026-02-27T18:00:00+00:00,2026-02-27T20:00:00+00:00,2026-02-28T01:00:00+05:00,2,1,t1,0.1633,0.5922,0.9621,6.65,227.0,4.17,10.9,-5.1,953.6,open-meteo/previous-runs (best_match + GFS/ICON/ECMWF),power_model_v1@2026-01-31,0.5832,0.009
2026-02-27,2026-02-27T18:00:00+00:00,2026-02-27T21:00:00+00:00,2026-02-28T02:00:00+05:00,3,1,t1,0.1959,0.5522,0.9683,6.2,247.0,4.09,11.8,-5.1,953.9,open-meteo/previous-runs (best_match + GFS/ICON/ECMWF),power_model_v1@2026-01-31,0.5983,-0.0461
2026-02-27,2026-02-27T18:00:00+00:00,2026-02-27T22:00:00+00:00,2026-02-28T03:00:00+05:00,4,1,t1,0.2499,0.6637,0.9873,6.96,242.0,4.74,12.7,-5.8,953.8,open-meteo/previous-runs (best_match + GFS/ICON/ECMWF),power_model_v1@2026-01-31,0.5708,0.0929
2026-02-27,2026-02-27T18:00:00+00:00,2026-02-27T23:00:00+00:00,2026-02-28T04:00:00+05:00,5,1,t1,0.2681,0.6813,0.9721,7.06,237.0,4.65,12.5,-6.2,954.0,open-meteo/previous-runs (best_match + GFS/ICON/ECMWF),power_model_v1@2026-01-31,0.6136,0.0677
2026-02-27,2026-02-27T18:00:00+00:00,2026-02-28T00:00:00+00:00,2026-02-28T05:00:00+05:00,6,1,t1,0.3218,0.625,0.9816,7.47,243.0,4.96,13.0,-5.7,954.4,open-meteo/previous-runs (best_match + GFS/ICON/ECMWF),power_model_v1@2026-01-31,0.6266,-0.0016
2026-02-27,2026-02-27T18:00:00+00:00,2026-02-28T01:00:00+00:00,2026-02-28T06:00:00+05:00,7,1,t1,0.354,0.6394,0.9739,7.4,243.0,4.96,12.8,-6.3,955.2,open-meteo/previous-runs (best_match + GFS/ICON/ECMWF),power_model_v1@2026-01-31,0.6194,0.02
2026-02-27,2026-02-27T18:00:00+00:00,2026-02-28T02:00:00+00:00,2026-02-28T07:00:00+05:00,8,1,t1,0.3057,0.5959,0.9807,7.29,239.0,5.04,13.9,-6.8,956.1,open-meteo/previous-runs (best_match + GFS/ICON/ECMWF),power_model_v1@2026-01-31,0.566,0.0299
2026-02-27,2026-02-27T18:00:00+00:00,2026-02-28T03:00:00+00:00,2026-02-28T08:00:00+05:00,9,1,t1,0.2945,0.5835,0.9998,7.29,237.0,5.23,14.6,-6.9,957.0,open-meteo/previous-runs (best_match + GFS/ICON/ECMWF),power_model_v1@2026-01-31,0.5579,0.0256
2026-02-27,2026-02-27T18:00:00+00:00,2026-02-28T04:00:00+00:00,2026-02-28T09:00:00+05:00,10,1,t1,0.2909,0.6283,0.9978,7.79,242.0,5.62,15.1,-7.0,957.7,open-meteo/previous-runs (best_match + GFS/ICON/ECMWF),power_model_v1@2026-01-31,0.5989,0.0294
2026-02-27,2026-02-27T18:00:00+00:00,2026-02-28T05:00:00+00:00,2026-02-28T10:00:00+05:00,11,1,t1,0.2675,0.6358,0.9983,7.64,246.0,5.55,15.2,-6.7,958.1,open-meteo/previous-runs (best_match + GFS/ICON/ECMWF),power_model_v1@2026-01-31,0.5593,0.0765
2026-02-27,2026-02-27T18:00:00+00:00,2026-02-28T06:00:00+00:00,2026-02-28T11:00:00+05:00,12,1,t1,0.223,0.5836,0.9755,7.28,247.0,5.39,14.8,-7.1,958.6,open-meteo/previous-runs (best_match + GFS/ICON/ECMWF),power_model_v1@2026-01-31,0.5752,0.0084
2026-02-27,2026-02-27T18:00:00+00:00,2026-02-28T07:00:00+00:00,2026-02-28T12:00:00+05:00,13,1,t1,0.2618,0.6036,0.9689,7.76,248.0,5.62,14.7,-6.9,958.8,open-meteo/previous-runs (best_match + GFS/ICON/ECMWF),power_model_v1@2026-01-31,0.5498,0.0538
2026-02-27,2026-02-27T18:00:00+00:00,2026-02-28T08:00:00+00:00,2026-02-28T13:00:00+05:00,14,1,t1,0.264,0.6337,0.9946,7.83,243.0,5.73,14.7,-7.2,958.8,open-meteo/previous-runs (best_match + GFS/ICON/ECMWF),power_model_v1@2026-01-31,0.5637,0.07
2026-02-27,2026-02-27T18:00:00+00:00,2026-02-28T09:00:00+00:00,2026-02-28T14:00:00+05:00,15,1,t1,0.2252,0.635,0.9785,7.45,244.0,5.42,14.5,-6.9,958.9,open-meteo/previous-runs (best_match + GFS/ICON/ECMWF),power_model_v1@2026-01-31,0.6158,0.0192
2026-02-27,2026-02-27T18:00:00+00:00,2026-02-28T10:00:00+00:00,2026-02-28T15:00:00+05:00,16,1,t1,0.2016,0.6778,0.9671,7.27,238.0,5.37,14.1,-7.1,959.4,open-meteo/previous-runs (best_match + GFS/ICON/ECMWF),power_model_v1@2026-01-31,0.6631,0.0147
2026-02-27,2026-02-27T18:00:00+00:00,2026-02-28T11:00:00+00:00,2026-02-28T16:00:00+05:00,17,1,t1,0.2104,0.6605,0.9551,6.91,229.0,4.85,13.4,-7.3,959.6,open-meteo/previous-runs (best_match + GFS/ICON/ECMWF),power_model_v1@2026-01-31,0.5991,0.0614
2026-02-27,2026-02-27T18:00:00+00:00,2026-02-28T12:00:00+00:00,2026-02-28T17:00:00+05:00,18,1,t1,0.2046,0.5278,0.9446,6.65,227.0,4.35,10.9,-6.7,959.2,open-meteo/previous-runs (best_match + GFS/ICON/ECMWF),power_model_v1@2026-01-31,0.5198,0.008
2026-02-27,2026-02-27T18:00:00+00:00,2026-02-28T13:00:00+00:00,2026-02-28T18:00:00+05:00,19,1,t1,0.1531,0.4747,0.9183,6.43,231.0,3.89,9.7,-6.5,959.7,open-meteo/previous-runs (best_match + GFS/ICON/ECMWF),power_model_v1@2026-01-31,0.417,0.0577
2026-02-27,2026-02-27T18:00:00+00:00,2026-02-28T14:00:00+00:00,2026-02-28T19:00:00+05:00,20,1,t1,0.1792,0.4204,0.8708,6.03,229.0,3.54,8.3,-6.7,959.9,open-meteo/previous-runs (best_match + GFS/ICON/ECMWF),power_model_v1@2026-01-31,0.4746,-0.0542
2026-02-27,2026-02-27T18:00:00+00:00,2026-02-28T15:00:00+00:00,2026-02-28T20:00:00+05:00,21,1,t1,0.1563,0.51,0.8476,4.85,233.0,2.61,7.3,-6.8,959.6,open-meteo/previous-runs (best_match + GFS/ICON/ECMWF),power_model_v1@2026-01-31,0.3273,0.1827
2026-02-27,2026-02-27T18:00:00+00:00,2026-02-28T16:00:00+00:00,2026-02-28T21:00:00+05:00,22,1,t1,0.0,0.3079,0.7395,4.25,243.0,2.47,6.5,-7.0,959.4,open-meteo/previous-runs (best_match + GFS/ICON/ECMWF),power_model_v1@2026-01-31,0.2767,0.0312
2026-02-27,2026-02-27T18:00:00+00:00,2026-02-28T17:00:00+00:00,2026-02-28T22:00:00+05:00,23,1,t1,0.0,0.31,0.6728,4.44,253.0,2.25,6.3,-7.9,959.3,open-meteo/previous-runs (best_match + GFS/ICON/ECMWF),power_model_v1@2026-01-31,0.2768,0.0332
2026-02-27,2026-02-27T18:00:00+00:00,2026-02-28T18:00:00+00:00,2026-02-28T23:00:00+05:00,24,1,t1,0.0,0.3021,0.6851,3.54,257.0,1.78,6.3,-8.1,959.4,open-meteo/previous-runs (best_match + GFS/ICON/ECMWF),power_model_v1@2026-01-31,0.3187,-0.0166
2026-02-27,2026-02-27T18:00:00+00:00,2026-02-28T19:00:00+00:00,2026-03-01T00:00:00+05:00,25,2,t1,0.0,0.2465,0.44,3.63,262.0,2.02,2.4,-7.8,960.1,open-meteo/previous-runs (best_match + GFS/ICON/ECMWF),power_model_v1@2026-01-31,,
2026-02-27,2026-02-27T18:00:00+00:00,2026-02-28T20:00:00+00:00,2026-03-01T01:00:00+05:00,26,2,t1,0.0,0.2378,0.4392,3.31,265.0,1.72,1.3,-8.0,960.1,open-meteo/previous-runs (best_match + GFS/ICON/ECMWF),power_model_v1@2026-01-31,,
2026-02-27,2026-02-27T18:00:00+00:00,2026-02-28T21:00:00+00:00,2026-03-01T02:00:00+05:00,27,2,t1,0.0,0.1499,0.3535,2.41,265.0,1.32,0.7,-8.4,959.9,open-meteo/previous-runs (best_match + GFS/ICON/ECMWF),power_model_v1@2026-01-31,,
2026-02-27,2026-02-27T18:00:00+00:00,2026-02-28T22:00:00+00:00,2026-03-01T03:00:00+05:00,28,2,t1,0.0,0.143,0.3106,2.47,263.0,1.01,1.0,-9.2,959.5,open-meteo/previous-runs (best_match + GFS/ICON/ECMWF),power_model_v1@2026-01-31,,
2026-02-27,2026-02-27T18:00:00+00:00,2026-02-28T23:00:00+00:00,2026-03-01T04:00:00+05:00,29,2,t1,0.0,0.1352,0.3286,2.26,245.0,0.9,0.8,-9.3,959.5,open-meteo/previous-runs (best_match + GFS/ICON/ECMWF),power_model_v1@2026-01-31,,
2026-02-27,2026-02-27T18:00:00+00:00,2026-03-01T00:00:00+00:00,2026-03-01T05:00:00+05:00,30,2,t1,0.0001,0.1319,0.3204,2.36,257.0,0.96,1.5,-8.0,959.9,open-meteo/previous-runs (best_match + GFS/ICON/ECMWF),power_model_v1@2026-01-31,,
2026-02-27,2026-02-27T18:00:00+00:00,2026-03-01T01:00:00+00:00,2026-03-01T06:00:00+05:00,31,2,t1,0.0045,0.0784,0.2362,2.54,260.0,1.05,1.5,-8.3,960.1,open-meteo/previous-runs (best_match + GFS/ICON/ECMWF),power_model_v1@2026-01-31,,
2026-02-27,2026-02-27T18:00:00+00:00,2026-03-01T02:00:00+00:00,2026-03-01T07:00:00+05:00,32,2,t1,0.0064,0.0546,0.1732,2.6,259.0,1.06,0.7,-8.3,960.2,open-meteo/previous-runs (best_match + GFS/ICON/ECMWF),power_model_v1@2026-01-31,,
2026-02-27,2026-02-27T18:00:00+00:00,2026-03-01T03:00:00+00:00,2026-03-01T08:00:00+05:00,33,2,t1,0.0084,0.0236,0.2184,2.41,257.0,1.55,1.2,-7.4,960.8,open-meteo/previous-runs (best_match + GFS/ICON/ECMWF),power_model_v1@2026-01-31,,
2026-02-27,2026-02-27T18:00:00+00:00,2026-03-01T04:00:00+00:00,2026-03-01T09:00:00+05:00,34,2,t1,0.0084,0.0298,0.2156,2.38,260.0,1.83,1.2,-6.4,961.1,open-meteo/previous-runs (best_match + GFS/ICON/ECMWF),power_model_v1@2026-01-31,,
2026-02-27,2026-02-27T18:00:00+00:00,2026-03-01T05:00:00+00:00,2026-03-01T10:00:00+05:00,35,2,t1,0.0084,0.0292,0.1397,2.67,264.0,2.16,2.0,-5.4,961.2,open-meteo/previous-runs (best_match + GFS/ICON/ECMWF),power_model_v1@2026-01-31,,
2026-02-27,2026-02-27T18:00:00+00:00,2026-03-01T06:00:00+00:00,2026-03-01T11:00:00+05:00,36,2,t1,0.0067,0.0501,0.0982,2.04,287.0,1.68,4.9,-5.1,961.2,open-meteo/previous-runs (best_match + GFS/ICON/ECMWF),power_model_v1@2026-01-31,,
2026-02-27,2026-02-27T18:00:00+00:00,2026-03-01T07:00:00+00:00,2026-03-01T12:00:00+05:00,37,2,t1,0.0062,0.0567,0.1146,2.23,279.0,1.78,4.9,-3.9,961.0,open-meteo/previous-runs (best_match + GFS/ICON/ECMWF),power_model_v1@2026-01-31,,
2026-02-27,2026-02-27T18:00:00+00:00,2026-03-01T08:00:00+00:00,2026-03-01T13:00:00+05:00,38,2,t1,0.0082,0.0328,0.1676,2.22,278.0,1.73,4.8,-3.2,960.4,open-meteo/previous-runs (best_match + GFS/ICON/ECMWF),power_model_v1@2026-01-31,,
2026-02-27,2026-02-27T18:00:00+00:00,2026-03-01T09:00:00+00:00,2026-03-01T14:00:00+05:00,39,2,t1,0.0083,0.0312,0.173,2.1,282.0,1.61,4.5,-2.8,959.9,open-meteo/previous-runs (best_match + GFS/ICON/ECMWF),power_model_v1@2026-01-31,,
2026-02-27,2026-02-27T18:00:00+00:00,2026-03-01T10:00:00+00:00,2026-03-01T15:00:00+05:00,40,2,t1,0.008,0.0341,0.1941,2.22,306.0,1.39,4.3,-3.2,959.8,open-meteo/previous-runs (best_match + GFS/ICON/ECMWF),power_model_v1@2026-01-31,,
2026-02-27,2026-02-27T18:00:00+00:00,2026-03-01T11:00:00+00:00,2026-03-01T16:00:00+05:00,41,2,t1,0.0077,0.0386,0.1553,2.65,317.0,1.32,4.0,-4.6,959.7,open-meteo/previous-runs (best_match + GFS/ICON/ECMWF),power_model_v1@2026-01-31,,
2026-02-27,2026-02-27T18:00:00+00:00,2026-03-01T12:00:00+00:00,2026-03-01T17:00:00+05:00,42,2,t1,0.0068,0.0492,0.137,1.83,325.0,0.69,5.3,-6.3,959.1,open-meteo/previous-runs (best_match + GFS/ICON/ECMWF),power_model_v1@2026-01-31,,
2026-02-27,2026-02-27T18:00:00+00:00,2026-03-01T13:00:00+00:00,2026-03-01T18:00:00+05:00,43,2,t1,0.004,0.0836,0.1707,1.25,5.0,0.21,3.2,-7.7,958.5,open-meteo/previous-runs (best_match + GFS/ICON/ECMWF),power_model_v1@2026-01-31,,
2026-02-27,2026-02-27T18:00:00+00:00,2026-03-01T14:00:00+00:00,2026-03-01T19:00:00+05:00,44,2,t1,0.0,0.1384,0.2069,3.15,43.0,0.76,2.0,-8.1,958.2,open-meteo/previous-runs (best_match + GFS/ICON/ECMWF),power_model_v1@2026-01-31,,
2026-02-27,2026-02-27T18:00:00+00:00,2026-03-01T15:00:00+00:00,2026-03-01T20:00:00+05:00,45,2,t1,0.0,0.1357,0.3326,5.04,53.0,1.82,1.5,-7.3,957.6,open-meteo/previous-runs (best_match + GFS/ICON/ECMWF),power_model_v1@2026-01-31,,
2026-02-27,2026-02-27T18:00:00+00:00,2026-03-01T16:00:00+00:00,2026-03-01T21:00:00+05:00,46,2,t1,0.0,0.1561,0.5362,6.88,56.0,2.9,2.3,-6.0,957.1,open-meteo/previous-runs (best_match + GFS/ICON/ECMWF),power_model_v1@2026-01-31,,
2026-02-27,2026-02-27T18:00:00+00:00,2026-03-01T17:00:00+00:00,2026-03-01T22:00:00+05:00,47,2,t1,0.1249,0.4796,0.9236,8.19,65.0,4.13,3.5,-4.7,956.4,open-meteo/previous-runs (best_match + GFS/ICON/ECMWF),power_model_v1@2026-01-31,,
2026-02-27,2026-02-27T18:00:00+00:00,2026-03-01T18:00:00+00:00,2026-03-01T23:00:00+05:00,48,2,t1,0.5108,0.85,1.0,8.67,67.0,4.63,9.7,-5.0,956.5,open-meteo/previous-runs (best_match + GFS/ICON/ECMWF),power_model_v1@2026-01-31,,
2026-01-31,2026-01-31T18:00:00+00:00,2026-01-31T19:00:00+00:00,2026-02-01T00:00:00+05:00,1,1,t2,0.0065,0.0493,0.1164,0.21,225.0,0.05,4.0,0.3,952.9,open-meteo/previous-runs (best_match + GFS/ICON/ECMWF),power_model_v1@2026-01-31,,
2026-01-31,2026-01-31T18:00:00+00:00,2026-01-31T20:00:00+00:00,2026-02-01T01:00:00+05:00,2,1,t2,0.0075,0.0286,0.0489,0.42,315.0,0.25,3.2,-1.0,953.2,open-meteo/previous-runs (best_match + GFS/ICON/ECMWF),power_model_v1@2026-01-31,,
2026-01-31,2026-01-31T18:00:00+00:00,2026-01-31T21:00:00+00:00,2026-02-01T02:00:00+05:00,3,1,t2,0.0078,0.027,0.0808,0.4,277.0,0.4,2.0,-1.2,953.3,open-meteo/previous-runs (best_match + GFS/ICON/ECMWF),power_model_v1@2026-01-31,,
2026-01-31,2026-01-31T18:00:00+00:00,2026-01-31T22:00:00+00:00,2026-02-01T03:00:00+05:00,4,1,t2,0.0074,0.0377,0.1294,0.96,276.0,0.59,1.1,-1.4,953.6,open-meteo/previous-runs (best_match + GFS/ICON/ECMWF),power_model_v1@2026-01-31,,
2026-01-31,2026-01-31T18:00:00+00:00,2026-01-31T23:00:00+00:00,2026-02-01T04:00:00+05:00,5,1,t2,0.0036,0.1507,0.3505,0.8,266.0,0.38,0.9,-1.9,953.6,open-meteo/previous-runs (best_match + GFS/ICON/ECMWF),power_model_v1@2026-01-31,,
2026-01-31,2026-01-31T18:00:00+00:00,2026-02-01T00:00:00+00:00,2026-02-01T05:00:00+05:00,6,1,t2,0.0039,0.1193,0.3567,1.49,48.0,0.7,1.1,-1.2,953.8,open-meteo/previous-runs (best_match + GFS/ICON/ECMWF),power_model_v1@2026-01-31,,
2026-01-31,2026-01-31T18:00:00+00:00,2026-02-01T01:00:00+00:00,2026-02-01T06:00:00+05:00,7,1,t2,0.004,0.0891,0.4552,2.12,45.0,1.05,1.4,-1.7,953.9,open-meteo/previous-runs (best_match + GFS/ICON/ECMWF),power_model_v1@2026-01-31,,
2026-01-31,2026-01-31T18:00:00+00:00,2026-02-01T02:00:00+00:00,2026-02-01T07:00:00+05:00,8,1,t2,0.0078,0.0151,0.5213,3.33,47.0,1.35,1.3,-1.9,954.3,open-meteo/previous-runs (best_match + GFS/ICON/ECMWF),power_model_v1@2026-01-31,,
2026-01-31,2026-01-31T18:00:00+00:00,2026-02-01T03:00:00+00:00,2026-02-01T08:00:00+05:00,9,1,t2,0.0117,0.0966,0.4963,5.05,64.0,2.57,3.3,-1.1,955.0,open-meteo/previous-runs (best_match + GFS/ICON/ECMWF),power_model_v1@2026-01-31,,
2026-01-31,2026-01-31T18:00:00+00:00,2026-02-01T04:00:00+00:00,2026-02-01T09:00:00+05:00,10,1,t2,0.0037,0.1654,0.7851,4.83,64.0,3.27,5.1,1.2,955.5,open-meteo/previous-runs (best_match + GFS/ICON/ECMWF),power_model_v1@2026-01-31,,
2026-01-31,2026-01-31T18:00:00+00:00,2026-02-01T05:00:00+00:00,2026-02-01T10:00:00+05:00,11,1,t2,0.0125,0.1871,0.8236,4.53,56.0,3.01,6.8,2.5,955.8,open-meteo/previous-runs (best_match + GFS/ICON/ECMWF),power_model_v1@2026-01-31,,
2026-01-31,2026-01-31T18:00:00+00:00,2026-02-01T06:00:00+00:00,2026-02-01T11:00:00+05:00,12,1,t2,0.0015,0.2175,0.7503,3.59,55.0,2.87,6.8,3.6,955.9,open-meteo/previous-runs (best_match + GFS/ICON/ECMWF),power_model_v1@2026-01-31,,
2026-01-31,2026-01-31T18:00:00+00:00,2026-02-01T07:00:00+00:00,2026-02-01T12:00:00+05:00,13,1,t2,0.002,0.1856,0.7203,3.86,48.0,3.05,6.8,4.7,955.4,open-meteo/previous-runs (best_match + GFS/ICON/ECMWF),power_model_v1@2026-01-31,,
2026-01-31,2026-01-31T18:00:00+00:00,2026-02-01T08:00:00+00:00,2026-02-01T13:00:00+05:00,14,1,t2,0.0034,0.2107,0.6968,4.12,51.0,3.22,5.8,5.2,954.8,open-meteo/previous-runs (best_match + GFS/ICON/ECMWF),power_model_v1@2026-01-31,,
2026-01-31,2026-01-31T18:00:00+00:00,2026-02-01T09:00:00+00:00,2026-02-01T14:00:00+05:00,15,1,t2,0.0048,0.2245,0.6675,4.25,53.0,3.26,5.3,5.7,955.0,open-meteo/previous-runs (best_match + GFS/ICON/ECMWF),power_model_v1@2026-01-31,,
2026-01-31,2026-01-31T18:00:00+00:00,2026-02-01T10:00:00+00:00,2026-02-01T15:00:00+05:00,16,1,t2,0.0093,0.1869,0.6765,4.31,55.0,3.01,4.9,5.3,955.1,open-meteo/previous-runs (best_match + GFS/ICON/ECMWF),power_model_v1@2026-01-31,,
2026-01-31,2026-01-31T18:00:00+00:00,2026-02-01T11:00:00+00:00,2026-02-01T16:00:00+05:00,17,1,t2,0.0097,0.2825,0.7025,5.69,61.0,2.97,5.1,3.5,954.8,open-meteo/previous-runs (best_match + GFS/ICON/ECMWF),power_model_v1@2026-01-31,,
2026-01-31,2026-01-31T18:00:00+00:00,2026-02-01T12:00:00+00:00,2026-02-01T17:00:00+05:00,18,1,t2,0.0021,0.2447,0.5848,5.12,71.0,2.14,3.0,0.2,954.0,open-meteo/previous-runs (best_match + GFS/ICON/ECMWF),power_model_v1@2026-01-31,,
2026-01-31,2026-01-31T18:00:00+00:00,2026-02-01T13:00:00+00:00,2026-02-01T18:00:00+05:00,19,1,t2,0.0097,0.2404,0.5078,5.64,69.0,2.26,2.9,0.7,954.5,open-meteo/previous-runs (best_match + GFS/ICON/ECMWF),power_model_v1@2026-01-31,,
2026-01-31,2026-01-31T18:00:00+00:00,2026-02-01T14:00:00+00:00,2026-02-01T19:00:00+05:00,20,1,t2,0.0056,0.3237,0.588,5.6,70.0,2.21,2.9,0.5,954.7,open-meteo/previous-runs (best_match + GFS/ICON/ECMWF),power_model_v1@2026-01-31,,
2026-01-31,2026-01-31T18:00:00+00:00,2026-02-01T15:00:00+00:00,2026-02-01T20:00:00+05:00,21,1,t2,0.0099,0.3104,0.6079,5.77,68.0,2.25,2.9,0.3,954.5,open-meteo/previous-runs (best_match + GFS/ICON/ECMWF),power_model_v1@2026-01-31,,
2026-01-31,2026-01-31T18:00:00+00:00,2026-02-01T16:00:00+00:00,2026-02-01T21:00:00+05:00,22,1,t2,0.0118,0.2483,0.6075,5.87,70.0,2.4,3.2,-0.1,954.6,open-meteo/previous-runs (best_match + GFS/ICON/ECMWF),power_model_v1@2026-01-31,,
2026-01-31,2026-01-31T18:00:00+00:00,2026-02-01T17:00:00+00:00,2026-02-01T22:00:00+05:00,23,1,t2,0.0141,0.2479,0.594,5.74,70.0,2.37,3.3,-0.5,954.5,open-meteo/previous-runs (best_match + GFS/ICON/ECMWF),power_model_v1@2026-01-31,,
2026-01-31,2026-01-31T18:00:00+00:00,2026-02-01T18:00:00+00:00,2026-02-01T23:00:00+05:00,24,1,t2,0.0131,0.2323,0.6413,5.5,71.0,2.29,3.2,-0.3,954.1,open-meteo/previous-runs (best_match + GFS/ICON/ECMWF),power_model_v1@2026-01-31,,
2026-02-01,2026-02-01T18:00:00+00:00,2026-02-01T19:00:00+00:00,2026-02-02T00:00:00+05:00,1,1,t2,0.0138,0.246,0.7138,6.33,65.0,2.7,3.0,-0.6,954.0,open-meteo/previous-runs (best_match + GFS/ICON/ECMWF),power_model_v1@2026-01-31,0.2191,0.0269
2026-02-01,2026-02-01T18:00:00+00:00,2026-02-01T20:00:00+00:00,2026-02-02T01:00:00+05:00,2,1,t2,0.0455,0.2898,0.7404,6.65,66.0,2.8,3.1,-0.8,954.0,open-meteo/previous-runs (best_match + GFS/ICON/ECMWF),power_model_v1@2026-01-31,0.2408,0.049
2026-02-01,2026-02-01T18:00:00+00:00,2026-02-01T21:00:00+00:00,2026-02-02T02:00:00+05:00,3,1,t2,0.0435,0.2672,0.7809,6.64,65.0,2.75,3.7,-1.1,954.2,open-meteo/previous-runs (best_match + GFS/ICON/ECMWF),power_model_v1@2026-01-31,0.2449,0.0223
2026-02-01,2026-02-01T18:00:00+00:00,2026-02-01T22:00:00+00:00,2026-02-02T03:00:00+05:00,4,1,t2,0.1241,0.4057,0.9032,6.4,65.0,2.66,4.7,-1.4,954.3,open-meteo/previous-runs (best_match + GFS/ICON/ECMWF),power_model_v1@2026-01-31,0.2832,0.1225
2026-02-01,2026-02-01T18:00:00+00:00,2026-02-01T23:00:00+00:00,2026-02-02T04:00:00+05:00,5,1,t2,0.1916,0.5146,0.9148,6.42,66.0,2.75,5.3,-1.8,954.3,open-meteo/previous-runs (best_match + GFS/ICON/ECMWF),power_model_v1@2026-01-31,0.3892,0.1254
2026-02-01,2026-02-01T18:00:00+00:00,2026-02-02T00:00:00+00:00,2026-02-02T05:00:00+05:00,6,1,t2,0.1724,0.5274,0.9474,6.84,65.0,3.2,6.4,-2.0,954.3,open-meteo/previous-runs (best_match + GFS/ICON/ECMWF),power_model_v1@2026-01-31,0.403,0.1244
2026-02-01,2026-02-01T18:00:00+00:00,2026-02-02T01:00:00+00:00,2026-02-02T06:00:00+05:00,7,1,t2,0.1507,0.525,0.9451,6.8,63.0,3.15,6.9,-2.3,954.3,open-meteo/previous-runs (best_match + GFS/ICON/ECMWF),power_model_v1@2026-01-31,0.4909,0.0341
2026-02-01,2026-02-01T18:00:00+00:00,2026-02-02T02:00:00+00:00,2026-02-02T07:00:00+05:00,8,1,t2,0.165,0.4268,0.9383,6.57,63.0,2.95,7.1,-2.7,954.6,open-meteo/previous-runs (best_match + GFS/ICON/ECMWF),power_model_v1@2026-01-31,0.4284,-0.0016
2026-02-01,2026-02-01T18:00:00+00:00,2026-02-02T03:00:00+00:00,2026-02-02T08:00:00+05:00,9,1,t2,0.1823,0.4308,0.9592,6.46,64.0,3.35,7.3,-1.7,955.0,open-meteo/previous-runs (best_match + GFS/ICON/ECMWF),power_model_v1@2026-01-31,0.4177,0.0131
2026-02-01,2026-02-01T18:00:00+00:00,2026-02-02T04:00:00+00:00,2026-02-02T09:00:00+05:00,10,1,t2,0.2373,0.536,0.9753,7.8,63.0,3.7,9.3,1.7,955.6,open-meteo/previous-runs (best_match + GFS/ICON/ECMWF),power_model_v1@2026-01-31,0.4838,0.0522
2026-02-01,2026-02-01T18:00:00+00:00,2026-02-02T05:00:00+00:00,2026-02-02T10:00:00+05:00,11,1,t2,0.2839,0.6582,0.9825,6.77,56.0,4.64,11.9,4.1,955.6,open-meteo/previous-runs (best_match + GFS/ICON/ECMWF),power_model_v1@2026-01-31,0.6509,0.0073
2026-02-01,2026-02-01T18:00:00+00:00,2026-02-02T06:00:00+00:00,2026-02-02T11:00:00+05:00,12,1,t2,0.4102,0.6972,0.9646,7.25,53.0,5.24,13.7,5.7,955.7,open-meteo/previous-runs (best_match + GFS/ICON/ECMWF),power_model_v1@2026-01-31,0.7066,-0.0094
2026-02-01,2026-02-01T18:00:00+00:00,2026-02-02T07:00:00+00:00,2026-02-02T12:00:00+05:00,13,1,t2,0.4645,0.789,0.9768,7.66,54.0,5.6,14.7,6.9,954.8,open-meteo/previous-runs (best_match + GFS/ICON/ECMWF),power_model_v1@2026-01-31,0.775,0.014
2026-02-01,2026-02-01T18:00:00+00:00,2026-02-02T08:00:00+00:00,2026-02-02T13:00:00+05:00,14,1,t2,0.5102,0.8221,0.9757,8.06,54.0,5.85,15.4,7.8,953.9,open-meteo/previous-runs (best_match + GFS/ICON/ECMWF),power_model_v1@2026-01-31,0.8587,-0.0366
2026-02-01,2026-02-01T18:00:00+00:00,2026-02-02T09:00:00+00:00,2026-02-02T14:00:00+05:00,15,1,t2,0.4961,0.8231,0.9758,8.28,53.0,5.88,15.4,8.0,953.7,open-meteo/previous-runs (best_match + GFS/ICON/ECMWF),power_model_v1@2026-01-31,0.9025,-0.0794
2026-02-01,2026-02-01T18:00:00+00:00,2026-02-02T10:00:00+00:00,2026-02-02T15:00:00+05:00,16,1,t2,0.4645,0.8607,0.979,7.84,52.0,4.95,15.0,7.2,953.7,open-meteo/previous-runs (best_match + GFS/ICON/ECMWF),power_model_v1@2026-01-31,0.8649,-0.0042
2026-02-01,2026-02-01T18:00:00+00:00,2026-02-02T11:00:00+00:00,2026-02-02T16:00:00+05:00,17,1,t2,0.3732,0.7536,0.9914,7.62,60.0,3.88,13.7,5.3,953.3,open-meteo/previous-runs (best_match + GFS/ICON/ECMWF),power_model_v1@2026-01-31,0.7441,0.0095
2026-02-01,2026-02-01T18:00:00+00:00,2026-02-02T12:00:00+00:00,2026-02-02T17:00:00+05:00,18,1,t2,0.1103,0.7498,0.9269,5.44,62.0,2.01,10.4,1.7,952.8,open-meteo/previous-runs (best_match + GFS/ICON/ECMWF),power_model_v1@2026-01-31,0.6921,0.0577
2026-02-01,2026-02-01T18:00:00+00:00,2026-02-02T13:00:00+00:00,2026-02-02T18:00:00+05:00,19,1,t2,0.015,0.4614,0.7097,3.91,69.0,1.5,3.5,0.6,953.1,open-meteo/previous-runs (best_match + GFS/ICON/ECMWF),power_model_v1@2026-01-31,0.6048,-0.1434
2026-02-01,2026-02-01T18:00:00+00:00,2026-02-02T14:00:00+00:00,2026-02-02T19:00:00+05:00,20,1,t2,0.0,0.3386,0.4516,3.07,66.0,1.05,3.6,0.0,953.1,open-meteo/previous-runs (best_match + GFS/ICON/ECMWF),power_model_v1@2026-01-31,0.363,-0.0244
2026-02-01,2026-02-01T18:00:00+00:00,2026-02-02T15:00:00+00:00,2026-02-02T20:00:00+05:00,21,1,t2,0.0038,0.1785,0.3052,3.11,66.0,1.25,2.9,-0.4,953.0,open-meteo/previous-runs (best_match + GFS/ICON/ECMWF),power_model_v1@2026-01-31,0.2365,-0.058
2026-02-01,2026-02-01T18:00:00+00:00,2026-02-02T16:00:00+00:00,2026-02-02T21:00:00+05:00,22,1,t2,0.0051,0.1824,0.2914,3.69,63.0,1.39,2.6,-1.1,952.6,open-meteo/previous-runs (best_match + GFS/ICON/ECMWF),power_model_v1@2026-01-31,0.2405,-0.0581
2026-02-01,2026-02-01T18:00:00+00:00,2026-02-02T17:00:00+00:00,2026-02-02T22:00:00+05:00,23,1,t2,0.0042,0.1886,0.3238,3.67,70.0,1.46,2.8,-1.1,952.4,open-meteo/previous-runs (best_match + GFS/ICON/ECMWF),power_model_v1@2026-01-31,0.2438,-0.0552
2026-02-01,2026-02-01T18:00:00+00:00,2026-02-02T18:00:00+00:00,2026-02-02T23:00:00+05:00,24,1,t2,0.0061,0.153,0.3804,3.97,76.0,1.74,3.2,-0.8,952.0,open-meteo/previous-runs (best_match + GFS/ICON/ECMWF),power_model_v1@2026-01-31,0.1881,-0.0351
2026-02-02,2026-02-02T18:00:00+00:00,2026-02-02T19:00:00+00:00,2026-02-03T00:00:00+05:00,1,1,t2,0.012,0.2253,0.538,5.19,71.0,2.17,3.6,-0.8,951.6,open-meteo/previous-runs (best_match + GFS/ICON/ECMWF),power_model_v1@2026-01-31,0.1996,0.0257
2026-02-02,2026-02-02T18:00:00+00:00,2026-02-02T20:00:00+00:00,2026-02-03T01:00:00+05:00,2,1,t2,0.0425,0.3454,0.7097,6.05,67.0,2.52,4.2,-0.8,951.1,open-meteo/previous-runs (best_match + GFS/ICON/ECMWF),power_model_v1@2026-01-31,0.3591,-0.0137
2026-02-02,2026-02-02T18:00:00+00:00,2026-02-02T21:00:00+00:00,2026-02-03T02:00:00+05:00,3,1,t2,0.0722,0.4062,0.8555,6.47,69.0,2.84,4.5,-1.0,950.8,open-meteo/previous-runs (best_match + GFS/ICON/ECMWF),power_model_v1@2026-01-31,0.4419,-0.0357
2026-02-02,2026-02-02T18:00:00+00:00,2026-02-02T22:00:00+00:00,2026-02-03T03:00:00+05:00,4,1,t2,0.1335,0.4312,0.8904,6.52,69.0,2.84,4.9,-1.6,950.1,open-meteo/previous-runs (best_match + GFS/ICON/ECMWF),power_model_v1@2026-01-31,0.45,-0.0188
2026-02-02,2026-02-02T18:00:00+00:00,2026-02-02T23:00:00+00:00,2026-02-03T04:00:00+05:00,5,1,t2,0.1612,0.4591,0.8466,6.53,66.0,2.62,4.9,-1.7,950.0,open-meteo/previous-runs (best_match + GFS/ICON/ECMWF),power_model_v1@2026-01-31,0.4454,0.0137
2026-02-02,2026-02-02T18:00:00+00:00,2026-02-03T00:00:00+00:00,2026-02-03T05:00:00+05:00,6,1,t2,0.0351,0.3608,0.8606,4.78,59.0,1.54,5.0,-2.4,950.4,open-meteo/previous-runs (best_match + GFS/ICON/ECMWF),power_model_v1@2026-01-31,0.3517,0.0091
2026-02-02,2026-02-02T18:00:00+00:00,2026-02-03T01:00:00+00:00,2026-02-03T06:00:00+05:00,7,1,t2,0.0389,0.2808,0.6855,2.43,76.0,0.99,4.7,-2.7,951.0,open-meteo/previous-runs (best_match + GFS/ICON/ECMWF),power_model_v1@2026-01-31,0.251,0.0298
2026-02-02,2026-02-02T18:00:00+00:00,2026-02-03T02:00:00+00:00,2026-02-03T07:00:00+05:00,8,1,t2,0.0189,0.1903,0.5642,3.43,71.0,1.45,4.7,-2.7,951.2,open-meteo/previous-runs (best_match + GFS/ICON/ECMWF),power_model_v1@2026-01-31,0.2362,-0.0459
2026-02-02,2026-02-02T18:00:00+00:00,2026-02-03T03:00:00+00:00,2026-02-03T08:00:00+05:00,9,1,t2,0.0048,0.1411,0.3665,2.47,83.0,0.99,4.1,-0.5,952.6,open-meteo/previous-runs (best_match + GFS/ICON/ECMWF),power_model_v1@2026-01-31,0.1502,-0.0091
2026-02-02,2026-02-02T18:00:00+00:00,2026-02-03T04:00:00+00:00,2026-02-03T09:00:00+05:00,10,1,t2,0.0061,0.0668,0.2232,2.67,218.0,1.82,3.1,3.0,954.0,open-meteo/previous-runs (best_match + GFS/ICON/ECMWF),power_model_v1@2026-01-31,0.1285,-0.0617
2026-02-02,2026-02-02T18:00:00+00:00,2026-02-03T05:00:00+00:00,2026-02-03T10:00:00+05:00,11,1,t2,0.0067,0.0403,0.088,3.43,254.0,2.52,4.0,5.1,954.3,open-meteo/previous-runs (best_match + GFS/ICON/ECMWF),power_model_v1@2026-01-31,0.0673,-0.027
2026-02-02,2026-02-02T18:00:00+00:00,2026-02-03T06:00:00+00:00,2026-02-03T11:00:00+05:00,12,1,t2,0.0055,0.0667,0.2596,5.06,253.0,3.8,4.5,5.4,954.6,open-meteo/previous-runs (best_match + GFS/ICON/ECMWF),power_model_v1@2026-01-31,0.0593,0.0074
2026-02-02,2026-02-02T18:00:00+00:00,2026-02-03T07:00:00+00:00,2026-02-03T12:00:00+05:00,13,1,t2,0.0056,0.0687,0.1733,4.82,260.0,3.61,3.2,6.0,954.4,open-meteo/previous-runs (best_match + GFS/ICON/ECMWF),power_model_v1@2026-01-31,0.059,0.0097
2026-02-02,2026-02-02T18:00:00+00:00,2026-02-03T08:00:00+00:00,2026-02-03T13:00:00+05:00,14,1,t2,0.0065,0.0599,0.1088,3.15,268.0,2.4,2.3,7.2,953.7,open-meteo/previous-runs (best_match + GFS/ICON/ECMWF),power_model_v1@2026-01-31,0.0632,-0.0033
2026-02-02,2026-02-02T18:00:00+00:00,2026-02-03T09:00:00+00:00,2026-02-03T14:00:00+05:00,15,1,t2,0.0075,0.0435,0.0689,3.2,272.0,2.4,3.1,7.2,953.9,open-meteo/previous-runs (best_match + GFS/ICON/ECMWF),power_model_v1@2026-01-31,0.0701,-0.0266
2026-02-02,2026-02-02T18:00:00+00:00,2026-02-03T10:00:00+00:00,2026-02-03T15:00:00+05:00,16,1,t2,0.0071,0.0471,0.1074,2.45,268.0,1.75,3.4,7.0,954.4,open-meteo/previous-runs (best_match + GFS/ICON/ECMWF),power_model_v1@2026-01-31,0.0812,-0.0341
2026-02-02,2026-02-02T18:00:00+00:00,2026-02-03T11:00:00+00:00,2026-02-03T16:00:00+05:00,17,1,t2,0.005,0.1058,0.1914,3.2,267.0,1.4,3.1,4.4,954.5,open-meteo/previous-runs (best_match + GFS/ICON/ECMWF),power_model_v1@2026-01-31,0.1511,-0.0453
2026-02-02,2026-02-02T18:00:00+00:00,2026-02-03T12:00:00+00:00,2026-02-03T17:00:00+05:00,18,1,t2,0.0077,0.1959,0.3987,4.86,266.0,2.11,4.9,1.2,954.1,open-meteo/previous-runs (best_match + GFS/ICON/ECMWF),power_model_v1@2026-01-31,0.1929,0.003
2026-02-02,2026-02-02T18:00:00+00:00,2026-02-03T13:00:00+00:00,2026-02-03T18:00:00+05:00,19,1,t2,0.0088,0.3733,0.6797,4.44,230.0,2.13,5.4,2.2,955.2,open-meteo/previous-runs (best_match + GFS/ICON/ECMWF),power_model_v1@2026-01-31,0.3366,0.0367
2026-02-02,2026-02-02T18:00:00+00:00,2026-02-03T14:00:00+00:00,2026-02-03T19:00:00+05:00,20,1,t2,0.0306,0.441,0.7535,6.42,238.0,3.24,6.4,2.4,955.6,open-meteo/previous-runs (best_match + GFS/ICON/ECMWF),power_model_v1@2026-01-31,0.3665,0.0745
2026-02-02,2026-02-02T18:00:00+00:00,2026-02-03T15:00:00+00:00,2026-02-03T20:00:00+05:00,21,1,t2,0.0347,0.5465,0.8744,7.23,246.0,3.61,6.5,2.5,955.8,open-meteo/previous-runs (best_match + GFS/ICON/ECMWF),power_model_v1@2026-01-31,0.3869,0.1596
2026-02-02,2026-02-02T18:00:00+00:00,2026-02-03T16:00:00+00:00,2026-02-03T21:00:00+05:00,22,1,t2,0.0697,0.5672,0.8916,6.54,249.0,3.05,6.2,1.8,956.0,open-meteo/previous-runs (best_match + GFS/ICON/ECMWF),power_model_v1@2026-01-31,0.3931,0.1741
2026-02-02,2026-02-02T18:00:00+00:00,2026-02-03T17:00:00+00:00,2026-02-03T22:00:00+05:00,23,1,t2,0.0566,0.5911,0.8857,6.36,252.0,3.18,6.0,1.8,956.4,open-meteo/previous-runs (best_match + GFS/ICON/ECMWF),power_model_v1@2026-01-31,0.3121,0.279
2026-02-02,2026-02-02T18:00:00+00:00,2026-02-03T18:00:00+00:00,2026-02-03T23:00:00+05:00,24,1,t2,0.0611,0.5973,0.8802,6.6,246.0,3.19,6.0,2.5,955.8,open-meteo/previous-runs (best_match + GFS/ICON/ECMWF),power_model_v1@2026-01-31,0.2932,0.3041
2026-02-03,2026-02-03T18:00:00+00:00,2026-02-03T19:00:00+00:00,2026-02-04T00:00:00+05:00,1,1,t2,0.0547,0.5538,0.875,6.29,258.0,2.68,6.6,1.7,956.1,open-meteo/previous-runs (best_match + GFS/ICON/ECMWF),power_model_v1@2026-01-31,0.2906,0.2632
2026-02-03,2026-02-03T18:00:00+00:00,2026-02-03T20:00:00+00:00,2026-02-04T01:00:00+05:00,2,1,t2,0.0397,0.5001,0.883,7.24,251.0,3.6,6.9,2.0,956.8,open-meteo/previous-runs (best_match + GFS/ICON/ECMWF),power_model_v1@2026-01-31,0.1943,0.3058
2026-02-03,2026-02-03T18:00:00+00:00,2026-02-03T21:00:00+00:00,2026-02-04T02:00:00+05:00,3,1,t2,0.0382,0.5028,0.8815,6.48,250.0,3.17,7.0,2.5,957.3,open-meteo/previous-runs (best_match + GFS/ICON/ECMWF),power_model_v1@2026-01-31,0.2552,0.2476
2026-02-03,2026-02-03T18:00:00+00:00,2026-02-03T22:00:00+00:00,2026-02-04T03:00:00+05:00,4,1,t2,0.0376,0.5049,0.8718,6.37,255.0,3.14,6.4,2.6,957.3,open-meteo/previous-runs (best_match + GFS/ICON/ECMWF),power_model_v1@2026-01-31,0.4259,0.079
2026-02-03,2026-02-03T18:00:00+00:00,2026-02-03T23:00:00+00:00,2026-02-04T04:00:00+05:00,5,1,t2,0.0543,0.5117,0.8496,6.16,249.0,3.11,6.1,2.6,957.5,open-meteo/previous-runs (best_match + GFS/ICON/ECMWF),power_model_v1@2026-01-31,0.4431,0.0686
2026-02-03,2026-02-03T18:00:00+00:00,2026-02-04T00:00:00+00:00,2026-02-04T05:00:00+05:00,6,1,t2,0.1205,0.5734,0.9161,7.61,241.0,4.31,6.5,2.6,958.1,open-meteo/previous-runs (best_match + GFS/ICON/ECMWF),power_model_v1@2026-01-31,0.3421,0.2313
2026-02-03,2026-02-03T18:00:00+00:00,2026-02-04T01:00:00+00:00,2026-02-04T06:00:00+05:00,7,1,t2,0.1878,0.6073,0.9763,6.87,241.0,3.79,9.5,2.5,958.2,open-meteo/previous-runs (best_match + GFS/ICON/ECMWF),power_model_v1@2026-01-31,0.4718,0.1355
2026-02-03,2026-02-03T18:00:00+00:00,2026-02-04T02:00:00+00:00,2026-02-04T07:00:00+05:00,8,1,t2,0.0904,0.4678,0.9128,6.98,238.0,3.83,10.1,2.4,958.5,open-meteo/previous-runs (best_match + GFS/ICON/ECMWF),power_model_v1@2026-01-31,0.4814,-0.0136
2026-02-03,2026-02-03T18:00:00+00:00,2026-02-04T03:00:00+00:00,2026-02-04T08:00:00+05:00,9,1,t2,0.0494,0.3724,0.8742,7.0,244.0,3.75,9.7,2.6,959.2,open-meteo/previous-runs (best_match + GFS/ICON/ECMWF),power_model_v1@2026-01-31,0.4327,-0.0603
2026-02-03,2026-02-03T18:00:00+00:00,2026-02-04T04:00:00+00:00,2026-02-04T09:00:00+05:00,10,1,t2,0.0057,0.2859,0.8218,7.15,232.0,4.15,8.5,3.1,959.5,open-meteo/previous-runs (best_match + GFS/ICON/ECMWF),power_model_v1@2026-01-31,0.379,-0.0931
2026-02-03,2026-02-03T18:00:00+00:00,2026-02-04T05:00:00+00:00,2026-02-04T10:00:00+05:00,11,1,t2,0.0065,0.2695,0.7812,7.05,232.0,4.41,8.1,3.7,959.7,open-meteo/previous-runs (best_match + GFS/ICON/ECMWF),power_model_v1@2026-01-31,0.2792,-0.0097
2026-02-03,2026-02-03T18:00:00+00:00,2026-02-04T06:00:00+00:00,2026-02-04T11:00:00+05:00,12,1,t2,0.0104,0.2161,0.6097,5.59,238.0,3.97,8.6,4.7,959.9,open-meteo/previous-runs (best_match + GFS/ICON/ECMWF),power_model_v1@2026-01-31,0.2737,-0.0576
2026-02-03,2026-02-03T18:00:00+00:00,2026-02-04T07:00:00+00:00,2026-02-04T12:00:00+05:00,13,1,t2,0.0154,0.1703,0.5317,5.23,243.0,3.99,9.4,6.2,959.6,open-meteo/previous-runs (best_match + GFS/ICON/ECMWF),power_model_v1@2026-01-31,0.2187,-0.0484
2026-02-03,2026-02-03T18:00:00+00:00,2026-02-04T08:00:00+00:00,2026-02-04T13:00:00+05:00,14,1,t2,0.0141,0.1688,0.4741,5.19,251.0,4.0,9.6,7.6,958.9,open-meteo/previous-runs (best_match + GFS/ICON/ECMWF),power_model_v1@2026-01-31,0.1543,0.0145
2026-02-03,2026-02-03T18:00:00+00:00,2026-02-04T09:00:00+00:00,2026-02-04T14:00:00+05:00,15,1,t2,0.013,0.1802,0.4579,4.99,254.0,3.81,10.0,8.0,958.7,open-meteo/previous-runs (best_match + GFS/ICON/ECMWF),power_model_v1@2026-01-31,0.1801,0.0001
2026-02-03,2026-02-03T18:00:00+00:00,2026-02-04T10:00:00+00:00,2026-02-04T15:00:00+05:00,16,1,t2,0.0096,0.1672,0.4242,4.57,250.0,3.39,10.0,7.4,958.8,open-meteo/previous-runs (best_match + GFS/ICON/ECMWF),power_model_v1@2026-01-31,0.1633,0.0039
2026-02-03,2026-02-03T18:00:00+00:00,2026-02-04T11:00:00+00:00,2026-02-04T16:00:00+05:00,17,1,t2,0.015,0.1021,0.3591,3.85,244.0,1.79,9.5,6.0,958.8,open-meteo/previous-runs (best_match + GFS/ICON/ECMWF),power_model_v1@2026-01-31,0.2014,-0.0993
2026-02-03,2026-02-03T18:00:00+00:00,2026-02-04T12:00:00+00:00,2026-02-04T17:00:00+05:00,18,1,t2,0.0049,0.1298,0.2509,2.76,238.0,1.03,5.8,2.9,957.4,open-meteo/previous-runs (best_match + GFS/ICON/ECMWF),power_model_v1@2026-01-31,0.1089,0.0209
2026-02-03,2026-02-03T18:00:00+00:00,2026-02-04T13:00:00+00:00,2026-02-04T18:00:00+05:00,19,1,t2,0.0062,0.0862,0.2936,1.72,253.0,0.66,2.4,1.9,957.4,open-meteo/previous-runs (best_match + GFS/ICON/ECMWF),power_model_v1@2026-01-31,0.0984,-0.0122
2026-02-03,2026-02-03T18:00:00+00:00,2026-02-04T14:00:00+00:00,2026-02-04T19:00:00+05:00,20,1,t2,0.0007,0.2511,0.4755,3.24,56.0,1.75,2.2,0.6,957.6,open-meteo/previous-runs (best_match + GFS/ICON/ECMWF),power_model_v1@2026-01-31,0.205,0.0461
2026-02-03,2026-02-03T18:00:00+00:00,2026-02-04T15:00:00+00:00,2026-02-04T20:00:00+05:00,21,1,t2,0.0376,0.3639,0.7884,6.02,66.0,2.75,3.4,1.0,958.2,open-meteo/previous-runs (best_match + GFS/ICON/ECMWF),power_model_v1@2026-01-31,0.2871,0.0768
2026-02-03,2026-02-03T18:00:00+00:00,2026-02-04T16:00:00+00:00,2026-02-04T21:00:00+05:00,22,1,t2,0.1999,0.6529,0.9585,6.49,66.0,3.01,5.5,0.1,958.4,open-meteo/previous-runs (best_match + GFS/ICON/ECMWF),power_model_v1@2026-01-31,0.5575,0.0954
2026-02-03,2026-02-03T18:00:00+00:00,2026-02-04T17:00:00+00:00,2026-02-04T22:00:00+05:00,23,1,t2,0.2228,0.6382,1.0,6.93,64.0,3.36,6.5,-0.7,958.0,open-meteo/previous-runs (best_match + GFS/ICON/ECMWF),power_model_v1@2026-01-31,0.6966,-0.0584
2026-02-03,2026-02-03T18:00:00+00:00,2026-02-04T18:00:00+00:00,2026-02-04T23:00:00+05:00,24,1,t2,0.3959,0.6502,0.987,7.63,61.0,3.92,7.1,-1.3,957.4,open-meteo/previous-runs (best_match + GFS/ICON/ECMWF),power_model_v1@2026-01-31,0.6773,-0.0271
2026-02-04,2026-02-04T18:00:00+00:00,2026-02-04T19:00:00+00:00,2026-02-05T00:00:00+05:00,1,1,t2,0.5409,0.8303,0.9899,8.52,60.0,4.62,8.0,-1.3,957.0,open-meteo/previous-runs (best_match + GFS/ICON/ECMWF),power_model_v1@2026-01-31,0.7028,0.1275
2026-02-04,2026-02-04T18:00:00+00:00,2026-02-04T20:00:00+00:00,2026-02-05T01:00:00+05:00,2,1,t2,0.7608,0.9016,0.9879,9.11,61.0,5.22,9.5,-0.9,956.4,open-meteo/previous-runs (best_match + GFS/ICON/ECMWF),power_model_v1@2026-01-31,0.7934,0.1082
2026-02-04,2026-02-04T18:00:00+00:00,2026-02-04T21:00:00+00:00,2026-02-05T02:00:00+05:00,3,1,t2,0.9374,0.9384,0.9869,9.71,66.0,5.64,10.1,-0.4,955.9,open-meteo/previous-runs (best_match + GFS/ICON/ECMWF),power_model_v1@2026-01-31,0.8796,0.0588
2026-02-04,2026-02-04T18:00:00+00:00,2026-02-04T22:00:00+00:00,2026-02-05T03:00:00+05:00,4,1,t2,0.9575,0.9585,0.9879,10.07,71.0,5.98,10.9,-0.1,955.2,open-meteo/previous-runs (best_match + GFS/ICON/ECMWF),power_model_v1@2026-01-31,0.9302,0.0283
2026-02-04,2026-02-04T18:00:00+00:00,2026-02-04T23:00:00+00:00,2026-02-05T04:00:00+05:00,5,1,t2,0.9502,0.9512,0.979,10.41,74.0,6.2,12.2,0.2,955.0,open-meteo/previous-runs (best_match + GFS/ICON/ECMWF),power_model_v1@2026-01-31,0.9446,0.0066
2026-02-04,2026-02-04T18:00:00+00:00,2026-02-05T00:00:00+00:00,2026-02-05T05:00:00+05:00,6,1,t2,0.9008,0.9018,0.9799,10.98,77.0,6.75,15.4,1.1,954.3,open-meteo/previous-runs (best_match + GFS/ICON/ECMWF),power_model_v1@2026-01-31,0.9368,-0.035
2026-02-04,2026-02-04T18:00:00+00:00,2026-02-05T01:00:00+00:00,2026-02-05T06:00:00+05:00,7,1,t2,0.8888,0.8898,0.9814,11.71,79.0,7.47,17.2,1.5,953.7,open-meteo/previous-runs (best_match + GFS/ICON/ECMWF),power_model_v1@2026-01-31,0.9419,-0.0521
2026-02-04,2026-02-04T18:00:00+00:00,2026-02-05T02:00:00+00:00,2026-02-05T07:00:00+05:00,8,1,t2,0.8886,0.8896,0.9814,11.89,80.0,7.57,18.0,1.4,953.2,open-meteo/previous-runs (best_match + GFS/ICON/ECMWF),power_model_v1@2026-01-31,0.894,-0.0044
2026-02-04,2026-02-04T18:00:00+00:00,2026-02-05T03:00:00+00:00,2026-02-05T08:00:00+05:00,9,1,t2,0.8869,0.8879,0.9815,11.98,83.0,7.77,18.8,2.0,953.3,open-meteo/previous-runs (best_match + GFS/ICON/ECMWF),power_model_v1@2026-01-31,0.8898,-0.0019
2026-02-04,2026-02-04T18:00:00+00:00,2026-02-05T04:00:00+00:00,2026-02-05T09:00:00+05:00,10,1,t2,0.9461,0.9471,0.9777,11.6,78.0,7.05,20.3,3.2,953.1,open-meteo/previous-runs (best_match + GFS/ICON/ECMWF),power_model_v1@2026-01-31,0.8746,0.0725
2026-02-04,2026-02-04T18:00:00+00:00,2026-02-05T05:00:00+00:00,2026-02-05T10:00:00+05:00,11,1,t2,0.9578,0.9588,0.9744,11.45,77.0,8.02,21.7,4.9,952.6,open-meteo/previous-runs (best_match + GFS/ICON/ECMWF),power_model_v1@2026-01-31,0.9502,0.0086
2026-02-04,2026-02-04T18:00:00+00:00,2026-02-05T06:00:00+00:00,2026-02-05T11:00:00+05:00,12,1,t2,0.9644,0.9709,0.9725,11.75,75.0,8.43,23.8,6.7,951.8,open-meteo/previous-runs (best_match + GFS/ICON/ECMWF),power_model_v1@2026-01-31,0.9694,0.0015
2026-02-04,2026-02-04T18:00:00+00:00,2026-02-05T07:00:00+00:00,2026-02-05T12:00:00+05:00,13,1,t2,0.9119,0.9549,0.9721,12.09,74.0,8.65,24.1,7.9,950.9,open-meteo/previous-runs (best_match + GFS/ICON/ECMWF),power_model_v1@2026-01-31,0.9635,-0.0086
2026-02-04,2026-02-04T18:00:00+00:00,2026-02-05T08:00:00+00:00,2026-02-05T13:00:00+05:00,14,1,t2,0.9123,0.9329,0.9728,11.22,73.0,7.99,23.8,8.3,949.7,open-meteo/previous-runs (best_match + GFS/ICON/ECMWF),power_model_v1@2026-01-31,0.9428,-0.0099
2026-02-04,2026-02-04T18:00:00+00:00,2026-02-05T09:00:00+00:00,2026-02-05T14:00:00+05:00,15,1,t2,0.8387,0.9316,0.9726,10.16,69.0,7.25,23.0,8.5,949.1,open-meteo/previous-runs (best_match + GFS/ICON/ECMWF),power_model_v1@2026-01-31,0.9299,0.0017
2026-02-04,2026-02-04T18:00:00+00:00,2026-02-05T10:00:00+00:00,2026-02-05T15:00:00+05:00,16,1,t2,0.5571,0.9334,0.9735,8.5,63.0,5.94,21.8,8.0,949.1,open-meteo/previous-runs (best_match + GFS/ICON/ECMWF),power_model_v1@2026-01-31,0.9549,-0.0215
2026-02-04,2026-02-04T18:00:00+00:00,2026-02-05T11:00:00+00:00,2026-02-05T16:00:00+05:00,17,1,t2,0.4346,0.9299,0.9746,7.94,68.0,4.68,20.3,6.4,949.1,open-meteo/previous-runs (best_match + GFS/ICON/ECMWF),power_model_v1@2026-01-31,0.9123,0.0176
2026-02-04,2026-02-04T18:00:00+00:00,2026-02-05T12:00:00+00:00,2026-02-05T17:00:00+05:00,18,1,t2,0.3774,0.889,0.9838,7.03,74.0,3.36,14.6,2.9,948.2,open-meteo/previous-runs (best_match + GFS/ICON/ECMWF),power_model_v1@2026-01-31,0.9247,-0.0357
2026-02-04,2026-02-04T18:00:00+00:00,2026-02-05T13:00:00+00:00,2026-02-05T18:00:00+05:00,19,1,t2,0.2847,0.8162,1.0,6.5,78.0,2.99,10.8,-0.1,947.8,open-meteo/previous-runs (best_match + GFS/ICON/ECMWF),power_model_v1@2026-01-31,0.8845,-0.0683
2026-02-04,2026-02-04T18:00:00+00:00,2026-02-05T14:00:00+00:00,2026-02-05T19:00:00+05:00,20,1,t2,0.2109,0.8095,0.9783,6.59,78.0,3.18,8.5,-1.1,947.7,open-meteo/previous-runs (best_match + GFS/ICON/ECMWF),power_model_v1@2026-01-31,0.8159,-0.0064
2026-02-04,2026-02-04T18:00:00+00:00,2026-02-05T15:00:00+00:00,2026-02-05T20:00:00+05:00,21,1,t2,0.2039,0.7406,0.9599,6.86,78.0,3.44,7.4,-1.1,947.4,open-meteo/previous-runs (best_match + GFS/ICON/ECMWF),power_model_v1@2026-01-31,0.7912,-0.0506
2026-02-04,2026-02-04T18:00:00+00:00,2026-02-05T16:00:00+00:00,2026-02-05T21:00:00+05:00,22,1,t2,0.1736,0.7075,0.9692,6.88,72.0,3.29,7.2,-1.1,947.4,open-meteo/previous-runs (best_match + GFS/ICON/ECMWF),power_model_v1@2026-01-31,0.7613,-0.0538
2026-02-04,2026-02-04T18:00:00+00:00,2026-02-05T17:00:00+00:00,2026-02-05T22:00:00+05:00,23,1,t2,0.1643,0.65,0.9505,6.36,72.0,2.84,6.6,-1.5,947.1,open-meteo/previous-runs (best_match + GFS/ICON/ECMWF),power_model_v1@2026-01-31,0.6614,-0.0114
2026-02-04,2026-02-04T18:00:00+00:00,2026-02-05T18:00:00+00:00,2026-02-05T23:00:00+05:00,24,1,t2,0.1627,0.516,0.9308,6.57,69.0,2.97,6.5,-1.4,946.9,open-meteo/previous-runs (best_match + GFS/ICON/ECMWF),power_model_v1@2026-01-31,0.5454,-0.0294
2026-02-05,2026-02-05T18:00:00+00:00,2026-02-05T19:00:00+00:00,2026-02-06T00:00:00+05:00,1,1,t2,0.1539,0.4275,0.8695,6.18,67.0,2.6,6.1,-1.6,946.9,open-meteo/previous-runs (best_match + GFS/ICON/ECMWF),power_model_v1@2026-01-31,0.482,-0.0545
2026-02-05,2026-02-05T18:00:00+00:00,2026-02-05T20:00:00+00:00,2026-02-06T01:00:00+05:00,2,1,t2,0.0971,0.4139,0.8223,5.49,67.0,2.22,6.0,-1.9,946.6,open-meteo/previous-runs (best_match + GFS/ICON/ECMWF),power_model_v1@2026-01-31,0.4189,-0.005
2026-02-05,2026-02-05T18:00:00+00:00,2026-02-05T21:00:00+00:00,2026-02-06T02:00:00+05:00,3,1,t2,0.0435,0.4554,0.8274,5.12,63.0,1.92,5.6,-2.0,946.7,open-meteo/previous-runs (best_match + GFS/ICON/ECMWF),power_model_v1@2026-01-31,0.3965,0.0589
2026-02-05,2026-02-05T18:00:00+00:00,2026-02-05T22:00:00+00:00,2026-02-06T03:00:00+05:00,4,1,t2,0.0265,0.3558,0.8233,4.73,59.0,1.61,5.2,-1.8,947.3,open-meteo/previous-runs (best_match + GFS/ICON/ECMWF),power_model_v1@2026-01-31,0.3345,0.0213
2026-02-05,2026-02-05T18:00:00+00:00,2026-02-05T23:00:00+00:00,2026-02-06T04:00:00+05:00,5,1,t2,0.0221,0.3176,0.6812,3.01,75.0,1.07,4.7,-1.4,948.3,open-meteo/previous-runs (best_match + GFS/ICON/ECMWF),power_model_v1@2026-01-31,0.2162,0.1014
2026-02-05,2026-02-05T18:00:00+00:00,2026-02-06T00:00:00+00:00,2026-02-06T05:00:00+05:00,6,1,t2,0.0056,0.1741,0.39,2.92,84.0,1.2,3.5,-0.8,948.5,open-meteo/previous-runs (best_match + GFS/ICON/ECMWF),power_model_v1@2026-01-31,0.1477,0.0264
2026-02-05,2026-02-05T18:00:00+00:00,2026-02-06T01:00:00+00:00,2026-02-06T06:00:00+05:00,7,1,t2,0.0021,0.1731,0.3884,2.02,171.0,1.48,3.4,0.2,949.6,open-meteo/previous-runs (best_match + GFS/ICON/ECMWF),power_model_v1@2026-01-31,0.1381,0.035
2026-02-05,2026-02-05T18:00:00+00:00,2026-02-06T02:00:00+00:00,2026-02-06T07:00:00+05:00,8,1,t2,0.0071,0.0692,0.2484,6.09,258.0,2.65,3.1,1.3,951.4,open-meteo/previous-runs (best_match + GFS/ICON/ECMWF),power_model_v1@2026-01-31,0.1483,-0.0791
2026-02-05,2026-02-05T18:00:00+00:00,2026-02-06T03:00:00+00:00,2026-02-06T08:00:00+05:00,9,1,t2,0.0,0.128,0.4322,7.29,259.0,3.94,4.3,1.6,953.2,open-meteo/previous-runs (best_match + GFS/ICON/ECMWF),power_model_v1@2026-01-31,0.2591,-0.1311
2026-02-05,2026-02-05T18:00:00+00:00,2026-02-06T04:00:00+00:00,2026-02-06T09:00:00+05:00,10,1,t2,0.0019,0.1375,0.4015,5.48,260.0,3.4,4.2,3.0,954.0,open-meteo/previous-runs (best_match + GFS/ICON/ECMWF),power_model_v1@2026-01-31,0.3266,-0.1891
2026-02-05,2026-02-05T18:00:00+00:00,2026-02-06T05:00:00+00:00,2026-02-06T10:00:00+05:00,11,1,t2,0.0029,0.148,0.3022,2.77,242.0,2.1,4.6,4.5,954.5,open-meteo/previous-runs (best_match + GFS/ICON/ECMWF),power_model_v1@2026-01-31,0.3658,-0.2178
2026-02-05,2026-02-05T18:00:00+00:00,2026-02-06T06:00:00+00:00,2026-02-06T11:00:00+05:00,12,1,t2,0.0145,0.2833,0.7073,5.33,260.0,3.75,10.3,5.4,954.8,open-meteo/previous-runs (best_match + GFS/ICON/ECMWF),power_model_v1@2026-01-31,0.6285,-0.3452
2026-02-05,2026-02-05T18:00:00+00:00,2026-02-06T07:00:00+00:00,2026-02-06T12:00:00+05:00,13,1,t2,0.197,0.5437,0.8703,8.8,261.0,6.22,16.6,6.5,954.7,open-meteo/previous-runs (best_match + GFS/ICON/ECMWF),power_model_v1@2026-01-31,0.7168,-0.1731
2026-02-05,2026-02-05T18:00:00+00:00,2026-02-06T08:00:00+00:00,2026-02-06T13:00:00+05:00,14,1,t2,0.4372,0.8257,0.9859,9.74,257.0,6.61,19.4,5.7,954.7,open-meteo/previous-runs (best_match + GFS/ICON/ECMWF),power_model_v1@2026-01-31,0.8694,-0.0437
2026-02-05,2026-02-05T18:00:00+00:00,2026-02-06T09:00:00+00:00,2026-02-06T14:00:00+05:00,15,1,t2,0.5808,0.9037,0.976,11.73,261.0,8.23,19.6,5.7,955.4,open-meteo/previous-runs (best_match + GFS/ICON/ECMWF),power_model_v1@2026-01-31,0.9582,-0.0545
2026-02-05,2026-02-05T18:00:00+00:00,2026-02-06T10:00:00+00:00,2026-02-06T15:00:00+05:00,16,1,t2,0.9236,0.955,0.9738,12.85,259.0,8.98,19.0,5.4,956.5,open-meteo/previous-runs (best_match + GFS/ICON/ECMWF),power_model_v1@2026-01-31,0.9543,0.0007
2026-02-05,2026-02-05T18:00:00+00:00,2026-02-06T11:00:00+00:00,2026-02-06T16:00:00+05:00,17,1,t2,0.962,0.963,0.9768,13.73,257.0,9.0,17.2,4.5,957.5,open-meteo/previous-runs (best_match + GFS/ICON/ECMWF),power_model_v1@2026-01-31,0.9666,-0.0036
2026-02-05,2026-02-05T18:00:00+00:00,2026-02-06T12:00:00+00:00,2026-02-06T17:00:00+05:00,18,1,t2,0.9629,0.9697,0.976,14.87,255.0,9.55,16.8,4.1,957.9,open-meteo/previous-runs (best_match + GFS/ICON/ECMWF),power_model_v1@2026-01-31,0.9438,0.0259
2026-02-05,2026-02-05T18:00:00+00:00,2026-02-06T13:00:00+00:00,2026-02-06T18:00:00+05:00,19,1,t2,0.9613,0.9623,0.9793,16.0,256.0,10.48,17.2,2.7,959.9,open-meteo/previous-runs (best_match + GFS/ICON/ECMWF),power_model_v1@2026-01-31,0.959,0.0033
2026-02-05,2026-02-05T18:00:00+00:00,2026-02-06T14:00:00+00:00,2026-02-06T19:00:00+05:00,20,1,t2,0.9835,0.9989,0.9999,14.47,257.0,9.36,17.2,1.3,961.4,open-meteo/previous-runs (best_match + GFS/ICON/ECMWF),power_model_v1@2026-01-31,0.968,0.0309
2026-02-05,2026-02-05T18:00:00+00:00,2026-02-06T15:00:00+00:00,2026-02-06T20:00:00+05:00,21,1,t2,0.9799,0.9808,0.9818,14.15,252.0,9.06,16.7,1.2,962.3,open-meteo/previous-runs (best_match + GFS/ICON/ECMWF),power_model_v1@2026-01-31,1.0,-0.0192
2026-02-05,2026-02-05T18:00:00+00:00,2026-02-06T16:00:00+00:00,2026-02-06T21:00:00+05:00,22,1,t2,0.9514,0.9524,0.9795,13.49,252.0,8.67,15.2,1.0,963.1,open-meteo/previous-runs (best_match + GFS/ICON/ECMWF),power_model_v1@2026-01-31,1.0,-0.0476
2026-02-05,2026-02-05T18:00:00+00:00,2026-02-06T17:00:00+00:00,2026-02-06T22:00:00+05:00,23,1,t2,0.8276,0.8873,0.9813,11.46,254.0,7.37,12.8,0.8,963.9,open-meteo/previous-runs (best_match + GFS/ICON/ECMWF),power_model_v1@2026-01-31,0.9818,-0.0945
2026-02-05,2026-02-05T18:00:00+00:00,2026-02-06T18:00:00+00:00,2026-02-06T23:00:00+05:00,24,1,t2,0.5786,0.8717,0.9786,7.78,260.0,4.73,11.5,0.4,964.1,open-meteo/previous-runs (best_match + GFS/ICON/ECMWF),power_model_v1@2026-01-31,0.9822,-0.1105
2026-02-06,2026-02-06T18:00:00+00:00,2026-02-06T19:00:00+00:00,2026-02-07T00:00:00+05:00,1,1,t2,0.2108,0.7123,0.9628,6.3,248.0,3.79,11.5,0.1,964.1,open-meteo/previous-runs (best_match + GFS/ICON/ECMWF),power_model_v1@2026-01-31,0.9483,-0.236
2026-02-06,2026-02-06T18:00:00+00:00,2026-02-06T20:00:00+00:00,2026-02-07T01:00:00+05:00,2,1,t2,0.1734,0.6228,0.9312,5.77,243.0,3.54,10.0,-0.1,963.7,open-meteo/previous-runs (best_match + GFS/ICON/ECMWF),power_model_v1@2026-01-31,0.8741,-0.2513
2026-02-06,2026-02-06T18:00:00+00:00,2026-02-06T21:00:00+00:00,2026-02-07T02:00:00+05:00,3,1,t2,0.0978,0.5505,0.8865,6.22,241.0,3.72,8.3,-0.1,963.7,open-meteo/previous-runs (best_match + GFS/ICON/ECMWF),power_model_v1@2026-01-31,0.7474,-0.1969
2026-02-06,2026-02-06T18:00:00+00:00,2026-02-06T22:00:00+00:00,2026-02-07T03:00:00+05:00,4,1,t2,0.0266,0.3801,0.75,6.06,245.0,3.51,7.7,-0.3,963.5,open-meteo/previous-runs (best_match + GFS/ICON/ECMWF),power_model_v1@2026-01-31,0.633,-0.2529
2026-02-06,2026-02-06T18:00:00+00:00,2026-02-06T23:00:00+00:00,2026-02-07T04:00:00+05:00,5,1,t2,0.003,0.2747,0.6738,5.87,247.0,3.34,7.2,-0.5,963.6,open-meteo/previous-runs (best_match + GFS/ICON/ECMWF),power_model_v1@2026-01-31,0.4515,-0.1768
2026-02-06,2026-02-06T18:00:00+00:00,2026-02-07T00:00:00+00:00,2026-02-07T05:00:00+05:00,6,1,t2,0.0028,0.1667,0.4602,3.93,239.0,1.64,5.8,-0.8,963.5,open-meteo/previous-runs (best_match + GFS/ICON/ECMWF),power_model_v1@2026-01-31,0.3554,-0.1887
2026-02-06,2026-02-06T18:00:00+00:00,2026-02-07T01:00:00+00:00,2026-02-07T06:00:00+05:00,7,1,t2,0.007,0.0512,0.1785,2.55,228.0,0.91,5.1,-1.9,963.0,open-meteo/previous-runs (best_match + GFS/ICON/ECMWF),power_model_v1@2026-01-31,0.1543,-0.1031
2026-02-06,2026-02-06T18:00:00+00:00,2026-02-07T02:00:00+00:00,2026-02-07T07:00:00+05:00,8,1,t2,0.008,0.0231,0.0455,0.91,276.0,0.07,4.2,-2.2,962.7,open-meteo/previous-runs (best_match + GFS/ICON/ECMWF),power_model_v1@2026-01-31,0.0515,-0.0284
2026-02-06,2026-02-06T18:00:00+00:00,2026-02-07T03:00:00+00:00,2026-02-07T08:00:00+05:00,9,1,t2,0.0079,0.0123,0.0133,0.59,340.0,0.3,2.9,-1.1,963.1,open-meteo/previous-runs (best_match + GFS/ICON/ECMWF),power_model_v1@2026-01-31,0.0255,-0.0132
2026-02-06,2026-02-06T18:00:00+00:00,2026-02-07T04:00:00+00:00,2026-02-07T09:00:00+05:00,10,1,t2,0.0079,0.0147,0.1199,1.34,45.0,1.31,3.1,0.5,962.9,open-meteo/previous-runs (best_match + GFS/ICON/ECMWF),power_model_v1@2026-01-31,0.0293,-0.0146
2026-02-06,2026-02-06T18:00:00+00:00,2026-02-07T05:00:00+00:00,2026-02-07T10:00:00+05:00,11,1,t2,0.0101,0.1109,0.4632,3.24,52.0,2.73,6.6,1.6,962.5,open-meteo/previous-runs (best_match + GFS/ICON/ECMWF),power_model_v1@2026-01-31,0.0484,0.0625
2026-02-06,2026-02-06T18:00:00+00:00,2026-02-07T06:00:00+00:00,2026-02-07T11:00:00+05:00,12,1,t2,0.0209,0.2763,0.7469,5.59,56.0,4.39,7.2,2.4,961.6,open-meteo/previous-runs (best_match + GFS/ICON/ECMWF),power_model_v1@2026-01-31,0.1253,0.151
2026-02-06,2026-02-06T18:00:00+00:00,2026-02-07T07:00:00+00:00,2026-02-07T12:00:00+05:00,13,1,t2,0.064,0.4266,0.7879,6.16,56.0,4.84,7.8,3.8,960.6,open-meteo/previous-runs (best_match + GFS/ICON/ECMWF),power_model_v1@2026-01-31,0.1761,0.2505
2026-02-06,2026-02-06T18:00:00+00:00,2026-02-07T08:00:00+00:00,2026-02-07T13:00:00+05:00,14,1,t2,0.0233,0.4131,0.7517,6.09,48.0,4.81,8.1,3.3,959.5,open-meteo/previous-runs (best_match + GFS/ICON/ECMWF),power_model_v1@2026-01-31,0.2455,0.1676
2026-02-06,2026-02-06T18:00:00+00:00,2026-02-07T09:00:00+00:00,2026-02-07T14:00:00+05:00,15,1,t2,0.0079,0.236,0.5603,5.2,47.0,4.11,7.5,2.7,959.1,open-meteo/previous-runs (best_match + GFS/ICON/ECMWF),power_model_v1@2026-01-31,0.2748,-0.0388
2026-02-06,2026-02-06T18:00:00+00:00,2026-02-07T10:00:00+00:00,2026-02-07T15:00:00+05:00,16,1,t2,0.0051,0.1424,0.3402,3.68,44.0,2.92,6.1,2.1,959.1,open-meteo/previous-runs (best_match + GFS/ICON/ECMWF),power_model_v1@2026-01-31,0.1527,-0.0103
2026-02-06,2026-02-06T18:00:00+00:00,2026-02-07T11:00:00+00:00,2026-02-07T16:00:00+05:00,17,1,t2,0.0073,0.0566,0.1507,2.33,45.0,1.81,4.2,1.3,959.1,open-meteo/previous-runs (best_match + GFS/ICON/ECMWF),power_model_v1@2026-01-31,0.1075,-0.0509
2026-02-06,2026-02-06T18:00:00+00:00,2026-02-07T12:00:00+00:00,2026-02-07T17:00:00+05:00,18,1,t2,0.0067,0.0785,0.1729,0.61,99.0,0.07,6.8,0.1,958.3,open-meteo/previous-runs (best_match + GFS/ICON/ECMWF),power_model_v1@2026-01-31,0.0447,0.0338
2026-02-06,2026-02-06T18:00:00+00:00,2026-02-07T13:00:00+00:00,2026-02-07T18:00:00+05:00,19,1,t2,0.0098,0.1446,0.4147,5.11,250.0,2.78,8.9,0.1,958.9,open-meteo/previous-runs (best_match + GFS/ICON/ECMWF),power_model_v1@2026-01-31,0.1255,0.0191
2026-02-06,2026-02-06T18:00:00+00:00,2026-02-07T14:00:00+00:00,2026-02-07T19:00:00+05:00,20,1,t2,0.0477,0.3289,0.7929,7.59,246.0,4.57,10.7,0.0,959.4,open-meteo/previous-runs (best_match + GFS/ICON/ECMWF),power_model_v1@2026-01-31,0.2945,0.0344
2026-02-06,2026-02-06T18:00:00+00:00,2026-02-07T15:00:00+00:00,2026-02-07T20:00:00+05:00,21,1,t2,0.1266,0.4819,0.934,8.94,247.0,5.55,10.8,-0.3,959.7,open-meteo/previous-runs (best_match + GFS/ICON/ECMWF),power_model_v1@2026-01-31,0.4288,0.0531
2026-02-06,2026-02-06T18:00:00+00:00,2026-02-07T16:00:00+00:00,2026-02-07T21:00:00+05:00,22,1,t2,0.2436,0.7164,0.9768,10.17,251.0,6.46,10.8,-0.5,960.1,open-meteo/previous-runs (best_match + GFS/ICON/ECMWF),power_model_v1@2026-01-31,0.5879,0.1285
2026-02-06,2026-02-06T18:00:00+00:00,2026-02-07T17:00:00+00:00,2026-02-07T22:00:00+05:00,23,1,t2,0.5828,0.8777,0.9732,10.57,256.0,6.83,11.4,-0.7,960.5,open-meteo/previous-runs (best_match + GFS/ICON/ECMWF),power_model_v1@2026-01-31,0.6075,0.2702
2026-02-06,2026-02-06T18:00:00+00:00,2026-02-07T18:00:00+00:00,2026-02-07T23:00:00+05:00,24,1,t2,0.8555,0.9762,0.9797,11.06,255.0,7.12,12.5,-1.3,961.1,open-meteo/previous-runs (best_match + GFS/ICON/ECMWF),power_model_v1@2026-01-31,0.7094,0.2668
2026-02-07,2026-02-07T18:00:00+00:00,2026-02-07T19:00:00+00:00,2026-02-08T00:00:00+05:00,1,1,t2,0.8619,0.9628,0.9804,11.59,254.0,7.08,12.2,-1.6,961.5,open-meteo/previous-runs (best_match + GFS/ICON/ECMWF),power_model_v1@2026-01-31,0.7578,0.205
2026-02-07,2026-02-07T18:00:00+00:00,2026-02-07T20:00:00+00:00,2026-02-08T01:00:00+05:00,2,1,t2,0.7984,0.9578,0.9797,11.43,251.0,7.07,11.7,-1.8,961.9,open-meteo/previous-runs (best_match + GFS/ICON/ECMWF),power_model_v1@2026-01-31,0.788,0.1698
2026-02-07,2026-02-07T18:00:00+00:00,2026-02-07T21:00:00+00:00,2026-02-08T02:00:00+05:00,3,1,t2,0.7407,0.8942,0.9807,10.59,251.0,6.55,10.8,-1.8,962.4,open-meteo/previous-runs (best_match + GFS/ICON/ECMWF),power_model_v1@2026-01-31,0.8081,0.0861
2026-02-07,2026-02-07T18:00:00+00:00,2026-02-07T22:00:00+00:00,2026-02-08T03:00:00+05:00,4,1,t2,0.5193,0.8658,0.9753,9.55,245.0,5.67,10.1,-2.0,962.6,open-meteo/previous-runs (best_match + GFS/ICON/ECMWF),power_model_v1@2026-01-31,0.829,0.0368
2026-02-07,2026-02-07T18:00:00+00:00,2026-02-07T23:00:00+00:00,2026-02-08T04:00:00+05:00,5,1,t2,0.3291,0.7426,0.9895,8.39,236.0,4.95,9.8,-1.8,962.5,open-meteo/previous-runs (best_match + GFS/ICON/ECMWF),power_model_v1@2026-01-31,0.7406,0.002
2026-02-07,2026-02-07T18:00:00+00:00,2026-02-08T00:00:00+00:00,2026-02-08T05:00:00+05:00,6,1,t2,0.2564,0.6491,0.9739,7.97,228.0,4.62,9.3,-1.3,963.1,open-meteo/previous-runs (best_match + GFS/ICON/ECMWF),power_model_v1@2026-01-31,0.6558,-0.0067
2026-02-07,2026-02-07T18:00:00+00:00,2026-02-08T01:00:00+00:00,2026-02-08T06:00:00+05:00,7,1,t2,0.1864,0.6281,0.9245,7.62,234.0,4.39,8.0,-1.0,963.2,open-meteo/previous-runs (best_match + GFS/ICON/ECMWF),power_model_v1@2026-01-31,0.5985,0.0296
2026-02-07,2026-02-07T18:00:00+00:00,2026-02-08T02:00:00+00:00,2026-02-08T07:00:00+05:00,8,1,t2,0.0707,0.4202,0.7976,6.74,233.0,3.58,6.8,-1.1,963.2,open-meteo/previous-runs (best_match + GFS/ICON/ECMWF),power_model_v1@2026-01-31,0.4338,-0.0136
2026-02-07,2026-02-07T18:00:00+00:00,2026-02-08T03:00:00+00:00,2026-02-08T08:00:00+05:00,9,1,t2,0.0051,0.2817,0.6924,5.02,223.0,2.27,5.8,-0.4,963.7,open-meteo/previous-runs (best_match + GFS/ICON/ECMWF),power_model_v1@2026-01-31,0.3256,-0.0439
2026-02-07,2026-02-07T18:00:00+00:00,2026-02-08T04:00:00+00:00,2026-02-08T09:00:00+05:00,10,1,t2,0.0014,0.1873,0.4033,3.43,217.0,1.61,4.8,0.9,963.5,open-meteo/previous-runs (best_match + GFS/ICON/ECMWF),power_model_v1@2026-01-31,0.2359,-0.0486
2026-02-07,2026-02-07T18:00:00+00:00,2026-02-08T05:00:00+00:00,2026-02-08T10:00:00+05:00,11,1,t2,0.0041,0.1209,0.2285,2.58,238.0,1.3,5.0,1.8,963.1,open-meteo/previous-runs (best_match + GFS/ICON/ECMWF),power_model_v1@2026-01-31,0.157,-0.0361
2026-02-07,2026-02-07T18:00:00+00:00,2026-02-08T06:00:00+00:00,2026-02-08T11:00:00+05:00,12,1,t2,0.0073,0.0468,0.0963,2.17,247.0,1.11,3.7,2.3,962.9,open-meteo/previous-runs (best_match + GFS/ICON/ECMWF),power_model_v1@2026-01-31,0.0386,0.0082
2026-02-07,2026-02-07T18:00:00+00:00,2026-02-08T07:00:00+00:00,2026-02-08T12:00:00+05:00,13,1,t2,0.0074,0.0308,0.0355,1.15,252.0,0.5,2.5,3.0,962.1,open-meteo/previous-runs (best_match + GFS/ICON/ECMWF),power_model_v1@2026-01-31,0.0455,-0.0147
2026-02-07,2026-02-07T18:00:00+00:00,2026-02-08T08:00:00+00:00,2026-02-08T13:00:00+05:00,14,1,t2,0.0056,0.0661,0.0671,0.71,45.0,0.25,4.0,3.5,960.9,open-meteo/previous-runs (best_match + GFS/ICON/ECMWF),power_model_v1@2026-01-31,0.0434,0.0227
2026-02-07,2026-02-07T18:00:00+00:00,2026-02-08T09:00:00+00:00,2026-02-08T14:00:00+05:00,15,1,t2,0.0135,0.0989,0.4103,2.93,65.0,1.5,6.8,2.9,959.9,open-meteo/previous-runs (best_match + GFS/ICON/ECMWF),power_model_v1@2026-01-31,0.1743,-0.0754
2026-02-07,2026-02-07T18:00:00+00:00,2026-02-08T10:00:00+00:00,2026-02-08T15:00:00+05:00,16,1,t2,0.0953,0.4522,0.9218,5.91,65.0,3.2,10.1,3.7,959.7,open-meteo/previous-runs (best_match + GFS/ICON/ECMWF),power_model_v1@2026-01-31,0.4369,0.0153
2026-02-07,2026-02-07T18:00:00+00:00,2026-02-08T11:00:00+00:00,2026-02-08T16:00:00+05:00,17,1,t2,0.4004,0.8496,0.9954,8.55,66.0,4.54,12.8,2.0,959.0,open-meteo/previous-runs (best_match + GFS/ICON/ECMWF),power_model_v1@2026-01-31,0.871,-0.0214
2026-02-07,2026-02-07T18:00:00+00:00,2026-02-08T12:00:00+00:00,2026-02-08T17:00:00+05:00,18,1,t2,0.9159,0.9614,0.9791,10.71,73.0,6.28,14.6,0.7,957.9,open-meteo/previous-runs (best_match + GFS/ICON/ECMWF),power_model_v1@2026-01-31,0.9869,-0.0255
2026-02-07,2026-02-07T18:00:00+00:00,2026-02-08T13:00:00+00:00,2026-02-08T18:00:00+05:00,19,1,t2,0.9737,0.9747,0.9786,10.86,79.0,6.42,15.9,-0.8,957.5,open-meteo/previous-runs (best_match + GFS/ICON/ECMWF),power_model_v1@2026-01-31,0.97,0.0047
2026-02-07,2026-02-07T18:00:00+00:00,2026-02-08T14:00:00+00:00,2026-02-08T19:00:00+05:00,20,1,t2,0.9291,0.93,0.9809,11.45,78.0,6.82,17.1,-1.6,957.3,open-meteo/previous-runs (best_match + GFS/ICON/ECMWF),power_model_v1@2026-01-31,0.9756,-0.0456
2026-02-07,2026-02-07T18:00:00+00:00,2026-02-08T15:00:00+00:00,2026-02-08T20:00:00+05:00,21,1,t2,0.9283,0.9293,0.981,11.79,80.0,7.39,17.7,-1.2,957.2,open-meteo/previous-runs (best_match + GFS/ICON/ECMWF),power_model_v1@2026-01-31,0.9731,-0.0438
2026-02-07,2026-02-07T18:00:00+00:00,2026-02-08T16:00:00+00:00,2026-02-08T21:00:00+05:00,22,1,t2,0.9531,0.954,0.9793,11.99,81.0,7.58,18.3,-1.2,956.5,open-meteo/previous-runs (best_match + GFS/ICON/ECMWF),power_model_v1@2026-01-31,0.9659,-0.0119
2026-02-07,2026-02-07T18:00:00+00:00,2026-02-08T17:00:00+00:00,2026-02-08T22:00:00+05:00,23,1,t2,0.9515,0.9525,0.9794,12.4,85.0,7.84,18.4,-1.3,955.6,open-meteo/previous-runs (best_match + GFS/ICON/ECMWF),power_model_v1@2026-01-31,0.9471,0.0054
2026-02-07,2026-02-07T18:00:00+00:00,2026-02-08T18:00:00+00:00,2026-02-08T23:00:00+05:00,24,1,t2,0.9445,0.9538,0.9793,12.27,86.0,7.67,18.0,-1.4,954.1,open-meteo/previous-runs (best_match + GFS/ICON/ECMWF),power_model_v1@2026-01-31,0.9548,-0.001
2026-02-08,2026-02-08T18:00:00+00:00,2026-02-08T19:00:00+00:00,2026-02-09T00:00:00+05:00,1,1,t2,0.9296,0.9563,0.9792,11.87,87.0,7.37,18.2,-1.3,953.2,open-meteo/previous-runs (best_match + GFS/ICON/ECMWF),power_model_v1@2026-01-31,0.9528,0.0035
2026-02-08,2026-02-08T18:00:00+00:00,2026-02-08T20:00:00+00:00,2026-02-09T01:00:00+05:00,2,1,t2,0.9339,0.9642,0.9791,12.09,85.0,7.41,18.2,-1.3,951.8,open-meteo/previous-runs (best_match + GFS/ICON/ECMWF),power_model_v1@2026-01-31,0.9533,0.0109
2026-02-08,2026-02-08T18:00:00+00:00,2026-02-08T21:00:00+00:00,2026-02-09T02:00:00+05:00,3,1,t2,0.8636,0.9331,0.9803,11.92,87.0,7.17,18.1,-1.5,950.4,open-meteo/previous-runs (best_match + GFS/ICON/ECMWF),power_model_v1@2026-01-31,0.9614,-0.0283
2026-02-08,2026-02-08T18:00:00+00:00,2026-02-08T22:00:00+00:00,2026-02-09T03:00:00+05:00,4,1,t2,0.8936,0.9478,0.9804,12.22,87.0,7.28,18.2,-1.4,948.7,open-meteo/previous-runs (best_match + GFS/ICON/ECMWF),power_model_v1@2026-01-31,0.9352,0.0126
2026-02-08,2026-02-08T18:00:00+00:00,2026-02-08T23:00:00+00:00,2026-02-09T04:00:00+05:00,5,1,t2,0.8891,0.9187,0.9815,11.63,86.0,6.82,17.9,-1.5,947.1,open-meteo/previous-runs (best_match + GFS/ICON/ECMWF),power_model_v1@2026-01-31,0.8936,0.0251
2026-02-08,2026-02-08T18:00:00+00:00,2026-02-09T00:00:00+00:00,2026-02-09T05:00:00+05:00,6,1,t2,0.8802,0.8812,0.9832,10.62,76.0,6.04,18.0,-2.5,946.0,open-meteo/previous-runs (best_match + GFS/ICON/ECMWF),power_model_v1@2026-01-31,0.8869,-0.0057
2026-02-08,2026-02-08T18:00:00+00:00,2026-02-09T01:00:00+00:00,2026-02-09T06:00:00+05:00,7,1,t2,0.8738,0.8748,0.9838,9.93,72.0,5.67,17.1,-3.2,945.7,open-meteo/previous-runs (best_match + GFS/ICON/ECMWF),power_model_v1@2026-01-31,0.8994,-0.0246
2026-02-08,2026-02-08T18:00:00+00:00,2026-02-09T02:00:00+00:00,2026-02-09T07:00:00+05:00,8,1,t2,0.8538,0.8548,0.9849,9.86,73.0,5.64,15.9,-3.6,945.1,open-meteo/previous-runs (best_match + GFS/ICON/ECMWF),power_model_v1@2026-01-31,0.8663,-0.0115
2026-02-08,2026-02-08T18:00:00+00:00,2026-02-09T03:00:00+00:00,2026-02-09T08:00:00+05:00,9,1,t2,0.8526,0.9023,0.9823,9.63,71.0,5.71,15.1,-2.7,944.9,open-meteo/previous-runs (best_match + GFS/ICON/ECMWF),power_model_v1@2026-01-31,0.9125,-0.0102
2026-02-08,2026-02-08T18:00:00+00:00,2026-02-09T04:00:00+00:00,2026-02-09T09:00:00+05:00,10,1,t2,0.8376,0.9326,0.9782,9.28,67.0,5.46,14.0,-0.1,944.5,open-meteo/previous-runs (best_match + GFS/ICON/ECMWF),power_model_v1@2026-01-31,0.9447,-0.0121
2026-02-08,2026-02-08T18:00:00+00:00,2026-02-09T05:00:00+00:00,2026-02-09T10:00:00+05:00,11,1,t2,0.8523,0.9176,0.9761,9.57,65.0,5.93,14.7,2.8,943.9,open-meteo/previous-runs (best_match + GFS/ICON/ECMWF),power_model_v1@2026-01-31,0.9304,-0.0128
2026-02-08,2026-02-08T18:00:00+00:00,2026-02-09T06:00:00+00:00,2026-02-09T11:00:00+05:00,12,1,t2,0.9308,0.9514,0.9753,9.91,63.0,6.93,15.5,4.6,943.4,open-meteo/previous-runs (best_match + GFS/ICON/ECMWF),power_model_v1@2026-01-31,0.9324,0.019
2026-02-08,2026-02-08T18:00:00+00:00,2026-02-09T07:00:00+00:00,2026-02-09T12:00:00+05:00,13,1,t2,0.9377,0.9913,0.9923,10.11,64.0,7.25,16.3,6.6,942.4,open-meteo/previous-runs (best_match + GFS/ICON/ECMWF),power_model_v1@2026-01-31,0.9736,0.0177
2026-02-08,2026-02-08T18:00:00+00:00,2026-02-09T08:00:00+00:00,2026-02-09T13:00:00+05:00,14,1,t2,0.8348,1.0,1.0,9.6,66.0,6.69,16.4,6.6,940.9,open-meteo/previous-runs (best_match + GFS/ICON/ECMWF),power_model_v1@2026-01-31,1.0,0.0
2026-02-08,2026-02-08T18:00:00+00:00,2026-02-09T09:00:00+00:00,2026-02-09T14:00:00+05:00,15,1,t2,0.6939,0.9425,0.9731,9.99,71.0,5.93,16.1,7.4,940.4,open-meteo/previous-runs (best_match + GFS/ICON/ECMWF),power_model_v1@2026-01-31,0.9502,-0.0077
2026-02-08,2026-02-08T18:00:00+00:00,2026-02-09T10:00:00+00:00,2026-02-09T15:00:00+05:00,16,1,t2,0.5731,0.9022,0.9735,9.19,73.0,6.04,15.1,7.0,939.6,open-meteo/previous-runs (best_match + GFS/ICON/ECMWF),power_model_v1@2026-01-31,0.9374,-0.0352
2026-02-08,2026-02-08T18:00:00+00:00,2026-02-09T11:00:00+00:00,2026-02-09T16:00:00+05:00,17,1,t2,0.6232,0.886,0.9742,9.33,74.0,5.38,13.3,5.7,939.1,open-meteo/previous-runs (best_match + GFS/ICON/ECMWF),power_model_v1@2026-01-31,0.9022,-0.0162
2026-02-08,2026-02-08T18:00:00+00:00,2026-02-09T12:00:00+00:00,2026-02-09T17:00:00+05:00,18,1,t2,0.3661,0.8343,0.9896,7.94,70.0,3.71,10.9,2.4,938.2,open-meteo/previous-runs (best_match + GFS/ICON/ECMWF),power_model_v1@2026-01-31,0.9663,-0.132
2026-02-08,2026-02-08T18:00:00+00:00,2026-02-09T13:00:00+00:00,2026-02-09T18:00:00+05:00,19,1,t2,0.2391,0.8175,1.0,6.78,66.0,2.81,8.8,-0.3,938.0,open-meteo/previous-runs (best_match + GFS/ICON/ECMWF),power_model_v1@2026-01-31,0.8078,0.0097
2026-02-08,2026-02-08T18:00:00+00:00,2026-02-09T14:00:00+00:00,2026-02-09T19:00:00+05:00,20,1,t2,0.0451,0.7795,0.9876,5.37,56.0,1.8,6.4,-1.5,938.6,open-meteo/previous-runs (best_match + GFS/ICON/ECMWF),power_model_v1@2026-01-31,0.7184,0.0611
2026-02-08,2026-02-08T18:00:00+00:00,2026-02-09T15:00:00+00:00,2026-02-09T20:00:00+05:00,21,1,t2,0.0008,0.6329,0.8862,3.8,65.0,1.37,4.3,-1.6,939.1,open-meteo/previous-runs (best_match + GFS/ICON/ECMWF),power_model_v1@2026-01-31,0.7188,-0.0859
2026-02-08,2026-02-08T18:00:00+00:00,2026-02-09T16:00:00+00:00,2026-02-09T21:00:00+05:00,22,1,t2,0.0,0.582,0.6992,2.43,76.0,0.99,2.8,-1.3,939.1,open-meteo/previous-runs (best_match + GFS/ICON/ECMWF),power_model_v1@2026-01-31,0.6722,-0.0902
2026-02-08,2026-02-08T18:00:00+00:00,2026-02-09T17:00:00+00:00,2026-02-09T22:00:00+05:00,23,1,t2,0.0077,0.3774,0.6209,1.85,87.0,0.85,2.9,-1.0,939.3,open-meteo/previous-runs (best_match + GFS/ICON/ECMWF),power_model_v1@2026-01-31,0.451,-0.0736
2026-02-08,2026-02-08T18:00:00+00:00,2026-02-09T18:00:00+00:00,2026-02-09T23:00:00+05:00,24,1,t2,0.0,0.3395,0.5686,2.19,79.0,0.96,3.5,-0.5,939.2,open-meteo/previous-runs (best_match + GFS/ICON/ECMWF),power_model_v1@2026-01-31,0.3122,0.0273
2026-02-09,2026-02-09T18:00:00+00:00,2026-02-09T19:00:00+00:00,2026-02-10T00:00:00+05:00,1,1,t2,0.0,0.2803,0.4488,3.07,83.0,1.33,3.0,-0.8,939.3,open-meteo/previous-runs (best_match + GFS/ICON/ECMWF),power_model_v1@2026-01-31,0.3059,-0.0256
2026-02-09,2026-02-09T18:00:00+00:00,2026-02-09T20:00:00+00:00,2026-02-10T01:00:00+05:00,2,1,t2,0.0,0.243,0.3783,2.41,96.0,1.2,3.0,-0.3,940.0,open-meteo/previous-runs (best_match + GFS/ICON/ECMWF),power_model_v1@2026-01-31,0.3894,-0.1464
2026-02-09,2026-02-09T18:00:00+00:00,2026-02-09T21:00:00+00:00,2026-02-10T02:00:00+05:00,3,1,t2,0.0,0.2165,0.4084,2.2,131.0,1.47,3.0,0.4,940.3,open-meteo/previous-runs (best_match + GFS/ICON/ECMWF),power_model_v1@2026-01-31,0.3626,-0.1461
2026-02-09,2026-02-09T18:00:00+00:00,2026-02-09T22:00:00+00:00,2026-02-10T03:00:00+05:00,4,1,t2,0.0,0.2178,0.4645,2.17,218.0,1.26,3.3,0.6,940.7,open-meteo/previous-runs (best_match + GFS/ICON/ECMWF),power_model_v1@2026-01-31,0.3742,-0.1564
2026-02-09,2026-02-09T18:00:00+00:00,2026-02-09T23:00:00+00:00,2026-02-10T04:00:00+05:00,5,1,t2,0.0,0.2249,0.5286,3.04,226.0,1.59,3.3,1.5,941.0,open-meteo/previous-runs (best_match + GFS/ICON/ECMWF),power_model_v1@2026-01-31,0.3048,-0.0799
2026-02-09,2026-02-09T18:00:00+00:00,2026-02-10T00:00:00+00:00,2026-02-10T05:00:00+05:00,6,1,t2,0.0007,0.2592,0.606,1.28,121.0,0.45,5.3,2.6,941.3,open-meteo/previous-runs (best_match + GFS/ICON/ECMWF),power_model_v1@2026-01-31,0.3492,-0.09
2026-02-09,2026-02-09T18:00:00+00:00,2026-02-10T01:00:00+00:00,2026-02-10T06:00:00+05:00,7,1,t2,0.0048,0.1005,0.4152,3.69,234.0,1.73,4.6,1.6,942.3,open-meteo/previous-runs (best_match + GFS/ICON/ECMWF),power_model_v1@2026-01-31,0.4606,-0.3601
2026-02-09,2026-02-09T18:00:00+00:00,2026-02-10T02:00:00+00:00,2026-02-10T07:00:00+05:00,8,1,t2,0.075,0.434,0.913,4.52,244.0,2.09,11.1,0.7,943.3,open-meteo/previous-runs (best_match + GFS/ICON/ECMWF),power_model_v1@2026-01-31,0.3123,0.1217
2026-02-09,2026-02-09T18:00:00+00:00,2026-02-10T03:00:00+00:00,2026-02-10T08:00:00+05:00,9,1,t2,0.028,0.3589,0.854,5.61,243.0,2.45,10.6,3.0,945.1,open-meteo/previous-runs (best_match + GFS/ICON/ECMWF),power_model_v1@2026-01-31,0.2422,0.1167
2026-02-09,2026-02-09T18:00:00+00:00,2026-02-10T04:00:00+00:00,2026-02-10T09:00:00+05:00,10,1,t2,0.0179,0.3924,0.881,4.64,259.0,2.5,8.5,5.6,947.3,open-meteo/previous-runs (best_match + GFS/ICON/ECMWF),power_model_v1@2026-01-31,0.2141,0.1783
2026-02-09,2026-02-09T18:00:00+00:00,2026-02-10T05:00:00+00:00,2026-02-10T10:00:00+05:00,11,1,t2,0.0366,0.459,0.8807,5.33,246.0,3.76,10.2,6.0,948.6,open-meteo/previous-runs (best_match + GFS/ICON/ECMWF),power_model_v1@2026-01-31,0.2105,0.2485
2026-02-09,2026-02-09T18:00:00+00:00,2026-02-10T06:00:00+00:00,2026-02-10T11:00:00+05:00,12,1,t2,0.0026,0.3292,0.7403,3.28,249.0,2.51,7.9,6.0,949.9,open-meteo/previous-runs (best_match + GFS/ICON/ECMWF),power_model_v1@2026-01-31,0.2045,0.1247
2026-02-09,2026-02-09T18:00:00+00:00,2026-02-10T07:00:00+00:00,2026-02-10T12:00:00+05:00,13,1,t2,0.0,0.3359,0.7138,3.37,229.0,2.55,8.6,7.7,950.2,open-meteo/previous-runs (best_match + GFS/ICON/ECMWF),power_model_v1@2026-01-31,0.3185,0.0174
2026-02-09,2026-02-09T18:00:00+00:00,2026-02-10T08:00:00+00:00,2026-02-10T13:00:00+05:00,14,1,t2,0.0075,0.3192,0.5378,4.99,249.0,3.53,9.9,9.3,949.5,open-meteo/previous-runs (best_match + GFS/ICON/ECMWF),power_model_v1@2026-01-31,0.2953,0.0239
2026-02-09,2026-02-09T18:00:00+00:00,2026-02-10T09:00:00+00:00,2026-02-10T14:00:00+05:00,15,1,t2,0.0057,0.2171,0.4937,5.99,257.0,3.91,9.8,10.2,949.6,open-meteo/previous-runs (best_match + GFS/ICON/ECMWF),power_model_v1@2026-01-31,0.4452,-0.2281
2026-02-09,2026-02-09T18:00:00+00:00,2026-02-10T10:00:00+00:00,2026-02-10T15:00:00+05:00,16,1,t2,0.0023,0.1757,0.5338,5.83,248.0,4.03,9.0,10.9,950.0,open-meteo/previous-runs (best_match + GFS/ICON/ECMWF),power_model_v1@2026-01-31,0.3775,-0.2018
2026-02-09,2026-02-09T18:00:00+00:00,2026-02-10T11:00:00+00:00,2026-02-10T16:00:00+05:00,17,1,t2,0.0,0.2707,0.5826,5.91,214.0,3.12,6.8,7.9,949.5,open-meteo/previous-runs (best_match + GFS/ICON/ECMWF),power_model_v1@2026-01-31,0.378,-0.1073
2026-02-09,2026-02-09T18:00:00+00:00,2026-02-10T12:00:00+00:00,2026-02-10T17:00:00+05:00,18,1,t2,0.0,0.1976,0.4302,5.48,190.0,3.44,5.3,4.6,947.6,open-meteo/previous-runs (best_match + GFS/ICON/ECMWF),power_model_v1@2026-01-31,0.2975,-0.0999
2026-02-09,2026-02-09T18:00:00+00:00,2026-02-10T13:00:00+00:00,2026-02-10T18:00:00+05:00,19,1,t2,0.0007,0.1866,0.3384,3.93,168.0,3.16,3.3,1.9,946.7,open-meteo/previous-runs (best_match + GFS/ICON/ECMWF),power_model_v1@2026-01-31,0.2449,-0.0583
2026-02-09,2026-02-09T18:00:00+00:00,2026-02-10T14:00:00+00:00,2026-02-10T19:00:00+05:00,20,1,t2,0.0,0.3529,0.4824,4.08,109.0,2.9,2.9,1.1,946.2,open-meteo/previous-runs (best_match + GFS/ICON/ECMWF),power_model_v1@2026-01-31,0.4705,-0.1176
2026-02-09,2026-02-09T18:00:00+00:00,2026-02-10T15:00:00+00:00,2026-02-10T20:00:00+05:00,21,1,t2,0.0447,0.4815,0.8347,7.16,73.0,3.5,3.3,1.8,947.1,open-meteo/previous-runs (best_match + GFS/ICON/ECMWF),power_model_v1@2026-01-31,0.4939,-0.0124
2026-02-09,2026-02-09T18:00:00+00:00,2026-02-10T16:00:00+00:00,2026-02-10T21:00:00+05:00,22,1,t2,0.315,0.6387,0.9915,9.0,71.0,4.62,6.3,1.5,947.0,open-meteo/previous-runs (best_match + GFS/ICON/ECMWF),power_model_v1@2026-01-31,0.6245,0.0142
2026-02-09,2026-02-09T18:00:00+00:00,2026-02-10T17:00:00+00:00,2026-02-10T22:00:00+05:00,23,1,t2,0.7993,0.9585,0.9736,10.18,65.0,5.4,9.2,0.9,946.1,open-meteo/previous-runs (best_match + GFS/ICON/ECMWF),power_model_v1@2026-01-31,0.76,0.1985
2026-02-09,2026-02-09T18:00:00+00:00,2026-02-10T18:00:00+00:00,2026-02-10T23:00:00+05:00,24,1,t2,0.9181,0.9674,0.9764,11.34,65.0,6.33,10.6,0.9,945.8,open-meteo/previous-runs (best_match + GFS/ICON/ECMWF),power_model_v1@2026-01-31,0.9188,0.0486
2026-02-10,2026-02-10T18:00:00+00:00,2026-02-10T19:00:00+00:00,2026-02-11T00:00:00+05:00,1,1,t2,0.9292,0.9697,0.9749,11.97,72.0,6.71,12.1,1.5,945.4,open-meteo/previous-runs (best_match + GFS/ICON/ECMWF),power_model_v1@2026-01-31,0.9594,0.0103
2026-02-10,2026-02-10T18:00:00+00:00,2026-02-10T20:00:00+00:00,2026-02-11T01:00:00+05:00,2,1,t2,0.7182,0.954,0.9755,10.69,72.0,6.0,12.9,0.8,945.2,open-meteo/previous-runs (best_match + GFS/ICON/ECMWF),power_model_v1@2026-01-31,0.9407,0.0133
2026-02-10,2026-02-10T18:00:00+00:00,2026-02-10T21:00:00+00:00,2026-02-11T02:00:00+05:00,3,1,t2,0.5347,0.8681,0.9782,8.57,72.0,4.43,12.4,0.0,945.9,open-meteo/previous-runs (best_match + GFS/ICON/ECMWF),power_model_v1@2026-01-31,0.89,-0.0219
2026-02-10,2026-02-10T18:00:00+00:00,2026-02-10T22:00:00+00:00,2026-02-11T03:00:00+05:00,4,1,t2,0.3501,0.8163,0.9837,7.12,74.0,3.52,12.3,-0.3,945.7,open-meteo/previous-runs (best_match + GFS/ICON/ECMWF),power_model_v1@2026-01-31,0.7601,0.0562
2026-02-10,2026-02-10T18:00:00+00:00,2026-02-10T23:00:00+00:00,2026-02-11T04:00:00+05:00,5,1,t2,0.1693,0.7423,0.9724,4.85,68.0,2.06,12.4,0.1,946.5,open-meteo/previous-runs (best_match + GFS/ICON/ECMWF),power_model_v1@2026-01-31,0.7661,-0.0238
2026-02-10,2026-02-10T18:00:00+00:00,2026-02-11T00:00:00+00:00,2026-02-11T05:00:00+05:00,6,1,t2,0.0637,0.483,0.8048,4.09,98.0,2.17,9.9,0.6,947.1,open-meteo/previous-runs (best_match + GFS/ICON/ECMWF),power_model_v1@2026-01-31,0.4118,0.0712
2026-02-10,2026-02-10T18:00:00+00:00,2026-02-11T01:00:00+00:00,2026-02-11T06:00:00+05:00,7,1,t2,0.0079,0.1124,0.3727,2.27,68.0,0.67,4.6,-0.5,947.7,open-meteo/previous-runs (best_match + GFS/ICON/ECMWF),power_model_v1@2026-01-31,0.216,-0.1036
2026-02-10,2026-02-10T18:00:00+00:00,2026-02-11T02:00:00+00:00,2026-02-11T07:00:00+05:00,8,1,t2,0.0072,0.0634,0.2555,2.44,118.0,1.46,4.7,-0.5,949.6,open-meteo/previous-runs (best_match + GFS/ICON/ECMWF),power_model_v1@2026-01-31,0.0776,-0.0142
2026-02-10,2026-02-10T18:00:00+00:00,2026-02-11T03:00:00+00:00,2026-02-11T08:00:00+05:00,9,1,t2,0.0015,0.122,0.3836,4.85,202.0,3.51,3.5,1.5,949.6,open-meteo/previous-runs (best_match + GFS/ICON/ECMWF),power_model_v1@2026-01-31,0.0976,0.0244
2026-02-10,2026-02-10T18:00:00+00:00,2026-02-11T04:00:00+00:00,2026-02-11T09:00:00+05:00,10,1,t2,0.0025,0.1438,0.4637,3.22,234.0,1.59,3.4,6.0,949.7,open-meteo/previous-runs (best_match + GFS/ICON/ECMWF),power_model_v1@2026-01-31,0.0818,0.062
2026-02-10,2026-02-10T18:00:00+00:00,2026-02-11T05:00:00+00:00,2026-02-11T10:00:00+05:00,11,1,t2,0.0016,0.1888,0.5957,1.97,297.0,1.8,6.3,6.4,951.2,open-meteo/previous-runs (best_match + GFS/ICON/ECMWF),power_model_v1@2026-01-31,0.2723,-0.0835
2026-02-10,2026-02-10T18:00:00+00:00,2026-02-11T06:00:00+00:00,2026-02-11T11:00:00+05:00,12,1,t2,0.0161,0.3936,0.86,3.0,118.0,2.28,10.3,7.6,949.8,open-meteo/previous-runs (best_match + GFS/ICON/ECMWF),power_model_v1@2026-01-31,0.4393,-0.0457
2026-02-10,2026-02-10T18:00:00+00:00,2026-02-11T07:00:00+00:00,2026-02-11T12:00:00+05:00,13,1,t2,0.0105,0.3668,0.8744,2.82,27.0,2.4,11.5,9.3,949.4,open-meteo/previous-runs (best_match + GFS/ICON/ECMWF),power_model_v1@2026-01-31,0.4398,-0.073
2026-02-10,2026-02-10T18:00:00+00:00,2026-02-11T08:00:00+00:00,2026-02-11T13:00:00+05:00,14,1,t2,0.0027,0.3744,0.8038,2.3,34.0,1.86,11.7,8.8,949.1,open-meteo/previous-runs (best_match + GFS/ICON/ECMWF),power_model_v1@2026-01-31,0.4645,-0.0901
2026-02-10,2026-02-10T18:00:00+00:00,2026-02-11T09:00:00+00:00,2026-02-11T14:00:00+05:00,15,1,t2,0.0002,0.2851,0.7385,6.87,265.0,5.27,8.8,9.7,950.7,open-meteo/previous-runs (best_match + GFS/ICON/ECMWF),power_model_v1@2026-01-31,0.3915,-0.1064
2026-02-10,2026-02-10T18:00:00+00:00,2026-02-11T10:00:00+00:00,2026-02-11T15:00:00+05:00,16,1,t2,0.0186,0.4289,0.8931,10.2,270.0,6.75,12.4,7.8,951.2,open-meteo/previous-runs (best_match + GFS/ICON/ECMWF),power_model_v1@2026-01-31,0.5137,-0.0848
2026-02-10,2026-02-10T18:00:00+00:00,2026-02-11T11:00:00+00:00,2026-02-11T16:00:00+05:00,17,1,t2,0.122,0.6224,1.0,12.33,252.0,8.11,17.1,5.6,952.8,open-meteo/previous-runs (best_match + GFS/ICON/ECMWF),power_model_v1@2026-01-31,0.7543,-0.1319
2026-02-10,2026-02-10T18:00:00+00:00,2026-02-11T12:00:00+00:00,2026-02-11T17:00:00+05:00,18,1,t2,0.2691,0.8516,0.9771,11.65,247.0,7.27,16.7,3.6,954.8,open-meteo/previous-runs (best_match + GFS/ICON/ECMWF),power_model_v1@2026-01-31,0.9223,-0.0707
2026-02-10,2026-02-10T18:00:00+00:00,2026-02-11T13:00:00+00:00,2026-02-11T18:00:00+05:00,19,1,t2,0.692,0.9481,0.9782,10.87,244.0,6.71,19.1,3.1,955.9,open-meteo/previous-runs (best_match + GFS/ICON/ECMWF),power_model_v1@2026-01-31,0.8952,0.0529
2026-02-10,2026-02-10T18:00:00+00:00,2026-02-11T14:00:00+00:00,2026-02-11T19:00:00+05:00,20,1,t2,0.5832,0.9563,0.9757,10.26,244.0,6.23,19.7,2.4,956.2,open-meteo/previous-runs (best_match + GFS/ICON/ECMWF),power_model_v1@2026-01-31,0.9641,-0.0078
2026-02-10,2026-02-10T18:00:00+00:00,2026-02-11T15:00:00+00:00,2026-02-11T20:00:00+05:00,21,1,t2,0.525,0.9341,0.9811,9.28,242.0,5.53,19.3,1.6,956.4,open-meteo/previous-runs (best_match + GFS/ICON/ECMWF),power_model_v1@2026-01-31,0.9466,-0.0125
2026-02-10,2026-02-10T18:00:00+00:00,2026-02-11T16:00:00+00:00,2026-02-11T21:00:00+05:00,22,1,t2,0.5257,0.9231,0.9843,9.02,239.0,5.36,17.2,1.2,956.6,open-meteo/previous-runs (best_match + GFS/ICON/ECMWF),power_model_v1@2026-01-31,0.9283,-0.0052
2026-02-10,2026-02-10T18:00:00+00:00,2026-02-11T17:00:00+00:00,2026-02-11T22:00:00+05:00,23,1,t2,0.4823,0.87,0.9878,9.42,238.0,5.71,14.7,1.2,957.2,open-meteo/previous-runs (best_match + GFS/ICON/ECMWF),power_model_v1@2026-01-31,0.893,-0.023
2026-02-10,2026-02-10T18:00:00+00:00,2026-02-11T18:00:00+00:00,2026-02-11T23:00:00+05:00,24,1,t2,0.1401,0.6669,0.9707,7.11,233.0,3.94,7.5,1.1,956.1,open-meteo/previous-runs (best_match + GFS/ICON/ECMWF),power_model_v1@2026-01-31,0.8296,-0.1627
2026-02-11,2026-02-11T18:00:00+00:00,2026-02-11T19:00:00+00:00,2026-02-12T00:00:00+05:00,1,1,t2,0.1054,0.6292,0.9651,6.78,230.0,3.49,6.0,0.9,955.9,open-meteo/previous-runs (best_match + GFS/ICON/ECMWF),power_model_v1@2026-01-31,0.7816,-0.1524
2026-02-11,2026-02-11T18:00:00+00:00,2026-02-11T20:00:00+00:00,2026-02-12T01:00:00+05:00,2,1,t2,0.1145,0.6424,1.0,7.0,233.0,3.56,6.5,0.7,955.8,open-meteo/previous-runs (best_match + GFS/ICON/ECMWF),power_model_v1@2026-01-31,0.7772,-0.1348
2026-02-11,2026-02-11T18:00:00+00:00,2026-02-11T21:00:00+00:00,2026-02-12T02:00:00+05:00,3,1,t2,0.1272,0.6282,0.9968,7.2,230.0,3.83,6.8,1.2,956.2,open-meteo/previous-runs (best_match + GFS/ICON/ECMWF),power_model_v1@2026-01-31,0.6981,-0.0699
2026-02-11,2026-02-11T18:00:00+00:00,2026-02-11T22:00:00+00:00,2026-02-12T03:00:00+05:00,4,1,t2,0.0834,0.5932,0.9547,6.49,241.0,3.33,6.4,1.5,956.6,open-meteo/previous-runs (best_match + GFS/ICON/ECMWF),power_model_v1@2026-01-31,0.6209,-0.0277
2026-02-11,2026-02-11T18:00:00+00:00,2026-02-11T23:00:00+00:00,2026-02-12T04:00:00+05:00,5,1,t2,0.0348,0.4037,0.7885,6.15,248.0,3.13,6.1,1.1,957.0,open-meteo/previous-runs (best_match + GFS/ICON/ECMWF),power_model_v1@2026-01-31,0.5676,-0.1639
2026-02-11,2026-02-11T18:00:00+00:00,2026-02-12T00:00:00+00:00,2026-02-12T05:00:00+05:00,6,1,t2,0.0024,0.2005,0.4724,4.84,239.0,2.55,2.7,0.8,957.2,open-meteo/previous-runs (best_match + GFS/ICON/ECMWF),power_model_v1@2026-01-31,0.4501,-0.2496
2026-02-11,2026-02-11T18:00:00+00:00,2026-02-12T01:00:00+00:00,2026-02-12T06:00:00+05:00,7,1,t2,0.0037,0.1341,0.3303,2.82,237.0,1.12,2.3,0.7,957.0,open-meteo/previous-runs (best_match + GFS/ICON/ECMWF),power_model_v1@2026-01-31,0.2909,-0.1568
2026-02-11,2026-02-11T18:00:00+00:00,2026-02-12T02:00:00+00:00,2026-02-12T07:00:00+05:00,8,1,t2,0.008,0.0335,0.1123,2.37,298.0,0.99,1.9,0.1,957.3,open-meteo/previous-runs (best_match + GFS/ICON/ECMWF),power_model_v1@2026-01-31,0.2185,-0.185
2026-02-11,2026-02-11T18:00:00+00:00,2026-02-12T03:00:00+00:00,2026-02-12T08:00:00+05:00,9,1,t2,0.0076,0.0254,0.084,2.1,288.0,1.03,1.7,0.1,958.1,open-meteo/previous-runs (best_match + GFS/ICON/ECMWF),power_model_v1@2026-01-31,0.1155,-0.0901
2026-02-11,2026-02-11T18:00:00+00:00,2026-02-12T04:00:00+00:00,2026-02-12T09:00:00+05:00,10,1,t2,0.0076,0.0089,0.0389,1.99,18.0,1.6,1.9,0.5,957.7,open-meteo/previous-runs (best_match + GFS/ICON/ECMWF),power_model_v1@2026-01-31,0.0428,-0.0339
2026-02-11,2026-02-11T18:00:00+00:00,2026-02-12T05:00:00+00:00,2026-02-12T10:00:00+05:00,11,1,t2,0.0076,0.0105,0.0115,2.8,47.0,2.3,2.8,1.2,957.0,open-meteo/previous-runs (best_match + GFS/ICON/ECMWF),power_model_v1@2026-01-31,0.0413,-0.0308
2026-02-11,2026-02-11T18:00:00+00:00,2026-02-12T06:00:00+00:00,2026-02-12T11:00:00+05:00,12,1,t2,0.0052,0.0244,0.224,1.87,44.0,1.63,8.7,2.0,957.2,open-meteo/previous-runs (best_match + GFS/ICON/ECMWF),power_model_v1@2026-01-31,0.0381,-0.0137
2026-02-11,2026-02-11T18:00:00+00:00,2026-02-12T07:00:00+00:00,2026-02-12T12:00:00+05:00,13,1,t2,0.0029,0.0707,0.3052,2.76,48.0,2.23,9.9,2.8,955.8,open-meteo/previous-runs (best_match + GFS/ICON/ECMWF),power_model_v1@2026-01-31,0.0467,0.024
2026-02-11,2026-02-11T18:00:00+00:00,2026-02-12T08:00:00+00:00,2026-02-12T13:00:00+05:00,14,1,t2,0.004,0.101,0.3404,2.79,33.0,2.3,10.4,3.6,954.7,open-meteo/previous-runs (best_match + GFS/ICON/ECMWF),power_model_v1@2026-01-31,0.0681,0.0329
2026-02-11,2026-02-11T18:00:00+00:00,2026-02-12T09:00:00+00:00,2026-02-12T14:00:00+05:00,15,1,t2,0.0078,0.1112,0.3486,2.07,32.0,1.72,10.2,3.5,954.7,open-meteo/previous-runs (best_match + GFS/ICON/ECMWF),power_model_v1@2026-01-31,0.0603,0.0509
2026-02-11,2026-02-11T18:00:00+00:00,2026-02-12T10:00:00+00:00,2026-02-12T15:00:00+05:00,16,1,t2,0.007,0.0647,0.2851,1.35,39.0,1.17,9.1,3.6,954.3,open-meteo/previous-runs (best_match + GFS/ICON/ECMWF),power_model_v1@2026-01-31,0.0575,0.0072
2026-02-11,2026-02-11T18:00:00+00:00,2026-02-12T11:00:00+00:00,2026-02-12T16:00:00+05:00,17,1,t2,0.0038,0.1439,0.361,1.79,330.0,1.42,8.3,2.9,954.4,open-meteo/previous-runs (best_match + GFS/ICON/ECMWF),power_model_v1@2026-01-31,0.1221,0.0218
2026-02-11,2026-02-11T18:00:00+00:00,2026-02-12T12:00:00+00:00,2026-02-12T17:00:00+05:00,18,1,t2,0.0063,0.1338,0.2473,4.36,280.0,2.62,5.4,0.8,955.2,open-meteo/previous-runs (best_match + GFS/ICON/ECMWF),power_model_v1@2026-01-31,0.168,-0.0342
2026-02-11,2026-02-11T18:00:00+00:00,2026-02-12T13:00:00+00:00,2026-02-12T18:00:00+05:00,19,1,t2,0.0071,0.1594,0.3884,3.65,272.0,2.1,7.3,0.1,955.5,open-meteo/previous-runs (best_match + GFS/ICON/ECMWF),power_model_v1@2026-01-31,0.206,-0.0466
2026-02-11,2026-02-11T18:00:00+00:00,2026-02-12T14:00:00+00:00,2026-02-12T19:00:00+05:00,20,1,t2,0.008,0.2055,0.5865,4.0,268.0,2.19,8.1,-0.7,955.9,open-meteo/previous-runs (best_match + GFS/ICON/ECMWF),power_model_v1@2026-01-31,0.2358,-0.0303
2026-02-11,2026-02-11T18:00:00+00:00,2026-02-12T15:00:00+00:00,2026-02-12T20:00:00+05:00,21,1,t2,0.007,0.1449,0.3645,3.3,270.0,2.0,7.2,-0.7,955.7,open-meteo/previous-runs (best_match + GFS/ICON/ECMWF),power_model_v1@2026-01-31,0.2884,-0.1435
2026-02-11,2026-02-11T18:00:00+00:00,2026-02-12T16:00:00+00:00,2026-02-12T21:00:00+05:00,22,1,t2,0.0075,0.1318,0.3617,4.0,279.0,2.43,6.4,-0.9,956.2,open-meteo/previous-runs (best_match + GFS/ICON/ECMWF),power_model_v1@2026-01-31,0.2683,-0.1365
2026-02-11,2026-02-11T18:00:00+00:00,2026-02-12T17:00:00+00:00,2026-02-12T22:00:00+05:00,23,1,t2,0.006,0.085,0.255,1.96,264.0,1.06,5.9,-0.9,955.9,open-meteo/previous-runs (best_match + GFS/ICON/ECMWF),power_model_v1@2026-01-31,0.2504,-0.1654
2026-02-11,2026-02-11T18:00:00+00:00,2026-02-12T18:00:00+00:00,2026-02-12T23:00:00+05:00,24,1,t2,0.0076,0.0377,0.1256,1.87,314.0,1.26,4.4,-1.0,955.2,open-meteo/previous-runs (best_match + GFS/ICON/ECMWF),power_model_v1@2026-01-31,0.1266,-0.0889
2026-02-12,2026-02-12T18:00:00+00:00,2026-02-12T19:00:00+00:00,2026-02-13T00:00:00+05:00,1,1,t2,0.0071,0.0407,0.053,2.17,341.0,1.55,2.4,-1.5,954.7,open-meteo/previous-runs (best_match + GFS/ICON/ECMWF),power_model_v1@2026-01-31,0.0964,-0.0557
2026-02-12,2026-02-12T18:00:00+00:00,2026-02-12T20:00:00+00:00,2026-02-13T01:00:00+05:00,2,1,t2,0.0075,0.0261,0.0335,2.5,360.0,1.58,2.4,-2.3,953.9,open-meteo/previous-runs (best_match + GFS/ICON/ECMWF),power_model_v1@2026-01-31,0.0792,-0.0531
2026-02-12,2026-02-12T18:00:00+00:00,2026-02-12T21:00:00+00:00,2026-02-13T02:00:00+05:00,3,1,t2,0.0078,0.0152,0.057,0.72,348.0,0.4,1.7,-2.5,953.4,open-meteo/previous-runs (best_match + GFS/ICON/ECMWF),power_model_v1@2026-01-31,0.0434,-0.0282
2026-02-12,2026-02-12T18:00:00+00:00,2026-02-12T22:00:00+00:00,2026-02-13T03:00:00+05:00,4,1,t2,0.0077,0.0334,0.0653,1.09,344.0,0.76,2.5,-2.5,952.8,open-meteo/previous-runs (best_match + GFS/ICON/ECMWF),power_model_v1@2026-01-31,0.0528,-0.0194
2026-02-12,2026-02-12T18:00:00+00:00,2026-02-12T23:00:00+00:00,2026-02-13T04:00:00+05:00,5,1,t2,0.0077,0.0291,0.063,1.31,317.0,0.88,2.6,-2.6,952.7,open-meteo/previous-runs (best_match + GFS/ICON/ECMWF),power_model_v1@2026-01-31,0.0331,-0.004
2026-02-12,2026-02-12T18:00:00+00:00,2026-02-13T00:00:00+00:00,2026-02-13T05:00:00+05:00,6,1,t2,0.0078,0.0343,0.1157,1.46,308.0,1.14,3.7,-1.9,953.4,open-meteo/previous-runs (best_match + GFS/ICON/ECMWF),power_model_v1@2026-01-31,0.0335,0.0008
2026-02-12,2026-02-12T18:00:00+00:00,2026-02-13T01:00:00+00:00,2026-02-13T06:00:00+05:00,7,1,t2,0.0079,0.0289,0.056,2.52,311.0,1.71,2.8,-2.2,954.0,open-meteo/previous-runs (best_match + GFS/ICON/ECMWF),power_model_v1@2026-01-31,0.0281,0.0008
2026-02-12,2026-02-12T18:00:00+00:00,2026-02-13T02:00:00+00:00,2026-02-13T07:00:00+05:00,8,1,t2,0.008,0.019,0.0589,1.28,309.0,1.27,3.7,-2.4,954.5,open-meteo/previous-runs (best_match + GFS/ICON/ECMWF),power_model_v1@2026-01-31,0.0223,-0.0033
2026-02-12,2026-02-12T18:00:00+00:00,2026-02-13T03:00:00+00:00,2026-02-13T08:00:00+05:00,9,1,t2,0.0077,0.0186,0.0561,0.83,327.0,1.03,4.5,-2.0,955.0,open-meteo/previous-runs (best_match + GFS/ICON/ECMWF),power_model_v1@2026-01-31,0.0365,-0.0179
2026-02-12,2026-02-12T18:00:00+00:00,2026-02-13T04:00:00+00:00,2026-02-13T09:00:00+05:00,10,1,t2,0.0076,0.0152,0.0487,1.2,2.0,1.22,4.5,-1.2,955.5,open-meteo/previous-runs (best_match + GFS/ICON/ECMWF),power_model_v1@2026-01-31,0.0295,-0.0143
2026-02-12,2026-02-12T18:00:00+00:00,2026-02-13T05:00:00+00:00,2026-02-13T10:00:00+05:00,11,1,t2,0.0075,0.0261,0.1019,1.75,329.0,1.66,6.1,-0.6,955.9,open-meteo/previous-runs (best_match + GFS/ICON/ECMWF),power_model_v1@2026-01-31,0.03,-0.0039
2026-02-12,2026-02-12T18:00:00+00:00,2026-02-13T06:00:00+00:00,2026-02-13T11:00:00+05:00,12,1,t2,0.0073,0.0347,0.1048,1.5,356.0,1.26,6.7,0.4,956.2,open-meteo/previous-runs (best_match + GFS/ICON/ECMWF),power_model_v1@2026-01-31,0.0266,0.0081
2026-02-12,2026-02-12T18:00:00+00:00,2026-02-13T07:00:00+00:00,2026-02-13T12:00:00+05:00,13,1,t2,0.0074,0.0185,0.0709,1.9,55.0,1.1,5.3,0.9,955.5,open-meteo/previous-runs (best_match + GFS/ICON/ECMWF),power_model_v1@2026-01-31,0.0361,-0.0176
2026-02-12,2026-02-12T18:00:00+00:00,2026-02-13T08:00:00+00:00,2026-02-13T13:00:00+05:00,14,1,t2,0.0066,0.0468,0.1127,3.41,50.0,2.09,4.5,1.6,954.6,open-meteo/previous-runs (best_match + GFS/ICON/ECMWF),power_model_v1@2026-01-31,0.0306,0.0162
2026-02-12,2026-02-12T18:00:00+00:00,2026-02-13T09:00:00+00:00,2026-02-13T14:00:00+05:00,15,1,t2,0.0059,0.0648,0.1208,3.22,54.0,1.7,3.3,2.6,954.6,open-meteo/previous-runs (best_match + GFS/ICON/ECMWF),power_model_v1@2026-01-31,0.0288,0.036
2026-02-12,2026-02-12T18:00:00+00:00,2026-02-13T10:00:00+00:00,2026-02-13T15:00:00+05:00,16,1,t2,0.0053,0.0783,0.0834,2.92,52.0,1.42,2.6,2.9,954.5,open-meteo/previous-runs (best_match + GFS/ICON/ECMWF),power_model_v1@2026-01-31,0.0388,0.0395
2026-02-12,2026-02-12T18:00:00+00:00,2026-02-13T11:00:00+00:00,2026-02-13T16:00:00+05:00,17,1,t2,0.0068,0.0461,0.0904,2.98,49.0,1.3,2.0,2.3,954.8,open-meteo/previous-runs (best_match + GFS/ICON/ECMWF),power_model_v1@2026-01-31,0.0534,-0.0073
2026-02-12,2026-02-12T18:00:00+00:00,2026-02-13T12:00:00+00:00,2026-02-13T17:00:00+05:00,18,1,t2,0.0043,0.1136,0.1242,2.12,63.0,0.74,1.9,1.3,954.6,open-meteo/previous-runs (best_match + GFS/ICON/ECMWF),power_model_v1@2026-01-31,0.0733,0.0403
2026-02-12,2026-02-12T18:00:00+00:00,2026-02-13T13:00:00+00:00,2026-02-13T18:00:00+05:00,19,1,t2,0.0045,0.1152,0.1561,2.84,56.0,0.85,0.9,1.1,954.9,open-meteo/previous-runs (best_match + GFS/ICON/ECMWF),power_model_v1@2026-01-31,0.1188,-0.0036
2026-02-12,2026-02-12T18:00:00+00:00,2026-02-13T14:00:00+00:00,2026-02-13T19:00:00+05:00,20,1,t2,0.0013,0.1837,0.3524,4.44,59.0,1.79,1.5,1.0,955.4,open-meteo/previous-runs (best_match + GFS/ICON/ECMWF),power_model_v1@2026-01-31,0.1491,0.0346
2026-02-12,2026-02-12T18:00:00+00:00,2026-02-13T15:00:00+00:00,2026-02-13T20:00:00+05:00,21,1,t2,0.0113,0.2647,0.6625,5.98,66.0,2.97,3.4,1.3,955.5,open-meteo/previous-runs (best_match + GFS/ICON/ECMWF),power_model_v1@2026-01-31,0.1956,0.0691
2026-02-12,2026-02-12T18:00:00+00:00,2026-02-13T16:00:00+00:00,2026-02-13T21:00:00+05:00,22,1,t2,0.0674,0.3475,0.8505,7.61,65.0,3.81,3.9,0.2,955.1,open-meteo/previous-runs (best_match + GFS/ICON/ECMWF),power_model_v1@2026-01-31,0.2749,0.0726
2026-02-12,2026-02-12T18:00:00+00:00,2026-02-13T17:00:00+00:00,2026-02-13T22:00:00+05:00,23,1,t2,0.2327,0.5892,0.9814,8.02,66.0,4.15,4.5,0.1,954.5,open-meteo/previous-runs (best_match + GFS/ICON/ECMWF),power_model_v1@2026-01-31,0.2475,0.3417
2026-02-12,2026-02-12T18:00:00+00:00,2026-02-13T18:00:00+00:00,2026-02-13T23:00:00+05:00,24,1,t2,0.3127,0.5536,0.9902,7.38,62.0,3.76,5.3,-0.8,953.9,open-meteo/previous-runs (best_match + GFS/ICON/ECMWF),power_model_v1@2026-01-31,0.4708,0.0828
2026-02-13,2026-02-13T18:00:00+00:00,2026-02-13T19:00:00+00:00,2026-02-14T00:00:00+05:00,1,1,t2,0.336,0.6345,0.9898,7.34,65.0,3.76,5.6,-1.2,953.5,open-meteo/previous-runs (best_match + GFS/ICON/ECMWF),power_model_v1@2026-01-31,0.641,-0.0065
2026-02-13,2026-02-13T18:00:00+00:00,2026-02-13T20:00:00+00:00,2026-02-14T01:00:00+05:00,2,1,t2,0.4274,0.6988,0.98,7.54,70.0,3.98,6.0,-0.5,953.1,open-meteo/previous-runs (best_match + GFS/ICON/ECMWF),power_model_v1@2026-01-31,0.6563,0.0425
2026-02-13,2026-02-13T18:00:00+00:00,2026-02-13T21:00:00+00:00,2026-02-14T02:00:00+05:00,3,1,t2,0.3813,0.6935,0.9838,7.39,81.0,4.02,6.4,-0.4,953.2,open-meteo/previous-runs (best_match + GFS/ICON/ECMWF),power_model_v1@2026-01-31,0.6578,0.0357
2026-02-13,2026-02-13T18:00:00+00:00,2026-02-13T22:00:00+00:00,2026-02-14T03:00:00+05:00,4,1,t2,0.3876,0.6891,0.9928,7.48,77.0,4.18,7.8,-0.3,953.2,open-meteo/previous-runs (best_match + GFS/ICON/ECMWF),power_model_v1@2026-01-31,0.6169,0.0722
2026-02-13,2026-02-13T18:00:00+00:00,2026-02-13T23:00:00+00:00,2026-02-14T04:00:00+05:00,5,1,t2,0.3058,0.6376,0.9793,7.15,76.0,4.0,7.9,-0.4,953.2,open-meteo/previous-runs (best_match + GFS/ICON/ECMWF),power_model_v1@2026-01-31,0.6539,-0.0163
2026-02-13,2026-02-13T18:00:00+00:00,2026-02-14T00:00:00+00:00,2026-02-14T05:00:00+05:00,6,1,t2,0.0474,0.3782,0.802,6.74,75.0,3.7,3.2,-0.3,953.8,open-meteo/previous-runs (best_match + GFS/ICON/ECMWF),power_model_v1@2026-01-31,0.5031,-0.1249
2026-02-13,2026-02-13T18:00:00+00:00,2026-02-14T01:00:00+00:00,2026-02-14T06:00:00+05:00,7,1,t2,0.0147,0.2039,0.713,5.8,80.0,3.18,3.0,-0.4,954.5,open-meteo/previous-runs (best_match + GFS/ICON/ECMWF),power_model_v1@2026-01-31,0.3044,-0.1005
2026-02-13,2026-02-13T18:00:00+00:00,2026-02-14T02:00:00+00:00,2026-02-14T07:00:00+05:00,8,1,t2,0.0079,0.217,0.6127,3.75,77.0,1.75,3.4,-0.6,955.0,open-meteo/previous-runs (best_match + GFS/ICON/ECMWF),power_model_v1@2026-01-31,0.2381,-0.0211
2026-02-13,2026-02-13T18:00:00+00:00,2026-02-14T03:00:00+00:00,2026-02-14T08:00:00+05:00,9,1,t2,0.0078,0.0694,0.5299,3.78,72.0,1.74,3.2,-0.3,955.6,open-meteo/previous-runs (best_match + GFS/ICON/ECMWF),power_model_v1@2026-01-31,0.1971,-0.1277
2026-02-13,2026-02-13T18:00:00+00:00,2026-02-14T04:00:00+00:00,2026-02-14T09:00:00+05:00,10,1,t2,0.0072,0.0527,0.3339,2.82,67.0,1.17,2.8,1.3,956.2,open-meteo/previous-runs (best_match + GFS/ICON/ECMWF),power_model_v1@2026-01-31,0.2215,-0.1688
2026-02-13,2026-02-13T18:00:00+00:00,2026-02-14T05:00:00+00:00,2026-02-14T10:00:00+05:00,11,1,t2,0.0078,0.0117,0.2836,1.63,67.0,0.85,1.9,1.7,956.4,open-meteo/previous-runs (best_match + GFS/ICON/ECMWF),power_model_v1@2026-01-31,0.2338,-0.2221
2026-02-13,2026-02-13T18:00:00+00:00,2026-02-14T06:00:00+00:00,2026-02-14T11:00:00+05:00,12,1,t2,0.007,0.0479,0.3825,1.98,16.0,1.05,7.1,2.6,956.9,open-meteo/previous-runs (best_match + GFS/ICON/ECMWF),power_model_v1@2026-01-31,0.1571,-0.1092
2026-02-13,2026-02-13T18:00:00+00:00,2026-02-14T07:00:00+00:00,2026-02-14T12:00:00+05:00,13,1,t2,0.007,0.0097,0.2572,1.46,22.0,0.71,6.5,3.1,956.5,open-meteo/previous-runs (best_match + GFS/ICON/ECMWF),power_model_v1@2026-01-31,0.1682,-0.1585
2026-02-13,2026-02-13T18:00:00+00:00,2026-02-14T08:00:00+00:00,2026-02-14T13:00:00+05:00,14,1,t2,0.006,0.0498,0.1845,1.38,314.0,0.79,4.1,3.6,956.1,open-meteo/previous-runs (best_match + GFS/ICON/ECMWF),power_model_v1@2026-01-31,0.1967,-0.1469
2026-02-13,2026-02-13T18:00:00+00:00,2026-02-14T09:00:00+00:00,2026-02-14T14:00:00+05:00,15,1,t2,0.0047,0.1022,0.129,3.15,267.0,1.75,2.3,2.6,956.7,open-meteo/previous-runs (best_match + GFS/ICON/ECMWF),power_model_v1@2026-01-31,0.245,-0.1428
2026-02-13,2026-02-13T18:00:00+00:00,2026-02-14T10:00:00+00:00,2026-02-14T15:00:00+05:00,16,1,t2,0.0042,0.1217,0.1694,0.89,218.0,0.27,2.2,3.2,956.7,open-meteo/previous-runs (best_match + GFS/ICON/ECMWF),power_model_v1@2026-01-31,0.1954,-0.0737
2026-02-13,2026-02-13T18:00:00+00:00,2026-02-14T11:00:00+00:00,2026-02-14T16:00:00+05:00,17,1,t2,0.0065,0.0551,0.0877,0.97,235.0,0.59,2.8,2.7,956.7,open-meteo/previous-runs (best_match + GFS/ICON/ECMWF),power_model_v1@2026-01-31,0.2687,-0.2136
2026-02-13,2026-02-13T18:00:00+00:00,2026-02-14T12:00:00+00:00,2026-02-14T17:00:00+05:00,18,1,t2,0.0071,0.0499,0.1245,0.57,218.0,0.18,3.8,0.6,956.1,open-meteo/previous-runs (best_match + GFS/ICON/ECMWF),power_model_v1@2026-01-31,0.301,-0.2511
2026-02-13,2026-02-13T18:00:00+00:00,2026-02-14T13:00:00+00:00,2026-02-14T18:00:00+05:00,19,1,t2,0.0072,0.0402,0.0681,0.38,337.0,0.21,2.3,0.3,956.3,open-meteo/previous-runs (best_match + GFS/ICON/ECMWF),power_model_v1@2026-01-31,0.2954,-0.2552
2026-02-13,2026-02-13T18:00:00+00:00,2026-02-14T14:00:00+00:00,2026-02-14T19:00:00+05:00,20,1,t2,0.0078,0.0426,0.1167,1.64,290.0,0.62,2.3,-1.7,956.7,open-meteo/previous-runs (best_match + GFS/ICON/ECMWF),power_model_v1@2026-01-31,0.2129,-0.1703
2026-02-13,2026-02-13T18:00:00+00:00,2026-02-14T15:00:00+00:00,2026-02-14T20:00:00+05:00,21,1,t2,0.0065,0.0668,0.1273,2.49,255.0,0.96,1.8,-1.9,956.9,open-meteo/previous-runs (best_match + GFS/ICON/ECMWF),power_model_v1@2026-01-31,0.2358,-0.169
2026-02-13,2026-02-13T18:00:00+00:00,2026-02-14T16:00:00+00:00,2026-02-14T21:00:00+05:00,22,1,t2,0.007,0.061,0.1481,2.85,281.0,0.7,1.9,-1.0,957.4,open-meteo/previous-runs (best_match + GFS/ICON/ECMWF),power_model_v1@2026-01-31,0.2529,-0.1919
2026-02-13,2026-02-13T18:00:00+00:00,2026-02-14T17:00:00+00:00,2026-02-14T22:00:00+05:00,23,1,t2,0.007,0.0465,0.1235,2.93,240.0,1.27,2.3,-2.3,957.8,open-meteo/previous-runs (best_match + GFS/ICON/ECMWF),power_model_v1@2026-01-31,0.1216,-0.0751
2026-02-13,2026-02-13T18:00:00+00:00,2026-02-14T18:00:00+00:00,2026-02-14T23:00:00+05:00,24,1,t2,0.0073,0.0401,0.1573,0.43,249.0,0.0,4.5,-1.0,957.2,open-meteo/previous-runs (best_match + GFS/ICON/ECMWF),power_model_v1@2026-01-31,0.1052,-0.0651
2026-02-14,2026-02-14T18:00:00+00:00,2026-02-14T19:00:00+00:00,2026-02-15T00:00:00+05:00,1,1,t2,0.0074,0.0341,0.0983,0.6,355.0,0.18,3.3,-0.6,957.3,open-meteo/previous-runs (best_match + GFS/ICON/ECMWF),power_model_v1@2026-01-31,0.0512,-0.0171
2026-02-14,2026-02-14T18:00:00+00:00,2026-02-14T20:00:00+00:00,2026-02-15T01:00:00+05:00,2,1,t2,0.0071,0.0376,0.0752,1.16,7.0,0.4,2.3,0.0,957.7,open-meteo/previous-runs (best_match + GFS/ICON/ECMWF),power_model_v1@2026-01-31,0.0262,0.0114
2026-02-14,2026-02-14T18:00:00+00:00,2026-02-14T21:00:00+00:00,2026-02-15T02:00:00+05:00,3,1,t2,0.0072,0.0334,0.0719,1.32,127.0,0.58,1.5,-1.4,957.3,open-meteo/previous-runs (best_match + GFS/ICON/ECMWF),power_model_v1@2026-01-31,0.0377,-0.0043
2026-02-14,2026-02-14T18:00:00+00:00,2026-02-14T22:00:00+00:00,2026-02-15T03:00:00+05:00,4,1,t2,0.0076,0.0225,0.1102,2.22,31.0,1.09,1.7,-2.2,956.8,open-meteo/previous-runs (best_match + GFS/ICON/ECMWF),power_model_v1@2026-01-31,0.0429,-0.0204
2026-02-14,2026-02-14T18:00:00+00:00,2026-02-14T23:00:00+00:00,2026-02-15T04:00:00+05:00,5,1,t2,0.0077,0.0193,0.096,3.65,71.0,1.72,1.1,-3.2,956.6,open-meteo/previous-runs (best_match + GFS/ICON/ECMWF),power_model_v1@2026-01-31,0.0537,-0.0344
2026-02-14,2026-02-14T18:00:00+00:00,2026-02-15T00:00:00+00:00,2026-02-15T05:00:00+05:00,6,1,t2,0.0077,0.0303,0.1994,3.27,67.0,1.46,2.0,-3.2,956.1,open-meteo/previous-runs (best_match + GFS/ICON/ECMWF),power_model_v1@2026-01-31,0.0551,-0.0248
2026-02-14,2026-02-14T18:00:00+00:00,2026-02-15T01:00:00+00:00,2026-02-15T06:00:00+05:00,7,1,t2,0.0052,0.0612,0.4356,5.31,66.0,2.15,2.6,-2.1,956.6,open-meteo/previous-runs (best_match + GFS/ICON/ECMWF),power_model_v1@2026-01-31,0.1159,-0.0547
2026-02-14,2026-02-14T18:00:00+00:00,2026-02-15T02:00:00+00:00,2026-02-15T07:00:00+05:00,8,1,t2,0.0201,0.1797,0.6462,5.46,66.0,2.31,3.8,-2.5,956.7,open-meteo/previous-runs (best_match + GFS/ICON/ECMWF),power_model_v1@2026-01-31,0.0892,0.0905
2026-02-14,2026-02-14T18:00:00+00:00,2026-02-15T03:00:00+00:00,2026-02-15T08:00:00+05:00,9,1,t2,0.0669,0.2913,0.859,6.69,63.0,3.1,5.2,-0.5,957.7,open-meteo/previous-runs (best_match + GFS/ICON/ECMWF),power_model_v1@2026-01-31,0.2178,0.0735
2026-02-14,2026-02-14T18:00:00+00:00,2026-02-15T04:00:00+00:00,2026-02-15T09:00:00+05:00,10,1,t2,0.1905,0.4963,0.9605,7.54,61.0,3.3,7.1,2.2,958.1,open-meteo/previous-runs (best_match + GFS/ICON/ECMWF),power_model_v1@2026-01-31,0.4089,0.0874
2026-02-14,2026-02-14T18:00:00+00:00,2026-02-15T05:00:00+00:00,2026-02-15T10:00:00+05:00,11,1,t2,0.4198,0.6939,0.9855,7.75,58.0,4.26,8.3,3.6,957.9,open-meteo/previous-runs (best_match + GFS/ICON/ECMWF),power_model_v1@2026-01-31,0.6316,0.0623
2026-02-14,2026-02-14T18:00:00+00:00,2026-02-15T06:00:00+00:00,2026-02-15T11:00:00+05:00,12,1,t2,0.5955,0.775,0.9782,8.63,55.0,5.29,10.3,5.1,957.0,open-meteo/previous-runs (best_match + GFS/ICON/ECMWF),power_model_v1@2026-01-31,0.719,0.056
2026-02-14,2026-02-14T18:00:00+00:00,2026-02-15T07:00:00+00:00,2026-02-15T12:00:00+05:00,13,1,t2,0.6827,0.92,0.9712,9.76,56.0,7.01,11.7,6.6,956.0,open-meteo/previous-runs (best_match + GFS/ICON/ECMWF),power_model_v1@2026-01-31,0.8777,0.0423
2026-02-14,2026-02-14T18:00:00+00:00,2026-02-15T08:00:00+00:00,2026-02-15T13:00:00+05:00,14,1,t2,0.6912,0.9308,0.9704,9.68,60.0,7.1,13.1,7.6,955.0,open-meteo/previous-runs (best_match + GFS/ICON/ECMWF),power_model_v1@2026-01-31,0.9518,-0.021
2026-02-14,2026-02-14T18:00:00+00:00,2026-02-15T09:00:00+00:00,2026-02-15T14:00:00+05:00,15,1,t2,0.5661,0.8778,0.9736,8.91,65.0,6.48,13.3,8.3,954.9,open-meteo/previous-runs (best_match + GFS/ICON/ECMWF),power_model_v1@2026-01-31,0.9309,-0.0531
2026-02-14,2026-02-14T18:00:00+00:00,2026-02-15T10:00:00+00:00,2026-02-15T15:00:00+05:00,16,1,t2,0.5186,0.9091,0.9784,8.29,70.0,5.81,13.2,7.6,954.6,open-meteo/previous-runs (best_match + GFS/ICON/ECMWF),power_model_v1@2026-01-31,0.9276,-0.0185
2026-02-14,2026-02-14T18:00:00+00:00,2026-02-15T11:00:00+00:00,2026-02-15T16:00:00+05:00,17,1,t2,0.4389,0.8666,0.9847,8.17,74.0,5.0,12.6,6.3,954.3,open-meteo/previous-runs (best_match + GFS/ICON/ECMWF),power_model_v1@2026-01-31,0.885,-0.0184
2026-02-14,2026-02-14T18:00:00+00:00,2026-02-15T12:00:00+00:00,2026-02-15T17:00:00+05:00,18,1,t2,0.4274,0.8824,0.9891,8.14,75.0,4.21,11.8,4.2,953.2,open-meteo/previous-runs (best_match + GFS/ICON/ECMWF),power_model_v1@2026-01-31,0.8955,-0.0131
2026-02-14,2026-02-14T18:00:00+00:00,2026-02-15T13:00:00+00:00,2026-02-15T18:00:00+05:00,19,1,t2,0.4382,0.9141,0.9932,7.74,79.0,3.8,10.0,2.0,952.8,open-meteo/previous-runs (best_match + GFS/ICON/ECMWF),power_model_v1@2026-01-31,0.9057,0.0084
2026-02-14,2026-02-14T18:00:00+00:00,2026-02-15T14:00:00+00:00,2026-02-15T19:00:00+05:00,20,1,t2,0.4527,0.9271,0.9907,7.8,79.0,3.96,9.6,1.2,952.5,open-meteo/previous-runs (best_match + GFS/ICON/ECMWF),power_model_v1@2026-01-31,0.9227,0.0044
2026-02-14,2026-02-14T18:00:00+00:00,2026-02-15T15:00:00+00:00,2026-02-15T20:00:00+05:00,21,1,t2,0.4484,0.9135,0.9901,8.06,79.0,4.05,9.6,1.1,952.4,open-meteo/previous-runs (best_match + GFS/ICON/ECMWF),power_model_v1@2026-01-31,0.9036,0.0099
2026-02-14,2026-02-14T18:00:00+00:00,2026-02-15T16:00:00+00:00,2026-02-15T21:00:00+05:00,22,1,t2,0.4009,0.8892,0.9931,7.42,82.0,3.7,9.2,1.0,952.6,open-meteo/previous-runs (best_match + GFS/ICON/ECMWF),power_model_v1@2026-01-31,0.8934,-0.0042
2026-02-14,2026-02-14T18:00:00+00:00,2026-02-15T17:00:00+00:00,2026-02-15T22:00:00+05:00,23,1,t2,0.2917,0.8573,0.9804,6.21,87.0,3.11,7.9,1.5,952.9,open-meteo/previous-runs (best_match + GFS/ICON/ECMWF),power_model_v1@2026-01-31,0.8506,0.0067
2026-02-14,2026-02-14T18:00:00+00:00,2026-02-15T18:00:00+00:00,2026-02-15T23:00:00+05:00,24,1,t2,0.1348,0.5915,0.9242,5.67,81.0,2.75,5.6,1.9,952.3,open-meteo/previous-runs (best_match + GFS/ICON/ECMWF),power_model_v1@2026-01-31,0.7384,-0.1469
2026-02-15,2026-02-15T18:00:00+00:00,2026-02-15T19:00:00+00:00,2026-02-16T00:00:00+05:00,1,1,t2,0.1169,0.508,0.9354,5.26,76.0,2.47,5.4,2.2,952.0,open-meteo/previous-runs (best_match + GFS/ICON/ECMWF),power_model_v1@2026-01-31,0.6385,-0.1305
2026-02-15,2026-02-15T18:00:00+00:00,2026-02-15T20:00:00+00:00,2026-02-16T01:00:00+05:00,2,1,t2,0.1113,0.4251,0.9067,5.96,70.0,3.04,4.6,1.9,951.5,open-meteo/previous-runs (best_match + GFS/ICON/ECMWF),power_model_v1@2026-01-31,0.644,-0.2189
2026-02-15,2026-02-15T18:00:00+00:00,2026-02-15T21:00:00+00:00,2026-02-16T02:00:00+05:00,3,1,t2,0.1521,0.5383,0.946,6.18,78.0,3.15,5.0,1.9,951.4,open-meteo/previous-runs (best_match + GFS/ICON/ECMWF),power_model_v1@2026-01-31,0.6376,-0.0993
2026-02-15,2026-02-15T18:00:00+00:00,2026-02-15T22:00:00+00:00,2026-02-16T03:00:00+05:00,4,1,t2,0.1294,0.4718,0.9362,6.43,67.0,3.31,5.3,1.7,951.0,open-meteo/previous-runs (best_match + GFS/ICON/ECMWF),power_model_v1@2026-01-31,0.593,-0.1212
2026-02-15,2026-02-15T18:00:00+00:00,2026-02-15T23:00:00+00:00,2026-02-16T04:00:00+05:00,5,1,t2,0.1506,0.5146,0.9375,6.61,74.0,3.37,6.0,1.5,951.0,open-meteo/previous-runs (best_match + GFS/ICON/ECMWF),power_model_v1@2026-01-31,0.5057,0.0089
2026-02-15,2026-02-15T18:00:00+00:00,2026-02-16T00:00:00+00:00,2026-02-16T05:00:00+05:00,6,1,t2,0.1656,0.4919,0.9448,6.69,72.0,3.23,7.8,1.8,951.5,open-meteo/previous-runs (best_match + GFS/ICON/ECMWF),power_model_v1@2026-01-31,0.4612,0.0307
2026-02-15,2026-02-15T18:00:00+00:00,2026-02-16T01:00:00+00:00,2026-02-16T06:00:00+05:00,7,1,t2,0.1452,0.5412,0.931,6.81,60.0,3.48,8.5,1.8,951.7,open-meteo/previous-runs (best_match + GFS/ICON/ECMWF),power_model_v1@2026-01-31,0.3828,0.1584
2026-02-15,2026-02-15T18:00:00+00:00,2026-02-16T02:00:00+00:00,2026-02-16T07:00:00+05:00,8,1,t2,0.1306,0.4341,0.9397,6.88,71.0,3.58,8.5,1.6,951.6,open-meteo/previous-runs (best_match + GFS/ICON/ECMWF),power_model_v1@2026-01-31,0.3041,0.13
2026-02-15,2026-02-15T18:00:00+00:00,2026-02-16T03:00:00+00:00,2026-02-16T08:00:00+05:00,9,1,t2,0.1076,0.4496,0.937,6.51,72.0,3.64,7.5,2.7,951.7,open-meteo/previous-runs (best_match + GFS/ICON/ECMWF),power_model_v1@2026-01-31,0.2977,0.1519
2026-02-15,2026-02-15T18:00:00+00:00,2026-02-16T04:00:00+00:00,2026-02-16T09:00:00+05:00,10,1,t2,0.1666,0.4248,0.9388,7.08,67.0,3.38,6.6,5.0,952.5,open-meteo/previous-runs (best_match + GFS/ICON/ECMWF),power_model_v1@2026-01-31,0.4263,-0.0015
2026-02-15,2026-02-15T18:00:00+00:00,2026-02-16T05:00:00+00:00,2026-02-16T10:00:00+05:00,11,1,t2,0.1518,0.5763,0.961,5.84,62.0,4.33,7.4,6.9,952.8,open-meteo/previous-runs (best_match + GFS/ICON/ECMWF),power_model_v1@2026-01-31,0.4068,0.1695
2026-02-15,2026-02-15T18:00:00+00:00,2026-02-16T06:00:00+00:00,2026-02-16T11:00:00+05:00,12,1,t2,0.3841,0.6715,0.96,7.07,62.0,5.25,10.8,7.9,952.1,open-meteo/previous-runs (best_match + GFS/ICON/ECMWF),power_model_v1@2026-01-31,0.4194,0.2521
2026-02-15,2026-02-15T18:00:00+00:00,2026-02-16T07:00:00+00:00,2026-02-16T12:00:00+05:00,13,1,t2,0.4664,0.7965,0.9827,7.59,60.0,5.67,11.8,9.2,951.8,open-meteo/previous-runs (best_match + GFS/ICON/ECMWF),power_model_v1@2026-01-31,0.4593,0.3372
2026-02-15,2026-02-15T18:00:00+00:00,2026-02-16T08:00:00+00:00,2026-02-16T13:00:00+05:00,14,1,t2,0.4185,0.8068,0.9821,7.22,62.0,5.36,11.8,9.6,951.5,open-meteo/previous-runs (best_match + GFS/ICON/ECMWF),power_model_v1@2026-01-31,0.5595,0.2473
2026-02-15,2026-02-15T18:00:00+00:00,2026-02-16T09:00:00+00:00,2026-02-16T14:00:00+05:00,15,1,t2,0.2775,0.7676,0.9759,6.64,65.0,4.74,11.8,9.1,951.3,open-meteo/previous-runs (best_match + GFS/ICON/ECMWF),power_model_v1@2026-01-31,0.5366,0.231
2026-02-15,2026-02-15T18:00:00+00:00,2026-02-16T10:00:00+00:00,2026-02-16T15:00:00+05:00,16,1,t2,0.1514,0.7129,0.9533,5.52,64.0,3.87,11.4,9.2,951.7,open-meteo/previous-runs (best_match + GFS/ICON/ECMWF),power_model_v1@2026-01-31,0.6432,0.0697
2026-02-15,2026-02-15T18:00:00+00:00,2026-02-16T11:00:00+00:00,2026-02-16T16:00:00+05:00,17,1,t2,0.1123,0.639,0.9371,5.26,65.0,3.31,11.1,8.3,951.5,open-meteo/previous-runs (best_match + GFS/ICON/ECMWF),power_model_v1@2026-01-31,0.6884,-0.0494
2026-02-15,2026-02-15T18:00:00+00:00,2026-02-16T12:00:00+00:00,2026-02-16T17:00:00+05:00,18,1,t2,0.0705,0.5937,0.9299,5.11,59.0,1.88,10.4,5.5,951.0,open-meteo/previous-runs (best_match + GFS/ICON/ECMWF),power_model_v1@2026-01-31,0.7255,-0.1318
2026-02-15,2026-02-15T18:00:00+00:00,2026-02-16T13:00:00+00:00,2026-02-16T18:00:00+05:00,19,1,t2,0.0969,0.5939,0.9102,5.88,63.0,2.3,8.5,4.5,951.2,open-meteo/previous-runs (best_match + GFS/ICON/ECMWF),power_model_v1@2026-01-31,0.783,-0.1891
2026-02-15,2026-02-15T18:00:00+00:00,2026-02-16T14:00:00+00:00,2026-02-16T19:00:00+05:00,20,1,t2,0.1129,0.6611,0.9367,5.59,66.0,2.15,7.4,4.2,951.7,open-meteo/previous-runs (best_match + GFS/ICON/ECMWF),power_model_v1@2026-01-31,0.7893,-0.1282
2026-02-15,2026-02-15T18:00:00+00:00,2026-02-16T15:00:00+00:00,2026-02-16T20:00:00+05:00,21,1,t2,0.1031,0.7091,0.9231,5.56,68.0,2.06,6.8,3.3,951.9,open-meteo/previous-runs (best_match + GFS/ICON/ECMWF),power_model_v1@2026-01-31,0.7566,-0.0475
2026-02-15,2026-02-15T18:00:00+00:00,2026-02-16T16:00:00+00:00,2026-02-16T21:00:00+05:00,22,1,t2,0.1022,0.6256,0.916,5.73,65.0,2.1,6.8,3.3,952.2,open-meteo/previous-runs (best_match + GFS/ICON/ECMWF),power_model_v1@2026-01-31,0.7806,-0.155
2026-02-15,2026-02-15T18:00:00+00:00,2026-02-16T17:00:00+00:00,2026-02-16T22:00:00+05:00,23,1,t2,0.0402,0.6195,0.9342,5.37,62.0,1.8,6.7,3.1,952.7,open-meteo/previous-runs (best_match + GFS/ICON/ECMWF),power_model_v1@2026-01-31,0.7715,-0.152
2026-02-15,2026-02-15T18:00:00+00:00,2026-02-16T18:00:00+00:00,2026-02-16T23:00:00+05:00,24,1,t2,0.0403,0.5357,0.9266,5.11,67.0,1.8,5.5,3.9,953.3,open-meteo/previous-runs (best_match + GFS/ICON/ECMWF),power_model_v1@2026-01-31,0.7429,-0.2072
2026-02-16,2026-02-16T18:00:00+00:00,2026-02-16T19:00:00+00:00,2026-02-17T00:00:00+05:00,1,1,t2,0.0588,0.6036,0.9405,4.99,64.0,1.81,5.6,3.9,953.5,open-meteo/previous-runs (best_match + GFS/ICON/ECMWF),power_model_v1@2026-01-31,0.7008,-0.0972
2026-02-16,2026-02-16T18:00:00+00:00,2026-02-16T20:00:00+00:00,2026-02-17T01:00:00+05:00,2,1,t2,0.1147,0.6295,0.9067,5.73,65.0,2.17,5.6,3.9,953.7,open-meteo/previous-runs (best_match + GFS/ICON/ECMWF),power_model_v1@2026-01-31,0.681,-0.0515
2026-02-16,2026-02-16T18:00:00+00:00,2026-02-16T21:00:00+00:00,2026-02-17T02:00:00+05:00,3,1,t2,0.1329,0.5401,0.9072,6.11,65.0,2.38,5.5,3.7,954.2,open-meteo/previous-runs (best_match + GFS/ICON/ECMWF),power_model_v1@2026-01-31,0.6468,-0.1067
2026-02-16,2026-02-16T18:00:00+00:00,2026-02-16T22:00:00+00:00,2026-02-17T03:00:00+05:00,4,1,t2,0.0973,0.5246,0.9513,6.65,67.0,2.85,5.4,3.9,954.4,open-meteo/previous-runs (best_match + GFS/ICON/ECMWF),power_model_v1@2026-01-31,0.6392,-0.1146
2026-02-16,2026-02-16T18:00:00+00:00,2026-02-16T23:00:00+00:00,2026-02-17T04:00:00+05:00,5,1,t2,0.0486,0.4348,0.9039,6.05,69.0,2.53,5.2,3.8,954.9,open-meteo/previous-runs (best_match + GFS/ICON/ECMWF),power_model_v1@2026-01-31,0.5201,-0.0853
2026-02-16,2026-02-16T18:00:00+00:00,2026-02-17T00:00:00+00:00,2026-02-17T05:00:00+05:00,6,1,t2,0.0048,0.2947,0.7244,2.44,79.0,0.4,4.5,3.2,956.5,open-meteo/previous-runs (best_match + GFS/ICON/ECMWF),power_model_v1@2026-01-31,0.2967,-0.002
2026-02-16,2026-02-16T18:00:00+00:00,2026-02-17T01:00:00+00:00,2026-02-17T06:00:00+05:00,7,1,t2,0.0057,0.1969,0.5359,2.06,86.0,0.6,3.9,3.5,957.1,open-meteo/previous-runs (best_match + GFS/ICON/ECMWF),power_model_v1@2026-01-31,0.1557,0.0412
2026-02-16,2026-02-16T18:00:00+00:00,2026-02-17T02:00:00+00:00,2026-02-17T07:00:00+05:00,8,1,t2,0.0062,0.1519,0.4681,3.09,76.0,1.31,3.4,3.2,957.4,open-meteo/previous-runs (best_match + GFS/ICON/ECMWF),power_model_v1@2026-01-31,0.2369,-0.085
2026-02-16,2026-02-16T18:00:00+00:00,2026-02-17T03:00:00+00:00,2026-02-17T08:00:00+05:00,9,1,t2,0.007,0.1096,0.4921,4.44,71.0,2.06,2.7,3.5,958.2,open-meteo/previous-runs (best_match + GFS/ICON/ECMWF),power_model_v1@2026-01-31,0.1364,-0.0268
2026-02-16,2026-02-16T18:00:00+00:00,2026-02-17T04:00:00+00:00,2026-02-17T09:00:00+05:00,10,1,t2,0.0024,0.1289,0.5242,5.48,54.0,2.72,2.2,3.8,959.0,open-meteo/previous-runs (best_match + GFS/ICON/ECMWF),power_model_v1@2026-01-31,0.1153,0.0136
2026-02-16,2026-02-16T18:00:00+00:00,2026-02-17T05:00:00+00:00,2026-02-17T10:00:00+05:00,11,1,t2,0.0,0.1407,0.5049,6.05,59.0,3.36,1.8,3.7,959.7,open-meteo/previous-runs (best_match + GFS/ICON/ECMWF),power_model_v1@2026-01-31,0.1492,-0.0085
2026-02-16,2026-02-16T18:00:00+00:00,2026-02-17T06:00:00+00:00,2026-02-17T11:00:00+05:00,12,1,t2,0.0027,0.1333,0.4902,4.46,67.0,2.62,2.3,4.7,960.3,open-meteo/previous-runs (best_match + GFS/ICON/ECMWF),power_model_v1@2026-01-31,0.2357,-0.1024
2026-02-16,2026-02-16T18:00:00+00:00,2026-02-17T07:00:00+00:00,2026-02-17T12:00:00+05:00,13,1,t2,0.0028,0.1275,0.353,5.07,68.0,2.97,3.1,5.8,960.3,open-meteo/previous-runs (best_match + GFS/ICON/ECMWF),power_model_v1@2026-01-31,0.2446,-0.1171
2026-02-16,2026-02-16T18:00:00+00:00,2026-02-17T08:00:00+00:00,2026-02-17T13:00:00+05:00,14,1,t2,0.0035,0.1394,0.4505,4.9,54.0,3.29,3.8,5.9,959.9,open-meteo/previous-runs (best_match + GFS/ICON/ECMWF),power_model_v1@2026-01-31,0.275,-0.1356
2026-02-16,2026-02-16T18:00:00+00:00,2026-02-17T09:00:00+00:00,2026-02-17T14:00:00+05:00,15,1,t2,0.0052,0.1758,0.5085,5.09,55.0,3.34,4.1,5.9,960.3,open-meteo/previous-runs (best_match + GFS/ICON/ECMWF),power_model_v1@2026-01-31,0.3603,-0.1845
2026-02-16,2026-02-16T18:00:00+00:00,2026-02-17T10:00:00+00:00,2026-02-17T15:00:00+05:00,16,1,t2,0.004,0.2247,0.5984,5.15,67.0,2.84,4.1,6.1,960.3,open-meteo/previous-runs (best_match + GFS/ICON/ECMWF),power_model_v1@2026-01-31,0.4002,-0.1755
2026-02-16,2026-02-16T18:00:00+00:00,2026-02-17T11:00:00+00:00,2026-02-17T16:00:00+05:00,17,1,t2,0.0018,0.2936,0.6877,4.92,62.0,2.88,4.1,6.6,960.6,open-meteo/previous-runs (best_match + GFS/ICON/ECMWF),power_model_v1@2026-01-31,0.6082,-0.3146
2026-02-16,2026-02-16T18:00:00+00:00,2026-02-17T12:00:00+00:00,2026-02-17T17:00:00+05:00,18,1,t2,0.0934,0.5786,0.9561,6.69,61.0,3.27,7.6,5.7,959.9,open-meteo/previous-runs (best_match + GFS/ICON/ECMWF),power_model_v1@2026-01-31,0.6146,-0.036
2026-02-16,2026-02-16T18:00:00+00:00,2026-02-17T13:00:00+00:00,2026-02-17T18:00:00+05:00,19,1,t2,0.1367,0.6745,0.982,6.85,66.0,2.96,6.2,4.3,960.0,open-meteo/previous-runs (best_match + GFS/ICON/ECMWF),power_model_v1@2026-01-31,0.6664,0.0081
2026-02-16,2026-02-16T18:00:00+00:00,2026-02-17T14:00:00+00:00,2026-02-17T19:00:00+05:00,20,1,t2,0.1536,0.5409,0.9639,7.48,60.0,3.27,4.7,3.8,960.1,open-meteo/previous-runs (best_match + GFS/ICON/ECMWF),power_model_v1@2026-01-31,0.8158,-0.2749
2026-02-16,2026-02-16T18:00:00+00:00,2026-02-17T15:00:00+00:00,2026-02-17T20:00:00+05:00,21,1,t2,0.2006,0.6459,0.9513,8.07,59.0,3.65,4.0,3.6,960.4,open-meteo/previous-runs (best_match + GFS/ICON/ECMWF),power_model_v1@2026-01-31,0.7615,-0.1156
2026-02-16,2026-02-16T18:00:00+00:00,2026-02-17T16:00:00+00:00,2026-02-17T21:00:00+05:00,22,1,t2,0.2949,0.7322,0.9741,8.01,63.0,3.7,4.2,3.0,960.6,open-meteo/previous-runs (best_match + GFS/ICON/ECMWF),power_model_v1@2026-01-31,0.7863,-0.0541
2026-02-16,2026-02-16T18:00:00+00:00,2026-02-17T17:00:00+00:00,2026-02-17T22:00:00+05:00,23,1,t2,0.2591,0.62,0.969,7.32,65.0,3.27,4.2,2.1,960.1,open-meteo/previous-runs (best_match + GFS/ICON/ECMWF),power_model_v1@2026-01-31,0.7305,-0.1105
2026-02-16,2026-02-16T18:00:00+00:00,2026-02-17T18:00:00+00:00,2026-02-17T23:00:00+05:00,24,1,t2,0.2701,0.6894,0.9845,7.16,72.0,3.41,5.6,1.3,959.3,open-meteo/previous-runs (best_match + GFS/ICON/ECMWF),power_model_v1@2026-01-31,0.6515,0.0379
2026-02-17,2026-02-17T18:00:00+00:00,2026-02-17T19:00:00+00:00,2026-02-18T00:00:00+05:00,1,1,t2,0.2932,0.7471,0.9858,7.25,69.0,3.7,6.7,0.5,958.5,open-meteo/previous-runs (best_match + GFS/ICON/ECMWF),power_model_v1@2026-01-31,0.8124,-0.0653
2026-02-17,2026-02-17T18:00:00+00:00,2026-02-17T20:00:00+00:00,2026-02-18T01:00:00+05:00,2,1,t2,0.3063,0.7355,0.9849,7.73,71.0,4.0,6.7,0.7,958.9,open-meteo/previous-runs (best_match + GFS/ICON/ECMWF),power_model_v1@2026-01-31,0.8416,-0.1061
2026-02-17,2026-02-17T18:00:00+00:00,2026-02-17T21:00:00+00:00,2026-02-18T02:00:00+05:00,3,1,t2,0.201,0.6944,0.9798,6.75,76.0,3.41,6.2,1.1,958.5,open-meteo/previous-runs (best_match + GFS/ICON/ECMWF),power_model_v1@2026-01-31,0.7412,-0.0468
2026-02-17,2026-02-17T18:00:00+00:00,2026-02-17T22:00:00+00:00,2026-02-18T03:00:00+05:00,4,1,t2,0.1973,0.6438,0.9769,6.71,78.0,3.41,6.3,1.2,958.2,open-meteo/previous-runs (best_match + GFS/ICON/ECMWF),power_model_v1@2026-01-31,0.7001,-0.0563
2026-02-17,2026-02-17T18:00:00+00:00,2026-02-17T23:00:00+00:00,2026-02-18T04:00:00+05:00,5,1,t2,0.2867,0.6956,0.9835,7.03,84.0,3.85,6.8,1.3,957.8,open-meteo/previous-runs (best_match + GFS/ICON/ECMWF),power_model_v1@2026-01-31,0.6752,0.0204
2026-02-17,2026-02-17T18:00:00+00:00,2026-02-18T00:00:00+00:00,2026-02-18T05:00:00+05:00,6,1,t2,0.308,0.6887,0.9856,7.1,91.0,3.8,7.9,1.6,957.7,open-meteo/previous-runs (best_match + GFS/ICON/ECMWF),power_model_v1@2026-01-31,0.683,0.0057
2026-02-17,2026-02-17T18:00:00+00:00,2026-02-18T01:00:00+00:00,2026-02-18T06:00:00+05:00,7,1,t2,0.3769,0.7735,0.986,6.55,90.0,3.48,9.8,1.7,957.3,open-meteo/previous-runs (best_match + GFS/ICON/ECMWF),power_model_v1@2026-01-31,0.6758,0.0977
2026-02-17,2026-02-17T18:00:00+00:00,2026-02-18T02:00:00+00:00,2026-02-18T07:00:00+05:00,8,1,t2,0.4417,0.7186,0.981,7.34,75.0,4.01,10.7,1.6,957.5,open-meteo/previous-runs (best_match + GFS/ICON/ECMWF),power_model_v1@2026-01-31,0.6866,0.032
2026-02-17,2026-02-17T18:00:00+00:00,2026-02-18T03:00:00+00:00,2026-02-18T08:00:00+05:00,9,1,t2,0.5524,0.7536,0.9838,8.06,83.0,5.0,10.7,3.1,957.9,open-meteo/previous-runs (best_match + GFS/ICON/ECMWF),power_model_v1@2026-01-31,0.7426,0.011
2026-02-17,2026-02-17T18:00:00+00:00,2026-02-18T04:00:00+00:00,2026-02-18T09:00:00+05:00,10,1,t2,0.583,0.8005,0.9779,8.1,70.0,4.9,11.5,5.6,957.9,open-meteo/previous-runs (best_match + GFS/ICON/ECMWF),power_model_v1@2026-01-31,0.7785,0.022
2026-02-17,2026-02-17T18:00:00+00:00,2026-02-18T05:00:00+00:00,2026-02-18T10:00:00+05:00,11,1,t2,0.7086,0.8856,0.9747,8.54,63.0,5.89,14.4,8.8,957.3,open-meteo/previous-runs (best_match + GFS/ICON/ECMWF),power_model_v1@2026-01-31,0.8921,-0.0065
2026-02-17,2026-02-17T18:00:00+00:00,2026-02-18T06:00:00+00:00,2026-02-18T11:00:00+05:00,12,1,t2,0.8829,0.9216,0.9717,11.41,59.0,8.11,15.5,10.4,957.3,open-meteo/previous-runs (best_match + GFS/ICON/ECMWF),power_model_v1@2026-01-31,0.93,-0.0084
2026-02-17,2026-02-17T18:00:00+00:00,2026-02-18T07:00:00+00:00,2026-02-18T12:00:00+05:00,13,1,t2,0.9376,0.9719,0.9729,10.11,70.0,7.39,15.9,12.4,956.4,open-meteo/previous-runs (best_match + GFS/ICON/ECMWF),power_model_v1@2026-01-31,0.9688,0.0031
2026-02-17,2026-02-17T18:00:00+00:00,2026-02-18T08:00:00+00:00,2026-02-18T13:00:00+05:00,14,1,t2,0.9383,0.9709,0.9718,10.09,69.0,7.46,15.9,13.7,955.1,open-meteo/previous-runs (best_match + GFS/ICON/ECMWF),power_model_v1@2026-01-31,0.9677,0.0032
2026-02-17,2026-02-17T18:00:00+00:00,2026-02-18T09:00:00+00:00,2026-02-18T14:00:00+05:00,15,1,t2,0.9385,0.9668,0.9713,9.96,71.0,7.27,15.2,13.9,954.8,open-meteo/previous-runs (best_match + GFS/ICON/ECMWF),power_model_v1@2026-01-31,0.9743,-0.0075
2026-02-17,2026-02-17T18:00:00+00:00,2026-02-18T10:00:00+00:00,2026-02-18T15:00:00+05:00,16,1,t2,0.8945,0.9784,0.9794,9.26,69.0,6.53,15.2,13.6,954.3,open-meteo/previous-runs (best_match + GFS/ICON/ECMWF),power_model_v1@2026-01-31,0.9687,0.0097
2026-02-17,2026-02-17T18:00:00+00:00,2026-02-18T11:00:00+00:00,2026-02-18T16:00:00+05:00,17,1,t2,0.7136,0.9399,0.972,10.09,59.0,6.27,14.8,11.9,953.4,open-meteo/previous-runs (best_match + GFS/ICON/ECMWF),power_model_v1@2026-01-31,0.9237,0.0162
2026-02-17,2026-02-17T18:00:00+00:00,2026-02-18T12:00:00+00:00,2026-02-18T17:00:00+05:00,18,1,t2,0.5396,0.924,0.9878,8.66,75.0,4.55,12.0,9.2,952.7,open-meteo/previous-runs (best_match + GFS/ICON/ECMWF),power_model_v1@2026-01-31,0.9049,0.0191
2026-02-17,2026-02-17T18:00:00+00:00,2026-02-18T13:00:00+00:00,2026-02-18T18:00:00+05:00,19,1,t2,0.3154,0.8743,0.9922,7.08,72.0,3.35,8.5,5.9,952.0,open-meteo/previous-runs (best_match + GFS/ICON/ECMWF),power_model_v1@2026-01-31,0.8901,-0.0158
2026-02-17,2026-02-17T18:00:00+00:00,2026-02-18T14:00:00+00:00,2026-02-18T19:00:00+05:00,20,1,t2,0.3219,0.8425,0.9904,7.45,78.0,3.64,6.3,4.1,952.0,open-meteo/previous-runs (best_match + GFS/ICON/ECMWF),power_model_v1@2026-01-31,0.9085,-0.066
2026-02-17,2026-02-17T18:00:00+00:00,2026-02-18T15:00:00+00:00,2026-02-18T20:00:00+05:00,21,1,t2,0.2315,0.8335,0.9877,6.56,87.0,3.36,5.3,3.1,951.0,open-meteo/previous-runs (best_match + GFS/ICON/ECMWF),power_model_v1@2026-01-31,0.8385,-0.005
2026-02-17,2026-02-17T18:00:00+00:00,2026-02-18T16:00:00+00:00,2026-02-18T21:00:00+05:00,22,1,t2,0.1952,0.7643,0.9775,7.01,78.0,3.32,5.0,3.1,950.8,open-meteo/previous-runs (best_match + GFS/ICON/ECMWF),power_model_v1@2026-01-31,0.8665,-0.1022
2026-02-17,2026-02-17T18:00:00+00:00,2026-02-18T17:00:00+00:00,2026-02-18T22:00:00+05:00,23,1,t2,0.2232,0.7255,0.9854,6.05,89.0,3.09,5.4,2.7,950.2,open-meteo/previous-runs (best_match + GFS/ICON/ECMWF),power_model_v1@2026-01-31,0.7775,-0.052
2026-02-17,2026-02-17T18:00:00+00:00,2026-02-18T18:00:00+00:00,2026-02-18T23:00:00+05:00,24,1,t2,0.1872,0.8014,0.9675,5.92,85.0,2.85,5.9,2.5,949.8,open-meteo/previous-runs (best_match + GFS/ICON/ECMWF),power_model_v1@2026-01-31,0.7095,0.0919
2026-02-18,2026-02-18T18:00:00+00:00,2026-02-18T19:00:00+00:00,2026-02-19T00:00:00+05:00,1,1,t2,0.1779,0.6572,0.9661,6.17,79.0,2.92,6.6,2.5,949.8,open-meteo/previous-runs (best_match + GFS/ICON/ECMWF),power_model_v1@2026-01-31,0.6221,0.0351
2026-02-18,2026-02-18T18:00:00+00:00,2026-02-18T20:00:00+00:00,2026-02-19T01:00:00+05:00,2,1,t2,0.1147,0.7019,0.968,5.1,82.0,2.4,6.6,1.9,949.3,open-meteo/previous-runs (best_match + GFS/ICON/ECMWF),power_model_v1@2026-01-31,0.6471,0.0548
2026-02-18,2026-02-18T18:00:00+00:00,2026-02-18T21:00:00+00:00,2026-02-19T02:00:00+05:00,3,1,t2,0.132,0.6794,0.9697,5.12,86.0,2.69,6.7,2.0,949.1,open-meteo/previous-runs (best_match + GFS/ICON/ECMWF),power_model_v1@2026-01-31,0.5514,0.128
2026-02-18,2026-02-18T18:00:00+00:00,2026-02-18T22:00:00+00:00,2026-02-19T03:00:00+05:00,4,1,t2,0.1168,0.6339,0.964,4.97,85.0,2.72,7.1,2.3,948.8,open-meteo/previous-runs (best_match + GFS/ICON/ECMWF),power_model_v1@2026-01-31,0.5599,0.074
2026-02-18,2026-02-18T18:00:00+00:00,2026-02-18T23:00:00+00:00,2026-02-19T04:00:00+05:00,5,1,t2,0.0876,0.5261,0.9204,5.16,81.0,2.73,7.2,2.5,948.6,open-meteo/previous-runs (best_match + GFS/ICON/ECMWF),power_model_v1@2026-01-31,0.429,0.0971
2026-02-18,2026-02-18T18:00:00+00:00,2026-02-19T00:00:00+00:00,2026-02-19T05:00:00+05:00,6,1,t2,0.0573,0.4601,0.8856,4.36,85.0,2.27,5.9,1.8,948.3,open-meteo/previous-runs (best_match + GFS/ICON/ECMWF),power_model_v1@2026-01-31,0.5079,-0.0478
2026-02-18,2026-02-18T18:00:00+00:00,2026-02-19T01:00:00+00:00,2026-02-19T06:00:00+05:00,7,1,t2,0.0371,0.3816,0.8195,4.48,74.0,1.91,5.9,1.6,948.9,open-meteo/previous-runs (best_match + GFS/ICON/ECMWF),power_model_v1@2026-01-31,0.4719,-0.0903
2026-02-18,2026-02-18T18:00:00+00:00,2026-02-19T02:00:00+00:00,2026-02-19T07:00:00+05:00,8,1,t2,0.0275,0.3573,0.895,4.53,83.0,1.86,4.9,1.8,949.4,open-meteo/previous-runs (best_match + GFS/ICON/ECMWF),power_model_v1@2026-01-31,0.4963,-0.139
2026-02-18,2026-02-18T18:00:00+00:00,2026-02-19T03:00:00+00:00,2026-02-19T08:00:00+05:00,9,1,t2,0.0235,0.2499,0.768,4.5,91.0,2.21,4.0,4.6,950.4,open-meteo/previous-runs (best_match + GFS/ICON/ECMWF),power_model_v1@2026-01-31,0.4176,-0.1677
2026-02-18,2026-02-18T18:00:00+00:00,2026-02-19T04:00:00+00:00,2026-02-19T09:00:00+05:00,10,1,t2,0.0301,0.2376,0.7724,4.86,86.0,3.06,3.9,8.0,950.8,open-meteo/previous-runs (best_match + GFS/ICON/ECMWF),power_model_v1@2026-01-31,0.4844,-0.2468
2026-02-18,2026-02-18T18:00:00+00:00,2026-02-19T05:00:00+00:00,2026-02-19T10:00:00+05:00,11,1,t2,0.0539,0.2863,0.8652,5.42,78.0,3.31,5.8,10.0,951.3,open-meteo/previous-runs (best_match + GFS/ICON/ECMWF),power_model_v1@2026-01-31,0.4731,-0.1868
2026-02-18,2026-02-18T18:00:00+00:00,2026-02-19T06:00:00+00:00,2026-02-19T11:00:00+05:00,12,1,t2,0.0442,0.3392,0.8411,4.65,73.0,3.42,7.5,11.8,951.4,open-meteo/previous-runs (best_match + GFS/ICON/ECMWF),power_model_v1@2026-01-31,0.4705,-0.1313
2026-02-18,2026-02-18T18:00:00+00:00,2026-02-19T07:00:00+00:00,2026-02-19T12:00:00+05:00,13,1,t2,0.0462,0.4218,0.7776,4.91,68.0,3.76,7.8,13.3,950.9,open-meteo/previous-runs (best_match + GFS/ICON/ECMWF),power_model_v1@2026-01-31,0.4725,-0.0507
2026-02-18,2026-02-18T18:00:00+00:00,2026-02-19T08:00:00+00:00,2026-02-19T13:00:00+05:00,14,1,t2,0.0354,0.4236,0.7258,4.82,67.0,3.71,8.3,14.4,950.2,open-meteo/previous-runs (best_match + GFS/ICON/ECMWF),power_model_v1@2026-01-31,0.3943,0.0293
2026-02-18,2026-02-18T18:00:00+00:00,2026-02-19T09:00:00+00:00,2026-02-19T14:00:00+05:00,15,1,t2,0.0196,0.3501,0.6838,4.63,64.0,3.54,8.2,14.7,950.1,open-meteo/previous-runs (best_match + GFS/ICON/ECMWF),power_model_v1@2026-01-31,0.3604,-0.0103
2026-02-18,2026-02-18T18:00:00+00:00,2026-02-19T10:00:00+00:00,2026-02-19T15:00:00+05:00,16,1,t2,0.0199,0.2872,0.59,4.11,80.0,3.0,7.4,14.5,950.1,open-meteo/previous-runs (best_match + GFS/ICON/ECMWF),power_model_v1@2026-01-31,0.2991,-0.0119
2026-02-18,2026-02-18T18:00:00+00:00,2026-02-19T11:00:00+00:00,2026-02-19T16:00:00+05:00,17,1,t2,0.0074,0.2921,0.5588,2.58,112.0,1.3,6.7,13.8,950.0,open-meteo/previous-runs (best_match + GFS/ICON/ECMWF),power_model_v1@2026-01-31,0.2648,0.0273
2026-02-18,2026-02-18T18:00:00+00:00,2026-02-19T12:00:00+00:00,2026-02-19T17:00:00+05:00,18,1,t2,0.0093,0.2118,0.4355,3.37,108.0,1.71,5.5,9.9,948.7,open-meteo/previous-runs (best_match + GFS/ICON/ECMWF),power_model_v1@2026-01-31,0.2873,-0.0755
2026-02-18,2026-02-18T18:00:00+00:00,2026-02-19T13:00:00+00:00,2026-02-19T18:00:00+05:00,19,1,t2,0.0031,0.2077,0.3877,1.23,111.0,0.57,3.5,8.8,949.2,open-meteo/previous-runs (best_match + GFS/ICON/ECMWF),power_model_v1@2026-01-31,0.2652,-0.0575
2026-02-18,2026-02-18T18:00:00+00:00,2026-02-19T14:00:00+00:00,2026-02-19T19:00:00+05:00,20,1,t2,0.004,0.1181,0.3507,1.89,212.0,1.15,2.0,8.5,950.2,open-meteo/previous-runs (best_match + GFS/ICON/ECMWF),power_model_v1@2026-01-31,0.3267,-0.2086
2026-02-18,2026-02-18T18:00:00+00:00,2026-02-19T15:00:00+00:00,2026-02-19T20:00:00+05:00,21,1,t2,0.0039,0.1144,0.3449,4.72,238.0,2.67,2.0,10.0,951.0,open-meteo/previous-runs (best_match + GFS/ICON/ECMWF),power_model_v1@2026-01-31,0.189,-0.0746
2026-02-18,2026-02-18T18:00:00+00:00,2026-02-19T16:00:00+00:00,2026-02-19T21:00:00+05:00,22,1,t2,0.0028,0.1571,0.3922,5.25,256.0,2.51,2.5,9.3,951.6,open-meteo/previous-runs (best_match + GFS/ICON/ECMWF),power_model_v1@2026-01-31,0.1384,0.0187
2026-02-18,2026-02-18T18:00:00+00:00,2026-02-19T17:00:00+00:00,2026-02-19T22:00:00+05:00,23,1,t2,0.0041,0.2353,0.6431,7.01,250.0,3.33,4.3,8.8,952.6,open-meteo/previous-runs (best_match + GFS/ICON/ECMWF),power_model_v1@2026-01-31,0.1946,0.0407
2026-02-18,2026-02-18T18:00:00+00:00,2026-02-19T18:00:00+00:00,2026-02-19T23:00:00+05:00,24,1,t2,0.0178,0.4216,0.7989,6.15,260.0,2.44,4.5,8.3,953.1,open-meteo/previous-runs (best_match + GFS/ICON/ECMWF),power_model_v1@2026-01-31,0.239,0.1826
2026-02-19,2026-02-19T18:00:00+00:00,2026-02-19T19:00:00+00:00,2026-02-20T00:00:00+05:00,1,1,t2,0.0175,0.3581,0.8468,7.07,239.0,3.96,5.2,8.2,953.8,open-meteo/previous-runs (best_match + GFS/ICON/ECMWF),power_model_v1@2026-01-31,0.2554,0.1027
2026-02-19,2026-02-19T18:00:00+00:00,2026-02-19T20:00:00+00:00,2026-02-20T01:00:00+05:00,2,1,t2,0.0309,0.284,0.8172,7.44,240.0,4.3,5.3,8.3,954.2,open-meteo/previous-runs (best_match + GFS/ICON/ECMWF),power_model_v1@2026-01-31,0.2772,0.0068
2026-02-19,2026-02-19T18:00:00+00:00,2026-02-19T21:00:00+00:00,2026-02-20T02:00:00+05:00,3,1,t2,0.0196,0.4083,0.8491,7.45,243.0,4.1,5.5,8.1,954.6,open-meteo/previous-runs (best_match + GFS/ICON/ECMWF),power_model_v1@2026-01-31,0.3125,0.0958
2026-02-19,2026-02-19T18:00:00+00:00,2026-02-19T22:00:00+00:00,2026-02-20T03:00:00+05:00,4,1,t2,0.0189,0.4043,0.8564,6.96,245.0,3.73,5.4,7.8,954.7,open-meteo/previous-runs (best_match + GFS/ICON/ECMWF),power_model_v1@2026-01-31,0.4014,0.0029
2026-02-19,2026-02-19T18:00:00+00:00,2026-02-19T23:00:00+00:00,2026-02-20T04:00:00+05:00,5,1,t2,0.0087,0.3354,0.8147,7.34,242.0,4.13,5.2,7.5,955.4,open-meteo/previous-runs (best_match + GFS/ICON/ECMWF),power_model_v1@2026-01-31,0.4119,-0.0765
2026-02-19,2026-02-19T18:00:00+00:00,2026-02-20T00:00:00+00:00,2026-02-20T05:00:00+05:00,6,1,t2,0.0399,0.4404,0.8799,7.76,244.0,4.3,5.1,6.9,956.1,open-meteo/previous-runs (best_match + GFS/ICON/ECMWF),power_model_v1@2026-01-31,0.2539,0.1865
2026-02-19,2026-02-19T18:00:00+00:00,2026-02-20T01:00:00+00:00,2026-02-20T06:00:00+05:00,7,1,t2,0.0498,0.4834,0.9062,7.91,240.0,4.54,5.8,6.9,957.0,open-meteo/previous-runs (best_match + GFS/ICON/ECMWF),power_model_v1@2026-01-31,0.3453,0.1381
2026-02-19,2026-02-19T18:00:00+00:00,2026-02-20T02:00:00+00:00,2026-02-20T07:00:00+05:00,8,1,t2,0.0674,0.4753,0.9071,8.49,237.0,5.01,6.8,7.2,958.2,open-meteo/previous-runs (best_match + GFS/ICON/ECMWF),power_model_v1@2026-01-31,0.4226,0.0527
2026-02-19,2026-02-19T18:00:00+00:00,2026-02-20T03:00:00+00:00,2026-02-20T08:00:00+05:00,9,1,t2,0.0638,0.4474,0.9193,7.86,236.0,4.92,6.9,8.0,959.2,open-meteo/previous-runs (best_match + GFS/ICON/ECMWF),power_model_v1@2026-01-31,0.3538,0.0936
2026-02-19,2026-02-19T18:00:00+00:00,2026-02-20T04:00:00+00:00,2026-02-20T09:00:00+05:00,10,1,t2,0.0632,0.4639,0.8737,6.3,232.0,4.63,7.8,8.8,960.0,open-meteo/previous-runs (best_match + GFS/ICON/ECMWF),power_model_v1@2026-01-31,0.3436,0.1203
2026-02-19,2026-02-19T18:00:00+00:00,2026-02-20T05:00:00+00:00,2026-02-20T10:00:00+05:00,11,1,t2,0.0408,0.4237,0.7429,5.45,226.0,4.32,8.0,9.5,960.1,open-meteo/previous-runs (best_match + GFS/ICON/ECMWF),power_model_v1@2026-01-31,0.1986,0.2251
2026-02-19,2026-02-19T18:00:00+00:00,2026-02-20T06:00:00+00:00,2026-02-20T11:00:00+05:00,12,1,t2,0.0128,0.3285,0.748,5.35,249.0,4.17,9.0,11.8,959.7,open-meteo/previous-runs (best_match + GFS/ICON/ECMWF),power_model_v1@2026-01-31,0.166,0.1625
2026-02-19,2026-02-19T18:00:00+00:00,2026-02-20T07:00:00+00:00,2026-02-20T12:00:00+05:00,13,1,t2,0.0121,0.2737,0.6713,4.76,249.0,3.74,8.8,13.0,959.0,open-meteo/previous-runs (best_match + GFS/ICON/ECMWF),power_model_v1@2026-01-31,0.1498,0.1239
2026-02-19,2026-02-19T18:00:00+00:00,2026-02-20T08:00:00+00:00,2026-02-20T13:00:00+05:00,14,1,t2,0.0015,0.2642,0.5565,4.14,245.0,3.27,8.6,14.2,957.9,open-meteo/previous-runs (best_match + GFS/ICON/ECMWF),power_model_v1@2026-01-31,0.1116,0.1526
2026-02-19,2026-02-19T18:00:00+00:00,2026-02-20T09:00:00+00:00,2026-02-20T14:00:00+05:00,15,1,t2,0.0052,0.2183,0.4256,3.54,251.0,2.82,7.8,14.8,957.2,open-meteo/previous-runs (best_match + GFS/ICON/ECMWF),power_model_v1@2026-01-31,0.0771,0.1412
2026-02-19,2026-02-19T18:00:00+00:00,2026-02-20T10:00:00+00:00,2026-02-20T15:00:00+05:00,16,1,t2,0.0028,0.1645,0.3146,3.09,261.0,2.55,7.6,14.6,956.7,open-meteo/previous-runs (best_match + GFS/ICON/ECMWF),power_model_v1@2026-01-31,0.0511,0.1134
2026-02-19,2026-02-19T18:00:00+00:00,2026-02-20T11:00:00+00:00,2026-02-20T16:00:00+05:00,17,1,t2,0.0057,0.1108,0.242,2.4,282.0,2.1,7.4,13.3,956.6,open-meteo/previous-runs (best_match + GFS/ICON/ECMWF),power_model_v1@2026-01-31,0.1033,0.0075
2026-02-19,2026-02-19T18:00:00+00:00,2026-02-20T12:00:00+00:00,2026-02-20T17:00:00+05:00,18,1,t2,0.0062,0.0687,0.1542,2.36,306.0,1.46,6.3,9.9,955.2,open-meteo/previous-runs (best_match + GFS/ICON/ECMWF),power_model_v1@2026-01-31,0.1571,-0.0884
2026-02-19,2026-02-19T18:00:00+00:00,2026-02-20T13:00:00+00:00,2026-02-20T18:00:00+05:00,19,1,t2,0.0057,0.0797,0.1508,1.04,343.0,0.38,4.7,7.6,955.2,open-meteo/previous-runs (best_match + GFS/ICON/ECMWF),power_model_v1@2026-01-31,0.2735,-0.1938
2026-02-19,2026-02-19T18:00:00+00:00,2026-02-20T14:00:00+00:00,2026-02-20T19:00:00+05:00,20,1,t2,0.0,0.2486,0.4559,3.57,59.0,1.95,2.8,6.7,955.3,open-meteo/previous-runs (best_match + GFS/ICON/ECMWF),power_model_v1@2026-01-31,0.5473,-0.2987
2026-02-19,2026-02-19T18:00:00+00:00,2026-02-20T15:00:00+00:00,2026-02-20T20:00:00+05:00,21,1,t2,0.0,0.3275,0.7354,6.58,58.0,2.31,2.1,6.7,954.8,open-meteo/previous-runs (best_match + GFS/ICON/ECMWF),power_model_v1@2026-01-31,0.6262,-0.2987
2026-02-19,2026-02-19T18:00:00+00:00,2026-02-20T16:00:00+00:00,2026-02-20T21:00:00+05:00,22,1,t2,0.0,0.4626,0.9414,7.27,61.0,3.09,1.4,6.7,954.4,open-meteo/previous-runs (best_match + GFS/ICON/ECMWF),power_model_v1@2026-01-31,0.6096,-0.147
2026-02-19,2026-02-19T18:00:00+00:00,2026-02-20T17:00:00+00:00,2026-02-20T22:00:00+05:00,23,1,t2,0.0022,0.4435,0.9623,8.05,63.0,3.88,1.1,5.5,953.7,open-meteo/previous-runs (best_match + GFS/ICON/ECMWF),power_model_v1@2026-01-31,0.686,-0.2425
2026-02-19,2026-02-19T18:00:00+00:00,2026-02-20T18:00:00+00:00,2026-02-20T23:00:00+05:00,24,1,t2,0.2088,0.5022,0.8979,8.31,66.0,4.34,3.0,4.5,952.8,open-meteo/previous-runs (best_match + GFS/ICON/ECMWF),power_model_v1@2026-01-31,0.5256,-0.0234
2026-02-20,2026-02-20T18:00:00+00:00,2026-02-20T19:00:00+00:00,2026-02-21T00:00:00+05:00,1,1,t2,0.1991,0.4561,0.8842,7.99,71.0,4.11,3.1,3.9,952.3,open-meteo/previous-runs (best_match + GFS/ICON/ECMWF),power_model_v1@2026-01-31,0.684,-0.2279
2026-02-20,2026-02-20T18:00:00+00:00,2026-02-20T20:00:00+00:00,2026-02-21T01:00:00+05:00,2,1,t2,0.1881,0.5686,0.8863,7.53,77.0,3.97,3.6,4.0,951.9,open-meteo/previous-runs (best_match + GFS/ICON/ECMWF),power_model_v1@2026-01-31,0.6674,-0.0988
2026-02-20,2026-02-20T18:00:00+00:00,2026-02-20T21:00:00+00:00,2026-02-21T02:00:00+05:00,3,1,t2,0.1422,0.5348,0.8749,7.3,79.0,3.77,3.4,4.2,951.8,open-meteo/previous-runs (best_match + GFS/ICON/ECMWF),power_model_v1@2026-01-31,0.6637,-0.1289
2026-02-20,2026-02-20T18:00:00+00:00,2026-02-20T22:00:00+00:00,2026-02-21T03:00:00+05:00,4,1,t2,0.1131,0.4658,0.8637,6.85,74.0,3.5,3.3,4.2,951.3,open-meteo/previous-runs (best_match + GFS/ICON/ECMWF),power_model_v1@2026-01-31,0.54,-0.0742
2026-02-20,2026-02-20T18:00:00+00:00,2026-02-20T23:00:00+00:00,2026-02-21T04:00:00+05:00,5,1,t2,0.1112,0.434,0.8962,6.36,72.0,3.08,3.8,4.0,951.1,open-meteo/previous-runs (best_match + GFS/ICON/ECMWF),power_model_v1@2026-01-31,0.4248,0.0092
2026-02-20,2026-02-20T18:00:00+00:00,2026-02-21T00:00:00+00:00,2026-02-21T05:00:00+05:00,6,1,t2,0.0829,0.423,0.9368,5.81,75.0,2.82,4.5,3.8,951.3,open-meteo/previous-runs (best_match + GFS/ICON/ECMWF),power_model_v1@2026-01-31,0.4483,-0.0253
2026-02-20,2026-02-20T18:00:00+00:00,2026-02-21T01:00:00+00:00,2026-02-21T06:00:00+05:00,7,1,t2,0.0812,0.4383,0.9184,4.94,74.0,2.3,4.4,3.2,951.4,open-meteo/previous-runs (best_match + GFS/ICON/ECMWF),power_model_v1@2026-01-31,0.4039,0.0344
2026-02-20,2026-02-20T18:00:00+00:00,2026-02-21T02:00:00+00:00,2026-02-21T07:00:00+05:00,8,1,t2,0.0827,0.4634,0.9158,4.62,84.0,2.3,4.2,3.3,951.2,open-meteo/previous-runs (best_match + GFS/ICON/ECMWF),power_model_v1@2026-01-31,0.3327,0.1307
2026-02-20,2026-02-20T18:00:00+00:00,2026-02-21T03:00:00+00:00,2026-02-21T08:00:00+05:00,9,1,t2,0.0654,0.31,0.8511,4.51,75.0,2.59,4.9,4.7,951.9,open-meteo/previous-runs (best_match + GFS/ICON/ECMWF),power_model_v1@2026-01-31,0.2735,0.0365
2026-02-20,2026-02-20T18:00:00+00:00,2026-02-21T04:00:00+00:00,2026-02-21T09:00:00+05:00,10,1,t2,0.0018,0.1853,0.5911,0.76,349.0,1.14,5.0,5.7,954.3,open-meteo/previous-runs (best_match + GFS/ICON/ECMWF),power_model_v1@2026-01-31,0.2265,-0.0412
2026-02-20,2026-02-20T18:00:00+00:00,2026-02-21T05:00:00+00:00,2026-02-21T10:00:00+05:00,11,1,t2,0.0033,0.1431,0.5129,5.76,236.0,4.17,5.2,8.2,957.4,open-meteo/previous-runs (best_match + GFS/ICON/ECMWF),power_model_v1@2026-01-31,0.1771,-0.034
2026-02-20,2026-02-20T18:00:00+00:00,2026-02-21T06:00:00+00:00,2026-02-21T11:00:00+05:00,12,1,t2,0.0605,0.5533,0.9835,11.25,270.0,7.06,14.6,8.2,958.5,open-meteo/previous-runs (best_match + GFS/ICON/ECMWF),power_model_v1@2026-01-31,0.5103,0.043
2026-02-20,2026-02-20T18:00:00+00:00,2026-02-21T07:00:00+00:00,2026-02-21T12:00:00+05:00,13,1,t2,0.5988,0.9207,0.9716,11.51,268.0,7.1,15.0,7.8,959.6,open-meteo/previous-runs (best_match + GFS/ICON/ECMWF),power_model_v1@2026-01-31,0.6975,0.2232
2026-02-20,2026-02-20T18:00:00+00:00,2026-02-21T08:00:00+00:00,2026-02-21T13:00:00+05:00,14,1,t2,0.7375,0.9473,0.9713,13.05,270.0,8.3,14.9,7.2,960.5,open-meteo/previous-runs (best_match + GFS/ICON/ECMWF),power_model_v1@2026-01-31,0.769,0.1783
2026-02-20,2026-02-20T18:00:00+00:00,2026-02-21T09:00:00+00:00,2026-02-21T14:00:00+05:00,15,1,t2,0.6626,0.9232,0.9747,12.36,272.0,8.4,17.2,7.4,961.4,open-meteo/previous-runs (best_match + GFS/ICON/ECMWF),power_model_v1@2026-01-31,0.7013,0.2219
2026-02-20,2026-02-20T18:00:00+00:00,2026-02-21T10:00:00+00:00,2026-02-21T15:00:00+05:00,16,1,t2,0.4529,0.8654,0.976,9.35,271.0,6.7,16.1,7.3,961.9,open-meteo/previous-runs (best_match + GFS/ICON/ECMWF),power_model_v1@2026-01-31,0.604,0.2614
2026-02-20,2026-02-20T18:00:00+00:00,2026-02-21T11:00:00+00:00,2026-02-21T16:00:00+05:00,17,1,t2,0.2924,0.746,0.9784,7.45,272.0,5.01,14.0,7.2,962.0,open-meteo/previous-runs (best_match + GFS/ICON/ECMWF),power_model_v1@2026-01-31,0.4789,0.2671
2026-02-20,2026-02-20T18:00:00+00:00,2026-02-21T12:00:00+00:00,2026-02-21T17:00:00+05:00,18,1,t2,0.1791,0.7076,0.9417,6.35,268.0,3.66,14.3,5.8,962.5,open-meteo/previous-runs (best_match + GFS/ICON/ECMWF),power_model_v1@2026-01-31,0.3977,0.3099
2026-02-20,2026-02-20T18:00:00+00:00,2026-02-21T13:00:00+00:00,2026-02-21T18:00:00+05:00,19,1,t2,0.0658,0.503,0.8876,4.89,254.0,1.99,11.5,5.4,962.4,open-meteo/previous-runs (best_match + GFS/ICON/ECMWF),power_model_v1@2026-01-31,0.3967,0.1063
2026-02-20,2026-02-20T18:00:00+00:00,2026-02-21T14:00:00+00:00,2026-02-21T19:00:00+05:00,20,1,t2,0.0277,0.4462,0.8666,5.85,255.0,2.66,8.1,5.4,962.3,open-meteo/previous-runs (best_match + GFS/ICON/ECMWF),power_model_v1@2026-01-31,0.37,0.0762
2026-02-20,2026-02-20T18:00:00+00:00,2026-02-21T15:00:00+00:00,2026-02-21T20:00:00+05:00,21,1,t2,0.0035,0.3097,0.7744,7.6,257.0,3.67,5.6,5.0,962.2,open-meteo/previous-runs (best_match + GFS/ICON/ECMWF),power_model_v1@2026-01-31,0.5224,-0.2127
2026-02-20,2026-02-20T18:00:00+00:00,2026-02-21T16:00:00+00:00,2026-02-21T21:00:00+05:00,22,1,t2,0.0164,0.2725,0.7317,7.88,260.0,4.05,4.6,4.9,962.1,open-meteo/previous-runs (best_match + GFS/ICON/ECMWF),power_model_v1@2026-01-31,0.6945,-0.422
2026-02-20,2026-02-20T18:00:00+00:00,2026-02-21T17:00:00+00:00,2026-02-21T22:00:00+05:00,23,1,t2,0.0055,0.2156,0.7156,7.91,252.0,4.02,4.4,4.6,962.0,open-meteo/previous-runs (best_match + GFS/ICON/ECMWF),power_model_v1@2026-01-31,0.7092,-0.4936
2026-02-20,2026-02-20T18:00:00+00:00,2026-02-21T18:00:00+00:00,2026-02-21T23:00:00+05:00,24,1,t2,0.0066,0.2403,0.5536,5.03,245.0,2.17,3.3,3.2,961.5,open-meteo/previous-runs (best_match + GFS/ICON/ECMWF),power_model_v1@2026-01-31,0.719,-0.4787
2026-02-21,2026-02-21T18:00:00+00:00,2026-02-21T19:00:00+00:00,2026-02-22T00:00:00+05:00,1,1,t2,0.001,0.1815,0.369,4.46,240.0,1.9,3.1,2.4,961.2,open-meteo/previous-runs (best_match + GFS/ICON/ECMWF),power_model_v1@2026-01-31,0.6409,-0.4594
2026-02-21,2026-02-21T18:00:00+00:00,2026-02-21T20:00:00+00:00,2026-02-22T01:00:00+05:00,2,1,t2,0.0019,0.1583,0.2916,4.56,238.0,1.87,3.1,1.7,960.5,open-meteo/previous-runs (best_match + GFS/ICON/ECMWF),power_model_v1@2026-01-31,0.6788,-0.5205
2026-02-21,2026-02-21T18:00:00+00:00,2026-02-21T21:00:00+00:00,2026-02-22T02:00:00+05:00,3,1,t2,0.0059,0.0747,0.2106,3.52,238.0,1.48,3.1,0.3,959.8,open-meteo/previous-runs (best_match + GFS/ICON/ECMWF),power_model_v1@2026-01-31,0.4773,-0.4026
2026-02-21,2026-02-21T18:00:00+00:00,2026-02-21T22:00:00+00:00,2026-02-22T03:00:00+05:00,4,1,t2,0.0076,0.0428,0.1954,1.98,221.0,0.95,3.1,-0.6,958.8,open-meteo/previous-runs (best_match + GFS/ICON/ECMWF),power_model_v1@2026-01-31,0.2387,-0.1959
2026-02-21,2026-02-21T18:00:00+00:00,2026-02-21T23:00:00+00:00,2026-02-22T04:00:00+05:00,5,1,t2,0.008,0.0246,0.0774,0.83,295.0,0.15,2.5,-1.3,958.3,open-meteo/previous-runs (best_match + GFS/ICON/ECMWF),power_model_v1@2026-01-31,0.0891,-0.0645
2026-02-21,2026-02-21T18:00:00+00:00,2026-02-22T00:00:00+00:00,2026-02-22T05:00:00+05:00,6,1,t2,0.0079,0.0316,0.0646,0.5,53.0,0.49,1.4,-0.9,958.4,open-meteo/previous-runs (best_match + GFS/ICON/ECMWF),power_model_v1@2026-01-31,0.0369,-0.0053
2026-02-21,2026-02-21T18:00:00+00:00,2026-02-22T01:00:00+00:00,2026-02-22T06:00:00+05:00,7,1,t2,0.0074,0.0365,0.108,2.15,72.0,1.39,1.8,-1.3,957.8,open-meteo/previous-runs (best_match + GFS/ICON/ECMWF),power_model_v1@2026-01-31,0.0384,-0.0019
2026-02-21,2026-02-21T18:00:00+00:00,2026-02-22T02:00:00+00:00,2026-02-22T07:00:00+05:00,8,1,t2,0.0044,0.0995,0.4238,3.39,74.0,1.53,1.9,-0.9,956.9,open-meteo/previous-runs (best_match + GFS/ICON/ECMWF),power_model_v1@2026-01-31,0.0282,0.0713
2026-02-21,2026-02-21T18:00:00+00:00,2026-02-22T03:00:00+00:00,2026-02-22T08:00:00+05:00,9,1,t2,0.0,0.1132,0.7117,5.57,64.0,2.82,2.2,1.8,957.2,open-meteo/previous-runs (best_match + GFS/ICON/ECMWF),power_model_v1@2026-01-31,0.05,0.0632
2026-02-21,2026-02-21T18:00:00+00:00,2026-02-22T04:00:00+00:00,2026-02-22T09:00:00+05:00,10,1,t2,0.0,0.1994,0.8508,5.82,60.0,3.79,3.9,3.6,957.1,open-meteo/previous-runs (best_match + GFS/ICON/ECMWF),power_model_v1@2026-01-31,0.06,0.1394
2026-02-21,2026-02-21T18:00:00+00:00,2026-02-22T05:00:00+00:00,2026-02-22T10:00:00+05:00,11,1,t2,0.0425,0.441,0.9702,7.27,54.0,5.18,5.8,5.2,956.1,open-meteo/previous-runs (best_match + GFS/ICON/ECMWF),power_model_v1@2026-01-31,0.1153,0.3257
2026-02-21,2026-02-21T18:00:00+00:00,2026-02-22T06:00:00+00:00,2026-02-22T11:00:00+05:00,12,1,t2,0.4131,0.753,0.9831,8.18,51.0,6.09,12.7,6.9,955.4,open-meteo/previous-runs (best_match + GFS/ICON/ECMWF),power_model_v1@2026-01-31,0.3241,0.4289
2026-02-21,2026-02-21T18:00:00+00:00,2026-02-22T07:00:00+00:00,2026-02-22T12:00:00+05:00,13,1,t2,0.6163,0.8715,0.9768,9.25,52.0,6.94,14.2,8.6,954.3,open-meteo/previous-runs (best_match + GFS/ICON/ECMWF),power_model_v1@2026-01-31,0.4221,0.4494
2026-02-21,2026-02-21T18:00:00+00:00,2026-02-22T08:00:00+00:00,2026-02-22T13:00:00+05:00,14,1,t2,0.6405,0.8902,0.9755,9.18,55.0,6.86,14.2,9.6,952.9,open-meteo/previous-runs (best_match + GFS/ICON/ECMWF),power_model_v1@2026-01-31,0.6927,0.1975
2026-02-21,2026-02-21T18:00:00+00:00,2026-02-22T09:00:00+00:00,2026-02-22T14:00:00+05:00,15,1,t2,0.5578,0.8858,0.9736,8.45,55.0,6.33,13.9,10.0,952.1,open-meteo/previous-runs (best_match + GFS/ICON/ECMWF),power_model_v1@2026-01-31,0.7738,0.112
2026-02-21,2026-02-21T18:00:00+00:00,2026-02-22T10:00:00+00:00,2026-02-22T15:00:00+05:00,16,1,t2,0.4842,0.831,0.9783,8.05,54.0,5.96,13.0,9.9,951.5,open-meteo/previous-runs (best_match + GFS/ICON/ECMWF),power_model_v1@2026-01-31,0.8095,0.0215
2026-02-21,2026-02-21T18:00:00+00:00,2026-02-22T11:00:00+00:00,2026-02-22T16:00:00+05:00,17,1,t2,0.4104,0.8284,0.9798,7.68,53.0,5.4,11.6,9.3,951.2,open-meteo/previous-runs (best_match + GFS/ICON/ECMWF),power_model_v1@2026-01-31,0.8155,0.0129
2026-02-21,2026-02-21T18:00:00+00:00,2026-02-22T12:00:00+00:00,2026-02-22T17:00:00+05:00,18,1,t2,0.3073,0.7737,0.9887,7.54,57.0,4.08,9.3,7.7,950.7,open-meteo/previous-runs (best_match + GFS/ICON/ECMWF),power_model_v1@2026-01-31,0.8182,-0.0445
2026-02-21,2026-02-21T18:00:00+00:00,2026-02-22T13:00:00+00:00,2026-02-22T18:00:00+05:00,19,1,t2,0.1508,0.758,0.9773,6.04,68.0,2.51,6.4,5.1,950.4,open-meteo/previous-runs (best_match + GFS/ICON/ECMWF),power_model_v1@2026-01-31,0.86,-0.102
2026-02-21,2026-02-21T18:00:00+00:00,2026-02-22T14:00:00+00:00,2026-02-22T19:00:00+05:00,20,1,t2,0.02,0.6175,0.9596,4.16,80.0,1.81,4.4,2.7,949.8,open-meteo/previous-runs (best_match + GFS/ICON/ECMWF),power_model_v1@2026-01-31,0.7399,-0.1224
2026-02-21,2026-02-21T18:00:00+00:00,2026-02-22T15:00:00+00:00,2026-02-22T20:00:00+05:00,21,1,t2,0.0,0.3917,0.6681,3.31,87.0,1.84,3.0,1.0,949.3,open-meteo/previous-runs (best_match + GFS/ICON/ECMWF),power_model_v1@2026-01-31,0.5201,-0.1284
2026-02-21,2026-02-21T18:00:00+00:00,2026-02-22T16:00:00+00:00,2026-02-22T21:00:00+05:00,22,1,t2,0.0,0.2415,0.4032,2.2,90.0,1.66,2.5,0.6,949.3,open-meteo/previous-runs (best_match + GFS/ICON/ECMWF),power_model_v1@2026-01-31,0.3749,-0.1334
2026-02-21,2026-02-21T18:00:00+00:00,2026-02-22T17:00:00+00:00,2026-02-22T22:00:00+05:00,23,1,t2,0.0002,0.2024,0.3463,1.76,95.0,1.66,2.4,0.9,949.7,open-meteo/previous-runs (best_match + GFS/ICON/ECMWF),power_model_v1@2026-01-31,0.3907,-0.1883
2026-02-21,2026-02-21T18:00:00+00:00,2026-02-22T18:00:00+00:00,2026-02-22T23:00:00+05:00,24,1,t2,0.0018,0.1712,0.2766,1.96,109.0,1.33,2.4,0.4,949.6,open-meteo/previous-runs (best_match + GFS/ICON/ECMWF),power_model_v1@2026-01-31,0.4646,-0.2934
2026-02-22,2026-02-22T18:00:00+00:00,2026-02-22T19:00:00+00:00,2026-02-23T00:00:00+05:00,1,1,t2,0.0028,0.146,0.2981,2.03,142.0,1.7,2.7,0.0,949.0,open-meteo/previous-runs (best_match + GFS/ICON/ECMWF),power_model_v1@2026-01-31,0.339,-0.193
2026-02-22,2026-02-22T18:00:00+00:00,2026-02-22T20:00:00+00:00,2026-02-23T01:00:00+05:00,2,1,t2,0.0035,0.1293,0.2341,1.57,143.0,1.52,2.5,0.4,948.4,open-meteo/previous-runs (best_match + GFS/ICON/ECMWF),power_model_v1@2026-01-31,0.2777,-0.1484
2026-02-22,2026-02-22T18:00:00+00:00,2026-02-22T21:00:00+00:00,2026-02-23T02:00:00+05:00,3,1,t2,0.0029,0.1429,0.1917,1.45,86.0,0.93,2.1,1.4,948.2,open-meteo/previous-runs (best_match + GFS/ICON/ECMWF),power_model_v1@2026-01-31,0.1729,-0.03
2026-02-22,2026-02-22T18:00:00+00:00,2026-02-22T22:00:00+00:00,2026-02-23T03:00:00+05:00,4,1,t2,0.0036,0.1247,0.1504,2.01,94.0,0.81,1.5,2.3,947.8,open-meteo/previous-runs (best_match + GFS/ICON/ECMWF),power_model_v1@2026-01-31,0.1763,-0.0516
2026-02-22,2026-02-22T18:00:00+00:00,2026-02-22T23:00:00+00:00,2026-02-23T04:00:00+05:00,5,1,t2,0.0045,0.1162,0.2162,1.25,127.0,0.57,2.5,2.9,947.9,open-meteo/previous-runs (best_match + GFS/ICON/ECMWF),power_model_v1@2026-01-31,0.0713,0.0449
2026-02-22,2026-02-22T18:00:00+00:00,2026-02-23T00:00:00+00:00,2026-02-23T05:00:00+05:00,6,1,t2,0.006,0.0787,0.2131,1.0,174.0,0.35,2.6,3.0,948.2,open-meteo/previous-runs (best_match + GFS/ICON/ECMWF),power_model_v1@2026-01-31,0.1004,-0.0217
2026-02-22,2026-02-22T18:00:00+00:00,2026-02-23T01:00:00+00:00,2026-02-23T06:00:00+05:00,7,1,t2,0.004,0.1144,0.2096,2.23,230.0,1.01,2.7,2.4,948.3,open-meteo/previous-runs (best_match + GFS/ICON/ECMWF),power_model_v1@2026-01-31,0.1327,-0.0183
2026-02-22,2026-02-22T18:00:00+00:00,2026-02-23T02:00:00+00:00,2026-02-23T07:00:00+05:00,8,1,t2,0.0042,0.1033,0.2154,3.89,250.0,1.85,2.8,1.8,948.7,open-meteo/previous-runs (best_match + GFS/ICON/ECMWF),power_model_v1@2026-01-31,0.1031,0.0002
2026-02-22,2026-02-22T18:00:00+00:00,2026-02-23T03:00:00+00:00,2026-02-23T08:00:00+05:00,9,1,t2,0.0053,0.0739,0.2858,4.28,247.0,2.44,3.1,3.7,949.9,open-meteo/previous-runs (best_match + GFS/ICON/ECMWF),power_model_v1@2026-01-31,0.0787,-0.0048
2026-02-22,2026-02-22T18:00:00+00:00,2026-02-23T04:00:00+00:00,2026-02-23T09:00:00+05:00,10,1,t2,0.0038,0.1085,0.2676,4.06,251.0,2.28,3.8,6.5,950.8,open-meteo/previous-runs (best_match + GFS/ICON/ECMWF),power_model_v1@2026-01-31,0.0971,0.0114
2026-02-22,2026-02-22T18:00:00+00:00,2026-02-23T05:00:00+00:00,2026-02-23T10:00:00+05:00,11,1,t2,0.0005,0.1934,0.3195,4.03,263.0,2.91,6.3,8.1,950.9,open-meteo/previous-runs (best_match + GFS/ICON/ECMWF),power_model_v1@2026-01-31,0.19,0.0034
2026-02-22,2026-02-22T18:00:00+00:00,2026-02-23T06:00:00+00:00,2026-02-23T11:00:00+05:00,12,1,t2,0.0003,0.2048,0.3534,4.6,271.0,3.5,4.5,9.0,950.9,open-meteo/previous-runs (best_match + GFS/ICON/ECMWF),power_model_v1@2026-01-31,0.2347,-0.0299
2026-02-22,2026-02-22T18:00:00+00:00,2026-02-23T07:00:00+00:00,2026-02-23T12:00:00+05:00,13,1,t2,0.002,0.2369,0.4651,4.35,283.0,3.47,7.1,9.3,950.9,open-meteo/previous-runs (best_match + GFS/ICON/ECMWF),power_model_v1@2026-01-31,0.2828,-0.0459
2026-02-22,2026-02-22T18:00:00+00:00,2026-02-23T08:00:00+00:00,2026-02-23T13:00:00+05:00,14,1,t2,0.0137,0.3885,0.7285,5.08,291.0,4.04,10.0,8.9,950.6,open-meteo/previous-runs (best_match + GFS/ICON/ECMWF),power_model_v1@2026-01-31,0.4338,-0.0453
2026-02-22,2026-02-22T18:00:00+00:00,2026-02-23T09:00:00+00:00,2026-02-23T14:00:00+05:00,15,1,t2,0.0819,0.5086,0.8829,6.45,284.0,4.79,10.8,7.7,950.9,open-meteo/previous-runs (best_match + GFS/ICON/ECMWF),power_model_v1@2026-01-31,0.4134,0.0952
2026-02-22,2026-02-22T18:00:00+00:00,2026-02-23T10:00:00+00:00,2026-02-23T15:00:00+05:00,16,1,t2,0.1007,0.5517,0.864,6.6,269.0,4.8,10.7,7.4,951.4,open-meteo/previous-runs (best_match + GFS/ICON/ECMWF),power_model_v1@2026-01-31,0.4738,0.0779
2026-02-22,2026-02-22T18:00:00+00:00,2026-02-23T11:00:00+00:00,2026-02-23T16:00:00+05:00,17,1,t2,0.099,0.5979,0.9202,8.5,268.0,5.77,11.0,6.4,952.1,open-meteo/previous-runs (best_match + GFS/ICON/ECMWF),power_model_v1@2026-01-31,0.5144,0.0835
2026-02-22,2026-02-22T18:00:00+00:00,2026-02-23T12:00:00+00:00,2026-02-23T17:00:00+05:00,18,1,t2,0.2392,0.6822,0.9487,8.31,268.0,5.33,10.9,5.5,952.8,open-meteo/previous-runs (best_match + GFS/ICON/ECMWF),power_model_v1@2026-01-31,0.6808,0.0014
2026-02-22,2026-02-22T18:00:00+00:00,2026-02-23T13:00:00+00:00,2026-02-23T18:00:00+05:00,19,1,t2,0.3251,0.7003,0.9595,8.87,263.0,5.64,11.0,4.7,953.6,open-meteo/previous-runs (best_match + GFS/ICON/ECMWF),power_model_v1@2026-01-31,0.714,-0.0137
2026-02-22,2026-02-22T18:00:00+00:00,2026-02-23T14:00:00+00:00,2026-02-23T19:00:00+05:00,20,1,t2,0.3894,0.7166,0.988,9.6,258.0,6.25,11.4,3.7,954.4,open-meteo/previous-runs (best_match + GFS/ICON/ECMWF),power_model_v1@2026-01-31,0.6883,0.0283
2026-02-22,2026-02-22T18:00:00+00:00,2026-02-23T15:00:00+00:00,2026-02-23T20:00:00+05:00,21,1,t2,0.3419,0.6653,0.995,10.14,260.0,6.73,11.2,2.6,955.2,open-meteo/previous-runs (best_match + GFS/ICON/ECMWF),power_model_v1@2026-01-31,0.7858,-0.1205
2026-02-22,2026-02-22T18:00:00+00:00,2026-02-23T16:00:00+00:00,2026-02-23T21:00:00+05:00,22,1,t2,0.2968,0.67,0.9661,10.59,258.0,7.04,10.1,1.2,956.0,open-meteo/previous-runs (best_match + GFS/ICON/ECMWF),power_model_v1@2026-01-31,0.7895,-0.1195
2026-02-22,2026-02-22T18:00:00+00:00,2026-02-23T17:00:00+00:00,2026-02-23T22:00:00+05:00,23,1,t2,0.5935,0.7994,0.9717,11.21,254.0,7.62,10.1,0.2,957.0,open-meteo/previous-runs (best_match + GFS/ICON/ECMWF),power_model_v1@2026-01-31,0.849,-0.0496
2026-02-22,2026-02-22T18:00:00+00:00,2026-02-23T18:00:00+00:00,2026-02-23T23:00:00+05:00,24,1,t2,0.6265,0.8723,0.9807,10.38,249.0,6.84,11.3,-0.3,956.7,open-meteo/previous-runs (best_match + GFS/ICON/ECMWF),power_model_v1@2026-01-31,0.8884,-0.0161
2026-02-23,2026-02-23T18:00:00+00:00,2026-02-23T19:00:00+00:00,2026-02-24T00:00:00+05:00,1,1,t2,0.6708,0.9031,0.9793,9.95,244.0,6.75,13.5,-1.3,956.9,open-meteo/previous-runs (best_match + GFS/ICON/ECMWF),power_model_v1@2026-01-31,0.9443,-0.0412
2026-02-23,2026-02-23T18:00:00+00:00,2026-02-23T20:00:00+00:00,2026-02-24T01:00:00+05:00,2,1,t2,0.4806,0.8942,0.9777,9.1,236.0,6.1,14.6,-2.0,956.9,open-meteo/previous-runs (best_match + GFS/ICON/ECMWF),power_model_v1@2026-01-31,0.9086,-0.0144
2026-02-23,2026-02-23T18:00:00+00:00,2026-02-23T21:00:00+00:00,2026-02-24T02:00:00+05:00,3,1,t2,0.3953,0.8596,0.9911,8.43,233.0,5.66,15.1,-2.4,956.8,open-meteo/previous-runs (best_match + GFS/ICON/ECMWF),power_model_v1@2026-01-31,0.8468,0.0128
2026-02-23,2026-02-23T18:00:00+00:00,2026-02-23T22:00:00+00:00,2026-02-24T03:00:00+05:00,4,1,t2,0.3379,0.8333,0.9955,8.03,235.0,5.39,15.1,-2.6,956.6,open-meteo/previous-runs (best_match + GFS/ICON/ECMWF),power_model_v1@2026-01-31,0.8313,0.002
2026-02-23,2026-02-23T18:00:00+00:00,2026-02-23T23:00:00+00:00,2026-02-24T04:00:00+05:00,5,1,t2,0.2844,0.7259,0.9852,7.89,233.0,5.42,14.6,-2.8,956.5,open-meteo/previous-runs (best_match + GFS/ICON/ECMWF),power_model_v1@2026-01-31,0.7755,-0.0496
2026-02-23,2026-02-23T18:00:00+00:00,2026-02-24T00:00:00+00:00,2026-02-24T05:00:00+05:00,6,1,t2,0.2236,0.5967,0.9919,7.04,231.0,4.71,11.1,-3.0,956.4,open-meteo/previous-runs (best_match + GFS/ICON/ECMWF),power_model_v1@2026-01-31,0.8212,-0.2245
2026-02-23,2026-02-23T18:00:00+00:00,2026-02-24T01:00:00+00:00,2026-02-24T06:00:00+05:00,7,1,t2,0.2209,0.5671,0.983,7.13,229.0,4.32,10.3,-2.9,956.6,open-meteo/previous-runs (best_match + GFS/ICON/ECMWF),power_model_v1@2026-01-31,0.7589,-0.1918
2026-02-23,2026-02-23T18:00:00+00:00,2026-02-24T02:00:00+00:00,2026-02-24T07:00:00+05:00,8,1,t2,0.1571,0.5041,0.9625,6.99,235.0,4.22,10.0,-2.8,956.7,open-meteo/previous-runs (best_match + GFS/ICON/ECMWF),power_model_v1@2026-01-31,0.6727,-0.1686
2026-02-23,2026-02-23T18:00:00+00:00,2026-02-24T03:00:00+00:00,2026-02-24T08:00:00+05:00,9,1,t2,0.0768,0.4377,0.9495,6.66,237.0,4.65,9.4,-2.4,957.2,open-meteo/previous-runs (best_match + GFS/ICON/ECMWF),power_model_v1@2026-01-31,0.5268,-0.0891
2026-02-23,2026-02-23T18:00:00+00:00,2026-02-24T04:00:00+00:00,2026-02-24T09:00:00+05:00,10,1,t2,0.0844,0.4091,0.9427,6.6,242.0,4.79,10.0,-1.8,957.5,open-meteo/previous-runs (best_match + GFS/ICON/ECMWF),power_model_v1@2026-01-31,0.4578,-0.0487
2026-02-23,2026-02-23T18:00:00+00:00,2026-02-24T05:00:00+00:00,2026-02-24T10:00:00+05:00,11,1,t2,0.0827,0.3821,0.8869,6.74,249.0,4.97,10.8,-0.9,957.6,open-meteo/previous-runs (best_match + GFS/ICON/ECMWF),power_model_v1@2026-01-31,0.4232,-0.0411
2026-02-23,2026-02-23T18:00:00+00:00,2026-02-24T06:00:00+00:00,2026-02-24T11:00:00+05:00,12,1,t2,0.0887,0.3898,0.8478,5.85,255.0,4.44,12.3,-0.3,957.6,open-meteo/previous-runs (best_match + GFS/ICON/ECMWF),power_model_v1@2026-01-31,0.448,-0.0582
2026-02-23,2026-02-23T18:00:00+00:00,2026-02-24T07:00:00+00:00,2026-02-24T12:00:00+05:00,13,1,t2,0.0957,0.3822,0.8364,6.15,255.0,4.64,12.9,-0.1,957.8,open-meteo/previous-runs (best_match + GFS/ICON/ECMWF),power_model_v1@2026-01-31,0.4365,-0.0543
2026-02-23,2026-02-23T18:00:00+00:00,2026-02-24T08:00:00+00:00,2026-02-24T13:00:00+05:00,14,1,t2,0.1035,0.4137,0.8553,6.15,251.0,4.63,13.3,-0.1,957.8,open-meteo/previous-runs (best_match + GFS/ICON/ECMWF),power_model_v1@2026-01-31,0.4698,-0.0561
2026-02-23,2026-02-23T18:00:00+00:00,2026-02-24T09:00:00+00:00,2026-02-24T14:00:00+05:00,15,1,t2,0.1043,0.4608,0.8679,6.02,243.0,4.54,13.3,0.1,957.9,open-meteo/previous-runs (best_match + GFS/ICON/ECMWF),power_model_v1@2026-01-31,0.5057,-0.0449
2026-02-23,2026-02-23T18:00:00+00:00,2026-02-24T10:00:00+00:00,2026-02-24T15:00:00+05:00,16,1,t2,0.0859,0.495,0.8716,5.77,235.0,4.36,12.8,-0.1,958.3,open-meteo/previous-runs (best_match + GFS/ICON/ECMWF),power_model_v1@2026-01-31,0.5132,-0.0182
2026-02-23,2026-02-23T18:00:00+00:00,2026-02-24T11:00:00+00:00,2026-02-24T16:00:00+05:00,17,1,t2,0.027,0.4744,0.8426,5.04,231.0,3.72,12.6,-0.1,958.6,open-meteo/previous-runs (best_match + GFS/ICON/ECMWF),power_model_v1@2026-01-31,0.4001,0.0743
2026-02-23,2026-02-23T18:00:00+00:00,2026-02-24T12:00:00+00:00,2026-02-24T17:00:00+05:00,18,1,t2,0.03,0.3606,0.6985,4.76,234.0,2.78,9.4,0.4,957.9,open-meteo/previous-runs (best_match + GFS/ICON/ECMWF),power_model_v1@2026-01-31,0.4473,-0.0867
2026-02-23,2026-02-23T18:00:00+00:00,2026-02-24T13:00:00+00:00,2026-02-24T18:00:00+05:00,19,1,t2,0.0238,0.3453,0.681,3.84,231.0,1.7,9.3,-0.6,958.1,open-meteo/previous-runs (best_match + GFS/ICON/ECMWF),power_model_v1@2026-01-31,0.3775,-0.0322
2026-02-23,2026-02-23T18:00:00+00:00,2026-02-24T14:00:00+00:00,2026-02-24T19:00:00+05:00,20,1,t2,0.012,0.352,0.6325,3.68,233.0,1.59,9.2,-1.0,958.4,open-meteo/previous-runs (best_match + GFS/ICON/ECMWF),power_model_v1@2026-01-31,0.304,0.048
2026-02-23,2026-02-23T18:00:00+00:00,2026-02-24T15:00:00+00:00,2026-02-24T20:00:00+05:00,21,1,t2,0.0048,0.2829,0.4629,3.4,234.0,1.52,7.8,-1.1,958.3,open-meteo/previous-runs (best_match + GFS/ICON/ECMWF),power_model_v1@2026-01-31,0.1792,0.1037
2026-02-23,2026-02-23T18:00:00+00:00,2026-02-24T16:00:00+00:00,2026-02-24T21:00:00+05:00,22,1,t2,0.0037,0.1567,0.3302,2.62,235.0,1.17,5.5,-1.4,958.5,open-meteo/previous-runs (best_match + GFS/ICON/ECMWF),power_model_v1@2026-01-31,0.1961,-0.0394
2026-02-23,2026-02-23T18:00:00+00:00,2026-02-24T17:00:00+00:00,2026-02-24T22:00:00+05:00,23,1,t2,0.0073,0.05,0.1485,1.88,292.0,0.64,3.8,-1.5,958.7,open-meteo/previous-runs (best_match + GFS/ICON/ECMWF),power_model_v1@2026-01-31,0.0893,-0.0393
2026-02-23,2026-02-23T18:00:00+00:00,2026-02-24T18:00:00+00:00,2026-02-24T23:00:00+05:00,24,1,t2,0.008,0.0208,0.0915,1.8,341.0,0.71,3.1,-1.4,958.3,open-meteo/previous-runs (best_match + GFS/ICON/ECMWF),power_model_v1@2026-01-31,0.0662,-0.0454
2026-02-24,2026-02-24T18:00:00+00:00,2026-02-24T19:00:00+00:00,2026-02-25T00:00:00+05:00,1,1,t2,0.0074,0.0446,0.0923,1.46,338.0,0.72,1.7,-1.3,958.4,open-meteo/previous-runs (best_match + GFS/ICON/ECMWF),power_model_v1@2026-01-31,0.0632,-0.0186
2026-02-24,2026-02-24T18:00:00+00:00,2026-02-24T20:00:00+00:00,2026-02-25T01:00:00+05:00,2,1,t2,0.0069,0.049,0.05,1.33,34.0,0.96,1.8,-1.6,958.1,open-meteo/previous-runs (best_match + GFS/ICON/ECMWF),power_model_v1@2026-01-31,0.0638,-0.0148
2026-02-24,2026-02-24T18:00:00+00:00,2026-02-24T21:00:00+00:00,2026-02-25T02:00:00+05:00,3,1,t2,0.0064,0.0627,0.0681,2.15,59.0,1.1,2.7,-2.1,957.6,open-meteo/previous-runs (best_match + GFS/ICON/ECMWF),power_model_v1@2026-01-31,0.0562,0.0065
2026-02-24,2026-02-24T18:00:00+00:00,2026-02-24T22:00:00+00:00,2026-02-25T03:00:00+05:00,4,1,t2,0.0065,0.0586,0.1319,3.36,43.0,1.95,2.7,-1.9,957.0,open-meteo/previous-runs (best_match + GFS/ICON/ECMWF),power_model_v1@2026-01-31,0.1057,-0.0471
2026-02-24,2026-02-24T18:00:00+00:00,2026-02-24T23:00:00+00:00,2026-02-25T04:00:00+05:00,5,1,t2,0.0063,0.0717,0.1418,3.4,54.0,1.17,2.9,-2.5,956.3,open-meteo/previous-runs (best_match + GFS/ICON/ECMWF),power_model_v1@2026-01-31,0.1437,-0.072
2026-02-24,2026-02-24T18:00:00+00:00,2026-02-25T00:00:00+00:00,2026-02-25T05:00:00+05:00,6,1,t2,0.0084,0.0519,0.1534,3.73,55.0,1.42,0.8,-1.6,955.7,open-meteo/previous-runs (best_match + GFS/ICON/ECMWF),power_model_v1@2026-01-31,0.1358,-0.0839
2026-02-24,2026-02-24T18:00:00+00:00,2026-02-25T01:00:00+00:00,2026-02-25T06:00:00+05:00,7,1,t2,0.0076,0.0714,0.2121,3.62,55.0,1.44,1.0,-1.9,955.3,open-meteo/previous-runs (best_match + GFS/ICON/ECMWF),power_model_v1@2026-01-31,0.119,-0.0476
2026-02-24,2026-02-24T18:00:00+00:00,2026-02-25T02:00:00+00:00,2026-02-25T07:00:00+05:00,8,1,t2,0.008,0.0969,0.3143,3.9,49.0,1.52,1.6,-1.4,955.6,open-meteo/previous-runs (best_match + GFS/ICON/ECMWF),power_model_v1@2026-01-31,0.2313,-0.1344
2026-02-24,2026-02-24T18:00:00+00:00,2026-02-25T03:00:00+00:00,2026-02-25T08:00:00+05:00,9,1,t2,0.0075,0.1159,0.4063,3.84,51.0,1.88,1.9,-0.2,956.2,open-meteo/previous-runs (best_match + GFS/ICON/ECMWF),power_model_v1@2026-01-31,0.2678,-0.1519
2026-02-24,2026-02-24T18:00:00+00:00,2026-02-25T04:00:00+00:00,2026-02-25T09:00:00+05:00,10,1,t2,0.0056,0.105,0.3659,3.27,39.0,2.44,2.5,0.9,956.4,open-meteo/previous-runs (best_match + GFS/ICON/ECMWF),power_model_v1@2026-01-31,0.3653,-0.2603
2026-02-24,2026-02-24T18:00:00+00:00,2026-02-25T05:00:00+00:00,2026-02-25T10:00:00+05:00,11,1,t2,0.005,0.0847,0.3112,3.01,42.0,2.36,3.7,1.9,956.3,open-meteo/previous-runs (best_match + GFS/ICON/ECMWF),power_model_v1@2026-01-31,0.5419,-0.4572
2026-02-24,2026-02-24T18:00:00+00:00,2026-02-25T06:00:00+00:00,2026-02-25T11:00:00+05:00,12,1,t2,0.0066,0.0462,0.1891,2.14,21.0,1.69,2.3,1.0,956.4,open-meteo/previous-runs (best_match + GFS/ICON/ECMWF),power_model_v1@2026-01-31,0.6491,-0.6029
2026-02-24,2026-02-24T18:00:00+00:00,2026-02-25T07:00:00+00:00,2026-02-25T12:00:00+05:00,13,1,t2,0.0069,0.0464,0.1282,1.99,28.0,1.57,2.6,2.4,955.7,open-meteo/previous-runs (best_match + GFS/ICON/ECMWF),power_model_v1@2026-01-31,0.6759,-0.6295
2026-02-24,2026-02-24T18:00:00+00:00,2026-02-25T08:00:00+00:00,2026-02-25T13:00:00+05:00,14,1,t2,0.0058,0.0728,0.1115,2.15,18.0,1.77,2.9,3.2,954.6,open-meteo/previous-runs (best_match + GFS/ICON/ECMWF),power_model_v1@2026-01-31,0.6603,-0.5875
2026-02-24,2026-02-24T18:00:00+00:00,2026-02-25T09:00:00+00:00,2026-02-25T14:00:00+05:00,15,1,t2,0.0061,0.0709,0.1827,1.94,18.0,1.58,2.3,3.8,954.0,open-meteo/previous-runs (best_match + GFS/ICON/ECMWF),power_model_v1@2026-01-31,0.5355,-0.4646
2026-02-24,2026-02-24T18:00:00+00:00,2026-02-25T10:00:00+00:00,2026-02-25T15:00:00+05:00,16,1,t2,0.0062,0.0667,0.2407,1.61,16.0,1.3,1.4,3.7,953.7,open-meteo/previous-runs (best_match + GFS/ICON/ECMWF),power_model_v1@2026-01-31,0.4783,-0.4116
2026-02-24,2026-02-24T18:00:00+00:00,2026-02-25T11:00:00+00:00,2026-02-25T16:00:00+05:00,17,1,t2,0.0048,0.0996,0.2025,1.79,330.0,1.06,2.7,3.0,953.6,open-meteo/previous-runs (best_match + GFS/ICON/ECMWF),power_model_v1@2026-01-31,0.3252,-0.2256
2026-02-24,2026-02-24T18:00:00+00:00,2026-02-25T12:00:00+00:00,2026-02-25T17:00:00+05:00,18,1,t2,0.0034,0.1368,0.1755,2.21,276.0,1.53,1.3,1.9,953.3,open-meteo/previous-runs (best_match + GFS/ICON/ECMWF),power_model_v1@2026-01-31,0.3552,-0.2184
2026-02-24,2026-02-24T18:00:00+00:00,2026-02-25T13:00:00+00:00,2026-02-25T18:00:00+05:00,19,1,t2,0.0052,0.1015,0.1882,1.69,289.0,1.03,1.6,0.9,953.2,open-meteo/previous-runs (best_match + GFS/ICON/ECMWF),power_model_v1@2026-01-31,0.3186,-0.2171
2026-02-24,2026-02-24T18:00:00+00:00,2026-02-25T14:00:00+00:00,2026-02-25T19:00:00+05:00,20,1,t2,0.0044,0.1335,0.2622,0.67,283.0,0.57,2.1,0.3,953.1,open-meteo/previous-runs (best_match + GFS/ICON/ECMWF),power_model_v1@2026-01-31,0.375,-0.2415
2026-02-24,2026-02-24T18:00:00+00:00,2026-02-25T15:00:00+00:00,2026-02-25T20:00:00+05:00,21,1,t2,0.0027,0.1647,0.3504,1.7,358.0,1.26,2.0,-0.2,952.6,open-meteo/previous-runs (best_match + GFS/ICON/ECMWF),power_model_v1@2026-01-31,0.3688,-0.2041
2026-02-24,2026-02-24T18:00:00+00:00,2026-02-25T16:00:00+00:00,2026-02-25T21:00:00+05:00,22,1,t2,0.0007,0.237,0.4073,2.55,43.0,0.97,2.6,-0.7,951.9,open-meteo/previous-runs (best_match + GFS/ICON/ECMWF),power_model_v1@2026-01-31,0.5953,-0.3583
2026-02-24,2026-02-24T18:00:00+00:00,2026-02-25T17:00:00+00:00,2026-02-25T22:00:00+05:00,23,1,t2,0.0,0.4448,0.7995,4.47,54.0,1.57,3.9,-1.8,950.3,open-meteo/previous-runs (best_match + GFS/ICON/ECMWF),power_model_v1@2026-01-31,0.7526,-0.3078
2026-02-24,2026-02-24T18:00:00+00:00,2026-02-25T18:00:00+00:00,2026-02-25T23:00:00+05:00,24,1,t2,0.0775,0.5722,0.9873,6.84,59.0,3.11,5.4,-0.5,949.1,open-meteo/previous-runs (best_match + GFS/ICON/ECMWF),power_model_v1@2026-01-31,0.6705,-0.0983
2026-02-25,2026-02-25T18:00:00+00:00,2026-02-25T19:00:00+00:00,2026-02-26T00:00:00+05:00,1,1,t2,0.2768,0.6845,0.9816,7.29,68.0,3.75,6.1,-0.3,948.4,open-meteo/previous-runs (best_match + GFS/ICON/ECMWF),power_model_v1@2026-01-31,0.7289,-0.0444
2026-02-25,2026-02-25T18:00:00+00:00,2026-02-25T20:00:00+00:00,2026-02-26T01:00:00+05:00,2,1,t2,0.2676,0.6525,0.9798,7.64,74.0,4.18,6.1,0.2,947.7,open-meteo/previous-runs (best_match + GFS/ICON/ECMWF),power_model_v1@2026-01-31,0.7488,-0.0963
2026-02-25,2026-02-25T18:00:00+00:00,2026-02-25T21:00:00+00:00,2026-02-26T02:00:00+05:00,3,1,t2,0.239,0.663,0.9714,7.69,77.0,4.27,6.0,0.5,947.1,open-meteo/previous-runs (best_match + GFS/ICON/ECMWF),power_model_v1@2026-01-31,0.73,-0.067
2026-02-25,2026-02-25T18:00:00+00:00,2026-02-25T22:00:00+00:00,2026-02-26T03:00:00+05:00,4,1,t2,0.2687,0.728,0.9966,6.69,78.0,3.74,9.6,0.7,946.8,open-meteo/previous-runs (best_match + GFS/ICON/ECMWF),power_model_v1@2026-01-31,0.7525,-0.0245
2026-02-25,2026-02-25T18:00:00+00:00,2026-02-25T23:00:00+00:00,2026-02-26T04:00:00+05:00,5,1,t2,0.2103,0.7017,1.0,5.77,81.0,3.19,10.0,0.6,945.8,open-meteo/previous-runs (best_match + GFS/ICON/ECMWF),power_model_v1@2026-01-31,0.6742,0.0275
2026-02-25,2026-02-25T18:00:00+00:00,2026-02-26T00:00:00+00:00,2026-02-26T05:00:00+05:00,6,1,t2,0.275,0.6837,1.0,6.31,75.0,3.48,10.7,0.0,945.7,open-meteo/previous-runs (best_match + GFS/ICON/ECMWF),power_model_v1@2026-01-31,0.6628,0.0209
2026-02-25,2026-02-25T18:00:00+00:00,2026-02-26T01:00:00+00:00,2026-02-26T06:00:00+05:00,7,1,t2,0.264,0.6935,1.0,5.98,69.0,3.23,10.7,-0.4,945.4,open-meteo/previous-runs (best_match + GFS/ICON/ECMWF),power_model_v1@2026-01-31,0.6703,0.0232
2026-02-25,2026-02-25T18:00:00+00:00,2026-02-26T02:00:00+00:00,2026-02-26T07:00:00+05:00,8,1,t2,0.1784,0.6515,1.0,5.52,69.0,3.07,10.2,0.1,945.1,open-meteo/previous-runs (best_match + GFS/ICON/ECMWF),power_model_v1@2026-01-31,0.5422,0.1093
2026-02-25,2026-02-25T18:00:00+00:00,2026-02-26T03:00:00+00:00,2026-02-26T08:00:00+05:00,9,1,t2,0.0401,0.3705,0.9563,5.1,64.0,3.05,9.7,1.0,945.3,open-meteo/previous-runs (best_match + GFS/ICON/ECMWF),power_model_v1@2026-01-31,0.6697,-0.2992
2026-02-25,2026-02-25T18:00:00+00:00,2026-02-26T04:00:00+00:00,2026-02-26T09:00:00+05:00,10,1,t2,0.0027,0.1262,0.5244,3.93,42.0,2.76,5.6,2.6,945.3,open-meteo/previous-runs (best_match + GFS/ICON/ECMWF),power_model_v1@2026-01-31,0.566,-0.4398
2026-02-25,2026-02-25T18:00:00+00:00,2026-02-26T05:00:00+00:00,2026-02-26T10:00:00+05:00,11,1,t2,0.0286,0.4044,0.8297,2.2,21.0,1.71,16.1,4.2,945.9,open-meteo/previous-runs (best_match + GFS/ICON/ECMWF),power_model_v1@2026-01-31,0.337,0.0674
2026-02-25,2026-02-25T18:00:00+00:00,2026-02-26T06:00:00+00:00,2026-02-26T11:00:00+05:00,12,1,t2,0.0256,0.549,0.9608,9.45,269.0,6.95,17.5,4.5,948.0,open-meteo/previous-runs (best_match + GFS/ICON/ECMWF),power_model_v1@2026-01-31,0.572,-0.023
2026-02-25,2026-02-25T18:00:00+00:00,2026-02-26T07:00:00+00:00,2026-02-26T12:00:00+05:00,13,1,t2,0.0781,0.5893,0.9099,7.33,259.0,5.54,13.1,3.9,948.7,open-meteo/previous-runs (best_match + GFS/ICON/ECMWF),power_model_v1@2026-01-31,0.5759,0.0134
2026-02-25,2026-02-25T18:00:00+00:00,2026-02-26T08:00:00+00:00,2026-02-26T13:00:00+05:00,14,1,t2,0.0316,0.5341,0.8607,3.65,251.0,2.88,12.0,2.0,948.3,open-meteo/previous-runs (best_match + GFS/ICON/ECMWF),power_model_v1@2026-01-31,0.3778,0.1563
2026-02-25,2026-02-25T18:00:00+00:00,2026-02-26T09:00:00+00:00,2026-02-26T14:00:00+05:00,15,1,t2,0.0029,0.4102,0.7244,4.48,254.0,3.3,8.4,0.0,948.8,open-meteo/previous-runs (best_match + GFS/ICON/ECMWF),power_model_v1@2026-01-31,0.4077,0.0025
2026-02-25,2026-02-25T18:00:00+00:00,2026-02-26T10:00:00+00:00,2026-02-26T15:00:00+05:00,16,1,t2,0.0237,0.428,0.7827,5.39,248.0,3.87,9.1,-0.8,949.7,open-meteo/previous-runs (best_match + GFS/ICON/ECMWF),power_model_v1@2026-01-31,0.5172,-0.0892
2026-02-25,2026-02-25T18:00:00+00:00,2026-02-26T11:00:00+00:00,2026-02-26T16:00:00+05:00,17,1,t2,0.1035,0.4762,0.9372,5.99,252.0,3.87,9.7,-1.0,950.0,open-meteo/previous-runs (best_match + GFS/ICON/ECMWF),power_model_v1@2026-01-31,0.4369,0.0393
2026-02-25,2026-02-25T18:00:00+00:00,2026-02-26T12:00:00+00:00,2026-02-26T17:00:00+05:00,18,1,t2,0.2876,0.6712,0.9743,8.15,271.0,4.32,11.0,0.2,950.1,open-meteo/previous-runs (best_match + GFS/ICON/ECMWF),power_model_v1@2026-01-31,0.4608,0.2104
2026-02-25,2026-02-25T18:00:00+00:00,2026-02-26T13:00:00+00:00,2026-02-26T18:00:00+05:00,19,1,t2,0.3587,0.7526,0.9823,8.06,268.0,4.39,10.7,0.1,950.5,open-meteo/previous-runs (best_match + GFS/ICON/ECMWF),power_model_v1@2026-01-31,0.4686,0.284
2026-02-25,2026-02-25T18:00:00+00:00,2026-02-26T14:00:00+00:00,2026-02-26T19:00:00+05:00,20,1,t2,0.2993,0.7219,0.9805,7.27,260.0,4.11,9.3,0.4,951.0,open-meteo/previous-runs (best_match + GFS/ICON/ECMWF),power_model_v1@2026-01-31,0.5288,0.1931
2026-02-25,2026-02-25T18:00:00+00:00,2026-02-26T15:00:00+00:00,2026-02-26T20:00:00+05:00,21,1,t2,0.3217,0.7484,0.9896,7.75,269.0,4.35,9.2,0.7,951.3,open-meteo/previous-runs (best_match + GFS/ICON/ECMWF),power_model_v1@2026-01-31,0.7421,0.0063
2026-02-25,2026-02-25T18:00:00+00:00,2026-02-26T16:00:00+00:00,2026-02-26T21:00:00+05:00,22,1,t2,0.3463,0.8115,0.9788,8.45,271.0,4.93,8.8,0.5,951.9,open-meteo/previous-runs (best_match + GFS/ICON/ECMWF),power_model_v1@2026-01-31,0.7036,0.1079
2026-02-25,2026-02-25T18:00:00+00:00,2026-02-26T17:00:00+00:00,2026-02-26T22:00:00+05:00,23,1,t2,0.3519,0.8228,0.9764,8.86,273.0,5.36,8.7,0.4,952.3,open-meteo/previous-runs (best_match + GFS/ICON/ECMWF),power_model_v1@2026-01-31,0.6543,0.1685
2026-02-25,2026-02-25T18:00:00+00:00,2026-02-26T18:00:00+00:00,2026-02-26T23:00:00+05:00,24,1,t2,0.3445,0.8137,0.9736,8.52,266.0,5.13,8.0,0.4,952.4,open-meteo/previous-runs (best_match + GFS/ICON/ECMWF),power_model_v1@2026-01-31,0.7301,0.0836
2026-02-26,2026-02-26T18:00:00+00:00,2026-02-26T19:00:00+00:00,2026-02-27T00:00:00+05:00,1,1,t2,0.3503,0.7758,0.9637,9.23,251.0,5.73,7.9,-0.2,952.8,open-meteo/previous-runs (best_match + GFS/ICON/ECMWF),power_model_v1@2026-01-31,0.7878,-0.012
2026-02-26,2026-02-26T18:00:00+00:00,2026-02-26T20:00:00+00:00,2026-02-27T01:00:00+05:00,2,1,t2,0.2574,0.6789,0.9587,7.98,255.0,4.88,7.4,-0.8,952.9,open-meteo/previous-runs (best_match + GFS/ICON/ECMWF),power_model_v1@2026-01-31,0.801,-0.1221
2026-02-26,2026-02-26T18:00:00+00:00,2026-02-26T21:00:00+00:00,2026-02-27T02:00:00+05:00,3,1,t2,0.2051,0.5444,0.9374,8.17,258.0,4.7,6.8,-0.9,952.9,open-meteo/previous-runs (best_match + GFS/ICON/ECMWF),power_model_v1@2026-01-31,0.761,-0.2166
2026-02-26,2026-02-26T18:00:00+00:00,2026-02-26T22:00:00+00:00,2026-02-27T03:00:00+05:00,4,1,t2,0.1791,0.5625,0.9371,7.89,253.0,4.9,6.5,-1.0,952.7,open-meteo/previous-runs (best_match + GFS/ICON/ECMWF),power_model_v1@2026-01-31,0.6838,-0.1213
2026-02-26,2026-02-26T18:00:00+00:00,2026-02-26T23:00:00+00:00,2026-02-27T04:00:00+05:00,5,1,t2,0.1078,0.5424,0.9179,7.08,257.0,4.05,6.4,-1.2,952.9,open-meteo/previous-runs (best_match + GFS/ICON/ECMWF),power_model_v1@2026-01-31,0.6128,-0.0704
2026-02-26,2026-02-26T18:00:00+00:00,2026-02-27T00:00:00+00:00,2026-02-27T05:00:00+05:00,6,1,t2,0.0227,0.3065,0.8169,5.52,236.0,3.43,5.2,-0.4,952.8,open-meteo/previous-runs (best_match + GFS/ICON/ECMWF),power_model_v1@2026-01-31,0.5535,-0.247
2026-02-26,2026-02-26T18:00:00+00:00,2026-02-27T01:00:00+00:00,2026-02-27T06:00:00+05:00,7,1,t2,0.0,0.2339,0.7727,5.46,233.0,3.38,5.0,-0.3,953.1,open-meteo/previous-runs (best_match + GFS/ICON/ECMWF),power_model_v1@2026-01-31,0.5044,-0.2705
2026-02-26,2026-02-26T18:00:00+00:00,2026-02-27T02:00:00+00:00,2026-02-27T07:00:00+05:00,8,1,t2,0.0137,0.2145,0.7439,5.47,230.0,3.37,5.7,-0.3,953.0,open-meteo/previous-runs (best_match + GFS/ICON/ECMWF),power_model_v1@2026-01-31,0.391,-0.1765
2026-02-26,2026-02-26T18:00:00+00:00,2026-02-27T03:00:00+00:00,2026-02-27T08:00:00+05:00,9,1,t2,0.0099,0.2477,0.7203,5.2,225.0,3.18,6.4,0.4,953.0,open-meteo/previous-runs (best_match + GFS/ICON/ECMWF),power_model_v1@2026-01-31,0.3765,-0.1288
2026-02-26,2026-02-26T18:00:00+00:00,2026-02-27T04:00:00+00:00,2026-02-27T09:00:00+05:00,10,1,t2,0.0044,0.2778,0.6624,4.56,238.0,2.37,6.3,1.3,952.7,open-meteo/previous-runs (best_match + GFS/ICON/ECMWF),power_model_v1@2026-01-31,0.3313,-0.0535
2026-02-26,2026-02-26T18:00:00+00:00,2026-02-27T05:00:00+00:00,2026-02-27T10:00:00+05:00,11,1,t2,0.0015,0.3016,0.6459,4.61,249.0,2.4,6.5,1.5,952.5,open-meteo/previous-runs (best_match + GFS/ICON/ECMWF),power_model_v1@2026-01-31,0.1865,0.1151
2026-02-26,2026-02-26T18:00:00+00:00,2026-02-27T06:00:00+00:00,2026-02-27T11:00:00+05:00,12,1,t2,0.0066,0.2694,0.5944,4.7,269.0,2.8,7.5,1.7,952.2,open-meteo/previous-runs (best_match + GFS/ICON/ECMWF),power_model_v1@2026-01-31,0.2843,-0.0149
2026-02-26,2026-02-26T18:00:00+00:00,2026-02-27T07:00:00+00:00,2026-02-27T12:00:00+05:00,13,1,t2,0.0015,0.3385,0.657,4.25,246.0,2.67,8.3,1.7,952.1,open-meteo/previous-runs (best_match + GFS/ICON/ECMWF),power_model_v1@2026-01-31,0.3534,-0.0149
2026-02-26,2026-02-26T18:00:00+00:00,2026-02-27T08:00:00+00:00,2026-02-27T13:00:00+05:00,14,1,t2,0.0169,0.4412,0.746,4.82,257.0,3.02,9.4,1.9,951.7,open-meteo/previous-runs (best_match + GFS/ICON/ECMWF),power_model_v1@2026-01-31,0.4505,-0.0093
2026-02-26,2026-02-26T18:00:00+00:00,2026-02-27T09:00:00+00:00,2026-02-27T14:00:00+05:00,15,1,t2,0.0798,0.5214,0.8667,5.93,258.0,4.04,10.3,1.4,952.2,open-meteo/previous-runs (best_match + GFS/ICON/ECMWF),power_model_v1@2026-01-31,0.503,0.0184
2026-02-26,2026-02-26T18:00:00+00:00,2026-02-27T10:00:00+00:00,2026-02-27T15:00:00+05:00,16,1,t2,0.1173,0.5867,0.9192,6.38,255.0,4.43,11.2,0.5,952.6,open-meteo/previous-runs (best_match + GFS/ICON/ECMWF),power_model_v1@2026-01-31,0.5825,0.0042
2026-02-26,2026-02-26T18:00:00+00:00,2026-02-27T11:00:00+00:00,2026-02-27T16:00:00+05:00,17,1,t2,0.1768,0.623,0.9633,6.75,258.0,4.75,11.4,-0.5,953.1,open-meteo/previous-runs (best_match + GFS/ICON/ECMWF),power_model_v1@2026-01-31,0.642,-0.019
2026-02-26,2026-02-26T18:00:00+00:00,2026-02-27T12:00:00+00:00,2026-02-27T17:00:00+05:00,18,1,t2,0.1659,0.6466,0.9779,6.02,244.0,4.45,10.2,-0.9,953.0,open-meteo/previous-runs (best_match + GFS/ICON/ECMWF),power_model_v1@2026-01-31,0.6383,0.0083
2026-02-26,2026-02-26T18:00:00+00:00,2026-02-27T13:00:00+00:00,2026-02-27T18:00:00+05:00,19,1,t2,0.176,0.6388,0.9744,6.76,249.0,4.83,9.7,-2.1,953.8,open-meteo/previous-runs (best_match + GFS/ICON/ECMWF),power_model_v1@2026-01-31,0.7021,-0.0633
2026-02-26,2026-02-26T18:00:00+00:00,2026-02-27T14:00:00+00:00,2026-02-27T19:00:00+05:00,20,1,t2,0.19,0.6148,0.9932,6.28,244.0,4.61,10.4,-3.5,954.2,open-meteo/previous-runs (best_match + GFS/ICON/ECMWF),power_model_v1@2026-01-31,0.7295,-0.1147
2026-02-26,2026-02-26T18:00:00+00:00,2026-02-27T15:00:00+00:00,2026-02-27T20:00:00+05:00,21,1,t2,0.2817,0.6845,0.9957,7.31,244.0,4.9,10.8,-4.3,954.5,open-meteo/previous-runs (best_match + GFS/ICON/ECMWF),power_model_v1@2026-01-31,0.7178,-0.0333
2026-02-26,2026-02-26T18:00:00+00:00,2026-02-27T16:00:00+00:00,2026-02-27T21:00:00+05:00,22,1,t2,0.2688,0.7397,0.9884,7.25,233.0,4.49,11.1,-4.9,954.4,open-meteo/previous-runs (best_match + GFS/ICON/ECMWF),power_model_v1@2026-01-31,0.7028,0.0369
2026-02-26,2026-02-26T18:00:00+00:00,2026-02-27T17:00:00+00:00,2026-02-27T22:00:00+05:00,23,1,t2,0.2117,0.6898,0.9726,6.81,235.0,4.18,11.6,-4.7,954.4,open-meteo/previous-runs (best_match + GFS/ICON/ECMWF),power_model_v1@2026-01-31,0.6287,0.0611
2026-02-26,2026-02-26T18:00:00+00:00,2026-02-27T18:00:00+00:00,2026-02-27T23:00:00+05:00,24,1,t2,0.124,0.5487,0.9595,6.45,236.0,3.73,10.2,-4.6,953.5,open-meteo/previous-runs (best_match + GFS/ICON/ECMWF),power_model_v1@2026-01-31,0.6177,-0.069
2026-02-27,2026-02-27T18:00:00+00:00,2026-02-27T19:00:00+00:00,2026-02-28T00:00:00+05:00,1,1,t2,0.1056,0.5004,0.9592,6.2,241.0,4.0,10.5,-5.0,953.7,open-meteo/previous-runs (best_match + GFS/ICON/ECMWF),power_model_v1@2026-01-31,0.4891,0.0113
2026-02-27,2026-02-27T18:00:00+00:00,2026-02-27T20:00:00+00:00,2026-02-28T01:00:00+05:00,2,1,t2,0.1283,0.5804,0.9592,6.65,227.0,4.17,10.9,-5.1,953.6,open-meteo/previous-runs (best_match + GFS/ICON/ECMWF),power_model_v1@2026-01-31,0.5908,-0.0104
2026-02-27,2026-02-27T18:00:00+00:00,2026-02-27T21:00:00+00:00,2026-02-28T02:00:00+05:00,3,1,t2,0.1579,0.5536,0.9623,6.2,247.0,4.09,11.8,-5.1,953.9,open-meteo/previous-runs (best_match + GFS/ICON/ECMWF),power_model_v1@2026-01-31,0.6023,-0.0487
2026-02-27,2026-02-27T18:00:00+00:00,2026-02-27T22:00:00+00:00,2026-02-28T03:00:00+05:00,4,1,t2,0.1608,0.6651,0.9824,6.96,242.0,4.74,12.7,-5.8,953.8,open-meteo/previous-runs (best_match + GFS/ICON/ECMWF),power_model_v1@2026-01-31,0.5792,0.0859
2026-02-27,2026-02-27T18:00:00+00:00,2026-02-27T23:00:00+00:00,2026-02-28T04:00:00+05:00,5,1,t2,0.2428,0.6824,0.9671,7.06,237.0,4.65,12.5,-6.2,954.0,open-meteo/previous-runs (best_match + GFS/ICON/ECMWF),power_model_v1@2026-01-31,0.615,0.0674
2026-02-27,2026-02-27T18:00:00+00:00,2026-02-28T00:00:00+00:00,2026-02-28T05:00:00+05:00,6,1,t2,0.2506,0.6264,0.9752,7.47,243.0,4.96,13.0,-5.7,954.4,open-meteo/previous-runs (best_match + GFS/ICON/ECMWF),power_model_v1@2026-01-31,0.6277,-0.0013
2026-02-27,2026-02-27T18:00:00+00:00,2026-02-28T01:00:00+00:00,2026-02-28T06:00:00+05:00,7,1,t2,0.2489,0.6396,0.9675,7.4,243.0,4.96,12.8,-6.3,955.2,open-meteo/previous-runs (best_match + GFS/ICON/ECMWF),power_model_v1@2026-01-31,0.6196,0.02
2026-02-27,2026-02-27T18:00:00+00:00,2026-02-28T02:00:00+00:00,2026-02-28T07:00:00+05:00,8,1,t2,0.1986,0.5961,0.9671,7.29,239.0,5.04,13.9,-6.8,956.1,open-meteo/previous-runs (best_match + GFS/ICON/ECMWF),power_model_v1@2026-01-31,0.5674,0.0287
2026-02-27,2026-02-27T18:00:00+00:00,2026-02-28T03:00:00+00:00,2026-02-28T08:00:00+05:00,9,1,t2,0.2281,0.5834,0.9845,7.29,237.0,5.23,14.6,-6.9,957.0,open-meteo/previous-runs (best_match + GFS/ICON/ECMWF),power_model_v1@2026-01-31,0.5535,0.0299
2026-02-27,2026-02-27T18:00:00+00:00,2026-02-28T04:00:00+00:00,2026-02-28T09:00:00+05:00,10,1,t2,0.2469,0.6285,0.9826,7.79,242.0,5.62,15.1,-7.0,957.7,open-meteo/previous-runs (best_match + GFS/ICON/ECMWF),power_model_v1@2026-01-31,0.5944,0.0341
2026-02-27,2026-02-27T18:00:00+00:00,2026-02-28T05:00:00+00:00,2026-02-28T10:00:00+05:00,11,1,t2,0.2699,0.636,0.9829,7.64,246.0,5.55,15.2,-6.7,958.1,open-meteo/previous-runs (best_match + GFS/ICON/ECMWF),power_model_v1@2026-01-31,0.5595,0.0765
2026-02-27,2026-02-27T18:00:00+00:00,2026-02-28T06:00:00+00:00,2026-02-28T11:00:00+05:00,12,1,t2,0.2079,0.5838,0.962,7.28,247.0,5.39,14.8,-7.1,958.6,open-meteo/previous-runs (best_match + GFS/ICON/ECMWF),power_model_v1@2026-01-31,0.5766,0.0072
2026-02-27,2026-02-27T18:00:00+00:00,2026-02-28T07:00:00+00:00,2026-02-28T12:00:00+05:00,13,1,t2,0.2417,0.6038,0.9554,7.76,248.0,5.62,14.7,-6.9,958.8,open-meteo/previous-runs (best_match + GFS/ICON/ECMWF),power_model_v1@2026-01-31,0.55,0.0538
2026-02-27,2026-02-27T18:00:00+00:00,2026-02-28T08:00:00+00:00,2026-02-28T13:00:00+05:00,14,1,t2,0.2088,0.6339,0.9794,7.83,243.0,5.73,14.7,-7.2,958.8,open-meteo/previous-runs (best_match + GFS/ICON/ECMWF),power_model_v1@2026-01-31,0.5639,0.07
2026-02-27,2026-02-27T18:00:00+00:00,2026-02-28T09:00:00+00:00,2026-02-28T14:00:00+05:00,15,1,t2,0.2075,0.6352,0.9653,7.45,244.0,5.42,14.5,-6.9,958.9,open-meteo/previous-runs (best_match + GFS/ICON/ECMWF),power_model_v1@2026-01-31,0.616,0.0192
2026-02-27,2026-02-27T18:00:00+00:00,2026-02-28T10:00:00+00:00,2026-02-28T15:00:00+05:00,16,1,t2,0.1723,0.6777,0.9539,7.27,238.0,5.37,14.1,-7.1,959.4,open-meteo/previous-runs (best_match + GFS/ICON/ECMWF),power_model_v1@2026-01-31,0.663,0.0147
2026-02-27,2026-02-27T18:00:00+00:00,2026-02-28T11:00:00+00:00,2026-02-28T16:00:00+05:00,17,1,t2,0.1173,0.6585,0.9515,6.91,229.0,4.85,13.4,-7.3,959.6,open-meteo/previous-runs (best_match + GFS/ICON/ECMWF),power_model_v1@2026-01-31,0.5951,0.0634
2026-02-27,2026-02-27T18:00:00+00:00,2026-02-28T12:00:00+00:00,2026-02-28T17:00:00+05:00,18,1,t2,0.141,0.5242,0.9419,6.65,227.0,4.35,10.9,-6.7,959.2,open-meteo/previous-runs (best_match + GFS/ICON/ECMWF),power_model_v1@2026-01-31,0.5233,0.0009
2026-02-27,2026-02-27T18:00:00+00:00,2026-02-28T13:00:00+00:00,2026-02-28T18:00:00+05:00,19,1,t2,0.1066,0.4711,0.9154,6.43,231.0,3.89,9.7,-6.5,959.7,open-meteo/previous-runs (best_match + GFS/ICON/ECMWF),power_model_v1@2026-01-31,0.4284,0.0427
2026-02-27,2026-02-27T18:00:00+00:00,2026-02-28T14:00:00+00:00,2026-02-28T19:00:00+05:00,20,1,t2,0.0904,0.4202,0.8698,6.03,229.0,3.54,8.3,-6.7,959.9,open-meteo/previous-runs (best_match + GFS/ICON/ECMWF),power_model_v1@2026-01-31,0.4792,-0.059
2026-02-27,2026-02-27T18:00:00+00:00,2026-02-28T15:00:00+00:00,2026-02-28T20:00:00+05:00,21,1,t2,0.0303,0.5146,0.8468,4.85,233.0,2.61,7.3,-6.8,959.6,open-meteo/previous-runs (best_match + GFS/ICON/ECMWF),power_model_v1@2026-01-31,0.3386,0.176
2026-02-27,2026-02-27T18:00:00+00:00,2026-02-28T16:00:00+00:00,2026-02-28T21:00:00+05:00,22,1,t2,0.0151,0.3176,0.7391,4.25,243.0,2.47,6.5,-7.0,959.4,open-meteo/previous-runs (best_match + GFS/ICON/ECMWF),power_model_v1@2026-01-31,0.2864,0.0312
2026-02-27,2026-02-27T18:00:00+00:00,2026-02-28T17:00:00+00:00,2026-02-28T22:00:00+05:00,23,1,t2,0.0097,0.2998,0.6753,4.44,253.0,2.25,6.3,-7.9,959.3,open-meteo/previous-runs (best_match + GFS/ICON/ECMWF),power_model_v1@2026-01-31,0.2865,0.0133
2026-02-27,2026-02-27T18:00:00+00:00,2026-02-28T18:00:00+00:00,2026-02-28T23:00:00+05:00,24,1,t2,0.0092,0.3128,0.688,3.54,257.0,1.78,6.3,-8.1,959.4,open-meteo/previous-runs (best_match + GFS/ICON/ECMWF),power_model_v1@2026-01-31,0.3187,-0.0059
2026-02-27,2026-02-27T18:00:00+00:00,2026-02-28T19:00:00+00:00,2026-03-01T00:00:00+05:00,25,2,t2,0.0,0.2465,0.4351,3.63,262.0,2.02,2.4,-7.8,960.1,open-meteo/previous-runs (best_match + GFS/ICON/ECMWF),power_model_v1@2026-01-31,,
2026-02-27,2026-02-27T18:00:00+00:00,2026-02-28T20:00:00+00:00,2026-03-01T01:00:00+05:00,26,2,t2,0.0,0.2378,0.4343,3.31,265.0,1.72,1.3,-8.0,960.1,open-meteo/previous-runs (best_match + GFS/ICON/ECMWF),power_model_v1@2026-01-31,,
2026-02-27,2026-02-27T18:00:00+00:00,2026-02-28T21:00:00+00:00,2026-03-01T02:00:00+05:00,27,2,t2,0.0,0.1499,0.3485,2.41,265.0,1.32,0.7,-8.4,959.9,open-meteo/previous-runs (best_match + GFS/ICON/ECMWF),power_model_v1@2026-01-31,,
2026-02-27,2026-02-27T18:00:00+00:00,2026-02-28T22:00:00+00:00,2026-03-01T03:00:00+05:00,28,2,t2,0.0006,0.1458,0.3072,2.47,263.0,1.01,1.0,-9.2,959.5,open-meteo/previous-runs (best_match + GFS/ICON/ECMWF),power_model_v1@2026-01-31,,
2026-02-27,2026-02-27T18:00:00+00:00,2026-02-28T23:00:00+00:00,2026-03-01T04:00:00+05:00,29,2,t2,0.0013,0.1351,0.3237,2.26,245.0,0.9,0.8,-9.3,959.5,open-meteo/previous-runs (best_match + GFS/ICON/ECMWF),power_model_v1@2026-01-31,,
2026-02-27,2026-02-27T18:00:00+00:00,2026-03-01T00:00:00+00:00,2026-03-01T05:00:00+05:00,30,2,t2,0.0,0.1358,0.3099,2.36,257.0,0.96,1.5,-8.0,959.9,open-meteo/previous-runs (best_match + GFS/ICON/ECMWF),power_model_v1@2026-01-31,,
2026-02-27,2026-02-27T18:00:00+00:00,2026-03-01T01:00:00+00:00,2026-03-01T06:00:00+05:00,31,2,t2,0.0038,0.0812,0.2318,2.54,260.0,1.05,1.5,-8.3,960.1,open-meteo/previous-runs (best_match + GFS/ICON/ECMWF),power_model_v1@2026-01-31,,
2026-02-27,2026-02-27T18:00:00+00:00,2026-03-01T02:00:00+00:00,2026-03-01T07:00:00+05:00,32,2,t2,0.0057,0.0567,0.1666,2.6,259.0,1.06,0.7,-8.3,960.2,open-meteo/previous-runs (best_match + GFS/ICON/ECMWF),power_model_v1@2026-01-31,,
2026-02-27,2026-02-27T18:00:00+00:00,2026-03-01T03:00:00+00:00,2026-03-01T08:00:00+05:00,33,2,t2,0.0069,0.0219,0.2105,2.41,257.0,1.55,1.2,-7.4,960.8,open-meteo/previous-runs (best_match + GFS/ICON/ECMWF),power_model_v1@2026-01-31,,
2026-02-27,2026-02-27T18:00:00+00:00,2026-03-01T04:00:00+00:00,2026-03-01T09:00:00+05:00,34,2,t2,0.0061,0.0298,0.2096,2.38,260.0,1.83,1.2,-6.4,961.1,open-meteo/previous-runs (best_match + GFS/ICON/ECMWF),power_model_v1@2026-01-31,,
2026-02-27,2026-02-27T18:00:00+00:00,2026-03-01T05:00:00+00:00,2026-03-01T10:00:00+05:00,35,2,t2,0.0065,0.0292,0.1397,2.67,264.0,2.16,2.0,-5.4,961.2,open-meteo/previous-runs (best_match + GFS/ICON/ECMWF),power_model_v1@2026-01-31,,
2026-02-27,2026-02-27T18:00:00+00:00,2026-03-01T06:00:00+00:00,2026-03-01T11:00:00+05:00,36,2,t2,0.0048,0.0501,0.0982,2.04,287.0,1.68,4.9,-5.1,961.2,open-meteo/previous-runs (best_match + GFS/ICON/ECMWF),power_model_v1@2026-01-31,,
2026-02-27,2026-02-27T18:00:00+00:00,2026-03-01T07:00:00+00:00,2026-03-01T12:00:00+05:00,37,2,t2,0.0044,0.0567,0.1147,2.23,279.0,1.78,4.9,-3.9,961.0,open-meteo/previous-runs (best_match + GFS/ICON/ECMWF),power_model_v1@2026-01-31,,
2026-02-27,2026-02-27T18:00:00+00:00,2026-03-01T08:00:00+00:00,2026-03-01T13:00:00+05:00,38,2,t2,0.0068,0.0328,0.1676,2.22,278.0,1.73,4.8,-3.2,960.4,open-meteo/previous-runs (best_match + GFS/ICON/ECMWF),power_model_v1@2026-01-31,,
2026-02-27,2026-02-27T18:00:00+00:00,2026-03-01T09:00:00+00:00,2026-03-01T14:00:00+05:00,39,2,t2,0.0079,0.0312,0.1654,2.1,282.0,1.61,4.5,-2.8,959.9,open-meteo/previous-runs (best_match + GFS/ICON/ECMWF),power_model_v1@2026-01-31,,
2026-02-27,2026-02-27T18:00:00+00:00,2026-03-01T10:00:00+00:00,2026-03-01T15:00:00+05:00,40,2,t2,0.0075,0.0341,0.1941,2.22,306.0,1.39,4.3,-3.2,959.8,open-meteo/previous-runs (best_match + GFS/ICON/ECMWF),power_model_v1@2026-01-31,,
2026-02-27,2026-02-27T18:00:00+00:00,2026-03-01T11:00:00+00:00,2026-03-01T16:00:00+05:00,41,2,t2,0.0074,0.0386,0.1553,2.65,317.0,1.32,4.0,-4.6,959.7,open-meteo/previous-runs (best_match + GFS/ICON/ECMWF),power_model_v1@2026-01-31,,
2026-02-27,2026-02-27T18:00:00+00:00,2026-03-01T12:00:00+00:00,2026-03-01T17:00:00+05:00,42,2,t2,0.0062,0.0492,0.137,1.83,325.0,0.69,5.3,-6.3,959.1,open-meteo/previous-runs (best_match + GFS/ICON/ECMWF),power_model_v1@2026-01-31,,
2026-02-27,2026-02-27T18:00:00+00:00,2026-03-01T13:00:00+00:00,2026-03-01T18:00:00+05:00,43,2,t2,0.0028,0.0836,0.1707,1.25,5.0,0.21,3.2,-7.7,958.5,open-meteo/previous-runs (best_match + GFS/ICON/ECMWF),power_model_v1@2026-01-31,,
2026-02-27,2026-02-27T18:00:00+00:00,2026-03-01T14:00:00+00:00,2026-03-01T19:00:00+05:00,44,2,t2,0.0012,0.1384,0.2069,3.15,43.0,0.76,2.0,-8.1,958.2,open-meteo/previous-runs (best_match + GFS/ICON/ECMWF),power_model_v1@2026-01-31,,
2026-02-27,2026-02-27T18:00:00+00:00,2026-03-01T15:00:00+00:00,2026-03-01T20:00:00+05:00,45,2,t2,0.0,0.1357,0.3326,5.04,53.0,1.82,1.5,-7.3,957.6,open-meteo/previous-runs (best_match + GFS/ICON/ECMWF),power_model_v1@2026-01-31,,
2026-02-27,2026-02-27T18:00:00+00:00,2026-03-01T16:00:00+00:00,2026-03-01T21:00:00+05:00,46,2,t2,0.0,0.1561,0.5362,6.88,56.0,2.9,2.3,-6.0,957.1,open-meteo/previous-runs (best_match + GFS/ICON/ECMWF),power_model_v1@2026-01-31,,
2026-02-27,2026-02-27T18:00:00+00:00,2026-03-01T17:00:00+00:00,2026-03-01T22:00:00+05:00,47,2,t2,0.1072,0.4796,0.9231,8.19,65.0,4.13,3.5,-4.7,956.4,open-meteo/previous-runs (best_match + GFS/ICON/ECMWF),power_model_v1@2026-01-31,,
2026-02-27,2026-02-27T18:00:00+00:00,2026-03-01T18:00:00+00:00,2026-03-01T23:00:00+05:00,48,2,t2,0.5592,0.85,0.9949,8.67,67.0,4.63,9.7,-5.0,956.5,open-meteo/previous-runs (best_match + GFS/ICON/ECMWF),power_model_v1@2026-01-31,,
2026-01-31,2026-01-31T18:00:00+00:00,2026-01-31T19:00:00+00:00,2026-02-01T00:00:00+05:00,1,1,farm,0.0073,0.05,0.1164,0.21,225.0,0.05,4.0,0.3,952.9,open-meteo/previous-runs (best_match + GFS/ICON/ECMWF),power_model_v1@2026-01-31,,
2026-01-31,2026-01-31T18:00:00+00:00,2026-01-31T20:00:00+00:00,2026-02-01T01:00:00+05:00,2,1,farm,0.0083,0.0286,0.0489,0.42,315.0,0.25,3.2,-1.0,953.2,open-meteo/previous-runs (best_match + GFS/ICON/ECMWF),power_model_v1@2026-01-31,,
2026-01-31,2026-01-31T18:00:00+00:00,2026-01-31T21:00:00+00:00,2026-02-01T02:00:00+05:00,3,1,farm,0.0084,0.027,0.0808,0.4,277.0,0.4,2.0,-1.2,953.3,open-meteo/previous-runs (best_match + GFS/ICON/ECMWF),power_model_v1@2026-01-31,,
2026-01-31,2026-01-31T18:00:00+00:00,2026-01-31T22:00:00+00:00,2026-02-01T03:00:00+05:00,4,1,farm,0.008,0.0377,0.1294,0.96,276.0,0.59,1.1,-1.4,953.6,open-meteo/previous-runs (best_match + GFS/ICON/ECMWF),power_model_v1@2026-01-31,,
2026-01-31,2026-01-31T18:00:00+00:00,2026-01-31T23:00:00+00:00,2026-02-01T04:00:00+05:00,5,1,farm,0.0034,0.1505,0.3505,0.8,266.0,0.38,0.9,-1.9,953.6,open-meteo/previous-runs (best_match + GFS/ICON/ECMWF),power_model_v1@2026-01-31,,
2026-01-31,2026-01-31T18:00:00+00:00,2026-02-01T00:00:00+00:00,2026-02-01T05:00:00+05:00,6,1,farm,0.0043,0.1193,0.3567,1.49,48.0,0.7,1.1,-1.2,953.8,open-meteo/previous-runs (best_match + GFS/ICON/ECMWF),power_model_v1@2026-01-31,,
2026-01-31,2026-01-31T18:00:00+00:00,2026-02-01T01:00:00+00:00,2026-02-01T06:00:00+05:00,7,1,farm,0.0051,0.0891,0.4554,2.12,45.0,1.05,1.4,-1.7,953.9,open-meteo/previous-runs (best_match + GFS/ICON/ECMWF),power_model_v1@2026-01-31,,
2026-01-31,2026-01-31T18:00:00+00:00,2026-02-01T02:00:00+00:00,2026-02-01T07:00:00+05:00,8,1,farm,0.0084,0.0151,0.522,3.33,47.0,1.35,1.3,-1.9,954.3,open-meteo/previous-runs (best_match + GFS/ICON/ECMWF),power_model_v1@2026-01-31,,
2026-01-31,2026-01-31T18:00:00+00:00,2026-02-01T03:00:00+00:00,2026-02-01T08:00:00+05:00,9,1,farm,0.0087,0.0966,0.4963,5.05,64.0,2.57,3.3,-1.1,955.0,open-meteo/previous-runs (best_match + GFS/ICON/ECMWF),power_model_v1@2026-01-31,,
2026-01-31,2026-01-31T18:00:00+00:00,2026-02-01T04:00:00+00:00,2026-02-01T09:00:00+05:00,10,1,farm,0.0019,0.1654,0.7865,4.83,64.0,3.27,5.1,1.2,955.5,open-meteo/previous-runs (best_match + GFS/ICON/ECMWF),power_model_v1@2026-01-31,,
2026-01-31,2026-01-31T18:00:00+00:00,2026-02-01T05:00:00+00:00,2026-02-01T10:00:00+05:00,11,1,farm,0.0205,0.1871,0.8237,4.53,56.0,3.01,6.8,2.5,955.8,open-meteo/previous-runs (best_match + GFS/ICON/ECMWF),power_model_v1@2026-01-31,,
2026-01-31,2026-01-31T18:00:00+00:00,2026-02-01T06:00:00+00:00,2026-02-01T11:00:00+05:00,12,1,farm,0.0008,0.2175,0.7505,3.59,55.0,2.87,6.8,3.6,955.9,open-meteo/previous-runs (best_match + GFS/ICON/ECMWF),power_model_v1@2026-01-31,,
2026-01-31,2026-01-31T18:00:00+00:00,2026-02-01T07:00:00+00:00,2026-02-01T12:00:00+05:00,13,1,farm,0.0017,0.1856,0.7208,3.86,48.0,3.05,6.8,4.7,955.4,open-meteo/previous-runs (best_match + GFS/ICON/ECMWF),power_model_v1@2026-01-31,,
2026-01-31,2026-01-31T18:00:00+00:00,2026-02-01T08:00:00+00:00,2026-02-01T13:00:00+05:00,14,1,farm,0.0018,0.2107,0.697,4.12,51.0,3.22,5.8,5.2,954.8,open-meteo/previous-runs (best_match + GFS/ICON/ECMWF),power_model_v1@2026-01-31,,
2026-01-31,2026-01-31T18:00:00+00:00,2026-02-01T09:00:00+00:00,2026-02-01T14:00:00+05:00,15,1,farm,0.0024,0.2245,0.6675,4.25,53.0,3.26,5.3,5.7,955.0,open-meteo/previous-runs (best_match + GFS/ICON/ECMWF),power_model_v1@2026-01-31,,
2026-01-31,2026-01-31T18:00:00+00:00,2026-02-01T10:00:00+00:00,2026-02-01T15:00:00+05:00,16,1,farm,0.0054,0.1869,0.6765,4.31,55.0,3.01,4.9,5.3,955.1,open-meteo/previous-runs (best_match + GFS/ICON/ECMWF),power_model_v1@2026-01-31,,
2026-01-31,2026-01-31T18:00:00+00:00,2026-02-01T11:00:00+00:00,2026-02-01T16:00:00+05:00,17,1,farm,0.0049,0.2825,0.7025,5.69,61.0,2.97,5.1,3.5,954.8,open-meteo/previous-runs (best_match + GFS/ICON/ECMWF),power_model_v1@2026-01-31,,
2026-01-31,2026-01-31T18:00:00+00:00,2026-02-01T12:00:00+00:00,2026-02-01T17:00:00+05:00,18,1,farm,0.0011,0.2447,0.5848,5.12,71.0,2.14,3.0,0.2,954.0,open-meteo/previous-runs (best_match + GFS/ICON/ECMWF),power_model_v1@2026-01-31,,
2026-01-31,2026-01-31T18:00:00+00:00,2026-02-01T13:00:00+00:00,2026-02-01T18:00:00+05:00,19,1,farm,0.0049,0.2404,0.5078,5.64,69.0,2.26,2.9,0.7,954.5,open-meteo/previous-runs (best_match + GFS/ICON/ECMWF),power_model_v1@2026-01-31,,
2026-01-31,2026-01-31T18:00:00+00:00,2026-02-01T14:00:00+00:00,2026-02-01T19:00:00+05:00,20,1,farm,0.0028,0.3237,0.588,5.6,70.0,2.21,2.9,0.5,954.7,open-meteo/previous-runs (best_match + GFS/ICON/ECMWF),power_model_v1@2026-01-31,,
2026-01-31,2026-01-31T18:00:00+00:00,2026-02-01T15:00:00+00:00,2026-02-01T20:00:00+05:00,21,1,farm,0.0049,0.3104,0.6079,5.77,68.0,2.25,2.9,0.3,954.5,open-meteo/previous-runs (best_match + GFS/ICON/ECMWF),power_model_v1@2026-01-31,,
2026-01-31,2026-01-31T18:00:00+00:00,2026-02-01T16:00:00+00:00,2026-02-01T21:00:00+05:00,22,1,farm,0.0385,0.2483,0.6075,5.87,70.0,2.4,3.2,-0.1,954.6,open-meteo/previous-runs (best_match + GFS/ICON/ECMWF),power_model_v1@2026-01-31,,
2026-01-31,2026-01-31T18:00:00+00:00,2026-02-01T17:00:00+00:00,2026-02-01T22:00:00+05:00,23,1,farm,0.0356,0.2479,0.594,5.74,70.0,2.37,3.3,-0.5,954.5,open-meteo/previous-runs (best_match + GFS/ICON/ECMWF),power_model_v1@2026-01-31,,
2026-01-31,2026-01-31T18:00:00+00:00,2026-02-01T18:00:00+00:00,2026-02-01T23:00:00+05:00,24,1,farm,0.0354,0.2323,0.6413,5.5,71.0,2.29,3.2,-0.3,954.1,open-meteo/previous-runs (best_match + GFS/ICON/ECMWF),power_model_v1@2026-01-31,,
2026-02-01,2026-02-01T18:00:00+00:00,2026-02-01T19:00:00+00:00,2026-02-02T00:00:00+05:00,1,1,farm,0.0393,0.246,0.7138,6.33,65.0,2.7,3.0,-0.6,954.0,open-meteo/previous-runs (best_match + GFS/ICON/ECMWF),power_model_v1@2026-01-31,0.2191,0.0269
2026-02-01,2026-02-01T18:00:00+00:00,2026-02-01T20:00:00+00:00,2026-02-02T01:00:00+05:00,2,1,farm,0.0511,0.2898,0.7404,6.65,66.0,2.8,3.1,-0.8,954.0,open-meteo/previous-runs (best_match + GFS/ICON/ECMWF),power_model_v1@2026-01-31,0.2408,0.049
2026-02-01,2026-02-01T18:00:00+00:00,2026-02-01T21:00:00+00:00,2026-02-02T02:00:00+05:00,3,1,farm,0.0636,0.2672,0.7823,6.64,65.0,2.75,3.7,-1.1,954.2,open-meteo/previous-runs (best_match + GFS/ICON/ECMWF),power_model_v1@2026-01-31,0.2449,0.0223
2026-02-01,2026-02-01T18:00:00+00:00,2026-02-01T22:00:00+00:00,2026-02-02T03:00:00+05:00,4,1,farm,0.1518,0.4057,0.9046,6.4,65.0,2.66,4.7,-1.4,954.3,open-meteo/previous-runs (best_match + GFS/ICON/ECMWF),power_model_v1@2026-01-31,0.2832,0.1225
2026-02-01,2026-02-01T18:00:00+00:00,2026-02-01T23:00:00+00:00,2026-02-02T04:00:00+05:00,5,1,farm,0.2024,0.5146,0.9162,6.42,66.0,2.75,5.3,-1.8,954.3,open-meteo/previous-runs (best_match + GFS/ICON/ECMWF),power_model_v1@2026-01-31,0.3892,0.1254
2026-02-01,2026-02-01T18:00:00+00:00,2026-02-02T00:00:00+00:00,2026-02-02T05:00:00+05:00,6,1,farm,0.1905,0.5274,0.9488,6.84,65.0,3.2,6.4,-2.0,954.3,open-meteo/previous-runs (best_match + GFS/ICON/ECMWF),power_model_v1@2026-01-31,0.403,0.1244
2026-02-01,2026-02-01T18:00:00+00:00,2026-02-02T01:00:00+00:00,2026-02-02T06:00:00+05:00,7,1,farm,0.1755,0.525,0.9471,6.8,63.0,3.15,6.9,-2.3,954.3,open-meteo/previous-runs (best_match + GFS/ICON/ECMWF),power_model_v1@2026-01-31,0.4909,0.0341
2026-02-01,2026-02-01T18:00:00+00:00,2026-02-02T02:00:00+00:00,2026-02-02T07:00:00+05:00,8,1,farm,0.189,0.4268,0.9406,6.57,63.0,2.95,7.1,-2.7,954.6,open-meteo/previous-runs (best_match + GFS/ICON/ECMWF),power_model_v1@2026-01-31,0.4284,-0.0016
2026-02-01,2026-02-01T18:00:00+00:00,2026-02-02T03:00:00+00:00,2026-02-02T08:00:00+05:00,9,1,farm,0.1812,0.4308,0.9647,6.46,64.0,3.35,7.3,-1.7,955.0,open-meteo/previous-runs (best_match + GFS/ICON/ECMWF),power_model_v1@2026-01-31,0.4177,0.0131
2026-02-01,2026-02-01T18:00:00+00:00,2026-02-02T04:00:00+00:00,2026-02-02T09:00:00+05:00,10,1,farm,0.2625,0.536,0.9823,7.8,63.0,3.7,9.3,1.7,955.6,open-meteo/previous-runs (best_match + GFS/ICON/ECMWF),power_model_v1@2026-01-31,0.4838,0.0522
2026-02-01,2026-02-01T18:00:00+00:00,2026-02-02T05:00:00+00:00,2026-02-02T10:00:00+05:00,11,1,farm,0.3109,0.6582,0.991,6.77,56.0,4.64,11.9,4.1,955.6,open-meteo/previous-runs (best_match + GFS/ICON/ECMWF),power_model_v1@2026-01-31,0.6509,0.0073
2026-02-01,2026-02-01T18:00:00+00:00,2026-02-02T06:00:00+00:00,2026-02-02T11:00:00+05:00,12,1,farm,0.3926,0.6972,0.9713,7.25,53.0,5.24,13.7,5.7,955.7,open-meteo/previous-runs (best_match + GFS/ICON/ECMWF),power_model_v1@2026-01-31,0.7066,-0.0094
2026-02-01,2026-02-01T18:00:00+00:00,2026-02-02T07:00:00+00:00,2026-02-02T12:00:00+05:00,13,1,farm,0.4599,0.789,0.9861,7.66,54.0,5.6,14.7,6.9,954.8,open-meteo/previous-runs (best_match + GFS/ICON/ECMWF),power_model_v1@2026-01-31,0.775,0.014
2026-02-01,2026-02-01T18:00:00+00:00,2026-02-02T08:00:00+00:00,2026-02-02T13:00:00+05:00,14,1,farm,0.4939,0.8221,0.9851,8.06,54.0,5.85,15.4,7.8,953.9,open-meteo/previous-runs (best_match + GFS/ICON/ECMWF),power_model_v1@2026-01-31,0.8587,-0.0366
2026-02-01,2026-02-01T18:00:00+00:00,2026-02-02T09:00:00+00:00,2026-02-02T14:00:00+05:00,15,1,farm,0.4826,0.8231,0.9852,8.28,53.0,5.88,15.4,8.0,953.7,open-meteo/previous-runs (best_match + GFS/ICON/ECMWF),power_model_v1@2026-01-31,0.9025,-0.0794
2026-02-01,2026-02-01T18:00:00+00:00,2026-02-02T10:00:00+00:00,2026-02-02T15:00:00+05:00,16,1,farm,0.451,0.8607,0.9862,7.84,52.0,4.95,15.0,7.2,953.7,open-meteo/previous-runs (best_match + GFS/ICON/ECMWF),power_model_v1@2026-01-31,0.8649,-0.0042
2026-02-01,2026-02-01T18:00:00+00:00,2026-02-02T11:00:00+00:00,2026-02-02T16:00:00+05:00,17,1,farm,0.424,0.7536,0.9927,7.62,60.0,3.88,13.7,5.3,953.3,open-meteo/previous-runs (best_match + GFS/ICON/ECMWF),power_model_v1@2026-01-31,0.7441,0.0095
2026-02-01,2026-02-01T18:00:00+00:00,2026-02-02T12:00:00+00:00,2026-02-02T17:00:00+05:00,18,1,farm,0.1626,0.7498,0.9274,5.44,62.0,2.01,10.4,1.7,952.8,open-meteo/previous-runs (best_match + GFS/ICON/ECMWF),power_model_v1@2026-01-31,0.6921,0.0577
2026-02-01,2026-02-01T18:00:00+00:00,2026-02-02T13:00:00+00:00,2026-02-02T18:00:00+05:00,19,1,farm,0.0075,0.4614,0.7097,3.91,69.0,1.5,3.5,0.6,953.1,open-meteo/previous-runs (best_match + GFS/ICON/ECMWF),power_model_v1@2026-01-31,0.6048,-0.1434
2026-02-01,2026-02-01T18:00:00+00:00,2026-02-02T14:00:00+00:00,2026-02-02T19:00:00+05:00,20,1,farm,0.0,0.3386,0.4516,3.07,66.0,1.05,3.6,0.0,953.1,open-meteo/previous-runs (best_match + GFS/ICON/ECMWF),power_model_v1@2026-01-31,0.363,-0.0244
2026-02-01,2026-02-01T18:00:00+00:00,2026-02-02T15:00:00+00:00,2026-02-02T20:00:00+05:00,21,1,farm,0.0028,0.1785,0.3052,3.11,66.0,1.25,2.9,-0.4,953.0,open-meteo/previous-runs (best_match + GFS/ICON/ECMWF),power_model_v1@2026-01-31,0.2365,-0.058
2026-02-01,2026-02-01T18:00:00+00:00,2026-02-02T16:00:00+00:00,2026-02-02T21:00:00+05:00,22,1,farm,0.0034,0.1824,0.2914,3.69,63.0,1.39,2.6,-1.1,952.6,open-meteo/previous-runs (best_match + GFS/ICON/ECMWF),power_model_v1@2026-01-31,0.2405,-0.0581
2026-02-01,2026-02-01T18:00:00+00:00,2026-02-02T17:00:00+00:00,2026-02-02T22:00:00+05:00,23,1,farm,0.0028,0.1886,0.3238,3.67,70.0,1.46,2.8,-1.1,952.4,open-meteo/previous-runs (best_match + GFS/ICON/ECMWF),power_model_v1@2026-01-31,0.2461,-0.0575
2026-02-01,2026-02-01T18:00:00+00:00,2026-02-02T18:00:00+00:00,2026-02-02T23:00:00+05:00,24,1,farm,0.0047,0.1503,0.3802,3.97,76.0,1.74,3.2,-0.8,952.0,open-meteo/previous-runs (best_match + GFS/ICON/ECMWF),power_model_v1@2026-01-31,0.1881,-0.0378
2026-02-02,2026-02-02T18:00:00+00:00,2026-02-02T19:00:00+00:00,2026-02-03T00:00:00+05:00,1,1,farm,0.006,0.2253,0.538,5.19,71.0,2.17,3.6,-0.8,951.6,open-meteo/previous-runs (best_match + GFS/ICON/ECMWF),power_model_v1@2026-01-31,0.1996,0.0257
2026-02-02,2026-02-02T18:00:00+00:00,2026-02-02T20:00:00+00:00,2026-02-03T01:00:00+05:00,2,1,farm,0.0652,0.3454,0.7097,6.05,67.0,2.52,4.2,-0.8,951.1,open-meteo/previous-runs (best_match + GFS/ICON/ECMWF),power_model_v1@2026-01-31,0.3591,-0.0137
2026-02-02,2026-02-02T18:00:00+00:00,2026-02-02T21:00:00+00:00,2026-02-03T02:00:00+05:00,3,1,farm,0.0903,0.4062,0.8555,6.47,69.0,2.84,4.5,-1.0,950.8,open-meteo/previous-runs (best_match + GFS/ICON/ECMWF),power_model_v1@2026-01-31,0.4419,-0.0357
2026-02-02,2026-02-02T18:00:00+00:00,2026-02-02T22:00:00+00:00,2026-02-03T03:00:00+05:00,4,1,farm,0.1409,0.4312,0.8908,6.52,69.0,2.84,4.9,-1.6,950.1,open-meteo/previous-runs (best_match + GFS/ICON/ECMWF),power_model_v1@2026-01-31,0.45,-0.0188
2026-02-02,2026-02-02T18:00:00+00:00,2026-02-02T23:00:00+00:00,2026-02-03T04:00:00+05:00,5,1,farm,0.1685,0.4591,0.848,6.53,66.0,2.62,4.9,-1.7,950.0,open-meteo/previous-runs (best_match + GFS/ICON/ECMWF),power_model_v1@2026-01-31,0.4477,0.0114
2026-02-02,2026-02-02T18:00:00+00:00,2026-02-03T00:00:00+00:00,2026-02-03T05:00:00+05:00,6,1,farm,0.066,0.3631,0.8605,4.78,59.0,1.54,5.0,-2.4,950.4,open-meteo/previous-runs (best_match + GFS/ICON/ECMWF),power_model_v1@2026-01-31,0.3517,0.0114
2026-02-02,2026-02-02T18:00:00+00:00,2026-02-03T01:00:00+00:00,2026-02-03T06:00:00+05:00,7,1,farm,0.0551,0.2875,0.687,2.43,76.0,0.99,4.7,-2.7,951.0,open-meteo/previous-runs (best_match + GFS/ICON/ECMWF),power_model_v1@2026-01-31,0.251,0.0365
2026-02-02,2026-02-02T18:00:00+00:00,2026-02-03T02:00:00+00:00,2026-02-03T07:00:00+05:00,8,1,farm,0.0101,0.1903,0.5642,3.43,71.0,1.45,4.7,-2.7,951.2,open-meteo/previous-runs (best_match + GFS/ICON/ECMWF),power_model_v1@2026-01-31,0.2385,-0.0482
2026-02-02,2026-02-02T18:00:00+00:00,2026-02-03T03:00:00+00:00,2026-02-03T08:00:00+05:00,9,1,farm,0.0042,0.1425,0.3683,2.47,83.0,0.99,4.1,-0.5,952.6,open-meteo/previous-runs (best_match + GFS/ICON/ECMWF),power_model_v1@2026-01-31,0.15,-0.0075
2026-02-02,2026-02-02T18:00:00+00:00,2026-02-03T04:00:00+00:00,2026-02-03T09:00:00+05:00,10,1,farm,0.0066,0.0677,0.2238,2.67,218.0,1.82,3.1,3.0,954.0,open-meteo/previous-runs (best_match + GFS/ICON/ECMWF),power_model_v1@2026-01-31,0.1285,-0.0608
2026-02-02,2026-02-02T18:00:00+00:00,2026-02-03T05:00:00+00:00,2026-02-03T10:00:00+05:00,11,1,farm,0.0077,0.039,0.0886,3.43,254.0,2.52,4.0,5.1,954.3,open-meteo/previous-runs (best_match + GFS/ICON/ECMWF),power_model_v1@2026-01-31,0.0675,-0.0285
2026-02-02,2026-02-02T18:00:00+00:00,2026-02-03T06:00:00+00:00,2026-02-03T11:00:00+05:00,12,1,farm,0.0065,0.0653,0.2627,5.06,253.0,3.8,4.5,5.4,954.6,open-meteo/previous-runs (best_match + GFS/ICON/ECMWF),power_model_v1@2026-01-31,0.0593,0.006
2026-02-02,2026-02-02T18:00:00+00:00,2026-02-03T07:00:00+00:00,2026-02-03T12:00:00+05:00,13,1,farm,0.0064,0.0687,0.1733,4.82,260.0,3.61,3.2,6.0,954.4,open-meteo/previous-runs (best_match + GFS/ICON/ECMWF),power_model_v1@2026-01-31,0.0582,0.0105
2026-02-02,2026-02-02T18:00:00+00:00,2026-02-03T08:00:00+00:00,2026-02-03T13:00:00+05:00,14,1,farm,0.007,0.0599,0.1088,3.15,268.0,2.4,2.3,7.2,953.7,open-meteo/previous-runs (best_match + GFS/ICON/ECMWF),power_model_v1@2026-01-31,0.0631,-0.0032
2026-02-02,2026-02-02T18:00:00+00:00,2026-02-03T09:00:00+00:00,2026-02-03T14:00:00+05:00,15,1,farm,0.0079,0.0435,0.0689,3.2,272.0,2.4,3.1,7.2,953.9,open-meteo/previous-runs (best_match + GFS/ICON/ECMWF),power_model_v1@2026-01-31,0.0703,-0.0268
2026-02-02,2026-02-02T18:00:00+00:00,2026-02-03T10:00:00+00:00,2026-02-03T15:00:00+05:00,16,1,farm,0.0077,0.0471,0.1097,2.45,268.0,1.75,3.4,7.0,954.4,open-meteo/previous-runs (best_match + GFS/ICON/ECMWF),power_model_v1@2026-01-31,0.0812,-0.0341
2026-02-02,2026-02-02T18:00:00+00:00,2026-02-03T11:00:00+00:00,2026-02-03T16:00:00+05:00,17,1,farm,0.0052,0.1063,0.1937,3.2,267.0,1.4,3.1,4.4,954.5,open-meteo/previous-runs (best_match + GFS/ICON/ECMWF),power_model_v1@2026-01-31,0.1477,-0.0414
2026-02-02,2026-02-02T18:00:00+00:00,2026-02-03T12:00:00+00:00,2026-02-03T17:00:00+05:00,18,1,farm,0.0044,0.1964,0.3987,4.86,266.0,2.11,4.9,1.2,954.1,open-meteo/previous-runs (best_match + GFS/ICON/ECMWF),power_model_v1@2026-01-31,0.1895,0.0069
2026-02-02,2026-02-02T18:00:00+00:00,2026-02-03T13:00:00+00:00,2026-02-03T18:00:00+05:00,19,1,farm,0.0044,0.378,0.6801,4.44,230.0,2.13,5.4,2.2,955.2,open-meteo/previous-runs (best_match + GFS/ICON/ECMWF),power_model_v1@2026-01-31,0.3349,0.0431
2026-02-02,2026-02-02T18:00:00+00:00,2026-02-03T14:00:00+00:00,2026-02-03T19:00:00+05:00,20,1,farm,0.0863,0.4416,0.756,6.42,238.0,3.24,6.4,2.4,955.6,open-meteo/previous-runs (best_match + GFS/ICON/ECMWF),power_model_v1@2026-01-31,0.3645,0.0771
2026-02-02,2026-02-02T18:00:00+00:00,2026-02-03T15:00:00+00:00,2026-02-03T20:00:00+05:00,21,1,farm,0.1012,0.5463,0.8764,7.23,246.0,3.61,6.5,2.5,955.8,open-meteo/previous-runs (best_match + GFS/ICON/ECMWF),power_model_v1@2026-01-31,0.3849,0.1614
2026-02-02,2026-02-02T18:00:00+00:00,2026-02-03T16:00:00+00:00,2026-02-03T21:00:00+05:00,22,1,farm,0.1145,0.5704,0.8938,6.54,249.0,3.05,6.2,1.8,956.0,open-meteo/previous-runs (best_match + GFS/ICON/ECMWF),power_model_v1@2026-01-31,0.3928,0.1776
2026-02-02,2026-02-02T18:00:00+00:00,2026-02-03T17:00:00+00:00,2026-02-03T22:00:00+05:00,23,1,farm,0.0988,0.5927,0.8876,6.36,252.0,3.18,6.0,1.8,956.4,open-meteo/previous-runs (best_match + GFS/ICON/ECMWF),power_model_v1@2026-01-31,0.31,0.2827
2026-02-02,2026-02-02T18:00:00+00:00,2026-02-03T18:00:00+00:00,2026-02-03T23:00:00+05:00,24,1,farm,0.1054,0.6042,0.8819,6.6,246.0,3.19,6.0,2.5,955.8,open-meteo/previous-runs (best_match + GFS/ICON/ECMWF),power_model_v1@2026-01-31,0.2976,0.3066
2026-02-03,2026-02-03T18:00:00+00:00,2026-02-03T19:00:00+00:00,2026-02-04T00:00:00+05:00,1,1,farm,0.0948,0.5569,0.8761,6.29,258.0,2.68,6.6,1.7,956.1,open-meteo/previous-runs (best_match + GFS/ICON/ECMWF),power_model_v1@2026-01-31,0.2915,0.2654
2026-02-03,2026-02-03T18:00:00+00:00,2026-02-03T20:00:00+00:00,2026-02-04T01:00:00+05:00,2,1,farm,0.0822,0.503,0.8849,7.24,251.0,3.6,6.9,2.0,956.8,open-meteo/previous-runs (best_match + GFS/ICON/ECMWF),power_model_v1@2026-01-31,0.1923,0.3107
2026-02-03,2026-02-03T18:00:00+00:00,2026-02-03T21:00:00+00:00,2026-02-04T02:00:00+05:00,3,1,farm,0.068,0.5101,0.8836,6.48,250.0,3.17,7.0,2.5,957.3,open-meteo/previous-runs (best_match + GFS/ICON/ECMWF),power_model_v1@2026-01-31,0.2531,0.257
2026-02-03,2026-02-03T18:00:00+00:00,2026-02-03T22:00:00+00:00,2026-02-04T03:00:00+05:00,4,1,farm,0.0707,0.5079,0.8736,6.37,255.0,3.14,6.4,2.6,957.3,open-meteo/previous-runs (best_match + GFS/ICON/ECMWF),power_model_v1@2026-01-31,0.4279,0.08
2026-02-03,2026-02-03T18:00:00+00:00,2026-02-03T23:00:00+00:00,2026-02-04T04:00:00+05:00,5,1,farm,0.0911,0.5144,0.8515,6.16,249.0,3.11,6.1,2.6,957.5,open-meteo/previous-runs (best_match + GFS/ICON/ECMWF),power_model_v1@2026-01-31,0.4427,0.0717
2026-02-03,2026-02-03T18:00:00+00:00,2026-02-04T00:00:00+00:00,2026-02-04T05:00:00+05:00,6,1,farm,0.1538,0.5731,0.9175,7.61,241.0,4.31,6.5,2.6,958.1,open-meteo/previous-runs (best_match + GFS/ICON/ECMWF),power_model_v1@2026-01-31,0.3423,0.2308
2026-02-03,2026-02-03T18:00:00+00:00,2026-02-04T01:00:00+00:00,2026-02-04T06:00:00+05:00,7,1,farm,0.1967,0.6068,0.9785,6.87,241.0,3.79,9.5,2.5,958.2,open-meteo/previous-runs (best_match + GFS/ICON/ECMWF),power_model_v1@2026-01-31,0.475,0.1318
2026-02-03,2026-02-03T18:00:00+00:00,2026-02-04T02:00:00+00:00,2026-02-04T07:00:00+05:00,8,1,farm,0.1152,0.4673,0.9151,6.98,238.0,3.83,10.1,2.4,958.5,open-meteo/previous-runs (best_match + GFS/ICON/ECMWF),power_model_v1@2026-01-31,0.4805,-0.0132
2026-02-03,2026-02-03T18:00:00+00:00,2026-02-04T03:00:00+00:00,2026-02-04T08:00:00+05:00,9,1,farm,0.0596,0.3761,0.8758,7.0,244.0,3.75,9.7,2.6,959.2,open-meteo/previous-runs (best_match + GFS/ICON/ECMWF),power_model_v1@2026-01-31,0.4345,-0.0584
2026-02-03,2026-02-03T18:00:00+00:00,2026-02-04T04:00:00+00:00,2026-02-04T09:00:00+05:00,10,1,farm,0.0029,0.2927,0.8218,7.15,232.0,4.15,8.5,3.1,959.5,open-meteo/previous-runs (best_match + GFS/ICON/ECMWF),power_model_v1@2026-01-31,0.3799,-0.0872
2026-02-03,2026-02-03T18:00:00+00:00,2026-02-04T05:00:00+00:00,2026-02-04T10:00:00+05:00,11,1,farm,0.0033,0.272,0.7813,7.05,232.0,4.41,8.1,3.7,959.7,open-meteo/previous-runs (best_match + GFS/ICON/ECMWF),power_model_v1@2026-01-31,0.2743,-0.0023
2026-02-03,2026-02-03T18:00:00+00:00,2026-02-04T06:00:00+00:00,2026-02-04T11:00:00+05:00,12,1,farm,0.0053,0.2134,0.6113,5.59,238.0,3.97,8.6,4.7,959.9,open-meteo/previous-runs (best_match + GFS/ICON/ECMWF),power_model_v1@2026-01-31,0.271,-0.0576
2026-02-03,2026-02-03T18:00:00+00:00,2026-02-04T07:00:00+00:00,2026-02-04T12:00:00+05:00,13,1,farm,0.009,0.1677,0.5334,5.23,243.0,3.99,9.4,6.2,959.6,open-meteo/previous-runs (best_match + GFS/ICON/ECMWF),power_model_v1@2026-01-31,0.2154,-0.0477
2026-02-03,2026-02-03T18:00:00+00:00,2026-02-04T08:00:00+00:00,2026-02-04T13:00:00+05:00,14,1,farm,0.0083,0.1661,0.4758,5.19,251.0,4.0,9.6,7.6,958.9,open-meteo/previous-runs (best_match + GFS/ICON/ECMWF),power_model_v1@2026-01-31,0.1516,0.0145
2026-02-03,2026-02-03T18:00:00+00:00,2026-02-04T09:00:00+00:00,2026-02-04T14:00:00+05:00,15,1,farm,0.0075,0.1775,0.4578,4.99,254.0,3.81,10.0,8.0,958.7,open-meteo/previous-runs (best_match + GFS/ICON/ECMWF),power_model_v1@2026-01-31,0.1801,-0.0026
2026-02-03,2026-02-03T18:00:00+00:00,2026-02-04T10:00:00+00:00,2026-02-04T15:00:00+05:00,16,1,farm,0.0061,0.1645,0.4243,4.57,250.0,3.39,10.0,7.4,958.8,open-meteo/previous-runs (best_match + GFS/ICON/ECMWF),power_model_v1@2026-01-31,0.1606,0.0039
2026-02-03,2026-02-03T18:00:00+00:00,2026-02-04T11:00:00+00:00,2026-02-04T16:00:00+05:00,17,1,farm,0.0104,0.0994,0.3587,3.85,244.0,1.79,9.5,6.0,958.8,open-meteo/previous-runs (best_match + GFS/ICON/ECMWF),power_model_v1@2026-01-31,0.205,-0.1056
2026-02-03,2026-02-03T18:00:00+00:00,2026-02-04T12:00:00+00:00,2026-02-04T17:00:00+05:00,18,1,farm,0.0046,0.1295,0.2575,2.76,238.0,1.03,5.8,2.9,957.4,open-meteo/previous-runs (best_match + GFS/ICON/ECMWF),power_model_v1@2026-01-31,0.1096,0.0199
2026-02-03,2026-02-03T18:00:00+00:00,2026-02-04T13:00:00+00:00,2026-02-04T18:00:00+05:00,19,1,farm,0.0063,0.0857,0.2947,1.72,253.0,0.66,2.4,1.9,957.4,open-meteo/previous-runs (best_match + GFS/ICON/ECMWF),power_model_v1@2026-01-31,0.0985,-0.0128
2026-02-03,2026-02-03T18:00:00+00:00,2026-02-04T14:00:00+00:00,2026-02-04T19:00:00+05:00,20,1,farm,0.0003,0.2511,0.4755,3.24,56.0,1.75,2.2,0.6,957.6,open-meteo/previous-runs (best_match + GFS/ICON/ECMWF),power_model_v1@2026-01-31,0.205,0.0461
2026-02-03,2026-02-03T18:00:00+00:00,2026-02-04T15:00:00+00:00,2026-02-04T20:00:00+05:00,21,1,farm,0.0651,0.3639,0.7884,6.02,66.0,2.75,3.4,1.0,958.2,open-meteo/previous-runs (best_match + GFS/ICON/ECMWF),power_model_v1@2026-01-31,0.2871,0.0768
2026-02-03,2026-02-03T18:00:00+00:00,2026-02-04T16:00:00+00:00,2026-02-04T21:00:00+05:00,22,1,farm,0.2274,0.6529,0.9595,6.49,66.0,3.01,5.5,0.1,958.4,open-meteo/previous-runs (best_match + GFS/ICON/ECMWF),power_model_v1@2026-01-31,0.5575,0.0954
2026-02-03,2026-02-03T18:00:00+00:00,2026-02-04T17:00:00+00:00,2026-02-04T22:00:00+05:00,23,1,farm,0.2431,0.6382,1.0,6.93,64.0,3.36,6.5,-0.7,958.0,open-meteo/previous-runs (best_match + GFS/ICON/ECMWF),power_model_v1@2026-01-31,0.6966,-0.0584
2026-02-03,2026-02-03T18:00:00+00:00,2026-02-04T18:00:00+00:00,2026-02-04T23:00:00+05:00,24,1,farm,0.3805,0.6502,0.9924,7.63,61.0,3.92,7.1,-1.3,957.4,open-meteo/previous-runs (best_match + GFS/ICON/ECMWF),power_model_v1@2026-01-31,0.6773,-0.0271
2026-02-04,2026-02-04T18:00:00+00:00,2026-02-04T19:00:00+00:00,2026-02-05T00:00:00+05:00,1,1,farm,0.5315,0.8303,0.995,8.52,60.0,4.62,8.0,-1.3,957.0,open-meteo/previous-runs (best_match + GFS/ICON/ECMWF),power_model_v1@2026-01-31,0.7028,0.1275
2026-02-04,2026-02-04T18:00:00+00:00,2026-02-04T20:00:00+00:00,2026-02-05T01:00:00+05:00,2,1,farm,0.743,0.9016,0.994,9.11,61.0,5.22,9.5,-0.9,956.4,open-meteo/previous-runs (best_match + GFS/ICON/ECMWF),power_model_v1@2026-01-31,0.7934,0.1082
2026-02-04,2026-02-04T18:00:00+00:00,2026-02-04T21:00:00+00:00,2026-02-05T02:00:00+05:00,3,1,farm,0.8985,0.9384,0.9934,9.71,66.0,5.64,10.1,-0.4,955.9,open-meteo/previous-runs (best_match + GFS/ICON/ECMWF),power_model_v1@2026-01-31,0.8796,0.0588
2026-02-04,2026-02-04T18:00:00+00:00,2026-02-04T22:00:00+00:00,2026-02-05T03:00:00+05:00,4,1,farm,0.9575,0.9585,0.994,10.07,71.0,5.98,10.9,-0.1,955.2,open-meteo/previous-runs (best_match + GFS/ICON/ECMWF),power_model_v1@2026-01-31,0.9302,0.0283
2026-02-04,2026-02-04T18:00:00+00:00,2026-02-04T23:00:00+00:00,2026-02-05T04:00:00+05:00,5,1,farm,0.9558,0.9568,0.9852,10.41,74.0,6.2,12.2,0.2,955.0,open-meteo/previous-runs (best_match + GFS/ICON/ECMWF),power_model_v1@2026-01-31,0.9446,0.0122
2026-02-04,2026-02-04T18:00:00+00:00,2026-02-05T00:00:00+00:00,2026-02-05T05:00:00+05:00,6,1,farm,0.9057,0.9067,0.9868,10.98,77.0,6.75,15.4,1.1,954.3,open-meteo/previous-runs (best_match + GFS/ICON/ECMWF),power_model_v1@2026-01-31,0.9424,-0.0357
2026-02-04,2026-02-04T18:00:00+00:00,2026-02-05T01:00:00+00:00,2026-02-05T06:00:00+05:00,7,1,farm,0.8982,0.8991,0.9877,11.71,79.0,7.47,17.2,1.5,953.7,open-meteo/previous-runs (best_match + GFS/ICON/ECMWF),power_model_v1@2026-01-31,0.9468,-0.0477
2026-02-04,2026-02-04T18:00:00+00:00,2026-02-05T02:00:00+00:00,2026-02-05T07:00:00+05:00,8,1,farm,0.8959,0.8968,0.9878,11.89,80.0,7.57,18.0,1.4,953.2,open-meteo/previous-runs (best_match + GFS/ICON/ECMWF),power_model_v1@2026-01-31,0.8969,-0.0001
2026-02-04,2026-02-04T18:00:00+00:00,2026-02-05T03:00:00+00:00,2026-02-05T08:00:00+05:00,9,1,farm,0.8964,0.8973,0.9878,11.98,83.0,7.77,18.8,2.0,953.3,open-meteo/previous-runs (best_match + GFS/ICON/ECMWF),power_model_v1@2026-01-31,0.8927,0.0046
2026-02-04,2026-02-04T18:00:00+00:00,2026-02-05T04:00:00+00:00,2026-02-05T09:00:00+05:00,10,1,farm,0.9489,0.9499,0.9847,11.6,78.0,7.05,20.3,3.2,953.1,open-meteo/previous-runs (best_match + GFS/ICON/ECMWF),power_model_v1@2026-01-31,0.8775,0.0724
2026-02-04,2026-02-04T18:00:00+00:00,2026-02-05T05:00:00+00:00,2026-02-05T10:00:00+05:00,11,1,farm,0.9607,0.9616,0.983,11.45,77.0,8.02,21.7,4.9,952.6,open-meteo/previous-runs (best_match + GFS/ICON/ECMWF),power_model_v1@2026-01-31,0.9531,0.0085
2026-02-04,2026-02-04T18:00:00+00:00,2026-02-05T06:00:00+00:00,2026-02-05T11:00:00+05:00,12,1,farm,0.9651,0.9737,0.982,11.75,75.0,8.43,23.8,6.7,951.8,open-meteo/previous-runs (best_match + GFS/ICON/ECMWF),power_model_v1@2026-01-31,0.9722,0.0015
2026-02-04,2026-02-04T18:00:00+00:00,2026-02-05T07:00:00+00:00,2026-02-05T12:00:00+05:00,13,1,farm,0.9174,0.9588,0.9819,12.09,74.0,8.65,24.1,7.9,950.9,open-meteo/previous-runs (best_match + GFS/ICON/ECMWF),power_model_v1@2026-01-31,0.9673,-0.0085
2026-02-04,2026-02-04T18:00:00+00:00,2026-02-05T08:00:00+00:00,2026-02-05T13:00:00+05:00,14,1,farm,0.9242,0.9367,0.9828,11.22,73.0,7.99,23.8,8.3,949.7,open-meteo/previous-runs (best_match + GFS/ICON/ECMWF),power_model_v1@2026-01-31,0.9428,-0.0061
2026-02-04,2026-02-04T18:00:00+00:00,2026-02-05T09:00:00+00:00,2026-02-05T14:00:00+05:00,15,1,farm,0.8514,0.9316,0.9827,10.16,69.0,7.25,23.0,8.5,949.1,open-meteo/previous-runs (best_match + GFS/ICON/ECMWF),power_model_v1@2026-01-31,0.9299,0.0017
2026-02-04,2026-02-04T18:00:00+00:00,2026-02-05T10:00:00+00:00,2026-02-05T15:00:00+05:00,16,1,farm,0.5684,0.9334,0.9835,8.5,63.0,5.94,21.8,8.0,949.1,open-meteo/previous-runs (best_match + GFS/ICON/ECMWF),power_model_v1@2026-01-31,0.9549,-0.0215
2026-02-04,2026-02-04T18:00:00+00:00,2026-02-05T11:00:00+00:00,2026-02-05T16:00:00+05:00,17,1,farm,0.4405,0.9299,0.9844,7.94,68.0,4.68,20.3,6.4,949.1,open-meteo/previous-runs (best_match + GFS/ICON/ECMWF),power_model_v1@2026-01-31,0.9123,0.0176
2026-02-04,2026-02-04T18:00:00+00:00,2026-02-05T12:00:00+00:00,2026-02-05T17:00:00+05:00,18,1,farm,0.4024,0.8979,0.99,7.03,74.0,3.36,14.6,2.9,948.2,open-meteo/previous-runs (best_match + GFS/ICON/ECMWF),power_model_v1@2026-01-31,0.9357,-0.0378
2026-02-04,2026-02-04T18:00:00+00:00,2026-02-05T13:00:00+00:00,2026-02-05T18:00:00+05:00,19,1,farm,0.3194,0.8358,0.9998,6.5,78.0,2.99,10.8,-0.1,947.8,open-meteo/previous-runs (best_match + GFS/ICON/ECMWF),power_model_v1@2026-01-31,0.8956,-0.0598
2026-02-04,2026-02-04T18:00:00+00:00,2026-02-05T14:00:00+00:00,2026-02-05T19:00:00+05:00,20,1,farm,0.2337,0.8224,0.9777,6.59,78.0,3.18,8.5,-1.1,947.7,open-meteo/previous-runs (best_match + GFS/ICON/ECMWF),power_model_v1@2026-01-31,0.83,-0.0076
2026-02-04,2026-02-04T18:00:00+00:00,2026-02-05T15:00:00+00:00,2026-02-05T20:00:00+05:00,21,1,farm,0.228,0.7534,0.9617,6.86,78.0,3.44,7.4,-1.1,947.4,open-meteo/previous-runs (best_match + GFS/ICON/ECMWF),power_model_v1@2026-01-31,0.8042,-0.0508
2026-02-04,2026-02-04T18:00:00+00:00,2026-02-05T16:00:00+00:00,2026-02-05T21:00:00+05:00,22,1,farm,0.2002,0.7075,0.9708,6.88,72.0,3.29,7.2,-1.1,947.4,open-meteo/previous-runs (best_match + GFS/ICON/ECMWF),power_model_v1@2026-01-31,0.7707,-0.0632
2026-02-04,2026-02-04T18:00:00+00:00,2026-02-05T17:00:00+00:00,2026-02-05T22:00:00+05:00,23,1,farm,0.1786,0.65,0.9492,6.36,72.0,2.84,6.6,-1.5,947.1,open-meteo/previous-runs (best_match + GFS/ICON/ECMWF),power_model_v1@2026-01-31,0.6614,-0.0114
2026-02-04,2026-02-04T18:00:00+00:00,2026-02-05T18:00:00+00:00,2026-02-05T23:00:00+05:00,24,1,farm,0.1743,0.516,0.931,6.57,69.0,2.97,6.5,-1.4,946.9,open-meteo/previous-runs (best_match + GFS/ICON/ECMWF),power_model_v1@2026-01-31,0.5454,-0.0294
2026-02-05,2026-02-05T18:00:00+00:00,2026-02-05T19:00:00+00:00,2026-02-06T00:00:00+05:00,1,1,farm,0.1671,0.4275,0.8697,6.18,67.0,2.6,6.1,-1.6,946.9,open-meteo/previous-runs (best_match + GFS/ICON/ECMWF),power_model_v1@2026-01-31,0.482,-0.0545
2026-02-05,2026-02-05T18:00:00+00:00,2026-02-05T20:00:00+00:00,2026-02-06T01:00:00+05:00,2,1,farm,0.1207,0.4139,0.8223,5.49,67.0,2.22,6.0,-1.9,946.6,open-meteo/previous-runs (best_match + GFS/ICON/ECMWF),power_model_v1@2026-01-31,0.4189,-0.005
2026-02-05,2026-02-05T18:00:00+00:00,2026-02-05T21:00:00+00:00,2026-02-06T02:00:00+05:00,3,1,farm,0.0642,0.4554,0.8274,5.12,63.0,1.92,5.6,-2.0,946.7,open-meteo/previous-runs (best_match + GFS/ICON/ECMWF),power_model_v1@2026-01-31,0.3965,0.0589
2026-02-05,2026-02-05T18:00:00+00:00,2026-02-05T22:00:00+00:00,2026-02-06T03:00:00+05:00,4,1,farm,0.0461,0.3581,0.8232,4.73,59.0,1.61,5.2,-1.8,947.3,open-meteo/previous-runs (best_match + GFS/ICON/ECMWF),power_model_v1@2026-01-31,0.3345,0.0236
2026-02-05,2026-02-05T18:00:00+00:00,2026-02-05T23:00:00+00:00,2026-02-06T04:00:00+05:00,5,1,farm,0.0247,0.3328,0.6822,3.01,75.0,1.07,4.7,-1.4,948.3,open-meteo/previous-runs (best_match + GFS/ICON/ECMWF),power_model_v1@2026-01-31,0.2226,0.1102
2026-02-05,2026-02-05T18:00:00+00:00,2026-02-06T00:00:00+00:00,2026-02-06T05:00:00+05:00,6,1,farm,0.0037,0.1763,0.3917,2.92,84.0,1.2,3.5,-0.8,948.5,open-meteo/previous-runs (best_match + GFS/ICON/ECMWF),power_model_v1@2026-01-31,0.1477,0.0286
2026-02-05,2026-02-05T18:00:00+00:00,2026-02-06T01:00:00+00:00,2026-02-06T06:00:00+05:00,7,1,farm,0.0021,0.1731,0.3819,2.02,171.0,1.48,3.4,0.2,949.6,open-meteo/previous-runs (best_match + GFS/ICON/ECMWF),power_model_v1@2026-01-31,0.1373,0.0358
2026-02-05,2026-02-05T18:00:00+00:00,2026-02-06T02:00:00+00:00,2026-02-06T07:00:00+05:00,8,1,farm,0.0071,0.0682,0.2568,6.09,258.0,2.65,3.1,1.3,951.4,open-meteo/previous-runs (best_match + GFS/ICON/ECMWF),power_model_v1@2026-01-31,0.1535,-0.0853
2026-02-05,2026-02-05T18:00:00+00:00,2026-02-06T03:00:00+00:00,2026-02-06T08:00:00+05:00,9,1,farm,0.0022,0.1276,0.4335,7.29,259.0,3.94,4.3,1.6,953.2,open-meteo/previous-runs (best_match + GFS/ICON/ECMWF),power_model_v1@2026-01-31,0.2577,-0.1301
2026-02-05,2026-02-05T18:00:00+00:00,2026-02-06T04:00:00+00:00,2026-02-06T09:00:00+05:00,10,1,farm,0.0028,0.1375,0.4044,5.48,260.0,3.4,4.2,3.0,954.0,open-meteo/previous-runs (best_match + GFS/ICON/ECMWF),power_model_v1@2026-01-31,0.3297,-0.1922
2026-02-05,2026-02-05T18:00:00+00:00,2026-02-06T05:00:00+00:00,2026-02-06T10:00:00+05:00,11,1,farm,0.0032,0.1473,0.3036,2.77,242.0,2.1,4.6,4.5,954.5,open-meteo/previous-runs (best_match + GFS/ICON/ECMWF),power_model_v1@2026-01-31,0.3658,-0.2185
2026-02-05,2026-02-05T18:00:00+00:00,2026-02-06T06:00:00+00:00,2026-02-06T11:00:00+05:00,12,1,farm,0.0072,0.2833,0.7073,5.33,260.0,3.75,10.3,5.4,954.8,open-meteo/previous-runs (best_match + GFS/ICON/ECMWF),power_model_v1@2026-01-31,0.6281,-0.3448
2026-02-05,2026-02-05T18:00:00+00:00,2026-02-06T07:00:00+00:00,2026-02-06T12:00:00+05:00,13,1,farm,0.1903,0.5437,0.8711,8.8,261.0,6.22,16.6,6.5,954.7,open-meteo/previous-runs (best_match + GFS/ICON/ECMWF),power_model_v1@2026-01-31,0.7167,-0.173
2026-02-05,2026-02-05T18:00:00+00:00,2026-02-06T08:00:00+00:00,2026-02-06T13:00:00+05:00,14,1,farm,0.4413,0.8256,0.993,9.74,257.0,6.61,19.4,5.7,954.7,open-meteo/previous-runs (best_match + GFS/ICON/ECMWF),power_model_v1@2026-01-31,0.8693,-0.0437
2026-02-05,2026-02-05T18:00:00+00:00,2026-02-06T09:00:00+00:00,2026-02-06T14:00:00+05:00,15,1,farm,0.6161,0.9037,0.9849,11.73,261.0,8.23,19.6,5.7,955.4,open-meteo/previous-runs (best_match + GFS/ICON/ECMWF),power_model_v1@2026-01-31,0.9581,-0.0544
2026-02-05,2026-02-05T18:00:00+00:00,2026-02-06T10:00:00+00:00,2026-02-06T15:00:00+05:00,16,1,farm,0.9167,0.955,0.9826,12.85,259.0,8.98,19.0,5.4,956.5,open-meteo/previous-runs (best_match + GFS/ICON/ECMWF),power_model_v1@2026-01-31,0.9542,0.0008
2026-02-05,2026-02-05T18:00:00+00:00,2026-02-06T11:00:00+00:00,2026-02-06T16:00:00+05:00,17,1,farm,0.962,0.9629,0.9841,13.73,257.0,9.0,17.2,4.5,957.5,open-meteo/previous-runs (best_match + GFS/ICON/ECMWF),power_model_v1@2026-01-31,0.9665,-0.0036
2026-02-05,2026-02-05T18:00:00+00:00,2026-02-06T12:00:00+00:00,2026-02-06T17:00:00+05:00,18,1,farm,0.9639,0.9696,0.9835,14.87,255.0,9.55,16.8,4.1,957.9,open-meteo/previous-runs (best_match + GFS/ICON/ECMWF),power_model_v1@2026-01-31,0.9437,0.0259
2026-02-05,2026-02-05T18:00:00+00:00,2026-02-06T13:00:00+00:00,2026-02-06T18:00:00+05:00,19,1,farm,0.9606,0.9616,0.9854,16.0,256.0,10.48,17.2,2.7,959.9,open-meteo/previous-runs (best_match + GFS/ICON/ECMWF),power_model_v1@2026-01-31,0.9588,0.0028
2026-02-05,2026-02-05T18:00:00+00:00,2026-02-06T14:00:00+00:00,2026-02-06T19:00:00+05:00,20,1,farm,0.9865,0.9988,0.9998,14.47,257.0,9.36,17.2,1.3,961.4,open-meteo/previous-runs (best_match + GFS/ICON/ECMWF),power_model_v1@2026-01-31,0.9678,0.031
2026-02-05,2026-02-05T18:00:00+00:00,2026-02-06T15:00:00+00:00,2026-02-06T20:00:00+05:00,21,1,farm,0.9798,0.9808,0.9864,14.15,252.0,9.06,16.7,1.2,962.3,open-meteo/previous-runs (best_match + GFS/ICON/ECMWF),power_model_v1@2026-01-31,1.0,-0.0192
2026-02-05,2026-02-05T18:00:00+00:00,2026-02-06T16:00:00+00:00,2026-02-06T21:00:00+05:00,22,1,farm,0.9513,0.9523,0.9856,13.49,252.0,8.67,15.2,1.0,963.1,open-meteo/previous-runs (best_match + GFS/ICON/ECMWF),power_model_v1@2026-01-31,1.0,-0.0477
2026-02-05,2026-02-05T18:00:00+00:00,2026-02-06T17:00:00+00:00,2026-02-06T22:00:00+05:00,23,1,farm,0.8287,0.8872,0.9879,11.46,254.0,7.37,12.8,0.8,963.9,open-meteo/previous-runs (best_match + GFS/ICON/ECMWF),power_model_v1@2026-01-31,0.9817,-0.0945
2026-02-05,2026-02-05T18:00:00+00:00,2026-02-06T18:00:00+00:00,2026-02-06T23:00:00+05:00,24,1,farm,0.5109,0.8717,0.9851,7.78,260.0,4.73,11.5,0.4,964.1,open-meteo/previous-runs (best_match + GFS/ICON/ECMWF),power_model_v1@2026-01-31,0.9832,-0.1115
2026-02-06,2026-02-06T18:00:00+00:00,2026-02-06T19:00:00+00:00,2026-02-07T00:00:00+05:00,1,1,farm,0.2476,0.712,0.9669,6.3,248.0,3.79,11.5,0.1,964.1,open-meteo/previous-runs (best_match + GFS/ICON/ECMWF),power_model_v1@2026-01-31,0.9493,-0.2373
2026-02-06,2026-02-06T18:00:00+00:00,2026-02-06T20:00:00+00:00,2026-02-07T01:00:00+05:00,2,1,farm,0.1949,0.624,0.9325,5.77,243.0,3.54,10.0,-0.1,963.7,open-meteo/previous-runs (best_match + GFS/ICON/ECMWF),power_model_v1@2026-01-31,0.876,-0.252
2026-02-06,2026-02-06T18:00:00+00:00,2026-02-06T21:00:00+00:00,2026-02-07T02:00:00+05:00,3,1,farm,0.1166,0.5511,0.888,6.22,241.0,3.72,8.3,-0.1,963.7,open-meteo/previous-runs (best_match + GFS/ICON/ECMWF),power_model_v1@2026-01-31,0.7494,-0.1983
2026-02-06,2026-02-06T18:00:00+00:00,2026-02-06T22:00:00+00:00,2026-02-07T03:00:00+05:00,4,1,farm,0.0606,0.382,0.7512,6.06,245.0,3.51,7.7,-0.3,963.5,open-meteo/previous-runs (best_match + GFS/ICON/ECMWF),power_model_v1@2026-01-31,0.6356,-0.2536
2026-02-06,2026-02-06T18:00:00+00:00,2026-02-06T23:00:00+00:00,2026-02-07T04:00:00+05:00,5,1,farm,0.0015,0.272,0.6739,5.87,247.0,3.34,7.2,-0.5,963.6,open-meteo/previous-runs (best_match + GFS/ICON/ECMWF),power_model_v1@2026-01-31,0.4532,-0.1812
2026-02-06,2026-02-06T18:00:00+00:00,2026-02-07T00:00:00+00:00,2026-02-07T05:00:00+05:00,6,1,farm,0.0026,0.1667,0.4584,3.93,239.0,1.64,5.8,-0.8,963.5,open-meteo/previous-runs (best_match + GFS/ICON/ECMWF),power_model_v1@2026-01-31,0.3559,-0.1892
2026-02-06,2026-02-06T18:00:00+00:00,2026-02-07T01:00:00+00:00,2026-02-07T06:00:00+05:00,7,1,farm,0.0075,0.0517,0.1781,2.55,228.0,0.91,5.1,-1.9,963.0,open-meteo/previous-runs (best_match + GFS/ICON/ECMWF),power_model_v1@2026-01-31,0.1543,-0.1026
2026-02-06,2026-02-06T18:00:00+00:00,2026-02-07T02:00:00+00:00,2026-02-07T07:00:00+05:00,8,1,farm,0.0085,0.0231,0.0455,0.91,276.0,0.07,4.2,-2.2,962.7,open-meteo/previous-runs (best_match + GFS/ICON/ECMWF),power_model_v1@2026-01-31,0.0517,-0.0286
2026-02-06,2026-02-06T18:00:00+00:00,2026-02-07T03:00:00+00:00,2026-02-07T08:00:00+05:00,9,1,farm,0.0084,0.0123,0.0133,0.59,340.0,0.3,2.9,-1.1,963.1,open-meteo/previous-runs (best_match + GFS/ICON/ECMWF),power_model_v1@2026-01-31,0.0255,-0.0132
2026-02-06,2026-02-06T18:00:00+00:00,2026-02-07T04:00:00+00:00,2026-02-07T09:00:00+05:00,10,1,farm,0.0085,0.0147,0.1199,1.34,45.0,1.31,3.1,0.5,962.9,open-meteo/previous-runs (best_match + GFS/ICON/ECMWF),power_model_v1@2026-01-31,0.0293,-0.0146
2026-02-06,2026-02-06T18:00:00+00:00,2026-02-07T05:00:00+00:00,2026-02-07T10:00:00+05:00,11,1,farm,0.0076,0.1109,0.4632,3.24,52.0,2.73,6.6,1.6,962.5,open-meteo/previous-runs (best_match + GFS/ICON/ECMWF),power_model_v1@2026-01-31,0.0484,0.0625
2026-02-06,2026-02-06T18:00:00+00:00,2026-02-07T06:00:00+00:00,2026-02-07T11:00:00+05:00,12,1,farm,0.0104,0.2763,0.7469,5.59,56.0,4.39,7.2,2.4,961.6,open-meteo/previous-runs (best_match + GFS/ICON/ECMWF),power_model_v1@2026-01-31,0.1253,0.151
2026-02-06,2026-02-06T18:00:00+00:00,2026-02-07T07:00:00+00:00,2026-02-07T12:00:00+05:00,13,1,farm,0.032,0.4266,0.7879,6.16,56.0,4.84,7.8,3.8,960.6,open-meteo/previous-runs (best_match + GFS/ICON/ECMWF),power_model_v1@2026-01-31,0.1761,0.2505
2026-02-06,2026-02-06T18:00:00+00:00,2026-02-07T08:00:00+00:00,2026-02-07T13:00:00+05:00,14,1,farm,0.0116,0.4131,0.7517,6.09,48.0,4.81,8.1,3.3,959.5,open-meteo/previous-runs (best_match + GFS/ICON/ECMWF),power_model_v1@2026-01-31,0.2455,0.1676
2026-02-06,2026-02-06T18:00:00+00:00,2026-02-07T09:00:00+00:00,2026-02-07T14:00:00+05:00,15,1,farm,0.0039,0.236,0.5603,5.2,47.0,4.11,7.5,2.7,959.1,open-meteo/previous-runs (best_match + GFS/ICON/ECMWF),power_model_v1@2026-01-31,0.2748,-0.0388
2026-02-06,2026-02-06T18:00:00+00:00,2026-02-07T10:00:00+00:00,2026-02-07T15:00:00+05:00,16,1,farm,0.0044,0.1424,0.3402,3.68,44.0,2.92,6.1,2.1,959.1,open-meteo/previous-runs (best_match + GFS/ICON/ECMWF),power_model_v1@2026-01-31,0.1527,-0.0103
2026-02-06,2026-02-06T18:00:00+00:00,2026-02-07T11:00:00+00:00,2026-02-07T16:00:00+05:00,17,1,farm,0.0075,0.0566,0.1507,2.33,45.0,1.81,4.2,1.3,959.1,open-meteo/previous-runs (best_match + GFS/ICON/ECMWF),power_model_v1@2026-01-31,0.1075,-0.0509
2026-02-06,2026-02-06T18:00:00+00:00,2026-02-07T12:00:00+00:00,2026-02-07T17:00:00+05:00,18,1,farm,0.0066,0.0813,0.1759,0.61,99.0,0.07,6.8,0.1,958.3,open-meteo/previous-runs (best_match + GFS/ICON/ECMWF),power_model_v1@2026-01-31,0.0447,0.0366
2026-02-06,2026-02-06T18:00:00+00:00,2026-02-07T13:00:00+00:00,2026-02-07T18:00:00+05:00,19,1,farm,0.0068,0.1415,0.4156,5.11,250.0,2.78,8.9,0.1,958.9,open-meteo/previous-runs (best_match + GFS/ICON/ECMWF),power_model_v1@2026-01-31,0.1241,0.0174
2026-02-06,2026-02-06T18:00:00+00:00,2026-02-07T14:00:00+00:00,2026-02-07T19:00:00+05:00,20,1,farm,0.0965,0.3303,0.7944,7.59,246.0,4.57,10.7,0.0,959.4,open-meteo/previous-runs (best_match + GFS/ICON/ECMWF),power_model_v1@2026-01-31,0.2919,0.0384
2026-02-06,2026-02-06T18:00:00+00:00,2026-02-07T15:00:00+00:00,2026-02-07T20:00:00+05:00,21,1,farm,0.1736,0.4823,0.9353,8.94,247.0,5.55,10.8,-0.3,959.7,open-meteo/previous-runs (best_match + GFS/ICON/ECMWF),power_model_v1@2026-01-31,0.4282,0.0541
2026-02-06,2026-02-06T18:00:00+00:00,2026-02-07T16:00:00+00:00,2026-02-07T21:00:00+05:00,22,1,farm,0.2947,0.7158,0.9785,10.17,251.0,6.46,10.8,-0.5,960.1,open-meteo/previous-runs (best_match + GFS/ICON/ECMWF),power_model_v1@2026-01-31,0.5878,0.128
2026-02-06,2026-02-06T18:00:00+00:00,2026-02-07T17:00:00+00:00,2026-02-07T22:00:00+05:00,23,1,farm,0.5654,0.8771,0.979,10.57,256.0,6.83,11.4,-0.7,960.5,open-meteo/previous-runs (best_match + GFS/ICON/ECMWF),power_model_v1@2026-01-31,0.6074,0.2697
2026-02-06,2026-02-06T18:00:00+00:00,2026-02-07T18:00:00+00:00,2026-02-07T23:00:00+05:00,24,1,farm,0.8547,0.9761,0.9864,11.06,255.0,7.12,12.5,-1.3,961.1,open-meteo/previous-runs (best_match + GFS/ICON/ECMWF),power_model_v1@2026-01-31,0.7088,0.2673
2026-02-07,2026-02-07T18:00:00+00:00,2026-02-07T19:00:00+00:00,2026-02-08T00:00:00+05:00,1,1,farm,0.8544,0.9638,0.9868,11.59,254.0,7.08,12.2,-1.6,961.5,open-meteo/previous-runs (best_match + GFS/ICON/ECMWF),power_model_v1@2026-01-31,0.7576,0.2062
2026-02-07,2026-02-07T18:00:00+00:00,2026-02-07T20:00:00+00:00,2026-02-08T01:00:00+05:00,2,1,farm,0.8156,0.9588,0.9862,11.43,251.0,7.07,11.7,-1.8,961.9,open-meteo/previous-runs (best_match + GFS/ICON/ECMWF),power_model_v1@2026-01-31,0.7882,0.1706
2026-02-07,2026-02-07T18:00:00+00:00,2026-02-07T21:00:00+00:00,2026-02-08T02:00:00+05:00,3,1,farm,0.7049,0.8951,0.9875,10.59,251.0,6.55,10.8,-1.8,962.4,open-meteo/previous-runs (best_match + GFS/ICON/ECMWF),power_model_v1@2026-01-31,0.808,0.0871
2026-02-07,2026-02-07T18:00:00+00:00,2026-02-07T22:00:00+00:00,2026-02-08T03:00:00+05:00,4,1,farm,0.517,0.8664,0.9817,9.55,245.0,5.67,10.1,-2.0,962.6,open-meteo/previous-runs (best_match + GFS/ICON/ECMWF),power_model_v1@2026-01-31,0.8296,0.0368
2026-02-07,2026-02-07T18:00:00+00:00,2026-02-07T23:00:00+00:00,2026-02-08T04:00:00+05:00,5,1,farm,0.3399,0.7463,0.9902,8.39,236.0,4.95,9.8,-1.8,962.5,open-meteo/previous-runs (best_match + GFS/ICON/ECMWF),power_model_v1@2026-01-31,0.7412,0.0051
2026-02-07,2026-02-07T18:00:00+00:00,2026-02-08T00:00:00+00:00,2026-02-08T05:00:00+05:00,6,1,farm,0.2619,0.6501,0.9741,7.97,228.0,4.62,9.3,-1.3,963.1,open-meteo/previous-runs (best_match + GFS/ICON/ECMWF),power_model_v1@2026-01-31,0.6565,-0.0064
2026-02-07,2026-02-07T18:00:00+00:00,2026-02-08T01:00:00+00:00,2026-02-08T06:00:00+05:00,7,1,farm,0.1885,0.635,0.925,7.62,234.0,4.39,8.0,-1.0,963.2,open-meteo/previous-runs (best_match + GFS/ICON/ECMWF),power_model_v1@2026-01-31,0.6022,0.0328
2026-02-07,2026-02-07T18:00:00+00:00,2026-02-08T02:00:00+00:00,2026-02-08T07:00:00+05:00,8,1,farm,0.0855,0.4283,0.7975,6.74,233.0,3.58,6.8,-1.1,963.2,open-meteo/previous-runs (best_match + GFS/ICON/ECMWF),power_model_v1@2026-01-31,0.4344,-0.0061
2026-02-07,2026-02-07T18:00:00+00:00,2026-02-08T03:00:00+00:00,2026-02-08T08:00:00+05:00,9,1,farm,0.0026,0.2976,0.6919,5.02,223.0,2.27,5.8,-0.4,963.7,open-meteo/previous-runs (best_match + GFS/ICON/ECMWF),power_model_v1@2026-01-31,0.3218,-0.0242
2026-02-07,2026-02-07T18:00:00+00:00,2026-02-08T04:00:00+00:00,2026-02-08T09:00:00+05:00,10,1,farm,0.0008,0.1994,0.4029,3.43,217.0,1.61,4.8,0.9,963.5,open-meteo/previous-runs (best_match + GFS/ICON/ECMWF),power_model_v1@2026-01-31,0.2356,-0.0362
2026-02-07,2026-02-07T18:00:00+00:00,2026-02-08T05:00:00+00:00,2026-02-08T10:00:00+05:00,11,1,farm,0.0042,0.126,0.2326,2.58,238.0,1.3,5.0,1.8,963.1,open-meteo/previous-runs (best_match + GFS/ICON/ECMWF),power_model_v1@2026-01-31,0.156,-0.03
2026-02-07,2026-02-07T18:00:00+00:00,2026-02-08T06:00:00+00:00,2026-02-08T11:00:00+05:00,12,1,farm,0.0076,0.0505,0.0972,2.17,247.0,1.11,3.7,2.3,962.9,open-meteo/previous-runs (best_match + GFS/ICON/ECMWF),power_model_v1@2026-01-31,0.0424,0.0081
2026-02-07,2026-02-07T18:00:00+00:00,2026-02-08T07:00:00+00:00,2026-02-08T12:00:00+05:00,13,1,farm,0.0082,0.03,0.0361,1.15,252.0,0.5,2.5,3.0,962.1,open-meteo/previous-runs (best_match + GFS/ICON/ECMWF),power_model_v1@2026-01-31,0.0455,-0.0155
2026-02-07,2026-02-07T18:00:00+00:00,2026-02-08T08:00:00+00:00,2026-02-08T13:00:00+05:00,14,1,farm,0.0065,0.0661,0.0671,0.71,45.0,0.25,4.0,3.5,960.9,open-meteo/previous-runs (best_match + GFS/ICON/ECMWF),power_model_v1@2026-01-31,0.0434,0.0227
2026-02-07,2026-02-07T18:00:00+00:00,2026-02-08T09:00:00+00:00,2026-02-08T14:00:00+05:00,15,1,farm,0.0096,0.0989,0.4103,2.93,65.0,1.5,6.8,2.9,959.9,open-meteo/previous-runs (best_match + GFS/ICON/ECMWF),power_model_v1@2026-01-31,0.1743,-0.0754
2026-02-07,2026-02-07T18:00:00+00:00,2026-02-08T10:00:00+00:00,2026-02-08T15:00:00+05:00,16,1,farm,0.1271,0.4522,0.922,5.91,65.0,3.2,10.1,3.7,959.7,open-meteo/previous-runs (best_match + GFS/ICON/ECMWF),power_model_v1@2026-01-31,0.4369,0.0153
2026-02-07,2026-02-07T18:00:00+00:00,2026-02-08T11:00:00+00:00,2026-02-08T16:00:00+05:00,17,1,farm,0.4585,0.8496,0.9977,8.55,66.0,4.54,12.8,2.0,959.0,open-meteo/previous-runs (best_match + GFS/ICON/ECMWF),power_model_v1@2026-01-31,0.871,-0.0214
2026-02-07,2026-02-07T18:00:00+00:00,2026-02-08T12:00:00+00:00,2026-02-08T17:00:00+05:00,18,1,farm,0.9443,0.9713,0.9854,10.71,73.0,6.28,14.6,0.7,957.9,open-meteo/previous-runs (best_match + GFS/ICON/ECMWF),power_model_v1@2026-01-31,0.9869,-0.0156
2026-02-07,2026-02-07T18:00:00+00:00,2026-02-08T13:00:00+00:00,2026-02-08T18:00:00+05:00,19,1,farm,0.9857,0.9867,0.9891,10.86,79.0,6.42,15.9,-0.8,957.5,open-meteo/previous-runs (best_match + GFS/ICON/ECMWF),power_model_v1@2026-01-31,0.982,0.0047
2026-02-07,2026-02-07T18:00:00+00:00,2026-02-08T14:00:00+00:00,2026-02-08T19:00:00+05:00,20,1,farm,0.9404,0.9413,0.9866,11.45,78.0,6.82,17.1,-1.6,957.3,open-meteo/previous-runs (best_match + GFS/ICON/ECMWF),power_model_v1@2026-01-31,0.9869,-0.0456
2026-02-07,2026-02-07T18:00:00+00:00,2026-02-08T15:00:00+00:00,2026-02-08T20:00:00+05:00,21,1,farm,0.9396,0.9406,0.9866,11.79,80.0,7.39,17.7,-1.2,957.2,open-meteo/previous-runs (best_match + GFS/ICON/ECMWF),power_model_v1@2026-01-31,0.9844,-0.0438
2026-02-07,2026-02-07T18:00:00+00:00,2026-02-08T16:00:00+00:00,2026-02-08T21:00:00+05:00,22,1,farm,0.9687,0.9696,0.9851,11.99,81.0,7.58,18.3,-1.2,956.5,open-meteo/previous-runs (best_match + GFS/ICON/ECMWF),power_model_v1@2026-01-31,0.9776,-0.008
2026-02-07,2026-02-07T18:00:00+00:00,2026-02-08T17:00:00+00:00,2026-02-08T22:00:00+05:00,23,1,farm,0.9654,0.9664,0.9852,12.4,85.0,7.84,18.4,-1.3,955.6,open-meteo/previous-runs (best_match + GFS/ICON/ECMWF),power_model_v1@2026-01-31,0.9611,0.0053
2026-02-07,2026-02-07T18:00:00+00:00,2026-02-08T18:00:00+00:00,2026-02-08T23:00:00+05:00,24,1,farm,0.9602,0.9653,0.9851,12.27,86.0,7.67,18.0,-1.4,954.1,open-meteo/previous-runs (best_match + GFS/ICON/ECMWF),power_model_v1@2026-01-31,0.964,0.0013
2026-02-08,2026-02-08T18:00:00+00:00,2026-02-08T19:00:00+00:00,2026-02-09T00:00:00+05:00,1,1,farm,0.954,0.9678,0.9851,11.87,87.0,7.37,18.2,-1.3,953.2,open-meteo/previous-runs (best_match + GFS/ICON/ECMWF),power_model_v1@2026-01-31,0.9643,0.0035
2026-02-08,2026-02-08T18:00:00+00:00,2026-02-08T20:00:00+00:00,2026-02-09T01:00:00+05:00,2,1,farm,0.9507,0.9757,0.985,12.09,85.0,7.41,18.2,-1.3,951.8,open-meteo/previous-runs (best_match + GFS/ICON/ECMWF),power_model_v1@2026-01-31,0.9648,0.0109
2026-02-08,2026-02-08T18:00:00+00:00,2026-02-08T21:00:00+00:00,2026-02-09T02:00:00+05:00,3,1,farm,0.9019,0.9446,0.986,11.92,87.0,7.17,18.1,-1.5,950.4,open-meteo/previous-runs (best_match + GFS/ICON/ECMWF),power_model_v1@2026-01-31,0.9729,-0.0283
2026-02-08,2026-02-08T18:00:00+00:00,2026-02-08T22:00:00+00:00,2026-02-09T03:00:00+05:00,4,1,farm,0.9085,0.9594,0.9857,12.22,87.0,7.28,18.2,-1.4,948.7,open-meteo/previous-runs (best_match + GFS/ICON/ECMWF),power_model_v1@2026-01-31,0.9467,0.0127
2026-02-08,2026-02-08T18:00:00+00:00,2026-02-08T23:00:00+00:00,2026-02-09T04:00:00+05:00,5,1,farm,0.9132,0.9302,0.9869,11.63,86.0,6.82,17.9,-1.5,947.1,open-meteo/previous-runs (best_match + GFS/ICON/ECMWF),power_model_v1@2026-01-31,0.9024,0.0278
2026-02-08,2026-02-08T18:00:00+00:00,2026-02-09T00:00:00+00:00,2026-02-09T05:00:00+05:00,6,1,farm,0.8858,0.8868,0.989,10.62,76.0,6.04,18.0,-2.5,946.0,open-meteo/previous-runs (best_match + GFS/ICON/ECMWF),power_model_v1@2026-01-31,0.897,-0.0102
2026-02-08,2026-02-08T18:00:00+00:00,2026-02-09T01:00:00+00:00,2026-02-09T06:00:00+05:00,7,1,farm,0.8738,0.8748,0.9897,9.93,72.0,5.67,17.1,-3.2,945.7,open-meteo/previous-runs (best_match + GFS/ICON/ECMWF),power_model_v1@2026-01-31,0.905,-0.0302
2026-02-08,2026-02-08T18:00:00+00:00,2026-02-09T02:00:00+00:00,2026-02-09T07:00:00+05:00,8,1,farm,0.8574,0.8583,0.9911,9.86,73.0,5.64,15.9,-3.6,945.1,open-meteo/previous-runs (best_match + GFS/ICON/ECMWF),power_model_v1@2026-01-31,0.8663,-0.008
2026-02-08,2026-02-08T18:00:00+00:00,2026-02-09T03:00:00+00:00,2026-02-09T08:00:00+05:00,9,1,farm,0.8293,0.9023,0.9888,9.63,71.0,5.71,15.1,-2.7,944.9,open-meteo/previous-runs (best_match + GFS/ICON/ECMWF),power_model_v1@2026-01-31,0.9125,-0.0102
2026-02-08,2026-02-08T18:00:00+00:00,2026-02-09T04:00:00+00:00,2026-02-09T09:00:00+05:00,10,1,farm,0.8215,0.9326,0.9862,9.28,67.0,5.46,14.0,-0.1,944.5,open-meteo/previous-runs (best_match + GFS/ICON/ECMWF),power_model_v1@2026-01-31,0.9447,-0.0121
2026-02-08,2026-02-08T18:00:00+00:00,2026-02-09T05:00:00+00:00,2026-02-09T10:00:00+05:00,11,1,farm,0.803,0.9176,0.985,9.57,65.0,5.93,14.7,2.8,943.9,open-meteo/previous-runs (best_match + GFS/ICON/ECMWF),power_model_v1@2026-01-31,0.9304,-0.0128
2026-02-08,2026-02-08T18:00:00+00:00,2026-02-09T06:00:00+00:00,2026-02-09T11:00:00+05:00,12,1,farm,0.9177,0.9514,0.984,9.91,63.0,6.93,15.5,4.6,943.4,open-meteo/previous-runs (best_match + GFS/ICON/ECMWF),power_model_v1@2026-01-31,0.9324,0.019
2026-02-08,2026-02-08T18:00:00+00:00,2026-02-09T07:00:00+00:00,2026-02-09T12:00:00+05:00,13,1,farm,0.9243,0.9913,0.9923,10.11,64.0,7.25,16.3,6.6,942.4,open-meteo/previous-runs (best_match + GFS/ICON/ECMWF),power_model_v1@2026-01-31,0.9736,0.0177
2026-02-08,2026-02-08T18:00:00+00:00,2026-02-09T08:00:00+00:00,2026-02-09T13:00:00+05:00,14,1,farm,0.7439,1.0,1.0,9.6,66.0,6.69,16.4,6.6,940.9,open-meteo/previous-runs (best_match + GFS/ICON/ECMWF),power_model_v1@2026-01-31,1.0,0.0
2026-02-08,2026-02-08T18:00:00+00:00,2026-02-09T09:00:00+00:00,2026-02-09T14:00:00+05:00,15,1,farm,0.7123,0.9425,0.983,9.99,71.0,5.93,16.1,7.4,940.4,open-meteo/previous-runs (best_match + GFS/ICON/ECMWF),power_model_v1@2026-01-31,0.9502,-0.0077
2026-02-08,2026-02-08T18:00:00+00:00,2026-02-09T10:00:00+00:00,2026-02-09T15:00:00+05:00,16,1,farm,0.5819,0.9231,0.9824,9.19,73.0,6.04,15.1,7.0,939.6,open-meteo/previous-runs (best_match + GFS/ICON/ECMWF),power_model_v1@2026-01-31,0.9582,-0.0351
2026-02-08,2026-02-08T18:00:00+00:00,2026-02-09T11:00:00+00:00,2026-02-09T16:00:00+05:00,17,1,farm,0.6052,0.9086,0.9821,9.33,74.0,5.38,13.3,5.7,939.1,open-meteo/previous-runs (best_match + GFS/ICON/ECMWF),power_model_v1@2026-01-31,0.9248,-0.0162
2026-02-08,2026-02-08T18:00:00+00:00,2026-02-09T12:00:00+00:00,2026-02-09T17:00:00+05:00,18,1,farm,0.3763,0.8343,0.9948,7.94,70.0,3.71,10.9,2.4,938.2,open-meteo/previous-runs (best_match + GFS/ICON/ECMWF),power_model_v1@2026-01-31,0.9663,-0.132
2026-02-08,2026-02-08T18:00:00+00:00,2026-02-09T13:00:00+00:00,2026-02-09T18:00:00+05:00,19,1,farm,0.2563,0.8175,1.0,6.78,66.0,2.81,8.8,-0.3,938.0,open-meteo/previous-runs (best_match + GFS/ICON/ECMWF),power_model_v1@2026-01-31,0.8078,0.0097
2026-02-08,2026-02-08T18:00:00+00:00,2026-02-09T14:00:00+00:00,2026-02-09T19:00:00+05:00,20,1,farm,0.0855,0.7795,0.9882,5.37,56.0,1.8,6.4,-1.5,938.6,open-meteo/previous-runs (best_match + GFS/ICON/ECMWF),power_model_v1@2026-01-31,0.7184,0.0611
2026-02-08,2026-02-08T18:00:00+00:00,2026-02-09T15:00:00+00:00,2026-02-09T20:00:00+05:00,21,1,farm,0.0004,0.6352,0.8861,3.8,65.0,1.37,4.3,-1.6,939.1,open-meteo/previous-runs (best_match + GFS/ICON/ECMWF),power_model_v1@2026-01-31,0.7188,-0.0836
2026-02-08,2026-02-08T18:00:00+00:00,2026-02-09T16:00:00+00:00,2026-02-09T21:00:00+05:00,22,1,farm,0.0,0.618,0.6969,2.43,76.0,0.99,2.8,-1.3,939.1,open-meteo/previous-runs (best_match + GFS/ICON/ECMWF),power_model_v1@2026-01-31,0.6722,-0.0542
2026-02-08,2026-02-08T18:00:00+00:00,2026-02-09T17:00:00+00:00,2026-02-09T22:00:00+05:00,23,1,farm,0.0038,0.3948,0.6154,1.85,87.0,0.85,2.9,-1.0,939.3,open-meteo/previous-runs (best_match + GFS/ICON/ECMWF),power_model_v1@2026-01-31,0.4505,-0.0557
2026-02-08,2026-02-08T18:00:00+00:00,2026-02-09T18:00:00+00:00,2026-02-09T23:00:00+05:00,24,1,farm,0.0,0.3481,0.5655,2.19,79.0,0.96,3.5,-0.5,939.2,open-meteo/previous-runs (best_match + GFS/ICON/ECMWF),power_model_v1@2026-01-31,0.3122,0.0359
2026-02-09,2026-02-09T18:00:00+00:00,2026-02-09T19:00:00+00:00,2026-02-10T00:00:00+05:00,1,1,farm,0.0,0.2911,0.446,3.07,83.0,1.33,3.0,-0.8,939.3,open-meteo/previous-runs (best_match + GFS/ICON/ECMWF),power_model_v1@2026-01-31,0.3082,-0.0171
2026-02-09,2026-02-09T18:00:00+00:00,2026-02-09T20:00:00+00:00,2026-02-10T01:00:00+05:00,2,1,farm,0.0,0.2453,0.378,2.41,96.0,1.2,3.0,-0.3,940.0,open-meteo/previous-runs (best_match + GFS/ICON/ECMWF),power_model_v1@2026-01-31,0.3989,-0.1536
2026-02-09,2026-02-09T18:00:00+00:00,2026-02-09T21:00:00+00:00,2026-02-10T02:00:00+05:00,3,1,farm,0.0,0.2165,0.4084,2.2,131.0,1.47,3.0,0.4,940.3,open-meteo/previous-runs (best_match + GFS/ICON/ECMWF),power_model_v1@2026-01-31,0.372,-0.1555
2026-02-09,2026-02-09T18:00:00+00:00,2026-02-09T22:00:00+00:00,2026-02-10T03:00:00+05:00,4,1,farm,0.0,0.2188,0.4651,2.17,218.0,1.26,3.3,0.6,940.7,open-meteo/previous-runs (best_match + GFS/ICON/ECMWF),power_model_v1@2026-01-31,0.3742,-0.1554
2026-02-09,2026-02-09T18:00:00+00:00,2026-02-09T23:00:00+00:00,2026-02-10T04:00:00+05:00,5,1,farm,0.0,0.2258,0.5293,3.04,226.0,1.59,3.3,1.5,941.0,open-meteo/previous-runs (best_match + GFS/ICON/ECMWF),power_model_v1@2026-01-31,0.3187,-0.0929
2026-02-09,2026-02-09T18:00:00+00:00,2026-02-10T00:00:00+00:00,2026-02-10T05:00:00+05:00,6,1,farm,0.0004,0.2592,0.606,1.28,121.0,0.45,5.3,2.6,941.3,open-meteo/previous-runs (best_match + GFS/ICON/ECMWF),power_model_v1@2026-01-31,0.3623,-0.1031
2026-02-09,2026-02-09T18:00:00+00:00,2026-02-10T01:00:00+00:00,2026-02-10T06:00:00+05:00,7,1,farm,0.005,0.1053,0.4151,3.69,234.0,1.73,4.6,1.6,942.3,open-meteo/previous-runs (best_match + GFS/ICON/ECMWF),power_model_v1@2026-01-31,0.4602,-0.3549
2026-02-09,2026-02-09T18:00:00+00:00,2026-02-10T02:00:00+00:00,2026-02-10T07:00:00+05:00,8,1,farm,0.0831,0.4314,0.9141,4.52,244.0,2.09,11.1,0.7,943.3,open-meteo/previous-runs (best_match + GFS/ICON/ECMWF),power_model_v1@2026-01-31,0.31,0.1214
2026-02-09,2026-02-09T18:00:00+00:00,2026-02-10T03:00:00+00:00,2026-02-10T08:00:00+05:00,9,1,farm,0.0526,0.3563,0.8534,5.61,243.0,2.45,10.6,3.0,945.1,open-meteo/previous-runs (best_match + GFS/ICON/ECMWF),power_model_v1@2026-01-31,0.2399,0.1164
2026-02-09,2026-02-09T18:00:00+00:00,2026-02-10T04:00:00+00:00,2026-02-10T09:00:00+05:00,10,1,farm,0.0415,0.3929,0.883,4.64,259.0,2.5,8.5,5.6,947.3,open-meteo/previous-runs (best_match + GFS/ICON/ECMWF),power_model_v1@2026-01-31,0.2232,0.1697
2026-02-09,2026-02-09T18:00:00+00:00,2026-02-10T05:00:00+00:00,2026-02-10T10:00:00+05:00,11,1,farm,0.0527,0.4567,0.8811,5.33,246.0,3.76,10.2,6.0,948.6,open-meteo/previous-runs (best_match + GFS/ICON/ECMWF),power_model_v1@2026-01-31,0.2082,0.2485
2026-02-09,2026-02-09T18:00:00+00:00,2026-02-10T06:00:00+00:00,2026-02-10T11:00:00+05:00,12,1,farm,0.0013,0.3243,0.7404,3.28,249.0,2.51,7.9,6.0,949.9,open-meteo/previous-runs (best_match + GFS/ICON/ECMWF),power_model_v1@2026-01-31,0.2119,0.1124
2026-02-09,2026-02-09T18:00:00+00:00,2026-02-10T07:00:00+00:00,2026-02-10T12:00:00+05:00,13,1,farm,0.0,0.3387,0.7172,3.37,229.0,2.55,8.6,7.7,950.2,open-meteo/previous-runs (best_match + GFS/ICON/ECMWF),power_model_v1@2026-01-31,0.3132,0.0255
2026-02-09,2026-02-09T18:00:00+00:00,2026-02-10T08:00:00+00:00,2026-02-10T13:00:00+05:00,14,1,farm,0.0037,0.319,0.5393,4.99,249.0,3.53,9.9,9.3,949.5,open-meteo/previous-runs (best_match + GFS/ICON/ECMWF),power_model_v1@2026-01-31,0.2929,0.0261
2026-02-09,2026-02-09T18:00:00+00:00,2026-02-10T09:00:00+00:00,2026-02-10T14:00:00+05:00,15,1,farm,0.0028,0.217,0.4947,5.99,257.0,3.91,9.8,10.2,949.6,open-meteo/previous-runs (best_match + GFS/ICON/ECMWF),power_model_v1@2026-01-31,0.4458,-0.2288
2026-02-09,2026-02-09T18:00:00+00:00,2026-02-10T10:00:00+00:00,2026-02-10T15:00:00+05:00,16,1,farm,0.0023,0.1731,0.535,5.83,248.0,4.03,9.0,10.9,950.0,open-meteo/previous-runs (best_match + GFS/ICON/ECMWF),power_model_v1@2026-01-31,0.3779,-0.2048
2026-02-09,2026-02-09T18:00:00+00:00,2026-02-10T11:00:00+00:00,2026-02-10T16:00:00+05:00,17,1,farm,0.0,0.2707,0.5826,5.91,214.0,3.12,6.8,7.9,949.5,open-meteo/previous-runs (best_match + GFS/ICON/ECMWF),power_model_v1@2026-01-31,0.378,-0.1073
2026-02-09,2026-02-09T18:00:00+00:00,2026-02-10T12:00:00+00:00,2026-02-10T17:00:00+05:00,18,1,farm,0.0005,0.1976,0.4302,5.48,190.0,3.44,5.3,4.6,947.6,open-meteo/previous-runs (best_match + GFS/ICON/ECMWF),power_model_v1@2026-01-31,0.3024,-0.1048
2026-02-09,2026-02-09T18:00:00+00:00,2026-02-10T13:00:00+00:00,2026-02-10T18:00:00+05:00,19,1,farm,0.0011,0.1866,0.3384,3.93,168.0,3.16,3.3,1.9,946.7,open-meteo/previous-runs (best_match + GFS/ICON/ECMWF),power_model_v1@2026-01-31,0.2449,-0.0583
2026-02-09,2026-02-09T18:00:00+00:00,2026-02-10T14:00:00+00:00,2026-02-10T19:00:00+05:00,20,1,farm,0.0,0.3529,0.4824,4.08,109.0,2.9,2.9,1.1,946.2,open-meteo/previous-runs (best_match + GFS/ICON/ECMWF),power_model_v1@2026-01-31,0.4834,-0.1305
2026-02-09,2026-02-09T18:00:00+00:00,2026-02-10T15:00:00+00:00,2026-02-10T20:00:00+05:00,21,1,farm,0.0688,0.4932,0.8354,7.16,73.0,3.5,3.3,1.8,947.1,open-meteo/previous-runs (best_match + GFS/ICON/ECMWF),power_model_v1@2026-01-31,0.4939,-0.0007
2026-02-09,2026-02-09T18:00:00+00:00,2026-02-10T16:00:00+00:00,2026-02-10T21:00:00+05:00,22,1,farm,0.2917,0.6387,0.9957,9.0,71.0,4.62,6.3,1.5,947.0,open-meteo/previous-runs (best_match + GFS/ICON/ECMWF),power_model_v1@2026-01-31,0.6245,0.0142
2026-02-09,2026-02-09T18:00:00+00:00,2026-02-10T17:00:00+00:00,2026-02-10T22:00:00+05:00,23,1,farm,0.7954,0.9585,0.9816,10.18,65.0,5.4,9.2,0.9,946.1,open-meteo/previous-runs (best_match + GFS/ICON/ECMWF),power_model_v1@2026-01-31,0.76,0.1985
2026-02-09,2026-02-09T18:00:00+00:00,2026-02-10T18:00:00+00:00,2026-02-10T23:00:00+05:00,24,1,farm,0.9018,0.9674,0.9834,11.34,65.0,6.33,10.6,0.9,945.8,open-meteo/previous-runs (best_match + GFS/ICON/ECMWF),power_model_v1@2026-01-31,0.9188,0.0486
2026-02-10,2026-02-10T18:00:00+00:00,2026-02-10T19:00:00+00:00,2026-02-11T00:00:00+05:00,1,1,farm,0.9256,0.9697,0.9832,11.97,72.0,6.71,12.1,1.5,945.4,open-meteo/previous-runs (best_match + GFS/ICON/ECMWF),power_model_v1@2026-01-31,0.9594,0.0103
2026-02-10,2026-02-10T18:00:00+00:00,2026-02-10T20:00:00+00:00,2026-02-11T01:00:00+05:00,2,1,farm,0.7353,0.954,0.9839,10.69,72.0,6.0,12.9,0.8,945.2,open-meteo/previous-runs (best_match + GFS/ICON/ECMWF),power_model_v1@2026-01-31,0.9407,0.0133
2026-02-10,2026-02-10T18:00:00+00:00,2026-02-10T21:00:00+00:00,2026-02-11T02:00:00+05:00,3,1,farm,0.5198,0.8681,0.9868,8.57,72.0,4.43,12.4,0.0,945.9,open-meteo/previous-runs (best_match + GFS/ICON/ECMWF),power_model_v1@2026-01-31,0.89,-0.0219
2026-02-10,2026-02-10T18:00:00+00:00,2026-02-10T22:00:00+00:00,2026-02-11T03:00:00+05:00,4,1,farm,0.3772,0.8198,0.9905,7.12,74.0,3.52,12.3,-0.3,945.7,open-meteo/previous-runs (best_match + GFS/ICON/ECMWF),power_model_v1@2026-01-31,0.7601,0.0597
2026-02-10,2026-02-10T18:00:00+00:00,2026-02-10T23:00:00+00:00,2026-02-11T04:00:00+05:00,5,1,farm,0.2354,0.7423,0.9782,4.85,68.0,2.06,12.4,0.1,946.5,open-meteo/previous-runs (best_match + GFS/ICON/ECMWF),power_model_v1@2026-01-31,0.7665,-0.0242
2026-02-10,2026-02-10T18:00:00+00:00,2026-02-11T00:00:00+00:00,2026-02-11T05:00:00+05:00,6,1,farm,0.0974,0.4805,0.8053,4.09,98.0,2.17,9.9,0.6,947.1,open-meteo/previous-runs (best_match + GFS/ICON/ECMWF),power_model_v1@2026-01-31,0.414,0.0665
2026-02-10,2026-02-10T18:00:00+00:00,2026-02-11T01:00:00+00:00,2026-02-11T06:00:00+05:00,7,1,farm,0.0065,0.1124,0.3727,2.27,68.0,0.67,4.6,-0.5,947.7,open-meteo/previous-runs (best_match + GFS/ICON/ECMWF),power_model_v1@2026-01-31,0.216,-0.1036
2026-02-10,2026-02-10T18:00:00+00:00,2026-02-11T02:00:00+00:00,2026-02-11T07:00:00+05:00,8,1,farm,0.0073,0.0634,0.2555,2.44,118.0,1.46,4.7,-0.5,949.6,open-meteo/previous-runs (best_match + GFS/ICON/ECMWF),power_model_v1@2026-01-31,0.0776,-0.0142
2026-02-10,2026-02-10T18:00:00+00:00,2026-02-11T03:00:00+00:00,2026-02-11T08:00:00+05:00,9,1,farm,0.003,0.1216,0.384,4.85,202.0,3.51,3.5,1.5,949.6,open-meteo/previous-runs (best_match + GFS/ICON/ECMWF),power_model_v1@2026-01-31,0.0993,0.0223
2026-02-10,2026-02-10T18:00:00+00:00,2026-02-11T04:00:00+00:00,2026-02-11T09:00:00+05:00,10,1,farm,0.003,0.1446,0.4669,3.22,234.0,1.59,3.4,6.0,949.7,open-meteo/previous-runs (best_match + GFS/ICON/ECMWF),power_model_v1@2026-01-31,0.0851,0.0595
2026-02-10,2026-02-10T18:00:00+00:00,2026-02-11T05:00:00+00:00,2026-02-11T10:00:00+05:00,11,1,farm,0.0015,0.1888,0.5957,1.97,297.0,1.8,6.3,6.4,951.2,open-meteo/previous-runs (best_match + GFS/ICON/ECMWF),power_model_v1@2026-01-31,0.2739,-0.0851
2026-02-10,2026-02-10T18:00:00+00:00,2026-02-11T06:00:00+00:00,2026-02-11T11:00:00+05:00,12,1,farm,0.0359,0.3936,0.8611,3.0,118.0,2.28,10.3,7.6,949.8,open-meteo/previous-runs (best_match + GFS/ICON/ECMWF),power_model_v1@2026-01-31,0.4393,-0.0457
2026-02-10,2026-02-10T18:00:00+00:00,2026-02-11T07:00:00+00:00,2026-02-11T12:00:00+05:00,13,1,farm,0.0053,0.3668,0.8754,2.82,27.0,2.4,11.5,9.3,949.4,open-meteo/previous-runs (best_match + GFS/ICON/ECMWF),power_model_v1@2026-01-31,0.4398,-0.073
2026-02-10,2026-02-10T18:00:00+00:00,2026-02-11T08:00:00+00:00,2026-02-11T13:00:00+05:00,14,1,farm,0.0013,0.3744,0.8046,2.3,34.0,1.86,11.7,8.8,949.1,open-meteo/previous-runs (best_match + GFS/ICON/ECMWF),power_model_v1@2026-01-31,0.4645,-0.0901
2026-02-10,2026-02-10T18:00:00+00:00,2026-02-11T09:00:00+00:00,2026-02-11T14:00:00+05:00,15,1,farm,0.0001,0.2851,0.7393,6.87,265.0,5.27,8.8,9.7,950.7,open-meteo/previous-runs (best_match + GFS/ICON/ECMWF),power_model_v1@2026-01-31,0.3915,-0.1064
2026-02-10,2026-02-10T18:00:00+00:00,2026-02-11T10:00:00+00:00,2026-02-11T15:00:00+05:00,16,1,farm,0.0283,0.4289,0.8931,10.2,270.0,6.75,12.4,7.8,951.2,open-meteo/previous-runs (best_match + GFS/ICON/ECMWF),power_model_v1@2026-01-31,0.5133,-0.0844
2026-02-10,2026-02-10T18:00:00+00:00,2026-02-11T11:00:00+00:00,2026-02-11T16:00:00+05:00,17,1,farm,0.1553,0.6223,1.0,12.33,252.0,8.11,17.1,5.6,952.8,open-meteo/previous-runs (best_match + GFS/ICON/ECMWF),power_model_v1@2026-01-31,0.7541,-0.1318
2026-02-10,2026-02-10T18:00:00+00:00,2026-02-11T12:00:00+00:00,2026-02-11T17:00:00+05:00,18,1,farm,0.3327,0.8515,0.9858,11.65,247.0,7.27,16.7,3.6,954.8,open-meteo/previous-runs (best_match + GFS/ICON/ECMWF),power_model_v1@2026-01-31,0.9221,-0.0706
2026-02-10,2026-02-10T18:00:00+00:00,2026-02-11T13:00:00+00:00,2026-02-11T18:00:00+05:00,19,1,farm,0.677,0.948,0.9867,10.87,244.0,6.71,19.1,3.1,955.9,open-meteo/previous-runs (best_match + GFS/ICON/ECMWF),power_model_v1@2026-01-31,0.8951,0.0529
2026-02-10,2026-02-10T18:00:00+00:00,2026-02-11T14:00:00+00:00,2026-02-11T19:00:00+05:00,20,1,farm,0.624,0.9562,0.9836,10.26,244.0,6.23,19.7,2.4,956.2,open-meteo/previous-runs (best_match + GFS/ICON/ECMWF),power_model_v1@2026-01-31,0.964,-0.0078
2026-02-10,2026-02-10T18:00:00+00:00,2026-02-11T15:00:00+00:00,2026-02-11T20:00:00+05:00,21,1,farm,0.5065,0.9347,0.9889,9.28,242.0,5.53,19.3,1.6,956.4,open-meteo/previous-runs (best_match + GFS/ICON/ECMWF),power_model_v1@2026-01-31,0.9465,-0.0118
2026-02-10,2026-02-10T18:00:00+00:00,2026-02-11T16:00:00+00:00,2026-02-11T21:00:00+05:00,22,1,farm,0.4989,0.9237,0.9921,9.02,239.0,5.36,17.2,1.2,956.6,open-meteo/previous-runs (best_match + GFS/ICON/ECMWF),power_model_v1@2026-01-31,0.9282,-0.0045
2026-02-10,2026-02-10T18:00:00+00:00,2026-02-11T17:00:00+00:00,2026-02-11T22:00:00+05:00,23,1,farm,0.4509,0.87,0.9937,9.42,238.0,5.71,14.7,1.2,957.2,open-meteo/previous-runs (best_match + GFS/ICON/ECMWF),power_model_v1@2026-01-31,0.8967,-0.0267
2026-02-10,2026-02-10T18:00:00+00:00,2026-02-11T18:00:00+00:00,2026-02-11T23:00:00+05:00,24,1,farm,0.1747,0.6756,0.9704,7.11,233.0,3.94,7.5,1.1,956.1,open-meteo/previous-runs (best_match + GFS/ICON/ECMWF),power_model_v1@2026-01-31,0.8299,-0.1543
2026-02-11,2026-02-11T18:00:00+00:00,2026-02-11T19:00:00+00:00,2026-02-12T00:00:00+05:00,1,1,farm,0.1316,0.6336,0.9675,6.78,230.0,3.49,6.0,0.9,955.9,open-meteo/previous-runs (best_match + GFS/ICON/ECMWF),power_model_v1@2026-01-31,0.7822,-0.1486
2026-02-11,2026-02-11T18:00:00+00:00,2026-02-11T20:00:00+00:00,2026-02-12T01:00:00+05:00,2,1,farm,0.1416,0.6502,1.0,7.0,233.0,3.56,6.5,0.7,955.8,open-meteo/previous-runs (best_match + GFS/ICON/ECMWF),power_model_v1@2026-01-31,0.7782,-0.128
2026-02-11,2026-02-11T18:00:00+00:00,2026-02-11T21:00:00+00:00,2026-02-12T02:00:00+05:00,3,1,farm,0.1412,0.6367,0.9978,7.2,230.0,3.83,6.8,1.2,956.2,open-meteo/previous-runs (best_match + GFS/ICON/ECMWF),power_model_v1@2026-01-31,0.7032,-0.0665
2026-02-11,2026-02-11T18:00:00+00:00,2026-02-11T22:00:00+00:00,2026-02-12T03:00:00+05:00,4,1,farm,0.1126,0.5959,0.9561,6.49,241.0,3.33,6.4,1.5,956.6,open-meteo/previous-runs (best_match + GFS/ICON/ECMWF),power_model_v1@2026-01-31,0.6337,-0.0378
2026-02-11,2026-02-11T18:00:00+00:00,2026-02-11T23:00:00+00:00,2026-02-12T04:00:00+05:00,5,1,farm,0.0174,0.4047,0.7903,6.15,248.0,3.13,6.1,1.1,957.0,open-meteo/previous-runs (best_match + GFS/ICON/ECMWF),power_model_v1@2026-01-31,0.5678,-0.1631
2026-02-11,2026-02-11T18:00:00+00:00,2026-02-12T00:00:00+00:00,2026-02-12T05:00:00+05:00,6,1,farm,0.0014,0.2036,0.4798,4.84,239.0,2.55,2.7,0.8,957.2,open-meteo/previous-runs (best_match + GFS/ICON/ECMWF),power_model_v1@2026-01-31,0.4507,-0.2471
2026-02-11,2026-02-11T18:00:00+00:00,2026-02-12T01:00:00+00:00,2026-02-12T06:00:00+05:00,7,1,farm,0.0034,0.1432,0.3467,2.82,237.0,1.12,2.3,0.7,957.0,open-meteo/previous-runs (best_match + GFS/ICON/ECMWF),power_model_v1@2026-01-31,0.2897,-0.1465
2026-02-11,2026-02-11T18:00:00+00:00,2026-02-12T02:00:00+00:00,2026-02-12T07:00:00+05:00,8,1,farm,0.0084,0.0335,0.1123,2.37,298.0,0.99,1.9,0.1,957.3,open-meteo/previous-runs (best_match + GFS/ICON/ECMWF),power_model_v1@2026-01-31,0.216,-0.1825
2026-02-11,2026-02-11T18:00:00+00:00,2026-02-12T03:00:00+00:00,2026-02-12T08:00:00+05:00,9,1,farm,0.0083,0.0254,0.084,2.1,288.0,1.03,1.7,0.1,958.1,open-meteo/previous-runs (best_match + GFS/ICON/ECMWF),power_model_v1@2026-01-31,0.1154,-0.09
2026-02-11,2026-02-11T18:00:00+00:00,2026-02-12T04:00:00+00:00,2026-02-12T09:00:00+05:00,10,1,farm,0.0078,0.0089,0.0389,1.99,18.0,1.6,1.9,0.5,957.7,open-meteo/previous-runs (best_match + GFS/ICON/ECMWF),power_model_v1@2026-01-31,0.0428,-0.0339
2026-02-11,2026-02-11T18:00:00+00:00,2026-02-12T05:00:00+00:00,2026-02-12T10:00:00+05:00,11,1,farm,0.0083,0.0105,0.0115,2.8,47.0,2.3,2.8,1.2,957.0,open-meteo/previous-runs (best_match + GFS/ICON/ECMWF),power_model_v1@2026-01-31,0.0413,-0.0308
2026-02-11,2026-02-11T18:00:00+00:00,2026-02-12T06:00:00+00:00,2026-02-12T11:00:00+05:00,12,1,farm,0.0071,0.0244,0.224,1.87,44.0,1.63,8.7,2.0,957.2,open-meteo/previous-runs (best_match + GFS/ICON/ECMWF),power_model_v1@2026-01-31,0.0381,-0.0137
2026-02-11,2026-02-11T18:00:00+00:00,2026-02-12T07:00:00+00:00,2026-02-12T12:00:00+05:00,13,1,farm,0.005,0.0707,0.3052,2.76,48.0,2.23,9.9,2.8,955.8,open-meteo/previous-runs (best_match + GFS/ICON/ECMWF),power_model_v1@2026-01-31,0.0467,0.024
2026-02-11,2026-02-11T18:00:00+00:00,2026-02-12T08:00:00+00:00,2026-02-12T13:00:00+05:00,14,1,farm,0.0048,0.101,0.3404,2.79,33.0,2.3,10.4,3.6,954.7,open-meteo/previous-runs (best_match + GFS/ICON/ECMWF),power_model_v1@2026-01-31,0.0681,0.0329
2026-02-11,2026-02-11T18:00:00+00:00,2026-02-12T09:00:00+00:00,2026-02-12T14:00:00+05:00,15,1,farm,0.0064,0.1112,0.3486,2.07,32.0,1.72,10.2,3.5,954.7,open-meteo/previous-runs (best_match + GFS/ICON/ECMWF),power_model_v1@2026-01-31,0.0603,0.0509
2026-02-11,2026-02-11T18:00:00+00:00,2026-02-12T10:00:00+00:00,2026-02-12T15:00:00+05:00,16,1,farm,0.0072,0.0647,0.2851,1.35,39.0,1.17,9.1,3.6,954.3,open-meteo/previous-runs (best_match + GFS/ICON/ECMWF),power_model_v1@2026-01-31,0.0575,0.0072
2026-02-11,2026-02-11T18:00:00+00:00,2026-02-12T11:00:00+00:00,2026-02-12T16:00:00+05:00,17,1,farm,0.0037,0.1439,0.361,1.79,330.0,1.42,8.3,2.9,954.4,open-meteo/previous-runs (best_match + GFS/ICON/ECMWF),power_model_v1@2026-01-31,0.1221,0.0218
2026-02-11,2026-02-11T18:00:00+00:00,2026-02-12T12:00:00+00:00,2026-02-12T17:00:00+05:00,18,1,farm,0.0051,0.1338,0.2473,4.36,280.0,2.62,5.4,0.8,955.2,open-meteo/previous-runs (best_match + GFS/ICON/ECMWF),power_model_v1@2026-01-31,0.168,-0.0342
2026-02-11,2026-02-11T18:00:00+00:00,2026-02-12T13:00:00+00:00,2026-02-12T18:00:00+05:00,19,1,farm,0.0049,0.1594,0.3884,3.65,272.0,2.1,7.3,0.1,955.5,open-meteo/previous-runs (best_match + GFS/ICON/ECMWF),power_model_v1@2026-01-31,0.206,-0.0466
2026-02-11,2026-02-11T18:00:00+00:00,2026-02-12T14:00:00+00:00,2026-02-12T19:00:00+05:00,20,1,farm,0.0043,0.2053,0.5865,4.0,268.0,2.19,8.1,-0.7,955.9,open-meteo/previous-runs (best_match + GFS/ICON/ECMWF),power_model_v1@2026-01-31,0.2358,-0.0305
2026-02-11,2026-02-11T18:00:00+00:00,2026-02-12T15:00:00+00:00,2026-02-12T20:00:00+05:00,21,1,farm,0.0052,0.1447,0.3645,3.3,270.0,2.0,7.2,-0.7,955.7,open-meteo/previous-runs (best_match + GFS/ICON/ECMWF),power_model_v1@2026-01-31,0.2869,-0.1422
2026-02-11,2026-02-11T18:00:00+00:00,2026-02-12T16:00:00+00:00,2026-02-12T21:00:00+05:00,22,1,farm,0.0058,0.1318,0.3617,4.0,279.0,2.43,6.4,-0.9,956.2,open-meteo/previous-runs (best_match + GFS/ICON/ECMWF),power_model_v1@2026-01-31,0.2664,-0.1346
2026-02-11,2026-02-11T18:00:00+00:00,2026-02-12T17:00:00+00:00,2026-02-12T22:00:00+05:00,23,1,farm,0.0062,0.0848,0.255,1.96,264.0,1.06,5.9,-0.9,955.9,open-meteo/previous-runs (best_match + GFS/ICON/ECMWF),power_model_v1@2026-01-31,0.2478,-0.163
2026-02-11,2026-02-11T18:00:00+00:00,2026-02-12T18:00:00+00:00,2026-02-12T23:00:00+05:00,24,1,farm,0.0082,0.0377,0.1256,1.87,314.0,1.26,4.4,-1.0,955.2,open-meteo/previous-runs (best_match + GFS/ICON/ECMWF),power_model_v1@2026-01-31,0.1243,-0.0866
2026-02-12,2026-02-12T18:00:00+00:00,2026-02-12T19:00:00+00:00,2026-02-13T00:00:00+05:00,1,1,farm,0.0078,0.0407,0.053,2.17,341.0,1.55,2.4,-1.5,954.7,open-meteo/previous-runs (best_match + GFS/ICON/ECMWF),power_model_v1@2026-01-31,0.0964,-0.0557
2026-02-12,2026-02-12T18:00:00+00:00,2026-02-12T20:00:00+00:00,2026-02-13T01:00:00+05:00,2,1,farm,0.0083,0.0261,0.0336,2.5,360.0,1.58,2.4,-2.3,953.9,open-meteo/previous-runs (best_match + GFS/ICON/ECMWF),power_model_v1@2026-01-31,0.0792,-0.0531
2026-02-12,2026-02-12T18:00:00+00:00,2026-02-12T21:00:00+00:00,2026-02-13T02:00:00+05:00,3,1,farm,0.0084,0.0166,0.0583,0.72,348.0,0.4,1.7,-2.5,953.4,open-meteo/previous-runs (best_match + GFS/ICON/ECMWF),power_model_v1@2026-01-31,0.0434,-0.0268
2026-02-12,2026-02-12T18:00:00+00:00,2026-02-12T22:00:00+00:00,2026-02-13T03:00:00+05:00,4,1,farm,0.0083,0.0334,0.0653,1.09,344.0,0.76,2.5,-2.5,952.8,open-meteo/previous-runs (best_match + GFS/ICON/ECMWF),power_model_v1@2026-01-31,0.0528,-0.0194
2026-02-12,2026-02-12T18:00:00+00:00,2026-02-12T23:00:00+00:00,2026-02-13T04:00:00+05:00,5,1,farm,0.0084,0.0291,0.063,1.31,317.0,0.88,2.6,-2.6,952.7,open-meteo/previous-runs (best_match + GFS/ICON/ECMWF),power_model_v1@2026-01-31,0.0331,-0.004
2026-02-12,2026-02-12T18:00:00+00:00,2026-02-13T00:00:00+00:00,2026-02-13T05:00:00+05:00,6,1,farm,0.0083,0.0343,0.1157,1.46,308.0,1.14,3.7,-1.9,953.4,open-meteo/previous-runs (best_match + GFS/ICON/ECMWF),power_model_v1@2026-01-31,0.0335,0.0008
2026-02-12,2026-02-12T18:00:00+00:00,2026-02-13T01:00:00+00:00,2026-02-13T06:00:00+05:00,7,1,farm,0.0085,0.0289,0.056,2.52,311.0,1.71,2.8,-2.2,954.0,open-meteo/previous-runs (best_match + GFS/ICON/ECMWF),power_model_v1@2026-01-31,0.0281,0.0008
2026-02-12,2026-02-12T18:00:00+00:00,2026-02-13T02:00:00+00:00,2026-02-13T07:00:00+05:00,8,1,farm,0.0085,0.019,0.0589,1.28,309.0,1.27,3.7,-2.4,954.5,open-meteo/previous-runs (best_match + GFS/ICON/ECMWF),power_model_v1@2026-01-31,0.0223,-0.0033
2026-02-12,2026-02-12T18:00:00+00:00,2026-02-13T03:00:00+00:00,2026-02-13T08:00:00+05:00,9,1,farm,0.0084,0.0186,0.0561,0.83,327.0,1.03,4.5,-2.0,955.0,open-meteo/previous-runs (best_match + GFS/ICON/ECMWF),power_model_v1@2026-01-31,0.0358,-0.0172
2026-02-12,2026-02-12T18:00:00+00:00,2026-02-13T04:00:00+00:00,2026-02-13T09:00:00+05:00,10,1,farm,0.0083,0.0152,0.0487,1.2,2.0,1.22,4.5,-1.2,955.5,open-meteo/previous-runs (best_match + GFS/ICON/ECMWF),power_model_v1@2026-01-31,0.0295,-0.0143
2026-02-12,2026-02-12T18:00:00+00:00,2026-02-13T05:00:00+00:00,2026-02-13T10:00:00+05:00,11,1,farm,0.0083,0.0261,0.1019,1.75,329.0,1.66,6.1,-0.6,955.9,open-meteo/previous-runs (best_match + GFS/ICON/ECMWF),power_model_v1@2026-01-31,0.03,-0.0039
2026-02-12,2026-02-12T18:00:00+00:00,2026-02-13T06:00:00+00:00,2026-02-13T11:00:00+05:00,12,1,farm,0.008,0.0347,0.1048,1.5,356.0,1.26,6.7,0.4,956.2,open-meteo/previous-runs (best_match + GFS/ICON/ECMWF),power_model_v1@2026-01-31,0.0266,0.0081
2026-02-12,2026-02-12T18:00:00+00:00,2026-02-13T07:00:00+00:00,2026-02-13T12:00:00+05:00,13,1,farm,0.0082,0.0185,0.0709,1.9,55.0,1.1,5.3,0.9,955.5,open-meteo/previous-runs (best_match + GFS/ICON/ECMWF),power_model_v1@2026-01-31,0.0361,-0.0176
2026-02-12,2026-02-12T18:00:00+00:00,2026-02-13T08:00:00+00:00,2026-02-13T13:00:00+05:00,14,1,farm,0.0074,0.0468,0.1127,3.41,50.0,2.09,4.5,1.6,954.6,open-meteo/previous-runs (best_match + GFS/ICON/ECMWF),power_model_v1@2026-01-31,0.0306,0.0162
2026-02-12,2026-02-12T18:00:00+00:00,2026-02-13T09:00:00+00:00,2026-02-13T14:00:00+05:00,15,1,farm,0.0066,0.0648,0.1208,3.22,54.0,1.7,3.3,2.6,954.6,open-meteo/previous-runs (best_match + GFS/ICON/ECMWF),power_model_v1@2026-01-31,0.0288,0.036
2026-02-12,2026-02-12T18:00:00+00:00,2026-02-13T10:00:00+00:00,2026-02-13T15:00:00+05:00,16,1,farm,0.006,0.0783,0.0834,2.92,52.0,1.42,2.6,2.9,954.5,open-meteo/previous-runs (best_match + GFS/ICON/ECMWF),power_model_v1@2026-01-31,0.0388,0.0395
2026-02-12,2026-02-12T18:00:00+00:00,2026-02-13T11:00:00+00:00,2026-02-13T16:00:00+05:00,17,1,farm,0.0075,0.0461,0.0904,2.98,49.0,1.3,2.0,2.3,954.8,open-meteo/previous-runs (best_match + GFS/ICON/ECMWF),power_model_v1@2026-01-31,0.0534,-0.0073
2026-02-12,2026-02-12T18:00:00+00:00,2026-02-13T12:00:00+00:00,2026-02-13T17:00:00+05:00,18,1,farm,0.0047,0.1136,0.1242,2.12,63.0,0.74,1.9,1.3,954.6,open-meteo/previous-runs (best_match + GFS/ICON/ECMWF),power_model_v1@2026-01-31,0.0733,0.0403
2026-02-12,2026-02-12T18:00:00+00:00,2026-02-13T13:00:00+00:00,2026-02-13T18:00:00+05:00,19,1,farm,0.0047,0.1152,0.1561,2.84,56.0,0.85,0.9,1.1,954.9,open-meteo/previous-runs (best_match + GFS/ICON/ECMWF),power_model_v1@2026-01-31,0.1188,-0.0036
2026-02-12,2026-02-12T18:00:00+00:00,2026-02-13T14:00:00+00:00,2026-02-13T19:00:00+05:00,20,1,farm,0.0015,0.1837,0.3524,4.44,59.0,1.79,1.5,1.0,955.4,open-meteo/previous-runs (best_match + GFS/ICON/ECMWF),power_model_v1@2026-01-31,0.1491,0.0346
2026-02-12,2026-02-12T18:00:00+00:00,2026-02-13T15:00:00+00:00,2026-02-13T20:00:00+05:00,21,1,farm,0.0057,0.2647,0.6625,5.98,66.0,2.97,3.4,1.3,955.5,open-meteo/previous-runs (best_match + GFS/ICON/ECMWF),power_model_v1@2026-01-31,0.1956,0.0691
2026-02-12,2026-02-12T18:00:00+00:00,2026-02-13T16:00:00+00:00,2026-02-13T21:00:00+05:00,22,1,farm,0.1055,0.3475,0.8505,7.61,65.0,3.81,3.9,0.2,955.1,open-meteo/previous-runs (best_match + GFS/ICON/ECMWF),power_model_v1@2026-01-31,0.2749,0.0726
2026-02-12,2026-02-12T18:00:00+00:00,2026-02-13T17:00:00+00:00,2026-02-13T22:00:00+05:00,23,1,farm,0.255,0.5892,0.982,8.02,66.0,4.15,4.5,0.1,954.5,open-meteo/previous-runs (best_match + GFS/ICON/ECMWF),power_model_v1@2026-01-31,0.2475,0.3417
2026-02-12,2026-02-12T18:00:00+00:00,2026-02-13T18:00:00+00:00,2026-02-13T23:00:00+05:00,24,1,farm,0.3177,0.5536,0.9908,7.38,62.0,3.76,5.3,-0.8,953.9,open-meteo/previous-runs (best_match + GFS/ICON/ECMWF),power_model_v1@2026-01-31,0.4708,0.0828
2026-02-13,2026-02-13T18:00:00+00:00,2026-02-13T19:00:00+00:00,2026-02-14T00:00:00+05:00,1,1,farm,0.3417,0.6345,0.9919,7.34,65.0,3.76,5.6,-1.2,953.5,open-meteo/previous-runs (best_match + GFS/ICON/ECMWF),power_model_v1@2026-01-31,0.641,-0.0065
2026-02-13,2026-02-13T18:00:00+00:00,2026-02-13T20:00:00+00:00,2026-02-14T01:00:00+05:00,2,1,farm,0.4277,0.6988,0.9827,7.54,70.0,3.98,6.0,-0.5,953.1,open-meteo/previous-runs (best_match + GFS/ICON/ECMWF),power_model_v1@2026-01-31,0.6563,0.0425
2026-02-13,2026-02-13T18:00:00+00:00,2026-02-13T21:00:00+00:00,2026-02-14T02:00:00+05:00,3,1,farm,0.371,0.6917,0.9859,7.39,81.0,4.02,6.4,-0.4,953.2,open-meteo/previous-runs (best_match + GFS/ICON/ECMWF),power_model_v1@2026-01-31,0.6579,0.0338
2026-02-13,2026-02-13T18:00:00+00:00,2026-02-13T22:00:00+00:00,2026-02-14T03:00:00+05:00,4,1,farm,0.3701,0.6891,0.994,7.48,77.0,4.18,7.8,-0.3,953.2,open-meteo/previous-runs (best_match + GFS/ICON/ECMWF),power_model_v1@2026-01-31,0.6169,0.0722
2026-02-13,2026-02-13T18:00:00+00:00,2026-02-13T23:00:00+00:00,2026-02-14T04:00:00+05:00,5,1,farm,0.3188,0.6376,0.9798,7.15,76.0,4.0,7.9,-0.4,953.2,open-meteo/previous-runs (best_match + GFS/ICON/ECMWF),power_model_v1@2026-01-31,0.6448,-0.0072
2026-02-13,2026-02-13T18:00:00+00:00,2026-02-14T00:00:00+00:00,2026-02-14T05:00:00+05:00,6,1,farm,0.0626,0.3595,0.8026,6.74,75.0,3.7,3.2,-0.3,953.8,open-meteo/previous-runs (best_match + GFS/ICON/ECMWF),power_model_v1@2026-01-31,0.505,-0.1455
2026-02-13,2026-02-13T18:00:00+00:00,2026-02-14T01:00:00+00:00,2026-02-14T06:00:00+05:00,7,1,farm,0.0243,0.1904,0.7133,5.8,80.0,3.18,3.0,-0.4,954.5,open-meteo/previous-runs (best_match + GFS/ICON/ECMWF),power_model_v1@2026-01-31,0.3044,-0.114
2026-02-13,2026-02-13T18:00:00+00:00,2026-02-14T02:00:00+00:00,2026-02-14T07:00:00+05:00,8,1,farm,0.0045,0.206,0.6129,3.75,77.0,1.75,3.4,-0.6,955.0,open-meteo/previous-runs (best_match + GFS/ICON/ECMWF),power_model_v1@2026-01-31,0.2368,-0.0308
2026-02-13,2026-02-13T18:00:00+00:00,2026-02-14T03:00:00+00:00,2026-02-14T08:00:00+05:00,9,1,farm,0.0075,0.0694,0.5299,3.78,72.0,1.74,3.2,-0.3,955.6,open-meteo/previous-runs (best_match + GFS/ICON/ECMWF),power_model_v1@2026-01-31,0.1971,-0.1277
2026-02-13,2026-02-13T18:00:00+00:00,2026-02-14T04:00:00+00:00,2026-02-14T09:00:00+05:00,10,1,farm,0.0076,0.0527,0.3339,2.82,67.0,1.17,2.8,1.3,956.2,open-meteo/previous-runs (best_match + GFS/ICON/ECMWF),power_model_v1@2026-01-31,0.2203,-0.1676
2026-02-13,2026-02-13T18:00:00+00:00,2026-02-14T05:00:00+00:00,2026-02-14T10:00:00+05:00,11,1,farm,0.0084,0.0117,0.2836,1.63,67.0,0.85,1.9,1.7,956.4,open-meteo/previous-runs (best_match + GFS/ICON/ECMWF),power_model_v1@2026-01-31,0.232,-0.2203
2026-02-13,2026-02-13T18:00:00+00:00,2026-02-14T06:00:00+00:00,2026-02-14T11:00:00+05:00,12,1,farm,0.0076,0.0479,0.3825,1.98,16.0,1.05,7.1,2.6,956.9,open-meteo/previous-runs (best_match + GFS/ICON/ECMWF),power_model_v1@2026-01-31,0.1567,-0.1088
2026-02-13,2026-02-13T18:00:00+00:00,2026-02-14T07:00:00+00:00,2026-02-14T12:00:00+05:00,13,1,farm,0.0079,0.0097,0.2572,1.46,22.0,0.71,6.5,3.1,956.5,open-meteo/previous-runs (best_match + GFS/ICON/ECMWF),power_model_v1@2026-01-31,0.1682,-0.1585
2026-02-13,2026-02-13T18:00:00+00:00,2026-02-14T08:00:00+00:00,2026-02-14T13:00:00+05:00,14,1,farm,0.007,0.0498,0.1845,1.38,314.0,0.79,4.1,3.6,956.1,open-meteo/previous-runs (best_match + GFS/ICON/ECMWF),power_model_v1@2026-01-31,0.1919,-0.1421
2026-02-13,2026-02-13T18:00:00+00:00,2026-02-14T09:00:00+00:00,2026-02-14T14:00:00+05:00,15,1,farm,0.0051,0.1022,0.1313,3.15,267.0,1.75,2.3,2.6,956.7,open-meteo/previous-runs (best_match + GFS/ICON/ECMWF),power_model_v1@2026-01-31,0.2401,-0.1379
2026-02-13,2026-02-13T18:00:00+00:00,2026-02-14T10:00:00+00:00,2026-02-14T15:00:00+05:00,16,1,farm,0.0043,0.1227,0.1701,0.89,218.0,0.27,2.2,3.2,956.7,open-meteo/previous-runs (best_match + GFS/ICON/ECMWF),power_model_v1@2026-01-31,0.1906,-0.0679
2026-02-13,2026-02-13T18:00:00+00:00,2026-02-14T11:00:00+00:00,2026-02-14T16:00:00+05:00,17,1,farm,0.0071,0.0559,0.0887,0.97,235.0,0.59,2.8,2.7,956.7,open-meteo/previous-runs (best_match + GFS/ICON/ECMWF),power_model_v1@2026-01-31,0.2687,-0.2128
2026-02-13,2026-02-13T18:00:00+00:00,2026-02-14T12:00:00+00:00,2026-02-14T17:00:00+05:00,18,1,farm,0.0076,0.051,0.1252,0.57,218.0,0.18,3.8,0.6,956.1,open-meteo/previous-runs (best_match + GFS/ICON/ECMWF),power_model_v1@2026-01-31,0.301,-0.25
2026-02-13,2026-02-13T18:00:00+00:00,2026-02-14T13:00:00+00:00,2026-02-14T18:00:00+05:00,19,1,farm,0.0079,0.0402,0.0681,0.38,337.0,0.21,2.3,0.3,956.3,open-meteo/previous-runs (best_match + GFS/ICON/ECMWF),power_model_v1@2026-01-31,0.2919,-0.2517
2026-02-13,2026-02-13T18:00:00+00:00,2026-02-14T14:00:00+00:00,2026-02-14T19:00:00+05:00,20,1,farm,0.0081,0.0426,0.1167,1.64,290.0,0.62,2.3,-1.7,956.7,open-meteo/previous-runs (best_match + GFS/ICON/ECMWF),power_model_v1@2026-01-31,0.2094,-0.1668
2026-02-13,2026-02-13T18:00:00+00:00,2026-02-14T15:00:00+00:00,2026-02-14T20:00:00+05:00,21,1,farm,0.0069,0.067,0.1321,2.49,255.0,0.96,1.8,-1.9,956.9,open-meteo/previous-runs (best_match + GFS/ICON/ECMWF),power_model_v1@2026-01-31,0.2325,-0.1655
2026-02-13,2026-02-13T18:00:00+00:00,2026-02-14T16:00:00+00:00,2026-02-14T21:00:00+05:00,22,1,farm,0.0073,0.061,0.1482,2.85,281.0,0.7,1.9,-1.0,957.4,open-meteo/previous-runs (best_match + GFS/ICON/ECMWF),power_model_v1@2026-01-31,0.2684,-0.2074
2026-02-13,2026-02-13T18:00:00+00:00,2026-02-14T17:00:00+00:00,2026-02-14T22:00:00+05:00,23,1,farm,0.0076,0.0467,0.1244,2.93,240.0,1.27,2.3,-2.3,957.8,open-meteo/previous-runs (best_match + GFS/ICON/ECMWF),power_model_v1@2026-01-31,0.1264,-0.0797
2026-02-13,2026-02-13T18:00:00+00:00,2026-02-14T18:00:00+00:00,2026-02-14T23:00:00+05:00,24,1,farm,0.0079,0.04,0.1587,0.43,249.0,0.0,4.5,-1.0,957.2,open-meteo/previous-runs (best_match + GFS/ICON/ECMWF),power_model_v1@2026-01-31,0.106,-0.066
2026-02-14,2026-02-14T18:00:00+00:00,2026-02-14T19:00:00+00:00,2026-02-15T00:00:00+05:00,1,1,farm,0.0081,0.0341,0.0983,0.6,355.0,0.18,3.3,-0.6,957.3,open-meteo/previous-runs (best_match + GFS/ICON/ECMWF),power_model_v1@2026-01-31,0.0531,-0.019
2026-02-14,2026-02-14T18:00:00+00:00,2026-02-14T20:00:00+00:00,2026-02-15T01:00:00+05:00,2,1,farm,0.0079,0.0376,0.0752,1.16,7.0,0.4,2.3,0.0,957.7,open-meteo/previous-runs (best_match + GFS/ICON/ECMWF),power_model_v1@2026-01-31,0.03,0.0076
2026-02-14,2026-02-14T18:00:00+00:00,2026-02-14T21:00:00+00:00,2026-02-15T02:00:00+05:00,3,1,farm,0.0081,0.0328,0.0719,1.32,127.0,0.58,1.5,-1.4,957.3,open-meteo/previous-runs (best_match + GFS/ICON/ECMWF),power_model_v1@2026-01-31,0.0377,-0.0049
2026-02-14,2026-02-14T18:00:00+00:00,2026-02-14T22:00:00+00:00,2026-02-15T03:00:00+05:00,4,1,farm,0.0083,0.0225,0.1102,2.22,31.0,1.09,1.7,-2.2,956.8,open-meteo/previous-runs (best_match + GFS/ICON/ECMWF),power_model_v1@2026-01-31,0.0429,-0.0204
2026-02-14,2026-02-14T18:00:00+00:00,2026-02-14T23:00:00+00:00,2026-02-15T04:00:00+05:00,5,1,farm,0.0084,0.0193,0.096,3.65,71.0,1.72,1.1,-3.2,956.6,open-meteo/previous-runs (best_match + GFS/ICON/ECMWF),power_model_v1@2026-01-31,0.0537,-0.0344
2026-02-14,2026-02-14T18:00:00+00:00,2026-02-15T00:00:00+00:00,2026-02-15T05:00:00+05:00,6,1,farm,0.0083,0.0303,0.1994,3.27,67.0,1.46,2.0,-3.2,956.1,open-meteo/previous-runs (best_match + GFS/ICON/ECMWF),power_model_v1@2026-01-31,0.0551,-0.0248
2026-02-14,2026-02-14T18:00:00+00:00,2026-02-15T01:00:00+00:00,2026-02-15T06:00:00+05:00,7,1,farm,0.0064,0.0612,0.4356,5.31,66.0,2.15,2.6,-2.1,956.6,open-meteo/previous-runs (best_match + GFS/ICON/ECMWF),power_model_v1@2026-01-31,0.1159,-0.0547
2026-02-14,2026-02-14T18:00:00+00:00,2026-02-15T02:00:00+00:00,2026-02-15T07:00:00+05:00,8,1,farm,0.0351,0.1797,0.6462,5.46,66.0,2.31,3.8,-2.5,956.7,open-meteo/previous-runs (best_match + GFS/ICON/ECMWF),power_model_v1@2026-01-31,0.0892,0.0905
2026-02-14,2026-02-14T18:00:00+00:00,2026-02-15T03:00:00+00:00,2026-02-15T08:00:00+05:00,9,1,farm,0.0692,0.2913,0.859,6.69,63.0,3.1,5.2,-0.5,957.7,open-meteo/previous-runs (best_match + GFS/ICON/ECMWF),power_model_v1@2026-01-31,0.2178,0.0735
2026-02-14,2026-02-14T18:00:00+00:00,2026-02-15T04:00:00+00:00,2026-02-15T09:00:00+05:00,10,1,farm,0.193,0.4963,0.9607,7.54,61.0,3.3,7.1,2.2,958.1,open-meteo/previous-runs (best_match + GFS/ICON/ECMWF),power_model_v1@2026-01-31,0.4089,0.0874
2026-02-14,2026-02-14T18:00:00+00:00,2026-02-15T05:00:00+00:00,2026-02-15T10:00:00+05:00,11,1,farm,0.3919,0.6939,0.9876,7.75,58.0,4.26,8.3,3.6,957.9,open-meteo/previous-runs (best_match + GFS/ICON/ECMWF),power_model_v1@2026-01-31,0.6316,0.0623
2026-02-14,2026-02-14T18:00:00+00:00,2026-02-15T06:00:00+00:00,2026-02-15T11:00:00+05:00,12,1,farm,0.5735,0.775,0.9871,8.63,55.0,5.29,10.3,5.1,957.0,open-meteo/previous-runs (best_match + GFS/ICON/ECMWF),power_model_v1@2026-01-31,0.719,0.056
2026-02-14,2026-02-14T18:00:00+00:00,2026-02-15T07:00:00+00:00,2026-02-15T12:00:00+05:00,13,1,farm,0.6952,0.92,0.9806,9.76,56.0,7.01,11.7,6.6,956.0,open-meteo/previous-runs (best_match + GFS/ICON/ECMWF),power_model_v1@2026-01-31,0.8777,0.0423
2026-02-14,2026-02-14T18:00:00+00:00,2026-02-15T08:00:00+00:00,2026-02-15T13:00:00+05:00,14,1,farm,0.6758,0.9308,0.9798,9.68,60.0,7.1,13.1,7.6,955.0,open-meteo/previous-runs (best_match + GFS/ICON/ECMWF),power_model_v1@2026-01-31,0.9518,-0.021
2026-02-14,2026-02-14T18:00:00+00:00,2026-02-15T09:00:00+00:00,2026-02-15T14:00:00+05:00,15,1,farm,0.5523,0.8778,0.983,8.91,65.0,6.48,13.3,8.3,954.9,open-meteo/previous-runs (best_match + GFS/ICON/ECMWF),power_model_v1@2026-01-31,0.9309,-0.0531
2026-02-14,2026-02-14T18:00:00+00:00,2026-02-15T10:00:00+00:00,2026-02-15T15:00:00+05:00,16,1,farm,0.5301,0.9091,0.9858,8.29,70.0,5.81,13.2,7.6,954.6,open-meteo/previous-runs (best_match + GFS/ICON/ECMWF),power_model_v1@2026-01-31,0.9276,-0.0185
2026-02-14,2026-02-14T18:00:00+00:00,2026-02-15T11:00:00+00:00,2026-02-15T16:00:00+05:00,17,1,farm,0.467,0.8861,0.9911,8.17,74.0,5.0,12.6,6.3,954.3,open-meteo/previous-runs (best_match + GFS/ICON/ECMWF),power_model_v1@2026-01-31,0.9035,-0.0174
2026-02-14,2026-02-14T18:00:00+00:00,2026-02-15T12:00:00+00:00,2026-02-15T17:00:00+05:00,18,1,farm,0.4527,0.9062,0.9945,8.14,75.0,4.21,11.8,4.2,953.2,open-meteo/previous-runs (best_match + GFS/ICON/ECMWF),power_model_v1@2026-01-31,0.914,-0.0078
2026-02-14,2026-02-14T18:00:00+00:00,2026-02-15T13:00:00+00:00,2026-02-15T18:00:00+05:00,19,1,farm,0.4556,0.9352,0.9966,7.74,79.0,3.8,10.0,2.0,952.8,open-meteo/previous-runs (best_match + GFS/ICON/ECMWF),power_model_v1@2026-01-31,0.9196,0.0156
2026-02-14,2026-02-14T18:00:00+00:00,2026-02-15T14:00:00+00:00,2026-02-15T19:00:00+05:00,20,1,farm,0.4704,0.94,0.9953,7.8,79.0,3.96,9.6,1.2,952.5,open-meteo/previous-runs (best_match + GFS/ICON/ECMWF),power_model_v1@2026-01-31,0.9354,0.0046
2026-02-14,2026-02-14T18:00:00+00:00,2026-02-15T15:00:00+00:00,2026-02-15T20:00:00+05:00,21,1,farm,0.4656,0.9264,0.995,8.06,79.0,4.05,9.6,1.1,952.4,open-meteo/previous-runs (best_match + GFS/ICON/ECMWF),power_model_v1@2026-01-31,0.9162,0.0102
2026-02-14,2026-02-14T18:00:00+00:00,2026-02-15T16:00:00+00:00,2026-02-15T21:00:00+05:00,22,1,farm,0.4328,0.9086,0.9945,7.42,82.0,3.7,9.2,1.0,952.6,open-meteo/previous-runs (best_match + GFS/ICON/ECMWF),power_model_v1@2026-01-31,0.9064,0.0022
2026-02-14,2026-02-14T18:00:00+00:00,2026-02-15T17:00:00+00:00,2026-02-15T22:00:00+05:00,23,1,farm,0.3289,0.8746,0.9827,6.21,87.0,3.11,7.9,1.5,952.9,open-meteo/previous-runs (best_match + GFS/ICON/ECMWF),power_model_v1@2026-01-31,0.8664,0.0082
2026-02-14,2026-02-14T18:00:00+00:00,2026-02-15T18:00:00+00:00,2026-02-15T23:00:00+05:00,24,1,farm,0.1797,0.5886,0.9263,5.67,81.0,2.75,5.6,1.9,952.3,open-meteo/previous-runs (best_match + GFS/ICON/ECMWF),power_model_v1@2026-01-31,0.75,-0.1614
2026-02-15,2026-02-15T18:00:00+00:00,2026-02-15T19:00:00+00:00,2026-02-16T00:00:00+05:00,1,1,farm,0.1336,0.5067,0.9367,5.26,76.0,2.47,5.4,2.2,952.0,open-meteo/previous-runs (best_match + GFS/ICON/ECMWF),power_model_v1@2026-01-31,0.6516,-0.1449
2026-02-15,2026-02-15T18:00:00+00:00,2026-02-15T20:00:00+00:00,2026-02-16T01:00:00+05:00,2,1,farm,0.1434,0.4251,0.9082,5.96,70.0,3.04,4.6,1.9,951.5,open-meteo/previous-runs (best_match + GFS/ICON/ECMWF),power_model_v1@2026-01-31,0.644,-0.2189
2026-02-15,2026-02-15T18:00:00+00:00,2026-02-15T21:00:00+00:00,2026-02-16T02:00:00+05:00,3,1,farm,0.162,0.5277,0.9481,6.18,78.0,3.15,5.0,1.9,951.4,open-meteo/previous-runs (best_match + GFS/ICON/ECMWF),power_model_v1@2026-01-31,0.6497,-0.122
2026-02-15,2026-02-15T18:00:00+00:00,2026-02-15T22:00:00+00:00,2026-02-16T03:00:00+05:00,4,1,farm,0.1506,0.4718,0.938,6.43,67.0,3.31,5.3,1.7,951.0,open-meteo/previous-runs (best_match + GFS/ICON/ECMWF),power_model_v1@2026-01-31,0.593,-0.1212
2026-02-15,2026-02-15T18:00:00+00:00,2026-02-15T23:00:00+00:00,2026-02-16T04:00:00+05:00,5,1,farm,0.1704,0.5122,0.939,6.61,74.0,3.37,6.0,1.5,951.0,open-meteo/previous-runs (best_match + GFS/ICON/ECMWF),power_model_v1@2026-01-31,0.5047,0.0075
2026-02-15,2026-02-15T18:00:00+00:00,2026-02-16T00:00:00+00:00,2026-02-16T05:00:00+05:00,6,1,farm,0.1934,0.4919,0.9465,6.69,72.0,3.23,7.8,1.8,951.5,open-meteo/previous-runs (best_match + GFS/ICON/ECMWF),power_model_v1@2026-01-31,0.4612,0.0307
2026-02-15,2026-02-15T18:00:00+00:00,2026-02-16T01:00:00+00:00,2026-02-16T06:00:00+05:00,7,1,farm,0.1748,0.5412,0.9312,6.81,60.0,3.48,8.5,1.8,951.7,open-meteo/previous-runs (best_match + GFS/ICON/ECMWF),power_model_v1@2026-01-31,0.3804,0.1608
2026-02-15,2026-02-15T18:00:00+00:00,2026-02-16T02:00:00+00:00,2026-02-16T07:00:00+05:00,8,1,farm,0.164,0.4341,0.9397,6.88,71.0,3.58,8.5,1.6,951.6,open-meteo/previous-runs (best_match + GFS/ICON/ECMWF),power_model_v1@2026-01-31,0.3041,0.13
2026-02-15,2026-02-15T18:00:00+00:00,2026-02-16T03:00:00+00:00,2026-02-16T08:00:00+05:00,9,1,farm,0.1142,0.4496,0.937,6.51,72.0,3.64,7.5,2.7,951.7,open-meteo/previous-runs (best_match + GFS/ICON/ECMWF),power_model_v1@2026-01-31,0.2977,0.1519
2026-02-15,2026-02-15T18:00:00+00:00,2026-02-16T04:00:00+00:00,2026-02-16T09:00:00+05:00,10,1,farm,0.1489,0.4248,0.9388,7.08,67.0,3.38,6.6,5.0,952.5,open-meteo/previous-runs (best_match + GFS/ICON/ECMWF),power_model_v1@2026-01-31,0.4263,-0.0015
2026-02-15,2026-02-15T18:00:00+00:00,2026-02-16T05:00:00+00:00,2026-02-16T10:00:00+05:00,11,1,farm,0.1793,0.5763,0.961,5.84,62.0,4.33,7.4,6.9,952.8,open-meteo/previous-runs (best_match + GFS/ICON/ECMWF),power_model_v1@2026-01-31,0.4068,0.1695
2026-02-15,2026-02-15T18:00:00+00:00,2026-02-16T06:00:00+00:00,2026-02-16T11:00:00+05:00,12,1,farm,0.3654,0.6715,0.96,7.07,62.0,5.25,10.8,7.9,952.1,open-meteo/previous-runs (best_match + GFS/ICON/ECMWF),power_model_v1@2026-01-31,0.4194,0.2521
2026-02-15,2026-02-15T18:00:00+00:00,2026-02-16T07:00:00+00:00,2026-02-16T12:00:00+05:00,13,1,farm,0.4442,0.7965,0.9827,7.59,60.0,5.67,11.8,9.2,951.8,open-meteo/previous-runs (best_match + GFS/ICON/ECMWF),power_model_v1@2026-01-31,0.4593,0.3372
2026-02-15,2026-02-15T18:00:00+00:00,2026-02-16T08:00:00+00:00,2026-02-16T13:00:00+05:00,14,1,farm,0.4097,0.8068,0.9821,7.22,62.0,5.36,11.8,9.6,951.5,open-meteo/previous-runs (best_match + GFS/ICON/ECMWF),power_model_v1@2026-01-31,0.5595,0.2473
2026-02-15,2026-02-15T18:00:00+00:00,2026-02-16T09:00:00+00:00,2026-02-16T14:00:00+05:00,15,1,farm,0.3123,0.7676,0.976,6.64,65.0,4.74,11.8,9.1,951.3,open-meteo/previous-runs (best_match + GFS/ICON/ECMWF),power_model_v1@2026-01-31,0.5366,0.231
2026-02-15,2026-02-15T18:00:00+00:00,2026-02-16T10:00:00+00:00,2026-02-16T15:00:00+05:00,16,1,farm,0.1884,0.7129,0.9534,5.52,64.0,3.87,11.4,9.2,951.7,open-meteo/previous-runs (best_match + GFS/ICON/ECMWF),power_model_v1@2026-01-31,0.6432,0.0697
2026-02-15,2026-02-15T18:00:00+00:00,2026-02-16T11:00:00+00:00,2026-02-16T16:00:00+05:00,17,1,farm,0.1667,0.639,0.9385,5.26,65.0,3.31,11.1,8.3,951.5,open-meteo/previous-runs (best_match + GFS/ICON/ECMWF),power_model_v1@2026-01-31,0.6884,-0.0494
2026-02-15,2026-02-15T18:00:00+00:00,2026-02-16T12:00:00+00:00,2026-02-16T17:00:00+05:00,18,1,farm,0.1257,0.5937,0.9299,5.11,59.0,1.88,10.4,5.5,951.0,open-meteo/previous-runs (best_match + GFS/ICON/ECMWF),power_model_v1@2026-01-31,0.7255,-0.1318
2026-02-15,2026-02-15T18:00:00+00:00,2026-02-16T13:00:00+00:00,2026-02-16T18:00:00+05:00,19,1,farm,0.1374,0.5939,0.9103,5.88,63.0,2.3,8.5,4.5,951.2,open-meteo/previous-runs (best_match + GFS/ICON/ECMWF),power_model_v1@2026-01-31,0.783,-0.1891
2026-02-15,2026-02-15T18:00:00+00:00,2026-02-16T14:00:00+00:00,2026-02-16T19:00:00+05:00,20,1,farm,0.1531,0.6611,0.9383,5.59,66.0,2.15,7.4,4.2,951.7,open-meteo/previous-runs (best_match + GFS/ICON/ECMWF),power_model_v1@2026-01-31,0.7893,-0.1282
2026-02-15,2026-02-15T18:00:00+00:00,2026-02-16T15:00:00+00:00,2026-02-16T20:00:00+05:00,21,1,farm,0.1401,0.7091,0.925,5.56,68.0,2.06,6.8,3.3,951.9,open-meteo/previous-runs (best_match + GFS/ICON/ECMWF),power_model_v1@2026-01-31,0.7566,-0.0475
2026-02-15,2026-02-15T18:00:00+00:00,2026-02-16T16:00:00+00:00,2026-02-16T21:00:00+05:00,22,1,farm,0.1356,0.6256,0.9182,5.73,65.0,2.1,6.8,3.3,952.2,open-meteo/previous-runs (best_match + GFS/ICON/ECMWF),power_model_v1@2026-01-31,0.7806,-0.155
2026-02-15,2026-02-15T18:00:00+00:00,2026-02-16T17:00:00+00:00,2026-02-16T22:00:00+05:00,23,1,farm,0.073,0.6195,0.9365,5.37,62.0,1.8,6.7,3.1,952.7,open-meteo/previous-runs (best_match + GFS/ICON/ECMWF),power_model_v1@2026-01-31,0.7715,-0.152
2026-02-15,2026-02-15T18:00:00+00:00,2026-02-16T18:00:00+00:00,2026-02-16T23:00:00+05:00,24,1,farm,0.0862,0.5357,0.9292,5.11,67.0,1.8,5.5,3.9,953.3,open-meteo/previous-runs (best_match + GFS/ICON/ECMWF),power_model_v1@2026-01-31,0.7429,-0.2072
2026-02-16,2026-02-16T18:00:00+00:00,2026-02-16T19:00:00+00:00,2026-02-17T00:00:00+05:00,1,1,farm,0.1012,0.6036,0.9429,4.99,64.0,1.81,5.6,3.9,953.5,open-meteo/previous-runs (best_match + GFS/ICON/ECMWF),power_model_v1@2026-01-31,0.7008,-0.0972
2026-02-16,2026-02-16T18:00:00+00:00,2026-02-16T20:00:00+00:00,2026-02-17T01:00:00+05:00,2,1,farm,0.1472,0.6295,0.9083,5.73,65.0,2.17,5.6,3.9,953.7,open-meteo/previous-runs (best_match + GFS/ICON/ECMWF),power_model_v1@2026-01-31,0.681,-0.0515
2026-02-16,2026-02-16T18:00:00+00:00,2026-02-16T21:00:00+00:00,2026-02-17T02:00:00+05:00,3,1,farm,0.168,0.5401,0.9087,6.11,65.0,2.38,5.5,3.7,954.2,open-meteo/previous-runs (best_match + GFS/ICON/ECMWF),power_model_v1@2026-01-31,0.6468,-0.1067
2026-02-16,2026-02-16T18:00:00+00:00,2026-02-16T22:00:00+00:00,2026-02-17T03:00:00+05:00,4,1,farm,0.1271,0.5246,0.9529,6.65,67.0,2.85,5.4,3.9,954.4,open-meteo/previous-runs (best_match + GFS/ICON/ECMWF),power_model_v1@2026-01-31,0.6392,-0.1146
2026-02-16,2026-02-16T18:00:00+00:00,2026-02-16T23:00:00+00:00,2026-02-17T04:00:00+05:00,5,1,farm,0.0812,0.4348,0.9039,6.05,69.0,2.53,5.2,3.8,954.9,open-meteo/previous-runs (best_match + GFS/ICON/ECMWF),power_model_v1@2026-01-31,0.5201,-0.0853
2026-02-16,2026-02-16T18:00:00+00:00,2026-02-17T00:00:00+00:00,2026-02-17T05:00:00+05:00,6,1,farm,0.0024,0.3082,0.7253,2.44,79.0,0.4,4.5,3.2,956.5,open-meteo/previous-runs (best_match + GFS/ICON/ECMWF),power_model_v1@2026-01-31,0.2967,0.0115
2026-02-16,2026-02-16T18:00:00+00:00,2026-02-17T01:00:00+00:00,2026-02-17T06:00:00+05:00,7,1,farm,0.0029,0.2124,0.5367,2.06,86.0,0.6,3.9,3.5,957.1,open-meteo/previous-runs (best_match + GFS/ICON/ECMWF),power_model_v1@2026-01-31,0.1557,0.0567
2026-02-16,2026-02-16T18:00:00+00:00,2026-02-17T02:00:00+00:00,2026-02-17T07:00:00+05:00,8,1,farm,0.0048,0.1499,0.4679,3.09,76.0,1.31,3.4,3.2,957.4,open-meteo/previous-runs (best_match + GFS/ICON/ECMWF),power_model_v1@2026-01-31,0.2369,-0.087
2026-02-16,2026-02-16T18:00:00+00:00,2026-02-17T03:00:00+00:00,2026-02-17T08:00:00+05:00,9,1,farm,0.0061,0.1096,0.4921,4.44,71.0,2.06,2.7,3.5,958.2,open-meteo/previous-runs (best_match + GFS/ICON/ECMWF),power_model_v1@2026-01-31,0.1393,-0.0297
2026-02-16,2026-02-16T18:00:00+00:00,2026-02-17T04:00:00+00:00,2026-02-17T09:00:00+05:00,10,1,farm,0.0033,0.1289,0.5242,5.48,54.0,2.72,2.2,3.8,959.0,open-meteo/previous-runs (best_match + GFS/ICON/ECMWF),power_model_v1@2026-01-31,0.1132,0.0157
2026-02-16,2026-02-16T18:00:00+00:00,2026-02-17T05:00:00+00:00,2026-02-17T10:00:00+05:00,11,1,farm,0.0018,0.1407,0.5049,6.05,59.0,3.36,1.8,3.7,959.7,open-meteo/previous-runs (best_match + GFS/ICON/ECMWF),power_model_v1@2026-01-31,0.1492,-0.0085
2026-02-16,2026-02-16T18:00:00+00:00,2026-02-17T06:00:00+00:00,2026-02-17T11:00:00+05:00,12,1,farm,0.0034,0.1333,0.4902,4.46,67.0,2.62,2.3,4.7,960.3,open-meteo/previous-runs (best_match + GFS/ICON/ECMWF),power_model_v1@2026-01-31,0.2357,-0.1024
2026-02-16,2026-02-16T18:00:00+00:00,2026-02-17T07:00:00+00:00,2026-02-17T12:00:00+05:00,13,1,farm,0.0036,0.1275,0.353,5.07,68.0,2.97,3.1,5.8,960.3,open-meteo/previous-runs (best_match + GFS/ICON/ECMWF),power_model_v1@2026-01-31,0.2436,-0.1161
2026-02-16,2026-02-16T18:00:00+00:00,2026-02-17T08:00:00+00:00,2026-02-17T13:00:00+05:00,14,1,farm,0.0036,0.1394,0.4505,4.9,54.0,3.29,3.8,5.9,959.9,open-meteo/previous-runs (best_match + GFS/ICON/ECMWF),power_model_v1@2026-01-31,0.275,-0.1356
2026-02-16,2026-02-16T18:00:00+00:00,2026-02-17T09:00:00+00:00,2026-02-17T14:00:00+05:00,15,1,farm,0.0036,0.1758,0.5085,5.09,55.0,3.34,4.1,5.9,960.3,open-meteo/previous-runs (best_match + GFS/ICON/ECMWF),power_model_v1@2026-01-31,0.3603,-0.1845
2026-02-16,2026-02-16T18:00:00+00:00,2026-02-17T10:00:00+00:00,2026-02-17T15:00:00+05:00,16,1,farm,0.002,0.2247,0.5984,5.15,67.0,2.84,4.1,6.1,960.3,open-meteo/previous-runs (best_match + GFS/ICON/ECMWF),power_model_v1@2026-01-31,0.4002,-0.1755
2026-02-16,2026-02-16T18:00:00+00:00,2026-02-17T11:00:00+00:00,2026-02-17T16:00:00+05:00,17,1,farm,0.0009,0.2936,0.6877,4.92,62.0,2.88,4.1,6.6,960.6,open-meteo/previous-runs (best_match + GFS/ICON/ECMWF),power_model_v1@2026-01-31,0.6082,-0.3146
2026-02-16,2026-02-16T18:00:00+00:00,2026-02-17T12:00:00+00:00,2026-02-17T17:00:00+05:00,18,1,farm,0.1449,0.5786,0.9561,6.69,61.0,3.27,7.6,5.7,959.9,open-meteo/previous-runs (best_match + GFS/ICON/ECMWF),power_model_v1@2026-01-31,0.6146,-0.036
2026-02-16,2026-02-16T18:00:00+00:00,2026-02-17T13:00:00+00:00,2026-02-17T18:00:00+05:00,19,1,farm,0.1878,0.6745,0.9836,6.85,66.0,2.96,6.2,4.3,960.0,open-meteo/previous-runs (best_match + GFS/ICON/ECMWF),power_model_v1@2026-01-31,0.6664,0.0081
2026-02-16,2026-02-16T18:00:00+00:00,2026-02-17T14:00:00+00:00,2026-02-17T19:00:00+05:00,20,1,farm,0.186,0.5409,0.9655,7.48,60.0,3.27,4.7,3.8,960.1,open-meteo/previous-runs (best_match + GFS/ICON/ECMWF),power_model_v1@2026-01-31,0.8158,-0.2749
2026-02-16,2026-02-16T18:00:00+00:00,2026-02-17T15:00:00+00:00,2026-02-17T20:00:00+05:00,21,1,farm,0.2341,0.6459,0.9526,8.07,59.0,3.65,4.0,3.6,960.4,open-meteo/previous-runs (best_match + GFS/ICON/ECMWF),power_model_v1@2026-01-31,0.7615,-0.1156
2026-02-16,2026-02-16T18:00:00+00:00,2026-02-17T16:00:00+00:00,2026-02-17T21:00:00+05:00,22,1,farm,0.3212,0.7322,0.9762,8.01,63.0,3.7,4.2,3.0,960.6,open-meteo/previous-runs (best_match + GFS/ICON/ECMWF),power_model_v1@2026-01-31,0.7863,-0.0541
2026-02-16,2026-02-16T18:00:00+00:00,2026-02-17T17:00:00+00:00,2026-02-17T22:00:00+05:00,23,1,farm,0.2725,0.62,0.9706,7.32,65.0,3.27,4.2,2.1,960.1,open-meteo/previous-runs (best_match + GFS/ICON/ECMWF),power_model_v1@2026-01-31,0.7305,-0.1105
2026-02-16,2026-02-16T18:00:00+00:00,2026-02-17T18:00:00+00:00,2026-02-17T23:00:00+05:00,24,1,farm,0.2946,0.6894,0.987,7.16,72.0,3.41,5.6,1.3,959.3,open-meteo/previous-runs (best_match + GFS/ICON/ECMWF),power_model_v1@2026-01-31,0.6515,0.0379
2026-02-17,2026-02-17T18:00:00+00:00,2026-02-17T19:00:00+00:00,2026-02-18T00:00:00+05:00,1,1,farm,0.3109,0.7471,0.9915,7.25,69.0,3.7,6.7,0.5,958.5,open-meteo/previous-runs (best_match + GFS/ICON/ECMWF),power_model_v1@2026-01-31,0.8124,-0.0653
2026-02-17,2026-02-17T18:00:00+00:00,2026-02-17T20:00:00+00:00,2026-02-18T01:00:00+05:00,2,1,farm,0.3236,0.7355,0.9906,7.73,71.0,4.0,6.7,0.7,958.9,open-meteo/previous-runs (best_match + GFS/ICON/ECMWF),power_model_v1@2026-01-31,0.8416,-0.1061
2026-02-17,2026-02-17T18:00:00+00:00,2026-02-17T21:00:00+00:00,2026-02-18T02:00:00+05:00,3,1,farm,0.2348,0.7012,0.9812,6.75,76.0,3.41,6.2,1.1,958.5,open-meteo/previous-runs (best_match + GFS/ICON/ECMWF),power_model_v1@2026-01-31,0.7398,-0.0386
2026-02-17,2026-02-17T18:00:00+00:00,2026-02-17T22:00:00+00:00,2026-02-18T03:00:00+05:00,4,1,farm,0.2134,0.6506,0.9783,6.71,78.0,3.41,6.3,1.2,958.2,open-meteo/previous-runs (best_match + GFS/ICON/ECMWF),power_model_v1@2026-01-31,0.6988,-0.0482
2026-02-17,2026-02-17T18:00:00+00:00,2026-02-17T23:00:00+00:00,2026-02-18T04:00:00+05:00,5,1,farm,0.3126,0.7063,0.9851,7.03,84.0,3.85,6.8,1.3,957.8,open-meteo/previous-runs (best_match + GFS/ICON/ECMWF),power_model_v1@2026-01-31,0.6751,0.0312
2026-02-17,2026-02-17T18:00:00+00:00,2026-02-18T00:00:00+00:00,2026-02-18T05:00:00+05:00,6,1,farm,0.3388,0.6852,0.9918,7.1,91.0,3.8,7.9,1.6,957.7,open-meteo/previous-runs (best_match + GFS/ICON/ECMWF),power_model_v1@2026-01-31,0.6889,-0.0037
2026-02-17,2026-02-17T18:00:00+00:00,2026-02-18T01:00:00+00:00,2026-02-18T06:00:00+05:00,7,1,farm,0.4172,0.7704,0.9929,6.55,90.0,3.48,9.8,1.7,957.3,open-meteo/previous-runs (best_match + GFS/ICON/ECMWF),power_model_v1@2026-01-31,0.6817,0.0887
2026-02-17,2026-02-17T18:00:00+00:00,2026-02-18T02:00:00+00:00,2026-02-18T07:00:00+05:00,8,1,farm,0.4435,0.7217,0.9872,7.34,75.0,4.01,10.7,1.6,957.5,open-meteo/previous-runs (best_match + GFS/ICON/ECMWF),power_model_v1@2026-01-31,0.6926,0.0291
2026-02-17,2026-02-17T18:00:00+00:00,2026-02-18T03:00:00+00:00,2026-02-18T08:00:00+05:00,9,1,farm,0.5442,0.7592,0.9913,8.06,83.0,5.0,10.7,3.1,957.9,open-meteo/previous-runs (best_match + GFS/ICON/ECMWF),power_model_v1@2026-01-31,0.746,0.0132
2026-02-17,2026-02-17T18:00:00+00:00,2026-02-18T04:00:00+00:00,2026-02-18T09:00:00+05:00,10,1,farm,0.5779,0.8005,0.9872,8.1,70.0,4.9,11.5,5.6,957.9,open-meteo/previous-runs (best_match + GFS/ICON/ECMWF),power_model_v1@2026-01-31,0.7829,0.0176
2026-02-17,2026-02-17T18:00:00+00:00,2026-02-18T05:00:00+00:00,2026-02-18T10:00:00+05:00,11,1,farm,0.6962,0.8856,0.9846,8.54,63.0,5.89,14.4,8.8,957.3,open-meteo/previous-runs (best_match + GFS/ICON/ECMWF),power_model_v1@2026-01-31,0.8921,-0.0065
2026-02-17,2026-02-17T18:00:00+00:00,2026-02-18T06:00:00+00:00,2026-02-18T11:00:00+05:00,12,1,farm,0.873,0.9216,0.9816,11.41,59.0,8.11,15.5,10.4,957.3,open-meteo/previous-runs (best_match + GFS/ICON/ECMWF),power_model_v1@2026-01-31,0.93,-0.0084
2026-02-17,2026-02-17T18:00:00+00:00,2026-02-18T07:00:00+00:00,2026-02-18T12:00:00+05:00,13,1,farm,0.9218,0.9719,0.9819,10.11,70.0,7.39,15.9,12.4,956.4,open-meteo/previous-runs (best_match + GFS/ICON/ECMWF),power_model_v1@2026-01-31,0.9688,0.0031
2026-02-17,2026-02-17T18:00:00+00:00,2026-02-18T08:00:00+00:00,2026-02-18T13:00:00+05:00,14,1,farm,0.9291,0.9709,0.981,10.09,69.0,7.46,15.9,13.7,955.1,open-meteo/previous-runs (best_match + GFS/ICON/ECMWF),power_model_v1@2026-01-31,0.9677,0.0032
2026-02-17,2026-02-17T18:00:00+00:00,2026-02-18T09:00:00+00:00,2026-02-18T14:00:00+05:00,15,1,farm,0.9257,0.9668,0.9808,9.96,71.0,7.27,15.2,13.9,954.8,open-meteo/previous-runs (best_match + GFS/ICON/ECMWF),power_model_v1@2026-01-31,0.9743,-0.0075
2026-02-17,2026-02-17T18:00:00+00:00,2026-02-18T10:00:00+00:00,2026-02-18T15:00:00+05:00,16,1,farm,0.8521,0.9784,0.9862,9.26,69.0,6.53,15.2,13.6,954.3,open-meteo/previous-runs (best_match + GFS/ICON/ECMWF),power_model_v1@2026-01-31,0.9687,0.0097
2026-02-17,2026-02-17T18:00:00+00:00,2026-02-18T11:00:00+00:00,2026-02-18T16:00:00+05:00,17,1,farm,0.7073,0.9399,0.9819,10.09,59.0,6.27,14.8,11.9,953.4,open-meteo/previous-runs (best_match + GFS/ICON/ECMWF),power_model_v1@2026-01-31,0.9237,0.0162
2026-02-17,2026-02-17T18:00:00+00:00,2026-02-18T12:00:00+00:00,2026-02-18T17:00:00+05:00,18,1,farm,0.5502,0.9358,0.9939,8.66,75.0,4.55,12.0,9.2,952.7,open-meteo/previous-runs (best_match + GFS/ICON/ECMWF),power_model_v1@2026-01-31,0.9049,0.0309
2026-02-17,2026-02-17T18:00:00+00:00,2026-02-18T13:00:00+00:00,2026-02-18T18:00:00+05:00,19,1,farm,0.3473,0.8743,0.9931,7.08,72.0,3.35,8.5,5.9,952.0,open-meteo/previous-runs (best_match + GFS/ICON/ECMWF),power_model_v1@2026-01-31,0.9103,-0.036
2026-02-17,2026-02-17T18:00:00+00:00,2026-02-18T14:00:00+00:00,2026-02-18T19:00:00+05:00,20,1,farm,0.3503,0.855,0.9926,7.45,78.0,3.64,6.3,4.1,952.0,open-meteo/previous-runs (best_match + GFS/ICON/ECMWF),power_model_v1@2026-01-31,0.9287,-0.0737
2026-02-17,2026-02-17T18:00:00+00:00,2026-02-18T15:00:00+00:00,2026-02-18T20:00:00+05:00,21,1,farm,0.2961,0.8489,0.9894,6.56,87.0,3.36,5.3,3.1,951.0,open-meteo/previous-runs (best_match + GFS/ICON/ECMWF),power_model_v1@2026-01-31,0.8509,-0.002
2026-02-17,2026-02-17T18:00:00+00:00,2026-02-18T16:00:00+00:00,2026-02-18T21:00:00+05:00,22,1,farm,0.2205,0.7744,0.9796,7.01,78.0,3.32,5.0,3.1,950.8,open-meteo/previous-runs (best_match + GFS/ICON/ECMWF),power_model_v1@2026-01-31,0.8798,-0.1054
2026-02-17,2026-02-17T18:00:00+00:00,2026-02-18T17:00:00+00:00,2026-02-18T22:00:00+05:00,23,1,farm,0.2508,0.7363,0.9873,6.05,89.0,3.09,5.4,2.7,950.2,open-meteo/previous-runs (best_match + GFS/ICON/ECMWF),power_model_v1@2026-01-31,0.7806,-0.0443
2026-02-17,2026-02-17T18:00:00+00:00,2026-02-18T18:00:00+00:00,2026-02-18T23:00:00+05:00,24,1,farm,0.2357,0.8124,0.9666,5.92,85.0,2.85,5.9,2.5,949.8,open-meteo/previous-runs (best_match + GFS/ICON/ECMWF),power_model_v1@2026-01-31,0.7189,0.0935
2026-02-18,2026-02-18T18:00:00+00:00,2026-02-18T19:00:00+00:00,2026-02-19T00:00:00+05:00,1,1,farm,0.2023,0.6627,0.965,6.17,79.0,2.92,6.6,2.5,949.8,open-meteo/previous-runs (best_match + GFS/ICON/ECMWF),power_model_v1@2026-01-31,0.6194,0.0433
2026-02-18,2026-02-18T18:00:00+00:00,2026-02-18T20:00:00+00:00,2026-02-19T01:00:00+05:00,2,1,farm,0.1508,0.7102,0.9667,5.1,82.0,2.4,6.6,1.9,949.3,open-meteo/previous-runs (best_match + GFS/ICON/ECMWF),power_model_v1@2026-01-31,0.6555,0.0547
2026-02-18,2026-02-18T18:00:00+00:00,2026-02-18T21:00:00+00:00,2026-02-19T02:00:00+05:00,3,1,farm,0.162,0.6905,0.9685,5.12,86.0,2.69,6.7,2.0,949.1,open-meteo/previous-runs (best_match + GFS/ICON/ECMWF),power_model_v1@2026-01-31,0.5586,0.1319
2026-02-18,2026-02-18T18:00:00+00:00,2026-02-18T22:00:00+00:00,2026-02-19T03:00:00+05:00,4,1,farm,0.153,0.6449,0.9631,4.97,85.0,2.72,7.1,2.3,948.8,open-meteo/previous-runs (best_match + GFS/ICON/ECMWF),power_model_v1@2026-01-31,0.567,0.0779
2026-02-18,2026-02-18T18:00:00+00:00,2026-02-18T23:00:00+00:00,2026-02-19T04:00:00+05:00,5,1,farm,0.123,0.5345,0.9216,5.16,81.0,2.73,7.2,2.5,948.6,open-meteo/previous-runs (best_match + GFS/ICON/ECMWF),power_model_v1@2026-01-31,0.4347,0.0998
2026-02-18,2026-02-18T18:00:00+00:00,2026-02-19T00:00:00+00:00,2026-02-19T05:00:00+05:00,6,1,farm,0.0823,0.471,0.8854,4.36,85.0,2.27,5.9,1.8,948.3,open-meteo/previous-runs (best_match + GFS/ICON/ECMWF),power_model_v1@2026-01-31,0.5182,-0.0472
2026-02-18,2026-02-18T18:00:00+00:00,2026-02-19T01:00:00+00:00,2026-02-19T06:00:00+05:00,7,1,farm,0.0521,0.3885,0.8188,4.48,74.0,1.91,5.9,1.6,948.9,open-meteo/previous-runs (best_match + GFS/ICON/ECMWF),power_model_v1@2026-01-31,0.4719,-0.0834
2026-02-18,2026-02-18T18:00:00+00:00,2026-02-19T02:00:00+00:00,2026-02-19T07:00:00+05:00,8,1,farm,0.04,0.3679,0.8979,4.53,83.0,1.86,4.9,1.8,949.4,open-meteo/previous-runs (best_match + GFS/ICON/ECMWF),power_model_v1@2026-01-31,0.4963,-0.1284
2026-02-18,2026-02-18T18:00:00+00:00,2026-02-19T03:00:00+00:00,2026-02-19T08:00:00+05:00,9,1,farm,0.0194,0.2498,0.7676,4.5,91.0,2.21,4.0,4.6,950.4,open-meteo/previous-runs (best_match + GFS/ICON/ECMWF),power_model_v1@2026-01-31,0.4176,-0.1678
2026-02-18,2026-02-18T18:00:00+00:00,2026-02-19T04:00:00+00:00,2026-02-19T09:00:00+05:00,10,1,farm,0.015,0.2413,0.7734,4.86,86.0,3.06,3.9,8.0,950.8,open-meteo/previous-runs (best_match + GFS/ICON/ECMWF),power_model_v1@2026-01-31,0.4864,-0.2451
2026-02-18,2026-02-18T18:00:00+00:00,2026-02-19T05:00:00+00:00,2026-02-19T10:00:00+05:00,11,1,farm,0.0593,0.2925,0.8649,5.42,78.0,3.31,5.8,10.0,951.3,open-meteo/previous-runs (best_match + GFS/ICON/ECMWF),power_model_v1@2026-01-31,0.4731,-0.1806
2026-02-18,2026-02-18T18:00:00+00:00,2026-02-19T06:00:00+00:00,2026-02-19T11:00:00+05:00,12,1,farm,0.0221,0.3411,0.8407,4.65,73.0,3.42,7.5,11.8,951.4,open-meteo/previous-runs (best_match + GFS/ICON/ECMWF),power_model_v1@2026-01-31,0.4705,-0.1294
2026-02-18,2026-02-18T18:00:00+00:00,2026-02-19T07:00:00+00:00,2026-02-19T12:00:00+05:00,13,1,farm,0.0231,0.4218,0.7776,4.91,68.0,3.76,7.8,13.3,950.9,open-meteo/previous-runs (best_match + GFS/ICON/ECMWF),power_model_v1@2026-01-31,0.4725,-0.0507
2026-02-18,2026-02-18T18:00:00+00:00,2026-02-19T08:00:00+00:00,2026-02-19T13:00:00+05:00,14,1,farm,0.0177,0.4236,0.7258,4.82,67.0,3.71,8.3,14.4,950.2,open-meteo/previous-runs (best_match + GFS/ICON/ECMWF),power_model_v1@2026-01-31,0.3943,0.0293
2026-02-18,2026-02-18T18:00:00+00:00,2026-02-19T09:00:00+00:00,2026-02-19T14:00:00+05:00,15,1,farm,0.0098,0.3501,0.6838,4.63,64.0,3.54,8.2,14.7,950.1,open-meteo/previous-runs (best_match + GFS/ICON/ECMWF),power_model_v1@2026-01-31,0.3581,-0.008
2026-02-18,2026-02-18T18:00:00+00:00,2026-02-19T10:00:00+00:00,2026-02-19T15:00:00+05:00,16,1,farm,0.01,0.285,0.5929,4.11,80.0,3.0,7.4,14.5,950.1,open-meteo/previous-runs (best_match + GFS/ICON/ECMWF),power_model_v1@2026-01-31,0.2968,-0.0118
2026-02-18,2026-02-18T18:00:00+00:00,2026-02-19T11:00:00+00:00,2026-02-19T16:00:00+05:00,17,1,farm,0.0037,0.2921,0.5588,2.58,112.0,1.3,6.7,13.8,950.0,open-meteo/previous-runs (best_match + GFS/ICON/ECMWF),power_model_v1@2026-01-31,0.2674,0.0247
2026-02-18,2026-02-18T18:00:00+00:00,2026-02-19T12:00:00+00:00,2026-02-19T17:00:00+05:00,18,1,farm,0.0048,0.2118,0.4355,3.37,108.0,1.71,5.5,9.9,948.7,open-meteo/previous-runs (best_match + GFS/ICON/ECMWF),power_model_v1@2026-01-31,0.2885,-0.0767
2026-02-18,2026-02-18T18:00:00+00:00,2026-02-19T13:00:00+00:00,2026-02-19T18:00:00+05:00,19,1,farm,0.0018,0.2077,0.3877,1.23,111.0,0.57,3.5,8.8,949.2,open-meteo/previous-runs (best_match + GFS/ICON/ECMWF),power_model_v1@2026-01-31,0.2652,-0.0575
2026-02-18,2026-02-18T18:00:00+00:00,2026-02-19T14:00:00+00:00,2026-02-19T19:00:00+05:00,20,1,farm,0.0044,0.1181,0.3513,1.89,212.0,1.15,2.0,8.5,950.2,open-meteo/previous-runs (best_match + GFS/ICON/ECMWF),power_model_v1@2026-01-31,0.3427,-0.2246
2026-02-18,2026-02-18T18:00:00+00:00,2026-02-19T15:00:00+00:00,2026-02-19T20:00:00+05:00,21,1,farm,0.0042,0.1184,0.3509,4.72,238.0,2.67,2.0,10.0,951.0,open-meteo/previous-runs (best_match + GFS/ICON/ECMWF),power_model_v1@2026-01-31,0.1928,-0.0744
2026-02-18,2026-02-18T18:00:00+00:00,2026-02-19T16:00:00+00:00,2026-02-19T21:00:00+05:00,22,1,farm,0.0022,0.1706,0.405,5.25,256.0,2.51,2.5,9.3,951.6,open-meteo/previous-runs (best_match + GFS/ICON/ECMWF),power_model_v1@2026-01-31,0.1481,0.0225
2026-02-18,2026-02-18T18:00:00+00:00,2026-02-19T17:00:00+00:00,2026-02-19T22:00:00+05:00,23,1,farm,0.0021,0.2442,0.6483,7.01,250.0,3.33,4.3,8.8,952.6,open-meteo/previous-runs (best_match + GFS/ICON/ECMWF),power_model_v1@2026-01-31,0.1974,0.0468
2026-02-18,2026-02-18T18:00:00+00:00,2026-02-19T18:00:00+00:00,2026-02-19T23:00:00+05:00,24,1,farm,0.0089,0.4212,0.8001,6.15,260.0,2.44,4.5,8.3,953.1,open-meteo/previous-runs (best_match + GFS/ICON/ECMWF),power_model_v1@2026-01-31,0.2519,0.1693
2026-02-19,2026-02-19T18:00:00+00:00,2026-02-19T19:00:00+00:00,2026-02-20T00:00:00+05:00,1,1,farm,0.0088,0.3587,0.8482,7.07,239.0,3.96,5.2,8.2,953.8,open-meteo/previous-runs (best_match + GFS/ICON/ECMWF),power_model_v1@2026-01-31,0.2628,0.0959
2026-02-19,2026-02-19T18:00:00+00:00,2026-02-19T20:00:00+00:00,2026-02-20T01:00:00+05:00,2,1,farm,0.0155,0.2875,0.8186,7.44,240.0,4.3,5.3,8.3,954.2,open-meteo/previous-runs (best_match + GFS/ICON/ECMWF),power_model_v1@2026-01-31,0.2771,0.0104
2026-02-19,2026-02-19T18:00:00+00:00,2026-02-19T21:00:00+00:00,2026-02-20T02:00:00+05:00,3,1,farm,0.0098,0.4082,0.8505,7.45,243.0,4.1,5.5,8.1,954.6,open-meteo/previous-runs (best_match + GFS/ICON/ECMWF),power_model_v1@2026-01-31,0.3108,0.0974
2026-02-19,2026-02-19T18:00:00+00:00,2026-02-19T22:00:00+00:00,2026-02-20T03:00:00+05:00,4,1,farm,0.0094,0.405,0.8577,6.96,245.0,3.73,5.4,7.8,954.7,open-meteo/previous-runs (best_match + GFS/ICON/ECMWF),power_model_v1@2026-01-31,0.4027,0.0023
2026-02-19,2026-02-19T18:00:00+00:00,2026-02-19T23:00:00+00:00,2026-02-20T04:00:00+05:00,5,1,farm,0.0043,0.3379,0.816,7.34,242.0,4.13,5.2,7.5,955.4,open-meteo/previous-runs (best_match + GFS/ICON/ECMWF),power_model_v1@2026-01-31,0.4089,-0.071
2026-02-19,2026-02-19T18:00:00+00:00,2026-02-20T00:00:00+00:00,2026-02-20T05:00:00+05:00,6,1,farm,0.0735,0.4463,0.8811,7.76,244.0,4.3,5.1,6.9,956.1,open-meteo/previous-runs (best_match + GFS/ICON/ECMWF),power_model_v1@2026-01-31,0.252,0.1943
2026-02-19,2026-02-19T18:00:00+00:00,2026-02-20T01:00:00+00:00,2026-02-20T06:00:00+05:00,7,1,farm,0.0787,0.4833,0.9077,7.91,240.0,4.54,5.8,6.9,957.0,open-meteo/previous-runs (best_match + GFS/ICON/ECMWF),power_model_v1@2026-01-31,0.3449,0.1384
2026-02-19,2026-02-19T18:00:00+00:00,2026-02-20T02:00:00+00:00,2026-02-20T07:00:00+05:00,8,1,farm,0.0879,0.4752,0.9086,8.49,237.0,5.01,6.8,7.2,958.2,open-meteo/previous-runs (best_match + GFS/ICON/ECMWF),power_model_v1@2026-01-31,0.4249,0.0503
2026-02-19,2026-02-19T18:00:00+00:00,2026-02-20T03:00:00+00:00,2026-02-20T08:00:00+05:00,9,1,farm,0.0397,0.4488,0.9183,7.86,236.0,4.92,6.9,8.0,959.2,open-meteo/previous-runs (best_match + GFS/ICON/ECMWF),power_model_v1@2026-01-31,0.3538,0.095
2026-02-19,2026-02-19T18:00:00+00:00,2026-02-20T04:00:00+00:00,2026-02-20T09:00:00+05:00,10,1,farm,0.0665,0.471,0.8716,6.3,232.0,4.63,7.8,8.8,960.0,open-meteo/previous-runs (best_match + GFS/ICON/ECMWF),power_model_v1@2026-01-31,0.3417,0.1293
2026-02-19,2026-02-19T18:00:00+00:00,2026-02-20T05:00:00+00:00,2026-02-20T10:00:00+05:00,11,1,farm,0.0204,0.433,0.7407,5.45,226.0,4.32,8.0,9.5,960.1,open-meteo/previous-runs (best_match + GFS/ICON/ECMWF),power_model_v1@2026-01-31,0.198,0.235
2026-02-19,2026-02-19T18:00:00+00:00,2026-02-20T06:00:00+00:00,2026-02-20T11:00:00+05:00,12,1,farm,0.0064,0.3247,0.7477,5.35,249.0,4.17,9.0,11.8,959.7,open-meteo/previous-runs (best_match + GFS/ICON/ECMWF),power_model_v1@2026-01-31,0.1633,0.1614
2026-02-19,2026-02-19T18:00:00+00:00,2026-02-20T07:00:00+00:00,2026-02-20T12:00:00+05:00,13,1,farm,0.006,0.2699,0.6714,4.76,249.0,3.74,8.8,13.0,959.0,open-meteo/previous-runs (best_match + GFS/ICON/ECMWF),power_model_v1@2026-01-31,0.1498,0.1201
2026-02-19,2026-02-19T18:00:00+00:00,2026-02-20T08:00:00+00:00,2026-02-20T13:00:00+05:00,14,1,farm,0.0007,0.2615,0.557,4.14,245.0,3.27,8.6,14.2,957.9,open-meteo/previous-runs (best_match + GFS/ICON/ECMWF),power_model_v1@2026-01-31,0.1116,0.1499
2026-02-19,2026-02-19T18:00:00+00:00,2026-02-20T09:00:00+00:00,2026-02-20T14:00:00+05:00,15,1,farm,0.0027,0.2156,0.4252,3.54,251.0,2.82,7.8,14.8,957.2,open-meteo/previous-runs (best_match + GFS/ICON/ECMWF),power_model_v1@2026-01-31,0.0771,0.1385
2026-02-19,2026-02-19T18:00:00+00:00,2026-02-20T10:00:00+00:00,2026-02-20T15:00:00+05:00,16,1,farm,0.0027,0.1645,0.3146,3.09,261.0,2.55,7.6,14.6,956.7,open-meteo/previous-runs (best_match + GFS/ICON/ECMWF),power_model_v1@2026-01-31,0.0511,0.1134
2026-02-19,2026-02-19T18:00:00+00:00,2026-02-20T11:00:00+00:00,2026-02-20T16:00:00+05:00,17,1,farm,0.0054,0.1108,0.2416,2.4,282.0,2.1,7.4,13.3,956.6,open-meteo/previous-runs (best_match + GFS/ICON/ECMWF),power_model_v1@2026-01-31,0.1033,0.0075
2026-02-19,2026-02-19T18:00:00+00:00,2026-02-20T12:00:00+00:00,2026-02-20T17:00:00+05:00,18,1,farm,0.0067,0.0687,0.1542,2.36,306.0,1.46,6.3,9.9,955.2,open-meteo/previous-runs (best_match + GFS/ICON/ECMWF),power_model_v1@2026-01-31,0.1571,-0.0884
2026-02-19,2026-02-19T18:00:00+00:00,2026-02-20T13:00:00+00:00,2026-02-20T18:00:00+05:00,19,1,farm,0.0062,0.0797,0.1508,1.04,343.0,0.38,4.7,7.6,955.2,open-meteo/previous-runs (best_match + GFS/ICON/ECMWF),power_model_v1@2026-01-31,0.2735,-0.1938
2026-02-19,2026-02-19T18:00:00+00:00,2026-02-20T14:00:00+00:00,2026-02-20T19:00:00+05:00,20,1,farm,0.0,0.2486,0.4559,3.57,59.0,1.95,2.8,6.7,955.3,open-meteo/previous-runs (best_match + GFS/ICON/ECMWF),power_model_v1@2026-01-31,0.5473,-0.2987
2026-02-19,2026-02-19T18:00:00+00:00,2026-02-20T15:00:00+00:00,2026-02-20T20:00:00+05:00,21,1,farm,0.0,0.3275,0.7366,6.58,58.0,2.31,2.1,6.7,954.8,open-meteo/previous-runs (best_match + GFS/ICON/ECMWF),power_model_v1@2026-01-31,0.6262,-0.2987
2026-02-19,2026-02-19T18:00:00+00:00,2026-02-20T16:00:00+00:00,2026-02-20T21:00:00+05:00,22,1,farm,0.0201,0.4626,0.9427,7.27,61.0,3.09,1.4,6.7,954.4,open-meteo/previous-runs (best_match + GFS/ICON/ECMWF),power_model_v1@2026-01-31,0.6096,-0.147
2026-02-19,2026-02-19T18:00:00+00:00,2026-02-20T17:00:00+00:00,2026-02-20T22:00:00+05:00,23,1,farm,0.0299,0.4435,0.9636,8.05,63.0,3.88,1.1,5.5,953.7,open-meteo/previous-runs (best_match + GFS/ICON/ECMWF),power_model_v1@2026-01-31,0.686,-0.2425
2026-02-19,2026-02-19T18:00:00+00:00,2026-02-20T18:00:00+00:00,2026-02-20T23:00:00+05:00,24,1,farm,0.2167,0.5022,0.8992,8.31,66.0,4.34,3.0,4.5,952.8,open-meteo/previous-runs (best_match + GFS/ICON/ECMWF),power_model_v1@2026-01-31,0.5256,-0.0234
2026-02-20,2026-02-20T18:00:00+00:00,2026-02-20T19:00:00+00:00,2026-02-21T00:00:00+05:00,1,1,farm,0.225,0.4561,0.8857,7.99,71.0,4.11,3.1,3.9,952.3,open-meteo/previous-runs (best_match + GFS/ICON/ECMWF),power_model_v1@2026-01-31,0.684,-0.2279
2026-02-20,2026-02-20T18:00:00+00:00,2026-02-20T20:00:00+00:00,2026-02-21T01:00:00+05:00,2,1,farm,0.2069,0.5552,0.8881,7.53,77.0,3.97,3.6,4.0,951.9,open-meteo/previous-runs (best_match + GFS/ICON/ECMWF),power_model_v1@2026-01-31,0.6674,-0.1122
2026-02-20,2026-02-20T18:00:00+00:00,2026-02-20T21:00:00+00:00,2026-02-21T02:00:00+05:00,3,1,farm,0.1666,0.5202,0.8767,7.3,79.0,3.77,3.4,4.2,951.8,open-meteo/previous-runs (best_match + GFS/ICON/ECMWF),power_model_v1@2026-01-31,0.6516,-0.1314
2026-02-20,2026-02-20T18:00:00+00:00,2026-02-20T22:00:00+00:00,2026-02-21T03:00:00+05:00,4,1,farm,0.1193,0.4524,0.8653,6.85,74.0,3.5,3.3,4.2,951.3,open-meteo/previous-runs (best_match + GFS/ICON/ECMWF),power_model_v1@2026-01-31,0.5282,-0.0758
2026-02-20,2026-02-20T18:00:00+00:00,2026-02-20T23:00:00+00:00,2026-02-21T04:00:00+05:00,5,1,farm,0.1088,0.434,0.8975,6.36,72.0,3.08,3.8,4.0,951.1,open-meteo/previous-runs (best_match + GFS/ICON/ECMWF),power_model_v1@2026-01-31,0.4212,0.0128
2026-02-20,2026-02-20T18:00:00+00:00,2026-02-21T00:00:00+00:00,2026-02-21T05:00:00+05:00,6,1,farm,0.108,0.4112,0.9381,5.81,75.0,2.82,4.5,3.8,951.3,open-meteo/previous-runs (best_match + GFS/ICON/ECMWF),power_model_v1@2026-01-31,0.4566,-0.0454
2026-02-20,2026-02-20T18:00:00+00:00,2026-02-21T01:00:00+00:00,2026-02-21T06:00:00+05:00,7,1,farm,0.092,0.4421,0.918,4.94,74.0,2.3,4.4,3.2,951.4,open-meteo/previous-runs (best_match + GFS/ICON/ECMWF),power_model_v1@2026-01-31,0.4061,0.036
2026-02-20,2026-02-20T18:00:00+00:00,2026-02-21T02:00:00+00:00,2026-02-21T07:00:00+05:00,8,1,farm,0.0834,0.4695,0.917,4.62,84.0,2.3,4.2,3.3,951.2,open-meteo/previous-runs (best_match + GFS/ICON/ECMWF),power_model_v1@2026-01-31,0.3225,0.147
2026-02-20,2026-02-20T18:00:00+00:00,2026-02-21T03:00:00+00:00,2026-02-21T08:00:00+05:00,9,1,farm,0.0506,0.3162,0.8504,4.51,75.0,2.59,4.9,4.7,951.9,open-meteo/previous-runs (best_match + GFS/ICON/ECMWF),power_model_v1@2026-01-31,0.2735,0.0427
2026-02-20,2026-02-20T18:00:00+00:00,2026-02-21T04:00:00+00:00,2026-02-21T09:00:00+05:00,10,1,farm,0.0017,0.1856,0.5896,0.76,349.0,1.14,5.0,5.7,954.3,open-meteo/previous-runs (best_match + GFS/ICON/ECMWF),power_model_v1@2026-01-31,0.2265,-0.0409
2026-02-20,2026-02-20T18:00:00+00:00,2026-02-21T05:00:00+00:00,2026-02-21T10:00:00+05:00,11,1,farm,0.0034,0.1448,0.5216,5.76,236.0,4.17,5.2,8.2,957.4,open-meteo/previous-runs (best_match + GFS/ICON/ECMWF),power_model_v1@2026-01-31,0.1771,-0.0323
2026-02-20,2026-02-20T18:00:00+00:00,2026-02-21T06:00:00+00:00,2026-02-21T11:00:00+05:00,12,1,farm,0.0583,0.5533,0.9844,11.25,270.0,7.06,14.6,8.2,958.5,open-meteo/previous-runs (best_match + GFS/ICON/ECMWF),power_model_v1@2026-01-31,0.5103,0.043
2026-02-20,2026-02-20T18:00:00+00:00,2026-02-21T07:00:00+00:00,2026-02-21T12:00:00+05:00,13,1,farm,0.6048,0.9207,0.9817,11.51,268.0,7.1,15.0,7.8,959.6,open-meteo/previous-runs (best_match + GFS/ICON/ECMWF),power_model_v1@2026-01-31,0.6975,0.2232
2026-02-20,2026-02-20T18:00:00+00:00,2026-02-21T08:00:00+00:00,2026-02-21T13:00:00+05:00,14,1,farm,0.74,0.9473,0.981,13.05,270.0,8.3,14.9,7.2,960.5,open-meteo/previous-runs (best_match + GFS/ICON/ECMWF),power_model_v1@2026-01-31,0.769,0.1783
2026-02-20,2026-02-20T18:00:00+00:00,2026-02-21T09:00:00+00:00,2026-02-21T14:00:00+05:00,15,1,farm,0.6759,0.9232,0.9845,12.36,272.0,8.4,17.2,7.4,961.4,open-meteo/previous-runs (best_match + GFS/ICON/ECMWF),power_model_v1@2026-01-31,0.7013,0.2219
2026-02-20,2026-02-20T18:00:00+00:00,2026-02-21T10:00:00+00:00,2026-02-21T15:00:00+05:00,16,1,farm,0.4388,0.8654,0.9853,9.35,271.0,6.7,16.1,7.3,961.9,open-meteo/previous-runs (best_match + GFS/ICON/ECMWF),power_model_v1@2026-01-31,0.604,0.2614
2026-02-20,2026-02-20T18:00:00+00:00,2026-02-21T11:00:00+00:00,2026-02-21T16:00:00+05:00,17,1,farm,0.2881,0.746,0.9808,7.45,272.0,5.01,14.0,7.2,962.0,open-meteo/previous-runs (best_match + GFS/ICON/ECMWF),power_model_v1@2026-01-31,0.4789,0.2671
2026-02-20,2026-02-20T18:00:00+00:00,2026-02-21T12:00:00+00:00,2026-02-21T17:00:00+05:00,18,1,farm,0.2051,0.7076,0.9424,6.35,268.0,3.66,14.3,5.8,962.5,open-meteo/previous-runs (best_match + GFS/ICON/ECMWF),power_model_v1@2026-01-31,0.3977,0.3099
2026-02-20,2026-02-20T18:00:00+00:00,2026-02-21T13:00:00+00:00,2026-02-21T18:00:00+05:00,19,1,farm,0.1147,0.4995,0.8895,4.89,254.0,1.99,11.5,5.4,962.4,open-meteo/previous-runs (best_match + GFS/ICON/ECMWF),power_model_v1@2026-01-31,0.4067,0.0928
2026-02-20,2026-02-20T18:00:00+00:00,2026-02-21T14:00:00+00:00,2026-02-21T19:00:00+05:00,20,1,farm,0.0686,0.4432,0.8675,5.85,255.0,2.66,8.1,5.4,962.3,open-meteo/previous-runs (best_match + GFS/ICON/ECMWF),power_model_v1@2026-01-31,0.3743,0.0689
2026-02-20,2026-02-20T18:00:00+00:00,2026-02-21T15:00:00+00:00,2026-02-21T20:00:00+05:00,21,1,farm,0.0017,0.3041,0.7741,7.6,257.0,3.67,5.6,5.0,962.2,open-meteo/previous-runs (best_match + GFS/ICON/ECMWF),power_model_v1@2026-01-31,0.5172,-0.2131
2026-02-20,2026-02-20T18:00:00+00:00,2026-02-21T16:00:00+00:00,2026-02-21T21:00:00+05:00,22,1,farm,0.0082,0.2725,0.7317,7.88,260.0,4.05,4.6,4.9,962.1,open-meteo/previous-runs (best_match + GFS/ICON/ECMWF),power_model_v1@2026-01-31,0.6951,-0.4226
2026-02-20,2026-02-20T18:00:00+00:00,2026-02-21T17:00:00+00:00,2026-02-21T22:00:00+05:00,23,1,farm,0.0027,0.219,0.7233,7.91,252.0,4.02,4.4,4.6,962.0,open-meteo/previous-runs (best_match + GFS/ICON/ECMWF),power_model_v1@2026-01-31,0.7092,-0.4902
2026-02-20,2026-02-20T18:00:00+00:00,2026-02-21T18:00:00+00:00,2026-02-21T23:00:00+05:00,24,1,farm,0.0033,0.2449,0.5626,5.03,245.0,2.17,3.3,3.2,961.5,open-meteo/previous-runs (best_match + GFS/ICON/ECMWF),power_model_v1@2026-01-31,0.7196,-0.4747
2026-02-21,2026-02-21T18:00:00+00:00,2026-02-21T19:00:00+00:00,2026-02-22T00:00:00+05:00,1,1,farm,0.0013,0.1818,0.371,4.46,240.0,1.9,3.1,2.4,961.2,open-meteo/previous-runs (best_match + GFS/ICON/ECMWF),power_model_v1@2026-01-31,0.6408,-0.459
2026-02-21,2026-02-21T18:00:00+00:00,2026-02-21T20:00:00+00:00,2026-02-22T01:00:00+05:00,2,1,farm,0.0024,0.1582,0.2931,4.56,238.0,1.87,3.1,1.7,960.5,open-meteo/previous-runs (best_match + GFS/ICON/ECMWF),power_model_v1@2026-01-31,0.6808,-0.5226
2026-02-21,2026-02-21T18:00:00+00:00,2026-02-21T21:00:00+00:00,2026-02-22T02:00:00+05:00,3,1,farm,0.0064,0.0747,0.2115,3.52,238.0,1.48,3.1,0.3,959.8,open-meteo/previous-runs (best_match + GFS/ICON/ECMWF),power_model_v1@2026-01-31,0.4769,-0.4022
2026-02-21,2026-02-21T18:00:00+00:00,2026-02-21T22:00:00+00:00,2026-02-22T03:00:00+05:00,4,1,farm,0.0079,0.0441,0.1962,1.98,221.0,0.95,3.1,-0.6,958.8,open-meteo/previous-runs (best_match + GFS/ICON/ECMWF),power_model_v1@2026-01-31,0.2387,-0.1946
2026-02-21,2026-02-21T18:00:00+00:00,2026-02-21T23:00:00+00:00,2026-02-22T04:00:00+05:00,5,1,farm,0.0085,0.0246,0.0774,0.83,295.0,0.15,2.5,-1.3,958.3,open-meteo/previous-runs (best_match + GFS/ICON/ECMWF),power_model_v1@2026-01-31,0.0878,-0.0632
2026-02-21,2026-02-21T18:00:00+00:00,2026-02-22T00:00:00+00:00,2026-02-22T05:00:00+05:00,6,1,farm,0.0084,0.0316,0.0646,0.5,53.0,0.49,1.4,-0.9,958.4,open-meteo/previous-runs (best_match + GFS/ICON/ECMWF),power_model_v1@2026-01-31,0.0369,-0.0053
2026-02-21,2026-02-21T18:00:00+00:00,2026-02-22T01:00:00+00:00,2026-02-22T06:00:00+05:00,7,1,farm,0.008,0.0365,0.108,2.15,72.0,1.39,1.8,-1.3,957.8,open-meteo/previous-runs (best_match + GFS/ICON/ECMWF),power_model_v1@2026-01-31,0.0384,-0.0019
2026-02-21,2026-02-21T18:00:00+00:00,2026-02-22T02:00:00+00:00,2026-02-22T07:00:00+05:00,8,1,farm,0.005,0.0999,0.4249,3.39,74.0,1.53,1.9,-0.9,956.9,open-meteo/previous-runs (best_match + GFS/ICON/ECMWF),power_model_v1@2026-01-31,0.028,0.0719
2026-02-21,2026-02-21T18:00:00+00:00,2026-02-22T03:00:00+00:00,2026-02-22T08:00:00+05:00,9,1,farm,0.0,0.1132,0.713,5.57,64.0,2.82,2.2,1.8,957.2,open-meteo/previous-runs (best_match + GFS/ICON/ECMWF),power_model_v1@2026-01-31,0.0526,0.0606
2026-02-21,2026-02-21T18:00:00+00:00,2026-02-22T04:00:00+00:00,2026-02-22T09:00:00+05:00,10,1,farm,0.0,0.1994,0.8522,5.82,60.0,3.79,3.9,3.6,957.1,open-meteo/previous-runs (best_match + GFS/ICON/ECMWF),power_model_v1@2026-01-31,0.0597,0.1397
2026-02-21,2026-02-21T18:00:00+00:00,2026-02-22T05:00:00+00:00,2026-02-22T10:00:00+05:00,11,1,farm,0.0394,0.441,0.9717,7.27,54.0,5.18,5.8,5.2,956.1,open-meteo/previous-runs (best_match + GFS/ICON/ECMWF),power_model_v1@2026-01-31,0.1153,0.3257
2026-02-21,2026-02-21T18:00:00+00:00,2026-02-22T06:00:00+00:00,2026-02-22T11:00:00+05:00,12,1,farm,0.3831,0.753,0.9857,8.18,51.0,6.09,12.7,6.9,955.4,open-meteo/previous-runs (best_match + GFS/ICON/ECMWF),power_model_v1@2026-01-31,0.3241,0.4289
2026-02-21,2026-02-21T18:00:00+00:00,2026-02-22T07:00:00+00:00,2026-02-22T12:00:00+05:00,13,1,farm,0.5742,0.8715,0.984,9.25,52.0,6.94,14.2,8.6,954.3,open-meteo/previous-runs (best_match + GFS/ICON/ECMWF),power_model_v1@2026-01-31,0.4221,0.4494
2026-02-21,2026-02-21T18:00:00+00:00,2026-02-22T08:00:00+00:00,2026-02-22T13:00:00+05:00,14,1,farm,0.6014,0.8902,0.9827,9.18,55.0,6.86,14.2,9.6,952.9,open-meteo/previous-runs (best_match + GFS/ICON/ECMWF),power_model_v1@2026-01-31,0.6927,0.1975
2026-02-21,2026-02-21T18:00:00+00:00,2026-02-22T09:00:00+00:00,2026-02-22T14:00:00+05:00,15,1,farm,0.5387,0.8858,0.9762,8.45,55.0,6.33,13.9,10.0,952.1,open-meteo/previous-runs (best_match + GFS/ICON/ECMWF),power_model_v1@2026-01-31,0.7738,0.112
2026-02-21,2026-02-21T18:00:00+00:00,2026-02-22T10:00:00+00:00,2026-02-22T15:00:00+05:00,16,1,farm,0.4671,0.831,0.9797,8.05,54.0,5.96,13.0,9.9,951.5,open-meteo/previous-runs (best_match + GFS/ICON/ECMWF),power_model_v1@2026-01-31,0.8095,0.0215
2026-02-21,2026-02-21T18:00:00+00:00,2026-02-22T11:00:00+00:00,2026-02-22T16:00:00+05:00,17,1,farm,0.4246,0.8284,0.9811,7.68,53.0,5.4,11.6,9.3,951.2,open-meteo/previous-runs (best_match + GFS/ICON/ECMWF),power_model_v1@2026-01-31,0.8155,0.0129
2026-02-21,2026-02-21T18:00:00+00:00,2026-02-22T12:00:00+00:00,2026-02-22T17:00:00+05:00,18,1,farm,0.3264,0.7737,0.99,7.54,57.0,4.08,9.3,7.7,950.7,open-meteo/previous-runs (best_match + GFS/ICON/ECMWF),power_model_v1@2026-01-31,0.8182,-0.0445
2026-02-21,2026-02-21T18:00:00+00:00,2026-02-22T13:00:00+00:00,2026-02-22T18:00:00+05:00,19,1,farm,0.1779,0.758,0.9789,6.04,68.0,2.51,6.4,5.1,950.4,open-meteo/previous-runs (best_match + GFS/ICON/ECMWF),power_model_v1@2026-01-31,0.86,-0.102
2026-02-21,2026-02-21T18:00:00+00:00,2026-02-22T14:00:00+00:00,2026-02-22T19:00:00+05:00,20,1,farm,0.069,0.6454,0.9562,4.16,80.0,1.81,4.4,2.7,949.8,open-meteo/previous-runs (best_match + GFS/ICON/ECMWF),power_model_v1@2026-01-31,0.774,-0.1286
2026-02-21,2026-02-21T18:00:00+00:00,2026-02-22T15:00:00+00:00,2026-02-22T20:00:00+05:00,21,1,farm,0.0,0.3996,0.6642,3.31,87.0,1.84,3.0,1.0,949.3,open-meteo/previous-runs (best_match + GFS/ICON/ECMWF),power_model_v1@2026-01-31,0.5323,-0.1327
2026-02-21,2026-02-21T18:00:00+00:00,2026-02-22T16:00:00+00:00,2026-02-22T21:00:00+05:00,22,1,farm,0.0,0.2457,0.4034,2.2,90.0,1.66,2.5,0.6,949.3,open-meteo/previous-runs (best_match + GFS/ICON/ECMWF),power_model_v1@2026-01-31,0.3827,-0.137
2026-02-21,2026-02-21T18:00:00+00:00,2026-02-22T17:00:00+00:00,2026-02-22T22:00:00+05:00,23,1,farm,0.0003,0.2047,0.3465,1.76,95.0,1.66,2.4,0.9,949.7,open-meteo/previous-runs (best_match + GFS/ICON/ECMWF),power_model_v1@2026-01-31,0.3907,-0.186
2026-02-21,2026-02-21T18:00:00+00:00,2026-02-22T18:00:00+00:00,2026-02-22T23:00:00+05:00,24,1,farm,0.002,0.1712,0.2766,1.96,109.0,1.33,2.4,0.4,949.6,open-meteo/previous-runs (best_match + GFS/ICON/ECMWF),power_model_v1@2026-01-31,0.4669,-0.2957
2026-02-22,2026-02-22T18:00:00+00:00,2026-02-22T19:00:00+00:00,2026-02-23T00:00:00+05:00,1,1,farm,0.0032,0.1455,0.2981,2.03,142.0,1.7,2.7,0.0,949.0,open-meteo/previous-runs (best_match + GFS/ICON/ECMWF),power_model_v1@2026-01-31,0.3412,-0.1957
2026-02-22,2026-02-22T18:00:00+00:00,2026-02-22T20:00:00+00:00,2026-02-23T01:00:00+05:00,2,1,farm,0.0039,0.1288,0.2342,1.57,143.0,1.52,2.5,0.4,948.4,open-meteo/previous-runs (best_match + GFS/ICON/ECMWF),power_model_v1@2026-01-31,0.2777,-0.1489
2026-02-22,2026-02-22T18:00:00+00:00,2026-02-22T21:00:00+00:00,2026-02-23T02:00:00+05:00,3,1,farm,0.0029,0.1491,0.1886,1.45,86.0,0.93,2.1,1.4,948.2,open-meteo/previous-runs (best_match + GFS/ICON/ECMWF),power_model_v1@2026-01-31,0.1752,-0.0261
2026-02-22,2026-02-22T18:00:00+00:00,2026-02-22T22:00:00+00:00,2026-02-23T03:00:00+05:00,4,1,farm,0.004,0.1268,0.1508,2.01,94.0,0.81,1.5,2.3,947.8,open-meteo/previous-runs (best_match + GFS/ICON/ECMWF),power_model_v1@2026-01-31,0.187,-0.0602
2026-02-22,2026-02-22T18:00:00+00:00,2026-02-22T23:00:00+00:00,2026-02-23T04:00:00+05:00,5,1,farm,0.0047,0.1162,0.2162,1.25,127.0,0.57,2.5,2.9,947.9,open-meteo/previous-runs (best_match + GFS/ICON/ECMWF),power_model_v1@2026-01-31,0.0709,0.0453
2026-02-22,2026-02-22T18:00:00+00:00,2026-02-23T00:00:00+00:00,2026-02-23T05:00:00+05:00,6,1,farm,0.0063,0.0787,0.2138,1.0,174.0,0.35,2.6,3.0,948.2,open-meteo/previous-runs (best_match + GFS/ICON/ECMWF),power_model_v1@2026-01-31,0.1143,-0.0356
2026-02-22,2026-02-22T18:00:00+00:00,2026-02-23T01:00:00+00:00,2026-02-23T06:00:00+05:00,7,1,farm,0.0044,0.1154,0.2102,2.23,230.0,1.01,2.7,2.4,948.3,open-meteo/previous-runs (best_match + GFS/ICON/ECMWF),power_model_v1@2026-01-31,0.1458,-0.0304
2026-02-22,2026-02-22T18:00:00+00:00,2026-02-23T02:00:00+00:00,2026-02-23T07:00:00+05:00,8,1,farm,0.0042,0.1155,0.2141,3.89,250.0,1.85,2.8,1.8,948.7,open-meteo/previous-runs (best_match + GFS/ICON/ECMWF),power_model_v1@2026-01-31,0.1029,0.0126
2026-02-22,2026-02-22T18:00:00+00:00,2026-02-23T03:00:00+00:00,2026-02-23T08:00:00+05:00,9,1,farm,0.006,0.0758,0.2863,4.28,247.0,2.44,3.1,3.7,949.9,open-meteo/previous-runs (best_match + GFS/ICON/ECMWF),power_model_v1@2026-01-31,0.0919,-0.0161
2026-02-22,2026-02-22T18:00:00+00:00,2026-02-23T04:00:00+00:00,2026-02-23T09:00:00+05:00,10,1,farm,0.0045,0.1086,0.2691,4.06,251.0,2.28,3.8,6.5,950.8,open-meteo/previous-runs (best_match + GFS/ICON/ECMWF),power_model_v1@2026-01-31,0.0971,0.0115
2026-02-22,2026-02-22T18:00:00+00:00,2026-02-23T05:00:00+00:00,2026-02-23T10:00:00+05:00,11,1,farm,0.0008,0.1934,0.3195,4.03,263.0,2.91,6.3,8.1,950.9,open-meteo/previous-runs (best_match + GFS/ICON/ECMWF),power_model_v1@2026-01-31,0.19,0.0034
2026-02-22,2026-02-22T18:00:00+00:00,2026-02-23T06:00:00+00:00,2026-02-23T11:00:00+05:00,12,1,farm,0.0005,0.2048,0.3534,4.6,271.0,3.5,4.5,9.0,950.9,open-meteo/previous-runs (best_match + GFS/ICON/ECMWF),power_model_v1@2026-01-31,0.2347,-0.0299
2026-02-22,2026-02-22T18:00:00+00:00,2026-02-23T07:00:00+00:00,2026-02-23T12:00:00+05:00,13,1,farm,0.001,0.2369,0.4651,4.35,283.0,3.47,7.1,9.3,950.9,open-meteo/previous-runs (best_match + GFS/ICON/ECMWF),power_model_v1@2026-01-31,0.2828,-0.0459
2026-02-22,2026-02-22T18:00:00+00:00,2026-02-23T08:00:00+00:00,2026-02-23T13:00:00+05:00,14,1,farm,0.0335,0.3885,0.7285,5.08,291.0,4.04,10.0,8.9,950.6,open-meteo/previous-runs (best_match + GFS/ICON/ECMWF),power_model_v1@2026-01-31,0.4338,-0.0453
2026-02-22,2026-02-22T18:00:00+00:00,2026-02-23T09:00:00+00:00,2026-02-23T14:00:00+05:00,15,1,farm,0.076,0.5086,0.8831,6.45,284.0,4.79,10.8,7.7,950.9,open-meteo/previous-runs (best_match + GFS/ICON/ECMWF),power_model_v1@2026-01-31,0.4134,0.0952
2026-02-22,2026-02-22T18:00:00+00:00,2026-02-23T10:00:00+00:00,2026-02-23T15:00:00+05:00,16,1,farm,0.0868,0.5517,0.864,6.6,269.0,4.8,10.7,7.4,951.4,open-meteo/previous-runs (best_match + GFS/ICON/ECMWF),power_model_v1@2026-01-31,0.4738,0.0779
2026-02-22,2026-02-22T18:00:00+00:00,2026-02-23T11:00:00+00:00,2026-02-23T16:00:00+05:00,17,1,farm,0.1149,0.5979,0.9202,8.5,268.0,5.77,11.0,6.4,952.1,open-meteo/previous-runs (best_match + GFS/ICON/ECMWF),power_model_v1@2026-01-31,0.5144,0.0835
2026-02-22,2026-02-22T18:00:00+00:00,2026-02-23T12:00:00+00:00,2026-02-23T17:00:00+05:00,18,1,farm,0.2528,0.6822,0.9501,8.31,268.0,5.33,10.9,5.5,952.8,open-meteo/previous-runs (best_match + GFS/ICON/ECMWF),power_model_v1@2026-01-31,0.6808,0.0014
2026-02-22,2026-02-22T18:00:00+00:00,2026-02-23T13:00:00+00:00,2026-02-23T18:00:00+05:00,19,1,farm,0.3335,0.7003,0.9611,8.87,263.0,5.64,11.0,4.7,953.6,open-meteo/previous-runs (best_match + GFS/ICON/ECMWF),power_model_v1@2026-01-31,0.714,-0.0137
2026-02-22,2026-02-22T18:00:00+00:00,2026-02-23T14:00:00+00:00,2026-02-23T19:00:00+05:00,20,1,farm,0.3864,0.7165,0.9905,9.6,258.0,6.25,11.4,3.7,954.4,open-meteo/previous-runs (best_match + GFS/ICON/ECMWF),power_model_v1@2026-01-31,0.6883,0.0282
2026-02-22,2026-02-22T18:00:00+00:00,2026-02-23T15:00:00+00:00,2026-02-23T20:00:00+05:00,21,1,farm,0.3584,0.6653,0.9964,10.14,260.0,6.73,11.2,2.6,955.2,open-meteo/previous-runs (best_match + GFS/ICON/ECMWF),power_model_v1@2026-01-31,0.7858,-0.1205
2026-02-22,2026-02-22T18:00:00+00:00,2026-02-23T16:00:00+00:00,2026-02-23T21:00:00+05:00,22,1,farm,0.3014,0.6696,0.9672,10.59,258.0,7.04,10.1,1.2,956.0,open-meteo/previous-runs (best_match + GFS/ICON/ECMWF),power_model_v1@2026-01-31,0.7895,-0.1199
2026-02-22,2026-02-22T18:00:00+00:00,2026-02-23T17:00:00+00:00,2026-02-23T22:00:00+05:00,23,1,farm,0.5867,0.7987,0.9776,11.21,254.0,7.62,10.1,0.2,957.0,open-meteo/previous-runs (best_match + GFS/ICON/ECMWF),power_model_v1@2026-01-31,0.8489,-0.0502
2026-02-22,2026-02-22T18:00:00+00:00,2026-02-23T18:00:00+00:00,2026-02-23T23:00:00+05:00,24,1,farm,0.6191,0.8716,0.9881,10.38,249.0,6.84,11.3,-0.3,956.7,open-meteo/previous-runs (best_match + GFS/ICON/ECMWF),power_model_v1@2026-01-31,0.8884,-0.0168
2026-02-23,2026-02-23T18:00:00+00:00,2026-02-23T19:00:00+00:00,2026-02-24T00:00:00+05:00,1,1,farm,0.6526,0.903,0.9868,9.95,244.0,6.75,13.5,-1.3,956.9,open-meteo/previous-runs (best_match + GFS/ICON/ECMWF),power_model_v1@2026-01-31,0.9465,-0.0435
2026-02-23,2026-02-23T18:00:00+00:00,2026-02-23T20:00:00+00:00,2026-02-24T01:00:00+05:00,2,1,farm,0.4863,0.8972,0.9853,9.1,236.0,6.1,14.6,-2.0,956.9,open-meteo/previous-runs (best_match + GFS/ICON/ECMWF),power_model_v1@2026-01-31,0.9109,-0.0137
2026-02-23,2026-02-23T18:00:00+00:00,2026-02-23T21:00:00+00:00,2026-02-24T02:00:00+05:00,3,1,farm,0.4024,0.8619,0.9956,8.43,233.0,5.66,15.1,-2.4,956.8,open-meteo/previous-runs (best_match + GFS/ICON/ECMWF),power_model_v1@2026-01-31,0.8491,0.0128
2026-02-23,2026-02-23T18:00:00+00:00,2026-02-23T22:00:00+00:00,2026-02-24T03:00:00+05:00,4,1,farm,0.3456,0.8355,0.9977,8.03,235.0,5.39,15.1,-2.6,956.6,open-meteo/previous-runs (best_match + GFS/ICON/ECMWF),power_model_v1@2026-01-31,0.8335,0.002
2026-02-23,2026-02-23T18:00:00+00:00,2026-02-23T23:00:00+00:00,2026-02-24T04:00:00+05:00,5,1,farm,0.3165,0.7281,0.9872,7.89,233.0,5.42,14.6,-2.8,956.5,open-meteo/previous-runs (best_match + GFS/ICON/ECMWF),power_model_v1@2026-01-31,0.7765,-0.0484
2026-02-23,2026-02-23T18:00:00+00:00,2026-02-24T00:00:00+00:00,2026-02-24T05:00:00+05:00,6,1,farm,0.2493,0.6019,0.9931,7.04,231.0,4.71,11.1,-3.0,956.4,open-meteo/previous-runs (best_match + GFS/ICON/ECMWF),power_model_v1@2026-01-31,0.8222,-0.2203
2026-02-23,2026-02-23T18:00:00+00:00,2026-02-24T01:00:00+00:00,2026-02-24T06:00:00+05:00,7,1,farm,0.2361,0.5722,0.9841,7.13,229.0,4.32,10.3,-2.9,956.6,open-meteo/previous-runs (best_match + GFS/ICON/ECMWF),power_model_v1@2026-01-31,0.7599,-0.1877
2026-02-23,2026-02-23T18:00:00+00:00,2026-02-24T02:00:00+00:00,2026-02-24T07:00:00+05:00,8,1,farm,0.1984,0.5099,0.9638,6.99,235.0,4.22,10.0,-2.8,956.7,open-meteo/previous-runs (best_match + GFS/ICON/ECMWF),power_model_v1@2026-01-31,0.6757,-0.1658
2026-02-23,2026-02-23T18:00:00+00:00,2026-02-24T03:00:00+00:00,2026-02-24T08:00:00+05:00,9,1,farm,0.0915,0.4381,0.952,6.66,237.0,4.65,9.4,-2.4,957.2,open-meteo/previous-runs (best_match + GFS/ICON/ECMWF),power_model_v1@2026-01-31,0.5278,-0.0897
2026-02-23,2026-02-23T18:00:00+00:00,2026-02-24T04:00:00+00:00,2026-02-24T09:00:00+05:00,10,1,farm,0.0841,0.4084,0.944,6.6,242.0,4.79,10.0,-1.8,957.5,open-meteo/previous-runs (best_match + GFS/ICON/ECMWF),power_model_v1@2026-01-31,0.4582,-0.0498
2026-02-23,2026-02-23T18:00:00+00:00,2026-02-24T05:00:00+00:00,2026-02-24T10:00:00+05:00,11,1,farm,0.0756,0.3818,0.8884,6.74,249.0,4.97,10.8,-0.9,957.6,open-meteo/previous-runs (best_match + GFS/ICON/ECMWF),power_model_v1@2026-01-31,0.4225,-0.0407
2026-02-23,2026-02-23T18:00:00+00:00,2026-02-24T06:00:00+00:00,2026-02-24T11:00:00+05:00,12,1,farm,0.0831,0.386,0.8494,5.85,255.0,4.44,12.3,-0.3,957.6,open-meteo/previous-runs (best_match + GFS/ICON/ECMWF),power_model_v1@2026-01-31,0.4474,-0.0614
2026-02-23,2026-02-23T18:00:00+00:00,2026-02-24T07:00:00+00:00,2026-02-24T12:00:00+05:00,13,1,farm,0.0846,0.3784,0.8381,6.15,255.0,4.64,12.9,-0.1,957.8,open-meteo/previous-runs (best_match + GFS/ICON/ECMWF),power_model_v1@2026-01-31,0.4327,-0.0543
2026-02-23,2026-02-23T18:00:00+00:00,2026-02-24T08:00:00+00:00,2026-02-24T13:00:00+05:00,14,1,farm,0.1001,0.4099,0.8569,6.15,251.0,4.63,13.3,-0.1,957.8,open-meteo/previous-runs (best_match + GFS/ICON/ECMWF),power_model_v1@2026-01-31,0.466,-0.0561
2026-02-23,2026-02-23T18:00:00+00:00,2026-02-24T09:00:00+00:00,2026-02-24T14:00:00+05:00,15,1,farm,0.104,0.457,0.8695,6.02,243.0,4.54,13.3,0.1,957.9,open-meteo/previous-runs (best_match + GFS/ICON/ECMWF),power_model_v1@2026-01-31,0.5019,-0.0449
2026-02-23,2026-02-23T18:00:00+00:00,2026-02-24T10:00:00+00:00,2026-02-24T15:00:00+05:00,16,1,farm,0.0987,0.4941,0.8721,5.77,235.0,4.36,12.8,-0.1,958.3,open-meteo/previous-runs (best_match + GFS/ICON/ECMWF),power_model_v1@2026-01-31,0.5094,-0.0153
2026-02-23,2026-02-23T18:00:00+00:00,2026-02-24T11:00:00+00:00,2026-02-24T16:00:00+05:00,17,1,farm,0.0692,0.4741,0.8427,5.04,231.0,3.72,12.6,-0.1,958.6,open-meteo/previous-runs (best_match + GFS/ICON/ECMWF),power_model_v1@2026-01-31,0.3953,0.0788
2026-02-23,2026-02-23T18:00:00+00:00,2026-02-24T12:00:00+00:00,2026-02-24T17:00:00+05:00,18,1,farm,0.015,0.3567,0.6992,4.76,234.0,2.78,9.4,0.4,957.9,open-meteo/previous-runs (best_match + GFS/ICON/ECMWF),power_model_v1@2026-01-31,0.4555,-0.0988
2026-02-23,2026-02-23T18:00:00+00:00,2026-02-24T13:00:00+00:00,2026-02-24T18:00:00+05:00,19,1,farm,0.0119,0.3585,0.6796,3.84,231.0,1.7,9.3,-0.6,958.1,open-meteo/previous-runs (best_match + GFS/ICON/ECMWF),power_model_v1@2026-01-31,0.3917,-0.0332
2026-02-23,2026-02-23T18:00:00+00:00,2026-02-24T14:00:00+00:00,2026-02-24T19:00:00+05:00,20,1,farm,0.006,0.3629,0.6313,3.68,233.0,1.59,9.2,-1.0,958.4,open-meteo/previous-runs (best_match + GFS/ICON/ECMWF),power_model_v1@2026-01-31,0.3153,0.0476
2026-02-23,2026-02-23T18:00:00+00:00,2026-02-24T15:00:00+00:00,2026-02-24T20:00:00+05:00,21,1,farm,0.0024,0.2938,0.462,3.4,234.0,1.52,7.8,-1.1,958.3,open-meteo/previous-runs (best_match + GFS/ICON/ECMWF),power_model_v1@2026-01-31,0.1792,0.1146
2026-02-23,2026-02-23T18:00:00+00:00,2026-02-24T16:00:00+00:00,2026-02-24T21:00:00+05:00,22,1,farm,0.0032,0.1576,0.3298,2.62,235.0,1.17,5.5,-1.4,958.5,open-meteo/previous-runs (best_match + GFS/ICON/ECMWF),power_model_v1@2026-01-31,0.1961,-0.0385
2026-02-23,2026-02-23T18:00:00+00:00,2026-02-24T17:00:00+00:00,2026-02-24T22:00:00+05:00,23,1,farm,0.0077,0.05,0.1485,1.88,292.0,0.64,3.8,-1.5,958.7,open-meteo/previous-runs (best_match + GFS/ICON/ECMWF),power_model_v1@2026-01-31,0.0893,-0.0393
2026-02-23,2026-02-23T18:00:00+00:00,2026-02-24T18:00:00+00:00,2026-02-24T23:00:00+05:00,24,1,farm,0.0085,0.0208,0.0915,1.8,341.0,0.71,3.1,-1.4,958.3,open-meteo/previous-runs (best_match + GFS/ICON/ECMWF),power_model_v1@2026-01-31,0.0662,-0.0454
2026-02-24,2026-02-24T18:00:00+00:00,2026-02-24T19:00:00+00:00,2026-02-25T00:00:00+05:00,1,1,farm,0.0079,0.0446,0.0923,1.46,338.0,0.72,1.7,-1.3,958.4,open-meteo/previous-runs (best_match + GFS/ICON/ECMWF),power_model_v1@2026-01-31,0.0632,-0.0186
2026-02-24,2026-02-24T18:00:00+00:00,2026-02-24T20:00:00+00:00,2026-02-25T01:00:00+05:00,2,1,farm,0.0075,0.049,0.05,1.33,34.0,0.96,1.8,-1.6,958.1,open-meteo/previous-runs (best_match + GFS/ICON/ECMWF),power_model_v1@2026-01-31,0.0638,-0.0148
2026-02-24,2026-02-24T18:00:00+00:00,2026-02-24T21:00:00+00:00,2026-02-25T02:00:00+05:00,3,1,farm,0.0069,0.0627,0.0681,2.15,59.0,1.1,2.7,-2.1,957.6,open-meteo/previous-runs (best_match + GFS/ICON/ECMWF),power_model_v1@2026-01-31,0.0562,0.0065
2026-02-24,2026-02-24T18:00:00+00:00,2026-02-24T22:00:00+00:00,2026-02-25T03:00:00+05:00,4,1,farm,0.0071,0.0586,0.1319,3.36,43.0,1.95,2.7,-1.9,957.0,open-meteo/previous-runs (best_match + GFS/ICON/ECMWF),power_model_v1@2026-01-31,0.1057,-0.0471
2026-02-24,2026-02-24T18:00:00+00:00,2026-02-24T23:00:00+00:00,2026-02-25T04:00:00+05:00,5,1,farm,0.0066,0.0717,0.1418,3.4,54.0,1.17,2.9,-2.5,956.3,open-meteo/previous-runs (best_match + GFS/ICON/ECMWF),power_model_v1@2026-01-31,0.1437,-0.072
2026-02-24,2026-02-24T18:00:00+00:00,2026-02-25T00:00:00+00:00,2026-02-25T05:00:00+05:00,6,1,farm,0.0082,0.0519,0.1534,3.73,55.0,1.42,0.8,-1.6,955.7,open-meteo/previous-runs (best_match + GFS/ICON/ECMWF),power_model_v1@2026-01-31,0.1358,-0.0839
2026-02-24,2026-02-24T18:00:00+00:00,2026-02-25T01:00:00+00:00,2026-02-25T06:00:00+05:00,7,1,farm,0.0073,0.0714,0.2121,3.62,55.0,1.44,1.0,-1.9,955.3,open-meteo/previous-runs (best_match + GFS/ICON/ECMWF),power_model_v1@2026-01-31,0.119,-0.0476
2026-02-24,2026-02-24T18:00:00+00:00,2026-02-25T02:00:00+00:00,2026-02-25T07:00:00+05:00,8,1,farm,0.0069,0.0969,0.3143,3.9,49.0,1.52,1.6,-1.4,955.6,open-meteo/previous-runs (best_match + GFS/ICON/ECMWF),power_model_v1@2026-01-31,0.2313,-0.1344
2026-02-24,2026-02-24T18:00:00+00:00,2026-02-25T03:00:00+00:00,2026-02-25T08:00:00+05:00,9,1,farm,0.0062,0.1159,0.4063,3.84,51.0,1.88,1.9,-0.2,956.2,open-meteo/previous-runs (best_match + GFS/ICON/ECMWF),power_model_v1@2026-01-31,0.2678,-0.1519
2026-02-24,2026-02-24T18:00:00+00:00,2026-02-25T04:00:00+00:00,2026-02-25T09:00:00+05:00,10,1,farm,0.0055,0.105,0.3659,3.27,39.0,2.44,2.5,0.9,956.4,open-meteo/previous-runs (best_match + GFS/ICON/ECMWF),power_model_v1@2026-01-31,0.3653,-0.2603
2026-02-24,2026-02-24T18:00:00+00:00,2026-02-25T05:00:00+00:00,2026-02-25T10:00:00+05:00,11,1,farm,0.0057,0.0847,0.3112,3.01,42.0,2.36,3.7,1.9,956.3,open-meteo/previous-runs (best_match + GFS/ICON/ECMWF),power_model_v1@2026-01-31,0.5419,-0.4572
2026-02-24,2026-02-24T18:00:00+00:00,2026-02-25T06:00:00+00:00,2026-02-25T11:00:00+05:00,12,1,farm,0.0074,0.0462,0.1891,2.14,21.0,1.69,2.3,1.0,956.4,open-meteo/previous-runs (best_match + GFS/ICON/ECMWF),power_model_v1@2026-01-31,0.6491,-0.6029
2026-02-24,2026-02-24T18:00:00+00:00,2026-02-25T07:00:00+00:00,2026-02-25T12:00:00+05:00,13,1,farm,0.0076,0.0464,0.1282,1.99,28.0,1.57,2.6,2.4,955.7,open-meteo/previous-runs (best_match + GFS/ICON/ECMWF),power_model_v1@2026-01-31,0.6759,-0.6295
2026-02-24,2026-02-24T18:00:00+00:00,2026-02-25T08:00:00+00:00,2026-02-25T13:00:00+05:00,14,1,farm,0.0064,0.0728,0.1115,2.15,18.0,1.77,2.9,3.2,954.6,open-meteo/previous-runs (best_match + GFS/ICON/ECMWF),power_model_v1@2026-01-31,0.6603,-0.5875
2026-02-24,2026-02-24T18:00:00+00:00,2026-02-25T09:00:00+00:00,2026-02-25T14:00:00+05:00,15,1,farm,0.0066,0.0709,0.1827,1.94,18.0,1.58,2.3,3.8,954.0,open-meteo/previous-runs (best_match + GFS/ICON/ECMWF),power_model_v1@2026-01-31,0.5355,-0.4646
2026-02-24,2026-02-24T18:00:00+00:00,2026-02-25T10:00:00+00:00,2026-02-25T15:00:00+05:00,16,1,farm,0.0067,0.0667,0.2407,1.61,16.0,1.3,1.4,3.7,953.7,open-meteo/previous-runs (best_match + GFS/ICON/ECMWF),power_model_v1@2026-01-31,0.4783,-0.4116
2026-02-24,2026-02-24T18:00:00+00:00,2026-02-25T11:00:00+00:00,2026-02-25T16:00:00+05:00,17,1,farm,0.0052,0.0996,0.2025,1.79,330.0,1.06,2.7,3.0,953.6,open-meteo/previous-runs (best_match + GFS/ICON/ECMWF),power_model_v1@2026-01-31,0.3252,-0.2256
2026-02-24,2026-02-24T18:00:00+00:00,2026-02-25T12:00:00+00:00,2026-02-25T17:00:00+05:00,18,1,farm,0.0036,0.1368,0.1755,2.21,276.0,1.53,1.3,1.9,953.3,open-meteo/previous-runs (best_match + GFS/ICON/ECMWF),power_model_v1@2026-01-31,0.3552,-0.2184
2026-02-24,2026-02-24T18:00:00+00:00,2026-02-25T13:00:00+00:00,2026-02-25T18:00:00+05:00,19,1,farm,0.0054,0.1015,0.1879,1.69,289.0,1.03,1.6,0.9,953.2,open-meteo/previous-runs (best_match + GFS/ICON/ECMWF),power_model_v1@2026-01-31,0.3186,-0.2171
2026-02-24,2026-02-24T18:00:00+00:00,2026-02-25T14:00:00+00:00,2026-02-25T19:00:00+05:00,20,1,farm,0.0042,0.1335,0.2619,0.67,283.0,0.57,2.1,0.3,953.1,open-meteo/previous-runs (best_match + GFS/ICON/ECMWF),power_model_v1@2026-01-31,0.375,-0.2415
2026-02-24,2026-02-24T18:00:00+00:00,2026-02-25T15:00:00+00:00,2026-02-25T20:00:00+05:00,21,1,farm,0.0026,0.1647,0.3504,1.7,358.0,1.26,2.0,-0.2,952.6,open-meteo/previous-runs (best_match + GFS/ICON/ECMWF),power_model_v1@2026-01-31,0.3688,-0.2041
2026-02-24,2026-02-24T18:00:00+00:00,2026-02-25T16:00:00+00:00,2026-02-25T21:00:00+05:00,22,1,farm,0.0003,0.237,0.4073,2.55,43.0,0.97,2.6,-0.7,951.9,open-meteo/previous-runs (best_match + GFS/ICON/ECMWF),power_model_v1@2026-01-31,0.5953,-0.3583
2026-02-24,2026-02-24T18:00:00+00:00,2026-02-25T17:00:00+00:00,2026-02-25T22:00:00+05:00,23,1,farm,0.0,0.4448,0.7995,4.47,54.0,1.57,3.9,-1.8,950.3,open-meteo/previous-runs (best_match + GFS/ICON/ECMWF),power_model_v1@2026-01-31,0.7526,-0.3078
2026-02-24,2026-02-24T18:00:00+00:00,2026-02-25T18:00:00+00:00,2026-02-25T23:00:00+05:00,24,1,farm,0.0881,0.5722,0.9886,6.84,59.0,3.11,5.4,-0.5,949.1,open-meteo/previous-runs (best_match + GFS/ICON/ECMWF),power_model_v1@2026-01-31,0.6705,-0.0983
2026-02-25,2026-02-25T18:00:00+00:00,2026-02-25T19:00:00+00:00,2026-02-26T00:00:00+05:00,1,1,farm,0.2976,0.6845,0.9831,7.29,68.0,3.75,6.1,-0.3,948.4,open-meteo/previous-runs (best_match + GFS/ICON/ECMWF),power_model_v1@2026-01-31,0.7289,-0.0444
2026-02-25,2026-02-25T18:00:00+00:00,2026-02-25T20:00:00+00:00,2026-02-26T01:00:00+05:00,2,1,farm,0.2946,0.6547,0.9814,7.64,74.0,4.18,6.1,0.2,947.7,open-meteo/previous-runs (best_match + GFS/ICON/ECMWF),power_model_v1@2026-01-31,0.7488,-0.0941
2026-02-25,2026-02-25T18:00:00+00:00,2026-02-25T21:00:00+00:00,2026-02-26T02:00:00+05:00,3,1,farm,0.2946,0.6686,0.9729,7.69,77.0,4.27,6.0,0.5,947.1,open-meteo/previous-runs (best_match + GFS/ICON/ECMWF),power_model_v1@2026-01-31,0.742,-0.0734
2026-02-25,2026-02-25T18:00:00+00:00,2026-02-25T22:00:00+00:00,2026-02-26T03:00:00+05:00,4,1,farm,0.3199,0.741,0.9959,6.69,78.0,3.74,9.6,0.7,946.8,open-meteo/previous-runs (best_match + GFS/ICON/ECMWF),power_model_v1@2026-01-31,0.7666,-0.0256
2026-02-25,2026-02-25T18:00:00+00:00,2026-02-25T23:00:00+00:00,2026-02-26T04:00:00+05:00,5,1,farm,0.2492,0.7141,1.0,5.77,81.0,3.19,10.0,0.6,945.8,open-meteo/previous-runs (best_match + GFS/ICON/ECMWF),power_model_v1@2026-01-31,0.6883,0.0258
2026-02-25,2026-02-25T18:00:00+00:00,2026-02-26T00:00:00+00:00,2026-02-26T05:00:00+05:00,6,1,farm,0.2812,0.6968,1.0,6.31,75.0,3.48,10.7,0.0,945.7,open-meteo/previous-runs (best_match + GFS/ICON/ECMWF),power_model_v1@2026-01-31,0.6747,0.0221
2026-02-25,2026-02-25T18:00:00+00:00,2026-02-26T01:00:00+00:00,2026-02-26T06:00:00+05:00,7,1,farm,0.2893,0.6935,1.0,5.98,69.0,3.23,10.7,-0.4,945.4,open-meteo/previous-runs (best_match + GFS/ICON/ECMWF),power_model_v1@2026-01-31,0.6703,0.0232
2026-02-25,2026-02-25T18:00:00+00:00,2026-02-26T02:00:00+00:00,2026-02-26T07:00:00+05:00,8,1,farm,0.2222,0.6515,1.0,5.52,69.0,3.07,10.2,0.1,945.1,open-meteo/previous-runs (best_match + GFS/ICON/ECMWF),power_model_v1@2026-01-31,0.5422,0.1093
2026-02-25,2026-02-25T18:00:00+00:00,2026-02-26T03:00:00+00:00,2026-02-26T08:00:00+05:00,9,1,farm,0.0761,0.3705,0.9563,5.1,64.0,3.05,9.7,1.0,945.3,open-meteo/previous-runs (best_match + GFS/ICON/ECMWF),power_model_v1@2026-01-31,0.6697,-0.2992
2026-02-25,2026-02-25T18:00:00+00:00,2026-02-26T04:00:00+00:00,2026-02-26T09:00:00+05:00,10,1,farm,0.0036,0.1262,0.5244,3.93,42.0,2.76,5.6,2.6,945.3,open-meteo/previous-runs (best_match + GFS/ICON/ECMWF),power_model_v1@2026-01-31,0.566,-0.4398
2026-02-25,2026-02-25T18:00:00+00:00,2026-02-26T05:00:00+00:00,2026-02-26T10:00:00+05:00,11,1,farm,0.0143,0.4044,0.8298,2.2,21.0,1.71,16.1,4.2,945.9,open-meteo/previous-runs (best_match + GFS/ICON/ECMWF),power_model_v1@2026-01-31,0.3394,0.065
2026-02-25,2026-02-25T18:00:00+00:00,2026-02-26T06:00:00+00:00,2026-02-26T11:00:00+05:00,12,1,farm,0.0128,0.5496,0.9609,9.45,269.0,6.95,17.5,4.5,948.0,open-meteo/previous-runs (best_match + GFS/ICON/ECMWF),power_model_v1@2026-01-31,0.5707,-0.0211
2026-02-25,2026-02-25T18:00:00+00:00,2026-02-26T07:00:00+00:00,2026-02-26T12:00:00+05:00,13,1,farm,0.0577,0.59,0.9093,7.33,259.0,5.54,13.1,3.9,948.7,open-meteo/previous-runs (best_match + GFS/ICON/ECMWF),power_model_v1@2026-01-31,0.5759,0.0141
2026-02-25,2026-02-25T18:00:00+00:00,2026-02-26T08:00:00+00:00,2026-02-26T13:00:00+05:00,14,1,farm,0.0158,0.5303,0.8607,3.65,251.0,2.88,12.0,2.0,948.3,open-meteo/previous-runs (best_match + GFS/ICON/ECMWF),power_model_v1@2026-01-31,0.378,0.1523
2026-02-25,2026-02-25T18:00:00+00:00,2026-02-26T09:00:00+00:00,2026-02-26T14:00:00+05:00,15,1,farm,0.0014,0.4064,0.726,4.48,254.0,3.3,8.4,0.0,948.8,open-meteo/previous-runs (best_match + GFS/ICON/ECMWF),power_model_v1@2026-01-31,0.4136,-0.0072
2026-02-25,2026-02-25T18:00:00+00:00,2026-02-26T10:00:00+00:00,2026-02-26T15:00:00+05:00,16,1,farm,0.034,0.4267,0.7843,5.39,248.0,3.87,9.1,-0.8,949.7,open-meteo/previous-runs (best_match + GFS/ICON/ECMWF),power_model_v1@2026-01-31,0.5204,-0.0937
2026-02-25,2026-02-25T18:00:00+00:00,2026-02-26T11:00:00+00:00,2026-02-26T16:00:00+05:00,17,1,farm,0.11,0.4745,0.9389,5.99,252.0,3.87,9.7,-1.0,950.0,open-meteo/previous-runs (best_match + GFS/ICON/ECMWF),power_model_v1@2026-01-31,0.4352,0.0393
2026-02-25,2026-02-25T18:00:00+00:00,2026-02-26T12:00:00+00:00,2026-02-26T17:00:00+05:00,18,1,farm,0.2976,0.6712,0.9755,8.15,271.0,4.32,11.0,0.2,950.1,open-meteo/previous-runs (best_match + GFS/ICON/ECMWF),power_model_v1@2026-01-31,0.4591,0.2121
2026-02-25,2026-02-25T18:00:00+00:00,2026-02-26T13:00:00+00:00,2026-02-26T18:00:00+05:00,19,1,farm,0.3513,0.7526,0.9835,8.06,268.0,4.39,10.7,0.1,950.5,open-meteo/previous-runs (best_match + GFS/ICON/ECMWF),power_model_v1@2026-01-31,0.4679,0.2847
2026-02-25,2026-02-25T18:00:00+00:00,2026-02-26T14:00:00+00:00,2026-02-26T19:00:00+05:00,20,1,farm,0.318,0.7225,0.981,7.27,260.0,4.11,9.3,0.4,951.0,open-meteo/previous-runs (best_match + GFS/ICON/ECMWF),power_model_v1@2026-01-31,0.5286,0.1939
2026-02-25,2026-02-25T18:00:00+00:00,2026-02-26T15:00:00+00:00,2026-02-26T20:00:00+05:00,21,1,farm,0.3278,0.7484,0.9908,7.75,269.0,4.35,9.2,0.7,951.3,open-meteo/previous-runs (best_match + GFS/ICON/ECMWF),power_model_v1@2026-01-31,0.742,0.0064
2026-02-25,2026-02-25T18:00:00+00:00,2026-02-26T16:00:00+00:00,2026-02-26T21:00:00+05:00,22,1,farm,0.3666,0.8115,0.9841,8.45,271.0,4.93,8.8,0.5,951.9,open-meteo/previous-runs (best_match + GFS/ICON/ECMWF),power_model_v1@2026-01-31,0.7031,0.1084
2026-02-25,2026-02-25T18:00:00+00:00,2026-02-26T17:00:00+00:00,2026-02-26T22:00:00+05:00,23,1,farm,0.3587,0.8228,0.9818,8.86,273.0,5.36,8.7,0.4,952.3,open-meteo/previous-runs (best_match + GFS/ICON/ECMWF),power_model_v1@2026-01-31,0.6537,0.1691
2026-02-25,2026-02-25T18:00:00+00:00,2026-02-26T18:00:00+00:00,2026-02-26T23:00:00+05:00,24,1,farm,0.3345,0.8137,0.979,8.52,266.0,5.13,8.0,0.4,952.4,open-meteo/previous-runs (best_match + GFS/ICON/ECMWF),power_model_v1@2026-01-31,0.7296,0.0841
2026-02-26,2026-02-26T18:00:00+00:00,2026-02-26T19:00:00+00:00,2026-02-27T00:00:00+05:00,1,1,farm,0.3557,0.776,0.9675,9.23,251.0,5.73,7.9,-0.2,952.8,open-meteo/previous-runs (best_match + GFS/ICON/ECMWF),power_model_v1@2026-01-31,0.7885,-0.0125
2026-02-26,2026-02-26T18:00:00+00:00,2026-02-26T20:00:00+00:00,2026-02-27T01:00:00+05:00,2,1,farm,0.2558,0.6792,0.9615,7.98,255.0,4.88,7.4,-0.8,952.9,open-meteo/previous-runs (best_match + GFS/ICON/ECMWF),power_model_v1@2026-01-31,0.8016,-0.1224
2026-02-26,2026-02-26T18:00:00+00:00,2026-02-26T21:00:00+00:00,2026-02-27T02:00:00+05:00,3,1,farm,0.2066,0.5441,0.9387,8.17,258.0,4.7,6.8,-0.9,952.9,open-meteo/previous-runs (best_match + GFS/ICON/ECMWF),power_model_v1@2026-01-31,0.761,-0.2169
2026-02-26,2026-02-26T18:00:00+00:00,2026-02-26T22:00:00+00:00,2026-02-27T03:00:00+05:00,4,1,farm,0.1768,0.561,0.939,7.89,253.0,4.9,6.5,-1.0,952.7,open-meteo/previous-runs (best_match + GFS/ICON/ECMWF),power_model_v1@2026-01-31,0.6838,-0.1228
2026-02-26,2026-02-26T18:00:00+00:00,2026-02-26T23:00:00+00:00,2026-02-27T04:00:00+05:00,5,1,farm,0.1113,0.5425,0.9199,7.08,257.0,4.05,6.4,-1.2,952.9,open-meteo/previous-runs (best_match + GFS/ICON/ECMWF),power_model_v1@2026-01-31,0.6128,-0.0703
2026-02-26,2026-02-26T18:00:00+00:00,2026-02-27T00:00:00+00:00,2026-02-27T05:00:00+05:00,6,1,farm,0.0513,0.3141,0.8177,5.52,236.0,3.43,5.2,-0.4,952.8,open-meteo/previous-runs (best_match + GFS/ICON/ECMWF),power_model_v1@2026-01-31,0.5538,-0.2397
2026-02-26,2026-02-26T18:00:00+00:00,2026-02-27T01:00:00+00:00,2026-02-27T06:00:00+05:00,7,1,farm,0.0,0.2431,0.7724,5.46,233.0,3.38,5.0,-0.3,953.1,open-meteo/previous-runs (best_match + GFS/ICON/ECMWF),power_model_v1@2026-01-31,0.5078,-0.2647
2026-02-26,2026-02-26T18:00:00+00:00,2026-02-27T02:00:00+00:00,2026-02-27T07:00:00+05:00,8,1,farm,0.0068,0.2198,0.7437,5.47,230.0,3.37,5.7,-0.3,953.0,open-meteo/previous-runs (best_match + GFS/ICON/ECMWF),power_model_v1@2026-01-31,0.3906,-0.1708
2026-02-26,2026-02-26T18:00:00+00:00,2026-02-27T03:00:00+00:00,2026-02-27T08:00:00+05:00,9,1,farm,0.0049,0.2473,0.7204,5.2,225.0,3.18,6.4,0.4,953.0,open-meteo/previous-runs (best_match + GFS/ICON/ECMWF),power_model_v1@2026-01-31,0.3818,-0.1345
2026-02-26,2026-02-26T18:00:00+00:00,2026-02-27T04:00:00+00:00,2026-02-27T09:00:00+05:00,10,1,farm,0.0022,0.2765,0.6622,4.56,238.0,2.37,6.3,1.3,952.7,open-meteo/previous-runs (best_match + GFS/ICON/ECMWF),power_model_v1@2026-01-31,0.3425,-0.066
2026-02-26,2026-02-26T18:00:00+00:00,2026-02-27T05:00:00+00:00,2026-02-27T10:00:00+05:00,11,1,farm,0.0008,0.2999,0.6456,4.61,249.0,2.4,6.5,1.5,952.5,open-meteo/previous-runs (best_match + GFS/ICON/ECMWF),power_model_v1@2026-01-31,0.1838,0.1161
2026-02-26,2026-02-26T18:00:00+00:00,2026-02-27T06:00:00+00:00,2026-02-27T11:00:00+05:00,12,1,farm,0.0033,0.2694,0.5944,4.7,269.0,2.8,7.5,1.7,952.2,open-meteo/previous-runs (best_match + GFS/ICON/ECMWF),power_model_v1@2026-01-31,0.2886,-0.0192
2026-02-26,2026-02-26T18:00:00+00:00,2026-02-27T07:00:00+00:00,2026-02-27T12:00:00+05:00,13,1,farm,0.0008,0.3337,0.6587,4.25,246.0,2.67,8.3,1.7,952.1,open-meteo/previous-runs (best_match + GFS/ICON/ECMWF),power_model_v1@2026-01-31,0.3524,-0.0187
2026-02-26,2026-02-26T18:00:00+00:00,2026-02-27T08:00:00+00:00,2026-02-27T13:00:00+05:00,14,1,farm,0.0085,0.4374,0.7476,4.82,257.0,3.02,9.4,1.9,951.7,open-meteo/previous-runs (best_match + GFS/ICON/ECMWF),power_model_v1@2026-01-31,0.4467,-0.0093
2026-02-26,2026-02-26T18:00:00+00:00,2026-02-27T09:00:00+00:00,2026-02-27T14:00:00+05:00,15,1,farm,0.0763,0.5204,0.8684,5.93,258.0,4.04,10.3,1.4,952.2,open-meteo/previous-runs (best_match + GFS/ICON/ECMWF),power_model_v1@2026-01-31,0.5024,0.018
2026-02-26,2026-02-26T18:00:00+00:00,2026-02-27T10:00:00+00:00,2026-02-27T15:00:00+05:00,16,1,farm,0.1058,0.586,0.9223,6.38,255.0,4.43,11.2,0.5,952.6,open-meteo/previous-runs (best_match + GFS/ICON/ECMWF),power_model_v1@2026-01-31,0.5819,0.0041
2026-02-26,2026-02-26T18:00:00+00:00,2026-02-27T11:00:00+00:00,2026-02-27T16:00:00+05:00,17,1,farm,0.1725,0.623,0.9657,6.75,258.0,4.75,11.4,-0.5,953.1,open-meteo/previous-runs (best_match + GFS/ICON/ECMWF),power_model_v1@2026-01-31,0.6413,-0.0183
2026-02-26,2026-02-26T18:00:00+00:00,2026-02-27T12:00:00+00:00,2026-02-27T17:00:00+05:00,18,1,farm,0.2091,0.6474,0.9808,6.02,244.0,4.45,10.2,-0.9,953.0,open-meteo/previous-runs (best_match + GFS/ICON/ECMWF),power_model_v1@2026-01-31,0.6382,0.0092
2026-02-26,2026-02-26T18:00:00+00:00,2026-02-27T13:00:00+00:00,2026-02-27T18:00:00+05:00,19,1,farm,0.2014,0.6377,0.9774,6.76,249.0,4.83,9.7,-2.1,953.8,open-meteo/previous-runs (best_match + GFS/ICON/ECMWF),power_model_v1@2026-01-31,0.7031,-0.0654
2026-02-26,2026-02-26T18:00:00+00:00,2026-02-27T14:00:00+00:00,2026-02-27T19:00:00+05:00,20,1,farm,0.2316,0.6141,0.9961,6.28,244.0,4.61,10.4,-3.5,954.2,open-meteo/previous-runs (best_match + GFS/ICON/ECMWF),power_model_v1@2026-01-31,0.7304,-0.1163
2026-02-26,2026-02-26T18:00:00+00:00,2026-02-27T15:00:00+00:00,2026-02-27T20:00:00+05:00,21,1,farm,0.2919,0.6838,0.9978,7.31,244.0,4.9,10.8,-4.3,954.5,open-meteo/previous-runs (best_match + GFS/ICON/ECMWF),power_model_v1@2026-01-31,0.7179,-0.0341
2026-02-26,2026-02-26T18:00:00+00:00,2026-02-27T16:00:00+00:00,2026-02-27T21:00:00+05:00,22,1,farm,0.3036,0.7419,0.9896,7.25,233.0,4.49,11.1,-4.9,954.4,open-meteo/previous-runs (best_match + GFS/ICON/ECMWF),power_model_v1@2026-01-31,0.7032,0.0387
2026-02-26,2026-02-26T18:00:00+00:00,2026-02-27T17:00:00+00:00,2026-02-27T22:00:00+05:00,23,1,farm,0.2367,0.6926,0.9743,6.81,235.0,4.18,11.6,-4.7,954.4,open-meteo/previous-runs (best_match + GFS/ICON/ECMWF),power_model_v1@2026-01-31,0.6297,0.0629
2026-02-26,2026-02-26T18:00:00+00:00,2026-02-27T18:00:00+00:00,2026-02-27T23:00:00+05:00,24,1,farm,0.1476,0.5531,0.9618,6.45,236.0,3.73,10.2,-4.6,953.5,open-meteo/previous-runs (best_match + GFS/ICON/ECMWF),power_model_v1@2026-01-31,0.6184,-0.0653
2026-02-27,2026-02-27T18:00:00+00:00,2026-02-27T19:00:00+00:00,2026-02-28T00:00:00+05:00,1,1,farm,0.1353,0.4997,0.9623,6.2,241.0,4.0,10.5,-5.0,953.7,open-meteo/previous-runs (best_match + GFS/ICON/ECMWF),power_model_v1@2026-01-31,0.4854,0.0143
2026-02-27,2026-02-27T18:00:00+00:00,2026-02-27T20:00:00+00:00,2026-02-28T01:00:00+05:00,2,1,farm,0.1458,0.5863,0.9607,6.65,227.0,4.17,10.9,-5.1,953.6,open-meteo/previous-runs (best_match + GFS/ICON/ECMWF),power_model_v1@2026-01-31,0.587,-0.0007
2026-02-27,2026-02-27T18:00:00+00:00,2026-02-27T21:00:00+00:00,2026-02-28T02:00:00+05:00,3,1,farm,0.1769,0.5529,0.9653,6.2,247.0,4.09,11.8,-5.1,953.9,open-meteo/previous-runs (best_match + GFS/ICON/ECMWF),power_model_v1@2026-01-31,0.6003,-0.0474
2026-02-27,2026-02-27T18:00:00+00:00,2026-02-27T22:00:00+00:00,2026-02-28T03:00:00+05:00,4,1,farm,0.2054,0.6644,0.9848,6.96,242.0,4.74,12.7,-5.8,953.8,open-meteo/previous-runs (best_match + GFS/ICON/ECMWF),power_model_v1@2026-01-31,0.575,0.0894
2026-02-27,2026-02-27T18:00:00+00:00,2026-02-27T23:00:00+00:00,2026-02-28T04:00:00+05:00,5,1,farm,0.2555,0.6819,0.9696,7.06,237.0,4.65,12.5,-6.2,954.0,open-meteo/previous-runs (best_match + GFS/ICON/ECMWF),power_model_v1@2026-01-31,0.6143,0.0676
2026-02-27,2026-02-27T18:00:00+00:00,2026-02-28T00:00:00+00:00,2026-02-28T05:00:00+05:00,6,1,farm,0.2862,0.6257,0.9784,7.47,243.0,4.96,13.0,-5.7,954.4,open-meteo/previous-runs (best_match + GFS/ICON/ECMWF),power_model_v1@2026-01-31,0.6271,-0.0014
2026-02-27,2026-02-27T18:00:00+00:00,2026-02-28T01:00:00+00:00,2026-02-28T06:00:00+05:00,7,1,farm,0.3015,0.6395,0.9707,7.4,243.0,4.96,12.8,-6.3,955.2,open-meteo/previous-runs (best_match + GFS/ICON/ECMWF),power_model_v1@2026-01-31,0.6195,0.02
2026-02-27,2026-02-27T18:00:00+00:00,2026-02-28T02:00:00+00:00,2026-02-28T07:00:00+05:00,8,1,farm,0.2522,0.596,0.9739,7.29,239.0,5.04,13.9,-6.8,956.1,open-meteo/previous-runs (best_match + GFS/ICON/ECMWF),power_model_v1@2026-01-31,0.5667,0.0293
2026-02-27,2026-02-27T18:00:00+00:00,2026-02-28T03:00:00+00:00,2026-02-28T08:00:00+05:00,9,1,farm,0.2613,0.5834,0.9921,7.29,237.0,5.23,14.6,-6.9,957.0,open-meteo/previous-runs (best_match + GFS/ICON/ECMWF),power_model_v1@2026-01-31,0.5557,0.0277
2026-02-27,2026-02-27T18:00:00+00:00,2026-02-28T04:00:00+00:00,2026-02-28T09:00:00+05:00,10,1,farm,0.2689,0.6284,0.9902,7.79,242.0,5.62,15.1,-7.0,957.7,open-meteo/previous-runs (best_match + GFS/ICON/ECMWF),power_model_v1@2026-01-31,0.5967,0.0317
2026-02-27,2026-02-27T18:00:00+00:00,2026-02-28T05:00:00+00:00,2026-02-28T10:00:00+05:00,11,1,farm,0.2687,0.6359,0.9906,7.64,246.0,5.55,15.2,-6.7,958.1,open-meteo/previous-runs (best_match + GFS/ICON/ECMWF),power_model_v1@2026-01-31,0.5594,0.0765
2026-02-27,2026-02-27T18:00:00+00:00,2026-02-28T06:00:00+00:00,2026-02-28T11:00:00+05:00,12,1,farm,0.2155,0.5837,0.9687,7.28,247.0,5.39,14.8,-7.1,958.6,open-meteo/previous-runs (best_match + GFS/ICON/ECMWF),power_model_v1@2026-01-31,0.5759,0.0078
2026-02-27,2026-02-27T18:00:00+00:00,2026-02-28T07:00:00+00:00,2026-02-28T12:00:00+05:00,13,1,farm,0.2517,0.6037,0.9621,7.76,248.0,5.62,14.7,-6.9,958.8,open-meteo/previous-runs (best_match + GFS/ICON/ECMWF),power_model_v1@2026-01-31,0.5499,0.0538
2026-02-27,2026-02-27T18:00:00+00:00,2026-02-28T08:00:00+00:00,2026-02-28T13:00:00+05:00,14,1,farm,0.2364,0.6338,0.987,7.83,243.0,5.73,14.7,-7.2,958.8,open-meteo/previous-runs (best_match + GFS/ICON/ECMWF),power_model_v1@2026-01-31,0.5638,0.07
2026-02-27,2026-02-27T18:00:00+00:00,2026-02-28T09:00:00+00:00,2026-02-28T14:00:00+05:00,15,1,farm,0.2163,0.6351,0.9719,7.45,244.0,5.42,14.5,-6.9,958.9,open-meteo/previous-runs (best_match + GFS/ICON/ECMWF),power_model_v1@2026-01-31,0.6159,0.0192
2026-02-27,2026-02-27T18:00:00+00:00,2026-02-28T10:00:00+00:00,2026-02-28T15:00:00+05:00,16,1,farm,0.1869,0.6777,0.9605,7.27,238.0,5.37,14.1,-7.1,959.4,open-meteo/previous-runs (best_match + GFS/ICON/ECMWF),power_model_v1@2026-01-31,0.6631,0.0146
2026-02-27,2026-02-27T18:00:00+00:00,2026-02-28T11:00:00+00:00,2026-02-28T16:00:00+05:00,17,1,farm,0.1638,0.6595,0.9533,6.91,229.0,4.85,13.4,-7.3,959.6,open-meteo/previous-runs (best_match + GFS/ICON/ECMWF),power_model_v1@2026-01-31,0.5971,0.0624
2026-02-27,2026-02-27T18:00:00+00:00,2026-02-28T12:00:00+00:00,2026-02-28T17:00:00+05:00,18,1,farm,0.1728,0.526,0.9432,6.65,227.0,4.35,10.9,-6.7,959.2,open-meteo/previous-runs (best_match + GFS/ICON/ECMWF),power_model_v1@2026-01-31,0.5215,0.0045
2026-02-27,2026-02-27T18:00:00+00:00,2026-02-28T13:00:00+00:00,2026-02-28T18:00:00+05:00,19,1,farm,0.1299,0.4729,0.9168,6.43,231.0,3.89,9.7,-6.5,959.7,open-meteo/previous-runs (best_match + GFS/ICON/ECMWF),power_model_v1@2026-01-31,0.4227,0.0502
2026-02-27,2026-02-27T18:00:00+00:00,2026-02-28T14:00:00+00:00,2026-02-28T19:00:00+05:00,20,1,farm,0.1348,0.4203,0.8703,6.03,229.0,3.54,8.3,-6.7,959.9,open-meteo/previous-runs (best_match + GFS/ICON/ECMWF),power_model_v1@2026-01-31,0.4769,-0.0566
2026-02-27,2026-02-27T18:00:00+00:00,2026-02-28T15:00:00+00:00,2026-02-28T20:00:00+05:00,21,1,farm,0.0933,0.5123,0.8472,4.85,233.0,2.61,7.3,-6.8,959.6,open-meteo/previous-runs (best_match + GFS/ICON/ECMWF),power_model_v1@2026-01-31,0.3329,0.1794
2026-02-27,2026-02-27T18:00:00+00:00,2026-02-28T16:00:00+00:00,2026-02-28T21:00:00+05:00,22,1,farm,0.0075,0.3128,0.7393,4.25,243.0,2.47,6.5,-7.0,959.4,open-meteo/previous-runs (best_match + GFS/ICON/ECMWF),power_model_v1@2026-01-31,0.2816,0.0312
2026-02-27,2026-02-27T18:00:00+00:00,2026-02-28T17:00:00+00:00,2026-02-28T22:00:00+05:00,23,1,farm,0.0049,0.3049,0.674,4.44,253.0,2.25,6.3,-7.9,959.3,open-meteo/previous-runs (best_match + GFS/ICON/ECMWF),power_model_v1@2026-01-31,0.2816,0.0233
2026-02-27,2026-02-27T18:00:00+00:00,2026-02-28T18:00:00+00:00,2026-02-28T23:00:00+05:00,24,1,farm,0.0046,0.3074,0.6865,3.54,257.0,1.78,6.3,-8.1,959.4,open-meteo/previous-runs (best_match + GFS/ICON/ECMWF),power_model_v1@2026-01-31,0.3187,-0.0113
2026-02-27,2026-02-27T18:00:00+00:00,2026-02-28T19:00:00+00:00,2026-03-01T00:00:00+05:00,25,2,farm,0.0,0.2465,0.4376,3.63,262.0,2.02,2.4,-7.8,960.1,open-meteo/previous-runs (best_match + GFS/ICON/ECMWF),power_model_v1@2026-01-31,,
2026-02-27,2026-02-27T18:00:00+00:00,2026-02-28T20:00:00+00:00,2026-03-01T01:00:00+05:00,26,2,farm,0.0,0.2378,0.4367,3.31,265.0,1.72,1.3,-8.0,960.1,open-meteo/previous-runs (best_match + GFS/ICON/ECMWF),power_model_v1@2026-01-31,,
2026-02-27,2026-02-27T18:00:00+00:00,2026-02-28T21:00:00+00:00,2026-03-01T02:00:00+05:00,27,2,farm,0.0,0.1499,0.351,2.41,265.0,1.32,0.7,-8.4,959.9,open-meteo/previous-runs (best_match + GFS/ICON/ECMWF),power_model_v1@2026-01-31,,
2026-02-27,2026-02-27T18:00:00+00:00,2026-02-28T22:00:00+00:00,2026-03-01T03:00:00+05:00,28,2,farm,0.0003,0.1444,0.3089,2.47,263.0,1.01,1.0,-9.2,959.5,open-meteo/previous-runs (best_match + GFS/ICON/ECMWF),power_model_v1@2026-01-31,,
2026-02-27,2026-02-27T18:00:00+00:00,2026-02-28T23:00:00+00:00,2026-03-01T04:00:00+05:00,29,2,farm,0.0007,0.1352,0.3262,2.26,245.0,0.9,0.8,-9.3,959.5,open-meteo/previous-runs (best_match + GFS/ICON/ECMWF),power_model_v1@2026-01-31,,
2026-02-27,2026-02-27T18:00:00+00:00,2026-03-01T00:00:00+00:00,2026-03-01T05:00:00+05:00,30,2,farm,0.0001,0.1339,0.3152,2.36,257.0,0.96,1.5,-8.0,959.9,open-meteo/previous-runs (best_match + GFS/ICON/ECMWF),power_model_v1@2026-01-31,,
2026-02-27,2026-02-27T18:00:00+00:00,2026-03-01T01:00:00+00:00,2026-03-01T06:00:00+05:00,31,2,farm,0.0041,0.0798,0.234,2.54,260.0,1.05,1.5,-8.3,960.1,open-meteo/previous-runs (best_match + GFS/ICON/ECMWF),power_model_v1@2026-01-31,,
2026-02-27,2026-02-27T18:00:00+00:00,2026-03-01T02:00:00+00:00,2026-03-01T07:00:00+05:00,32,2,farm,0.006,0.0557,0.1699,2.6,259.0,1.06,0.7,-8.3,960.2,open-meteo/previous-runs (best_match + GFS/ICON/ECMWF),power_model_v1@2026-01-31,,
2026-02-27,2026-02-27T18:00:00+00:00,2026-03-01T03:00:00+00:00,2026-03-01T08:00:00+05:00,33,2,farm,0.0077,0.0228,0.2145,2.41,257.0,1.55,1.2,-7.4,960.8,open-meteo/previous-runs (best_match + GFS/ICON/ECMWF),power_model_v1@2026-01-31,,
2026-02-27,2026-02-27T18:00:00+00:00,2026-03-01T04:00:00+00:00,2026-03-01T09:00:00+05:00,34,2,farm,0.0072,0.0298,0.2126,2.38,260.0,1.83,1.2,-6.4,961.1,open-meteo/previous-runs (best_match + GFS/ICON/ECMWF),power_model_v1@2026-01-31,,
2026-02-27,2026-02-27T18:00:00+00:00,2026-03-01T05:00:00+00:00,2026-03-01T10:00:00+05:00,35,2,farm,0.0074,0.0292,0.1397,2.67,264.0,2.16,2.0,-5.4,961.2,open-meteo/previous-runs (best_match + GFS/ICON/ECMWF),power_model_v1@2026-01-31,,
2026-02-27,2026-02-27T18:00:00+00:00,2026-03-01T06:00:00+00:00,2026-03-01T11:00:00+05:00,36,2,farm,0.0058,0.0501,0.0982,2.04,287.0,1.68,4.9,-5.1,961.2,open-meteo/previous-runs (best_match + GFS/ICON/ECMWF),power_model_v1@2026-01-31,,
2026-02-27,2026-02-27T18:00:00+00:00,2026-03-01T07:00:00+00:00,2026-03-01T12:00:00+05:00,37,2,farm,0.0053,0.0567,0.1147,2.23,279.0,1.78,4.9,-3.9,961.0,open-meteo/previous-runs (best_match + GFS/ICON/ECMWF),power_model_v1@2026-01-31,,
2026-02-27,2026-02-27T18:00:00+00:00,2026-03-01T08:00:00+00:00,2026-03-01T13:00:00+05:00,38,2,farm,0.0075,0.0328,0.1676,2.22,278.0,1.73,4.8,-3.2,960.4,open-meteo/previous-runs (best_match + GFS/ICON/ECMWF),power_model_v1@2026-01-31,,
2026-02-27,2026-02-27T18:00:00+00:00,2026-03-01T09:00:00+00:00,2026-03-01T14:00:00+05:00,39,2,farm,0.0081,0.0312,0.1692,2.1,282.0,1.61,4.5,-2.8,959.9,open-meteo/previous-runs (best_match + GFS/ICON/ECMWF),power_model_v1@2026-01-31,,
2026-02-27,2026-02-27T18:00:00+00:00,2026-03-01T10:00:00+00:00,2026-03-01T15:00:00+05:00,40,2,farm,0.0078,0.0341,0.1941,2.22,306.0,1.39,4.3,-3.2,959.8,open-meteo/previous-runs (best_match + GFS/ICON/ECMWF),power_model_v1@2026-01-31,,
2026-02-27,2026-02-27T18:00:00+00:00,2026-03-01T11:00:00+00:00,2026-03-01T16:00:00+05:00,41,2,farm,0.0075,0.0386,0.1553,2.65,317.0,1.32,4.0,-4.6,959.7,open-meteo/previous-runs (best_match + GFS/ICON/ECMWF),power_model_v1@2026-01-31,,
2026-02-27,2026-02-27T18:00:00+00:00,2026-03-01T12:00:00+00:00,2026-03-01T17:00:00+05:00,42,2,farm,0.0065,0.0492,0.137,1.83,325.0,0.69,5.3,-6.3,959.1,open-meteo/previous-runs (best_match + GFS/ICON/ECMWF),power_model_v1@2026-01-31,,
2026-02-27,2026-02-27T18:00:00+00:00,2026-03-01T13:00:00+00:00,2026-03-01T18:00:00+05:00,43,2,farm,0.0034,0.0836,0.1707,1.25,5.0,0.21,3.2,-7.7,958.5,open-meteo/previous-runs (best_match + GFS/ICON/ECMWF),power_model_v1@2026-01-31,,
2026-02-27,2026-02-27T18:00:00+00:00,2026-03-01T14:00:00+00:00,2026-03-01T19:00:00+05:00,44,2,farm,0.0006,0.1384,0.2069,3.15,43.0,0.76,2.0,-8.1,958.2,open-meteo/previous-runs (best_match + GFS/ICON/ECMWF),power_model_v1@2026-01-31,,
2026-02-27,2026-02-27T18:00:00+00:00,2026-03-01T15:00:00+00:00,2026-03-01T20:00:00+05:00,45,2,farm,0.0,0.1357,0.3326,5.04,53.0,1.82,1.5,-7.3,957.6,open-meteo/previous-runs (best_match + GFS/ICON/ECMWF),power_model_v1@2026-01-31,,
2026-02-27,2026-02-27T18:00:00+00:00,2026-03-01T16:00:00+00:00,2026-03-01T21:00:00+05:00,46,2,farm,0.0,0.1561,0.5362,6.88,56.0,2.9,2.3,-6.0,957.1,open-meteo/previous-runs (best_match + GFS/ICON/ECMWF),power_model_v1@2026-01-31,,
2026-02-27,2026-02-27T18:00:00+00:00,2026-03-01T17:00:00+00:00,2026-03-01T22:00:00+05:00,47,2,farm,0.116,0.4796,0.9233,8.19,65.0,4.13,3.5,-4.7,956.4,open-meteo/previous-runs (best_match + GFS/ICON/ECMWF),power_model_v1@2026-01-31,,
2026-02-27,2026-02-27T18:00:00+00:00,2026-03-01T18:00:00+00:00,2026-03-01T23:00:00+05:00,48,2,farm,0.535,0.85,0.9975,8.67,67.0,4.63,9.7,-5.0,956.5,open-meteo/previous-runs (best_match + GFS/ICON/ECMWF),power_model_v1@2026-01-31,,
