time,wind_speed_10m,wind_speed_10m_previous_day1,wind_speed_10m_previous_day2,wind_speed_10m_previous_day3,wind_speed_80m,wind_speed_80m_previous_day1,wind_speed_80m_previous_day2,wind_speed_80m_previous_day3,wind_speed_100m,wind_speed_100m_previous_day1,wind_speed_100m_previous_day2,wind_speed_100m_previous_day3,wind_speed_120m,wind_speed_120m_previous_day1,wind_speed_120m_previous_day2,wind_speed_120m_previous_day3,wind_direction_100m,wind_direction_100m_previous_day1,wind_direction_100m_previous_day2,wind_direction_100m_previous_day3,temperature_2m,temperature_2m_previous_day1,temperature_2m_previous_day2,temperature_2m_previous_day3
2025-11-01 00:00:00,7.96,8.46,9.13,8.79,12.87,13.58,14.68,14.86,13.2,13.93,15.06,15.25,13.48,14.22,15.37,15.56,251,257,260,262,11.7,11.9,12.5,11.2
2025-11-01 01:00:00,6.66,7.26,7.55,8.06,11.03,11.83,12.26,12.96,11.32,12.14,12.58,13.29,11.55,12.39,12.84,13.57,259,261,259,262,11.2,11.0,11.3,11.4
2025-11-01 02:00:00,5.95,6.59,6.88,6.62,9.96,10.64,11.21,10.92,10.22,10.91,11.5,11.2,10.43,11.14,11.74,11.44,274,267,265,264,11.0,10.6,10.8,10.9
2025-11-01 03:00:00,5.82,6.03,6.12,6.15,8.89,9.11,9.37,9.5,9.12,9.34,9.61,9.75,9.31,9.54,9.81,9.95,277,264,267,269,11.4,11.0,11.5,11.8
2025-11-01 04:00:00,5.98,6.28,6.93,6.98,8.57,8.79,9.62,9.66,8.79,9.01,9.87,9.91,8.97,9.2,10.08,10.12,278,267,266,279,11.7,11.3,11.8,12.7
2025-11-01 05:00:00,6.44,6.4,6.85,7.11,8.93,8.93,9.36,9.59,9.16,9.16,9.6,9.84,9.35,9.35,9.8,10.04,279,273,271,283,11.7,11.3,11.6,12.9
2025-11-01 06:00:00,6.63,6.25,7.06,7.14,9.07,8.63,9.56,9.48,9.31,8.85,9.8,9.73,9.5,9.04,10.01,9.93,281,271,268,285,11.5,11.1,11.0,13.2
2025-11-01 07:00:00,6.5,6.3,6.76,7.46,9.02,8.44,9.23,9.88,9.26,8.66,9.47,10.14,9.45,8.83,9.67,10.35,272,272,274,288,10.9,11.3,11.1,13.1
2025-11-01 08:00:00,6.57,5.95,6.42,7.22,8.97,8.0,8.72,9.57,9.2,8.21,8.95,9.82,9.39,8.38,9.14,10.02,269,272,276,290,10.9,10.9,11.1,13.0
2025-11-01 09:00:00,6.3,5.76,5.87,6.83,8.6,7.65,7.98,9.09,8.82,7.85,8.19,9.32,9.01,8.01,8.36,9.52,274,270,276,293,10.4,10.8,10.7,12.6
2025-11-01 10:00:00,5.58,5.52,5.05,5.95,7.74,7.5,6.89,8.09,7.95,7.69,7.07,8.3,8.11,7.85,7.22,8.47,264,264,274,295,9.6,10.5,10.4,11.9
2025-11-01 11:00:00,4.63,4.61,3.87,3.86,6.55,6.84,5.8,6.34,6.72,7.02,5.95,6.5,6.86,7.17,6.07,6.63,240,251,270,293,8.9,9.8,9.9,10.6
2025-11-01 12:00:00,4.36,2.73,2.89,2.93,6.87,5.02,5.57,5.36,7.04,5.15,5.72,5.5,7.19,5.25,5.84,5.62,243,246,258,272,8.5,8.8,8.9,9.3
2025-11-01 13:00:00,3.31,2.08,2.45,1.57,5.56,4.2,4.8,3.95,5.7,4.3,4.92,4.05,5.82,4.39,5.02,4.14,235,239,245,268,7.7,7.5,7.7,7.8
2025-11-01 14:00:00,2.53,1.9,2.14,1.48,4.56,3.61,4.23,2.92,4.68,3.7,4.34,3.0,4.78,3.78,4.43,3.06,221,232,235,246,7.1,6.6,7.1,6.7
2025-11-01 15:00:00,1.86,1.6,2.06,2.0,3.55,3.0,4.12,3.09,3.64,3.08,4.23,3.17,3.72,3.14,4.31,3.24,217,226,230,218,5.9,5.8,6.4,6.2
2025-11-01 16:00:00,1.3,1.15,1.61,1.55,2.21,1.9,3.3,2.63,2.26,1.95,3.39,2.7,2.31,1.99,3.46,2.75,225,228,239,220,4.8,5.0,5.7,5.4
2025-11-01 17:00:00,0.81,1.01,1.4,1.35,0.66,0.94,2.3,2.14,0.67,0.96,2.36,2.2,0.69,0.98,2.41,2.24,228,231,238,221,4.3,4.6,5.0,5.0
2025-11-01 18:00:00,0.93,0.94,0.35,1.13,1.66,0.93,0.9,0.66,1.7,0.95,0.92,0.68,1.74,0.97,0.94,0.69,66,90,315,197,3.9,4.3,4.3,4.0
2025-11-01 19:00:00,1.58,1.31,0.74,1.12,3.18,2.28,1.05,0.83,3.27,2.34,1.08,0.85,3.33,2.39,1.1,0.87,65,79,56,111,3.4,3.5,3.9,3.5
2025-11-01 20:00:00,2.01,2.17,1.45,1.34,4.41,4.47,2.82,1.67,4.52,4.59,2.89,1.72,4.62,4.68,2.95,1.75,72,74,72,82,3.3,3.8,3.5,3.1
2025-11-01 21:00:00,3.7,3.65,2.57,1.7,7.43,7.24,5.72,3.03,7.62,7.43,5.87,3.11,7.78,7.58,5.99,3.17,68,68,70,79,3.6,4.1,3.5,3.0
2025-11-01 22:00:00,3.99,3.72,2.95,3.13,7.76,7.5,6.41,6.56,7.96,7.69,6.58,6.73,8.13,7.85,6.71,6.87,63,65,65,68,3.3,3.6,3.3,3.3
2025-11-01 23:00:00,4.25,4.12,3.56,3.4,8.11,7.87,7.28,6.92,8.32,8.07,7.47,7.1,8.49,8.24,7.63,7.24,62,63,62,66,3.0,3.3,3.1,3.0
2025-11-02 00:00:00,4.44,4.19,4.17,3.62,8.16,7.92,7.89,7.26,8.38,8.12,8.1,7.45,8.55,8.29,8.27,7.6,69,66,65,62,2.9,3.2,3.0,2.5
2025-11-02 01:00:00,3.95,3.95,3.93,3.67,7.58,7.54,7.57,7.22,7.78,7.73,7.76,7.41,7.94,7.89,7.92,7.56,71,71,71,66,2.6,3.2,3.0,2.3
2025-11-02 02:00:00,3.81,3.82,3.92,3.88,7.15,6.94,7.23,7.13,7.34,7.12,7.42,7.32,7.49,7.27,7.57,7.47,75,74,73,68,2.8,3.4,3.3,2.7
2025-11-02 03:00:00,3.76,3.93,3.99,3.92,7.32,6.69,7.23,7.2,7.51,6.87,7.42,7.39,7.66,7.01,7.57,7.54,75,74,73,70,5.2,5.6,5.7,5.3
2025-11-02 04:00:00,4.67,4.73,4.7,4.6,6.81,6.75,6.79,6.49,6.99,6.93,6.96,6.65,7.13,7.07,7.11,6.79,60,59,60,60,8.1,8.6,8.7,8.3
2025-11-02 05:00:00,6.11,6.3,6.19,5.75,8.13,8.29,8.14,7.53,8.34,8.5,8.35,7.72,8.51,8.68,8.52,7.88,54,57,57,57,10.6,11.1,11.3,10.7
2025-11-02 06:00:00,6.66,6.8,6.85,6.28,8.72,8.84,8.95,8.11,8.95,9.07,9.18,8.32,9.13,9.26,9.37,8.49,62,60,61,62,12.7,12.4,12.9,13.0
2025-11-02 07:00:00,6.39,6.7,6.72,6.23,8.25,8.66,8.68,8.02,8.47,8.89,8.91,8.23,8.64,9.07,9.09,8.4,60,61,61,63,13.6,13.6,14.1,14.2
2025-11-02 08:00:00,5.91,6.35,6.38,5.99,7.6,8.14,8.25,7.61,7.8,8.35,8.46,7.81,7.96,8.53,8.63,7.97,58,60,61,62,14.3,14.4,14.8,15.0
2025-11-02 09:00:00,5.37,5.93,5.94,5.85,7.0,7.75,7.82,7.64,7.18,7.95,8.02,7.84,7.33,8.11,8.18,8.0,55,57,58,57,14.4,14.5,15.0,15.0
2025-11-02 10:00:00,4.53,5.24,5.2,5.31,6.3,7.29,7.19,7.31,6.47,7.48,7.37,7.5,6.6,7.64,7.52,7.65,51,52,52,51,13.7,13.8,14.3,14.2
2025-11-02 11:00:00,2.97,3.78,3.65,3.64,6.02,7.02,6.78,6.79,6.18,7.2,6.96,6.97,6.31,7.35,7.1,7.11,53,52,50,51,11.7,12.0,12.3,12.4
2025-11-02 12:00:00,2.56,2.2,2.15,2.35,6.26,5.56,5.49,5.76,6.42,5.7,5.64,5.91,6.55,5.82,5.75,6.03,63,62,63,61,9.5,9.4,9.7,10.2
2025-11-02 13:00:00,1.95,1.75,1.73,1.75,4.95,4.3,4.24,4.18,5.08,4.41,4.35,4.29,5.18,4.5,4.44,4.37,64,70,71,71,8.1,7.7,7.9,8.1
2025-11-02 14:00:00,1.69,1.63,1.73,1.57,4.47,4.02,4.09,3.75,4.59,4.12,4.2,3.84,4.68,4.21,4.28,3.92,61,67,68,69,6.9,6.6,6.8,6.8
2025-11-02 15:00:00,1.71,1.8,1.93,1.75,4.43,4.51,4.7,4.3,4.54,4.63,4.82,4.41,4.63,4.72,4.92,4.5,65,64,67,67,6.4,6.1,6.3,6.2
2025-11-02 16:00:00,1.59,1.98,2.11,1.91,4.05,4.81,4.97,4.78,4.15,4.93,5.1,4.9,4.24,5.03,5.2,5.0,68,67,69,65,5.9,5.8,5.9,5.9
2025-11-02 17:00:00,1.68,1.87,2.04,1.95,4.24,4.86,5.07,4.92,4.35,4.99,5.2,5.05,4.44,5.09,5.31,5.16,67,66,67,69,5.5,5.4,5.6,5.6
2025-11-02 18:00:00,2.06,2.03,2.23,1.83,5.02,5.38,5.59,4.81,5.15,5.52,5.74,4.94,5.26,5.64,5.86,5.04,67,65,67,69,5.4,5.3,5.6,5.4
2025-11-02 19:00:00,2.41,2.12,2.25,1.88,5.73,5.37,5.57,4.77,5.88,5.51,5.72,4.89,6.0,5.62,5.84,4.99,72,66,68,68,5.4,5.1,5.3,5.1
2025-11-02 20:00:00,2.25,2.06,2.26,2.04,5.52,5.26,5.57,4.97,5.66,5.39,5.71,5.1,5.78,5.5,5.83,5.2,69,65,67,69,5.2,4.9,5.0,4.9
2025-11-02 21:00:00,1.99,1.66,1.87,1.88,5.45,4.89,5.17,4.91,5.59,5.01,5.3,5.04,5.71,5.12,5.41,5.14,61,61,64,66,4.8,4.4,4.6,4.5
2025-11-02 22:00:00,1.57,0.36,0.47,0.54,4.8,1.87,2.42,2.53,4.92,1.92,2.48,2.59,5.03,1.96,2.53,2.65,55,62,56,56,4.2,4.0,3.9,3.8
2025-11-02 23:00:00,0.98,2.48,2.26,2.33,1.06,4.09,3.46,3.33,1.09,4.2,3.55,3.41,1.11,4.29,3.62,3.48,164,232,235,235,4.5,4.6,4.8,4.7
2025-11-03 00:00:00,2.87,2.06,2.39,2.2,3.75,3.53,4.06,3.67,3.85,3.62,4.16,3.76,3.93,3.69,4.25,3.84,218,229,241,234,4.3,4.2,4.7,4.1
2025-11-03 01:00:00,1.72,2.56,2.75,2.97,3.45,4.56,4.81,5.41,3.54,4.68,4.93,5.55,3.61,4.78,5.03,5.67,239,250,247,253,4.5,4.4,4.9,4.6
2025-11-03 02:00:00,1.46,2.93,2.42,2.57,2.95,4.69,4.84,4.69,3.02,4.81,4.96,4.81,3.09,4.91,5.07,4.91,214,225,236,237,5.4,5.2,5.7,5.5
2025-11-03 03:00:00,1.68,2.53,2.24,2.9,2.65,4.34,3.6,4.49,2.72,4.45,3.69,4.61,2.78,4.54,3.77,4.7,224,235,242,244,8.4,8.3,8.3,8.2
2025-11-03 04:00:00,1.72,1.45,1.73,3.18,3.23,3.19,2.95,5.05,3.31,3.28,3.03,5.18,3.38,3.35,3.09,5.29,232,249,239,239,11.7,11.0,11.1,11.0
2025-11-03 05:00:00,2.24,1.82,2.24,4.94,2.85,2.35,2.9,6.62,2.92,2.41,2.98,6.8,2.98,2.46,3.04,6.94,232,236,241,248,13.9,13.1,13.9,13.5
2025-11-03 06:00:00,3.32,2.54,3.16,3.74,4.17,3.19,4.05,4.73,4.28,3.28,4.16,4.85,4.37,3.34,4.24,4.95,256,258,267,258,15.6,15.8,15.9,15.3
2025-11-03 07:00:00,4.07,3.32,4.58,4.25,5.2,4.12,5.88,5.42,5.34,4.23,6.04,5.57,5.45,4.31,6.16,5.68,277,291,292,279,16.6,16.7,16.6,16.1
2025-11-03 08:00:00,4.55,3.91,4.7,4.67,5.88,4.88,5.95,5.96,6.03,5.01,6.11,6.11,6.15,5.11,6.23,6.24,286,297,295,285,16.5,16.6,16.5,16.2
2025-11-03 09:00:00,4.29,3.76,4.19,4.3,5.67,4.76,5.4,5.45,5.82,4.88,5.54,5.59,5.94,4.99,5.65,5.71,288,293,290,283,16.3,16.3,16.1,16.1
2025-11-03 10:00:00,3.98,3.56,3.87,3.8,5.62,4.95,5.25,5.13,5.77,5.08,5.39,5.26,5.89,5.18,5.5,5.37,282,276,277,273,15.7,15.5,15.6,15.5
2025-11-03 11:00:00,3.24,3.26,3.4,2.88,6.34,6.34,6.41,5.82,6.5,6.5,6.58,5.97,6.64,6.64,6.71,6.09,271,258,265,256,13.9,13.6,13.9,13.7
2025-11-03 12:00:00,4.21,3.23,2.52,2.84,8.18,6.68,5.84,6.08,8.39,6.85,5.99,6.24,8.57,6.99,6.12,6.37,255,236,243,242,12.2,11.7,11.7,11.5
2025-11-03 13:00:00,4.29,2.81,2.31,3.0,7.92,5.73,4.75,5.62,8.12,5.88,4.87,5.77,8.29,6.0,4.97,5.89,241,222,219,223,11.5,10.6,10.2,10.3
2025-11-03 14:00:00,4.07,2.05,2.1,2.25,8.13,4.16,4.08,4.37,8.34,4.27,4.19,4.48,8.51,4.36,4.27,4.58,238,213,220,211,10.8,8.9,8.8,9.0
2025-11-03 15:00:00,3.45,1.16,1.6,1.22,7.25,2.66,3.86,1.7,7.44,2.73,3.96,1.75,7.59,2.79,4.04,1.78,234,242,242,204,10.4,6.9,7.3,7.6
2025-11-03 16:00:00,2.78,1.63,2.21,0.74,5.92,4.08,5.09,0.66,6.07,4.19,5.22,0.68,6.19,4.28,5.33,0.69,220,253,240,287,9.5,6.3,7.3,6.5
2025-11-03 17:00:00,2.13,1.85,1.19,1.0,4.76,4.39,3.31,2.14,4.88,4.5,3.4,2.2,4.98,4.59,3.47,2.25,223,229,229,269,8.0,6.5,6.6,5.7
2025-11-03 18:00:00,1.7,0.38,0.57,0.39,3.31,0.91,0.49,0.95,3.4,0.93,0.5,0.97,3.47,0.95,0.51,0.99,223,286,276,348,6.8,5.2,5.3,4.8
2025-11-03 19:00:00,1.46,0.32,0.54,0.85,2.96,0.74,0.71,0.62,3.04,0.76,0.73,0.64,3.1,0.78,0.74,0.65,225,302,286,39,6.3,6.0,5.8,5.5
2025-11-03 20:00:00,1.3,0.84,0.75,1.16,3.59,2.71,2.36,2.44,3.68,2.78,2.42,2.5,3.75,2.84,2.47,2.55,239,252,248,250,6.2,6.5,6.6,6.2
2025-11-03 21:00:00,2.34,2.45,2.13,1.84,6.28,6.11,5.46,4.56,6.44,6.27,5.6,4.68,6.57,6.4,5.72,4.78,242,257,250,256,6.9,6.4,7.0,6.3
2025-11-03 22:00:00,4.92,3.22,3.22,3.0,9.49,7.34,7.1,7.15,9.73,7.53,7.29,7.34,9.93,7.69,7.44,7.49,245,256,257,261,8.4,6.3,6.7,6.5
2025-11-03 23:00:00,6.88,4.54,3.67,5.17,11.33,8.83,7.81,9.59,11.62,9.06,8.01,9.83,11.86,9.25,8.18,10.04,251,253,258,256,8.9,6.8,6.3,7.3
2025-11-04 00:00:00,7.1,6.85,3.88,8.11,11.52,11.33,7.82,12.84,11.81,11.62,8.02,13.17,12.06,11.86,8.19,13.44,253,250,254,251,8.4,7.7,6.9,7.5
2025-11-04 01:00:00,8.46,8.35,5.45,7.86,13.18,13.22,9.57,12.18,13.52,13.57,9.82,12.49,13.8,13.85,10.02,12.75,251,249,251,250,7.6,7.3,7.3,6.7
2025-11-04 02:00:00,8.75,9.04,7.21,7.66,13.4,13.78,11.58,11.74,13.75,14.14,11.88,12.05,14.04,14.43,12.12,12.3,248,247,251,251,6.6,6.3,7.1,6.3
2025-11-04 03:00:00,9.07,8.77,8.29,7.36,13.54,13.37,12.54,11.03,13.89,13.71,12.87,11.32,14.18,14.0,13.14,11.55,249,248,249,254,6.4,5.3,6.5,6.1
2025-11-04 04:00:00,8.12,8.32,7.85,6.98,11.9,12.25,11.84,10.22,12.21,12.57,12.15,10.48,12.46,12.83,12.4,10.7,251,251,245,258,6.1,6.0,5.9,6.3
2025-11-04 05:00:00,7.83,7.78,8.13,7.35,11.46,11.37,12.05,10.49,11.75,11.67,12.37,10.77,12.0,11.91,12.62,10.99,257,257,250,264,5.7,5.5,6.3,6.0
2025-11-04 06:00:00,7.2,7.62,7.78,8.09,10.6,10.93,11.24,11.22,10.87,11.21,11.53,11.51,11.1,11.44,11.77,11.75,266,254,256,259,5.9,5.7,6.0,7.3
2025-11-04 07:00:00,6.9,6.94,7.72,9.0,9.73,9.73,10.68,12.43,9.98,9.98,10.95,12.75,10.18,10.19,11.18,13.01,266,259,262,269,6.0,5.8,6.2,7.1
2025-11-04 08:00:00,7.2,6.69,7.8,8.01,9.87,9.19,10.81,11.36,10.12,9.43,11.09,11.65,10.33,9.62,11.32,11.89,266,266,265,270,6.3,6.7,6.4,6.4
2025-11-04 09:00:00,7.75,7.45,8.41,7.86,10.72,10.14,11.6,11.31,11.0,10.4,11.9,11.6,11.23,10.62,12.15,11.84,270,271,269,270,6.7,7.2,6.5,5.9
2025-11-04 10:00:00,7.76,7.75,8.15,8.06,10.82,10.87,11.7,11.7,11.1,11.15,12.0,12.0,11.33,11.38,12.25,12.25,269,271,271,269,6.5,7.0,6.2,5.8
2025-11-04 11:00:00,7.11,7.7,7.25,7.43,10.24,11.13,10.72,10.98,10.5,11.42,11.0,11.27,10.72,11.66,11.23,11.5,269,274,271,267,5.8,6.4,5.4,5.3
2025-11-04 12:00:00,6.1,7.16,6.76,6.54,9.5,10.82,10.43,10.3,9.75,11.1,10.7,10.57,9.95,11.33,10.92,10.79,276,275,271,266,5.2,5.8,5.1,4.4
2025-11-04 13:00:00,5.61,6.66,7.34,6.25,8.87,10.14,11.12,9.95,9.1,10.4,11.41,10.21,9.29,10.62,11.64,10.42,271,271,268,273,5.0,5.3,4.9,4.3
2025-11-04 14:00:00,5.24,6.4,6.73,5.56,8.39,9.76,10.35,9.0,8.61,10.02,10.62,9.23,8.79,10.22,10.84,9.42,267,263,264,280,4.8,5.0,4.6,4.3
2025-11-04 15:00:00,5.47,6.19,6.29,4.96,8.63,9.44,9.83,8.2,8.86,9.68,10.08,8.41,9.04,9.88,10.29,8.58,259,257,259,273,4.5,4.6,4.4,4.3
2025-11-04 16:00:00,5.62,6.33,6.47,4.98,9.15,9.66,10.26,8.03,9.39,9.91,10.53,8.24,9.58,10.12,10.75,8.41,256,252,255,260,4.5,4.6,4.3,4.1
2025-11-04 17:00:00,5.89,7.15,7.11,5.71,9.29,10.77,10.8,9.17,9.54,11.05,11.08,9.4,9.73,11.28,11.31,9.6,260,258,261,260,4.1,4.5,4.1,4.0
2025-11-04 18:00:00,6.61,7.04,6.89,6.66,10.32,10.64,10.39,10.08,10.59,10.91,10.66,10.34,10.81,11.14,10.88,10.55,257,259,256,265,3.6,3.8,3.9,3.5
2025-11-04 19:00:00,5.74,7.01,6.83,6.46,9.43,10.89,10.39,9.75,9.68,11.17,10.66,10.01,9.88,11.41,10.88,10.22,256,254,256,268,3.6,3.0,3.6,3.5
2025-11-04 20:00:00,6.12,6.5,6.53,6.17,9.55,10.35,9.84,9.27,9.8,10.62,10.09,9.52,10.0,10.84,10.3,9.71,259,254,255,267,3.7,2.3,2.8,3.4
2025-11-04 21:00:00,5.43,6.51,6.56,6.09,8.77,9.96,10.17,9.05,9.0,10.22,10.44,9.28,9.19,10.43,10.65,9.48,258,254,252,262,3.7,2.6,2.5,3.2
2025-11-04 22:00:00,4.55,6.72,6.55,6.42,7.85,10.01,10.48,9.76,8.05,10.27,10.75,10.02,8.22,10.49,10.98,10.22,269,254,251,263,3.5,2.5,2.2,2.8
2025-11-04 23:00:00,5.06,6.5,6.48,6.79,8.4,10.87,10.7,10.22,8.62,11.16,10.98,10.49,8.8,11.39,11.2,10.7,280,257,247,263,3.1,2.1,1.9,2.5
2025-11-05 00:00:00,6.23,6.0,6.81,7.43,9.62,9.11,11.18,11.78,9.87,9.35,11.47,12.08,10.07,9.54,11.71,12.33,277,264,254,258,2.4,2.3,1.5,1.9
2025-11-05 01:00:00,6.15,6.39,7.01,6.91,9.26,10.08,12.2,10.86,9.5,10.35,12.52,11.15,9.7,10.56,12.78,11.38,262,262,257,257,1.6,1.6,1.4,1.8
2025-11-05 02:00:00,6.78,6.72,6.91,7.34,10.89,10.3,11.64,11.49,11.18,10.56,11.94,11.79,11.41,10.78,12.19,12.04,263,264,256,254,1.3,1.5,1.7,1.6
2025-11-05 03:00:00,7.57,7.14,7.1,7.51,11.22,11.36,11.39,12.34,11.52,11.65,11.69,12.66,11.75,11.89,11.93,12.92,267,270,261,256,1.5,1.8,2.1,1.5
2025-11-05 04:00:00,7.55,6.97,8.0,8.41,10.72,9.96,11.34,12.05,11.0,10.21,11.63,12.36,11.23,10.43,11.87,12.62,265,267,257,257,2.0,2.2,2.9,2.1
2025-11-05 05:00:00,8.19,8.63,9.09,8.41,11.26,11.83,12.59,11.68,11.55,12.14,12.91,11.99,11.79,12.39,13.18,12.23,278,277,261,257,3.0,3.3,3.5,2.4
2025-11-05 06:00:00,8.44,8.72,9.15,8.6,11.46,11.84,12.6,11.93,11.75,12.15,12.92,12.24,12.0,12.4,13.19,12.49,278,275,266,263,3.5,3.7,3.8,3.1
2025-11-05 07:00:00,8.26,8.52,9.12,8.8,11.09,11.45,12.48,12.12,11.37,11.75,12.8,12.43,11.61,11.99,13.07,12.69,274,275,268,263,2.9,3.9,3.6,3.2
2025-11-05 08:00:00,8.11,8.37,9.37,9.2,11.21,11.32,12.87,12.71,11.5,11.61,13.21,13.04,11.74,11.85,13.48,13.31,269,276,268,263,2.3,4.1,3.2,2.5
2025-11-05 09:00:00,8.66,7.66,9.45,8.35,11.92,10.31,13.11,12.07,12.23,10.58,13.45,12.38,12.48,10.8,13.73,12.64,274,274,271,264,1.4,3.8,2.8,2.2
2025-11-05 10:00:00,7.87,7.19,9.1,7.69,11.27,9.88,12.78,11.03,11.56,10.14,13.11,11.32,11.8,10.34,13.38,11.55,268,261,272,260,0.3,2.4,2.4,2.4
2025-11-05 11:00:00,7.57,6.91,8.15,8.52,10.76,10.04,11.59,12.3,11.04,10.3,11.89,12.62,11.27,10.51,12.13,12.88,257,253,263,264,-0.3,1.3,1.0,1.8
2025-11-05 12:00:00,8.06,7.67,7.33,8.42,11.7,11.37,11.04,12.48,12.0,11.67,11.32,12.81,12.25,11.91,11.56,13.07,269,264,266,260,-0.7,-0.5,0.2,-0.5
2025-11-05 13:00:00,6.44,7.5,7.57,7.92,9.73,11.16,11.0,11.86,9.98,11.45,11.28,12.17,10.19,11.69,11.51,12.42,265,264,277,259,-1.1,-0.9,0.4,-0.7
2025-11-05 14:00:00,5.2,6.69,7.22,7.77,8.42,10.07,10.69,11.82,8.64,10.33,10.97,12.12,8.82,10.54,11.2,12.38,260,266,277,260,-1.7,-1.3,-0.1,-1.2
2025-11-05 15:00:00,5.65,5.85,7.3,7.62,8.97,8.91,10.82,11.51,9.2,9.14,11.1,11.81,9.4,9.33,11.33,12.05,256,260,271,259,-1.6,-1.8,-0.7,-1.3
2025-11-05 16:00:00,5.07,5.46,6.53,7.19,8.77,8.36,9.67,10.79,9.0,8.57,9.92,11.08,9.19,8.75,10.13,11.3,255,257,261,266,-2.1,-2.0,-1.0,-1.2
2025-11-05 17:00:00,4.69,4.99,6.34,6.91,7.79,7.95,9.41,10.52,7.99,8.16,9.65,10.79,8.16,8.33,9.85,11.02,246,248,256,261,-2.1,-2.5,-1.5,-1.3
2025-11-05 18:00:00,3.34,4.99,6.13,5.84,6.11,7.57,8.99,9.21,6.26,7.76,9.22,9.45,6.39,7.92,9.41,9.64,262,251,266,256,-2.3,-1.7,-1.3,-2.1
2025-11-05 19:00:00,3.36,4.27,5.24,5.4,5.77,6.48,7.86,8.62,5.92,6.65,8.06,8.84,6.04,6.79,8.23,9.02,250,254,263,255,-2.6,-1.9,-1.3,-2.3
2025-11-05 20:00:00,3.29,3.5,4.36,4.94,5.39,5.54,6.7,8.09,5.53,5.68,6.87,8.3,5.64,5.8,7.02,8.48,246,254,259,253,-2.1,-2.3,-1.6,-2.7
2025-11-05 21:00:00,2.76,3.11,3.59,4.32,4.55,5.18,5.38,7.14,4.67,5.31,5.52,7.32,4.76,5.42,5.64,7.47,251,256,249,252,-2.2,-2.5,-1.7,-2.7
2025-11-05 22:00:00,1.69,2.19,3.15,3.85,2.68,3.58,4.77,6.88,2.75,3.67,4.9,7.06,2.81,3.74,5.0,7.2,243,253,236,249,-1.9,-2.4,-2.2,-3.1
2025-11-05 23:00:00,1.54,2.01,3.11,3.18,1.77,2.96,4.51,5.89,1.82,3.04,4.63,6.05,1.85,3.1,4.73,6.17,188,213,218,249,-3.0,-3.2,-3.0,-3.7
2025-11-06 00:00:00,1.16,2.5,2.51,3.52,0.94,2.84,3.37,6.24,0.96,2.91,3.46,6.41,0.98,2.97,3.53,6.54,141,168,191,240,-4.1,-6.0,-2.4,-3.8
2025-11-06 01:00:00,0.96,2.7,2.07,3.09,1.28,2.65,2.65,5.39,1.31,2.72,2.72,5.53,1.34,2.78,2.77,5.64,130,160,167,229,-6.2,-6.2,-3.5,-3.9
2025-11-06 02:00:00,1.07,2.8,2.15,2.75,1.37,2.51,2.83,4.29,1.4,2.57,2.9,4.4,1.43,2.63,2.96,4.5,125,156,148,219,-4.8,-5.6,-3.8,-4.1
2025-11-06 03:00:00,1.53,2.15,2.73,2.38,2.12,2.23,3.18,2.96,2.17,2.29,3.26,3.04,2.22,2.34,3.33,3.1,142,148,139,213,-3.3,-3.9,-1.5,-2.1
2025-11-06 04:00:00,1.23,1.32,2.24,0.93,2.44,2.12,2.81,1.04,2.51,2.18,2.89,1.06,2.56,2.23,2.94,1.09,113,127,118,229,-1.0,-1.3,0.4,-0.4
2025-11-06 05:00:00,2.33,1.07,2.98,0.53,3.87,2.18,3.63,0.52,3.97,2.24,3.72,0.53,4.06,2.28,3.8,0.54,69,80,68,311,0.2,0.4,1.6,0.9
2025-11-06 06:00:00,4.14,3.09,3.0,2.82,5.26,3.71,3.62,3.38,5.4,3.81,3.71,3.46,5.51,3.89,3.79,3.53,67,67,63,72,1.2,1.1,2.2,2.0
2025-11-06 07:00:00,3.78,3.7,3.47,3.56,5.79,4.56,4.25,4.32,5.94,4.68,4.36,4.43,6.07,4.78,4.45,4.52,68,70,63,66,1.6,2.2,2.8,2.8
2025-11-06 08:00:00,4.56,4.23,3.82,3.89,5.78,5.34,4.73,4.82,5.93,5.48,4.86,4.94,6.05,5.59,4.96,5.04,66,63,61,64,2.1,2.2,3.0,3.5
2025-11-06 09:00:00,4.72,4.25,4.11,4.21,6.11,5.43,5.23,5.32,6.26,5.57,5.37,5.46,6.39,5.69,5.48,5.57,61,66,56,64,2.2,2.5,3.3,3.8
2025-11-06 10:00:00,4.26,3.89,4.0,4.43,6.0,5.3,5.22,5.91,6.16,5.44,5.36,6.07,6.29,5.56,5.47,6.19,60,67,68,66,2.0,2.3,3.2,3.5
2025-11-06 11:00:00,3.78,3.46,3.98,4.14,6.07,5.48,6.14,6.63,6.23,5.62,6.3,6.8,6.36,5.74,6.43,6.94,57,66,67,66,1.0,1.4,2.5,2.3
2025-11-06 12:00:00,3.36,3.5,3.26,3.76,6.69,6.29,6.3,6.97,6.87,6.45,6.46,7.15,7.01,6.58,6.6,7.3,65,76,68,70,-0.1,0.3,0.4,0.4
2025-11-06 13:00:00,3.32,3.64,3.39,3.68,5.89,6.49,6.37,7.04,6.04,6.66,6.53,7.23,6.17,6.79,6.67,7.38,71,71,70,70,-0.3,-0.7,-0.3,-1.0
2025-11-06 14:00:00,2.85,3.17,2.85,3.25,4.97,5.68,5.35,6.16,5.1,5.83,5.49,6.32,5.2,5.95,5.6,6.46,69,68,71,72,-0.3,-1.0,-0.9,-1.6
2025-11-06 15:00:00,2.2,2.04,2.14,2.83,4.0,3.75,4.25,5.4,4.1,3.85,4.36,5.54,4.19,3.92,4.45,5.65,74,77,72,73,-0.8,-1.5,-1.6,-2.9
2025-11-06 16:00:00,1.75,1.7,1.68,2.48,3.18,2.64,3.04,4.71,3.26,2.71,3.11,4.83,3.33,2.76,3.18,4.93,86,94,84,79,-2.0,-2.6,-2.9,-4.1
2025-11-06 17:00:00,1.92,1.86,1.79,2.35,2.38,1.93,2.18,3.91,2.44,1.98,2.24,4.01,2.49,2.02,2.28,4.09,105,106,100,86,-3.3,-4.4,-4.2,-4.8
2025-11-06 18:00:00,2.4,2.18,2.06,2.15,2.59,2.3,2.39,3.64,2.66,2.35,2.45,3.73,2.71,2.4,2.51,3.81,106,94,94,72,-4.5,-5.7,-5.1,-5.2
2025-11-06 19:00:00,2.66,2.41,2.16,2.29,3.79,3.1,2.92,4.1,3.89,3.18,3.0,4.21,3.97,3.25,3.06,4.29,82,82,79,70,-5.2,-6.1,-5.6,-5.0
2025-11-06 20:00:00,2.79,2.7,2.3,2.4,4.3,4.11,3.42,4.61,4.41,4.22,3.51,4.73,4.51,4.31,3.58,4.82,80,76,79,67,-5.2,-5.9,-5.8,-4.8
2025-11-06 21:00:00,2.92,2.65,2.33,2.53,4.69,4.35,3.55,5.08,4.82,4.46,3.64,5.21,4.92,4.56,3.72,5.32,77,74,81,64,-5.2,-5.9,-5.9,-4.9
2025-11-06 22:00:00,3.28,2.85,2.45,2.67,5.8,5.15,3.8,5.43,5.95,5.29,3.89,5.57,6.07,5.39,3.97,5.68,70,67,77,64,-4.3,-5.6,-6.1,-4.9
2025-11-06 23:00:00,3.8,2.95,2.8,3.16,6.89,5.67,4.94,6.08,7.07,5.82,5.07,6.24,7.21,5.94,5.17,6.37,65,66,68,62,-3.8,-5.3,-5.8,-4.7
2025-11-07 00:00:00,4.17,3.4,2.61,3.58,7.74,6.66,6.22,6.58,7.94,6.83,6.38,6.76,8.1,6.98,6.51,6.9,63,60,60,62,-4.2,-4.5,-5.3,-3.0
2025-11-07 01:00:00,4.43,3.66,3.05,3.93,8.23,7.13,7.0,7.31,8.45,7.32,7.18,7.5,8.62,7.47,7.33,7.66,57,61,59,60,-4.7,-4.3,-5.2,-3.0
2025-11-07 02:00:00,4.94,4.34,3.41,4.07,8.53,7.73,7.31,7.49,8.75,7.93,7.5,7.68,8.93,8.1,7.65,7.84,66,60,61,60,-4.0,-4.1,-4.8,-3.0
2025-11-07 03:00:00,5.48,4.95,3.88,4.47,8.71,7.92,7.47,7.52,8.93,8.13,7.66,7.71,9.12,8.3,7.82,7.87,71,60,60,56,-2.0,-2.3,-3.4,-1.0
2025-11-07 04:00:00,5.82,5.28,4.05,5.59,8.66,8.18,7.76,8.01,8.89,8.39,7.96,8.22,9.07,8.57,8.13,8.39,71,61,62,58,0.5,0.6,-0.2,1.7
2025-11-07 05:00:00,6.66,6.26,5.42,6.13,8.96,8.46,8.43,8.26,9.19,8.68,8.65,8.48,9.38,8.86,8.83,8.65,73,65,63,62,2.1,2.4,1.4,3.2
2025-11-07 06:00:00,7.03,6.55,6.35,6.52,9.46,8.65,8.46,8.6,9.7,8.87,8.68,8.82,9.9,9.05,8.86,9.0,77,67,64,57,3.5,3.7,2.9,4.3
2025-11-07 07:00:00,6.96,6.72,6.44,6.46,9.19,8.83,8.51,8.42,9.42,9.06,8.73,8.63,9.62,9.25,8.91,8.81,71,68,66,59,3.9,3.8,3.6,5.2
2025-11-07 08:00:00,6.75,6.17,6.09,6.23,9.02,8.13,8.05,8.13,9.25,8.34,8.26,8.34,9.44,8.51,8.43,8.52,72,69,69,62,4.4,4.3,4.2,5.6
2025-11-07 09:00:00,6.29,5.69,5.56,5.93,8.57,7.62,7.4,7.78,8.79,7.82,7.6,7.98,8.98,7.98,7.75,8.15,73,69,69,64,4.5,4.5,4.7,5.8
2025-11-07 10:00:00,5.5,5.45,5.35,5.59,8.24,7.89,7.74,7.74,8.45,8.1,7.94,7.94,8.63,8.27,8.1,8.11,75,73,73,65,3.8,3.9,3.7,5.0
2025-11-07 11:00:00,4.49,4.7,4.62,4.87,7.94,7.92,7.73,8.03,8.15,8.13,7.93,8.24,8.31,8.3,8.1,8.41,73,72,75,71,1.9,2.2,1.8,3.3
2025-11-07 12:00:00,4.66,4.38,4.0,4.62,8.38,8.0,7.42,8.11,8.6,8.21,7.62,8.32,8.78,8.38,7.77,8.5,79,73,76,74,0.3,0.3,-0.6,-0.2
2025-11-07 13:00:00,4.2,4.15,3.98,4.31,7.95,7.66,7.4,7.81,8.15,7.86,7.59,8.02,8.32,8.02,7.75,8.18,74,75,76,77,-1.1,-1.1,-1.9,-1.6
2025-11-07 14:00:00,3.93,4.26,4.13,4.41,7.54,7.93,7.73,7.98,7.73,8.13,7.93,8.19,7.89,8.3,8.1,8.36,73,74,75,75,-1.5,-1.5,-2.1,-2.0
2025-11-07 15:00:00,3.17,3.92,3.94,4.24,6.25,7.39,7.4,7.65,6.41,7.58,7.59,7.85,6.54,7.74,7.75,8.01,74,74,76,76,-1.7,-1.3,-2.2,-2.3
2025-11-07 16:00:00,2.66,3.18,3.47,3.91,5.13,6.23,6.7,7.03,5.27,6.39,6.88,7.21,5.38,6.52,7.02,7.36,78,76,75,78,-2.2,-1.5,-2.4,-2.7
2025-11-07 17:00:00,2.64,2.71,3.1,3.58,4.71,5.22,5.99,6.54,4.83,5.35,6.15,6.71,4.93,5.46,6.28,6.85,79,79,75,78,-2.3,-1.8,-2.8,-2.9
2025-11-07 18:00:00,2.53,2.62,2.93,3.48,5.04,4.85,5.58,6.52,5.17,4.97,5.72,6.69,5.28,5.08,5.84,6.83,71,77,76,73,-1.9,-1.7,-2.7,-2.9
2025-11-07 19:00:00,2.73,2.63,2.85,3.41,4.87,4.81,5.46,6.55,5.0,4.94,5.6,6.72,5.1,5.04,5.71,6.86,76,74,71,71,-1.6,-1.6,-2.7,-3.0
2025-11-07 20:00:00,2.44,2.69,2.83,3.4,4.54,5.19,5.56,6.55,4.66,5.32,5.7,6.72,4.75,5.43,5.82,6.86,75,68,68,70,-2.0,-1.5,-2.8,-3.3
2025-11-07 21:00:00,2.33,2.67,2.75,3.27,4.42,5.22,5.56,6.4,4.54,5.36,5.71,6.57,4.63,5.47,5.82,6.7,71,68,66,67,-2.4,-1.4,-2.7,-3.5
2025-11-07 22:00:00,2.33,2.44,2.48,3.1,4.77,5.04,5.19,6.13,4.89,5.17,5.32,6.29,4.99,5.28,5.43,6.42,68,65,64,66,-2.9,-1.5,-2.8,-3.7
2025-11-07 23:00:00,2.3,2.37,2.17,2.85,4.93,4.97,4.79,5.84,5.06,5.1,4.92,6.0,5.16,5.21,5.02,6.12,65,66,63,65,-2.6,-1.5,-2.7,-3.9
2025-11-08 00:00:00,2.8,2.39,2.02,2.61,5.99,4.95,4.53,5.49,6.15,5.08,4.65,5.64,6.28,5.18,4.75,5.75,62,65,65,63,-2.5,-3.0,-1.7,-4.2
2025-11-08 01:00:00,2.93,2.24,2.07,2.47,6.08,5.07,4.77,5.41,6.24,5.2,4.9,5.55,6.37,5.3,5.0,5.67,64,60,63,61,-2.9,-2.9,-1.7,-4.0
2025-11-08 02:00:00,3.04,2.52,2.38,2.61,6.15,5.36,5.42,5.45,6.31,5.5,5.56,5.59,6.44,5.61,5.67,5.71,63,64,60,61,-2.8,-2.3,-1.3,-3.4
2025-11-08 03:00:00,3.4,3.0,3.39,3.03,6.22,5.34,6.03,5.48,6.38,5.48,6.19,5.62,6.51,5.59,6.31,5.74,58,62,57,61,-0.4,-0.5,1.0,-1.1
2025-11-08 04:00:00,3.65,3.48,3.45,3.26,6.18,6.24,6.08,5.58,6.34,6.41,6.23,5.73,6.47,6.54,6.36,5.85,56,56,59,58,3.3,2.5,3.5,2.4
2025-11-08 05:00:00,4.04,3.9,3.72,4.15,5.69,5.65,5.3,6.02,5.84,5.8,5.44,6.18,5.96,5.92,5.55,6.31,56,56,56,53,5.2,5.3,5.0,4.7
2025-11-08 06:00:00,5.15,4.35,4.28,4.77,6.96,5.81,5.69,6.37,7.14,5.96,5.84,6.53,7.29,6.09,5.96,6.67,60,55,54,57,7.7,6.3,6.4,6.3
2025-11-08 07:00:00,4.9,4.63,4.56,4.53,6.44,6.04,6.01,5.91,6.6,6.2,6.16,6.06,6.74,6.33,6.29,6.19,58,55,54,58,8.6,7.4,7.5,7.4
2025-11-08 08:00:00,4.7,4.28,4.53,4.17,6.16,5.61,5.99,5.5,6.32,5.76,6.14,5.64,6.45,5.87,6.27,5.76,57,56,55,55,8.7,7.9,8.1,8.3
2025-11-08 09:00:00,3.8,3.91,4.3,3.98,5.19,5.38,5.83,5.3,5.33,5.52,5.98,5.44,5.44,5.64,6.1,5.55,58,55,54,54,8.5,8.0,8.3,8.9
2025-11-08 10:00:00,3.13,3.09,3.79,3.41,4.97,5.27,5.69,5.07,5.1,5.41,5.84,5.2,5.21,5.52,5.96,5.31,57,58,56,57,7.5,7.1,7.6,7.5
2025-11-08 11:00:00,1.97,2.15,2.15,1.99,4.61,5.0,5.09,4.64,4.73,5.13,5.22,4.76,4.83,5.23,5.33,4.86,59,60,60,62,4.4,4.3,5.4,4.9
2025-11-08 12:00:00,1.76,1.65,1.42,1.36,4.49,4.04,4.08,3.84,4.61,4.14,4.18,3.94,4.71,4.23,4.27,4.02,66,72,64,64,3.1,3.3,3.2,3.2
2025-11-08 13:00:00,1.47,1.19,1.26,1.26,3.84,2.74,3.45,3.44,3.94,2.81,3.54,3.53,4.02,2.87,3.62,3.6,70,78,71,72,2.5,2.6,2.6,2.7
2025-11-08 14:00:00,1.26,1.12,1.32,1.45,3.3,2.59,3.21,3.65,3.39,2.66,3.29,3.75,3.46,2.71,3.36,3.82,74,74,73,71,2.3,2.3,2.1,2.0
2025-11-08 15:00:00,1.31,1.33,1.24,1.68,3.2,3.19,3.1,4.02,3.29,3.27,3.18,4.12,3.35,3.34,3.24,4.21,77,71,77,76,2.1,2.1,1.6,1.4
2025-11-08 16:00:00,0.98,1.58,1.37,1.58,2.62,3.68,3.31,3.66,2.69,3.78,3.4,3.76,2.75,3.86,3.47,3.84,75,72,73,76,2.4,1.7,1.7,1.3
2025-11-08 17:00:00,1.14,1.54,1.24,1.7,2.79,3.5,3.01,4.08,2.87,3.59,3.09,4.19,2.93,3.66,3.15,4.28,84,77,81,73,2.4,1.9,1.9,1.4
2025-11-08 18:00:00,1.38,1.69,1.26,1.7,2.92,3.84,2.97,4.0,3.0,3.94,3.05,4.1,3.06,4.02,3.11,4.19,90,72,80,74,2.4,1.7,2.1,1.5
2025-11-08 19:00:00,1.55,1.63,1.4,1.87,3.84,3.96,3.24,4.49,3.94,4.07,3.32,4.61,4.02,4.15,3.39,4.7,72,69,78,69,2.4,1.5,2.1,1.4
2025-11-08 20:00:00,1.61,1.49,1.4,1.91,4.19,3.68,3.33,4.59,4.3,3.78,3.41,4.71,4.39,3.85,3.48,4.81,70,79,79,71,2.2,1.2,2.0,1.2
2025-11-08 21:00:00,1.31,1.41,1.55,1.75,3.62,2.89,3.54,4.21,3.71,2.97,3.63,4.32,3.79,3.03,3.7,4.41,76,84,78,74,1.6,1.0,1.9,1.0
2025-11-08 22:00:00,1.1,1.46,1.8,1.91,2.79,2.97,4.0,4.46,2.87,3.04,4.1,4.57,2.93,3.11,4.19,4.67,84,76,74,70,1.5,0.8,1.6,0.8
2025-11-08 23:00:00,1.25,1.66,1.96,2.0,2.4,3.51,4.39,4.69,2.46,3.6,4.51,4.82,2.51,3.68,4.6,4.91,95,76,73,75,1.5,0.8,1.3,0.7
2025-11-09 00:00:00,1.1,1.7,1.84,1.8,2.28,3.77,4.24,3.91,2.34,3.86,4.35,4.01,2.39,3.94,4.44,4.1,79,80,75,76,2.6,0.1,0.6,1.0
2025-11-09 01:00:00,1.49,1.79,1.83,1.9,2.72,3.88,4.44,4.4,2.79,3.98,4.55,4.51,2.85,4.06,4.65,4.61,105,78,73,75,1.8,-0.2,-0.1,0.5
2025-11-09 02:00:00,1.57,2.2,2.07,2.31,2.8,4.65,4.65,4.96,2.87,4.78,4.78,5.09,2.93,4.87,4.87,5.2,83,72,72,70,1.3,-0.2,-0.2,-0.1
2025-11-09 03:00:00,2.41,3.26,2.75,3.32,4.48,5.46,4.81,5.57,4.6,5.6,4.94,5.72,4.69,5.72,5.04,5.84,68,70,69,68,3.1,1.5,1.7,1.5
2025-11-09 04:00:00,2.95,3.69,3.28,3.7,4.89,5.99,5.36,6.04,5.02,6.15,5.5,6.19,5.12,6.28,5.62,6.32,70,63,65,64,5.4,4.1,4.3,4.3
2025-11-09 05:00:00,3.43,4.01,3.62,4.06,4.75,5.88,5.17,5.9,4.88,6.03,5.3,6.05,4.98,6.15,5.41,6.18,62,60,61,59,7.0,5.8,5.9,5.9
2025-11-09 06:00:00,4.53,4.47,4.46,4.32,5.95,5.92,5.89,5.79,6.1,6.07,6.05,5.94,6.23,6.2,6.17,6.06,57,57,56,56,8.0,7.4,6.9,7.3
2025-11-09 07:00:00,4.83,4.95,4.97,5.01,6.3,6.54,6.62,6.62,6.47,6.71,6.79,6.79,6.6,6.85,6.93,6.93,58,55,53,53,9.2,8.8,8.5,8.4
2025-11-09 08:00:00,4.94,5.15,5.0,5.17,6.54,6.89,6.75,7.01,6.71,7.07,6.92,7.19,6.85,7.22,7.06,7.34,57,53,53,52,9.7,9.0,8.8,9.2
2025-11-09 09:00:00,4.88,5.1,4.81,5.0,6.68,7.04,6.65,6.94,6.86,7.22,6.82,7.12,7.0,7.37,6.96,7.27,51,51,50,52,9.4,9.0,8.8,9.3
2025-11-09 10:00:00,4.58,4.54,4.36,4.07,7.29,7.41,7.13,6.68,7.48,7.6,7.31,6.85,7.63,7.76,7.46,6.99,55,55,54,53,8.5,8.1,7.9,8.6
2025-11-09 11:00:00,3.27,3.29,3.05,2.54,6.79,6.9,6.67,6.01,6.96,7.08,6.84,6.17,7.11,7.23,6.98,6.3,60,59,59,57,6.5,6.1,5.9,6.3
2025-11-09 12:00:00,2.58,2.06,2.21,2.01,6.29,5.36,5.58,4.9,6.46,5.5,5.73,5.03,6.59,5.61,5.84,5.14,59,63,62,62,5.4,4.2,4.0,3.9
2025-11-09 13:00:00,1.86,1.62,1.88,1.84,5.19,4.28,4.88,4.64,5.32,4.39,5.01,4.76,5.43,4.48,5.11,4.86,62,67,63,62,4.8,3.1,2.4,2.8
2025-11-09 14:00:00,1.19,1.68,1.77,1.73,3.53,4.38,4.62,4.6,3.62,4.49,4.74,4.72,3.7,4.59,4.84,4.82,64,64,62,63,3.1,2.0,1.5,1.7
2025-11-09 15:00:00,1.17,1.54,1.39,1.65,3.12,4.03,4.03,4.29,3.2,4.14,4.14,4.4,3.27,4.22,4.22,4.49,67,63,63,73,2.1,1.0,0.4,1.1
2025-11-09 16:00:00,0.93,1.2,0.96,1.31,2.41,3.34,2.69,3.37,2.47,3.42,2.76,3.46,2.52,3.49,2.81,3.53,69,65,68,76,1.6,0.4,0.0,0.1
2025-11-09 17:00:00,0.92,0.9,0.92,1.49,1.22,2.3,1.8,3.02,1.25,2.36,1.84,3.1,1.28,2.41,1.88,3.17,92,69,77,92,1.3,0.1,-0.2,0.9
2025-11-09 18:00:00,1.3,1.15,0.87,1.28,1.92,2.36,0.84,2.54,1.97,2.42,0.86,2.6,2.01,2.47,0.88,2.66,114,83,100,93,2.0,0.5,-0.1,0.3
2025-11-09 19:00:00,1.57,1.3,1.14,1.31,2.11,2.11,1.42,2.34,2.17,2.16,1.46,2.4,2.21,2.21,1.49,2.45,109,97,112,90,1.5,0.5,0.2,1.1
2025-11-09 20:00:00,1.35,1.51,1.12,0.92,2.32,2.1,1.35,2.24,2.38,2.16,1.38,2.3,2.43,2.2,1.41,2.35,82,103,131,88,1.8,0.4,0.4,2.1
2025-11-09 21:00:00,1.56,1.34,0.97,1.0,2.95,2.42,0.94,2.56,3.03,2.48,0.96,2.62,3.09,2.53,0.98,2.68,82,81,141,82,2.0,0.6,0.5,2.6
2025-11-09 22:00:00,2.09,1.63,0.63,0.97,3.61,3.28,1.07,2.44,3.71,3.36,1.1,2.51,3.78,3.43,1.12,2.56,87,79,156,95,1.4,0.7,2.4,2.9
2025-11-09 23:00:00,2.22,1.67,0.43,0.97,4.38,3.7,1.1,2.16,4.49,3.8,1.12,2.22,4.59,3.88,1.15,2.27,73,74,148,104,0.4,0.0,3.1,2.9
2025-11-10 00:00:00,2.44,2.1,1.07,0.74,5.06,4.86,1.05,0.93,5.19,4.98,1.07,0.96,5.3,5.08,1.1,0.98,74,71,118,186,0.1,-0.5,0.8,2.5
2025-11-10 01:00:00,2.5,1.75,1.16,1.25,5.68,4.07,0.92,1.9,5.83,4.18,0.94,1.95,5.95,4.26,0.96,1.99,68,79,212,222,0.1,-0.7,0.2,2.4
2025-11-10 02:00:00,1.87,1.42,2.45,1.7,4.23,3.44,3.51,2.81,4.34,3.53,3.61,2.89,4.42,3.6,3.68,2.94,83,78,225,242,0.3,-0.7,0.9,3.1
2025-11-10 03:00:00,1.03,2.73,1.97,3.4,2.16,3.33,3.74,5.45,2.22,3.42,3.83,5.59,2.27,3.49,3.91,5.71,82,252,248,263,2.6,2.4,3.8,4.7
2025-11-10 04:00:00,3.62,3.61,2.99,4.29,5.5,5.5,5.18,7.69,5.64,5.64,5.31,7.89,5.76,5.76,5.42,8.06,246,235,261,256,4.9,4.3,5.5,5.8
2025-11-10 05:00:00,2.88,2.8,3.57,4.9,4.32,3.77,4.76,7.31,4.43,3.87,4.89,7.5,4.52,3.95,4.99,7.65,245,237,256,246,7.4,7.2,7.9,7.4
2025-11-10 06:00:00,4.45,2.8,4.16,4.65,5.7,3.58,5.36,6.59,5.85,3.68,5.49,6.76,5.97,3.75,5.61,6.9,271,258,255,262,8.8,9.1,8.7,6.9
2025-11-10 07:00:00,4.46,3.69,4.07,5.31,5.76,4.59,5.23,7.15,5.91,4.71,5.37,7.34,6.04,4.81,5.48,7.49,266,261,265,255,9.9,10.2,9.2,7.3
2025-11-10 08:00:00,5.41,4.85,5.5,4.21,7.41,6.38,7.61,5.58,7.6,6.55,7.81,5.73,7.76,6.69,7.97,5.85,283,271,292,258,10.1,10.2,8.7,7.5
2025-11-10 09:00:00,5.15,5.8,5.16,3.07,7.54,8.79,7.65,3.99,7.73,9.02,7.85,4.09,7.89,9.2,8.01,4.17,292,292,291,258,9.4,9.4,7.6,7.8
2025-11-10 10:00:00,4.75,5.46,4.92,2.29,7.24,8.18,7.34,3.43,7.43,8.4,7.53,3.52,7.59,8.57,7.69,3.59,288,300,291,259,8.4,8.2,7.1,7.4
2025-11-10 11:00:00,4.33,4.4,3.48,1.03,7.15,7.2,6.15,2.47,7.33,7.38,6.31,2.53,7.48,7.54,6.44,2.59,279,295,285,255,7.0,6.6,5.5,5.7
2025-11-10 12:00:00,2.0,2.85,2.0,1.98,4.78,5.28,5.02,4.29,4.9,5.42,5.15,4.4,5.0,5.53,5.26,4.49,271,261,262,258,4.6,5.2,4.4,3.9
2025-11-10 13:00:00,1.55,3.11,2.39,2.24,2.87,5.38,5.32,3.62,2.94,5.52,5.46,3.72,3.0,5.63,5.57,3.79,252,236,273,241,4.8,3.5,4.0,3.8
2025-11-10 14:00:00,1.45,2.39,1.33,2.38,2.47,4.64,3.45,3.48,2.53,4.76,3.54,3.57,2.58,4.86,3.61,3.64,252,251,293,226,4.3,3.4,3.6,3.6
2025-11-10 15:00:00,2.76,2.24,2.42,2.3,3.84,4.07,3.59,3.38,3.94,4.17,3.68,3.46,4.02,4.26,3.75,3.53,237,264,239,198,4.0,3.5,3.4,3.2
2025-11-10 16:00:00,3.46,2.96,2.62,2.21,4.87,4.0,3.84,3.1,5.0,4.1,3.94,3.18,5.1,4.19,4.02,3.25,217,226,206,188,3.6,3.2,3.1,3.1
2025-11-10 17:00:00,3.3,2.71,2.13,1.66,5.15,3.89,3.27,1.97,5.29,3.99,3.36,2.02,5.4,4.08,3.43,2.06,193,202,195,189,3.5,2.9,3.3,1.1
2025-11-10 18:00:00,3.11,2.53,2.07,2.21,4.31,3.54,3.22,2.83,4.42,3.64,3.3,2.9,4.51,3.71,3.37,2.96,190,198,198,182,3.2,2.2,2.2,0.9
2025-11-10 19:00:00,2.22,2.62,2.32,1.6,2.55,3.48,2.96,1.59,2.61,3.57,3.04,1.63,2.67,3.64,3.1,1.66,185,202,200,169,3.2,1.8,1.1,-0.2
2025-11-10 20:00:00,1.2,2.26,2.09,1.5,0.85,2.79,2.27,1.16,0.87,2.86,2.33,1.19,0.89,2.92,2.37,1.21,156,196,189,112,2.2,0.4,-0.4,-0.6
2025-11-10 21:00:00,0.63,1.86,1.53,1.29,1.03,1.85,1.18,2.29,1.06,1.9,1.21,2.35,1.08,1.94,1.23,2.4,45,182,156,61,1.5,-1.0,-1.3,-1.2
2025-11-10 22:00:00,1.45,1.15,1.1,1.95,2.11,0.7,1.65,3.59,2.17,0.72,1.69,3.69,2.21,0.73,1.73,3.76,71,115,56,77,1.6,-1.6,-1.3,-1.1
2025-11-10 23:00:00,1.84,1.1,1.59,2.61,2.83,2.11,2.84,5.33,2.91,2.16,2.91,5.47,2.97,2.21,2.97,5.58,86,56,74,72,1.1,-0.9,-1.0,-0.6
2025-11-11 00:00:00,2.42,2.23,2.09,2.85,4.56,4.22,4.16,5.72,4.68,4.33,4.27,5.87,4.78,4.42,4.36,5.99,72,76,76,71,0.4,-0.7,-0.9,-0.8
2025-11-11 01:00:00,3.31,3.26,3.35,3.06,6.59,6.53,6.73,6.05,6.76,6.69,6.9,6.21,6.9,6.83,7.04,6.34,66,69,67,68,-0.1,-0.6,-0.6,-1.1
2025-11-11 02:00:00,3.83,3.75,3.67,3.6,7.21,7.18,6.93,6.85,7.4,7.36,7.11,7.03,7.55,7.52,7.26,7.18,64,68,65,67,-0.1,-0.7,-1.2,-1.2
2025-11-11 03:00:00,4.24,4.57,4.21,4.09,7.36,7.34,7.61,7.15,7.55,7.54,7.81,7.33,7.71,7.69,7.97,7.49,59,64,65,63,1.6,1.3,0.5,0.7
2025-11-11 04:00:00,4.61,4.73,4.55,4.7,6.69,6.86,6.83,7.1,6.86,7.03,7.01,7.29,7.0,7.18,7.15,7.44,59,58,58,59,4.1,3.5,2.8,3.4
2025-11-11 05:00:00,5.69,5.68,5.57,5.8,7.49,7.61,7.49,7.83,7.69,7.81,7.68,8.03,7.84,7.97,7.84,8.2,58,56,55,56,6.0,5.1,4.5,5.1
2025-11-11 06:00:00,6.18,6.35,6.26,6.56,8.04,8.41,8.25,8.66,8.25,8.63,8.46,8.89,8.42,8.81,8.64,9.07,63,55,55,57,7.9,6.5,6.0,6.2
2025-11-11 07:00:00,6.13,6.6,6.72,6.45,7.88,8.61,8.85,8.47,8.08,8.84,9.08,8.69,8.25,9.02,9.27,8.87,61,55,54,58,8.8,7.8,7.1,7.3
2025-11-11 08:00:00,6.02,6.47,6.69,6.13,7.85,8.46,8.85,7.99,8.05,8.68,9.08,8.2,8.22,8.86,9.27,8.37,59,56,56,60,9.1,8.3,8.0,8.0
2025-11-11 09:00:00,5.71,5.95,6.32,5.69,7.49,7.91,8.43,7.52,7.68,8.11,8.64,7.72,7.84,8.28,8.82,7.88,60,58,58,62,9.2,8.4,8.2,8.2
2025-11-11 10:00:00,5.04,5.16,5.64,5.04,6.98,7.17,7.94,6.93,7.16,7.35,8.15,7.11,7.31,7.5,8.31,7.26,61,57,59,63,8.8,8.1,7.8,7.7
2025-11-11 11:00:00,3.59,3.72,4.24,3.67,6.65,6.9,7.49,6.59,6.82,7.08,7.68,6.76,6.96,7.22,7.84,6.9,62,58,60,66,7.1,6.4,6.1,5.9
2025-11-11 12:00:00,3.22,2.72,2.84,2.87,6.44,5.96,6.07,5.99,6.61,6.12,6.22,6.15,6.75,6.25,6.35,6.27,72,67,66,68,5.1,4.6,4.3,4.0
2025-11-11 13:00:00,2.72,2.29,2.42,2.47,5.47,4.98,5.27,5.17,5.61,5.11,5.41,5.3,5.72,5.21,5.52,5.41,79,76,74,74,3.9,2.8,2.4,2.0
2025-11-11 14:00:00,2.62,2.36,2.42,2.44,4.96,4.68,4.98,4.79,5.09,4.81,5.11,4.91,5.2,4.9,5.21,5.01,83,78,76,75,2.4,1.3,1.0,0.5
2025-11-11 15:00:00,2.57,2.51,2.69,2.48,4.75,4.94,5.24,5.0,4.88,5.07,5.37,5.13,4.98,5.18,5.49,5.24,84,77,78,75,1.5,0.8,0.3,0.0
2025-11-11 16:00:00,2.57,2.45,2.74,2.49,4.77,4.95,5.31,5.13,4.89,5.08,5.45,5.27,4.99,5.19,5.56,5.38,79,75,79,73,1.0,0.5,-0.2,-0.4
2025-11-11 17:00:00,3.03,2.5,2.8,2.4,5.24,5.15,5.36,4.99,5.38,5.28,5.5,5.12,5.49,5.39,5.61,5.23,80,73,79,73,1.1,0.1,-0.4,-0.7
2025-11-11 18:00:00,3.35,2.56,3.01,2.46,5.73,5.41,5.92,5.1,5.88,5.55,6.08,5.23,6.0,5.66,6.2,5.34,84,71,76,77,1.2,-0.2,-0.2,-0.8
2025-11-11 19:00:00,3.2,2.75,3.1,2.42,5.56,5.66,6.11,4.85,5.7,5.8,6.27,4.97,5.82,5.92,6.4,5.08,82,71,77,77,1.2,-0.4,-0.4,-1.2
2025-11-11 20:00:00,2.82,2.89,3.02,2.35,5.17,5.86,5.99,4.79,5.3,6.01,6.15,4.91,5.41,6.13,6.28,5.01,79,73,77,75,0.8,-0.5,-0.5,-1.5
2025-11-11 21:00:00,2.97,3.1,2.85,2.48,5.49,6.25,5.74,4.99,5.63,6.41,5.88,5.12,5.75,6.54,6.01,5.22,78,74,78,75,0.5,-0.5,-0.7,-1.5
2025-11-11 22:00:00,3.23,3.27,2.67,2.48,6.24,6.55,5.5,5.17,6.4,6.72,5.64,5.3,6.54,6.86,5.76,5.41,77,74,77,74,0.5,-0.5,-0.9,-1.5
2025-11-11 23:00:00,3.45,3.44,2.55,2.58,6.8,6.88,5.38,5.33,6.97,7.05,5.52,5.47,7.12,7.2,5.64,5.58,75,73,74,72,0.3,-0.4,-1.0,-1.6
2025-11-12 00:00:00,3.45,3.47,2.5,2.66,7.07,7.09,5.49,5.77,7.25,7.27,5.63,5.92,7.4,7.43,5.75,6.04,75,73,70,70,0.2,-0.2,-1.0,-1.3
2025-11-12 01:00:00,3.06,3.42,2.77,2.81,6.72,7.06,5.96,6.07,6.89,7.24,6.11,6.23,7.04,7.39,6.24,6.36,71,72,69,67,-0.4,-0.4,-1.0,-1.3
2025-11-12 02:00:00,2.95,3.23,3.1,3.18,6.35,6.72,6.43,6.53,6.52,6.89,6.6,6.7,6.65,7.04,6.74,6.84,69,72,69,68,-0.4,-0.4,-0.8,-1.0
2025-11-12 03:00:00,3.35,3.4,3.75,3.62,6.03,6.07,6.6,6.61,6.19,6.23,6.77,6.78,6.31,6.36,6.91,6.92,70,71,70,66,2.2,2.3,2.0,1.7
2025-11-12 04:00:00,3.25,2.64,3.4,3.51,5.56,4.84,6.54,6.45,5.71,4.97,6.71,6.62,5.82,5.07,6.85,6.76,66,66,64,64,5.4,5.7,5.3,5.0
2025-11-12 05:00:00,4.08,3.91,4.6,4.7,5.46,5.15,6.18,6.35,5.6,5.28,6.34,6.52,5.72,5.39,6.47,6.65,57,57,58,58,7.4,7.6,7.6,7.0
2025-11-12 06:00:00,4.9,4.66,4.83,5.22,6.28,6.0,6.2,6.84,6.44,6.16,6.37,7.02,6.57,6.29,6.5,7.16,54,58,57,57,9.3,9.0,8.8,8.7
2025-11-12 07:00:00,4.97,4.84,5.01,5.41,6.38,6.2,6.43,7.0,6.55,6.37,6.6,7.18,6.69,6.5,6.74,7.33,54,57,56,55,10.3,9.9,9.4,9.4
2025-11-12 08:00:00,4.89,4.51,4.83,4.94,6.42,5.8,6.22,6.34,6.59,5.95,6.38,6.51,6.72,6.08,6.51,6.64,56,61,58,59,10.6,10.3,9.9,9.8
2025-11-12 09:00:00,3.5,4.07,4.34,3.99,4.6,5.28,5.74,5.1,4.72,5.42,5.89,5.23,4.82,5.53,6.01,5.34,50,61,60,63,10.3,10.4,9.8,9.9
2025-11-12 10:00:00,2.46,3.13,2.88,3.15,3.6,4.47,4.18,4.49,3.7,4.58,4.29,4.61,3.77,4.68,4.38,4.7,67,63,69,63,9.4,9.7,9.0,9.3
2025-11-12 11:00:00,0.9,1.82,1.32,1.79,2.27,4.19,2.93,4.15,2.33,4.3,3.0,4.25,2.38,4.39,3.07,4.34,125,70,87,72,7.1,7.2,6.5,6.7
2025-11-12 12:00:00,1.19,0.78,1.0,1.41,2.16,1.75,2.2,3.23,2.21,1.79,2.26,3.31,2.26,1.83,2.31,3.38,208,157,95,75,6.3,5.7,5.3,4.6
2025-11-12 13:00:00,2.59,0.71,1.06,1.21,3.72,0.99,2.3,3.05,3.82,1.02,2.35,3.13,3.9,1.04,2.4,3.2,202,169,94,82,6.7,5.2,4.6,4.7
2025-11-12 14:00:00,1.47,0.74,0.36,1.15,3.24,1.14,1.22,2.4,3.32,1.17,1.25,2.46,3.39,1.19,1.28,2.51,226,170,61,95,6.1,5.3,5.6,4.7
2025-11-12 15:00:00,0.11,0.58,1.53,1.54,1.18,0.92,2.29,2.87,1.21,0.94,2.35,2.94,1.23,0.96,2.4,3.0,330,155,153,72,6.5,5.3,5.0,4.0
2025-11-12 16:00:00,1.3,0.3,1.41,1.36,2.01,0.58,2.4,2.72,2.06,0.6,2.46,2.79,2.1,0.61,2.51,2.84,151,180,207,99,5.2,5.6,5.1,3.8
2025-11-12 17:00:00,2.36,1.94,0.86,1.35,3.42,3.38,1.37,2.23,3.51,3.47,1.4,2.29,3.59,3.54,1.43,2.33,175,213,215,170,4.3,5.8,4.9,5.0
2025-11-12 18:00:00,1.17,0.8,1.23,0.7,1.91,2.48,2.33,1.5,1.96,2.55,2.39,1.54,2.01,2.6,2.44,1.57,75,227,217,167,2.9,5.3,5.2,4.6
2025-11-12 19:00:00,1.8,0.47,0.4,0.32,3.42,0.87,1.66,1.32,3.51,0.89,1.71,1.35,3.58,0.91,1.74,1.38,87,207,212,178,3.4,5.7,5.5,5.5
2025-11-12 20:00:00,1.78,0.14,0.5,0.7,2.92,0.24,0.9,1.05,2.99,0.25,0.92,1.08,3.05,0.26,0.94,1.1,100,180,77,112,2.6,6.3,5.4,4.8
2025-11-12 21:00:00,1.78,0.81,1.27,1.6,3.81,1.92,2.39,2.92,3.91,1.97,2.45,3.0,3.99,2.01,2.5,3.06,71,63,78,75,2.1,4.7,3.9,3.3
2025-11-12 22:00:00,2.08,0.99,1.08,2.11,4.28,1.95,2.36,5.0,4.39,2.0,2.43,5.13,4.48,2.04,2.48,5.24,78,90,76,68,2.2,4.4,4.2,2.6
2025-11-12 23:00:00,2.04,1.54,1.62,1.95,4.08,3.29,3.78,3.61,4.19,3.37,3.87,3.7,4.27,3.44,3.95,3.78,82,69,66,99,2.0,3.5,3.4,2.2
2025-11-13 00:00:00,2.33,2.66,2.21,2.95,5.46,5.51,4.1,5.93,5.6,5.65,4.21,6.09,5.72,5.77,4.3,6.21,74,79,100,71,2.1,2.6,3.8,3.3
2025-11-13 01:00:00,2.44,2.37,2.38,2.5,5.42,4.79,4.97,5.69,5.56,4.91,5.1,5.84,5.67,5.02,5.2,5.96,74,78,64,69,1.8,2.4,2.6,2.3
2025-11-13 02:00:00,2.09,2.72,2.75,2.43,5.08,5.3,5.97,5.3,5.21,5.44,6.12,5.44,5.32,5.56,6.25,5.55,64,67,59,70,2.0,2.6,1.9,2.3
2025-11-13 03:00:00,2.55,3.74,2.81,2.92,4.84,6.02,4.87,5.27,4.96,6.17,5.0,5.41,5.07,6.3,5.1,5.52,64,63,74,52,3.8,4.1,4.1,4.0
2025-11-13 04:00:00,2.72,3.06,2.25,1.95,5.45,5.4,4.09,4.11,5.59,5.54,4.19,4.22,5.71,5.66,4.28,4.31,68,68,59,85,6.3,5.8,6.2,6.0
2025-11-13 05:00:00,2.87,2.76,1.74,2.23,3.85,3.9,2.38,2.71,3.95,4.0,2.44,2.78,4.03,4.09,2.49,2.84,55,64,64,60,8.1,6.8,7.4,7.7
2025-11-13 06:00:00,3.24,2.72,1.46,2.65,4.28,3.57,2.01,3.6,4.39,3.67,2.06,3.69,4.48,3.74,2.1,3.77,60,62,104,54,9.3,8.0,8.2,7.4
2025-11-13 07:00:00,1.63,2.0,0.54,1.61,2.05,2.48,0.84,2.14,2.1,2.55,0.86,2.2,2.15,2.6,0.88,2.25,72,64,144,89,10.6,9.4,10.4,8.6
2025-11-13 08:00:00,1.24,0.36,0.36,0.62,1.33,0.57,0.18,0.98,1.36,0.59,0.18,1.01,1.39,0.6,0.18,1.03,54,110,326,153,11.0,10.3,11.3,9.8
2025-11-13 09:00:00,1.24,1.52,1.42,1.1,1.37,1.67,1.71,1.33,1.41,1.71,1.75,1.36,1.44,1.74,1.79,1.39,63,21,268,216,11.0,10.2,11.8,11.0
2025-11-13 10:00:00,0.29,1.03,3.31,2.23,0.34,1.19,4.13,2.79,0.35,1.22,4.23,2.86,0.36,1.25,4.32,2.92,225,235,284,286,11.2,10.1,10.6,10.4
2025-11-13 11:00:00,1.46,2.25,3.62,2.83,2.47,4.44,6.15,5.2,2.53,4.55,6.3,5.33,2.59,4.65,6.44,5.44,285,261,268,264,8.6,8.3,8.0,7.8
2025-11-13 12:00:00,2.98,2.99,2.66,4.04,5.57,5.49,5.71,6.85,5.71,5.63,5.85,7.02,5.83,5.75,5.98,7.17,247,244,262,250,7.1,7.6,7.3,6.9
2025-11-13 13:00:00,3.42,3.69,3.72,4.38,5.75,6.11,5.97,7.4,5.89,6.27,6.13,7.59,6.02,6.4,6.26,7.75,235,236,236,240,6.6,7.0,6.7,6.2
2025-11-13 14:00:00,3.58,4.08,3.65,3.68,6.07,6.65,5.81,6.5,6.23,6.82,5.96,6.66,6.36,6.96,6.08,6.8,240,237,220,242,6.7,7.4,6.3,5.7
2025-11-13 15:00:00,3.66,4.0,2.61,4.41,6.1,6.44,4.13,7.2,6.26,6.61,4.23,7.39,6.39,6.75,4.32,7.54,223,217,219,224,6.3,6.8,6.4,5.7
2025-11-13 16:00:00,2.97,2.93,2.18,4.57,4.93,5.15,4.1,7.66,5.06,5.28,4.21,7.86,5.17,5.39,4.3,8.02,218,215,226,222,6.7,7.2,5.8,5.7
2025-11-13 17:00:00,2.2,1.55,1.72,4.25,3.69,3.48,3.87,7.5,3.79,3.58,3.97,7.69,3.87,3.65,4.05,7.85,222,228,236,218,5.0,5.6,5.0,5.4
2025-11-13 18:00:00,1.32,1.64,2.46,1.5,1.55,3.92,4.8,2.05,1.6,4.03,4.92,2.1,1.63,4.11,5.02,2.15,212,242,218,245,2.8,5.3,4.4,3.8
2025-11-13 19:00:00,1.42,1.56,1.75,1.07,0.91,3.47,3.39,1.04,0.93,3.56,3.48,1.06,0.95,3.64,3.55,1.09,126,236,220,229,1.6,3.6,3.1,2.3
2025-11-13 20:00:00,1.57,1.75,1.16,0.92,1.43,3.28,2.24,0.5,1.47,3.36,2.3,0.51,1.5,3.43,2.35,0.53,125,223,228,209,0.5,2.8,2.5,1.8
2025-11-13 21:00:00,1.52,1.56,0.86,0.72,1.16,2.48,1.7,0.85,1.19,2.55,1.75,0.87,1.21,2.6,1.79,0.89,118,225,239,59,0.3,2.0,2.3,1.8
2025-11-13 22:00:00,1.55,1.32,0.56,1.4,1.4,1.8,1.13,3.2,1.43,1.84,1.15,3.29,1.46,1.88,1.18,3.36,115,229,265,64,0.4,1.7,1.9,2.1
2025-11-13 23:00:00,1.38,0.57,0.29,1.9,2.62,0.79,0.53,4.73,2.69,0.81,0.54,4.85,2.74,0.82,0.55,4.95,72,263,326,76,1.1,1.7,1.9,2.1
2025-11-14 00:00:00,2.35,1.94,1.55,0.46,5.44,4.49,3.49,2.19,5.58,4.61,3.58,2.25,5.7,4.7,3.66,2.3,59,69,60,270,1.2,1.7,1.1,3.0
2025-11-14 01:00:00,2.4,2.03,1.8,0.07,5.64,4.89,4.44,1.23,5.79,5.01,4.55,1.26,5.91,5.12,4.65,1.29,72,73,73,304,1.0,1.5,1.1,2.5
2025-11-14 02:00:00,2.46,1.9,1.71,0.49,5.77,4.48,4.3,0.63,5.92,4.6,4.41,0.65,6.05,4.69,4.5,0.66,68,76,72,67,1.0,1.1,0.6,1.8
2025-11-14 03:00:00,3.44,2.8,2.75,1.64,6.16,4.83,4.87,2.67,6.32,4.95,5.0,2.74,6.45,5.05,5.1,2.8,67,70,67,52,2.8,3.0,2.2,3.5
2025-11-14 04:00:00,3.93,3.7,3.02,2.38,6.05,5.62,4.64,4.02,6.21,5.77,4.76,4.12,6.34,5.89,4.86,4.21,60,62,65,67,5.1,5.4,4.2,5.2
2025-11-14 05:00:00,4.4,4.03,3.43,2.83,5.92,5.27,4.53,3.63,6.07,5.41,4.65,3.72,6.2,5.52,4.74,3.8,57,56,56,59,6.4,6.8,5.6,6.1
2025-11-14 06:00:00,4.95,4.69,3.26,3.04,6.53,6.15,4.2,3.79,6.7,6.31,4.31,3.88,6.84,6.44,4.4,3.97,52,58,58,58,8.3,7.8,7.0,6.8
2025-11-14 07:00:00,5.04,4.69,3.22,3.23,6.52,6.04,4.08,4.06,6.69,6.2,4.19,4.16,6.83,6.33,4.27,4.25,54,55,57,57,9.3,9.1,8.2,7.7
2025-11-14 08:00:00,4.8,4.55,2.92,3.44,6.25,5.97,3.66,4.3,6.41,6.12,3.76,4.42,6.54,6.25,3.84,4.51,54,54,61,59,9.6,9.6,8.9,8.3
2025-11-14 09:00:00,4.19,3.93,2.53,3.33,5.51,5.19,3.16,4.24,5.66,5.33,3.24,4.35,5.77,5.44,3.31,4.44,56,56,65,60,9.7,9.8,9.1,8.5
2025-11-14 10:00:00,3.15,3.03,2.19,3.08,4.57,4.31,2.88,4.26,4.69,4.42,2.95,4.37,4.78,4.52,3.02,4.46,56,56,66,57,8.9,9.1,8.5,7.9
2025-11-14 11:00:00,1.84,1.72,1.6,2.34,4.77,4.43,3.71,5.34,4.9,4.55,3.81,5.48,5.0,4.64,3.89,5.59,63,60,71,58,6.5,6.5,5.9,6.0
2025-11-14 12:00:00,1.87,2.01,1.45,1.38,4.9,5.21,3.07,3.98,5.02,5.35,3.15,4.09,5.13,5.46,3.21,4.17,68,65,80,68,4.9,5.1,4.5,4.3
2025-11-14 13:00:00,1.66,1.89,0.96,0.95,4.38,4.88,3.1,3.57,4.49,5.01,3.18,3.67,4.59,5.11,3.25,3.74,63,63,74,64,4.6,4.3,4.4,4.1
2025-11-14 14:00:00,1.91,1.85,1.22,1.19,4.88,4.88,3.5,3.84,5.01,5.01,3.59,3.94,5.11,5.11,3.66,4.02,63,63,71,61,3.9,3.7,3.9,3.6
2025-11-14 15:00:00,1.86,1.72,1.61,1.46,4.97,4.71,4.16,4.23,5.1,4.83,4.27,4.34,5.21,4.93,4.36,4.43,66,63,72,64,3.4,2.9,3.1,2.9
2025-11-14 16:00:00,1.82,1.63,1.87,1.3,4.95,4.65,4.66,4.19,5.08,4.77,4.78,4.29,5.18,4.87,4.87,4.38,65,60,70,62,2.7,2.2,2.7,2.4
2025-11-14 17:00:00,1.57,1.42,1.93,1.05,4.58,4.27,4.93,3.78,4.7,4.39,5.06,3.88,4.79,4.48,5.17,3.96,65,61,67,60,2.3,1.8,2.3,1.9
2025-11-14 18:00:00,2.11,0.9,1.66,1.6,5.73,3.44,4.6,4.7,5.87,3.53,4.72,4.82,6.0,3.61,4.82,4.92,59,63,62,59,2.3,1.8,1.8,1.7
2025-11-14 19:00:00,2.06,0.93,1.66,1.56,5.8,3.38,4.75,4.56,5.95,3.47,4.88,4.68,6.08,3.54,4.98,4.78,61,63,62,60,1.4,1.6,1.3,1.2
2025-11-14 20:00:00,1.81,1.25,1.73,1.68,5.25,3.77,5.04,4.84,5.39,3.87,5.17,4.97,5.5,3.95,5.27,5.07,63,65,62,61,0.4,1.2,0.8,1.0
2025-11-14 21:00:00,2.05,1.64,2.03,1.78,5.54,4.64,5.6,5.1,5.68,4.76,5.75,5.23,5.8,4.86,5.87,5.34,64,63,63,63,0.6,0.8,0.4,0.8
2025-11-14 22:00:00,2.38,1.89,2.28,1.86,6.08,5.32,5.89,5.12,6.24,5.46,6.04,5.26,6.37,5.57,6.16,5.36,65,63,62,65,0.5,0.5,0.2,0.6
2025-11-14 23:00:00,2.33,2.02,2.43,1.96,6.08,5.56,6.1,5.34,6.24,5.7,6.26,5.48,6.37,5.82,6.39,5.59,65,62,63,65,0.6,0.5,0.1,0.3
2025-11-15 00:00:00,2.86,2.01,2.09,2.71,6.41,5.6,5.6,6.37,6.57,5.75,5.75,6.53,6.71,5.87,5.87,6.67,63,61,64,66,0.3,0.6,0.6,0.4
2025-11-15 01:00:00,3.0,2.08,1.99,2.56,6.89,5.54,5.51,6.2,7.07,5.68,5.66,6.36,7.21,5.8,5.77,6.49,62,63,63,66,-0.2,0.4,0.3,0.3
2025-11-15 02:00:00,2.75,2.28,2.15,2.61,6.48,5.71,5.58,6.06,6.64,5.86,5.72,6.22,6.78,5.98,5.84,6.35,62,64,64,65,0.0,0.5,0.4,0.3
2025-11-15 03:00:00,3.24,3.16,2.95,3.34,6.29,5.91,5.78,6.08,6.45,6.06,5.93,6.24,6.58,6.19,6.05,6.37,60,62,62,63,2.0,2.5,2.3,2.2
2025-11-15 04:00:00,3.26,3.06,2.97,3.25,6.92,6.19,6.02,6.52,7.1,6.35,6.18,6.69,7.24,6.48,6.31,6.83,61,62,61,61,4.9,5.2,5.2,4.9
2025-11-15 05:00:00,4.15,3.78,3.82,4.39,5.92,5.23,5.41,6.1,6.07,5.36,5.55,6.26,6.2,5.48,5.67,6.39,53,51,52,51,6.9,7.3,7.2,7.0
2025-11-15 06:00:00,5.06,4.56,4.49,5.2,6.94,6.1,5.98,6.93,7.12,6.25,6.14,7.11,7.27,6.38,6.27,7.26,49,51,50,51,8.7,8.8,8.8,8.9
2025-11-15 07:00:00,5.3,4.88,4.91,5.73,7.16,6.42,6.46,7.61,7.34,6.58,6.62,7.81,7.5,6.72,6.76,7.97,50,47,48,50,9.4,9.6,9.8,9.9
2025-11-15 08:00:00,5.23,4.81,5.06,5.55,7.04,6.24,6.65,7.38,7.22,6.41,6.82,7.57,7.37,6.54,6.96,7.72,48,48,50,51,9.5,10.2,10.4,10.3
2025-11-15 09:00:00,4.13,4.28,4.74,5.09,6.03,5.73,6.43,6.88,6.19,5.88,6.59,7.06,6.32,6.0,6.73,7.21,44,48,49,50,9.0,10.1,10.2,10.3
2025-11-15 10:00:00,2.34,3.18,3.71,3.97,5.91,5.07,6.32,6.82,6.06,5.2,6.48,7.0,6.19,5.31,6.62,7.14,52,52,52,51,7.3,9.1,9.4,9.2
2025-11-15 11:00:00,1.68,2.04,2.82,3.06,4.77,5.08,6.13,6.46,4.9,5.21,6.29,6.63,5.0,5.32,6.42,6.77,64,63,58,58,4.3,7.0,7.4,7.2
2025-11-15 12:00:00,1.61,1.55,2.07,2.29,3.94,3.9,5.09,5.71,4.04,4.0,5.22,5.86,4.12,4.09,5.33,5.98,68,74,70,64,6.1,5.7,5.1,5.3
2025-11-15 13:00:00,2.11,1.66,2.01,2.02,5.17,4.19,5.03,5.23,5.3,4.3,5.17,5.37,5.41,4.39,5.27,5.48,62,67,63,63,6.1,5.3,4.6,4.1
2025-11-15 14:00:00,2.94,1.9,2.11,2.15,6.39,4.63,5.45,5.45,6.55,4.75,5.59,5.59,6.69,4.84,5.71,5.71,64,70,63,63,5.7,5.1,4.4,3.0
2025-11-15 15:00:00,2.6,2.57,2.06,2.3,6.22,5.82,5.49,5.84,6.38,5.97,5.63,5.99,6.51,6.1,5.75,6.12,66,65,64,63,5.1,5.2,3.6,2.4
2025-11-15 16:00:00,2.2,3.22,2.07,2.53,6.19,6.87,5.71,6.34,6.35,7.05,5.86,6.51,6.49,7.19,5.98,6.64,58,65,63,63,3.8,5.3,3.0,2.1
2025-11-15 17:00:00,2.51,2.87,2.02,2.72,6.5,6.71,5.75,6.6,6.67,6.89,5.9,6.78,6.81,7.03,6.03,6.92,61,59,63,63,3.2,5.1,2.7,1.9
2025-11-15 18:00:00,2.71,3.13,2.07,2.42,6.66,6.97,5.78,6.21,6.83,7.16,5.93,6.37,6.97,7.3,6.05,6.5,66,57,61,63,2.7,4.4,2.2,2.0
2025-11-15 19:00:00,3.02,3.21,2.31,2.53,7.07,7.06,6.06,6.28,7.25,7.25,6.22,6.44,7.4,7.4,6.35,6.57,66,63,62,64,1.9,3.5,2.0,1.7
2025-11-15 20:00:00,3.36,3.1,2.61,2.77,7.25,6.93,6.41,6.58,7.44,7.11,6.57,6.75,7.59,7.26,6.71,6.89,67,63,63,65,1.7,2.5,1.8,1.5
2025-11-15 21:00:00,4.0,3.4,2.9,3.01,8.07,7.3,6.73,6.91,8.28,7.49,6.91,7.09,8.45,7.65,7.05,7.24,68,64,63,65,1.7,2.0,1.5,1.4
2025-11-15 22:00:00,4.46,3.65,3.25,3.35,8.72,7.62,7.19,7.35,8.94,7.81,7.38,7.54,9.13,7.97,7.53,7.69,69,66,63,64,2.0,1.7,1.4,1.3
2025-11-15 23:00:00,4.78,4.1,3.5,3.45,9.19,8.19,7.56,7.5,9.42,8.4,7.76,7.7,9.62,8.58,7.92,7.86,68,67,64,65,2.1,1.6,1.4,1.2
2025-11-16 00:00:00,4.81,4.48,3.86,2.8,9.2,8.77,7.89,6.73,9.43,9.0,8.1,6.91,9.63,9.18,8.26,7.05,69,66,64,63,2.0,1.2,1.4,0.8
2025-11-16 01:00:00,4.77,4.5,3.97,2.66,9.12,8.77,8.02,6.52,9.36,9.0,8.23,6.69,9.55,9.19,8.4,6.82,71,66,65,64,1.5,1.1,1.2,0.6
2025-11-16 02:00:00,4.82,4.55,4.17,2.77,9.08,8.78,8.24,6.54,9.32,9.01,8.46,6.71,9.51,9.19,8.63,6.85,73,67,66,64,1.6,1.1,1.2,0.6
2025-11-16 03:00:00,5.23,4.92,4.64,3.52,9.22,8.72,8.2,6.67,9.46,8.94,8.42,6.84,9.66,9.13,8.59,6.98,74,67,66,64,3.8,3.2,3.3,2.9
2025-11-16 04:00:00,5.51,5.12,4.59,3.83,10.31,9.57,8.96,7.26,10.58,9.82,9.19,7.45,10.8,10.03,9.38,7.6,71,66,65,62,6.6,6.4,6.5,6.4
2025-11-16 05:00:00,6.09,5.66,5.61,4.69,10.09,9.04,8.83,7.11,10.35,9.28,9.06,7.29,10.57,9.47,9.24,7.45,64,60,56,57,8.9,8.9,8.8,9.1
2025-11-16 06:00:00,6.49,6.21,6.24,5.98,10.06,9.5,8.96,8.64,10.32,9.75,9.19,8.86,10.53,9.95,9.38,9.04,61,56,54,53,10.7,10.1,10.6,11.1
2025-11-16 07:00:00,6.73,6.77,7.03,6.63,9.66,9.64,9.68,9.15,9.92,9.89,9.93,9.39,10.12,10.09,10.14,9.58,56,53,53,53,11.7,11.1,11.9,12.3
2025-11-16 08:00:00,6.38,6.71,7.01,6.65,9.32,9.48,9.69,9.15,9.56,9.73,9.95,9.39,9.76,9.93,10.15,9.59,54,54,55,55,12.3,11.9,12.6,13.0
2025-11-16 09:00:00,5.81,6.01,6.28,5.97,8.91,8.87,8.89,8.44,9.14,9.1,9.12,8.66,9.33,9.29,9.31,8.83,55,56,56,55,12.3,11.9,12.6,12.9
2025-11-16 10:00:00,4.78,5.21,5.13,4.93,7.97,8.77,8.51,8.35,8.18,9.0,8.73,8.57,8.35,9.18,8.91,8.75,56,59,59,57,10.9,10.8,11.5,11.7
2025-11-16 11:00:00,3.28,3.85,3.83,3.49,6.93,7.8,7.53,7.27,7.11,8.0,7.72,7.46,7.26,8.17,7.88,7.62,57,60,61,60,8.5,8.4,8.9,9.0
2025-11-16 12:00:00,2.58,2.57,2.96,2.96,6.26,6.3,6.62,6.61,6.43,6.46,6.79,6.78,6.56,6.6,6.93,6.92,67,63,67,66,7.1,6.6,6.7,6.3
2025-11-16 13:00:00,2.24,2.18,2.67,2.44,5.5,5.53,6.15,5.79,5.64,5.67,6.31,5.94,5.76,5.79,6.45,6.07,71,68,69,68,5.7,4.9,5.2,4.6
2025-11-16 14:00:00,2.17,2.4,2.61,2.2,5.32,5.95,6.06,5.39,5.46,6.11,6.22,5.53,5.57,6.23,6.34,5.64,71,65,70,66,4.6,4.1,4.6,3.5
2025-11-16 15:00:00,2.01,2.29,2.79,2.17,5.24,5.93,6.45,5.47,5.38,6.08,6.62,5.62,5.49,6.21,6.76,5.73,67,65,68,65,4.2,3.6,4.5,3.1
2025-11-16 16:00:00,1.9,1.99,2.69,1.84,5.15,5.24,6.35,5.12,5.28,5.37,6.52,5.26,5.39,5.48,6.65,5.36,65,66,69,65,3.9,3.3,4.5,2.7
2025-11-16 17:00:00,1.72,1.9,2.46,1.79,4.63,4.85,5.97,4.73,4.75,4.98,6.13,4.86,4.85,5.08,6.25,4.96,68,68,68,70,3.7,3.1,4.2,2.5
2025-11-16 18:00:00,2.04,1.88,2.07,1.69,5.29,4.78,5.28,4.34,5.42,4.9,5.42,4.46,5.54,5.01,5.53,4.55,67,67,66,67,3.3,3.0,3.6,2.3
2025-11-16 19:00:00,2.26,1.86,1.86,1.72,5.59,4.57,4.76,4.37,5.74,4.69,4.88,4.48,5.86,4.79,4.99,4.58,67,68,67,68,2.7,3.0,3.2,2.2
2025-11-16 20:00:00,2.24,1.77,1.81,1.87,5.59,4.52,4.61,4.57,5.74,4.64,4.73,4.69,5.86,4.73,4.82,4.79,67,66,67,68,2.6,3.0,3.5,2.1
2025-11-16 21:00:00,1.93,1.61,1.7,1.96,5.36,4.49,4.39,4.8,5.5,4.61,4.5,4.92,5.62,4.7,4.6,5.02,62,63,67,69,2.5,2.9,3.7,2.1
2025-11-16 22:00:00,1.8,1.52,1.48,1.97,5.08,4.4,4.08,4.83,5.21,4.52,4.18,4.95,5.32,4.61,4.27,5.05,63,65,65,70,2.6,2.4,4.0,1.9
2025-11-16 23:00:00,1.53,1.5,1.47,1.84,4.54,4.23,4.25,4.66,4.65,4.34,4.36,4.78,4.75,4.43,4.45,4.87,62,66,65,70,2.4,2.2,3.8,1.7
2025-11-17 00:00:00,1.69,1.84,1.64,2.06,4.56,4.78,4.43,5.14,4.68,4.9,4.54,5.27,4.78,5.0,4.64,5.38,72,72,69,68,2.9,2.8,3.4,1.4
2025-11-17 01:00:00,1.8,1.93,1.81,1.92,4.26,4.7,4.77,5.05,4.37,4.83,4.89,5.18,4.46,4.93,4.99,5.29,79,77,68,68,2.8,3.0,3.4,1.2
2025-11-17 02:00:00,2.14,1.9,2.05,2.1,5.02,4.3,5.17,5.41,5.15,4.41,5.3,5.55,5.26,4.51,5.41,5.66,72,80,74,66,3.1,3.1,3.8,1.1
2025-11-17 03:00:00,2.53,2.19,2.21,2.61,5.43,4.55,4.67,5.45,5.57,4.67,4.79,5.59,5.69,4.77,4.89,5.71,74,77,76,65,5.6,5.7,6.0,3.5
2025-11-17 04:00:00,3.05,3.05,2.83,3.05,5.38,4.98,5.06,5.84,5.52,5.11,5.19,5.99,5.63,5.21,5.3,6.12,76,76,74,63,7.4,7.8,7.9,6.6
2025-11-17 05:00:00,2.76,2.69,2.65,3.33,4.87,4.59,4.7,5.47,5.0,4.71,4.82,5.61,5.1,4.81,4.92,5.72,72,73,73,59,8.9,9.5,9.2,8.6
2025-11-17 06:00:00,3.55,2.98,3.08,3.14,4.82,3.95,4.1,4.32,4.95,4.05,4.21,4.43,5.05,4.13,4.29,4.53,46,63,62,60,10.5,10.6,10.3,10.0
2025-11-17 07:00:00,3.52,3.35,3.22,3.41,4.65,4.29,4.16,4.43,4.77,4.4,4.27,4.55,4.87,4.49,4.36,4.64,60,58,63,60,11.2,11.4,11.2,11.1
2025-11-17 08:00:00,3.11,3.41,3.13,3.61,4.05,4.38,4.01,4.6,4.16,4.5,4.11,4.72,4.25,4.59,4.2,4.82,63,61,63,62,11.8,11.7,11.9,12.0
2025-11-17 09:00:00,2.83,2.98,3.16,3.5,3.82,3.95,4.14,4.62,3.91,4.05,4.25,4.74,4.0,4.14,4.34,4.84,65,66,62,64,11.7,11.6,11.7,12.1
2025-11-17 10:00:00,2.28,2.38,2.69,2.75,4.04,4.06,4.45,4.69,4.15,4.16,4.57,4.81,4.23,4.25,4.66,4.91,77,74,72,69,10.6,10.7,10.6,11.0
2025-11-17 11:00:00,1.99,2.09,2.06,2.07,4.43,4.5,4.75,4.64,4.54,4.62,4.88,4.76,4.63,4.72,4.98,4.86,73,77,75,73,7.4,7.8,7.8,8.1
2025-11-17 12:00:00,2.01,2.11,2.19,2.01,4.64,4.81,5.41,4.9,4.76,4.93,5.55,5.03,4.86,5.04,5.67,5.13,62,72,69,71,6.8,6.7,6.5,7.2
2025-11-17 13:00:00,2.07,2.34,2.38,2.15,4.85,5.66,6.04,5.19,4.97,5.8,6.19,5.32,5.08,5.92,6.32,5.43,80,67,68,68,6.8,6.5,6.5,7.0
2025-11-17 14:00:00,2.16,2.41,2.66,2.42,4.77,6.06,6.54,5.93,4.89,6.22,6.71,6.09,4.99,6.35,6.85,6.21,74,69,65,66,6.3,6.3,6.5,6.7
2025-11-17 15:00:00,2.31,2.48,2.86,2.49,5.68,6.46,7.04,6.34,5.82,6.63,7.22,6.5,5.94,6.76,7.37,6.63,69,66,64,67,6.3,6.0,6.3,6.5
2025-11-17 16:00:00,2.9,2.61,2.92,2.28,6.79,6.65,7.24,6.07,6.96,6.82,7.42,6.23,7.11,6.96,7.58,6.36,69,65,63,67,6.0,5.6,5.6,5.8
2025-11-17 17:00:00,2.75,2.75,3.0,2.21,6.71,6.87,7.37,6.06,6.88,7.04,7.56,6.22,7.02,7.19,7.72,6.35,70,64,62,64,5.0,5.1,5.0,5.3
2025-11-17 18:00:00,2.9,2.51,2.81,2.35,6.92,6.47,6.98,6.28,7.1,6.64,7.16,6.44,7.24,6.78,7.3,6.57,61,64,63,63,4.4,4.2,4.1,4.5
2025-11-17 19:00:00,3.12,2.57,2.93,2.46,7.26,6.47,6.82,6.34,7.45,6.64,7.0,6.51,7.6,6.78,7.14,6.64,64,63,63,62,3.7,3.5,3.6,4.0
2025-11-17 20:00:00,3.16,2.69,3.12,2.63,7.15,6.58,7.02,6.39,7.33,6.75,7.2,6.55,7.49,6.89,7.35,6.69,64,64,65,63,3.3,3.0,3.2,3.3
2025-11-17 21:00:00,3.26,2.87,3.16,2.83,7.24,6.78,7.11,6.63,7.42,6.95,7.29,6.8,7.58,7.1,7.44,6.94,64,64,64,63,2.9,2.7,2.8,2.9
2025-11-17 22:00:00,3.5,3.0,3.25,3.01,7.72,7.06,7.3,6.93,7.92,7.25,7.49,7.11,8.08,7.4,7.65,7.26,64,63,63,63,2.6,2.6,2.6,2.7
2025-11-17 23:00:00,3.96,3.1,3.51,3.2,8.35,7.13,7.63,7.24,8.57,7.31,7.83,7.42,8.74,7.46,7.99,7.58,63,63,63,64,2.6,2.4,2.5,2.4
2025-11-18 00:00:00,4.07,3.41,3.66,3.4,8.39,7.67,7.76,7.48,8.61,7.87,7.96,7.67,8.79,8.04,8.13,7.83,64,62,62,62,2.2,2.1,2.1,2.3
2025-11-18 01:00:00,3.96,3.36,3.86,3.72,8.37,7.65,8.04,7.94,8.59,7.85,8.25,8.14,8.76,8.01,8.42,8.31,64,62,63,62,1.8,1.8,1.9,2.3
2025-11-18 02:00:00,3.98,3.72,4.17,4.08,8.46,8.06,8.5,8.37,8.68,8.27,8.72,8.59,8.86,8.45,8.9,8.77,63,63,63,62,1.9,1.9,2.1,2.5
2025-11-18 03:00:00,4.56,4.49,4.83,4.78,8.5,8.37,8.63,8.61,8.72,8.59,8.86,8.84,8.9,8.76,9.04,9.02,65,64,65,62,4.1,3.9,4.1,4.5
2025-11-18 04:00:00,5.08,4.83,5.01,4.94,9.9,9.63,9.68,9.89,10.16,9.88,9.94,10.15,10.37,10.09,10.14,10.36,66,64,66,64,7.5,7.2,7.4,7.6
2025-11-18 05:00:00,5.81,5.56,5.7,5.72,9.9,9.65,9.83,9.86,10.16,9.9,10.09,10.11,10.37,10.1,10.29,10.32,62,60,63,62,10.1,9.9,10.2,10.5
2025-11-18 06:00:00,6.31,6.33,6.38,6.47,9.93,10.06,10.18,10.25,10.19,10.32,10.44,10.52,10.4,10.54,10.66,10.73,59,58,60,58,11.6,11.3,11.6,11.6
2025-11-18 07:00:00,6.46,6.92,7.14,7.31,9.56,10.29,10.32,10.38,9.81,10.56,10.58,10.65,10.01,10.77,10.8,10.87,55,55,55,53,12.4,12.2,12.4,12.3
2025-11-18 08:00:00,6.37,7.02,7.23,7.22,9.72,10.19,10.38,10.16,9.97,10.45,10.65,10.42,10.18,10.67,10.87,10.64,55,54,53,54,12.7,12.6,12.6,12.7
2025-11-18 09:00:00,6.05,6.27,6.35,6.33,10.39,10.37,9.86,9.29,10.67,10.64,10.11,9.53,10.89,10.86,10.32,9.73,57,56,55,55,12.3,12.1,12.1,12.5
2025-11-18 10:00:00,5.85,5.95,5.72,5.41,10.33,9.7,9.92,9.04,10.6,9.95,10.18,9.27,10.82,10.15,10.39,9.46,58,58,58,58,10.9,10.9,10.8,11.3
2025-11-18 11:00:00,4.86,4.65,4.72,4.16,8.9,8.59,8.7,7.99,9.13,8.81,8.93,8.19,9.32,9.0,9.11,8.36,61,62,62,61,8.5,8.4,8.5,8.8
2025-11-18 12:00:00,3.53,3.57,3.3,3.17,7.68,7.54,7.22,7.15,7.88,7.74,7.4,7.33,8.04,7.9,7.56,7.49,61,65,62,63,7.6,7.1,7.1,7.3
2025-11-18 13:00:00,3.11,3.15,3.02,2.9,6.78,7.0,6.98,6.74,6.96,7.18,7.16,6.92,7.1,7.33,7.3,7.06,66,65,63,67,6.8,5.9,5.9,6.0
2025-11-18 14:00:00,3.1,2.87,3.0,2.91,6.72,6.49,6.8,6.66,6.89,6.66,6.98,6.83,7.04,6.8,7.13,6.98,66,67,65,67,5.6,4.8,4.9,4.9
2025-11-18 15:00:00,3.11,2.67,3.01,2.59,6.88,6.2,6.84,6.36,7.06,6.36,7.02,6.53,7.2,6.49,7.16,6.66,67,69,68,68,4.8,4.0,4.3,4.0
2025-11-18 16:00:00,2.89,2.48,2.9,2.25,6.69,5.89,6.67,5.85,6.86,6.04,6.85,6.0,7.01,6.17,6.99,6.12,70,72,70,69,4.3,3.5,3.8,3.4
2025-11-18 17:00:00,2.39,2.3,2.51,2.0,5.79,5.48,6.04,5.33,5.95,5.62,6.2,5.47,6.07,5.73,6.33,5.59,72,74,72,70,3.5,3.0,3.4,2.9
2025-11-18 18:00:00,2.53,2.26,2.34,2.02,5.54,5.3,5.64,5.16,5.68,5.44,5.79,5.29,5.8,5.55,5.91,5.4,74,73,72,68,3.2,2.4,2.8,2.6
2025-11-18 19:00:00,2.48,2.1,2.24,1.99,5.19,4.99,5.3,5.11,5.33,5.12,5.44,5.24,5.44,5.23,5.55,5.35,78,71,71,66,2.2,2.1,2.3,2.2
2025-11-18 20:00:00,2.33,1.93,2.12,2.04,4.94,4.67,5.09,5.24,5.07,4.79,5.22,5.37,5.18,4.89,5.33,5.48,77,70,70,66,1.9,1.9,1.9,2.0
2025-11-18 21:00:00,1.97,1.86,2.12,2.13,4.81,4.62,5.14,5.43,4.94,4.74,5.27,5.57,5.04,4.83,5.38,5.69,69,68,68,65,1.8,1.9,1.7,2.1
2025-11-18 22:00:00,1.99,1.86,2.08,2.13,4.96,4.64,5.29,5.5,5.09,4.76,5.42,5.64,5.19,4.86,5.54,5.76,67,69,67,66,1.9,1.9,1.7,2.3
2025-11-18 23:00:00,2.13,1.69,2.13,2.15,5.41,4.33,5.39,5.44,5.55,4.44,5.53,5.58,5.66,4.54,5.65,5.7,66,71,67,67,2.1,1.8,1.7,2.3
2025-11-19 00:00:00,1.9,1.54,1.81,1.97,5.04,4.1,4.75,5.18,5.17,4.21,4.87,5.31,5.28,4.29,4.98,5.42,67,72,69,67,2.1,1.8,1.9,1.7
2025-11-19 01:00:00,1.71,1.43,1.79,1.86,4.53,3.83,4.64,4.91,4.65,3.93,4.76,5.04,4.74,4.01,4.86,5.15,71,75,69,67,2.0,1.7,2.0,1.7
2025-11-19 02:00:00,1.72,1.6,1.77,1.74,4.47,3.99,4.52,4.59,4.59,4.09,4.63,4.71,4.68,4.17,4.73,4.81,72,78,70,71,2.0,1.9,2.5,1.8
2025-11-19 03:00:00,2.09,2.11,1.88,1.96,4.46,4.32,4.22,4.3,4.57,4.43,4.33,4.42,4.67,4.52,4.42,4.51,74,79,73,74,4.4,4.4,4.6,4.1
2025-11-19 04:00:00,2.35,2.55,2.4,2.25,4.65,4.53,4.29,4.37,4.77,4.65,4.4,4.49,4.87,4.74,4.49,4.58,75,78,78,76,7.6,7.4,7.1,7.2
2025-11-19 05:00:00,1.71,2.04,2.15,1.72,3.28,3.68,3.81,2.66,3.36,3.78,3.91,2.73,3.43,3.86,3.99,2.78,85,83,86,76,9.4,9.0,9.0,8.7
2025-11-19 06:00:00,1.98,1.48,2.44,1.97,3.16,2.12,4.04,2.87,3.24,2.18,4.15,2.95,3.31,2.22,4.23,3.01,63,81,77,75,10.0,10.1,9.7,9.1
2025-11-19 07:00:00,1.41,1.0,2.29,1.63,1.96,0.97,3.67,2.02,2.01,1.0,3.76,2.07,2.05,1.02,3.84,2.12,76,37,73,75,11.0,10.8,10.4,10.5
2025-11-19 08:00:00,1.15,0.88,2.42,1.9,1.51,0.83,3.16,2.31,1.55,0.85,3.24,2.37,1.58,0.87,3.31,2.42,75,69,61,72,11.6,11.2,11.2,11.4
2025-11-19 09:00:00,0.83,1.39,2.39,2.1,0.95,1.58,3.32,2.57,0.97,1.62,3.4,2.64,0.99,1.65,3.47,2.69,102,81,66,65,11.9,11.4,11.2,11.9
2025-11-19 10:00:00,0.51,0.85,1.96,2.16,0.57,1.07,3.34,3.38,0.58,1.1,3.42,3.46,0.6,1.12,3.49,3.54,121,87,78,70,11.1,10.7,10.4,10.8
2025-11-19 11:00:00,0.32,1.04,1.46,1.77,0.33,1.63,2.58,3.56,0.34,1.68,2.65,3.65,0.34,1.71,2.7,3.73,207,117,90,81,8.7,8.3,8.3,8.3
2025-11-19 12:00:00,1.04,0.67,1.7,1.39,1.76,1.94,2.88,2.97,1.8,1.99,2.95,3.04,1.84,2.03,3.01,3.11,177,198,89,76,8.1,8.7,7.8,7.2
2025-11-19 13:00:00,1.53,0.71,1.84,1.2,3.24,1.63,3.34,2.2,3.32,1.68,3.42,2.25,3.39,1.71,3.49,2.3,201,197,83,93,8.6,8.8,7.8,7.6
2025-11-19 14:00:00,0.4,0.32,1.92,0.95,0.92,0.75,3.53,1.72,0.94,0.76,3.62,1.77,0.96,0.78,3.69,1.8,245,191,84,98,8.3,9.1,7.3,7.7
2025-11-19 15:00:00,1.57,0.67,1.86,0.45,2.59,1.24,3.56,0.9,2.65,1.27,3.65,0.92,2.71,1.3,3.73,0.94,93,132,89,77,8.8,9.2,7.7,7.4
2025-11-19 16:00:00,1.61,1.11,2.62,0.5,3.16,1.79,4.86,1.08,3.24,1.83,4.99,1.1,3.31,1.87,5.09,1.13,117,101,69,85,8.8,8.4,8.2,7.0
2025-11-19 17:00:00,1.7,2.11,3.04,0.61,3.75,3.81,6.1,1.31,3.85,3.91,6.26,1.35,3.93,3.99,6.39,1.37,60,77,54,112,7.5,7.7,7.6,7.5
2025-11-19 18:00:00,1.57,2.15,0.56,0.86,3.94,5.0,1.29,1.37,4.04,5.13,1.32,1.41,4.12,5.23,1.35,1.44,78,69,119,107,6.8,6.1,6.4,7.6
2025-11-19 19:00:00,1.22,1.45,1.03,0.75,3.12,4.35,1.93,1.38,3.2,4.47,1.98,1.41,3.26,4.56,2.02,1.44,80,58,124,113,6.0,4.5,6.7,7.5
2025-11-19 20:00:00,1.06,1.22,1.45,0.93,3.05,2.17,2.45,1.87,3.13,2.23,2.52,1.92,3.19,2.28,2.57,1.96,77,110,97,99,5.5,4.3,6.9,7.4
2025-11-19 21:00:00,1.03,0.91,1.76,1.44,2.56,1.48,3.08,2.73,2.63,1.52,3.16,2.8,2.69,1.55,3.22,2.86,81,197,79,89,5.5,4.5,7.0,6.9
2025-11-19 22:00:00,0.7,0.71,1.84,1.77,1.79,1.48,3.45,3.57,1.83,1.52,3.54,3.66,1.87,1.55,3.61,3.73,101,207,82,80,5.5,4.9,6.2,6.2
2025-11-19 23:00:00,0.54,0.4,1.82,1.52,1.29,0.99,3.67,3.39,1.33,1.01,3.76,3.47,1.36,1.03,3.84,3.54,110,213,85,113,5.7,4.8,6.3,6.0
2025-11-20 00:00:00,0.57,0.32,0.3,1.87,1.25,1.16,0.89,3.76,1.28,1.19,0.92,3.86,1.31,1.21,0.94,3.93,39,195,151,93,5.1,5.3,5.1,5.2
2025-11-20 01:00:00,0.29,0.11,0.3,0.93,0.48,0.68,0.55,2.35,0.49,0.69,0.57,2.41,0.5,0.71,0.58,2.46,156,150,45,77,5.1,5.6,4.8,4.8
2025-11-20 02:00:00,0.35,0.32,0.22,0.7,0.81,0.79,0.79,2.3,0.83,0.81,0.81,2.35,0.84,0.83,0.82,2.4,245,133,210,94,4.5,5.8,4.8,4.2
2025-11-20 03:00:00,1.11,0.35,0.87,1.0,2.0,1.05,1.9,1.98,2.06,1.07,1.95,2.04,2.1,1.1,1.99,2.08,162,152,230,118,6.1,6.5,5.4,5.9
2025-11-20 04:00:00,2.51,1.37,0.76,0.89,4.52,1.38,1.75,0.76,4.63,1.41,1.79,0.78,4.73,1.44,1.83,0.79,173,135,240,105,8.7,8.2,7.8,8.6
2025-11-20 05:00:00,2.72,0.3,0.53,1.01,4.56,0.77,0.78,1.0,4.68,0.79,0.8,1.03,4.78,0.81,0.82,1.05,162,215,270,51,10.9,10.6,9.6,9.7
2025-11-20 06:00:00,0.97,1.17,1.3,1.64,2.33,1.5,1.59,2.04,2.39,1.54,1.63,2.09,2.44,1.58,1.66,2.14,101,115,281,50,10.1,10.7,9.8,10.3
2025-11-20 07:00:00,2.34,2.36,0.6,1.0,3.46,2.76,0.79,1.11,3.55,2.83,0.81,1.14,3.62,2.89,0.82,1.17,68,17,240,67,10.7,11.0,10.4,11.1
2025-11-20 08:00:00,2.3,2.35,0.1,0.64,3.0,2.87,0.18,0.66,3.08,2.94,0.18,0.68,3.14,3.0,0.18,0.69,58,42,146,54,11.1,10.5,10.7,12.2
2025-11-20 09:00:00,2.23,1.12,0.25,0.61,2.79,1.56,0.49,0.56,2.87,1.6,0.5,0.57,2.93,1.63,0.51,0.58,47,110,174,52,11.0,10.0,11.6,12.5
2025-11-20 10:00:00,1.16,1.29,0.25,0.6,1.95,2.31,0.6,0.72,2.0,2.37,0.62,0.74,2.04,2.42,0.63,0.76,91,152,256,48,10.1,9.8,11.4,11.6
2025-11-20 11:00:00,0.41,0.81,0.35,0.25,1.32,1.76,1.28,0.3,1.35,1.8,1.31,0.3,1.38,1.84,1.34,0.31,129,177,252,351,8.0,8.5,8.9,9.7
2025-11-20 12:00:00,1.25,0.5,1.19,0.61,2.25,0.11,1.56,1.83,2.3,0.11,1.6,1.87,2.35,0.11,1.63,1.91,184,117,160,261,7.4,7.3,7.3,7.8
2025-11-20 13:00:00,0.4,0.91,0.42,0.66,0.94,1.31,0.72,1.24,0.96,1.35,0.74,1.27,0.98,1.37,0.76,1.3,208,202,138,222,7.8,7.0,7.1,6.9
2025-11-20 14:00:00,0.99,0.81,0.82,0.25,1.71,1.33,1.57,0.42,1.76,1.36,1.61,0.43,1.79,1.39,1.65,0.44,185,188,83,249,6.7,6.6,6.6,6.6
2025-11-20 15:00:00,0.85,0.43,0.96,0.5,1.32,0.66,2.19,0.87,1.35,0.68,2.25,0.89,1.38,0.69,2.29,0.91,176,107,78,63,5.9,6.3,5.9,6.1
2025-11-20 16:00:00,1.21,0.79,1.42,0.57,1.53,2.06,3.12,1.53,1.57,2.11,3.2,1.57,1.6,2.15,3.27,1.6,112,76,76,59,5.3,5.9,4.9,5.1
2025-11-20 17:00:00,1.36,1.46,1.62,1.07,2.64,3.36,3.45,2.11,2.71,3.44,3.54,2.16,2.77,3.52,3.61,2.21,85,81,82,83,4.7,5.1,4.2,4.7
2025-11-20 18:00:00,1.84,1.01,1.57,1.44,4.11,2.44,3.28,3.31,4.22,2.5,3.37,3.4,4.3,2.55,3.44,3.47,80,91,84,90,4.1,5.3,3.8,4.1
2025-11-20 19:00:00,2.15,1.42,1.6,1.34,5.16,3.12,3.51,3.19,5.3,3.2,3.6,3.28,5.4,3.26,3.67,3.34,79,80,80,78,4.3,4.2,3.2,3.6
2025-11-20 20:00:00,2.44,1.68,1.88,1.74,5.69,3.75,4.13,4.15,5.83,3.85,4.24,4.26,5.95,3.93,4.32,4.35,76,81,78,74,4.2,3.4,2.8,3.3
2025-11-20 21:00:00,2.53,1.8,2.11,1.87,5.54,4.42,4.7,4.57,5.69,4.54,4.83,4.69,5.81,4.63,4.93,4.78,75,71,77,79,3.6,2.9,2.5,2.9
2025-11-20 22:00:00,2.67,2.04,2.25,1.93,5.73,5.15,4.94,4.69,5.88,5.28,5.07,4.82,6.0,5.39,5.18,4.92,72,70,77,77,3.0,2.7,2.2,2.5
2025-11-20 23:00:00,2.89,2.15,2.23,2.07,6.17,5.22,5.07,5.04,6.33,5.36,5.2,5.17,6.46,5.47,5.31,5.28,70,76,76,78,2.7,2.5,2.0,2.3
2025-11-21 00:00:00,3.05,2.78,2.41,2.71,6.71,6.06,5.41,6.34,6.88,6.22,5.55,6.5,7.02,6.34,5.67,6.64,67,70,73,70,2.5,2.0,2.0,2.3
2025-11-21 01:00:00,3.11,2.67,2.67,2.8,6.94,6.1,5.97,6.39,7.12,6.26,6.13,6.56,7.27,6.39,6.25,6.69,67,68,68,66,2.4,1.9,2.0,2.1
2025-11-21 02:00:00,2.92,2.5,2.71,2.8,6.51,6.06,6.05,6.32,6.68,6.22,6.21,6.49,6.82,6.35,6.34,6.62,67,61,68,65,2.1,1.7,1.9,1.8
2025-11-21 03:00:00,3.11,3.25,3.06,3.45,6.06,6.2,5.78,6.39,6.22,6.36,5.94,6.55,6.35,6.49,6.06,6.69,62,66,67,62,3.6,3.5,3.6,3.3
2025-11-21 04:00:00,3.26,2.91,3.27,3.26,6.5,5.97,6.48,6.84,6.66,6.13,6.64,7.02,6.8,6.25,6.78,7.17,62,64,62,64,6.7,6.2,6.0,5.8
2025-11-21 05:00:00,4.01,3.65,3.73,3.9,5.57,5.39,5.63,5.37,5.71,5.53,5.77,5.51,5.83,5.65,5.89,5.63,55,57,58,59,8.7,7.8,7.6,8.0
2025-11-21 06:00:00,5.52,4.39,3.89,4.74,7.38,5.97,5.12,6.39,7.57,6.12,5.25,6.55,7.73,6.25,5.36,6.69,47,54,53,52,10.3,8.8,8.7,9.0
2025-11-21 07:00:00,5.84,4.85,4.26,4.89,7.82,6.45,5.63,6.6,8.03,6.62,5.77,6.77,8.19,6.76,5.89,6.91,51,52,55,52,10.8,9.8,9.7,9.7
2025-11-21 08:00:00,5.45,4.69,4.43,4.71,7.27,6.36,5.88,6.33,7.46,6.52,6.03,6.49,7.61,6.66,6.15,6.62,50,54,53,53,10.8,10.4,10.2,10.3
2025-11-21 09:00:00,4.24,3.47,3.97,4.24,5.83,4.69,5.42,5.86,5.98,4.81,5.56,6.01,6.11,4.91,5.68,6.14,52,61,52,51,10.6,10.6,10.0,10.2
2025-11-21 10:00:00,2.55,2.38,2.94,3.15,4.54,3.82,4.8,5.29,4.66,3.92,4.92,5.42,4.75,4.0,5.03,5.53,60,52,61,57,9.9,9.8,9.0,9.3
2025-11-21 11:00:00,1.55,2.11,1.31,1.99,3.76,5.23,3.65,5.1,3.85,5.37,3.75,5.23,3.93,5.48,3.83,5.34,67,62,81,65,7.2,7.1,6.5,6.9
2025-11-21 12:00:00,1.74,1.95,1.33,0.84,4.17,4.61,3.46,2.05,4.27,4.73,3.55,2.1,4.36,4.83,3.63,2.14,66,77,88,90,6.0,5.6,5.3,5.5
2025-11-21 13:00:00,1.86,1.75,0.99,1.19,4.44,4.26,2.61,2.88,4.55,4.37,2.67,2.95,4.64,4.46,2.73,3.01,78,77,111,88,6.2,5.4,5.8,5.3
2025-11-21 14:00:00,2.07,1.91,1.27,1.6,4.95,4.47,2.62,3.47,5.08,4.58,2.69,3.56,5.18,4.68,2.75,3.64,69,76,68,85,5.9,5.1,5.7,5.0
2025-11-21 15:00:00,1.83,1.31,1.66,1.48,4.47,3.41,3.66,3.27,4.58,3.5,3.75,3.35,4.68,3.58,3.83,3.42,76,88,91,89,5.3,4.9,5.2,4.8
2025-11-21 16:00:00,1.36,1.1,0.76,1.27,3.56,2.73,2.09,3.16,3.65,2.8,2.15,3.24,3.73,2.86,2.19,3.31,71,88,102,73,4.5,5.0,5.8,4.2
2025-11-21 17:00:00,1.37,0.89,0.95,1.3,3.63,2.39,2.01,3.17,3.73,2.45,2.07,3.25,3.8,2.5,2.11,3.32,78,92,97,93,4.7,5.2,5.2,4.5
2025-11-21 18:00:00,1.15,0.65,1.0,0.83,3.2,1.78,2.19,2.27,3.29,1.82,2.25,2.33,3.36,1.86,2.3,2.37,81,99,91,99,5.2,4.6,6.2,4.6
2025-11-21 19:00:00,1.46,1.26,1.52,0.71,3.41,2.83,2.75,1.73,3.5,2.9,2.83,1.78,3.57,2.96,2.88,1.81,91,79,103,100,4.9,4.2,5.6,4.6
2025-11-21 20:00:00,0.94,1.51,1.46,0.61,2.21,3.51,2.25,1.42,2.26,3.61,2.3,1.45,2.31,3.68,2.35,1.48,96,93,114,139,4.5,4.1,5.5,4.6
2025-11-21 21:00:00,1.13,0.94,1.21,0.71,1.93,2.03,1.87,1.97,1.98,2.08,1.92,2.02,2.02,2.12,1.96,2.06,106,117,97,230,4.0,4.5,4.7,4.4
2025-11-21 22:00:00,0.83,1.1,1.25,1.9,1.08,1.46,2.16,3.16,1.11,1.5,2.21,3.24,1.13,1.53,2.26,3.31,144,116,252,245,3.9,4.2,4.5,2.8
2025-11-21 23:00:00,0.65,0.6,1.93,1.98,0.91,0.94,4.48,4.29,0.93,0.96,4.6,4.41,0.95,0.98,4.69,4.5,106,189,256,242,4.3,4.8,4.0,3.1
2025-11-22 00:00:00,0.35,0.97,2.05,1.83,0.28,2.22,4.34,4.14,0.28,2.28,4.45,4.25,0.29,2.33,4.54,4.34,225,232,245,261,3.8,4.4,3.3,2.5
2025-11-22 01:00:00,1.91,1.6,1.53,1.92,3.37,3.11,3.61,4.57,3.46,3.2,3.7,4.69,3.53,3.26,3.78,4.78,274,250,251,236,3.0,2.7,3.3,3.8
2025-11-22 02:00:00,1.81,1.64,1.95,1.66,3.47,3.52,4.18,3.78,3.56,3.61,4.29,3.88,3.63,3.68,4.37,3.96,242,260,251,240,1.8,3.3,2.6,3.7
2025-11-22 03:00:00,1.52,2.12,2.33,1.58,3.48,4.17,4.65,3.98,3.57,4.28,4.77,4.09,3.64,4.37,4.87,4.17,239,233,235,248,4.3,4.5,4.9,5.4
2025-11-22 04:00:00,2.35,1.8,3.01,2.64,3.74,3.24,4.76,4.66,3.83,3.32,4.88,4.78,3.91,3.39,4.98,4.87,255,263,246,250,6.9,6.9,7.7,7.1
2025-11-22 05:00:00,3.31,2.9,3.45,2.64,4.27,3.68,4.41,3.47,4.38,3.77,4.53,3.56,4.47,3.85,4.62,3.63,244,238,254,244,7.9,8.4,8.9,8.5
2025-11-22 06:00:00,4.16,4.19,4.29,3.97,5.38,5.59,5.75,5.31,5.52,5.74,5.89,5.45,5.63,5.86,6.02,5.56,252,252,235,257,9.3,9.8,9.4,9.0
2025-11-22 07:00:00,4.69,4.05,4.04,4.66,6.13,5.3,5.27,6.17,6.29,5.43,5.4,6.33,6.42,5.55,5.51,6.46,256,257,262,249,10.0,10.0,9.8,9.6
2025-11-22 08:00:00,4.42,4.24,4.5,4.47,5.9,5.66,5.89,6.03,6.05,5.81,6.04,6.18,6.18,5.93,6.16,6.31,255,259,256,247,9.5,9.9,9.9,10.0
2025-11-22 09:00:00,4.45,4.52,4.64,4.38,6.55,6.14,6.14,5.96,6.72,6.3,6.3,6.11,6.86,6.43,6.43,6.24,255,248,250,246,8.5,9.5,9.2,10.0
2025-11-22 10:00:00,4.57,4.76,4.9,4.24,6.52,6.88,6.76,6.23,6.68,7.06,6.94,6.4,6.82,7.21,7.08,6.53,237,254,246,243,8.5,8.6,8.7,9.8
2025-11-22 11:00:00,3.57,4.32,4.21,2.51,6.44,7.21,7.12,5.46,6.61,7.39,7.31,5.6,6.75,7.55,7.46,5.72,240,238,240,240,8.1,7.6,8.0,8.0
2025-11-22 12:00:00,2.96,4.07,2.62,3.36,6.29,7.26,5.66,6.2,6.45,7.45,5.8,6.37,6.58,7.61,5.92,6.5,236,230,232,224,6.2,7.2,8.0,7.1
2025-11-22 13:00:00,2.84,2.96,2.19,2.47,6.14,6.15,5.2,5.39,6.3,6.31,5.34,5.53,6.43,6.44,5.45,5.65,228,238,236,221,6.0,7.4,6.9,6.3
2025-11-22 14:00:00,2.1,2.55,2.06,1.28,5.2,5.81,4.79,3.61,5.33,5.96,4.92,3.7,5.44,6.09,5.02,3.78,231,237,226,235,5.0,7.1,5.8,4.8
2025-11-22 15:00:00,0.96,2.08,1.41,0.79,3.71,5.02,3.76,2.93,3.81,5.15,3.86,3.01,3.89,5.25,3.94,3.07,247,230,229,255,4.8,5.9,5.0,4.3
2025-11-22 16:00:00,0.58,1.37,0.87,0.53,2.89,3.91,2.9,2.53,2.96,4.01,2.98,2.6,3.02,4.09,3.04,2.65,254,234,245,254,4.3,5.4,4.3,4.0
2025-11-22 17:00:00,0.32,0.61,0.4,0.1,1.93,2.73,1.75,1.27,1.98,2.8,1.8,1.3,2.02,2.86,1.83,1.33,260,254,257,293,3.7,4.6,3.9,3.7
2025-11-22 18:00:00,0.21,0.34,2.04,0.78,0.68,2.24,3.41,1.57,0.7,2.3,3.5,1.61,0.72,2.35,3.57,1.64,4,268,59,5,3.4,4.3,2.6,3.1
2025-11-22 19:00:00,1.97,0.72,2.19,1.96,3.2,1.06,5.45,3.32,3.29,1.09,5.59,3.4,3.36,1.11,5.71,3.48,46,16,63,60,2.0,3.0,2.4,2.1
2025-11-22 20:00:00,1.78,2.02,2.21,2.28,3.82,3.34,5.3,5.43,3.92,3.43,5.44,5.58,4.0,3.5,5.55,5.69,67,56,71,60,1.4,2.1,2.1,2.2
2025-11-22 21:00:00,1.95,2.2,2.5,2.49,4.88,5.05,5.96,5.81,5.01,5.18,6.11,5.96,5.11,5.29,6.24,6.08,65,59,66,67,1.4,1.9,1.8,1.9
2025-11-22 22:00:00,2.67,2.45,3.07,2.64,5.97,5.76,6.93,6.28,6.13,5.91,7.11,6.44,6.25,6.03,7.26,6.57,64,66,61,63,1.2,1.9,1.6,1.6
2025-11-22 23:00:00,3.3,2.88,3.47,3.3,7.14,6.41,7.39,7.26,7.32,6.58,7.58,7.45,7.48,6.71,7.74,7.6,60,65,62,62,0.8,1.5,1.3,1.5
2025-11-23 00:00:00,4.36,3.87,4.38,4.73,8.53,7.9,8.52,8.88,8.75,8.1,8.74,9.11,8.93,8.27,8.93,9.3,61,61,62,66,0.7,0.7,0.8,0.8
2025-11-23 01:00:00,4.62,4.85,5.08,4.76,8.94,9.27,9.42,8.83,9.17,9.51,9.66,9.06,9.36,9.71,9.86,9.25,63,61,64,68,0.6,0.8,0.8,0.6
2025-11-23 02:00:00,5.03,5.52,5.36,4.91,9.57,10.07,9.73,8.97,9.82,10.33,9.98,9.21,10.02,10.54,10.19,9.4,65,64,66,70,0.7,0.8,0.8,0.7
2025-11-23 03:00:00,5.64,5.88,5.47,5.14,9.72,9.95,9.44,8.88,9.97,10.21,9.68,9.11,10.18,10.42,9.88,9.3,67,66,68,72,1.9,2.1,2.3,2.4
2025-11-23 04:00:00,5.89,5.46,5.24,4.74,9.77,9.55,9.36,8.89,10.02,9.8,9.61,9.12,10.23,10.01,9.8,9.31,65,66,66,69,4.1,4.5,5.0,5.1
2025-11-23 05:00:00,6.17,6.1,6.06,5.76,10.0,9.37,8.78,8.12,10.26,9.61,9.0,8.33,10.47,9.81,9.19,8.5,59,60,60,61,6.0,6.5,7.6,8.1
2025-11-23 06:00:00,6.01,7.06,6.85,6.88,8.3,9.76,9.38,9.43,8.52,10.01,9.62,9.68,8.69,10.22,9.82,9.88,55,56,54,56,8.0,8.5,8.6,8.9
2025-11-23 07:00:00,5.81,6.72,6.46,6.72,7.72,9.02,8.61,8.91,7.92,9.25,8.83,9.14,8.08,9.44,9.01,9.33,53,55,54,57,9.1,9.5,9.7,10.0
2025-11-23 08:00:00,5.63,6.02,5.73,5.95,7.58,8.03,7.6,7.88,7.78,8.24,7.79,8.08,7.94,8.41,7.95,8.25,53,53,52,54,9.5,9.9,10.1,10.2
2025-11-23 09:00:00,5.02,5.13,5.06,5.2,7.18,7.03,6.85,7.11,7.37,7.21,7.03,7.29,7.52,7.36,7.17,7.44,49,50,50,48,9.2,10.0,10.1,9.8
2025-11-23 10:00:00,4.0,3.92,3.82,3.51,7.21,6.2,6.28,6.69,7.4,6.36,6.44,6.86,7.55,6.49,6.58,7.0,54,50,52,53,7.9,8.9,9.0,8.6
2025-11-23 11:00:00,2.82,2.38,2.53,2.0,6.13,5.65,5.75,5.04,6.29,5.8,5.9,5.17,6.42,5.92,6.03,5.27,62,61,63,62,5.9,6.7,6.9,6.4
2025-11-23 12:00:00,2.21,1.91,1.97,1.8,5.5,4.67,4.88,4.6,5.65,4.79,5.01,4.72,5.76,4.89,5.11,4.81,70,67,65,69,5.0,4.9,5.2,4.9
2025-11-23 13:00:00,2.27,1.58,1.73,1.25,5.62,4.03,4.4,3.65,5.77,4.14,4.52,3.74,5.89,4.22,4.61,3.82,62,65,62,67,5.1,4.3,4.4,4.7
2025-11-23 14:00:00,1.89,1.43,1.46,1.05,4.85,3.56,3.61,3.1,4.98,3.65,3.7,3.18,5.08,3.73,3.78,3.24,68,67,69,66,4.2,3.9,3.7,4.5
2025-11-23 15:00:00,1.43,1.17,1.1,0.79,3.8,2.7,2.67,1.83,3.89,2.77,2.74,1.87,3.97,2.83,2.79,1.91,66,73,72,81,3.1,3.2,3.1,4.1
2025-11-23 16:00:00,1.01,1.03,0.92,1.01,2.16,1.59,1.56,0.85,2.21,1.63,1.6,0.87,2.26,1.66,1.63,0.89,84,101,88,167,2.5,2.8,2.7,3.2
2025-11-23 17:00:00,0.98,1.24,1.32,1.03,1.47,1.19,1.32,1.7,1.51,1.23,1.35,1.75,1.54,1.25,1.38,1.78,96,168,180,246,2.2,2.4,2.4,2.3
2025-11-23 18:00:00,0.67,0.85,0.96,0.75,1.14,1.03,0.79,1.81,1.17,1.05,0.81,1.86,1.19,1.08,0.82,1.9,70,239,202,239,2.3,1.7,1.8,3.3
2025-11-23 19:00:00,0.68,0.2,0.87,0.43,1.42,0.52,1.42,1.33,1.45,0.54,1.45,1.36,1.48,0.55,1.48,1.39,86,292,274,262,1.9,2.6,1.9,3.2
2025-11-23 20:00:00,0.36,0.14,0.71,0.5,0.97,1.03,1.45,1.55,1.0,1.06,1.49,1.59,1.02,1.08,1.52,1.62,72,352,250,257,1.8,2.8,2.6,3.0
2025-11-23 21:00:00,0.3,0.32,0.27,0.34,0.88,0.07,0.87,1.31,0.9,0.07,0.89,1.35,0.92,0.07,0.91,1.37,56,225,243,255,1.6,2.5,3.0,3.0
2025-11-23 22:00:00,0.4,0.16,0.05,0.1,0.88,0.3,0.69,0.74,0.9,0.3,0.71,0.76,0.92,0.31,0.72,0.77,87,99,315,278,1.7,2.5,2.9,2.8
2025-11-23 23:00:00,0.5,0.28,0.07,0.15,2.22,1.25,0.49,0.83,2.28,1.28,0.5,0.85,2.33,1.31,0.51,0.87,52,39,360,357,1.9,2.0,2.6,2.4
2025-11-24 00:00:00,0.45,0.53,0.32,0.27,2.9,2.19,1.69,1.31,2.97,2.25,1.73,1.34,3.03,2.29,1.77,1.37,54,73,57,63,1.8,1.5,2.1,2.3
2025-11-24 01:00:00,0.22,1.27,0.72,1.25,1.87,3.34,2.55,3.23,1.91,3.42,2.62,3.31,1.95,3.49,2.67,3.38,70,61,66,56,1.5,1.1,1.6,1.3
2025-11-24 02:00:00,1.25,1.52,1.27,1.66,3.45,3.83,3.21,4.19,3.54,3.93,3.29,4.29,3.61,4.01,3.36,4.38,59,68,66,62,0.3,0.7,1.1,0.9
2025-11-24 03:00:00,1.62,1.76,1.71,1.7,4.15,4.05,3.95,3.91,4.25,4.15,4.05,4.01,4.34,4.24,4.14,4.09,70,68,66,67,2.1,2.2,2.6,2.4
2025-11-24 04:00:00,2.32,2.17,2.17,1.98,4.1,4.27,4.17,4.02,4.2,4.38,4.28,4.13,4.29,4.47,4.37,4.21,63,64,67,71,4.4,4.2,4.6,4.2
2025-11-24 05:00:00,2.52,2.38,2.79,2.3,3.42,3.51,3.97,3.34,3.51,3.6,4.08,3.43,3.58,3.68,4.16,3.5,57,61,57,59,5.9,5.5,5.7,5.7
2025-11-24 06:00:00,2.13,1.81,2.58,2.62,2.81,2.38,3.42,3.53,2.88,2.44,3.51,3.62,2.94,2.49,3.58,3.7,51,59,54,55,7.0,6.8,6.9,7.1
2025-11-24 07:00:00,1.7,1.59,2.41,2.51,2.15,1.97,2.99,3.14,2.21,2.02,3.06,3.22,2.25,2.07,3.13,3.29,57,57,56,54,8.2,7.9,8.0,8.3
2025-11-24 08:00:00,1.71,0.85,1.23,2.18,2.1,0.98,1.48,2.64,2.15,1.01,1.52,2.71,2.2,1.03,1.55,2.77,59,63,73,60,8.3,8.6,8.9,9.0
2025-11-24 09:00:00,1.0,0.14,0.32,1.36,1.22,0.33,0.22,1.65,1.25,0.34,0.22,1.69,1.28,0.34,0.23,1.73,92,207,63,71,8.1,9.1,9.4,9.2
2025-11-24 10:00:00,0.35,0.52,0.25,0.76,1.43,1.59,0.87,1.17,1.47,1.63,0.89,1.2,1.5,1.66,0.91,1.23,162,223,232,85,6.4,8.8,9.1,8.7
2025-11-24 11:00:00,0.18,1.2,1.11,0.4,1.49,2.9,3.21,1.3,1.52,2.97,3.29,1.33,1.56,3.04,3.36,1.36,221,253,240,167,4.9,6.4,6.8,6.1
2025-11-24 12:00:00,0.98,1.97,1.81,1.85,1.89,3.74,3.56,3.75,1.94,3.84,3.65,3.85,1.98,3.92,3.73,3.93,235,262,261,254,4.4,4.8,4.9,4.9
2025-11-24 13:00:00,1.98,2.14,2.0,1.91,3.56,4.52,3.8,3.67,3.65,4.64,3.89,3.76,3.73,4.74,3.98,3.84,229,233,241,251,4.4,4.1,3.8,3.7
2025-11-24 14:00:00,2.06,2.26,2.17,1.97,4.08,4.91,4.53,4.11,4.19,5.03,4.65,4.22,4.28,5.14,4.74,4.31,234,229,230,229,3.4,4.4,3.8,3.7
2025-11-24 15:00:00,1.89,2.57,2.58,2.15,4.03,5.49,5.56,4.47,4.14,5.63,5.7,4.58,4.22,5.75,5.82,4.68,243,235,236,231,3.1,4.7,4.4,3.9
2025-11-24 16:00:00,2.22,3.29,3.52,2.26,4.67,6.45,6.68,4.9,4.79,6.62,6.85,5.03,4.89,6.75,6.99,5.13,240,235,235,233,3.3,5.0,4.7,4.0
2025-11-24 17:00:00,2.37,3.65,4.07,2.3,5.3,6.75,7.31,5.22,5.44,6.92,7.5,5.36,5.55,7.07,7.66,5.47,242,238,236,239,3.6,4.9,4.6,3.6
2025-11-24 18:00:00,2.71,4.12,4.36,2.92,5.67,7.27,7.68,6.26,5.82,7.46,7.88,6.43,5.94,7.62,8.04,6.56,230,236,237,241,3.9,4.0,4.3,4.1
2025-11-24 19:00:00,3.62,4.61,4.51,3.8,6.9,7.91,7.92,7.06,7.08,8.11,8.13,7.24,7.23,8.28,8.3,7.39,234,232,236,237,4.0,4.1,4.1,4.1
2025-11-24 20:00:00,4.1,4.3,4.41,4.57,7.6,7.92,8.16,7.79,7.8,8.13,8.37,7.99,7.96,8.3,8.54,8.16,238,238,239,227,3.7,4.1,4.2,4.1
2025-11-24 21:00:00,4.84,4.65,4.44,3.39,8.69,8.57,8.24,6.7,8.91,8.8,8.45,6.88,9.1,8.98,8.63,7.02,234,241,243,229,4.0,4.0,4.1,4.1
2025-11-24 22:00:00,4.19,5.04,5.06,2.73,7.93,9.12,8.89,5.85,8.14,9.36,9.12,6.01,8.31,9.55,9.31,6.13,239,236,234,236,3.9,4.1,4.5,4.0
2025-11-24 23:00:00,3.66,5.07,4.02,2.19,7.63,9.5,7.83,5.27,7.83,9.74,8.03,5.41,7.99,9.94,8.2,5.52,232,234,241,244,4.4,5.5,4.4,2.8
2025-11-25 00:00:00,3.32,3.22,3.69,3.84,6.77,7.18,7.27,7.35,6.95,7.36,7.46,7.55,7.09,7.52,7.62,7.7,247,258,251,235,3.9,3.8,4.4,3.4
2025-11-25 01:00:00,4.0,3.39,3.33,3.56,7.27,6.59,6.5,7.0,7.46,6.76,6.67,7.18,7.62,6.9,6.81,7.33,226,241,240,246,3.9,3.3,4.0,3.9
2025-11-25 02:00:00,3.13,4.2,3.54,3.07,6.88,7.83,7.08,6.18,7.06,8.03,7.27,6.34,7.2,8.2,7.42,6.47,240,233,229,232,3.6,3.9,3.7,3.4
2025-11-25 03:00:00,2.84,3.91,3.7,3.16,6.2,7.23,6.7,6.08,6.37,7.42,6.88,6.24,6.5,7.57,7.02,6.37,236,233,229,232,5.1,5.6,5.7,5.2
2025-11-25 04:00:00,2.69,2.44,2.86,2.04,4.83,4.46,4.79,3.81,4.95,4.57,4.92,3.91,5.05,4.67,5.02,3.99,237,250,227,249,7.3,7.8,8.5,7.3
2025-11-25 05:00:00,1.9,2.34,1.51,0.9,2.56,3.09,1.91,1.08,2.62,3.17,1.96,1.11,2.68,3.23,2.0,1.13,239,249,251,262,9.4,9.5,10.5,8.5
2025-11-25 06:00:00,1.41,1.9,1.7,1.73,1.71,2.16,1.97,1.91,1.76,2.21,2.02,1.96,1.79,2.26,2.07,2.0,265,288,303,328,11.3,10.7,11.4,10.1
2025-11-25 07:00:00,1.46,2.18,1.99,2.07,1.57,2.36,2.23,2.3,1.61,2.42,2.28,2.36,1.64,2.47,2.33,2.41,5,7,23,36,11.3,10.0,11.1,10.0
2025-11-25 08:00:00,2.8,2.83,3.28,3.55,3.33,3.35,3.95,4.25,3.41,3.44,4.05,4.36,3.48,3.51,4.13,4.45,51,49,61,58,10.6,9.5,10.1,9.4
2025-11-25 09:00:00,3.62,3.3,3.54,4.25,4.77,4.22,4.4,5.52,4.9,4.33,4.52,5.66,5.0,4.42,4.61,5.78,58,59,65,65,9.0,8.7,9.3,8.2
2025-11-25 10:00:00,3.31,3.58,3.47,3.79,4.97,5.57,5.06,5.43,5.1,5.71,5.19,5.57,5.2,5.83,5.3,5.68,69,67,66,63,7.4,6.9,7.7,7.3
2025-11-25 11:00:00,2.4,3.23,3.09,3.91,5.11,6.23,5.95,7.41,5.24,6.39,6.1,7.61,5.35,6.53,6.23,7.76,77,74,68,62,5.3,4.9,5.4,5.4
2025-11-25 12:00:00,3.38,2.96,2.89,3.18,7.26,6.42,6.19,6.8,7.45,6.59,6.35,6.98,7.6,6.72,6.48,7.12,63,67,65,62,5.5,5.0,5.3,5.1
2025-11-25 13:00:00,4.39,4.41,4.29,4.52,8.31,8.48,8.22,8.65,8.52,8.7,8.43,8.88,8.7,8.88,8.6,9.06,62,62,63,62,5.7,5.0,5.3,5.1
2025-11-25 14:00:00,5.02,5.64,5.43,5.21,9.23,10.33,9.94,9.64,9.47,10.6,10.2,9.89,9.66,10.82,10.41,10.09,61,62,62,62,4.9,4.7,5.1,4.7
2025-11-25 15:00:00,5.65,6.43,6.25,6.03,10.23,11.25,10.94,10.64,10.5,11.54,11.23,10.91,10.72,11.78,11.46,11.14,61,63,64,62,4.2,4.3,4.7,4.0
2025-11-25 16:00:00,6.18,6.3,6.09,6.46,10.83,10.89,10.48,11.14,11.11,11.17,10.76,11.43,11.34,11.4,10.98,11.67,67,69,70,69,3.9,3.8,3.9,3.5
2025-11-25 17:00:00,6.08,6.01,5.85,6.45,10.51,10.36,10.18,10.95,10.79,10.63,10.44,11.24,11.01,10.85,10.66,11.47,73,75,73,74,3.8,3.3,3.2,3.2
2025-11-25 18:00:00,5.61,6.03,6.08,5.79,9.82,10.32,10.39,9.85,10.07,10.59,10.66,10.1,10.28,10.81,10.88,10.31,78,78,77,80,3.2,2.5,2.7,2.8
2025-11-25 19:00:00,5.52,5.79,5.72,5.46,9.54,9.93,9.9,9.32,9.79,10.19,10.15,9.56,9.99,10.4,10.36,9.76,77,80,82,83,2.9,2.4,2.6,2.7
2025-11-25 20:00:00,5.29,5.41,5.27,5.2,9.26,9.41,9.27,8.86,9.5,9.66,9.51,9.09,9.7,9.86,9.71,9.27,78,81,81,85,2.8,2.4,2.3,2.8
2025-11-25 21:00:00,5.13,5.31,5.17,5.05,9.14,9.24,9.18,8.87,9.38,9.48,9.41,9.1,9.57,9.67,9.61,9.29,77,81,79,81,2.4,2.4,2.1,2.6
2025-11-25 22:00:00,5.2,5.32,5.28,5.17,9.47,9.34,9.35,9.15,9.72,9.58,9.59,9.38,9.92,9.78,9.79,9.58,74,79,77,79,2.2,2.3,2.2,2.4
2025-11-25 23:00:00,5.4,5.27,5.32,5.27,9.71,9.42,9.54,9.53,9.96,9.67,9.79,9.77,10.17,9.87,9.99,9.98,75,78,77,76,2.2,2.0,2.0,2.0
2025-11-26 00:00:00,5.83,5.32,5.54,5.43,10.33,9.6,9.96,9.88,10.6,9.85,10.22,10.14,10.82,10.05,10.43,10.35,79,77,78,76,2.5,2.0,2.3,2.0
2025-11-26 01:00:00,5.63,5.37,5.69,5.57,10.15,9.65,10.11,10.08,10.42,9.9,10.37,10.34,10.63,10.11,10.58,10.55,77,78,77,78,2.3,2.2,2.5,2.2
2025-11-26 02:00:00,5.73,5.59,5.76,5.64,10.32,10.0,10.2,10.19,10.59,10.26,10.47,10.46,10.81,10.47,10.68,10.67,78,76,76,77,2.3,2.2,2.4,2.4
2025-11-26 03:00:00,6.11,6.1,6.23,6.01,10.53,10.49,10.66,10.47,10.81,10.76,10.94,10.74,11.03,10.98,11.17,10.97,75,75,75,77,3.7,3.6,3.7,3.9
2025-11-26 04:00:00,6.48,6.55,6.61,6.37,11.44,11.61,11.13,11.31,11.73,11.91,11.42,11.61,11.98,12.15,11.65,11.85,71,72,72,72,6.4,6.7,6.9,7.0
2025-11-26 05:00:00,7.14,7.25,7.18,7.29,12.04,11.62,11.12,11.22,12.35,11.92,11.4,11.52,12.61,12.17,11.64,11.75,67,67,67,67,9.3,9.7,9.5,9.8
2025-11-26 06:00:00,8.05,7.94,7.86,7.66,12.28,12.79,12.86,11.77,12.6,13.12,13.19,12.07,12.86,13.39,13.47,12.32,69,69,68,67,11.6,11.3,11.1,11.2
2025-11-26 07:00:00,8.44,8.48,8.31,8.16,13.03,12.67,12.27,11.83,13.37,13.0,12.59,12.14,13.65,13.27,12.85,12.39,64,65,64,63,12.2,12.4,12.1,12.3
2025-11-26 08:00:00,8.19,8.33,7.97,7.81,12.82,12.62,11.99,11.64,13.15,12.95,12.3,11.94,13.42,13.22,12.55,12.19,65,65,63,62,12.9,12.8,12.7,12.7
2025-11-26 09:00:00,7.08,7.14,6.66,6.85,12.61,12.57,12.02,11.18,12.94,12.9,12.33,11.47,13.2,13.17,12.59,11.71,66,67,66,64,12.6,12.7,12.4,12.7
2025-11-26 10:00:00,6.6,6.65,6.46,6.31,10.66,10.54,10.14,9.98,10.94,10.82,10.41,10.24,11.17,11.04,10.62,10.45,71,71,70,69,11.6,11.7,11.5,11.8
2025-11-26 11:00:00,5.42,5.11,5.03,4.95,9.43,9.08,8.95,8.84,9.68,9.32,9.18,9.07,9.88,9.51,9.37,9.25,76,78,76,74,9.2,9.2,9.0,9.2
2025-11-26 12:00:00,4.25,4.3,3.8,3.8,8.29,8.07,7.68,7.65,8.51,8.28,7.88,7.85,8.69,8.45,8.05,8.01,87,85,82,81,7.6,7.3,6.9,7.1
2025-11-26 13:00:00,3.63,3.47,3.03,3.16,7.15,6.95,6.67,6.85,7.34,7.13,6.84,7.03,7.49,7.28,6.98,7.17,84,85,81,81,6.0,5.5,5.2,5.4
2025-11-26 14:00:00,2.99,2.78,2.49,2.7,6.12,5.92,5.75,6.16,6.28,6.07,5.9,6.32,6.41,6.2,6.03,6.45,85,85,79,81,4.7,4.4,3.9,4.1
2025-11-26 15:00:00,2.69,2.14,2.08,2.3,5.5,4.81,5.11,5.56,5.64,4.94,5.24,5.71,5.76,5.04,5.35,5.83,83,83,77,79,3.8,3.3,3.0,3.1
2025-11-26 16:00:00,2.3,2.06,1.79,1.98,4.9,4.54,4.67,5.0,5.02,4.66,4.79,5.13,5.13,4.76,4.89,5.24,80,81,74,75,2.6,2.6,2.4,2.4
2025-11-26 17:00:00,1.8,1.56,1.63,1.88,3.89,3.78,4.13,4.48,3.99,3.88,4.24,4.6,4.07,3.96,4.33,4.69,78,75,73,76,1.9,1.9,1.9,2.0
2025-11-26 18:00:00,1.59,1.28,1.45,1.84,4.06,2.92,3.51,4.04,4.16,3.0,3.61,4.15,4.25,3.06,3.68,4.23,70,75,73,77,1.8,1.4,1.3,1.6
2025-11-26 19:00:00,1.63,1.03,1.18,1.46,3.64,2.11,2.55,3.16,3.74,2.16,2.62,3.24,3.81,2.21,2.67,3.31,78,83,77,77,1.2,1.2,1.1,1.2
2025-11-26 20:00:00,1.29,1.12,1.08,1.08,3.04,2.39,2.39,2.45,3.11,2.45,2.45,2.51,3.18,2.5,2.51,2.56,84,92,86,77,1.5,1.9,1.5,1.2
2025-11-26 21:00:00,1.19,1.36,1.25,1.08,2.51,2.48,2.79,2.49,2.57,2.55,2.87,2.55,2.63,2.6,2.93,2.6,98,106,96,91,2.6,2.9,2.3,2.1
2025-11-26 22:00:00,1.22,1.19,1.36,1.29,2.29,2.05,2.33,2.47,2.35,2.1,2.39,2.53,2.4,2.15,2.44,2.58,102,108,110,108,3.7,3.7,3.1,2.8
2025-11-26 23:00:00,0.53,0.6,0.67,0.94,1.7,1.59,1.41,1.73,1.75,1.63,1.45,1.78,1.79,1.67,1.48,1.81,121,153,136,122,5.6,5.7,4.8,4.0
2025-11-27 00:00:00,1.67,0.92,0.36,0.94,3.39,2.3,1.5,1.94,3.48,2.36,1.54,1.99,3.55,2.41,1.58,2.03,263,234,205,242,4.1,5.1,5.7,4.3
2025-11-27 01:00:00,0.79,2.02,1.44,1.91,2.51,3.87,2.77,3.43,2.57,3.97,2.84,3.52,2.62,4.05,2.9,3.59,257,247,244,240,2.4,2.7,3.5,2.6
2025-11-27 02:00:00,0.86,1.96,1.95,2.1,2.66,4.02,3.51,3.9,2.73,4.13,3.61,4.0,2.78,4.21,3.68,4.08,256,259,251,252,3.1,2.3,2.0,2.2
2025-11-27 03:00:00,1.6,1.88,2.03,2.15,3.51,3.98,4.17,4.62,3.6,4.09,4.28,4.74,3.67,4.17,4.36,4.84,271,255,259,256,3.6,3.9,4.0,4.2
2025-11-27 04:00:00,1.66,1.81,2.57,2.64,3.05,3.03,4.12,4.25,3.13,3.11,4.23,4.36,3.2,3.17,4.31,4.45,250,244,259,245,6.4,7.0,6.3,6.8
2025-11-27 05:00:00,0.65,0.89,1.33,2.03,2.14,2.09,2.89,3.38,2.19,2.15,2.97,3.47,2.24,2.19,3.03,3.54,246,242,237,234,8.8,9.6,8.7,9.6
2025-11-27 06:00:00,0.75,0.84,1.43,2.92,0.38,1.03,1.84,3.71,0.39,1.05,1.88,3.8,0.4,1.08,1.92,3.88,310,265,248,245,9.3,10.9,11.2,11.1
2025-11-27 07:00:00,0.38,1.45,2.48,3.87,0.29,1.79,3.1,5.01,0.3,1.83,3.18,5.14,0.31,1.87,3.25,5.25,270,259,254,243,10.9,12.5,12.5,11.8
2025-11-27 08:00:00,0.85,2.32,3.0,4.27,1.03,2.94,3.85,5.49,1.06,3.02,3.95,5.64,1.08,3.08,4.03,5.75,262,251,252,245,11.7,13.5,13.0,12.2
2025-11-27 09:00:00,0.91,2.63,3.33,4.32,2.18,3.38,4.38,5.62,2.24,3.47,4.49,5.77,2.29,3.54,4.59,5.89,241,245,243,248,11.4,13.7,12.9,12.0
2025-11-27 10:00:00,1.7,1.79,2.48,3.15,3.67,3.8,4.56,5.48,3.76,3.89,4.67,5.62,3.84,3.98,4.77,5.73,234,241,238,249,9.1,11.8,11.6,10.7
2025-11-27 11:00:00,2.18,1.97,2.47,3.01,4.54,4.46,5.41,5.97,4.66,4.57,5.55,6.13,4.76,4.67,5.66,6.25,235,240,236,244,5.9,7.8,8.4,7.7
2025-11-27 12:00:00,1.82,2.39,2.61,2.82,4.01,5.14,5.98,5.86,4.11,5.27,6.13,6.01,4.2,5.38,6.26,6.14,233,235,238,231,6.6,6.8,7.3,7.3
2025-11-27 13:00:00,2.15,2.65,2.93,2.93,4.8,5.73,6.45,5.93,4.92,5.88,6.62,6.09,5.03,6.0,6.76,6.21,237,236,239,228,6.4,6.6,7.3,6.9
2025-11-27 14:00:00,2.71,2.95,3.09,2.97,5.97,6.3,6.46,5.9,6.12,6.46,6.63,6.05,6.25,6.59,6.77,6.17,234,233,232,227,6.2,7.0,7.1,6.6
2025-11-27 15:00:00,2.93,3.02,2.91,2.97,6.18,6.19,6.07,5.79,6.34,6.35,6.23,5.94,6.47,6.48,6.36,6.06,234,235,234,226,6.4,6.9,6.7,6.4
2025-11-27 16:00:00,2.97,3.05,3.18,2.84,5.93,6.08,6.3,5.48,6.08,6.24,6.47,5.62,6.21,6.37,6.6,5.74,231,232,231,227,6.3,6.6,6.7,5.7
2025-11-27 17:00:00,2.58,2.91,3.07,2.56,5.27,5.83,6.0,5.11,5.4,5.98,6.15,5.24,5.52,6.11,6.28,5.35,231,232,231,235,5.6,6.1,6.2,5.3
2025-11-27 18:00:00,0.76,2.81,2.76,2.95,1.77,5.42,5.4,5.75,1.82,5.56,5.54,5.9,1.86,5.68,5.65,6.03,238,232,233,231,3.0,5.3,5.5,5.7
2025-11-27 19:00:00,0.94,2.57,2.59,2.4,1.05,4.86,5.11,5.15,1.07,4.99,5.24,5.28,1.1,5.09,5.35,5.39,208,232,232,233,3.1,4.6,5.0,4.9
2025-11-27 20:00:00,0.83,1.92,1.87,1.68,0.6,4.22,4.2,4.0,0.62,4.33,4.31,4.1,0.63,4.42,4.4,4.19,194,236,238,248,2.6,3.9,4.0,4.1
2025-11-27 21:00:00,0.6,1.56,1.16,0.97,0.35,3.68,3.24,3.1,0.36,3.78,3.32,3.18,0.37,3.86,3.39,3.24,164,244,258,257,3.0,3.3,3.5,4.3
2025-11-27 22:00:00,0.35,0.93,0.81,0.4,0.57,3.0,2.92,2.16,0.59,3.08,3.0,2.21,0.6,3.15,3.06,2.26,70,262,259,264,3.7,3.7,4.3,4.5
2025-11-27 23:00:00,0.64,0.61,0.72,0.32,1.2,2.71,2.81,1.4,1.23,2.78,2.89,1.43,1.26,2.84,2.95,1.46,117,262,256,245,3.3,4.1,4.1,3.8
2025-11-28 00:00:00,0.54,0.47,0.3,0.52,1.61,2.22,1.53,2.47,1.66,2.28,1.57,2.53,1.69,2.33,1.6,2.59,61,244,248,255,1.4,3.2,3.2,3.5
2025-11-28 01:00:00,1.3,0.56,0.3,0.3,2.9,2.25,1.38,1.9,2.98,2.3,1.41,1.95,3.04,2.35,1.44,1.99,82,246,247,269,-0.2,2.8,2.8,3.1
2025-11-28 02:00:00,1.13,0.51,0.4,0.36,2.54,2.03,1.38,1.82,2.6,2.08,1.42,1.87,2.66,2.12,1.44,1.91,87,243,238,254,-0.1,2.6,2.4,2.7
2025-11-28 03:00:00,1.07,0.47,0.51,0.81,2.2,1.92,1.72,2.33,2.25,1.97,1.77,2.39,2.3,2.01,1.8,2.44,86,243,225,233,2.1,3.7,3.8,3.9
2025-11-28 04:00:00,1.29,1.07,0.56,1.31,1.68,1.92,1.17,2.56,1.73,1.97,1.2,2.62,1.76,2.01,1.23,2.68,100,240,265,235,5.3,5.9,5.9,6.4
2025-11-28 05:00:00,1.05,0.79,0.38,1.41,1.32,1.75,0.86,2.21,1.35,1.79,0.89,2.26,1.38,1.83,0.9,2.31,92,240,254,239,6.8,7.1,6.6,7.8
2025-11-28 06:00:00,1.76,0.86,1.63,0.67,2.16,1.14,2.04,0.83,2.22,1.17,2.09,0.86,2.27,1.19,2.13,0.87,67,250,253,263,6.5,8.5,9.3,8.5
2025-11-28 07:00:00,1.29,0.95,1.98,1.1,1.61,1.19,2.41,1.32,1.65,1.22,2.47,1.36,1.68,1.24,2.53,1.39,88,261,256,264,7.6,9.7,10.6,9.8
2025-11-28 08:00:00,0.92,1.25,2.39,1.82,1.14,1.52,2.92,2.26,1.17,1.56,3.0,2.32,1.19,1.6,3.06,2.36,100,263,255,256,8.6,10.4,11.4,10.6
2025-11-28 09:00:00,0.6,1.55,2.36,2.47,0.76,1.89,2.96,3.15,0.78,1.94,3.04,3.23,0.79,1.98,3.1,3.29,105,258,261,254,8.6,10.5,11.4,10.7
2025-11-28 10:00:00,0.45,1.16,1.46,2.04,0.52,2.22,3.02,3.9,0.53,2.28,3.1,4.0,0.54,2.33,3.16,4.09,131,255,269,250,6.4,8.9,10.0,9.6
2025-11-28 11:00:00,0.16,0.73,1.2,2.19,0.35,2.4,3.13,4.73,0.36,2.47,3.21,4.85,0.37,2.52,3.28,4.96,196,252,265,238,4.1,5.8,6.7,6.5
2025-11-28 12:00:00,0.35,1.17,1.19,3.59,0.94,2.89,3.22,7.12,0.96,2.96,3.3,7.31,0.98,3.02,3.37,7.46,189,233,238,240,4.5,4.9,5.7,6.0
2025-11-28 13:00:00,1.64,1.79,1.42,4.38,2.77,3.73,3.49,8.31,2.84,3.83,3.58,8.52,2.9,3.91,3.65,8.7,204,229,229,242,4.0,4.2,4.7,5.4
2025-11-28 14:00:00,1.28,2.08,1.27,4.92,2.76,4.53,3.64,9.0,2.84,4.65,3.74,9.24,2.9,4.74,3.81,9.43,229,238,242,239,3.5,3.9,4.4,4.9
2025-11-28 15:00:00,1.17,2.36,1.4,4.9,2.94,5.36,3.92,9.16,3.02,5.5,4.02,9.4,3.08,5.61,4.11,9.59,246,243,243,239,3.5,3.7,4.0,4.6
2025-11-28 16:00:00,1.2,2.54,1.35,4.81,3.3,5.88,3.8,9.18,3.38,6.03,3.9,9.42,3.45,6.16,3.98,9.61,246,237,239,242,3.1,3.8,3.4,4.4
2025-11-28 17:00:00,1.35,2.46,0.72,4.46,3.66,5.71,3.04,8.81,3.75,5.86,3.12,9.03,3.83,5.98,3.18,9.22,249,233,248,243,2.7,3.5,3.3,4.0
2025-11-28 18:00:00,0.54,1.82,0.88,2.52,1.97,4.54,3.22,6.47,2.02,4.65,3.3,6.64,2.07,4.75,3.37,6.78,250,242,252,243,3.1,2.2,2.8,3.4
2025-11-28 19:00:00,0.2,1.32,0.67,2.27,1.66,4.01,2.94,5.79,1.7,4.11,3.02,5.95,1.74,4.2,3.08,6.07,246,252,263,252,2.2,2.4,2.2,2.4
2025-11-28 20:00:00,0.21,0.85,0.55,2.09,1.63,3.29,2.73,5.35,1.68,3.37,2.8,5.49,1.71,3.44,2.86,5.6,260,263,268,247,2.0,2.4,1.5,1.8
2025-11-28 21:00:00,0.25,0.4,0.38,1.2,1.79,2.49,2.17,4.15,1.83,2.55,2.23,4.26,1.87,2.6,2.27,4.35,281,270,261,254,1.8,1.6,1.3,1.2
2025-11-28 22:00:00,0.18,0.16,0.22,0.74,1.28,1.58,1.71,3.0,1.32,1.62,1.75,3.08,1.34,1.65,1.79,3.14,279,261,273,283,1.1,1.1,0.9,0.2
2025-11-28 23:00:00,0.22,0.27,0.25,0.18,0.68,1.03,1.31,1.39,0.69,1.05,1.34,1.42,0.71,1.08,1.37,1.45,330,301,297,252,0.3,0.1,0.1,-0.4
2025-11-29 00:00:00,1.01,0.11,0.21,1.01,2.05,0.74,1.45,2.2,2.1,0.76,1.49,2.26,2.15,0.78,1.52,2.31,28,293,290,72,-0.9,-0.8,0.1,-1.1
2025-11-29 01:00:00,0.86,0.2,0.28,1.83,2.56,0.2,0.96,4.07,2.62,0.21,0.99,4.17,2.68,0.21,1.01,4.26,55,14,330,71,-1.5,-0.9,-0.7,-1.0
2025-11-29 02:00:00,1.25,0.47,0.56,2.12,3.66,1.59,1.11,5.2,3.75,1.63,1.14,5.33,3.83,1.67,1.16,5.44,69,50,38,67,-1.7,-1.3,-1.5,-1.1
2025-11-29 03:00:00,2.14,1.16,1.11,2.49,4.79,3.15,2.25,5.21,4.92,3.23,2.3,5.35,5.02,3.3,2.35,5.46,73,68,77,62,-0.4,-0.4,-0.1,-0.1
2025-11-29 04:00:00,2.62,2.21,2.02,2.36,5.06,4.62,3.95,5.09,5.19,4.74,4.05,5.22,5.3,4.83,4.13,5.33,65,68,72,60,1.6,1.4,1.7,1.9
2025-11-29 05:00:00,2.97,2.6,2.84,3.18,4.2,3.57,3.71,4.5,4.31,3.66,3.8,4.62,4.4,3.74,3.88,4.71,52,58,55,50,3.0,2.7,2.7,3.6
2025-11-29 06:00:00,4.08,2.55,3.04,2.8,5.55,3.29,3.97,3.62,5.69,3.37,4.07,3.72,5.81,3.44,4.15,3.79,45,55,47,48,4.9,3.5,3.8,4.6
2025-11-29 07:00:00,4.31,2.72,3.29,3.05,5.92,3.48,4.28,3.9,6.08,3.58,4.39,4.0,6.2,3.65,4.48,4.08,51,48,49,48,6.1,4.5,5.0,5.9
2025-11-29 08:00:00,4.17,2.76,3.54,3.05,5.7,3.56,4.63,3.9,5.85,3.65,4.75,4.0,5.97,3.73,4.84,4.08,49,49,48,48,6.4,5.2,6.0,6.5
2025-11-29 09:00:00,3.23,2.72,3.43,2.72,4.94,3.56,4.62,3.49,5.07,3.65,4.74,3.59,5.17,3.73,4.84,3.66,49,49,47,50,5.9,5.3,6.1,6.4
2025-11-29 10:00:00,2.02,2.13,2.87,1.8,4.91,4.38,5.0,3.1,5.04,4.49,5.13,3.18,5.15,4.59,5.24,3.25,60,55,52,60,4.2,4.2,5.1,5.5
2025-11-29 11:00:00,1.87,2.04,2.25,1.21,4.9,5.23,5.6,3.38,5.02,5.37,5.75,3.46,5.13,5.48,5.87,3.53,68,63,63,72,1.1,1.3,2.8,2.7
2025-11-29 12:00:00,2.07,2.15,2.1,0.89,5.13,5.58,5.32,2.1,5.26,5.72,5.46,2.16,5.37,5.84,5.57,2.2,66,64,65,85,0.6,1.6,2.0,1.8
2025-11-29 13:00:00,2.22,2.23,2.14,0.59,5.5,5.76,5.41,2.38,5.64,5.91,5.55,2.44,5.76,6.03,5.66,2.49,61,62,62,67,0.9,1.5,1.7,2.0
2025-11-29 14:00:00,2.05,2.17,2.0,0.91,5.25,5.41,5.03,3.01,5.39,5.55,5.17,3.09,5.5,5.66,5.27,3.15,64,64,64,65,0.7,1.3,1.2,1.9
2025-11-29 15:00:00,1.87,1.96,1.92,1.15,4.97,4.97,5.08,3.44,5.1,5.1,5.21,3.53,5.2,5.2,5.32,3.61,63,64,62,65,0.4,0.9,0.7,1.6
2025-11-29 16:00:00,1.8,1.7,1.88,1.3,4.93,4.62,5.28,3.84,5.05,4.74,5.42,3.94,5.16,4.84,5.53,4.02,63,64,61,63,-0.1,0.3,0.2,1.3
2025-11-29 17:00:00,1.76,1.63,1.89,1.45,4.9,4.56,5.32,4.14,5.03,4.67,5.46,4.25,5.14,4.77,5.57,4.34,62,63,62,62,-0.4,-0.2,-0.1,1.0
2025-11-29 18:00:00,1.7,1.71,1.72,1.74,4.89,4.73,4.9,4.75,5.02,4.85,5.03,4.87,5.12,4.95,5.14,4.98,60,62,63,63,-0.7,-0.6,-0.4,-0.1
2025-11-29 19:00:00,1.77,1.75,1.71,1.82,4.9,4.82,4.86,5.01,5.03,4.94,4.99,5.14,5.14,5.04,5.09,5.25,63,63,62,62,-1.4,-0.7,-0.6,-0.3
2025-11-29 20:00:00,1.74,1.61,1.71,1.81,4.86,4.56,4.84,5.12,4.99,4.68,4.96,5.26,5.09,4.77,5.07,5.36,64,65,64,62,-1.3,-0.7,-0.7,-0.4
2025-11-29 21:00:00,1.68,1.52,1.64,1.72,4.6,4.24,4.56,4.84,4.72,4.35,4.68,4.96,4.82,4.44,4.78,5.07,64,67,67,64,-1.4,-0.6,-0.7,-0.5
2025-11-29 22:00:00,1.42,1.44,1.55,1.62,4.18,3.93,4.15,4.47,4.29,4.03,4.25,4.58,4.38,4.12,4.34,4.68,64,70,70,63,-1.5,-0.4,-0.6,-0.5
2025-11-29 23:00:00,1.16,1.27,1.39,1.66,3.8,3.63,3.72,4.47,3.9,3.72,3.82,4.58,3.98,3.8,3.9,4.68,67,75,76,63,-1.2,0.0,-0.8,-0.6
2025-11-30 00:00:00,0.86,0.81,0.81,1.39,3.47,2.96,2.87,3.8,3.56,3.04,2.94,3.9,3.63,3.1,3.0,3.98,66,81,80,67,-1.3,0.4,0.3,-1.3
2025-11-30 01:00:00,0.54,0.47,0.65,1.34,2.25,1.96,2.35,3.54,2.31,2.01,2.41,3.64,2.36,2.05,2.46,3.71,95,96,85,72,-1.5,0.7,0.3,-1.1
2025-11-30 02:00:00,0.39,0.18,0.5,1.21,1.45,0.7,1.87,3.21,1.49,0.72,1.92,3.3,1.52,0.73,1.96,3.37,104,115,83,76,-1.2,0.3,0.3,-0.8
2025-11-30 03:00:00,0.16,0.1,0.38,1.03,0.83,0.1,1.65,2.71,0.85,0.1,1.7,2.78,0.87,0.1,1.73,2.84,93,360,76,82,0.3,0.9,1.3,1.4
2025-11-30 04:00:00,0.63,0.67,0.74,1.25,0.5,0.42,1.28,2.15,0.51,0.43,1.32,2.21,0.53,0.44,1.34,2.25,61,291,81,86,1.9,2.7,3.2,3.8
2025-11-30 05:00:00,0.5,0.68,0.52,1.1,0.33,0.73,0.35,1.26,0.34,0.75,0.36,1.3,0.34,0.77,0.37,1.32,243,270,56,62,3.4,4.2,4.5,4.8
2025-11-30 06:00:00,0.7,0.78,0.61,0.56,0.87,0.81,0.62,0.51,0.89,0.83,0.64,0.52,0.91,0.84,0.65,0.53,243,295,309,343,5.0,5.5,5.3,5.6
2025-11-30 07:00:00,1.45,0.98,0.81,0.7,1.72,1.15,0.99,0.83,1.77,1.18,1.01,0.85,1.8,1.2,1.03,0.87,262,282,279,273,6.4,6.3,6.3,6.6
2025-11-30 08:00:00,1.61,1.4,1.36,1.56,2.0,1.74,1.7,1.96,2.05,1.78,1.75,2.01,2.09,1.82,1.78,2.05,257,259,257,256,7.0,6.9,7.0,7.6
2025-11-30 09:00:00,1.96,2.08,1.87,2.33,2.6,2.77,2.36,3.02,2.67,2.84,2.42,3.1,2.72,2.9,2.47,3.16,247,242,252,252,6.9,6.9,7.1,7.9
2025-11-30 10:00:00,1.75,1.61,1.39,1.57,3.82,3.62,2.93,3.45,3.92,3.72,3.01,3.54,4.0,3.79,3.07,3.61,247,237,249,247,4.6,4.7,5.4,6.7
2025-11-30 11:00:00,1.73,1.33,1.31,1.32,3.9,3.27,3.06,3.51,4.0,3.36,3.14,3.6,4.09,3.43,3.2,3.67,242,237,239,243,1.2,1.7,2.3,3.5
2025-11-30 12:00:00,1.66,1.53,1.17,1.15,3.34,3.76,3.22,2.94,3.43,3.86,3.3,3.02,3.5,3.94,3.37,3.08,236,239,252,243,0.8,1.3,1.8,2.5
2025-11-30 13:00:00,1.82,1.84,1.78,1.1,3.88,4.41,4.03,2.94,3.98,4.52,4.13,3.02,4.06,4.61,4.22,3.08,235,232,238,246,0.9,1.0,0.9,1.7
2025-11-30 14:00:00,1.62,1.72,1.68,1.23,4.31,4.45,4.3,3.25,4.42,4.56,4.41,3.34,4.51,4.66,4.5,3.41,232,238,235,240,0.9,0.9,0.8,1.4
2025-11-30 15:00:00,1.1,1.67,1.29,1.14,3.79,4.36,3.84,3.39,3.89,4.47,3.94,3.48,3.97,4.56,4.02,3.55,242,243,241,238,1.0,0.7,1.0,1.3
2025-11-30 16:00:00,0.76,1.13,0.78,0.82,3.15,3.6,3.03,3.02,3.23,3.7,3.11,3.1,3.29,3.77,3.18,3.17,257,247,246,249,0.8,0.6,1.0,1.4
2025-11-30 17:00:00,0.5,0.71,0.32,0.47,2.55,2.9,2.25,2.53,2.62,2.97,2.3,2.6,2.67,3.03,2.35,2.65,257,250,257,271,0.5,0.5,0.9,1.2
2025-11-30 18:00:00,0.11,0.35,0.32,0.05,0.77,2.18,2.1,0.78,0.79,2.24,2.15,0.8,0.81,2.29,2.2,0.82,288,241,248,274,0.4,0.3,0.5,0.7
2025-11-30 19:00:00,0.46,0.46,0.21,0.21,0.62,0.83,1.0,0.37,0.64,0.85,1.03,0.38,0.65,0.87,1.05,0.39,45,332,293,337,-1.4,-0.6,-0.1,0.2
2025-11-30 20:00:00,0.5,0.72,0.4,0.27,1.12,1.18,0.92,0.31,1.15,1.21,0.95,0.32,1.17,1.23,0.97,0.32,56,24,342,72,-2.3,-1.9,-1.4,-0.1
2025-11-30 21:00:00,0.45,0.45,0.22,0.4,1.57,1.13,0.25,1.0,1.61,1.15,0.25,1.03,1.64,1.18,0.26,1.05,64,85,101,51,-2.4,-1.9,-1.6,-0.5
2025-11-30 22:00:00,0.7,0.65,0.35,0.76,2.3,1.96,0.99,1.98,2.36,2.01,1.01,2.04,2.41,2.05,1.03,2.08,69,63,57,62,-2.9,-1.7,-1.5,-1.0
2025-11-30 23:00:00,1.49,1.42,0.5,0.78,3.62,3.34,1.82,2.51,3.71,3.43,1.87,2.57,3.79,3.5,1.91,2.62,76,67,70,77,-3.4,-2.6,-1.6,-0.9
2025-12-01 00:00:00,0.65,1.9,0.38,1.17,2.7,4.59,1.42,3.19,2.77,4.71,1.45,3.27,2.83,4.8,1.48,3.34,70,75,86,71,-2.2,-2.1,-2.1,-1.9
2025-12-01 01:00:00,1.68,1.98,0.76,1.3,4.22,5.0,2.5,3.59,4.33,5.13,2.56,3.69,4.42,5.23,2.62,3.76,71,69,73,69,-3.8,-2.1,-2.2,-1.9
2025-12-01 02:00:00,2.26,2.27,1.69,1.73,5.92,5.72,3.93,4.19,6.07,5.86,4.03,4.3,6.2,5.98,4.12,4.38,67,66,73,65,-3.2,-2.2,-2.4,-1.9
2025-12-01 03:00:00,3.19,3.01,2.24,2.03,6.53,6.21,4.76,4.64,6.7,6.37,4.88,4.76,6.84,6.5,4.99,4.86,60,63,67,65,-1.6,-1.0,-0.9,-0.4
2025-12-01 04:00:00,3.74,3.42,3.05,2.65,7.39,7.01,5.67,5.1,7.58,7.19,5.82,5.24,7.74,7.34,5.94,5.34,59,60,61,61,0.8,1.2,0.8,1.2
2025-12-01 05:00:00,4.69,4.29,3.65,3.15,6.84,6.28,5.16,4.35,7.02,6.44,5.29,4.46,7.17,6.57,5.4,4.55,54,54,53,53,2.5,3.1,2.2,2.7
2025-12-01 06:00:00,5.81,5.31,4.38,3.78,8.11,7.32,5.99,5.12,8.32,7.51,6.15,5.26,8.49,7.67,6.27,5.36,53,52,51,50,4.3,4.5,4.0,4.1
2025-12-01 07:00:00,5.77,5.8,5.13,4.38,8.11,8.04,6.93,5.88,8.32,8.25,7.11,6.03,8.5,8.42,7.25,6.16,51,51,51,50,5.4,5.4,5.3,5.2
2025-12-01 08:00:00,5.76,5.77,5.52,4.63,8.21,8.17,7.68,6.29,8.42,8.39,7.88,6.45,8.59,8.56,8.04,6.58,51,51,50,49,6.0,5.7,5.8,5.7
2025-12-01 09:00:00,5.17,4.99,4.92,4.14,9.52,8.09,7.71,6.22,9.77,8.3,7.91,6.38,9.97,8.47,8.07,6.51,55,52,49,49,5.7,5.4,5.4,5.3
2025-12-01 10:00:00,4.98,4.91,4.62,3.66,8.49,8.38,7.98,6.71,8.71,8.6,8.18,6.88,8.89,8.78,8.35,7.02,58,58,57,57,4.5,4.2,4.1,3.9
2025-12-01 11:00:00,3.72,3.76,3.47,2.59,7.72,7.81,7.39,6.34,7.92,8.01,7.58,6.51,8.08,8.17,7.74,6.64,62,62,63,63,2.2,2.3,2.0,1.7
2025-12-01 12:00:00,3.53,2.86,2.92,2.76,7.65,6.68,6.76,6.46,7.85,6.85,6.94,6.63,8.01,7.0,7.08,6.77,64,67,66,67,0.7,0.7,0.7,1.0
2025-12-01 13:00:00,3.4,2.96,3.05,2.76,7.19,6.68,6.76,6.33,7.37,6.85,6.94,6.49,7.53,7.0,7.08,6.63,67,67,66,66,-0.3,-0.2,-0.3,0.0
2025-12-01 14:00:00,3.45,3.31,3.4,3.02,7.33,7.07,7.2,6.66,7.52,7.25,7.39,6.83,7.67,7.4,7.54,6.97,66,66,66,66,-0.6,-0.6,-0.6,-0.5
2025-12-01 15:00:00,3.65,3.65,3.7,3.25,7.66,7.57,7.64,7.11,7.85,7.77,7.83,7.29,8.02,7.93,8.0,7.44,66,66,66,65,-0.7,-0.7,-0.7,-0.6
2025-12-01 16:00:00,4.0,3.7,3.9,3.3,8.1,7.72,7.88,7.18,8.31,7.92,8.08,7.36,8.48,8.09,8.25,7.51,66,66,66,66,-0.5,-0.7,-0.7,-0.6
2025-12-01 17:00:00,3.8,3.55,3.85,3.06,7.84,7.36,7.76,6.83,8.04,7.55,7.96,7.01,8.21,7.71,8.12,7.15,67,67,67,66,-0.5,-0.8,-0.8,-0.6
2025-12-01 18:00:00,3.45,2.84,3.65,2.62,7.33,6.51,7.44,6.21,7.52,6.68,7.63,6.37,7.68,6.82,7.79,6.5,67,67,68,68,-0.7,-1.2,-1.1,-1.0
2025-12-01 19:00:00,2.9,2.25,3.37,2.07,6.79,5.65,7.03,5.38,6.96,5.79,7.22,5.52,7.11,5.91,7.36,5.64,69,69,69,69,-1.5,-1.5,-1.1,-1.3
2025-12-01 20:00:00,2.17,1.59,2.96,1.52,5.57,4.54,6.47,4.21,5.71,4.66,6.64,4.32,5.83,4.76,6.78,4.41,70,67,70,66,-2.1,-2.0,-1.3,-1.8
2025-12-01 21:00:00,1.69,0.58,2.44,0.57,4.62,2.6,5.86,2.62,4.74,2.66,6.01,2.69,4.83,2.72,6.13,2.75,68,56,70,55,-2.5,-2.2,-1.6,-1.8
2025-12-01 22:00:00,1.17,0.21,1.73,0.05,3.44,1.18,4.91,1.45,3.53,1.21,5.04,1.48,3.61,1.23,5.14,1.51,63,24,66,33,-3.1,-2.2,-2.2,-1.6
2025-12-01 23:00:00,0.34,1.04,1.26,0.54,2.14,0.83,3.86,0.73,2.2,0.85,3.96,0.75,2.24,0.87,4.04,0.77,49,291,62,360,-2.9,-2.5,-2.5,-2.1
2025-12-02 00:00:00,0.36,1.43,0.72,0.3,2.83,1.84,0.46,1.31,2.9,1.89,0.47,1.34,2.96,1.93,0.48,1.37,32,258,342,45,-2.2,-2.8,-2.1,-2.0
2025-12-02 01:00:00,0.78,1.51,1.43,1.21,1.11,2.53,1.65,1.19,1.14,2.6,1.7,1.22,1.16,2.65,1.73,1.24,331,254,256,251,-3.2,-2.5,-2.5,-2.1
2025-12-02 02:00:00,1.24,1.67,1.36,1.46,1.32,3.01,1.94,2.28,1.35,3.08,1.99,2.34,1.38,3.15,2.03,2.39,268,250,252,250,-4.2,-2.1,-2.4,-2.5
2025-12-02 03:00:00,1.63,1.95,1.56,1.71,2.46,3.47,2.64,2.91,2.52,3.56,2.7,2.99,2.58,3.63,2.76,3.05,262,244,251,249,-2.0,-0.4,-0.3,-0.6
2025-12-02 04:00:00,2.6,2.32,2.21,2.35,3.75,3.68,3.28,3.57,3.85,3.78,3.36,3.67,3.93,3.86,3.43,3.74,245,242,247,244,0.8,1.9,1.9,1.9
2025-12-02 05:00:00,2.29,2.14,1.88,2.03,3.17,2.68,2.39,2.68,3.25,2.75,2.45,2.75,3.32,2.81,2.5,2.81,233,251,250,245,2.4,3.5,3.3,3.1
2025-12-02 06:00:00,2.59,2.17,1.92,1.56,3.26,2.7,2.41,1.95,3.34,2.77,2.47,2.0,3.41,2.82,2.53,2.04,238,257,256,257,3.5,4.5,4.5,4.1
2025-12-02 07:00:00,2.06,2.2,1.85,1.4,2.59,2.7,2.23,1.68,2.65,2.77,2.29,1.73,2.71,2.82,2.33,1.76,227,264,260,260,4.8,5.1,5.5,5.2
2025-12-02 08:00:00,1.85,2.21,1.62,1.37,2.25,2.68,1.95,1.61,2.3,2.75,2.0,1.65,2.35,2.81,2.04,1.68,257,268,270,272,5.9,5.2,5.9,5.9
2025-12-02 09:00:00,2.5,2.05,1.68,1.57,3.12,2.59,2.02,1.82,3.2,2.65,2.07,1.87,3.26,2.71,2.11,1.91,280,267,278,278,5.2,5.0,5.6,5.9
2025-12-02 10:00:00,1.63,1.4,1.44,1.43,3.41,2.94,2.92,2.77,3.5,3.02,2.99,2.84,3.57,3.08,3.05,2.9,270,263,280,280,3.3,3.3,3.7,3.6
2025-12-02 11:00:00,1.73,1.75,1.63,1.53,3.71,3.57,3.72,3.66,3.81,3.66,3.81,3.75,3.89,3.73,3.89,3.83,256,260,265,269,0.6,1.0,0.6,0.5
2025-12-02 12:00:00,2.09,1.84,1.88,1.95,3.86,4.03,3.84,4.18,3.96,4.14,3.94,4.29,4.04,4.22,4.02,4.38,223,245,244,249,0.0,0.5,-0.1,-0.1
2025-12-02 13:00:00,1.59,1.77,1.87,1.99,3.58,3.88,3.98,4.25,3.67,3.98,4.08,4.36,3.75,4.06,4.17,4.45,232,242,239,242,-1.3,-0.2,-0.3,-0.2
2025-12-02 14:00:00,1.1,1.39,1.81,1.9,3.51,3.51,3.87,4.02,3.6,3.6,3.97,4.12,3.67,3.67,4.05,4.21,260,243,236,239,-0.9,-0.3,-0.4,-0.2
2025-12-02 15:00:00,0.64,1.03,1.28,1.5,2.53,2.95,3.18,3.56,2.6,3.03,3.26,3.65,2.65,3.09,3.33,3.73,259,248,238,240,-0.8,-0.1,-0.3,-0.3
2025-12-02 16:00:00,0.21,0.57,0.71,1.24,1.27,2.09,2.27,3.25,1.3,2.15,2.32,3.34,1.33,2.19,2.37,3.4,272,258,251,246,-0.6,-0.1,-0.2,-0.5
2025-12-02 17:00:00,0.11,0.28,0.43,0.86,0.9,1.38,1.73,2.67,0.92,1.41,1.78,2.74,0.94,1.44,1.81,2.79,319,278,280,252,-0.7,-0.2,-0.4,-0.6
2025-12-02 18:00:00,0.59,0.15,0.1,0.27,1.37,0.66,0.74,1.55,1.41,0.68,0.76,1.59,1.44,0.69,0.78,1.62,84,343,337,283,-1.5,-0.5,-0.5,-0.9
2025-12-02 19:00:00,1.6,0.56,0.52,0.22,3.05,1.01,1.04,1.35,3.13,1.04,1.06,1.39,3.2,1.06,1.09,1.42,56,55,41,330,-2.8,-1.1,-1.1,-1.2
2025-12-02 20:00:00,1.86,1.35,1.3,0.21,4.33,2.23,2.25,0.98,4.44,2.28,2.31,1.0,4.54,2.33,2.36,1.02,73,67,68,357,-2.4,-1.5,-1.6,-1.6
2025-12-02 21:00:00,2.08,1.85,1.6,0.21,5.21,4.0,3.56,0.62,5.34,4.1,3.65,0.64,5.46,4.19,3.73,0.65,71,68,67,51,-2.1,-1.3,-1.5,-1.8
2025-12-02 22:00:00,2.23,1.85,1.6,0.27,5.21,4.78,4.14,0.84,5.34,4.9,4.24,0.86,5.46,5.01,4.33,0.88,71,70,69,80,-2.4,-1.3,-1.5,-1.7
2025-12-02 23:00:00,2.32,1.95,1.7,0.45,5.23,4.89,4.18,1.22,5.36,5.01,4.29,1.25,5.47,5.12,4.37,1.28,70,71,71,74,-2.9,-1.4,-1.6,-1.8
2025-12-03 00:00:00,1.66,2.16,1.8,1.16,4.34,5.24,4.16,2.19,4.46,5.38,4.27,2.25,4.55,5.49,4.36,2.29,67,72,76,69,-2.6,-1.6,-1.6,-2.3
2025-12-03 01:00:00,2.0,2.17,1.81,1.58,5.02,5.45,4.3,3.32,5.15,5.59,4.41,3.4,5.26,5.71,4.5,3.47,72,68,67,66,-2.6,-1.9,-1.9,-2.4
2025-12-03 02:00:00,2.65,2.18,1.91,1.86,6.09,5.51,4.84,4.28,6.25,5.65,4.97,4.39,6.38,5.77,5.07,4.48,71,68,69,67,-2.3,-2.1,-2.1,-2.2
2025-12-03 03:00:00,3.31,2.65,2.06,2.12,6.35,5.48,4.72,4.65,6.51,5.62,4.84,4.77,6.65,5.73,4.94,4.87,66,69,72,67,-1.2,-0.8,-0.7,-0.6
2025-12-03 04:00:00,3.4,2.79,2.56,2.53,7.26,5.92,5.06,4.88,7.45,6.07,5.19,5.0,7.6,6.2,5.29,5.11,63,67,71,68,0.7,1.2,1.6,1.6
2025-12-03 05:00:00,3.51,3.15,2.94,2.78,5.5,4.3,4.29,3.86,5.64,4.41,4.41,3.96,5.76,4.5,4.5,4.04,61,61,64,61,2.4,2.9,3.3,3.3
2025-12-03 06:00:00,3.61,3.35,3.38,2.95,5.2,4.56,4.64,3.84,5.33,4.67,4.76,3.94,5.44,4.77,4.86,4.02,54,58,58,57,3.8,4.0,4.4,4.5
2025-12-03 07:00:00,3.59,3.35,3.38,3.08,4.83,4.41,4.53,4.0,4.95,4.52,4.65,4.11,5.05,4.61,4.74,4.19,55,57,56,58,5.2,5.0,5.2,5.1
2025-12-03 08:00:00,3.22,3.15,3.11,2.95,4.3,4.14,4.1,3.89,4.41,4.25,4.2,3.99,4.5,4.33,4.29,4.07,61,58,58,60,5.6,5.6,5.7,5.4
2025-12-03 09:00:00,2.57,2.65,2.48,2.58,3.92,3.74,3.49,3.53,4.03,3.83,3.58,3.62,4.11,3.91,3.66,3.7,65,59,60,64,5.4,5.4,5.4,5.1
2025-12-03 10:00:00,1.53,1.73,1.44,1.54,3.81,4.06,3.65,3.74,3.91,4.16,3.75,3.83,3.99,4.25,3.82,3.91,71,70,71,68,3.7,3.7,3.6,3.3
2025-12-03 11:00:00,1.44,1.72,1.37,1.27,3.84,4.26,3.57,3.66,3.94,4.37,3.66,3.75,4.02,4.46,3.74,3.83,72,70,76,74,1.4,1.2,1.5,0.8
2025-12-03 12:00:00,1.95,1.55,1.5,1.55,4.67,4.05,3.84,3.95,4.79,4.16,3.94,4.05,4.89,4.24,4.02,4.14,72,72,75,74,1.3,1.0,1.2,0.5
2025-12-03 13:00:00,2.26,1.55,1.97,2.02,5.51,3.74,4.29,4.44,5.65,3.84,4.4,4.55,5.77,3.92,4.49,4.65,68,82,75,73,1.9,1.3,1.3,0.7
2025-12-03 14:00:00,2.35,1.94,2.19,2.22,5.56,4.05,5.11,5.15,5.71,4.16,5.24,5.28,5.83,4.24,5.35,5.39,73,72,66,71,2.1,1.4,1.0,1.3
2025-12-03 15:00:00,2.2,2.0,2.16,2.52,5.17,4.53,5.33,5.98,5.3,4.65,5.47,6.14,5.41,4.75,5.59,6.27,76,73,70,67,1.9,1.2,1.4,1.4
2025-12-03 16:00:00,2.2,2.11,2.15,2.5,5.17,5.03,5.35,6.0,5.3,5.16,5.49,6.16,5.41,5.26,5.6,6.28,74,70,71,69,1.6,1.3,1.5,1.4
2025-12-03 17:00:00,2.4,2.25,2.1,2.15,5.63,5.49,5.38,5.49,5.77,5.64,5.52,5.64,5.89,5.75,5.64,5.75,72,69,69,69,1.9,1.1,1.5,0.9
2025-12-03 18:00:00,2.32,2.46,2.35,1.86,6.08,5.99,5.53,4.61,6.24,6.15,5.68,4.73,6.37,6.28,5.79,4.83,64,64,70,74,0.5,1.2,1.9,1.0
2025-12-03 19:00:00,2.24,2.69,2.2,1.96,5.92,6.03,5.17,4.74,6.07,6.19,5.3,4.86,6.2,6.32,5.41,4.96,70,78,76,75,0.2,2.0,2.0,1.4
2025-12-03 20:00:00,1.84,1.47,2.36,2.35,4.72,4.13,5.17,5.08,4.85,4.24,5.3,5.21,4.95,4.33,5.41,5.32,68,71,76,76,-0.2,0.7,2.2,2.1
2025-12-03 21:00:00,1.88,1.59,2.64,2.35,4.42,3.92,5.76,4.94,4.54,4.02,5.91,5.07,4.63,4.1,6.03,5.18,82,73,69,77,-0.2,0.6,2.1,1.7
2025-12-03 22:00:00,1.85,2.1,2.84,2.73,3.74,4.45,6.09,5.72,3.84,4.56,6.25,5.86,3.92,4.66,6.38,5.98,82,86,72,66,0.1,0.3,2.0,2.0
2025-12-03 23:00:00,2.33,1.68,2.6,2.66,4.93,3.33,6.17,6.03,5.06,3.41,6.33,6.18,5.16,3.48,6.46,6.31,78,79,65,73,0.6,0.4,1.2,1.5
2025-12-04 00:00:00,2.16,2.11,2.46,2.29,4.92,4.57,5.36,5.65,5.04,4.69,5.49,5.79,5.15,4.79,5.61,5.91,72,76,83,69,0.2,0.4,1.5,1.0
2025-12-04 01:00:00,2.7,2.12,2.28,2.11,6.11,4.59,4.97,4.87,6.27,4.71,5.1,5.0,6.4,4.81,5.2,5.1,79,81,69,78,-0.2,0.7,1.2,2.0
2025-12-04 02:00:00,2.0,2.2,2.35,1.8,5.12,4.59,5.4,4.0,5.26,4.71,5.54,4.1,5.36,4.81,5.66,4.19,69,86,80,87,-0.9,0.8,1.2,2.0
2025-12-04 03:00:00,2.57,2.5,2.28,2.04,5.63,5.16,4.65,3.97,5.77,5.3,4.77,4.07,5.89,5.41,4.87,4.15,71,71,85,79,0.4,2.2,2.6,2.9
2025-12-04 04:00:00,3.51,3.08,3.05,4.11,5.98,5.38,4.78,6.9,6.13,5.52,4.9,7.08,6.26,5.64,5.01,7.22,84,78,67,58,3.6,4.0,4.5,3.8
2025-12-04 05:00:00,2.69,3.08,3.27,3.05,4.86,5.62,5.87,6.01,4.98,5.76,6.02,6.16,5.09,5.88,6.15,6.29,80,74,71,94,6.4,5.1,5.9,5.6
2025-12-04 06:00:00,4.18,3.34,2.83,3.04,6.64,5.4,4.46,4.53,6.82,5.54,4.57,4.65,6.96,5.65,4.67,4.75,59,73,74,90,6.9,6.1,6.5,6.7
2025-12-04 07:00:00,3.93,3.04,2.87,3.57,5.69,4.61,4.08,5.09,5.84,4.73,4.18,5.22,5.96,4.83,4.27,5.33,56,70,64,50,7.1,7.2,7.2,7.9
2025-12-04 08:00:00,3.51,2.59,2.53,3.93,5.23,3.74,3.67,5.88,5.37,3.84,3.76,6.03,5.48,3.92,3.84,6.15,62,72,73,60,6.8,7.5,7.2,6.7
2025-12-04 09:00:00,2.64,2.19,1.71,2.71,5.17,3.18,3.1,5.53,5.3,3.26,3.18,5.68,5.41,3.33,3.25,5.8,76,75,98,78,6.2,7.1,7.0,6.2
2025-12-04 10:00:00,1.68,1.53,1.05,1.42,4.15,3.36,2.39,3.65,4.26,3.44,2.45,3.74,4.35,3.52,2.5,3.82,74,81,107,82,4.2,4.6,5.1,4.5
2025-12-04 11:00:00,1.14,1.04,1.0,1.36,3.69,2.49,1.8,4.06,3.78,2.55,1.84,4.16,3.86,2.6,1.88,4.25,82,92,103,74,1.9,2.3,3.0,2.2
2025-12-04 12:00:00,0.34,0.47,0.43,0.78,1.96,1.67,1.47,2.01,2.01,1.72,1.5,2.06,2.05,1.75,1.54,2.1,76,98,75,116,2.5,2.7,3.2,2.4
2025-12-04 13:00:00,0.87,0.45,0.3,0.58,2.73,0.83,0.73,1.42,2.8,0.85,0.75,1.45,2.86,0.87,0.77,1.48,92,180,143,117,2.6,3.0,3.3,2.6
2025-12-04 14:00:00,0.63,0.84,0.81,0.43,1.71,1.66,1.52,1.09,1.76,1.7,1.56,1.12,1.79,1.73,1.59,1.14,110,227,230,117,2.7,3.2,3.6,2.8
2025-12-04 15:00:00,0.5,1.11,1.32,0.22,0.97,2.37,2.48,0.83,0.99,2.43,2.54,0.86,1.01,2.48,2.59,0.87,139,238,234,97,3.0,3.1,3.6,3.0
2025-12-04 16:00:00,0.39,0.88,1.03,0.36,1.04,2.32,2.36,1.15,1.07,2.38,2.42,1.18,1.09,2.42,2.47,1.2,143,240,248,126,3.5,2.4,3.6,2.9
2025-12-04 17:00:00,0.55,0.9,1.03,0.39,1.19,2.21,2.34,1.18,1.22,2.27,2.4,1.21,1.24,2.31,2.45,1.24,109,256,234,128,2.8,1.8,3.4,3.1
2025-12-04 18:00:00,0.52,0.11,1.04,0.82,1.13,0.69,2.86,2.53,1.15,0.71,2.93,2.59,1.18,0.73,3.0,2.65,198,219,247,236,2.9,2.0,2.5,3.0
2025-12-04 19:00:00,0.75,0.47,0.92,1.15,1.51,1.31,2.82,2.99,1.55,1.35,2.9,3.06,1.59,1.37,2.96,3.13,274,228,249,244,0.6,1.4,2.2,2.2
2025-12-04 20:00:00,0.78,0.97,0.39,1.11,1.69,2.16,2.03,2.96,1.74,2.21,2.08,3.04,1.77,2.26,2.12,3.1,229,245,246,245,-0.4,0.7,2.2,2.2
2025-12-04 21:00:00,1.1,1.01,0.42,0.71,2.26,2.3,1.96,2.52,2.32,2.36,2.02,2.58,2.36,2.41,2.06,2.63,256,253,240,238,-0.6,0.1,1.6,2.2
2025-12-04 22:00:00,1.53,1.19,1.39,0.58,3.05,2.55,3.34,2.36,3.13,2.62,3.43,2.42,3.19,2.67,3.5,2.47,257,244,262,246,-1.2,-0.3,0.6,1.8
2025-12-04 23:00:00,1.07,1.47,1.82,0.5,2.64,3.16,4.22,2.14,2.71,3.25,4.33,2.19,2.76,3.31,4.42,2.24,245,260,253,246,-1.0,-0.7,0.2,1.8
2025-12-05 00:00:00,1.23,1.59,1.28,1.03,2.62,3.63,3.79,3.13,2.69,3.73,3.89,3.21,2.75,3.8,3.97,3.28,239,258,252,255,-1.4,-0.4,0.5,0.9
2025-12-05 01:00:00,1.4,1.81,1.5,0.89,2.53,3.91,4.07,2.9,2.59,4.01,4.18,2.97,2.65,4.09,4.26,3.03,199,241,253,250,-1.1,-0.2,0.3,1.4
2025-12-05 02:00:00,0.47,1.85,1.95,0.78,1.55,4.14,4.76,2.89,1.59,4.25,4.88,2.96,1.62,4.34,4.99,3.02,242,245,247,254,-0.7,-0.1,-0.1,1.3
2025-12-05 03:00:00,0.35,1.56,1.8,0.71,1.25,3.74,4.61,2.62,1.28,3.83,4.73,2.69,1.31,3.91,4.82,2.75,231,248,247,255,0.4,1.0,1.5,2.0
2025-12-05 04:00:00,0.56,2.22,2.44,1.56,1.24,3.66,4.48,2.88,1.27,3.76,4.6,2.95,1.3,3.84,4.69,3.02,244,237,248,246,2.8,3.6,4.2,4.5
2025-12-05 05:00:00,0.65,2.22,2.4,1.22,1.55,2.94,3.58,2.22,1.6,3.02,3.67,2.28,1.63,3.08,3.74,2.33,238,243,253,255,4.4,5.3,6.1,6.0
2025-12-05 06:00:00,0.57,3.0,3.34,1.45,0.84,3.86,4.23,1.81,0.86,3.96,4.34,1.85,0.88,4.04,4.43,1.89,234,254,244,267,5.8,6.2,6.4,7.1
2025-12-05 07:00:00,0.78,3.31,3.61,1.99,1.11,4.31,4.69,2.54,1.14,4.42,4.81,2.61,1.16,4.51,4.91,2.66,232,248,243,253,6.9,6.8,7.0,7.7
2025-12-05 08:00:00,1.13,3.8,3.79,3.01,1.43,5.09,4.88,3.81,1.47,5.23,5.01,3.91,1.5,5.34,5.11,3.99,252,248,244,230,7.3,7.1,7.3,8.1
2025-12-05 09:00:00,1.65,4.6,3.87,3.61,2.1,6.78,5.39,5.17,2.15,6.96,5.53,5.31,2.2,7.1,5.64,5.42,234,246,241,223,7.1,6.9,7.0,7.9
2025-12-05 10:00:00,1.56,4.57,3.54,3.45,3.41,7.9,6.41,6.0,3.49,8.1,6.57,6.16,3.57,8.27,6.71,6.28,236,241,244,227,4.9,5.9,5.5,6.3
2025-12-05 11:00:00,2.12,4.59,4.27,3.26,4.6,8.22,7.61,6.1,4.72,8.43,7.8,6.26,4.82,8.61,7.96,6.39,244,237,239,234,3.1,4.4,3.7,4.0
2025-12-05 12:00:00,2.53,3.93,4.41,4.45,5.28,7.48,7.89,7.56,5.42,7.67,8.09,7.75,5.53,7.83,8.26,7.91,240,237,234,228,3.5,4.4,3.4,3.2
2025-12-05 13:00:00,2.9,3.74,4.41,4.29,5.37,7.31,7.69,7.1,5.51,7.5,7.89,7.29,5.62,7.66,8.05,7.44,238,235,231,223,4.0,4.2,3.7,2.9
2025-12-05 14:00:00,2.09,3.6,3.67,4.03,4.49,6.98,6.83,6.72,4.61,7.16,7.0,6.9,4.7,7.31,7.15,7.04,241,234,231,226,3.8,4.2,3.8,2.8
2025-12-05 15:00:00,1.84,3.37,3.49,3.59,3.84,6.32,6.72,6.36,3.94,6.48,6.89,6.53,4.02,6.62,7.04,6.67,244,232,235,233,4.0,3.9,3.2,2.7
2025-12-05 16:00:00,2.01,3.05,3.9,3.58,3.95,5.62,6.96,6.32,4.05,5.76,7.14,6.48,4.14,5.88,7.29,6.61,235,231,230,234,4.1,4.3,2.8,2.9
2025-12-05 17:00:00,2.33,2.67,3.35,3.61,4.13,5.18,6.15,6.16,4.23,5.31,6.31,6.32,4.32,5.42,6.44,6.45,231,232,229,230,4.2,4.0,2.6,3.0
2025-12-05 18:00:00,1.48,2.38,2.7,2.85,2.77,4.69,4.96,4.08,2.85,4.81,5.09,4.19,2.9,4.91,5.2,4.28,252,222,224,216,3.0,2.3,2.6,0.8
2025-12-05 19:00:00,0.63,1.65,2.23,2.25,2.06,3.35,4.29,3.56,2.11,3.44,4.4,3.65,2.16,3.51,4.5,3.73,263,229,231,221,3.0,0.9,2.1,0.7
2025-12-05 20:00:00,0.28,1.25,1.74,1.7,1.77,2.49,3.72,2.76,1.81,2.56,3.82,2.83,1.85,2.61,3.9,2.89,276,239,238,224,2.9,-0.1,1.7,0.7
2025-12-05 21:00:00,0.11,0.91,0.91,0.86,0.83,1.9,2.5,1.6,0.85,1.94,2.56,1.64,0.87,1.99,2.62,1.67,249,252,253,239,3.3,-0.4,1.5,1.0
2025-12-05 22:00:00,0.18,0.5,0.22,0.54,0.66,1.22,1.03,0.69,0.67,1.25,1.05,0.71,0.69,1.28,1.08,0.73,312,270,265,51,2.6,0.1,1.9,1.3
2025-12-05 23:00:00,0.43,0.11,0.14,1.51,0.99,0.89,0.42,2.6,1.01,0.91,0.43,2.67,1.03,0.93,0.44,2.73,9,279,249,73,1.1,1.1,2.4,0.6
2025-12-06 00:00:00,0.4,0.14,0.49,1.7,1.35,0.92,1.02,3.88,1.39,0.95,1.05,3.98,1.42,0.97,1.07,4.06,30,252,115,75,0.2,0.4,1.2,-0.1
2025-12-06 01:00:00,0.97,0.0,0.65,1.95,2.15,0.64,1.63,4.54,2.21,0.65,1.68,4.66,2.26,0.67,1.71,4.75,52,274,100,75,-1.0,0.3,1.0,-0.1
2025-12-06 02:00:00,1.5,0.43,1.62,2.26,3.33,0.88,2.79,4.98,3.42,0.9,2.86,5.11,3.49,0.92,2.92,5.22,72,357,85,74,-0.9,-0.3,0.3,-0.4
2025-12-06 03:00:00,2.26,1.41,2.71,2.8,4.47,2.07,4.72,5.24,4.59,2.12,4.84,5.38,4.68,2.17,4.94,5.49,74,45,72,72,0.2,0.3,1.0,0.2
2025-12-06 04:00:00,2.89,2.67,3.3,3.42,5.24,4.1,5.92,5.85,5.38,4.21,6.07,6.0,5.49,4.29,6.2,6.12,70,72,73,66,1.1,1.9,1.6,1.6
2025-12-06 05:00:00,2.94,3.3,3.16,3.59,4.49,4.5,5.61,5.69,4.61,4.61,5.76,5.84,4.71,4.71,5.88,5.96,66,60,70,62,2.4,2.4,2.5,3.0
2025-12-06 06:00:00,3.65,3.29,3.66,4.22,5.01,4.41,5.36,5.75,5.15,4.52,5.5,5.89,5.25,4.61,5.61,6.02,56,52,63,55,3.5,3.2,3.4,3.8
2025-12-06 07:00:00,4.28,2.97,4.2,4.65,5.88,3.95,5.72,6.29,6.03,4.05,5.87,6.45,6.15,4.14,5.99,6.58,53,51,60,58,5.0,3.4,4.3,4.3
2025-12-06 08:00:00,4.03,2.16,4.41,4.39,5.53,2.92,5.99,6.06,5.67,2.99,6.15,6.21,5.79,3.05,6.28,6.34,49,52,59,57,5.3,3.6,5.0,4.4
2025-12-06 09:00:00,2.59,0.89,4.18,3.3,3.76,1.57,5.94,5.1,3.86,1.61,6.09,5.23,3.94,1.65,6.22,5.34,37,60,58,56,4.7,2.7,4.9,4.0
2025-12-06 10:00:00,0.71,0.43,3.55,2.94,2.27,1.9,6.39,5.3,2.33,1.94,6.55,5.44,2.38,1.99,6.69,5.55,45,72,62,66,3.0,1.8,3.7,3.4
2025-12-06 11:00:00,0.11,1.02,2.47,1.8,1.69,2.95,6.03,4.55,1.73,3.02,6.18,4.67,1.77,3.08,6.31,4.76,57,74,67,73,1.1,0.8,1.9,2.4
2025-12-06 12:00:00,1.48,1.25,1.86,1.83,3.59,3.27,4.46,4.41,3.69,3.35,4.57,4.52,3.76,3.42,4.67,4.62,49,70,74,70,0.4,0.3,1.0,1.5
2025-12-06 13:00:00,1.61,1.29,2.13,2.1,3.88,3.8,5.17,5.09,3.98,3.9,5.3,5.22,4.06,3.98,5.41,5.33,75,59,69,67,0.1,0.3,1.1,1.4
2025-12-06 14:00:00,2.22,1.61,2.35,2.42,5.5,4.37,5.65,5.62,5.65,4.48,5.79,5.77,5.76,4.58,5.91,5.89,67,59,69,68,0.5,-0.1,0.7,0.8
2025-12-06 15:00:00,2.17,1.75,2.7,2.7,5.61,4.43,6.14,6.18,5.75,4.55,6.3,6.34,5.87,4.64,6.43,6.47,66,67,67,67,0.5,-0.1,0.4,0.2
2025-12-06 16:00:00,1.85,2.0,2.56,2.95,4.96,4.99,6.02,6.55,5.09,5.12,6.17,6.72,5.19,5.23,6.3,6.86,67,65,69,66,0.2,-0.5,0.0,-0.2
2025-12-06 17:00:00,1.86,2.0,2.36,3.1,4.97,5.25,5.73,6.76,5.1,5.39,5.88,6.94,5.21,5.5,6.0,7.08,66,64,68,66,-0.1,-0.1,-0.4,-0.4
2025-12-06 18:00:00,2.35,1.87,2.9,3.3,6.06,4.95,6.46,6.82,6.22,5.08,6.63,6.99,6.34,5.18,6.77,7.14,63,65,67,67,-0.2,-0.6,-0.9,-0.5
2025-12-06 19:00:00,2.16,1.82,2.9,3.25,5.78,4.93,6.46,6.74,5.93,5.05,6.63,6.92,6.05,5.16,6.77,7.06,65,64,67,69,-1.2,-0.8,-0.9,-0.8
2025-12-06 20:00:00,2.13,1.69,2.8,3.3,5.62,4.71,6.37,6.74,5.77,4.83,6.53,6.92,5.89,4.93,6.67,7.06,64,64,66,69,-1.6,-1.1,-1.1,-1.1
2025-12-06 21:00:00,2.21,1.65,2.8,3.1,5.57,4.51,6.34,6.44,5.72,4.63,6.51,6.61,5.84,4.73,6.64,6.75,68,65,68,71,-2.1,-1.3,-1.2,-1.3
2025-12-06 22:00:00,2.3,1.71,2.56,2.91,5.68,4.54,5.96,6.16,5.83,4.66,6.11,6.32,5.95,4.75,6.24,6.46,68,66,69,72,-2.1,-1.4,-1.4,-1.4
2025-12-06 23:00:00,2.43,1.8,2.43,2.86,5.96,4.71,5.8,5.95,6.11,4.83,5.95,6.11,6.24,4.93,6.08,6.23,66,66,69,73,-2.1,-1.5,-1.5,-1.2
2025-12-07 00:00:00,3.4,2.03,2.8,2.54,7.2,5.28,6.29,5.78,7.39,5.41,6.45,5.93,7.54,5.52,6.59,6.06,69,65,67,69,-1.8,-1.9,-1.8,-1.6
2025-12-07 01:00:00,3.66,2.4,2.9,2.72,7.57,5.84,6.49,6.04,7.77,5.99,6.66,6.19,7.93,6.12,6.8,6.32,66,64,67,68,-2.1,-1.9,-1.8,-1.7
2025-12-07 02:00:00,3.82,2.6,3.05,2.96,7.72,6.19,6.64,6.43,7.92,6.35,6.82,6.59,8.09,6.48,6.96,6.73,66,64,68,68,-2.2,-1.9,-1.9,-1.7
2025-12-07 03:00:00,3.49,3.12,3.46,3.51,7.04,6.3,6.61,6.72,7.22,6.46,6.78,6.89,7.37,6.6,6.92,7.04,64,64,68,66,-1.4,-1.1,-0.9,-0.7
2025-12-07 04:00:00,3.51,3.4,3.28,3.62,5.52,7.06,6.97,7.83,5.66,7.25,7.15,8.03,5.78,7.4,7.3,8.2,61,63,67,65,1.3,1.7,1.8,2.2
2025-12-07 05:00:00,3.68,4.11,3.45,4.68,5.84,6.61,5.17,7.2,5.99,6.78,5.3,7.38,6.12,6.92,5.41,7.54,55,56,58,59,3.2,3.6,3.8,4.1
2025-12-07 06:00:00,4.71,4.67,3.74,2.91,6.98,6.5,5.27,3.77,7.16,6.67,5.41,3.87,7.31,6.81,5.52,3.95,49,50,46,50,4.8,5.0,4.8,4.0
2025-12-07 07:00:00,3.7,5.06,3.07,2.55,5.05,6.87,4.12,3.29,5.19,7.05,4.23,3.37,5.29,7.19,4.31,3.44,40,48,40,50,5.6,5.8,5.2,4.9
2025-12-07 08:00:00,2.76,5.13,2.11,1.89,3.88,7.0,2.76,2.42,3.98,7.18,2.83,2.48,4.06,7.33,2.89,2.53,35,48,44,42,5.2,6.2,5.1,5.3
2025-12-07 09:00:00,0.9,3.99,1.05,1.06,2.11,6.27,1.49,1.32,2.16,6.43,1.52,1.35,2.21,6.57,1.56,1.38,50,45,49,51,4.5,5.8,4.6,5.0
2025-12-07 10:00:00,0.18,2.83,0.15,0.15,0.79,5.81,0.93,0.59,0.81,5.96,0.96,0.61,0.82,6.09,0.98,0.62,158,55,133,145,3.6,4.4,3.5,3.9
2025-12-07 11:00:00,0.11,1.48,0.32,0.11,0.8,4.3,1.55,0.22,0.82,4.41,1.59,0.22,0.84,4.5,1.63,0.23,166,61,229,207,2.4,1.7,1.9,2.2
2025-12-07 12:00:00,0.94,1.45,1.14,1.7,1.64,2.71,2.38,3.26,1.68,2.78,2.44,3.35,1.72,2.84,2.49,3.42,157,82,255,256,1.2,0.9,0.6,0.6
2025-12-07 13:00:00,0.39,1.63,1.28,0.97,0.72,3.68,2.53,2.58,0.74,3.78,2.6,2.65,0.76,3.86,2.65,2.7,110,64,254,270,1.5,0.8,0.1,0.6
2025-12-07 14:00:00,0.64,1.39,0.74,0.94,1.76,3.68,1.86,1.96,1.81,3.78,1.91,2.01,1.84,3.86,1.95,2.05,76,62,264,264,0.9,1.0,-0.2,0.4
2025-12-07 15:00:00,0.64,1.43,0.15,0.35,1.84,3.6,0.24,0.7,1.88,3.69,0.25,0.72,1.92,3.77,0.26,0.73,79,62,307,78,0.4,0.7,0.2,1.0
2025-12-07 16:00:00,0.7,1.57,0.67,1.07,1.04,3.92,1.34,2.26,1.07,4.02,1.37,2.32,1.09,4.11,1.4,2.37,101,63,100,53,-0.2,0.4,0.4,0.3
2025-12-07 17:00:00,0.34,1.63,0.89,1.57,0.85,4.19,2.01,3.66,0.87,4.3,2.06,3.76,0.89,4.38,2.1,3.84,59,65,67,65,-0.5,0.2,-0.1,-0.5
2025-12-07 18:00:00,0.32,1.54,1.64,0.25,1.32,3.97,4.29,1.52,1.35,4.08,4.41,1.56,1.38,4.16,4.5,1.59,51,67,64,312,-0.1,-0.6,-0.2,-0.9
2025-12-07 19:00:00,1.19,1.84,1.64,0.1,2.46,4.68,4.4,0.83,2.52,4.8,4.52,0.85,2.57,4.9,4.61,0.87,76,68,64,332,-1.2,-0.5,-0.5,-1.0
2025-12-07 20:00:00,1.44,2.3,1.63,0.47,3.67,5.7,4.41,0.96,3.76,5.85,4.52,0.99,3.84,5.97,4.62,1.01,60,67,67,60,-1.6,-0.1,-0.8,-1.1
2025-12-07 21:00:00,1.83,2.25,1.58,0.79,4.39,5.86,4.32,1.93,4.5,6.02,4.43,1.98,4.59,6.14,4.53,2.02,75,63,60,69,-0.9,-0.3,-1.2,-1.2
2025-12-07 22:00:00,2.43,2.05,1.68,1.25,5.62,5.43,4.52,3.09,5.77,5.57,4.64,3.18,5.89,5.69,4.73,3.24,68,65,66,64,-1.0,-0.7,-1.1,-1.4
2025-12-07 23:00:00,3.56,2.15,1.98,1.57,7.42,5.7,4.98,4.13,7.62,5.84,5.11,4.24,7.77,5.96,5.21,4.33,67,66,67,71,-1.0,-1.4,-1.4,-1.7
2025-12-08 00:00:00,3.38,3.35,3.53,1.31,7.42,7.28,7.69,3.57,7.61,7.47,7.89,3.66,7.77,7.62,8.05,3.73,61,65,60,68,-0.8,-0.9,-0.5,-2.2
2025-12-08 01:00:00,3.61,3.82,3.37,1.9,7.48,7.72,7.43,4.97,7.67,7.92,7.63,5.1,7.83,8.08,7.78,5.2,62,63,63,63,-1.6,-1.0,-0.7,-2.2
2025-12-08 02:00:00,3.02,4.51,3.22,3.04,7.33,8.78,7.02,6.48,7.52,9.0,7.21,6.65,7.68,9.19,7.36,6.79,52,60,61,61,-1.9,-1.3,-0.7,-1.8
2025-12-08 03:00:00,1.46,4.77,0.7,4.07,4.65,8.62,3.29,7.64,4.77,8.84,3.37,7.84,4.87,9.03,3.44,8.0,67,66,50,60,-0.9,-0.1,-0.1,-0.8
2025-12-08 04:00:00,0.81,4.76,1.54,4.24,2.59,9.65,1.04,9.27,2.66,9.9,1.06,9.51,2.72,10.11,1.09,9.71,64,57,221,61,1.0,2.6,1.4,1.5
2025-12-08 05:00:00,0.95,4.21,1.59,5.02,1.66,7.72,2.16,10.0,1.7,7.92,2.21,10.26,1.74,8.08,2.26,10.47,92,57,152,59,2.7,4.2,3.3,2.9
2025-12-08 06:00:00,2.16,2.71,2.84,1.35,3.37,4.24,3.45,2.23,3.46,4.35,3.54,2.29,3.53,4.44,3.61,2.34,86,71,301,32,4.8,4.2,5.2,3.4
2025-12-08 07:00:00,3.74,1.12,1.32,0.87,4.9,1.25,1.61,1.4,5.03,1.28,1.65,1.43,5.13,1.31,1.68,1.46,42,291,284,115,6.0,5.5,5.2,4.1
2025-12-08 08:00:00,3.18,2.83,2.45,0.74,4.42,3.75,3.07,0.78,4.54,3.85,3.15,0.8,4.63,3.93,3.22,0.82,49,261,269,266,5.0,6.1,5.9,5.5
2025-12-08 09:00:00,0.35,4.5,2.96,2.18,0.52,6.49,4.05,3.37,0.54,6.66,4.16,3.45,0.55,6.79,4.24,3.52,158,273,267,260,5.1,5.4,5.2,4.9
2025-12-08 10:00:00,3.47,5.3,2.32,2.44,6.39,8.64,4.9,4.69,6.55,8.87,5.02,4.81,6.69,9.05,5.13,4.91,268,274,260,246,4.9,3.8,3.8,3.9
2025-12-08 11:00:00,5.89,5.28,3.13,3.5,9.53,9.07,6.54,6.86,9.78,9.3,6.71,7.04,9.98,9.5,6.85,7.18,261,268,249,252,1.8,2.1,2.5,2.3
2025-12-08 12:00:00,6.17,5.46,6.2,4.7,10.05,8.88,10.68,8.51,10.31,9.11,10.96,8.73,10.52,9.3,11.18,8.91,253,258,258,262,0.7,0.4,2.3,2.0
2025-12-08 13:00:00,5.8,5.57,6.58,5.84,9.51,9.03,10.49,9.81,9.76,9.27,10.77,10.07,9.96,9.46,10.99,10.27,253,258,258,256,0.8,0.3,1.6,1.4
2025-12-08 14:00:00,5.09,6.22,5.79,5.62,8.39,9.84,9.19,9.31,8.61,10.09,9.43,9.55,8.79,10.3,9.62,9.74,259,262,253,255,0.9,0.5,0.8,0.6
2025-12-08 15:00:00,4.64,5.36,6.24,5.31,7.92,8.81,9.84,8.36,8.12,9.03,10.09,8.58,8.29,9.22,10.3,8.76,266,260,246,258,0.5,0.5,0.6,0.2
2025-12-08 16:00:00,4.0,4.67,5.72,5.17,6.81,7.76,8.96,8.57,6.99,7.96,9.19,8.79,7.13,8.12,9.38,8.97,252,263,253,260,0.9,0.5,1.0,0.2
2025-12-08 17:00:00,4.45,4.44,5.31,5.07,7.51,7.18,8.49,8.22,7.7,7.37,8.71,8.43,7.86,7.52,8.89,8.61,255,266,263,265,1.2,0.5,0.7,0.3
2025-12-08 18:00:00,4.7,3.81,4.24,4.37,8.0,6.5,6.69,7.14,8.2,6.67,6.86,7.32,8.37,6.81,7.01,7.48,268,265,260,256,1.9,0.9,0.4,0.5
2025-12-08 19:00:00,4.15,3.95,3.2,4.06,7.38,6.61,5.41,6.8,7.57,6.79,5.55,6.97,7.73,6.93,5.66,7.12,266,259,251,251,1.9,1.3,0.3,0.9
2025-12-08 20:00:00,3.68,3.48,2.83,3.65,6.58,6.51,4.73,6.15,6.75,6.68,4.85,6.31,6.89,6.82,4.95,6.44,258,259,251,251,2.0,1.4,0.5,1.0
2025-12-08 21:00:00,2.63,2.22,2.15,3.14,5.24,4.82,3.55,4.89,5.37,4.94,3.64,5.02,5.48,5.04,3.72,5.13,255,259,243,235,1.9,1.3,0.4,1.1
2025-12-08 22:00:00,1.55,1.47,1.96,2.91,3.58,2.6,2.6,4.42,3.67,2.67,2.66,4.53,3.75,2.72,2.72,4.62,276,240,220,217,1.4,0.9,0.3,0.8
2025-12-08 23:00:00,1.38,1.41,2.02,2.07,2.48,2.0,2.74,3.68,2.55,2.05,2.81,3.78,2.6,2.09,2.87,3.86,244,177,192,206,0.5,-0.1,0.1,0.8
2025-12-09 00:00:00,0.91,1.48,1.5,1.65,0.9,1.27,1.8,2.34,0.92,1.3,1.85,2.4,0.94,1.33,1.89,2.45,139,203,182,197,-1.6,-2.3,-2.3,-0.3
2025-12-09 01:00:00,0.21,1.32,1.3,1.23,1.1,1.15,1.05,1.22,1.13,1.18,1.07,1.25,1.15,1.2,1.1,1.28,13,168,152,164,-1.8,-2.4,-3.6,-1.8
2025-12-09 02:00:00,0.83,1.25,1.57,1.11,1.22,1.55,1.78,1.22,1.25,1.59,1.82,1.25,1.28,1.62,1.86,1.28,88,103,81,119,-1.5,-2.9,-4.1,-2.8
2025-12-09 03:00:00,2.36,2.73,2.44,1.7,3.56,3.83,3.64,2.06,3.66,3.93,3.73,2.11,3.73,4.01,3.81,2.15,87,78,72,85,-1.3,-2.1,-3.5,-2.2
2025-12-09 04:00:00,3.36,3.41,2.9,2.19,5.38,5.63,5.73,3.42,5.52,5.78,5.88,3.51,5.64,5.9,6.0,3.58,78,74,64,73,0.5,0.2,-0.4,-0.1
2025-12-09 05:00:00,4.19,4.38,4.83,3.11,7.01,7.0,7.37,4.67,7.19,7.18,7.57,4.79,7.34,7.33,7.72,4.89,60,66,61,61,1.5,1.5,1.3,1.6
2025-12-09 06:00:00,5.7,5.55,5.48,4.68,8.54,7.74,7.56,6.31,8.77,7.94,7.75,6.48,8.95,8.1,7.91,6.61,64,63,56,56,2.5,2.6,3.4,2.3
2025-12-09 07:00:00,6.92,6.95,6.68,5.16,9.61,9.49,9.09,6.91,9.86,9.74,9.33,7.09,10.07,9.94,9.52,7.24,63,61,59,59,3.4,3.6,4.3,3.1
2025-12-09 08:00:00,7.04,7.1,6.89,5.9,9.77,9.72,9.6,7.98,10.02,9.97,9.84,8.19,10.23,10.18,10.05,8.36,65,64,61,54,3.8,3.9,4.3,3.7
2025-12-09 09:00:00,6.27,6.69,6.18,5.77,8.82,9.45,9.02,8.14,9.05,9.69,9.26,8.35,9.23,9.89,9.45,8.52,70,66,63,56,3.8,3.8,4.0,3.6
2025-12-09 10:00:00,5.31,5.81,5.19,4.42,8.26,8.99,8.19,7.14,8.48,9.22,8.4,7.33,8.65,9.41,8.58,7.48,73,71,67,54,3.1,3.2,3.5,2.7
2025-12-09 11:00:00,4.54,4.91,4.09,1.12,7.83,8.31,7.35,3.99,8.03,8.53,7.54,4.09,8.2,8.71,7.7,4.18,75,74,70,51,2.2,2.2,2.2,0.4
2025-12-09 12:00:00,3.88,4.47,3.18,0.58,6.98,7.74,6.43,1.04,7.16,7.94,6.6,1.07,7.31,8.11,6.74,1.09,78,70,65,233,1.2,1.6,1.0,0.1
2025-12-09 13:00:00,3.12,3.59,1.3,2.79,6.24,6.75,3.67,5.1,6.4,6.93,3.77,5.23,6.54,7.07,3.85,5.34,72,71,68,225,0.8,1.4,0.2,0.2
2025-12-09 14:00:00,2.89,2.53,1.0,3.33,5.48,5.39,1.18,5.91,5.62,5.53,1.21,6.06,5.74,5.65,1.23,6.19,81,72,187,235,0.0,0.9,0.1,0.5
2025-12-09 15:00:00,2.07,1.83,2.07,2.51,4.1,4.17,4.11,4.97,4.2,4.27,4.21,5.1,4.29,4.36,4.3,5.2,93,84,228,244,-0.3,0.1,0.2,0.4
2025-12-09 16:00:00,1.24,1.39,1.86,2.02,2.65,2.92,4.37,4.28,2.72,3.0,4.48,4.39,2.77,3.06,4.57,4.48,77,91,231,258,-0.7,0.0,0.4,0.4
2025-12-09 17:00:00,0.9,1.01,3.03,3.0,0.88,1.43,5.73,5.44,0.9,1.47,5.88,5.58,0.92,1.5,6.0,5.69,180,100,252,255,-1.0,-0.7,0.4,0.1
2025-12-09 18:00:00,2.84,2.36,2.77,0.53,5.61,4.24,5.14,1.8,5.76,4.35,5.28,1.84,5.88,4.44,5.39,1.88,259,255,257,303,-0.4,-0.5,0.3,-0.1
2025-12-09 19:00:00,2.82,3.51,4.65,2.52,5.69,7.01,7.98,4.4,5.84,7.19,8.19,4.51,5.96,7.34,8.36,4.6,249,259,255,274,-0.4,0.3,0.2,-0.5
2025-12-09 20:00:00,4.79,3.83,5.41,3.95,8.5,7.22,8.76,6.84,8.72,7.41,8.98,7.02,8.9,7.56,9.17,7.17,260,263,253,251,0.1,0.4,-0.1,-0.5
2025-12-09 21:00:00,6.07,4.75,6.06,5.03,9.79,8.09,9.99,8.23,10.04,8.3,10.25,8.44,10.25,8.47,10.46,8.62,259,257,260,252,0.4,0.3,0.1,-0.4
2025-12-09 22:00:00,8.12,6.28,9.14,7.99,12.48,9.97,13.68,12.06,12.81,10.23,14.04,12.38,13.07,10.44,14.33,12.63,259,258,262,258,-0.1,0.2,-0.3,-0.3
2025-12-09 23:00:00,8.53,8.35,8.63,8.59,13.01,12.5,12.62,13.5,13.34,12.83,12.95,13.85,13.62,13.09,13.21,14.14,262,259,265,256,-0.6,-0.3,-1.1,-0.7
2025-12-10 00:00:00,7.6,8.05,8.17,8.15,11.22,12.67,12.06,12.04,11.52,13.0,12.37,12.35,11.75,13.27,12.62,12.61,273,265,276,270,-1.1,-1.0,-1.5,-4.1
2025-12-10 01:00:00,7.75,8.03,8.01,6.93,11.67,12.08,12.04,10.55,11.97,12.39,12.36,10.82,12.22,12.65,12.61,11.04,287,279,280,267,-2.0,-1.6,-2.5,-4.5
2025-12-10 02:00:00,7.87,8.21,7.65,6.98,11.74,12.09,11.23,10.42,12.04,12.41,11.52,10.69,12.29,12.66,11.76,10.91,285,284,273,261,-3.4,-2.7,-3.3,-4.8
2025-12-10 03:00:00,7.59,7.16,7.53,7.34,11.29,10.7,11.04,10.38,11.58,10.98,11.33,10.65,11.82,11.21,11.56,10.87,266,274,266,262,-4.2,-3.6,-3.6,-4.8
2025-12-10 04:00:00,7.58,7.29,7.91,7.6,10.74,10.45,11.07,10.79,11.02,10.73,11.36,11.07,11.25,10.95,11.59,11.3,266,266,268,273,-4.7,-4.0,-3.8,-4.7
2025-12-10 05:00:00,7.62,7.36,7.86,8.02,10.58,10.43,10.98,11.28,10.86,10.7,11.26,11.58,11.08,10.92,11.5,11.81,276,269,273,278,-4.9,-4.2,-4.1,-4.9
2025-12-10 06:00:00,7.78,7.42,8.0,8.07,10.49,10.38,11.01,11.25,10.77,10.65,11.3,11.54,10.99,10.87,11.53,11.78,276,276,270,275,-5.3,-4.2,-3.5,-4.6
2025-12-10 07:00:00,6.67,6.99,7.82,7.86,8.91,9.68,10.9,11.04,9.14,9.93,11.19,11.33,9.33,10.13,11.42,11.56,275,277,275,279,-5.4,-4.4,-4.0,-4.9
2025-12-10 08:00:00,6.25,6.86,7.45,7.48,8.2,9.62,10.53,10.62,8.41,9.87,10.8,10.9,8.59,10.08,11.03,11.12,273,279,278,282,-5.1,-4.6,-4.3,-5.2
2025-12-10 09:00:00,6.53,7.14,7.29,6.95,9.38,10.41,10.5,9.94,9.63,10.68,10.77,10.2,9.82,10.9,10.99,10.41,277,281,283,281,-4.9,-4.7,-5.0,-5.8
2025-12-10 10:00:00,7.31,7.31,6.76,6.54,11.02,11.06,9.88,9.49,11.31,11.35,10.14,9.73,11.54,11.59,10.35,9.93,281,279,284,279,-5.1,-5.1,-5.2,-6.1
2025-12-10 11:00:00,8.21,7.99,6.99,6.15,12.31,11.86,10.36,9.29,12.63,12.17,10.63,9.53,12.89,12.42,10.85,9.73,286,286,286,275,-6.5,-6.0,-5.7,-6.5
2025-12-10 12:00:00,8.63,8.7,8.02,7.86,13.01,13.07,11.93,11.84,13.35,13.41,12.24,12.15,13.62,13.69,12.49,12.4,265,281,287,271,-8.3,-7.1,-6.5,-8.3
2025-12-10 13:00:00,8.45,9.4,8.15,7.28,12.76,13.8,12.18,10.84,13.09,14.16,12.5,11.12,13.37,14.45,12.75,11.35,260,272,280,267,-9.2,-8.1,-7.4,-8.7
2025-12-10 14:00:00,7.83,8.56,8.27,5.82,11.44,12.23,12.13,9.08,11.74,12.55,12.45,9.31,11.98,12.81,12.71,9.51,253,265,275,261,-10.2,-8.9,-8.4,-9.3
2025-12-10 15:00:00,6.41,8.33,7.27,5.28,9.82,11.89,11.16,8.07,10.08,12.2,11.45,8.28,10.29,12.45,11.69,8.45,247,265,269,254,-11.0,-9.6,-9.6,-9.8
2025-12-10 16:00:00,5.72,7.29,6.17,5.13,10.03,10.66,10.1,8.2,10.3,10.94,10.36,8.41,10.51,11.17,10.57,8.58,246,261,260,242,-11.0,-10.5,-10.2,-10.2
2025-12-10 17:00:00,5.89,5.91,5.39,5.34,9.59,9.0,8.9,8.72,9.84,9.23,9.13,8.95,10.04,9.42,9.32,9.14,244,255,248,234,-11.3,-11.2,-10.8,-10.7
2025-12-10 18:00:00,4.99,5.0,4.7,4.85,8.68,8.37,7.76,7.67,8.91,8.59,7.96,7.87,9.09,8.76,8.12,8.03,254,243,247,234,-10.4,-11.5,-11.3,-11.0
2025-12-10 19:00:00,4.47,4.47,4.52,5.2,8.0,7.66,7.34,8.46,8.21,7.86,7.53,8.68,8.38,8.02,7.69,8.86,244,233,227,229,-12.0,-12.0,-11.4,-11.3
2025-12-10 20:00:00,3.72,4.61,4.45,4.5,7.21,7.95,7.35,7.76,7.4,8.16,7.54,7.96,7.55,8.33,7.69,8.13,227,221,223,228,-11.6,-11.6,-11.2,-10.9
2025-12-10 21:00:00,3.24,3.45,4.78,4.35,6.7,6.58,7.63,7.44,6.87,6.75,7.82,7.64,7.01,6.89,7.99,7.8,218,225,219,224,-10.7,-10.6,-11.1,-10.3
2025-12-10 22:00:00,1.88,3.15,4.63,3.76,4.54,6.03,7.22,6.89,4.66,6.18,7.41,7.07,4.76,6.31,7.56,7.21,213,219,215,220,-11.3,-10.0,-10.5,-9.9
2025-12-10 23:00:00,0.51,2.15,3.6,2.0,1.9,4.86,6.27,4.93,1.95,4.99,6.43,5.06,1.99,5.09,6.56,5.17,220,218,210,218,-11.8,-9.6,-10.3,-10.2
2025-12-11 00:00:00,0.99,0.6,2.11,1.59,1.37,2.58,4.41,2.59,1.4,2.65,4.52,2.66,1.43,2.71,4.61,2.71,94,216,209,200,-12.9,-10.1,-10.8,-13.1
2025-12-11 01:00:00,2.8,1.25,0.76,1.18,4.93,1.67,1.15,1.18,5.06,1.72,1.18,1.21,5.16,1.75,1.2,1.23,78,82,192,66,-13.4,-10.6,-12.2,-13.7
2025-12-11 02:00:00,4.12,4.11,3.0,2.66,7.38,7.59,5.38,5.09,7.57,7.78,5.52,5.23,7.73,7.94,5.63,5.34,72,70,68,68,-13.7,-11.3,-11.6,-13.2
2025-12-11 03:00:00,4.73,4.5,4.64,3.83,8.67,8.16,7.97,7.05,8.9,8.37,8.17,7.23,9.08,8.54,8.34,7.38,67,65,67,66,-12.6,-12.3,-11.9,-12.5
2025-12-11 04:00:00,5.66,5.0,5.19,4.33,9.7,8.9,8.87,7.37,9.95,9.13,9.1,7.56,10.16,9.32,9.29,7.72,64,65,64,65,-10.8,-10.5,-10.9,-10.6
2025-12-11 05:00:00,6.84,6.26,5.79,4.89,11.08,10.27,9.55,7.88,11.37,10.54,9.8,8.08,11.6,10.75,10.0,8.25,61,62,61,61,-9.3,-8.4,-9.1,-8.7
2025-12-11 06:00:00,7.98,7.2,6.7,5.74,12.39,11.86,10.81,9.44,12.71,12.17,11.09,9.69,12.97,12.42,11.32,9.89,68,62,62,61,-7.0,-6.8,-7.4,-7.1
2025-12-11 07:00:00,7.88,7.33,6.71,6.28,12.22,12.45,11.41,10.61,12.53,12.78,11.71,10.89,12.79,13.04,11.95,11.12,68,66,66,63,-6.4,-5.8,-5.9,-5.9
2025-12-11 08:00:00,8.19,7.99,7.19,6.53,12.29,12.32,11.39,10.6,12.61,12.64,11.69,10.87,12.87,12.9,11.93,11.1,74,76,73,68,-5.7,-5.3,-5.5,-5.1
2025-12-11 09:00:00,8.14,7.86,7.15,6.72,12.25,11.93,11.2,10.64,12.57,12.24,11.49,10.92,12.83,12.49,11.73,11.15,82,81,78,74,-5.7,-5.2,-5.3,-5.1
2025-12-11 10:00:00,7.55,7.3,7.19,7.29,12.0,11.75,11.4,11.49,12.31,12.05,11.7,11.79,12.56,12.3,11.94,12.03,88,85,81,78,-5.8,-5.7,-5.8,-5.8
2025-12-11 11:00:00,7.45,7.07,7.36,7.44,12.06,11.51,11.83,12.03,12.37,11.81,12.14,12.35,12.63,12.05,12.39,12.6,87,84,81,80,-6.5,-6.5,-6.8,-6.9
2025-12-11 12:00:00,7.51,7.23,7.78,7.22,12.23,11.82,12.47,11.74,12.55,12.13,12.79,12.04,12.81,12.38,13.06,12.29,90,84,81,81,-6.8,-6.9,-7.3,-8.0
2025-12-11 13:00:00,6.92,7.01,7.7,7.54,11.46,11.5,12.37,12.19,11.75,11.8,12.69,12.51,12.0,12.05,12.96,12.77,82,82,81,82,-7.0,-7.1,-7.3,-8.2
2025-12-11 14:00:00,6.84,6.86,7.35,7.27,11.28,11.28,11.85,11.84,11.57,11.57,12.16,12.14,11.81,11.81,12.41,12.39,82,80,81,83,-6.9,-7.1,-7.3,-8.1
2025-12-11 15:00:00,6.76,6.79,7.14,7.16,11.16,11.3,11.62,11.69,11.45,11.6,11.93,11.99,11.69,11.84,12.17,12.24,79,77,78,83,-7.3,-7.4,-7.6,-8.3
2025-12-11 16:00:00,6.71,6.75,6.97,6.91,11.32,11.34,11.66,11.39,11.62,11.63,11.96,11.69,11.86,11.87,12.21,11.93,77,77,77,81,-7.8,-7.7,-8.0,-8.4
2025-12-11 17:00:00,6.5,6.47,6.95,6.63,11.16,10.98,11.72,11.08,11.45,11.27,12.02,11.36,11.69,11.5,12.27,11.6,77,77,79,79,-8.1,-8.0,-8.0,-8.6
2025-12-11 18:00:00,7.06,6.58,6.36,6.42,11.89,11.23,11.02,11.04,12.2,11.52,11.3,11.33,12.45,11.76,11.54,11.56,80,77,76,79,-8.3,-8.0,-7.5,-8.3
2025-12-11 19:00:00,6.59,6.61,6.33,6.22,11.36,11.34,11.04,10.89,11.66,11.63,11.33,11.17,11.9,11.87,11.56,11.4,77,77,75,77,-8.4,-7.9,-7.4,-8.6
2025-12-11 20:00:00,6.56,6.58,6.36,6.44,11.32,11.38,11.12,11.36,11.62,11.68,11.41,11.66,11.86,11.92,11.64,11.9,76,75,74,75,-8.3,-7.5,-6.9,-8.2
2025-12-11 21:00:00,6.53,6.43,6.14,6.26,11.38,11.12,10.88,11.05,11.67,11.41,11.16,11.34,11.91,11.64,11.4,11.57,73,74,73,75,-7.5,-6.8,-6.6,-7.5
2025-12-11 22:00:00,6.33,5.86,5.93,6.19,11.18,10.58,10.67,10.9,11.47,10.85,10.94,11.18,11.7,11.07,11.17,11.41,70,70,70,73,-6.8,-6.5,-6.7,-7.2
2025-12-11 23:00:00,6.05,5.85,5.62,5.99,10.66,10.41,10.15,10.68,10.94,10.68,10.42,10.96,11.16,10.9,10.63,11.18,67,68,69,71,-6.4,-6.4,-6.4,-7.0
2025-12-12 00:00:00,5.58,5.49,5.61,5.92,9.51,9.65,9.91,10.56,9.75,9.9,10.17,10.83,9.95,10.11,10.38,11.06,75,70,70,70,-6.5,-5.9,-7.3,-7.6
2025-12-12 01:00:00,5.13,5.17,5.52,5.71,9.3,9.1,9.85,10.07,9.55,9.34,10.1,10.33,9.74,9.53,10.31,10.54,69,69,69,70,-6.6,-5.5,-7.3,-7.5
2025-12-12 02:00:00,5.41,5.3,5.42,5.4,9.76,9.41,9.83,9.7,10.01,9.66,10.08,9.95,10.22,9.86,10.29,10.16,67,67,67,69,-6.5,-4.7,-7.3,-8.2
2025-12-12 03:00:00,5.35,5.37,5.78,5.47,9.85,9.83,10.46,9.86,10.11,10.09,10.73,10.11,10.32,10.3,10.96,10.32,65,65,64,68,-6.0,-4.8,-6.0,-7.2
2025-12-12 04:00:00,5.06,5.29,6.07,6.05,9.19,9.8,10.98,10.73,9.43,10.06,11.27,11.0,9.62,10.26,11.5,11.23,70,68,63,67,-3.8,-3.6,-3.5,-3.8
2025-12-12 05:00:00,5.58,5.41,6.15,6.14,9.7,9.6,10.53,10.46,9.95,9.84,10.8,10.74,10.15,10.05,11.02,10.96,70,65,67,65,-1.9,-1.3,-1.3,-1.6
2025-12-12 06:00:00,5.41,5.19,5.95,4.72,9.58,10.54,10.7,10.08,9.83,10.81,10.98,10.34,10.03,11.04,11.2,10.56,74,66,67,68,1.0,0.6,0.8,-0.3
2025-12-12 07:00:00,5.41,5.19,5.77,4.99,9.9,10.6,10.6,10.27,10.16,10.87,10.87,10.54,10.37,11.1,11.1,10.76,66,69,69,68,1.8,1.4,2.0,0.6
2025-12-12 08:00:00,5.17,5.47,5.69,5.79,10.28,9.69,10.22,9.89,10.55,9.95,10.48,10.15,10.77,10.15,10.7,10.36,70,72,71,67,1.7,2.5,2.7,1.7
2025-12-12 09:00:00,5.43,5.26,5.3,5.54,9.82,9.66,9.79,9.84,10.07,9.91,10.04,10.09,10.28,10.12,10.25,10.3,71,71,71,69,1.8,2.3,2.1,2.3
2025-12-12 10:00:00,4.98,5.12,4.96,5.09,9.56,9.74,9.59,9.63,9.8,9.99,9.83,9.88,10.01,10.2,10.04,10.09,71,71,72,70,1.0,1.0,1.4,1.4
2025-12-12 11:00:00,4.57,4.92,4.71,4.74,8.9,9.56,9.27,9.28,9.13,9.8,9.51,9.52,9.32,10.01,9.71,9.72,73,71,69,72,-0.9,-0.7,-0.2,-0.5
2025-12-12 12:00:00,4.38,4.35,4.35,4.3,8.24,8.43,8.65,8.58,8.45,8.65,8.87,8.81,8.63,8.83,9.05,8.99,75,71,71,71,-2.0,-2.1,-1.5,-1.2
2025-12-12 13:00:00,4.5,4.75,4.45,4.7,8.82,9.13,8.72,9.09,9.05,9.37,8.95,9.33,9.23,9.56,9.14,9.52,70,69,71,71,-2.3,-2.3,-2.2,-1.6
2025-12-12 14:00:00,4.55,4.71,4.66,4.8,8.78,9.14,8.99,9.19,9.01,9.38,9.22,9.42,9.2,9.57,9.41,9.62,72,73,73,71,-2.1,-2.1,-2.2,-1.3
2025-12-12 15:00:00,4.6,4.79,4.9,5.2,8.79,9.1,9.31,9.81,9.02,9.34,9.55,10.06,9.2,9.53,9.75,10.27,74,76,70,74,-1.5,-2.3,-1.9,-1.7
2025-12-12 16:00:00,4.4,5.0,5.1,5.55,8.69,9.37,9.58,10.26,8.92,9.61,9.83,10.53,9.1,9.81,10.03,10.75,72,74,74,75,-1.6,-1.6,-1.4,-1.2
2025-12-12 17:00:00,4.93,5.35,5.26,5.31,9.39,9.99,9.84,10.24,9.63,10.25,10.1,10.51,9.83,10.47,10.3,10.73,70,74,74,69,-0.6,-0.4,-0.9,-0.5
2025-12-12 18:00:00,5.14,4.2,4.58,3.77,9.72,8.59,9.35,8.0,9.98,8.81,9.6,8.21,10.18,9.0,9.79,8.38,71,69,65,70,-0.2,-1.7,-0.5,0.6
2025-12-12 19:00:00,4.38,2.44,3.7,3.01,8.96,6.26,7.83,6.96,9.19,6.42,8.03,7.14,9.38,6.55,8.2,7.29,68,65,68,66,-0.6,-1.5,-0.3,0.2
2025-12-12 20:00:00,2.8,1.24,2.32,2.75,6.82,2.3,5.5,6.35,7.0,2.35,5.64,6.51,7.14,2.4,5.76,6.65,64,86,66,61,-1.3,-1.2,-0.6,0.5
2025-12-12 21:00:00,1.14,1.06,2.21,1.88,1.86,0.99,5.58,4.98,1.91,1.01,5.73,5.11,1.95,1.03,5.85,5.21,96,171,65,67,-0.6,0.1,-0.5,-0.1
2025-12-12 22:00:00,1.77,1.05,0.56,0.82,2.49,1.54,2.18,2.34,2.55,1.58,2.24,2.41,2.6,1.61,2.29,2.45,179,162,66,69,0.1,1.0,-1.1,-1.1
2025-12-12 23:00:00,0.52,1.78,1.81,1.5,1.42,3.29,2.91,1.96,1.46,3.37,2.98,2.02,1.49,3.44,3.04,2.06,196,220,220,157,0.7,2.1,0.4,1.1
2025-12-13 00:00:00,2.96,2.44,0.49,0.51,4.26,5.48,0.92,1.42,4.37,5.62,0.94,1.46,4.46,5.74,0.96,1.49,220,241,115,96,0.6,1.6,2.4,2.5
2025-12-13 01:00:00,2.0,1.22,0.8,0.39,4.1,3.26,2.02,1.49,4.2,3.34,2.07,1.53,4.29,3.41,2.11,1.56,212,219,70,101,1.7,1.5,3.4,3.0
2025-12-13 02:00:00,0.32,0.21,0.93,1.75,1.88,1.14,3.59,3.57,1.93,1.17,3.68,3.67,1.97,1.19,3.76,3.74,253,250,47,95,1.1,1.4,3.0,2.8
2025-12-13 03:00:00,1.05,0.25,0.32,0.75,1.58,1.13,2.01,3.69,1.62,1.15,2.06,3.78,1.66,1.18,2.1,3.86,56,265,76,47,0.1,2.1,3.1,2.8
2025-12-13 04:00:00,1.51,0.34,0.95,1.0,3.61,0.18,1.75,1.52,3.71,0.18,1.79,1.56,3.78,0.18,1.83,1.59,80,146,150,132,2.7,2.3,4.3,4.9
2025-12-13 05:00:00,1.8,0.21,1.6,0.85,5.47,1.11,3.99,1.38,5.61,1.14,4.09,1.42,5.73,1.16,4.18,1.45,64,61,57,132,3.2,4.5,4.2,5.2
2025-12-13 06:00:00,4.02,1.47,1.42,1.86,7.16,3.92,3.93,4.79,7.34,4.02,4.03,4.91,7.49,4.1,4.12,5.01,61,73,70,94,5.9,4.1,3.8,4.2
2025-12-13 07:00:00,3.0,2.23,2.1,0.35,7.38,5.79,5.78,1.34,7.57,5.94,5.94,1.38,7.73,6.06,6.06,1.4,58,56,67,19,6.0,6.2,5.9,6.0
2025-12-13 08:00:00,2.3,2.39,2.18,1.39,6.22,6.11,5.6,2.94,6.38,6.27,5.74,3.01,6.51,6.4,5.86,3.08,56,67,57,264,4.5,5.9,4.7,4.9
2025-12-13 09:00:00,2.18,2.53,2.66,0.88,5.78,6.26,6.9,2.39,5.93,6.42,7.08,2.45,6.05,6.55,7.23,2.5,61,63,54,253,3.9,4.8,4.8,4.9
2025-12-13 10:00:00,2.63,2.19,2.96,0.22,6.21,5.79,7.22,1.17,6.37,5.94,7.41,1.2,6.51,6.07,7.56,1.22,70,51,55,270,2.9,3.0,4.7,4.0
2025-12-13 11:00:00,2.11,0.62,2.59,0.58,5.29,3.25,6.89,1.06,5.43,3.34,7.07,1.09,5.54,3.41,7.21,1.11,68,81,64,106,1.5,1.4,2.8,1.8
2025-12-13 12:00:00,3.89,0.36,0.21,1.04,8.17,0.79,0.44,2.15,8.39,0.81,0.45,2.2,8.56,0.83,0.46,2.25,63,133,90,93,1.9,0.7,1.1,1.1
2025-12-13 13:00:00,4.22,0.21,0.81,2.0,8.88,0.39,1.81,4.3,9.11,0.4,1.86,4.41,9.3,0.41,1.9,4.5,66,150,156,72,1.5,0.5,0.4,0.4
2025-12-13 14:00:00,4.0,1.1,0.5,2.06,8.63,1.81,1.19,5.2,8.85,1.85,1.22,5.33,9.04,1.89,1.24,5.44,63,183,109,67,1.5,0.1,0.8,0.1
2025-12-13 15:00:00,3.4,1.23,1.56,2.21,7.7,1.69,3.11,5.3,7.9,1.73,3.19,5.44,8.06,1.77,3.26,5.56,66,136,73,67,1.0,0.6,0.7,0.3
2025-12-13 16:00:00,2.46,1.07,1.9,2.66,6.41,2.51,4.29,6.0,6.57,2.58,4.4,6.15,6.71,2.63,4.49,6.28,63,72,69,66,0.5,0.9,0.8,-0.2
2025-12-13 17:00:00,2.18,1.56,1.81,2.97,5.6,4.36,4.53,6.52,5.74,4.47,4.65,6.69,5.86,4.56,4.74,6.82,70,63,71,64,0.1,0.7,0.6,-0.6
2025-12-13 18:00:00,2.85,1.2,2.44,2.91,6.58,3.89,6.08,6.71,6.75,3.99,6.24,6.89,6.89,4.08,6.37,7.03,57,56,64,64,0.7,0.4,-0.2,-0.5
2025-12-13 19:00:00,2.71,0.25,2.16,3.15,6.79,1.99,5.67,7.04,6.96,2.04,5.81,7.22,7.11,2.08,5.94,7.37,60,59,62,63,0.5,0.7,0.0,-0.2
2025-12-13 20:00:00,1.55,1.46,0.15,3.35,4.62,2.0,2.14,7.12,4.74,2.05,2.19,7.3,4.83,2.09,2.24,7.45,68,269,43,67,-0.5,-1.0,1.0,0.1
2025-12-13 21:00:00,1.53,3.2,2.3,3.65,2.09,6.09,2.97,7.37,2.15,6.25,3.05,7.56,2.19,6.38,3.11,7.72,298,258,252,66,-0.1,-0.8,0.6,0.1
2025-12-13 22:00:00,1.88,2.78,2.12,3.41,3.18,5.28,4.1,7.28,3.26,5.41,4.21,7.47,3.33,5.52,4.29,7.63,255,227,250,61,-0.7,-0.2,-0.2,0.2
2025-12-13 23:00:00,3.22,2.55,2.35,2.45,6.28,4.93,5.16,6.5,6.44,5.06,5.3,6.67,6.58,5.16,5.41,6.81,254,224,251,61,-0.7,0.7,-0.8,0.2
2025-12-14 00:00:00,3.28,2.12,2.29,1.64,4.65,4.45,5.02,3.0,4.77,4.57,5.15,3.07,4.87,4.66,5.26,3.14,215,241,247,248,-0.2,0.1,-0.5,-1.6
2025-12-14 01:00:00,3.82,2.61,2.53,3.15,5.53,5.34,5.2,5.6,5.67,5.48,5.33,5.75,5.79,5.59,5.44,5.87,210,226,234,249,-0.1,0.5,-0.1,-1.1
2025-12-14 02:00:00,2.82,2.71,2.52,3.07,5.78,5.9,5.72,5.78,5.93,6.06,5.87,5.93,6.05,6.18,5.99,6.05,245,229,226,230,0.8,1.1,0.3,-0.8
2025-12-14 03:00:00,3.8,2.52,2.33,3.15,7.46,6.3,5.91,5.97,7.66,6.47,6.06,6.12,7.81,6.6,6.19,6.25,250,251,238,228,1.5,1.6,0.9,0.1
2025-12-14 04:00:00,5.05,2.9,2.02,2.46,8.0,6.76,5.06,5.77,8.21,6.93,5.19,5.92,8.38,7.08,5.29,6.04,248,244,236,229,2.7,2.7,2.5,1.4
2025-12-14 05:00:00,4.84,2.74,1.52,2.06,7.6,6.26,3.84,5.21,7.8,6.42,3.94,5.34,7.96,6.56,4.02,5.45,249,238,230,228,3.7,3.8,3.5,3.2
2025-12-14 06:00:00,4.45,4.07,2.81,2.78,7.19,5.9,6.26,5.87,7.38,6.05,6.42,6.02,7.53,6.18,6.55,6.14,244,239,242,242,3.6,4.9,5.0,3.8
2025-12-14 07:00:00,4.55,4.33,3.29,2.87,6.53,6.0,6.62,6.09,6.7,6.16,6.79,6.25,6.84,6.28,6.93,6.38,236,236,233,240,4.5,4.9,4.1,4.1
2025-12-14 08:00:00,2.91,3.5,1.87,2.02,4.5,5.05,4.69,4.81,4.61,5.18,4.82,4.94,4.71,5.29,4.92,5.04,240,233,228,236,6.1,5.3,5.1,4.4
2025-12-14 09:00:00,1.5,2.34,1.04,1.61,2.36,3.37,3.08,3.83,2.42,3.46,3.16,3.92,2.47,3.53,3.22,4.01,240,233,241,226,6.6,5.3,5.6,3.3
2025-12-14 10:00:00,1.12,0.25,0.32,0.27,2.03,1.53,1.66,1.68,2.09,1.57,1.7,1.72,2.13,1.6,1.74,1.76,316,243,272,253,4.1,4.0,4.4,3.8
2025-12-14 11:00:00,0.55,0.46,1.42,0.81,1.6,1.47,2.71,1.96,1.64,1.5,2.78,2.01,1.67,1.53,2.83,2.05,348,356,23,341,1.5,1.4,1.0,0.7
2025-12-14 12:00:00,2.55,1.81,2.15,2.11,4.59,3.66,4.73,4.46,4.71,3.76,4.85,4.57,4.81,3.84,4.95,4.67,59,29,76,60,1.0,-0.6,-0.5,0.5
2025-12-14 13:00:00,4.37,2.2,2.77,2.6,7.58,4.95,6.3,6.23,7.78,5.08,6.47,6.39,7.94,5.18,6.6,6.52,63,61,66,67,1.4,-0.2,0.9,1.1
2025-12-14 14:00:00,5.17,3.24,2.95,3.25,9.09,6.63,6.67,7.17,9.33,6.8,6.84,7.36,9.52,6.94,6.98,7.51,65,65,63,65,1.8,0.3,0.5,0.1
2025-12-14 15:00:00,4.79,3.88,3.45,3.81,8.49,7.65,7.3,8.0,8.71,7.85,7.49,8.21,8.89,8.01,7.65,8.38,67,64,63,64,0.9,-0.1,-0.3,-0.3
2025-12-14 16:00:00,4.74,4.38,3.82,4.5,8.08,8.44,7.64,9.05,8.29,8.65,7.84,9.29,8.46,8.83,8.0,9.48,72,64,67,61,0.6,-0.3,-1.1,-0.4
2025-12-14 17:00:00,4.98,5.11,4.3,5.06,8.41,9.33,8.34,9.79,8.63,9.57,8.55,10.04,8.81,9.77,8.73,10.25,82,63,67,64,0.5,-0.5,-1.4,-0.4
2025-12-14 18:00:00,5.14,5.97,4.75,5.63,8.51,10.29,8.68,10.07,8.73,10.55,8.91,10.33,8.91,10.77,9.09,10.54,82,64,74,70,0.8,-0.6,-1.0,-0.9
2025-12-14 19:00:00,5.27,6.33,5.26,5.92,9.04,10.65,9.43,10.37,9.28,10.93,9.67,10.64,9.47,11.16,9.87,10.86,76,70,74,74,0.8,-0.6,-0.5,-0.7
2025-12-14 20:00:00,5.29,6.44,5.35,5.86,9.14,10.68,9.59,10.22,9.38,10.95,9.83,10.48,9.57,11.18,10.04,10.7,77,74,76,78,1.0,-0.5,-0.4,-0.5
2025-12-14 21:00:00,4.17,5.76,5.36,5.76,7.46,9.65,9.62,10.23,7.66,9.91,9.87,10.49,7.82,10.11,10.08,10.71,74,80,75,79,1.0,0.1,-0.2,-0.5
2025-12-14 22:00:00,2.1,5.25,5.25,5.22,4.66,8.99,9.47,9.55,4.78,9.22,9.71,9.8,4.88,9.41,9.91,10.0,74,83,75,76,-0.1,0.0,-0.3,-0.6
2025-12-14 23:00:00,0.96,4.08,4.6,4.1,1.31,7.3,8.56,8.13,1.35,7.48,8.78,8.34,1.37,7.64,8.97,8.51,121,67,74,69,-0.3,0.3,-0.6,-0.8
2025-12-15 00:00:00,3.36,4.55,4.78,5.58,5.74,6.1,7.68,9.25,5.89,6.26,7.88,9.49,6.01,6.39,8.04,9.68,196,195,234,257,1.3,-0.3,-0.3,-0.5
2025-12-15 01:00:00,3.4,3.24,4.12,4.68,5.21,6.28,7.22,8.24,5.35,6.44,7.4,8.46,5.46,6.58,7.56,8.63,217,245,242,246,2.3,0.5,1.2,-0.3
2025-12-15 02:00:00,3.34,5.66,4.85,5.45,6.79,9.7,8.97,9.94,6.96,9.95,9.2,10.2,7.11,10.16,9.39,10.41,260,244,269,243,2.3,0.8,1.3,1.5
2025-12-15 03:00:00,3.87,4.63,7.01,3.89,6.43,7.85,11.49,7.48,6.59,8.05,11.79,7.67,6.73,8.22,12.03,7.83,248,243,242,248,1.5,1.8,1.3,1.6
2025-12-15 04:00:00,4.2,4.9,7.25,4.4,6.6,7.9,11.75,8.2,6.77,8.1,12.05,8.41,6.91,8.27,12.3,8.59,229,257,244,252,2.8,1.9,2.1,1.8
2025-12-15 05:00:00,5.44,6.53,6.92,5.48,8.52,9.87,11.2,9.73,8.74,10.13,11.49,9.98,8.92,10.34,11.73,10.19,260,245,244,253,4.0,2.3,3.1,2.7
2025-12-15 06:00:00,8.62,9.55,8.37,6.91,12.89,14.21,12.3,10.97,13.22,14.58,12.62,11.25,13.5,14.88,12.89,11.48,253,251,253,254,3.6,2.4,3.6,3.6
2025-12-15 07:00:00,9.21,8.21,8.07,6.89,13.99,12.29,11.89,10.18,14.36,12.61,12.2,10.44,14.65,12.87,12.45,10.66,244,246,248,244,2.2,2.1,2.9,3.2
2025-12-15 08:00:00,8.7,7.55,7.89,6.9,13.11,10.93,11.5,10.32,13.45,11.22,11.8,10.58,13.73,11.45,12.05,10.8,248,236,237,235,3.1,2.1,2.4,3.1
2025-12-15 09:00:00,7.7,7.57,8.13,7.42,11.58,11.4,12.03,11.09,11.88,11.7,12.34,11.38,12.13,11.94,12.6,11.61,241,231,237,238,3.1,1.4,1.6,2.9
2025-12-15 10:00:00,7.9,8.62,8.35,7.66,11.97,12.86,12.61,11.77,12.28,13.2,12.94,12.08,12.53,13.47,13.21,12.33,244,240,241,244,2.1,0.8,0.8,1.8
2025-12-15 11:00:00,7.81,8.06,8.0,7.07,12.19,12.47,12.42,11.44,12.5,12.79,12.74,11.74,12.76,13.05,13.01,11.98,245,238,240,243,0.8,-0.6,-0.4,0.5
2025-12-15 12:00:00,6.8,6.52,7.25,7.39,10.9,10.47,11.36,11.61,11.18,10.74,11.65,11.91,11.41,10.96,11.89,12.16,243,233,235,236,0.2,-0.6,-0.9,-1.2
2025-12-15 13:00:00,7.04,5.78,6.72,6.32,11.23,9.56,10.69,10.37,11.52,9.81,10.97,10.64,11.76,10.01,11.2,10.86,239,231,233,231,0.2,-0.9,-1.3,-1.6
2025-12-15 14:00:00,6.59,5.52,5.52,5.53,10.38,9.2,9.04,9.29,10.65,9.44,9.27,9.53,10.87,9.63,9.46,9.73,239,230,228,229,0.5,-1.0,-1.7,-1.7
2025-12-15 15:00:00,5.73,4.85,4.41,4.03,9.26,8.24,7.59,7.34,9.5,8.45,7.79,7.53,9.7,8.63,7.95,7.69,237,227,222,225,0.5,-0.7,-1.6,-2.1
2025-12-15 16:00:00,4.2,3.74,3.05,2.94,7.21,6.54,5.84,5.76,7.4,6.71,5.99,5.91,7.55,6.85,6.11,6.03,227,220,218,223,0.7,-0.4,-2.2,-2.2
2025-12-15 17:00:00,2.7,2.48,1.6,1.99,5.32,5.01,3.56,4.14,5.46,5.14,3.65,4.24,5.57,5.24,3.73,4.33,221,221,221,224,0.8,-0.5,-2.9,-2.9
2025-12-15 18:00:00,1.25,1.2,0.22,1.71,2.73,2.38,0.99,3.55,2.8,2.44,1.02,3.64,2.86,2.49,1.04,3.72,211,226,281,223,0.8,-2.0,-3.8,-2.8
2025-12-15 19:00:00,0.07,0.4,0.39,0.7,0.41,1.02,1.43,1.66,0.42,1.04,1.47,1.7,0.43,1.07,1.5,1.74,315,253,10,242,-0.2,-2.5,-3.8,-3.4
2025-12-15 20:00:00,0.67,0.29,0.92,0.47,1.04,0.42,1.76,0.26,1.06,0.43,1.8,0.27,1.09,0.44,1.84,0.27,131,21,56,338,-0.3,-2.8,-3.7,-4.2
2025-12-15 21:00:00,0.87,0.51,1.61,0.67,1.4,0.73,2.92,1.24,1.43,0.75,3.0,1.27,1.46,0.77,3.06,1.3,115,53,66,45,-0.8,-3.0,-3.8,-4.3
2025-12-15 22:00:00,1.79,0.57,1.78,1.21,2.92,1.0,3.89,2.37,3.0,1.03,3.99,2.43,3.06,1.05,4.07,2.48,91,43,60,58,-1.1,-2.9,-4.1,-4.1
2025-12-15 23:00:00,2.55,0.92,1.74,1.91,5.23,1.31,3.97,3.95,5.36,1.34,4.07,4.06,5.47,1.37,4.15,4.14,74,63,62,60,-1.0,-2.7,-4.0,-4.1
2025-12-16 00:00:00,2.5,1.7,0.93,1.44,5.13,3.52,2.64,3.8,5.26,3.61,2.7,3.89,5.37,3.69,2.76,3.97,76,68,71,66,-0.7,-2.7,-3.1,-3.6
2025-12-16 01:00:00,2.95,1.77,0.92,1.66,6.13,4.27,2.35,4.15,6.29,4.38,2.41,4.25,6.42,4.47,2.46,4.34,66,71,77,66,-1.9,-2.8,-3.0,-3.3
2025-12-16 02:00:00,3.71,1.93,1.31,1.61,7.18,4.57,2.69,3.73,7.37,4.69,2.76,3.83,7.52,4.79,2.82,3.91,66,68,85,73,-1.8,-2.9,-3.1,-3.3
2025-12-16 03:00:00,3.7,2.57,1.76,1.53,6.66,5.09,3.06,2.92,6.84,5.22,3.14,3.0,6.98,5.33,3.21,3.06,69,70,76,75,-1.5,-2.1,-2.5,-2.6
2025-12-16 04:00:00,4.08,3.74,2.18,1.68,6.77,5.9,3.61,2.59,6.94,6.05,3.7,2.65,7.09,6.18,3.78,2.71,73,68,71,87,0.9,0.6,-0.2,-0.4
2025-12-16 05:00:00,4.94,4.09,2.8,1.55,6.71,5.69,3.36,1.56,6.88,5.84,3.45,1.6,7.02,5.96,3.52,1.63,67,63,71,88,3.0,2.8,2.1,1.3
2025-12-16 06:00:00,5.64,5.5,3.94,3.36,7.34,7.35,5.21,4.34,7.54,7.54,5.34,4.45,7.69,7.69,5.45,4.54,64,64,64,64,4.1,4.1,3.0,2.9
2025-12-16 07:00:00,5.88,5.46,3.89,3.41,7.62,7.15,5.06,4.34,7.81,7.33,5.19,4.45,7.98,7.49,5.3,4.55,60,64,65,61,4.6,4.8,4.2,4.1
2025-12-16 08:00:00,5.16,4.43,3.7,2.52,6.75,5.74,4.78,3.25,6.92,5.89,4.9,3.33,7.06,6.01,5.0,3.4,60,66,61,54,5.0,5.4,4.7,4.0
2025-12-16 09:00:00,4.33,3.21,3.27,1.21,5.82,4.21,4.26,1.61,5.97,4.32,4.37,1.66,6.09,4.41,4.46,1.69,59,62,59,61,5.1,5.0,4.3,3.9
2025-12-16 10:00:00,2.88,1.25,2.16,0.45,5.39,2.88,4.11,1.2,5.53,2.96,4.22,1.23,5.65,3.02,4.31,1.26,60,71,59,122,4.0,3.4,3.2,2.6
2025-12-16 11:00:00,2.13,1.52,1.8,0.62,5.11,3.25,4.12,1.24,5.25,3.34,4.23,1.27,5.36,3.41,4.31,1.3,59,73,64,135,1.3,0.5,-0.1,0.1
2025-12-16 12:00:00,1.23,1.95,1.66,1.01,3.55,4.93,3.88,1.15,3.65,5.06,3.98,1.18,3.72,5.16,4.07,1.2,61,62,72,144,0.1,0.3,-0.7,-1.3
2025-12-16 13:00:00,1.0,1.73,1.86,1.01,2.43,4.41,4.1,1.51,2.49,4.52,4.21,1.55,2.54,4.62,4.3,1.59,80,67,66,86,0.1,-0.6,-1.6,-1.2
2025-12-16 14:00:00,1.15,1.48,2.27,1.27,2.1,4.01,5.11,2.91,2.15,4.11,5.24,2.98,2.2,4.2,5.35,3.04,89,63,60,76,-0.2,-1.1,-1.9,-1.0
2025-12-16 15:00:00,1.1,1.33,2.44,1.29,1.68,3.64,5.52,3.1,1.73,3.73,5.66,3.18,1.76,3.81,5.78,3.24,100,70,62,71,-0.5,-1.4,-1.9,-1.3
2025-12-16 16:00:00,0.85,1.12,2.57,0.99,0.88,3.36,5.71,2.33,0.9,3.44,5.86,2.39,0.92,3.52,5.98,2.44,124,64,63,70,-0.2,-1.1,-1.7,-1.3
2025-12-16 17:00:00,0.47,1.12,2.14,0.46,0.81,2.89,5.17,0.83,0.83,2.96,5.3,0.85,0.85,3.02,5.41,0.87,123,78,62,69,0.4,-0.7,-1.8,-1.8
2025-12-16 18:00:00,0.61,1.42,1.41,0.94,1.3,3.95,4.08,1.63,1.33,4.05,4.19,1.67,1.36,4.13,4.27,1.7,257,61,61,81,1.3,-0.9,-2.1,-3.0
2025-12-16 19:00:00,0.45,1.5,1.23,0.6,1.4,4.1,3.28,0.8,1.43,4.21,3.36,0.82,1.46,4.29,3.43,0.84,151,62,67,76,0.6,-0.5,-2.9,-3.2
2025-12-16 20:00:00,1.54,1.2,1.35,1.1,2.59,3.72,3.62,1.27,2.66,3.82,3.72,1.3,2.71,3.9,3.79,1.32,86,58,61,196,-0.4,-0.9,-2.8,-2.9
2025-12-16 21:00:00,2.15,0.18,1.46,1.08,4.69,1.42,3.97,1.78,4.81,1.46,4.07,1.83,4.91,1.49,4.15,1.87,61,68,64,235,0.0,-0.3,-2.6,-3.4
2025-12-16 22:00:00,2.26,0.4,1.15,2.08,5.01,0.77,3.17,3.29,5.14,0.79,3.25,3.37,5.25,0.81,3.32,3.44,74,145,67,235,0.6,-0.7,-2.8,-2.9
2025-12-16 23:00:00,0.95,1.36,0.47,2.45,2.45,2.7,0.93,4.45,2.52,2.77,0.95,4.56,2.57,2.82,0.97,4.66,83,229,90,243,0.0,-0.9,-3.0,-2.5
2025-12-17 00:00:00,1.87,2.17,0.68,1.71,3.0,4.6,2.03,2.93,3.07,4.72,2.09,3.01,3.14,4.82,2.13,3.07,248,243,224,223,0.1,-0.1,-1.1,-3.1
2025-12-17 01:00:00,1.84,1.51,1.58,1.57,4.08,3.68,3.24,3.07,4.19,3.77,3.32,3.15,4.27,3.85,3.39,3.22,241,235,233,245,0.1,-0.6,-1.6,-2.8
2025-12-17 02:00:00,1.84,1.74,1.01,2.75,4.28,4.12,2.59,5.01,4.39,4.23,2.66,5.14,4.48,4.31,2.72,5.25,240,243,242,249,0.5,0.3,-0.9,-2.0
2025-12-17 03:00:00,2.1,2.02,0.4,3.08,4.46,4.56,1.4,5.41,4.58,4.68,1.43,5.55,4.67,4.77,1.46,5.66,230,245,245,246,1.4,1.5,0.4,-1.0
2025-12-17 04:00:00,2.37,2.16,0.69,3.47,4.19,4.03,1.29,5.6,4.3,4.14,1.32,5.75,4.38,4.22,1.35,5.87,230,245,217,245,3.8,2.8,2.0,0.6
2025-12-17 05:00:00,1.96,2.62,0.68,3.5,3.51,4.58,1.32,6.63,3.6,4.7,1.35,6.8,3.68,4.79,1.38,6.94,245,242,231,256,5.5,4.2,2.8,1.2
2025-12-17 06:00:00,0.36,2.84,1.4,2.08,0.94,4.04,1.4,3.12,0.96,4.15,1.43,3.2,0.98,4.23,1.46,3.26,219,236,12,245,5.8,4.6,3.4,4.4
2025-12-17 07:00:00,0.99,3.46,0.56,2.65,0.95,4.26,0.86,3.86,0.97,4.37,0.89,3.96,0.99,4.46,0.9,4.04,282,239,74,249,6.1,4.8,3.3,4.6
2025-12-17 08:00:00,1.03,3.81,0.2,3.56,1.51,4.91,0.59,5.04,1.55,5.04,0.6,5.17,1.58,5.14,0.61,5.28,270,233,138,245,5.5,4.0,3.8,4.8
2025-12-17 09:00:00,1.35,4.62,1.02,3.77,2.76,6.38,1.29,5.97,2.83,6.55,1.32,6.13,2.89,6.68,1.35,6.25,224,237,241,243,5.1,3.4,4.2,3.9
2025-12-17 10:00:00,1.54,4.92,1.79,4.05,3.33,8.02,3.75,6.64,3.42,8.22,3.85,6.81,3.49,8.39,3.93,6.96,252,240,254,251,3.9,2.2,2.6,2.7
2025-12-17 11:00:00,2.9,4.61,2.52,3.73,5.26,7.42,4.82,6.63,5.39,7.62,4.94,6.8,5.5,7.77,5.04,6.94,245,238,234,243,3.0,1.4,2.0,1.7
2025-12-17 12:00:00,3.72,4.72,3.69,4.14,5.8,7.73,6.19,6.76,5.95,7.93,6.35,6.93,6.07,8.09,6.48,7.08,222,233,230,231,2.3,1.8,1.3,2.3
2025-12-17 13:00:00,3.6,4.64,3.33,3.86,6.18,7.69,5.91,6.33,6.34,7.89,6.06,6.49,6.47,8.05,6.19,6.63,229,236,236,235,2.1,1.6,1.5,1.9
2025-12-17 14:00:00,4.37,4.82,2.97,3.07,7.44,7.94,5.46,5.49,7.63,8.14,5.6,5.63,7.79,8.31,5.72,5.75,241,241,237,237,1.9,1.2,1.5,1.6
2025-12-17 15:00:00,5.19,4.99,2.93,3.36,8.61,8.18,5.44,5.75,8.83,8.39,5.58,5.9,9.02,8.57,5.7,6.02,243,241,234,231,1.2,1.0,1.4,1.4
2025-12-17 16:00:00,5.29,4.89,2.92,3.24,8.7,7.99,5.34,5.69,8.93,8.2,5.48,5.84,9.11,8.37,5.6,5.96,245,235,227,227,1.0,0.9,1.3,1.4
2025-12-17 17:00:00,4.92,4.39,2.21,2.85,7.94,7.21,4.55,5.21,8.14,7.4,4.67,5.34,8.31,7.55,4.76,5.45,242,234,224,228,0.8,1.0,1.3,1.4
2025-12-17 18:00:00,4.5,3.68,2.47,1.77,7.43,6.46,4.82,3.42,7.62,6.63,4.95,3.5,7.78,6.76,5.05,3.58,253,229,226,228,0.2,0.9,1.0,1.1
2025-12-17 19:00:00,4.37,2.8,1.75,1.34,6.97,5.39,3.83,2.91,7.15,5.53,3.93,2.98,7.3,5.65,4.01,3.05,253,235,223,239,-0.2,0.5,0.7,1.0
2025-12-17 20:00:00,4.58,2.5,1.38,0.55,7.02,4.8,3.31,1.38,7.2,4.92,3.4,1.41,7.35,5.03,3.47,1.44,242,229,227,247,-0.4,0.4,0.6,1.1
2025-12-17 21:00:00,4.21,1.76,1.24,0.6,6.69,4.03,2.79,1.16,6.86,4.14,2.87,1.19,7.01,4.22,2.93,1.22,231,226,227,33,-0.5,0.3,0.2,0.9
2025-12-17 22:00:00,3.5,1.31,1.04,1.46,5.96,3.33,2.29,2.77,6.11,3.41,2.35,2.84,6.24,3.48,2.4,2.9,231,238,241,56,-0.3,0.1,-0.1,0.5
2025-12-17 23:00:00,3.51,1.21,0.74,1.44,5.77,3.1,1.77,3.57,5.92,3.18,1.82,3.67,6.04,3.25,1.86,3.74,233,240,238,64,-0.3,-0.1,-0.2,0.3
2025-12-18 00:00:00,3.43,1.29,2.3,1.8,5.64,3.32,4.38,2.8,5.79,3.4,4.49,2.87,5.91,3.48,4.58,2.93,230,240,218,235,-0.2,-0.3,0.3,-0.3
2025-12-18 01:00:00,3.64,1.77,1.79,1.86,5.96,3.66,3.64,2.91,6.12,3.75,3.73,2.98,6.25,3.83,3.81,3.04,227,233,215,230,-0.5,-0.2,0.3,-0.2
2025-12-18 02:00:00,3.07,1.84,1.08,1.84,5.55,3.75,2.5,3.29,5.7,3.85,2.56,3.37,5.82,3.93,2.61,3.44,227,232,219,235,-0.6,-0.3,0.2,-0.1
2025-12-18 03:00:00,2.62,2.16,0.97,2.23,4.72,3.5,2.24,3.34,4.84,3.59,2.3,3.43,4.94,3.67,2.35,3.5,232,235,243,233,-0.1,-0.2,-0.5,-0.1
2025-12-18 04:00:00,2.79,2.19,1.01,2.44,4.89,3.73,2.74,3.49,5.02,3.83,2.81,3.59,5.13,3.91,2.87,3.66,232,234,265,230,0.7,0.3,0.5,0.1
2025-12-18 05:00:00,2.97,2.64,0.82,2.63,4.29,3.54,1.71,3.81,4.4,3.64,1.76,3.91,4.49,3.71,1.79,3.99,238,238,255,231,1.3,0.6,0.8,0.6
2025-12-18 06:00:00,4.38,3.05,1.35,2.84,6.04,4.66,2.59,3.75,6.2,4.78,2.66,3.85,6.33,4.88,2.71,3.93,252,239,250,244,1.5,0.9,1.3,0.5
2025-12-18 07:00:00,5.18,3.6,1.94,3.33,7.32,5.45,3.31,4.71,7.51,5.59,3.4,4.83,7.67,5.71,3.47,4.93,252,245,250,246,1.1,0.8,1.7,0.5
2025-12-18 08:00:00,5.49,4.73,2.31,4.58,7.54,7.13,3.98,6.63,7.74,7.32,4.09,6.8,7.9,7.47,4.17,6.94,244,241,248,241,0.9,0.7,1.6,0.4
2025-12-18 09:00:00,5.45,4.94,3.72,5.4,7.91,7.25,5.89,8.39,8.11,7.44,6.04,8.61,8.28,7.59,6.16,8.79,240,238,244,242,0.9,0.6,1.3,0.2
2025-12-18 10:00:00,5.38,5.11,4.84,6.02,7.82,7.68,7.5,9.49,8.03,7.88,7.69,9.74,8.19,8.04,7.85,9.94,239,236,244,251,0.8,0.2,0.6,0.1
2025-12-18 11:00:00,5.33,5.66,5.53,7.19,8.12,8.94,8.89,11.25,8.33,9.17,9.13,11.54,8.5,9.36,9.31,11.78,241,243,245,256,0.2,-0.2,-0.1,-0.9
2025-12-18 12:00:00,5.46,5.86,5.95,6.28,8.46,9.22,9.53,10.27,8.68,9.46,9.78,10.53,8.86,9.66,9.98,10.75,241,245,249,250,-0.9,-0.7,-0.5,-0.1
2025-12-18 13:00:00,5.38,6.0,5.86,6.7,8.51,9.46,9.44,10.71,8.73,9.7,9.69,10.98,8.91,9.91,9.89,11.21,241,244,245,249,-0.9,-0.9,-0.8,-0.4
2025-12-18 14:00:00,5.55,6.25,5.87,6.57,8.82,9.99,9.39,10.5,9.05,10.25,9.64,10.77,9.23,10.46,9.84,10.99,238,245,243,248,-1.0,-1.2,-1.0,-0.7
2025-12-18 15:00:00,5.55,6.23,5.78,6.39,8.67,9.72,9.37,10.1,8.89,9.97,9.62,10.36,9.08,10.18,9.81,10.58,238,244,244,246,-1.1,-1.6,-1.1,-1.0
2025-12-18 16:00:00,5.22,5.99,5.73,6.27,8.24,9.37,9.21,9.59,8.45,9.62,9.45,9.84,8.63,9.82,9.65,10.04,234,242,240,244,-1.1,-1.9,-1.3,-1.3
2025-12-18 17:00:00,5.02,5.64,5.23,6.16,8.02,8.86,8.37,9.61,8.22,9.09,8.58,9.86,8.39,9.28,8.76,10.07,236,240,236,242,-1.0,-2.0,-1.4,-1.6
2025-12-18 18:00:00,4.49,5.31,5.24,5.53,6.98,8.44,8.34,8.62,7.16,8.66,8.55,8.84,7.31,8.83,8.73,9.02,238,235,241,246,-1.7,-2.1,-1.1,-1.4
2025-12-18 19:00:00,3.82,4.89,4.71,5.08,6.58,7.82,7.52,8.2,6.75,8.02,7.72,8.42,6.89,8.19,7.88,8.59,237,232,239,246,-2.7,-2.4,-1.2,-1.9
2025-12-18 20:00:00,3.76,4.4,4.46,5.27,6.52,7.31,7.14,8.42,6.69,7.5,7.32,8.64,6.83,7.65,7.48,8.82,232,231,240,237,-2.4,-2.4,-1.5,-2.3
2025-12-18 21:00:00,3.29,4.21,4.4,5.14,6.14,7.21,6.88,8.45,6.3,7.39,7.06,8.67,6.43,7.55,7.2,8.85,234,231,229,231,-2.2,-2.5,-1.6,-2.2
2025-12-18 22:00:00,3.31,3.89,3.98,4.74,6.23,6.89,6.35,7.96,6.39,7.07,6.51,8.17,6.52,7.22,6.65,8.34,233,235,223,233,-2.0,-2.4,-1.5,-2.0
2025-12-18 23:00:00,2.68,3.66,3.05,3.92,5.6,6.56,5.3,6.95,5.74,6.73,5.44,7.13,5.86,6.87,5.55,7.28,235,232,219,234,-1.9,-2.2,-1.7,-2.0
2025-12-19 00:00:00,2.59,2.76,2.3,1.46,4.54,5.35,4.96,3.75,4.65,5.49,5.09,3.85,4.75,5.6,5.2,3.93,231,228,232,244,-2.0,-1.8,-1.2,-2.4
2025-12-19 01:00:00,1.23,1.55,0.89,0.68,2.73,3.81,2.77,2.46,2.8,3.91,2.84,2.52,2.86,3.99,2.9,2.58,235,231,244,262,-2.2,-1.5,-1.8,-3.1
2025-12-19 02:00:00,0.38,0.6,1.05,0.4,1.71,2.23,1.83,1.16,1.75,2.29,1.87,1.19,1.79,2.34,1.91,1.22,272,234,316,327,-2.8,-2.2,-2.1,-3.8
2025-12-19 03:00:00,1.13,0.89,1.94,2.28,1.0,1.17,2.84,3.49,1.03,1.2,2.91,3.58,1.05,1.23,2.97,3.65,14,358,35,54,-2.0,-2.0,-2.8,-3.3
2025-12-19 04:00:00,2.21,2.13,2.74,3.16,2.94,3.41,4.5,5.63,3.02,3.5,4.62,5.77,3.08,3.57,4.72,5.89,66,47,59,61,-1.8,-2.0,-3.3,-3.6
2025-12-19 05:00:00,2.82,2.51,2.34,3.37,3.49,3.84,4.06,5.41,3.58,3.94,4.16,5.55,3.65,4.03,4.25,5.67,63,60,57,54,-1.3,-1.5,-3.0,-2.3
2025-12-19 06:00:00,3.67,3.61,2.51,4.99,4.6,5.19,3.9,7.56,4.72,5.33,4.0,7.75,4.82,5.44,4.09,7.91,63,58,49,58,-0.4,-0.7,-1.9,-1.0
2025-12-19 07:00:00,4.88,4.56,3.26,4.24,6.24,6.64,4.99,6.52,6.4,6.81,5.12,6.69,6.53,6.95,5.23,6.82,66,58,51,55,0.7,0.0,-0.8,-0.9
2025-12-19 08:00:00,5.27,5.1,3.83,3.83,6.91,7.55,5.99,5.87,7.09,7.74,6.15,6.02,7.24,7.9,6.28,6.15,62,58,54,58,1.0,0.5,-0.1,-0.1
2025-12-19 09:00:00,5.74,4.8,4.04,3.34,8.03,7.64,6.43,5.46,8.24,7.84,6.6,5.6,8.41,8.0,6.74,5.72,56,58,53,55,0.7,1.2,0.2,0.1
2025-12-19 10:00:00,5.61,4.51,4.03,3.11,8.59,7.9,7.3,5.69,8.81,8.1,7.49,5.84,8.99,8.27,7.65,5.96,58,61,59,56,0.4,0.7,-0.3,-0.4
2025-12-19 11:00:00,4.63,4.05,3.98,3.18,8.12,7.36,7.3,5.89,8.33,7.55,7.49,6.05,8.5,7.71,7.64,6.17,61,67,59,57,-0.8,-0.5,-0.9,-1.1
2025-12-19 12:00:00,4.71,4.02,4.24,2.4,7.97,7.46,7.67,5.48,8.18,7.65,7.87,5.63,8.35,7.81,8.04,5.74,74,68,68,60,-1.3,-2.0,-1.5,-2.0
2025-12-19 13:00:00,4.89,4.1,4.22,2.03,8.38,7.57,7.82,4.77,8.6,7.77,8.02,4.9,8.78,7.93,8.18,5.0,75,74,70,63,-2.0,-2.5,-2.2,-2.3
2025-12-19 14:00:00,5.09,4.49,4.27,1.95,8.51,7.91,7.74,4.72,8.73,8.12,7.94,4.84,8.91,8.29,8.11,4.94,77,78,76,67,-1.6,-2.2,-2.5,-3.6
2025-12-19 15:00:00,5.28,4.86,3.92,2.01,8.48,8.33,7.26,4.75,8.7,8.55,7.45,4.87,8.88,8.73,7.61,4.97,78,81,78,71,-0.7,-1.5,-2.3,-3.8
2025-12-19 16:00:00,5.27,4.86,3.96,2.67,8.43,8.25,7.2,5.32,8.65,8.47,7.38,5.46,8.83,8.64,7.54,5.57,79,83,85,78,-0.8,-1.2,-2.0,-3.9
2025-12-19 17:00:00,5.39,4.71,3.93,3.06,8.66,8.07,6.92,5.77,8.88,8.28,7.1,5.92,9.07,8.45,7.25,6.04,78,82,90,81,-0.8,-1.1,-1.6,-4.1
2025-12-19 18:00:00,5.68,4.96,4.21,3.45,9.03,8.37,7.58,6.34,9.27,8.58,7.78,6.5,9.46,8.76,7.94,6.64,86,82,85,92,-0.9,-1.2,-1.8,-2.8
2025-12-19 19:00:00,5.59,4.89,4.24,3.86,8.99,8.39,7.74,6.8,9.23,8.61,7.94,6.97,9.42,8.78,8.11,7.12,83,81,79,85,-0.8,-1.6,-2.1,-1.9
2025-12-19 20:00:00,5.65,4.67,4.11,4.24,9.11,8.2,7.62,7.29,9.35,8.42,7.82,7.48,9.54,8.59,7.98,7.64,80,77,76,79,-0.8,-2.2,-2.4,-1.3
2025-12-19 21:00:00,5.64,4.43,3.99,4.4,9.04,7.97,7.43,7.62,9.28,8.18,7.63,7.82,9.47,8.34,7.79,7.98,75,73,76,74,-1.0,-2.4,-2.2,-1.4
2025-12-19 22:00:00,5.23,3.52,3.5,4.0,8.64,6.73,6.75,7.12,8.86,6.9,6.92,7.3,9.04,7.04,7.07,7.45,74,76,75,75,-1.2,-2.3,-2.1,-1.4
2025-12-19 23:00:00,4.13,2.84,3.17,3.45,7.08,5.7,6.15,6.31,7.27,5.85,6.31,6.48,7.42,5.97,6.44,6.61,74,75,75,75,-1.4,-2.4,-2.0,-1.4
2025-12-20 00:00:00,3.74,2.98,2.95,3.4,6.32,5.44,5.28,6.26,6.49,5.58,5.41,6.43,6.62,5.69,5.52,6.56,76,75,78,77,-1.2,-2.0,-1.8,-1.9
2025-12-20 01:00:00,2.72,2.84,2.77,2.66,5.24,5.17,5.02,5.17,5.37,5.3,5.15,5.3,5.48,5.41,5.25,5.41,75,76,79,79,-1.8,-2.1,-1.7,-2.0
2025-12-20 02:00:00,2.12,2.46,2.5,2.55,4.51,4.79,4.58,4.89,4.63,4.91,4.7,5.02,4.72,5.01,4.79,5.13,79,75,78,77,-2.4,-2.3,-1.7,-2.2
2025-12-20 03:00:00,2.0,2.7,2.65,2.4,4.38,4.68,4.52,4.83,4.5,4.8,4.64,4.95,4.59,4.9,4.73,5.05,82,76,74,74,-2.1,-1.8,-1.5,-2.3
2025-12-20 04:00:00,1.74,2.62,2.41,2.12,4.37,4.69,4.05,4.59,4.48,4.82,4.16,4.71,4.58,4.91,4.25,4.81,68,75,77,68,-0.9,-0.1,0.1,-1.0
2025-12-20 05:00:00,2.48,3.06,2.91,2.28,4.62,4.62,4.36,5.34,4.74,4.74,4.47,5.48,4.84,4.84,4.57,5.6,61,65,62,61,1.3,1.9,2.1,0.7
2025-12-20 06:00:00,4.53,4.78,4.15,2.63,6.02,6.52,5.92,5.2,6.18,6.69,6.07,5.33,6.31,6.83,6.2,5.44,53,58,55,54,2.8,3.5,3.3,1.9
2025-12-20 07:00:00,4.37,5.09,4.75,3.04,5.73,6.89,6.5,5.4,5.88,7.07,6.67,5.54,6.0,7.22,6.81,5.65,55,57,53,50,3.9,4.4,3.5,2.3
2025-12-20 08:00:00,4.42,5.01,4.56,2.73,5.95,6.72,6.28,5.28,6.11,6.89,6.44,5.42,6.23,7.03,6.58,5.53,50,57,52,48,4.5,4.9,4.2,3.5
2025-12-20 09:00:00,3.76,4.5,3.88,2.18,5.46,6.45,6.46,4.72,5.6,6.62,6.63,4.84,5.72,6.75,6.77,4.95,49,57,52,44,4.3,4.6,3.4,3.1
2025-12-20 10:00:00,2.42,3.25,3.22,0.92,4.76,5.64,5.42,3.23,4.88,5.79,5.56,3.31,4.98,5.91,5.68,3.38,47,53,55,52,2.7,3.5,2.6,1.0
2025-12-20 11:00:00,0.57,1.74,2.08,0.21,2.62,4.07,4.8,0.65,2.69,4.18,4.92,0.67,2.75,4.27,5.03,0.68,55,53,57,27,1.0,1.3,1.0,0.3
2025-12-20 12:00:00,0.29,0.87,0.71,3.7,0.14,1.62,2.66,7.57,0.14,1.66,2.73,7.77,0.14,1.7,2.79,7.93,315,249,66,250,0.2,0.8,0.2,-0.3
2025-12-20 13:00:00,1.53,2.03,0.36,2.58,2.86,4.3,0.44,5.5,2.93,4.42,0.45,5.64,2.99,4.51,0.46,5.76,240,254,243,241,-0.4,-0.1,0.4,-0.5
2025-12-20 14:00:00,2.69,2.37,2.57,2.46,5.32,4.9,4.87,5.3,5.46,5.03,5.0,5.44,5.57,5.13,5.1,5.56,254,253,256,231,-0.5,-0.4,-0.6,-0.8
2025-12-20 15:00:00,1.66,2.82,3.18,2.63,3.78,5.31,6.17,5.25,3.87,5.45,6.33,5.38,3.95,5.56,6.46,5.49,246,248,241,228,-0.9,-0.1,-0.7,-1.4
2025-12-20 16:00:00,1.1,1.97,2.72,3.39,2.93,4.39,5.69,6.64,3.01,4.5,5.84,6.81,3.07,4.6,5.96,6.95,249,240,243,232,-1.7,-0.1,-1.0,-1.6
2025-12-20 17:00:00,1.39,1.59,2.74,3.65,3.37,3.9,5.41,6.83,3.46,4.0,5.55,7.01,3.53,4.09,5.67,7.15,259,242,225,241,-0.8,-0.1,-0.5,-1.1
2025-12-20 18:00:00,2.73,2.47,2.2,3.42,5.3,5.19,5.1,6.36,5.43,5.33,5.24,6.53,5.55,5.44,5.34,6.67,257,236,241,233,0.2,-0.4,-0.6,-1.5
2025-12-20 19:00:00,2.73,2.58,2.76,4.43,5.25,5.52,5.99,7.71,5.39,5.66,6.15,7.91,5.5,5.78,6.27,8.07,244,241,248,234,-0.5,-0.3,-0.7,-1.5
2025-12-20 20:00:00,1.94,3.9,4.07,4.59,5.12,7.36,7.71,8.3,5.26,7.55,7.91,8.51,5.36,7.7,8.07,8.69,245,238,238,249,-1.0,-0.8,-1.4,-1.6
2025-12-20 21:00:00,4.33,4.39,5.26,5.62,7.78,8.16,9.57,9.26,7.98,8.37,9.82,9.5,8.15,8.54,10.02,9.7,244,245,244,244,-0.9,-0.9,-1.4,-1.3
2025-12-20 22:00:00,4.31,5.01,5.49,6.1,7.54,8.91,9.83,10.08,7.73,9.14,10.09,10.34,7.89,9.33,10.3,10.56,248,247,250,251,-0.4,-1.0,-0.9,-1.5
2025-12-20 23:00:00,4.39,5.82,5.99,6.71,7.5,9.97,10.13,10.62,7.69,10.23,10.39,10.89,7.85,10.44,10.6,11.12,245,251,248,252,-0.6,-0.9,-0.3,-1.0
2025-12-21 00:00:00,5.03,5.87,6.64,6.22,8.45,9.89,10.93,9.88,8.67,10.15,11.21,10.14,8.85,10.36,11.44,10.34,236,247,245,251,-1.3,-0.8,0.1,0.1
2025-12-21 01:00:00,4.46,6.17,6.41,5.57,7.84,9.98,10.22,8.97,8.04,10.24,10.49,9.2,8.21,10.45,10.71,9.39,236,250,245,251,-1.2,-0.3,0.2,0.0
2025-12-21 02:00:00,4.25,5.9,6.02,5.37,7.54,9.36,9.58,8.58,7.74,9.6,9.83,8.81,7.9,9.8,10.04,8.99,243,250,249,251,-1.2,-0.3,-0.2,-0.2
2025-12-21 03:00:00,4.64,5.82,5.86,5.08,7.56,9.16,9.04,7.96,7.75,9.4,9.28,8.16,7.91,9.59,9.47,8.33,235,249,247,257,-0.7,-0.3,-0.3,-0.1
2025-12-21 04:00:00,3.95,5.57,5.88,4.68,6.68,8.1,8.54,6.82,6.85,8.31,8.76,7.0,7.0,8.48,8.94,7.14,247,249,250,255,0.5,0.3,-0.1,0.1
2025-12-21 05:00:00,4.25,5.63,5.96,4.46,5.65,7.64,8.11,6.06,5.8,7.84,8.32,6.22,5.92,8.01,8.49,6.34,246,251,253,250,0.4,0.7,0.1,0.0
2025-12-21 06:00:00,4.14,4.97,5.37,4.82,5.29,6.58,7.26,6.23,5.43,6.75,7.45,6.39,5.54,6.89,7.6,6.52,233,245,251,250,0.1,0.4,-0.5,0.3
2025-12-21 07:00:00,4.14,5.13,5.32,4.09,5.34,6.72,7.24,5.33,5.48,6.89,7.43,5.47,5.59,7.04,7.58,5.59,236,251,248,250,0.1,0.7,-0.4,0.3
2025-12-21 08:00:00,3.8,4.87,5.49,4.16,4.99,6.4,7.52,5.42,5.12,6.56,7.72,5.56,5.23,6.7,7.88,5.67,243,251,251,262,0.2,0.3,-0.6,0.5
2025-12-21 09:00:00,3.75,4.25,5.5,4.25,5.41,5.56,7.52,5.54,5.55,5.7,7.72,5.69,5.67,5.82,7.88,5.8,249,242,252,263,0.2,0.0,-0.6,0.0
2025-12-21 10:00:00,3.57,4.02,5.25,4.13,5.15,5.29,7.18,5.58,5.28,5.42,7.37,5.72,5.39,5.53,7.52,5.84,250,237,252,256,-0.1,-0.4,-0.8,-0.4
2025-12-21 11:00:00,3.7,4.33,4.79,4.12,5.94,6.25,7.2,6.09,6.09,6.41,7.39,6.25,6.22,6.54,7.54,6.38,249,237,249,252,-0.6,-0.9,-1.3,-1.0
2025-12-21 12:00:00,4.92,4.24,4.92,3.72,8.22,6.8,7.41,6.0,8.43,6.97,7.6,6.15,8.61,7.12,7.76,6.28,258,239,243,251,-0.8,-1.3,-1.5,-1.7
2025-12-21 13:00:00,4.79,4.56,4.67,3.68,7.82,7.33,7.15,6.33,8.02,7.52,7.34,6.5,8.19,7.67,7.49,6.63,247,241,242,253,-0.6,-1.5,-1.7,-1.8
2025-12-21 14:00:00,4.7,4.64,4.69,4.03,7.59,7.54,7.21,6.57,7.79,7.74,7.39,6.74,7.95,7.9,7.55,6.88,246,245,240,249,-0.4,-1.2,-2.1,-1.7
2025-12-21 15:00:00,4.49,4.62,4.56,3.87,7.33,7.55,6.96,6.3,7.52,7.75,7.14,6.47,7.68,7.91,7.29,6.6,247,246,235,251,-0.4,-0.9,-2.0,-1.5
2025-12-21 16:00:00,3.8,4.2,4.2,3.54,6.41,6.99,6.48,5.9,6.58,7.17,6.65,6.06,6.71,7.32,6.79,6.18,250,249,227,253,-0.5,-1.0,-2.0,-1.7
2025-12-21 17:00:00,3.73,3.93,3.67,3.54,6.34,6.62,5.96,5.64,6.5,6.8,6.12,5.79,6.64,6.94,6.24,5.91,250,248,225,244,-0.9,-1.3,-1.8,-1.8
2025-12-21 18:00:00,3.99,4.28,3.45,3.0,5.97,6.76,6.03,5.08,6.12,6.93,6.18,5.21,6.25,7.08,6.31,5.32,234,237,231,233,-1.0,-0.7,-1.7,-2.8
2025-12-21 19:00:00,3.74,3.99,3.45,3.67,5.79,6.37,5.97,5.69,5.94,6.54,6.12,5.83,6.07,6.68,6.25,5.95,211,233,227,225,-1.1,-0.6,-1.8,-2.2
2025-12-21 20:00:00,1.57,3.67,3.02,3.28,3.6,6.04,5.34,5.34,3.7,6.2,5.48,5.48,3.77,6.33,5.59,5.6,210,229,224,218,-1.3,-0.5,-1.2,-2.0
2025-12-21 21:00:00,0.64,3.3,2.35,2.07,2.54,5.52,4.45,3.96,2.6,5.66,4.56,4.06,2.66,5.78,4.66,4.14,273,224,223,218,-2.4,-0.2,-1.6,-2.5
2025-12-21 22:00:00,2.47,2.62,1.23,1.75,3.33,4.66,2.88,3.27,3.41,4.78,2.95,3.36,3.48,4.88,3.01,3.43,219,223,231,226,-1.7,0.1,-2.6,-3.3
2025-12-21 23:00:00,2.15,1.71,0.35,1.65,2.84,3.1,1.7,3.17,2.91,3.18,1.75,3.25,2.97,3.25,1.78,3.32,209,225,283,225,-1.8,-0.4,-3.3,-3.6
2025-12-22 00:00:00,1.68,1.42,1.15,0.86,1.8,1.96,2.1,1.62,1.85,2.01,2.15,1.67,1.89,2.05,2.2,1.7,199,194,216,229,-2.3,-2.2,-3.2,-3.4
2025-12-22 01:00:00,0.99,0.97,0.7,0.52,1.27,1.09,0.54,0.4,1.3,1.12,0.56,0.41,1.33,1.14,0.57,0.42,92,190,170,256,-3.1,-2.7,-3.9,-3.8
2025-12-22 02:00:00,1.8,1.23,1.57,0.83,4.26,0.98,2.91,0.73,4.37,1.01,2.98,0.75,4.46,1.03,3.04,0.77,57,117,67,86,-3.8,-3.5,-5.1,-4.3
2025-12-22 03:00:00,2.66,2.21,3.12,2.03,5.47,4.42,5.15,2.85,5.61,4.54,5.28,2.93,5.73,4.63,5.39,2.99,62,76,73,73,-4.3,-3.7,-4.3,-4.8
2025-12-22 04:00:00,2.8,2.55,3.13,3.01,4.36,5.33,4.78,4.65,4.48,5.47,4.9,4.78,4.57,5.58,5.01,4.87,66,67,67,72,-2.8,-2.4,-2.8,-2.6
2025-12-22 05:00:00,3.57,3.23,3.84,3.5,5.86,5.49,5.24,4.97,6.01,5.64,5.37,5.1,6.13,5.75,5.48,5.21,67,65,66,66,-0.7,-1.0,-0.7,-1.0
2025-12-22 06:00:00,5.78,4.79,4.99,5.9,7.7,7.18,7.39,8.02,7.9,7.36,7.58,8.23,8.06,7.51,7.74,8.4,68,66,64,64,0.9,0.7,0.8,0.6
2025-12-22 07:00:00,5.79,5.55,5.77,6.6,8.17,8.0,8.47,8.72,8.38,8.21,8.69,8.95,8.55,8.38,8.87,9.13,70,68,66,65,1.2,1.1,1.4,1.4
2025-12-22 08:00:00,5.82,5.37,5.7,6.53,8.24,7.88,8.4,8.66,8.45,8.09,8.62,8.89,8.63,8.26,8.8,9.07,69,69,71,70,1.0,1.2,2.1,2.0
2025-12-22 09:00:00,5.37,4.86,5.5,6.12,7.96,7.46,8.3,8.31,8.17,7.66,8.52,8.53,8.34,7.81,8.69,8.71,68,70,74,74,1.3,1.2,1.8,1.5
2025-12-22 10:00:00,4.59,4.16,4.67,5.33,7.53,7.15,7.65,7.97,7.73,7.34,7.85,8.17,7.89,7.49,8.01,8.34,69,70,76,77,0.6,0.9,0.8,0.9
2025-12-22 11:00:00,4.03,3.89,4.52,4.74,6.97,7.17,7.89,8.09,7.15,7.36,8.1,8.3,7.3,7.51,8.27,8.47,70,70,73,77,-0.8,-0.6,-0.2,-0.7
2025-12-22 12:00:00,3.59,3.48,4.24,4.53,6.66,6.69,7.49,8.1,6.83,6.86,7.69,8.32,6.98,7.01,7.85,8.49,67,76,73,79,-2.4,-1.6,-0.7,-1.4
2025-12-22 13:00:00,2.73,2.94,3.98,4.73,5.86,5.81,7.14,8.25,6.02,5.96,7.33,8.46,6.14,6.08,7.48,8.64,69,82,74,79,-3.1,-2.1,-1.2,-1.6
2025-12-22 14:00:00,1.76,2.5,3.7,5.0,4.42,5.15,6.77,8.44,4.54,5.29,6.94,8.66,4.63,5.4,7.09,8.84,71,80,73,76,-3.7,-2.1,-1.6,-1.3
2025-12-22 15:00:00,0.75,1.76,3.23,4.35,2.2,4.3,6.12,7.41,2.26,4.41,6.28,7.6,2.31,4.51,6.41,7.76,85,77,73,81,-4.3,-2.5,-1.9,-1.4
2025-12-22 16:00:00,0.97,1.3,2.42,3.7,1.55,3.14,5.08,6.44,1.59,3.22,5.21,6.61,1.63,3.29,5.32,6.75,131,84,76,82,-4.6,-3.9,-2.6,-1.7
2025-12-22 17:00:00,0.72,0.49,2.1,3.33,1.59,1.71,4.38,6.01,1.63,1.76,4.49,6.17,1.66,1.79,4.58,6.3,72,105,82,85,-4.8,-3.7,-3.0,-2.4
2025-12-22 18:00:00,1.29,0.54,1.8,2.25,2.87,1.4,3.82,4.59,2.95,1.43,3.92,4.7,3.01,1.46,4.0,4.8,75,102,96,92,-4.7,-3.6,-2.8,-2.8
2025-12-22 19:00:00,1.74,0.35,1.7,2.1,4.22,0.89,3.66,4.21,4.33,0.91,3.76,4.32,4.42,0.93,3.83,4.4,68,99,93,100,-4.6,-4.1,-3.2,-3.2
2025-12-22 20:00:00,1.32,0.3,1.41,2.05,3.36,0.49,3.07,3.84,3.45,0.5,3.15,3.94,3.52,0.51,3.22,4.02,71,84,89,98,-5.1,-4.7,-3.4,-3.5
2025-12-22 21:00:00,0.85,0.7,1.15,1.81,2.58,0.48,2.47,3.39,2.65,0.49,2.53,3.48,2.7,0.5,2.58,3.55,68,246,81,97,-4.8,-5.4,-4.2,-4.0
2025-12-22 22:00:00,0.4,0.71,0.87,1.38,1.06,0.62,1.75,2.35,1.09,0.64,1.8,2.41,1.11,0.65,1.83,2.46,74,219,77,103,-6.2,-6.3,-4.4,-4.2
2025-12-22 23:00:00,0.67,0.58,0.5,1.09,0.69,0.81,0.87,1.33,0.71,0.83,0.89,1.36,0.73,0.84,0.91,1.39,321,295,63,188,-6.3,-5.6,-4.9,-3.8
2025-12-23 00:00:00,0.91,1.48,1.19,1.3,2.32,1.27,2.05,1.79,2.38,1.3,2.11,1.83,2.43,1.33,2.15,1.87,345,268,266,244,-5.0,-5.8,-6.0,-4.7
2025-12-23 01:00:00,0.76,1.13,1.09,1.46,0.83,1.41,2.41,2.81,0.85,1.45,2.47,2.89,0.87,1.48,2.53,2.94,310,272,262,261,-5.1,-5.4,-6.1,-5.1
2025-12-23 02:00:00,0.86,1.12,1.01,1.45,0.34,1.51,2.16,3.18,0.35,1.55,2.22,3.27,0.36,1.58,2.27,3.33,98,268,256,259,-5.7,-5.4,-6.3,-5.3
2025-12-23 03:00:00,0.63,1.03,0.98,1.95,0.81,1.27,1.9,2.97,0.83,1.3,1.95,3.04,0.84,1.33,1.99,3.11,65,268,257,256,-5.8,-5.0,-5.8,-4.9
2025-12-23 04:00:00,0.32,0.99,0.85,1.51,0.84,0.94,1.9,2.44,0.86,0.96,1.94,2.5,0.88,0.98,1.99,2.55,54,231,252,250,-4.5,-4.2,-4.3,-3.7
2025-12-23 05:00:00,0.32,0.87,1.3,1.58,0.39,0.85,1.57,2.07,0.4,0.87,1.61,2.12,0.41,0.89,1.65,2.17,7,257,263,255,-3.4,-3.3,-2.9,-2.6
2025-12-23 06:00:00,1.15,1.29,1.14,2.1,1.22,1.31,1.29,2.45,1.25,1.35,1.32,2.51,1.28,1.37,1.35,2.56,358,301,295,264,-3.2,-2.7,-2.6,-1.7
2025-12-23 07:00:00,0.87,1.81,1.61,2.16,1.04,2.11,1.96,2.54,1.07,2.17,2.01,2.6,1.09,2.21,2.05,2.66,281,296,284,272,-1.9,-2.2,-1.9,-1.5
2025-12-23 08:00:00,1.32,1.57,1.85,2.25,1.52,1.81,2.34,2.73,1.56,1.86,2.4,2.8,1.6,1.9,2.45,2.86,277,276,266,267,-1.1,-1.9,-1.8,-1.2
2025-12-23 09:00:00,1.55,1.67,2.01,2.55,1.9,1.97,2.81,3.07,1.95,2.02,2.88,3.15,1.99,2.06,2.94,3.22,270,261,262,267,-0.5,-1.7,-1.3,-1.4
2025-12-23 10:00:00,1.92,1.8,1.7,2.5,2.36,2.2,2.94,3.27,2.42,2.25,3.01,3.36,2.47,2.3,3.08,3.43,263,267,264,266,-1.2,-2.0,-2.0,-2.3
2025-12-23 11:00:00,1.3,1.93,1.13,2.05,2.74,2.47,2.44,3.42,2.82,2.53,2.5,3.51,2.87,2.59,2.55,3.58,264,255,258,266,-2.7,-2.6,-3.9,-3.7
2025-12-23 12:00:00,1.11,1.27,1.35,1.35,2.03,2.66,2.63,3.1,2.08,2.73,2.7,3.18,2.12,2.78,2.76,3.24,294,256,271,257,-4.5,-4.6,-4.6,-4.8
2025-12-23 13:00:00,0.98,1.28,0.89,1.06,1.42,2.4,2.14,2.3,1.46,2.46,2.2,2.36,1.49,2.51,2.25,2.41,248,257,269,249,-5.3,-4.6,-5.0,-5.1
2025-12-23 14:00:00,0.94,0.94,0.47,0.67,1.7,2.16,1.51,1.95,1.75,2.22,1.55,2.01,1.78,2.27,1.59,2.05,257,262,266,266,-5.0,-4.9,-4.9,-5.3
2025-12-23 15:00:00,1.01,0.96,0.14,0.54,1.68,1.77,0.64,1.97,1.73,1.82,0.65,2.02,1.76,1.86,0.67,2.06,248,238,238,279,-4.3,-4.7,-5.1,-4.9
2025-12-23 16:00:00,0.53,0.36,0.11,0.5,1.07,1.27,0.52,1.63,1.1,1.3,0.53,1.68,1.12,1.33,0.54,1.71,240,272,41,280,-4.2,-4.4,-4.8,-4.6
2025-12-23 17:00:00,0.0,0.11,0.75,0.16,0.45,0.79,1.93,1.0,0.46,0.81,1.98,1.03,0.47,0.82,2.03,1.05,13,353,49,293,-4.2,-4.3,-5.0,-4.7
2025-12-23 18:00:00,0.56,0.65,1.12,0.5,1.66,1.59,2.81,1.1,1.7,1.63,2.88,1.12,1.74,1.67,2.94,1.15,40,50,51,21,-4.7,-4.7,-4.5,-4.4
2025-12-23 19:00:00,1.15,1.61,1.46,1.03,2.69,2.99,3.51,1.9,2.76,3.06,3.61,1.95,2.81,3.13,3.68,1.99,45,56,56,50,-5.1,-4.2,-4.8,-4.4
2025-12-23 20:00:00,2.06,2.24,1.68,1.35,3.77,3.79,4.07,2.68,3.87,3.88,4.17,2.75,3.95,3.97,4.26,2.8,65,58,56,57,-4.9,-4.3,-5.4,-4.6
2025-12-23 21:00:00,2.35,2.1,1.7,1.57,4.28,4.02,4.25,3.27,4.39,4.12,4.36,3.36,4.48,4.21,4.45,3.43,60,59,58,57,-5.2,-4.7,-5.4,-4.7
2025-12-23 22:00:00,2.15,2.1,1.41,1.79,4.25,4.49,3.73,3.6,4.36,4.61,3.83,3.7,4.45,4.7,3.91,3.77,63,58,61,60,-5.3,-4.8,-5.6,-4.7
2025-12-23 23:00:00,2.15,2.08,1.5,1.95,4.17,4.24,3.77,3.68,4.28,4.35,3.87,3.78,4.37,4.44,3.95,3.86,67,60,63,64,-5.5,-4.9,-5.7,-4.4
2025-12-24 00:00:00,2.21,2.06,2.17,1.77,4.27,4.56,4.84,4.64,4.38,4.68,4.97,4.76,4.47,4.78,5.07,4.86,52,67,65,63,-5.1,-5.1,-5.7,-5.1
2025-12-24 01:00:00,2.36,2.33,2.52,2.36,4.43,4.96,5.3,5.65,4.54,5.09,5.44,5.79,4.64,5.19,5.56,5.91,66,67,67,62,-5.3,-5.2,-5.5,-4.7
2025-12-24 02:00:00,2.44,2.9,2.96,2.79,4.84,5.76,5.95,6.2,4.96,5.91,6.11,6.36,5.07,6.03,6.23,6.49,62,62,62,61,-5.3,-5.1,-5.5,-4.8
2025-12-24 03:00:00,2.58,3.25,3.2,2.89,4.71,5.92,6.13,6.2,4.83,6.07,6.29,6.36,4.93,6.2,6.42,6.49,64,60,62,61,-4.8,-4.7,-5.5,-4.4
2025-12-24 04:00:00,2.77,3.44,3.67,2.66,4.6,5.06,5.02,5.52,4.72,5.19,5.15,5.66,4.82,5.3,5.25,5.78,62,61,61,62,-3.5,-3.5,-3.8,-3.0
2025-12-24 05:00:00,3.0,3.22,3.39,2.94,4.12,4.16,4.6,4.05,4.23,4.27,4.72,4.16,4.31,4.36,4.82,4.25,63,63,63,63,-2.2,-2.1,-2.4,-1.4
2025-12-24 06:00:00,3.3,3.76,3.62,2.71,4.23,4.93,4.81,4.15,4.34,5.06,4.94,4.25,4.43,5.16,5.04,4.34,61,62,58,66,-0.7,-1.0,-0.5,-0.6
2025-12-24 07:00:00,3.11,3.93,3.63,2.8,4.01,5.19,4.81,4.36,4.12,5.32,4.93,4.48,4.2,5.43,5.03,4.57,66,62,60,66,0.3,0.3,1.0,0.6
2025-12-24 08:00:00,3.34,3.88,3.44,2.5,4.3,5.15,4.47,4.11,4.41,5.28,4.59,4.22,4.5,5.39,4.68,4.3,61,62,61,68,1.2,1.1,1.4,1.4
2025-12-24 09:00:00,3.41,3.88,3.4,2.31,4.52,5.24,4.49,4.12,4.63,5.38,4.61,4.23,4.73,5.49,4.7,4.32,55,60,61,66,1.2,1.4,1.5,1.0
2025-12-24 10:00:00,3.3,3.76,3.44,2.28,4.85,5.43,5.08,4.55,4.98,5.57,5.21,4.67,5.08,5.69,5.32,4.76,56,62,64,71,0.3,0.6,0.7,0.8
2025-12-24 11:00:00,2.33,2.98,2.84,2.09,5.02,5.82,5.34,4.84,5.15,5.97,5.48,4.97,5.25,6.09,5.6,5.07,66,64,66,69,-1.5,-1.2,-0.4,-1.2
2025-12-24 12:00:00,1.68,2.69,2.69,2.69,4.08,5.63,5.59,5.9,4.19,5.77,5.74,6.06,4.28,5.89,5.86,6.18,70,71,67,70,-1.9,-1.6,-1.7,-2.1
2025-12-24 13:00:00,2.17,2.62,2.86,3.04,4.91,5.69,5.89,6.33,5.03,5.84,6.04,6.5,5.14,5.96,6.17,6.63,69,74,71,71,-1.4,-1.9,-1.9,-2.0
2025-12-24 14:00:00,2.77,2.92,2.97,3.35,5.75,5.96,5.98,6.78,5.9,6.11,6.14,6.96,6.02,6.24,6.27,7.1,72,75,74,70,-2.0,-1.5,-1.8,-1.9
2025-12-24 15:00:00,3.12,3.38,3.41,3.65,6.36,6.67,6.63,7.22,6.53,6.85,6.8,7.41,6.67,6.99,6.94,7.57,72,70,72,67,-2.0,-1.5,-1.7,-1.7
2025-12-24 16:00:00,3.49,3.8,3.74,3.67,6.85,7.39,7.29,7.35,7.03,7.58,7.47,7.54,7.18,7.74,7.63,7.69,67,65,68,64,-1.9,-1.4,-1.8,-2.0
2025-12-24 17:00:00,3.72,4.02,3.81,3.7,7.33,7.78,7.44,7.5,7.52,7.98,7.63,7.7,7.67,8.15,7.79,7.86,66,64,66,61,-2.2,-1.8,-2.0,-2.7
2025-12-24 18:00:00,3.45,4.0,4.19,3.89,7.04,7.82,7.96,7.59,7.23,8.03,8.16,7.78,7.37,8.19,8.33,7.94,65,63,63,62,-2.4,-2.4,-2.5,-2.9
2025-12-24 19:00:00,3.88,4.14,4.33,4.17,7.8,8.01,8.27,8.0,8.01,8.22,8.48,8.21,8.17,8.39,8.66,8.38,62,60,61,61,-3.2,-3.0,-3.0,-3.4
2025-12-24 20:00:00,4.27,4.28,4.46,4.26,8.24,8.06,8.38,8.09,8.45,8.27,8.6,8.3,8.63,8.45,8.77,8.47,64,63,61,62,-3.5,-3.3,-3.5,-3.7
2025-12-24 21:00:00,4.72,4.47,4.76,4.56,8.78,8.31,8.78,8.37,9.01,8.52,9.01,8.59,9.2,8.7,9.2,8.77,63,65,63,64,-3.9,-3.6,-3.8,-4.0
2025-12-24 22:00:00,5.19,4.72,4.97,4.72,9.37,8.58,8.96,8.51,9.62,8.8,9.19,8.73,9.81,8.99,9.38,8.91,64,67,65,66,-4.0,-3.7,-4.0,-4.1
2025-12-24 23:00:00,5.45,4.78,4.96,4.83,9.73,8.65,8.91,8.79,9.99,8.88,9.14,9.02,10.19,9.06,9.33,9.2,66,67,67,68,-4.1,-3.9,-4.1,-4.2
2025-12-25 00:00:00,5.66,5.05,4.61,5.22,9.87,8.93,8.28,9.32,10.13,9.16,8.49,9.56,10.34,9.35,8.67,9.76,69,69,70,69,-4.0,-4.0,-4.1,-4.2
2025-12-25 01:00:00,5.58,5.04,4.51,5.27,9.84,8.93,8.25,9.34,10.09,9.16,8.46,9.59,10.3,9.35,8.64,9.78,69,70,70,70,-4.3,-4.1,-4.2,-4.1
2025-12-25 02:00:00,5.21,5.04,4.56,5.3,9.25,8.85,8.28,9.32,9.49,9.08,8.5,9.57,9.68,9.27,8.67,9.76,72,70,69,71,-4.2,-4.2,-4.4,-4.1
2025-12-25 03:00:00,5.21,5.08,4.76,5.5,9.03,8.75,8.28,9.43,9.27,8.98,8.49,9.68,9.46,9.17,8.67,9.88,73,72,70,73,-3.7,-3.8,-4.0,-3.6
2025-12-25 04:00:00,5.19,4.99,4.96,5.74,8.75,8.86,8.18,9.37,8.98,9.09,8.4,9.62,9.17,9.28,8.57,9.82,71,72,71,73,-1.6,-1.4,-1.5,-1.5
2025-12-25 05:00:00,5.18,5.22,6.1,5.44,8.52,8.12,8.62,10.11,8.75,8.33,8.85,10.37,8.93,8.51,9.03,10.59,68,70,74,71,1.0,1.9,2.7,0.8
2025-12-25 06:00:00,6.2,5.93,5.86,5.97,8.78,8.39,8.44,8.61,9.01,8.61,8.65,8.84,9.2,8.79,8.83,9.02,63,65,64,65,3.1,3.3,3.8,3.3
2025-12-25 07:00:00,6.73,6.51,6.35,6.07,9.31,8.98,8.85,8.72,9.55,9.21,9.08,8.94,9.75,9.4,9.27,9.13,63,64,62,63,4.5,4.3,4.8,4.1
2025-12-25 08:00:00,6.49,6.4,6.22,5.97,9.0,8.96,8.78,8.7,9.24,9.19,9.01,8.93,9.43,9.38,9.2,9.12,63,62,63,61,5.0,4.8,4.9,4.5
2025-12-25 09:00:00,5.95,5.55,5.61,5.43,9.01,8.72,8.55,8.26,9.24,8.94,8.77,8.47,9.43,9.13,8.95,8.65,65,63,65,63,5.0,4.6,4.7,4.3
2025-12-25 10:00:00,5.5,5.05,5.03,4.99,8.91,8.4,8.38,8.13,9.14,8.62,8.6,8.34,9.33,8.8,8.78,8.51,68,66,67,67,4.1,3.5,3.5,3.2
2025-12-25 11:00:00,4.55,4.05,4.17,4.17,8.26,7.71,7.91,7.76,8.48,7.91,8.11,7.96,8.65,8.07,8.28,8.12,71,70,71,69,1.2,0.9,0.9,0.8
2025-12-25 12:00:00,4.3,3.9,4.1,4.35,8.11,7.37,7.86,7.97,8.32,7.56,8.07,8.18,8.49,7.72,8.23,8.34,75,73,73,73,-0.5,-1.6,-1.2,-1.2
2025-12-25 13:00:00,4.35,4.22,4.3,4.5,8.03,7.71,8.04,8.17,8.24,7.91,8.25,8.38,8.41,8.07,8.42,8.55,71,73,72,72,-1.5,-2.3,-1.8,-2.0
2025-12-25 14:00:00,4.0,4.41,4.25,4.41,7.72,7.98,8.03,8.01,7.92,8.19,8.24,8.22,8.09,8.36,8.41,8.39,70,72,70,72,-1.8,-2.1,-1.8,-2.1
2025-12-25 15:00:00,3.5,4.4,4.0,4.16,7.14,8.08,7.65,7.78,7.33,8.29,7.85,7.99,7.48,8.46,8.01,8.15,69,71,69,72,-1.6,-1.8,-1.9,-2.4
2025-12-25 16:00:00,3.11,4.2,3.8,3.97,6.39,7.88,7.41,7.47,6.56,8.08,7.61,7.67,6.69,8.25,7.76,7.83,69,71,71,72,-1.8,-1.7,-2.1,-2.4
2025-12-25 17:00:00,3.06,3.85,3.7,3.81,6.34,7.47,7.31,7.29,6.51,7.67,7.5,7.48,6.64,7.83,7.65,7.63,65,71,70,72,-2.0,-2.3,-2.2,-2.5
2025-12-25 18:00:00,3.2,3.52,3.9,3.96,6.98,7.02,7.68,7.44,7.16,7.2,7.88,7.64,7.31,7.35,8.05,7.8,66,70,69,70,-2.1,-2.8,-2.4,-2.3
2025-12-25 19:00:00,3.57,3.66,3.6,4.0,7.22,7.22,7.28,7.57,7.41,7.4,7.47,7.77,7.56,7.56,7.62,7.93,69,70,70,70,-1.8,-2.6,-2.5,-2.5
2025-12-25 20:00:00,3.58,3.66,3.45,3.87,7.4,7.25,7.0,7.42,7.59,7.44,7.18,7.61,7.75,7.59,7.33,7.77,72,69,66,70,-2.2,-2.3,-2.5,-2.8
2025-12-25 21:00:00,3.35,3.22,2.66,3.68,7.12,6.7,5.87,7.23,7.31,6.87,6.03,7.42,7.46,7.01,6.15,7.57,67,69,67,71,-2.4,-2.5,-2.7,-2.9
2025-12-25 22:00:00,3.03,2.36,1.55,3.26,6.6,5.4,3.82,6.66,6.77,5.54,3.92,6.83,6.91,5.66,4.0,6.98,70,68,67,67,-2.6,-3.3,-3.3,-2.6
2025-12-25 23:00:00,2.75,1.31,1.22,1.44,6.34,3.3,1.51,4.23,6.51,3.39,1.55,4.34,6.64,3.46,1.59,4.43,63,68,94,64,-2.9,-3.9,-3.6,-3.5
2025-12-26 00:00:00,1.0,1.06,1.08,1.17,3.42,2.68,1.22,1.33,3.51,2.75,1.25,1.36,3.58,2.81,1.28,1.39,62,65,88,107,-3.6,-4.0,-3.7,-3.6
2025-12-26 01:00:00,2.09,1.28,1.36,1.14,2.69,1.59,1.48,1.15,2.76,1.63,1.52,1.18,2.82,1.66,1.55,1.2,185,101,136,126,-2.8,-3.5,-3.5,-2.9
2025-12-26 02:00:00,1.03,2.2,1.87,2.42,1.81,2.4,2.86,3.72,1.86,2.47,2.93,3.82,1.9,2.52,3.0,3.9,234,162,226,233,-3.3,-3.2,-2.4,-1.7
2025-12-26 03:00:00,1.41,2.05,2.75,3.52,2.04,3.24,4.34,5.66,2.09,3.32,4.45,5.81,2.13,3.39,4.54,5.93,197,225,243,239,-1.1,-1.8,-1.3,-0.7
2025-12-26 04:00:00,2.66,3.9,3.11,3.22,4.53,5.89,4.65,4.86,4.65,6.04,4.77,4.99,4.75,6.17,4.87,5.09,243,231,235,243,1.6,1.7,0.7,0.8
2025-12-26 05:00:00,1.3,3.76,2.88,2.84,1.99,6.08,4.51,3.75,2.04,6.24,4.63,3.84,2.08,6.37,4.73,3.92,259,254,225,212,2.9,3.8,2.9,2.9
2025-12-26 06:00:00,3.05,2.98,2.52,3.05,3.55,4.75,3.74,4.58,3.64,4.87,3.83,4.7,3.72,4.97,3.91,4.8,196,251,230,237,5.0,4.6,4.6,5.0
2025-12-26 07:00:00,3.49,2.85,3.09,3.69,5.1,4.6,4.14,5.35,5.23,4.72,4.25,5.49,5.34,4.82,4.34,5.6,218,255,229,240,7.3,5.5,6.0,5.8
2025-12-26 08:00:00,2.86,3.87,3.15,3.72,5.57,5.35,4.56,5.23,5.71,5.49,4.67,5.37,5.83,5.61,4.77,5.48,233,260,243,236,7.2,6.2,7.2,5.9
2025-12-26 09:00:00,3.36,4.95,4.09,3.84,5.48,7.43,6.46,5.8,5.62,7.62,6.63,5.96,5.74,7.78,6.76,6.08,279,262,265,246,5.9,6.2,6.2,5.7
2025-12-26 10:00:00,3.56,4.57,4.49,3.22,6.15,7.67,7.67,5.78,6.31,7.87,7.87,5.93,6.44,8.03,8.03,6.05,259,262,256,252,4.3,4.3,4.4,5.0
2025-12-26 11:00:00,4.17,4.65,3.91,2.53,7.31,8.03,7.03,4.74,7.5,8.24,7.21,4.86,7.66,8.41,7.36,4.96,254,260,252,240,3.5,3.2,3.3,3.6
2025-12-26 12:00:00,4.59,5.11,4.47,2.45,8.35,8.63,7.63,5.02,8.56,8.85,7.83,5.15,8.74,9.04,7.99,5.26,257,261,262,256,3.5,3.0,2.8,3.2
2025-12-26 13:00:00,5.62,4.84,4.22,3.05,9.21,7.9,7.05,5.93,9.45,8.1,7.23,6.09,9.64,8.27,7.38,6.21,262,261,265,242,2.5,1.4,1.3,3.0
2025-12-26 14:00:00,5.0,4.98,3.7,2.33,8.11,8.19,6.44,5.3,8.32,8.4,6.61,5.44,8.49,8.57,6.75,5.55,255,269,260,250,1.1,0.8,0.6,2.6
2025-12-26 15:00:00,3.69,4.18,3.15,1.81,6.43,6.86,5.59,4.38,6.59,7.04,5.74,4.5,6.73,7.18,5.86,4.59,260,251,263,262,1.0,0.5,0.3,2.0
2025-12-26 16:00:00,3.45,1.45,2.48,2.22,5.93,3.56,4.73,5.07,6.08,3.65,4.85,5.2,6.21,3.73,4.95,5.31,264,268,262,272,0.6,0.2,-0.2,1.7
2025-12-26 17:00:00,2.07,1.25,2.58,2.52,4.12,3.32,4.59,5.06,4.23,3.41,4.71,5.19,4.32,3.48,4.8,5.3,263,266,258,257,0.4,-1.4,-0.4,1.1
2025-12-26 18:00:00,1.46,1.54,3.43,1.6,2.42,2.64,5.83,3.61,2.48,2.71,5.98,3.7,2.54,2.76,6.1,3.78,220,245,249,232,-0.4,-0.6,-0.2,0.2
2025-12-26 19:00:00,1.7,2.09,3.05,1.18,3.38,3.17,4.78,2.88,3.47,3.25,4.91,2.96,3.54,3.32,5.01,3.02,226,225,237,251,-0.5,-0.6,-0.2,0.1
2025-12-26 20:00:00,1.09,1.36,2.03,1.03,2.59,3.26,3.35,2.66,2.65,3.34,3.43,2.73,2.71,3.41,3.51,2.79,227,231,222,246,-0.5,-0.5,-0.4,0.1
2025-12-26 21:00:00,0.34,0.79,1.57,0.91,0.9,2.56,2.27,2.43,0.92,2.63,2.32,2.5,0.94,2.69,2.37,2.55,229,261,199,237,-0.3,-1.2,-0.9,0.0
2025-12-26 22:00:00,0.34,0.53,1.51,0.5,0.65,1.86,2.14,1.54,0.67,1.91,2.2,1.58,0.68,1.95,2.25,1.61,27,275,181,259,-0.1,-1.2,-1.1,0.3
2025-12-26 23:00:00,1.69,0.16,1.0,0.22,3.14,1.17,1.08,0.49,3.22,1.2,1.11,0.5,3.29,1.23,1.13,0.51,42,315,162,360,-0.7,-1.6,-1.4,0.5
2025-12-27 00:00:00,1.19,0.46,0.25,0.96,2.83,1.54,1.38,1.86,2.9,1.58,1.41,1.91,2.96,1.61,1.44,1.95,58,18,8,43,-2.3,-1.3,-2.0,-0.7
2025-12-27 01:00:00,1.47,1.65,1.6,1.68,3.58,3.49,3.19,4.03,3.67,3.58,3.28,4.13,3.75,3.65,3.34,4.22,70,54,59,58,-2.5,-2.6,-2.6,-0.9
2025-12-27 02:00:00,2.5,2.75,2.85,2.4,5.04,5.64,5.25,5.03,5.17,5.78,5.39,5.17,5.28,5.9,5.5,5.27,71,68,68,63,-2.8,-2.4,-2.9,-1.2
2025-12-27 03:00:00,3.71,3.9,3.63,3.14,6.61,6.7,6.48,5.73,6.78,6.87,6.65,5.88,6.92,7.01,6.79,6.0,66,69,69,63,-2.3,-1.9,-2.9,-1.1
2025-12-27 04:00:00,4.65,4.58,4.77,4.37,7.78,8.39,8.16,6.71,7.98,8.61,8.37,6.89,8.14,8.79,8.54,7.03,67,63,65,62,-0.5,-0.3,-1.2,0.2
2025-12-27 05:00:00,6.13,5.62,5.87,5.15,8.31,8.17,8.55,7.56,8.53,8.38,8.78,7.75,8.71,8.55,8.96,7.91,66,60,61,60,1.3,1.1,1.0,1.5
2025-12-27 06:00:00,6.74,6.9,6.71,6.55,9.02,9.36,9.14,8.88,9.25,9.6,9.38,9.11,9.44,9.8,9.57,9.3,71,61,61,66,1.8,2.1,1.8,2.8
2025-12-27 07:00:00,6.49,6.98,6.69,6.51,8.6,9.35,8.94,8.75,8.83,9.59,9.17,8.98,9.01,9.79,9.36,9.16,70,64,65,68,2.5,3.0,2.8,3.2
2025-12-27 08:00:00,5.49,6.4,6.32,6.2,7.21,8.52,8.41,8.28,7.4,8.75,8.63,8.49,7.55,8.93,8.8,8.67,72,68,69,73,3.3,3.6,3.1,3.6
2025-12-27 09:00:00,4.59,5.89,5.8,5.6,6.03,7.96,7.96,7.55,6.19,8.16,8.16,7.75,6.31,8.33,8.33,7.91,70,70,70,73,3.5,3.3,3.3,3.4
2025-12-27 10:00:00,3.8,4.9,5.01,4.9,5.71,7.43,7.54,7.3,5.86,7.62,7.73,7.49,5.98,7.78,7.89,7.64,75,72,72,74,2.8,2.7,2.5,2.8
2025-12-27 11:00:00,2.55,3.54,3.83,3.89,5.27,6.35,6.9,6.96,5.4,6.51,7.08,7.14,5.52,6.65,7.23,7.29,68,72,72,69,0.4,0.7,0.3,0.9
2025-12-27 12:00:00,2.4,2.21,2.7,3.09,4.96,4.79,5.47,6.03,5.09,4.91,5.61,6.19,5.19,5.01,5.72,6.32,79,75,82,74,-1.3,-1.1,-1.5,-1.0
2025-12-27 13:00:00,2.07,1.77,2.3,2.39,4.36,3.76,4.2,4.74,4.48,3.86,4.31,4.87,4.57,3.94,4.4,4.97,84,86,103,85,-2.3,-2.3,-2.5,-2.0
2025-12-27 14:00:00,1.56,1.66,2.48,2.17,3.81,3.33,3.82,3.91,3.91,3.42,3.92,4.01,3.99,3.49,4.0,4.09,71,84,95,86,-3.0,-3.0,-2.9,-2.5
2025-12-27 15:00:00,1.37,1.72,2.57,2.01,3.13,3.34,4.32,3.7,3.21,3.42,4.43,3.8,3.28,3.49,4.52,3.88,72,78,84,81,-2.9,-3.0,-3.2,-2.8
2025-12-27 16:00:00,1.45,1.86,2.59,2.04,3.05,3.72,4.76,3.84,3.13,3.81,4.89,3.94,3.2,3.89,4.99,4.02,73,73,76,75,-2.9,-3.0,-3.0,-2.9
2025-12-27 17:00:00,1.77,2.09,2.66,2.15,4.0,4.24,5.04,4.07,4.1,4.35,5.17,4.18,4.19,4.44,5.27,4.26,68,73,75,73,-3.1,-2.8,-2.9,-2.9
2025-12-27 18:00:00,2.47,2.28,2.18,2.43,4.63,4.66,4.66,4.83,4.75,4.78,4.78,4.95,4.85,4.88,4.87,5.05,82,69,70,74,-2.9,-3.6,-3.3,-2.4
2025-12-27 19:00:00,2.99,2.26,2.4,2.58,5.7,4.89,5.06,5.3,5.85,5.02,5.19,5.44,5.97,5.12,5.3,5.55,72,70,69,71,-3.8,-3.3,-3.4,-2.7
2025-12-27 20:00:00,3.24,2.37,2.47,2.75,6.22,4.89,5.3,5.52,6.38,5.01,5.44,5.66,6.51,5.12,5.55,5.78,69,71,70,71,-4.1,-3.3,-3.5,-3.0
2025-12-27 21:00:00,3.42,2.44,2.58,2.84,6.95,5.01,5.46,5.69,7.13,5.14,5.6,5.83,7.28,5.25,5.72,5.96,65,72,70,72,-4.2,-3.2,-3.5,-2.9
2025-12-27 22:00:00,3.8,2.49,2.73,2.92,7.5,5.29,5.81,5.83,7.69,5.43,5.96,5.98,7.85,5.54,6.08,6.1,65,70,67,72,-3.9,-3.5,-4.0,-2.5
2025-12-27 23:00:00,3.91,2.74,3.0,3.05,7.76,5.7,6.24,6.22,7.96,5.85,6.4,6.38,8.13,5.97,6.53,6.51,63,70,66,69,-4.0,-3.1,-4.1,-2.7
2025-12-28 00:00:00,3.85,3.2,3.3,3.26,7.17,6.55,6.68,6.55,7.36,6.72,6.85,6.72,7.51,6.86,7.0,6.86,62,66,67,67,-3.9,-3.3,-3.3,-3.7
2025-12-28 01:00:00,4.12,3.5,3.7,3.3,7.65,6.96,7.14,6.78,7.85,7.14,7.33,6.96,8.02,7.29,7.48,7.1,61,66,67,66,-4.1,-3.3,-3.1,-3.6
2025-12-28 02:00:00,3.75,3.55,3.7,3.25,7.24,6.92,7.18,6.8,7.42,7.1,7.37,6.98,7.58,7.25,7.52,7.13,64,67,66,65,-4.4,-3.4,-3.2,-3.7
2025-12-28 03:00:00,4.1,3.96,4.1,3.5,7.4,7.33,7.55,6.76,7.59,7.52,7.75,6.93,7.75,7.68,7.91,7.08,66,67,66,64,-4.0,-3.0,-2.9,-3.5
2025-12-28 04:00:00,3.96,4.42,3.64,3.59,6.81,7.02,7.74,6.54,6.98,7.2,7.94,6.71,7.13,7.35,8.11,6.85,61,65,62,62,-1.3,-0.1,-0.5,-1.1
2025-12-28 05:00:00,4.85,4.74,4.42,3.88,7.23,7.08,7.83,6.61,7.42,7.26,8.03,6.78,7.57,7.41,8.2,6.92,56,59,61,61,1.3,2.3,1.9,1.9
2025-12-28 06:00:00,5.82,5.76,5.7,4.7,7.92,7.92,8.16,6.59,8.13,8.13,8.37,6.76,8.29,8.3,8.54,6.9,57,58,59,58,2.8,3.6,3.8,3.5
2025-12-28 07:00:00,6.14,6.03,6.02,5.17,8.37,8.28,8.23,6.96,8.58,8.5,8.45,7.14,8.76,8.67,8.62,7.29,60,59,60,58,3.9,4.7,5.0,4.9
2025-12-28 08:00:00,5.93,5.99,5.94,5.15,8.07,8.25,8.17,7.1,8.28,8.46,8.38,7.28,8.45,8.64,8.55,7.43,61,58,60,56,4.6,5.3,5.8,5.1
2025-12-28 09:00:00,5.61,5.63,5.34,4.63,7.85,8.11,7.61,6.87,8.06,8.32,7.81,7.05,8.22,8.49,7.97,7.2,61,56,57,54,4.7,5.1,5.2,4.9
2025-12-28 10:00:00,5.38,5.33,4.76,4.27,8.15,8.74,7.73,7.23,8.36,8.97,7.93,7.42,8.54,9.15,8.1,7.57,62,63,60,60,3.7,4.3,3.9,4.0
2025-12-28 11:00:00,4.16,4.17,3.62,3.38,7.65,7.93,7.12,7.02,7.85,8.14,7.31,7.21,8.01,8.31,7.46,7.36,65,65,60,61,1.5,1.8,1.6,1.5
2025-12-28 12:00:00,3.32,3.93,3.1,3.16,7.44,7.79,6.76,6.93,7.63,7.99,6.93,7.11,7.79,8.16,7.08,7.26,61,66,63,61,-0.3,-0.3,-0.7,-0.4
2025-12-28 13:00:00,2.64,3.6,3.1,3.15,6.44,7.48,6.87,6.85,6.61,7.67,7.05,7.02,6.75,7.83,7.2,7.17,60,64,61,62,-0.9,-1.1,-1.4,-1.1
2025-12-28 14:00:00,2.25,3.07,2.87,3.2,5.89,6.71,6.34,6.87,6.04,6.89,6.51,7.04,6.17,7.03,6.64,7.19,61,64,63,63,-1.2,-1.6,-1.6,-1.2
2025-12-28 15:00:00,1.81,2.25,2.32,3.21,4.95,5.32,5.56,6.82,5.08,5.46,5.7,7.0,5.18,5.58,5.82,7.14,64,66,63,64,-1.7,-2.1,-1.9,-1.4
2025-12-28 16:00:00,1.91,1.76,1.74,3.1,5.22,3.82,4.51,6.78,5.35,3.92,4.63,6.96,5.46,4.0,4.73,7.1,55,71,65,62,-1.9,-1.9,-2.2,-1.5
2025-12-28 17:00:00,2.23,1.84,2.13,3.09,5.46,3.9,4.8,6.61,5.6,4.0,4.92,6.78,5.72,4.09,5.03,6.92,60,74,66,66,-1.9,-1.3,-1.8,-1.5
2025-12-28 18:00:00,2.85,2.06,2.5,1.98,6.41,4.47,5.29,5.24,6.57,4.59,5.43,5.37,6.71,4.68,5.54,5.48,68,65,68,61,-1.1,-1.0,-0.3,-2.0
2025-12-28 19:00:00,2.61,2.92,2.04,1.92,5.86,5.64,4.67,3.97,6.02,5.79,4.79,4.07,6.14,5.91,4.89,4.16,65,70,74,84,-1.0,-0.1,-1.2,-2.1
2025-12-28 20:00:00,2.39,2.76,2.37,1.77,5.43,5.91,5.15,4.37,5.57,6.06,5.28,4.48,5.68,6.19,5.39,4.58,72,64,70,59,-0.6,-0.8,-1.3,-2.4
2025-12-28 21:00:00,2.9,2.85,2.96,2.18,6.25,6.26,6.0,5.2,6.41,6.42,6.15,5.33,6.54,6.55,6.28,5.44,67,63,71,67,-0.6,-0.9,-0.9,-1.6
2025-12-28 22:00:00,3.4,2.69,2.87,1.87,7.26,6.04,5.76,4.75,7.45,6.2,5.91,4.88,7.6,6.33,6.03,4.98,64,66,77,64,-0.9,-1.0,-0.9,-1.6
2025-12-28 23:00:00,3.15,2.67,2.95,2.3,6.84,6.14,6.07,4.98,7.02,6.3,6.22,5.11,7.16,6.43,6.35,5.22,68,68,66,74,-0.9,-0.8,-1.0,-1.2
2025-12-29 00:00:00,3.83,3.41,1.81,2.15,7.74,7.12,3.87,3.83,7.94,7.3,3.97,3.93,8.1,7.45,4.05,4.01,63,67,84,83,-0.8,-0.1,-1.1,-0.4
2025-12-29 01:00:00,3.9,3.45,1.92,2.34,7.67,7.04,3.07,5.04,7.87,7.22,3.15,5.17,8.03,7.37,3.21,5.28,69,68,110,67,-1.1,0.1,-1.0,-0.3
2025-12-29 02:00:00,3.52,3.25,1.5,2.55,7.03,6.61,3.23,5.07,7.22,6.78,3.31,5.2,7.36,6.92,3.38,5.3,69,65,63,79,-1.6,0.0,-1.1,-0.5
2025-12-29 03:00:00,3.61,3.3,2.27,2.77,6.91,6.48,4.83,5.11,7.08,6.65,4.96,5.24,7.23,6.78,5.06,5.35,68,66,81,77,-1.1,-0.3,0.5,-0.9
2025-12-29 04:00:00,4.34,3.69,3.21,3.3,7.57,7.02,5.46,5.4,7.77,7.2,5.6,5.54,7.93,7.35,5.72,5.66,60,65,70,68,1.2,1.4,1.9,1.6
2025-12-29 05:00:00,3.82,3.14,3.11,3.86,6.84,5.93,5.32,7.12,7.02,6.08,5.46,7.3,7.17,6.21,5.57,7.45,63,64,69,75,3.2,3.7,3.6,3.9
2025-12-29 06:00:00,4.27,2.97,3.12,3.81,5.92,3.75,4.23,5.53,6.07,3.85,4.34,5.68,6.2,3.93,4.43,5.79,60,60,69,59,4.5,5.3,5.1,6.1
2025-12-29 07:00:00,4.01,3.3,4.12,3.94,5.3,4.49,5.5,5.51,5.44,4.61,5.64,5.66,5.55,4.7,5.76,5.77,66,61,60,63,6.2,5.7,5.6,5.9
2025-12-29 08:00:00,4.6,3.9,4.58,4.05,6.46,5.68,6.35,5.47,6.63,5.83,6.52,5.62,6.77,5.95,6.65,5.73,56,59,60,65,6.0,5.7,5.6,6.5
2025-12-29 09:00:00,4.34,3.44,4.33,4.14,6.75,5.49,6.36,6.25,6.92,5.64,6.53,6.42,7.06,5.75,6.66,6.55,60,69,59,68,6.2,5.7,5.5,6.2
2025-12-29 10:00:00,4.22,3.36,3.9,3.86,7.3,5.82,6.63,6.66,7.49,5.97,6.8,6.83,7.65,6.1,6.94,6.98,62,65,62,73,5.3,4.7,4.5,5.0
2025-12-29 11:00:00,3.42,3.15,3.29,3.5,7.14,6.63,7.11,7.27,7.33,6.81,7.3,7.46,7.48,6.95,7.45,7.61,67,69,60,67,3.2,2.6,2.6,2.7
2025-12-29 12:00:00,3.86,3.3,4.31,4.65,7.85,6.93,8.5,8.76,8.05,7.11,8.72,8.99,8.22,7.26,8.9,9.17,68,68,64,64,1.4,0.9,1.1,0.9
2025-12-29 13:00:00,4.87,4.3,4.74,5.27,8.97,8.25,9.11,9.62,9.2,8.47,9.35,9.87,9.39,8.64,9.54,10.07,68,67,65,66,0.9,0.2,0.7,0.8
2025-12-29 14:00:00,4.84,4.79,5.29,5.59,9.15,9.11,9.83,10.18,9.39,9.34,10.08,10.45,9.58,9.54,10.29,10.66,67,67,67,65,0.7,0.1,0.4,0.6
2025-12-29 15:00:00,5.36,5.32,5.58,6.16,9.8,9.91,10.01,10.93,10.06,10.17,10.27,11.21,10.27,10.38,10.48,11.45,67,67,69,66,0.4,0.1,-0.1,0.6
2025-12-29 16:00:00,5.54,5.66,5.93,6.78,9.98,10.24,10.39,11.82,10.24,10.51,10.66,12.13,10.45,10.73,10.88,12.38,69,69,71,69,0.3,0.0,-0.1,0.6
2025-12-29 17:00:00,6.01,5.64,6.05,6.55,10.61,10.22,10.71,11.38,10.88,10.48,10.99,11.67,11.11,10.7,11.22,11.91,70,71,73,70,0.3,-0.1,0.0,0.4
2025-12-29 18:00:00,6.12,6.08,6.13,6.66,10.84,10.78,10.71,11.71,11.12,11.06,10.99,12.02,11.35,11.29,11.22,12.27,72,73,75,72,0.4,0.1,-0.2,0.4
2025-12-29 19:00:00,5.95,6.63,5.93,6.75,10.58,11.53,10.5,11.75,10.86,11.83,10.77,12.05,11.08,12.07,10.99,12.3,74,75,76,73,0.8,0.5,-0.2,0.6
2025-12-29 20:00:00,5.94,6.53,6.11,6.49,10.59,11.45,10.71,11.32,10.87,11.74,10.99,11.62,11.09,11.99,11.22,11.86,77,74,75,77,1.1,0.8,0.1,0.8
2025-12-29 21:00:00,6.31,6.42,5.93,6.41,11.09,11.24,10.41,11.19,11.38,11.53,10.68,11.48,11.61,11.77,10.91,11.71,75,73,77,77,1.1,0.8,0.0,1.1
2025-12-29 22:00:00,6.49,6.2,5.46,6.23,11.31,10.89,9.98,10.97,11.61,11.17,10.24,11.25,11.85,11.4,10.45,11.49,72,75,75,76,0.9,0.9,0.0,1.0
2025-12-29 23:00:00,6.44,5.61,5.22,6.47,11.13,10.21,9.6,11.17,11.42,10.47,9.85,11.46,11.65,10.69,10.06,11.7,75,74,73,75,1.2,0.8,-0.2,1.3
2025-12-30 00:00:00,5.49,5.66,5.37,4.98,9.76,10.18,9.71,9.19,10.02,10.45,9.97,9.43,10.22,10.66,10.17,9.63,76,74,73,74,1.0,1.0,0.2,0.4
2025-12-30 01:00:00,5.02,5.46,5.3,5.08,9.08,9.85,9.66,9.25,9.31,10.11,9.91,9.49,9.51,10.32,10.12,9.68,75,74,72,72,0.4,0.7,0.6,0.4
2025-12-30 02:00:00,4.96,5.38,5.43,5.02,9.13,9.54,9.66,9.06,9.36,9.79,9.92,9.3,9.56,9.99,10.12,9.49,70,71,71,71,0.4,0.7,0.7,0.3
2025-12-30 03:00:00,5.36,4.65,5.15,5.07,9.39,8.24,9.26,8.92,9.64,8.45,9.5,9.16,9.84,8.63,9.7,9.34,69,77,70,71,1.3,0.9,0.6,0.3
2025-12-30 04:00:00,5.52,4.54,5.24,5.23,9.18,7.84,8.93,8.88,9.42,8.04,9.16,9.11,9.61,8.21,9.35,9.3,69,69,70,70,3.2,2.4,2.9,2.7
2025-12-30 05:00:00,5.75,5.19,4.82,4.94,9.77,8.62,8.81,9.31,10.02,8.84,9.03,9.55,10.23,9.02,9.22,9.75,67,71,68,66,6.2,4.9,5.7,5.4
2025-12-30 06:00:00,6.28,4.94,4.7,5.17,9.51,7.68,7.11,8.07,9.76,7.88,7.29,8.28,9.96,8.04,7.44,8.45,66,66,63,62,8.3,5.7,7.2,7.5
2025-12-30 07:00:00,6.04,3.12,4.61,5.44,8.44,4.91,6.8,7.81,8.66,5.04,6.98,8.01,8.84,5.14,7.12,8.18,66,58,57,61,9.0,7.7,7.8,8.0
2025-12-30 08:00:00,5.89,3.14,4.01,4.66,8.99,4.43,6.21,8.19,9.22,4.55,6.37,8.4,9.41,4.64,6.5,8.57,66,60,59,70,9.7,8.7,8.4,8.2
2025-12-30 09:00:00,5.77,3.46,3.64,4.97,8.32,5.59,6.39,8.27,8.53,5.73,6.55,8.49,8.71,5.85,6.69,8.66,69,61,59,69,9.6,8.3,8.4,8.6
2025-12-30 10:00:00,4.55,1.7,2.14,3.27,7.41,4.08,4.91,6.3,7.61,4.19,5.04,6.46,7.76,4.27,5.14,6.6,65,57,61,68,8.1,6.2,6.7,7.3
2025-12-30 11:00:00,1.95,1.09,1.82,2.07,4.98,3.18,4.7,5.23,5.11,3.26,4.83,5.37,5.21,3.33,4.93,5.48,70,69,56,62,4.4,3.4,3.0,3.4
2025-12-30 12:00:00,2.58,2.11,1.87,1.71,6.14,5.06,4.63,4.76,6.3,5.19,4.75,4.88,6.43,5.29,4.85,4.98,68,73,66,61,2.3,1.3,1.7,0.8
2025-12-30 13:00:00,3.85,2.05,1.86,1.32,7.55,5.5,5.17,3.9,7.74,5.64,5.3,4.0,7.9,5.76,5.41,4.08,66,55,58,58,2.5,0.7,0.6,-0.1
2025-12-30 14:00:00,4.18,1.89,1.81,0.96,8.22,5.25,5.3,2.53,8.43,5.39,5.44,2.59,8.6,5.5,5.55,2.65,63,62,56,71,2.0,0.5,0.3,-0.1
2025-12-30 15:00:00,3.76,1.66,1.06,1.17,7.78,5.0,3.2,2.16,7.98,5.13,3.29,2.22,8.14,5.24,3.36,2.27,67,57,62,98,1.0,-0.1,-0.2,0.2
2025-12-30 16:00:00,3.85,1.22,0.97,1.52,8.09,3.43,1.71,3.14,8.3,3.52,1.75,3.22,8.47,3.59,1.79,3.29,64,67,87,84,0.6,0.0,-0.5,0.7
2025-12-30 17:00:00,3.66,0.96,0.94,1.15,7.7,2.92,0.7,2.35,7.9,3.0,0.72,2.41,8.07,3.06,0.74,2.46,67,62,124,77,0.4,-0.3,-0.2,0.7
2025-12-30 18:00:00,3.35,1.1,1.35,1.47,7.32,0.92,2.9,3.24,7.51,0.95,2.97,3.32,7.67,0.97,3.04,3.39,62,252,73,78,0.1,-1.2,-1.0,0.5
2025-12-30 19:00:00,1.86,1.03,1.1,0.54,5.41,1.2,3.14,2.07,5.55,1.23,3.22,2.12,5.66,1.26,3.29,2.16,66,159,64,71,-0.5,-0.2,-0.4,1.6
2025-12-30 20:00:00,0.51,0.54,0.38,0.67,0.69,0.73,1.46,1.61,0.71,0.75,1.5,1.65,0.72,0.77,1.53,1.68,45,53,60,180,-0.5,0.0,0.5,2.5
2025-12-30 21:00:00,1.18,1.46,0.96,0.21,1.32,2.11,1.17,1.17,1.35,2.16,1.2,1.2,1.38,2.21,1.23,1.23,219,214,163,222,0.4,0.6,0.9,3.0
2025-12-30 22:00:00,1.36,1.38,0.99,0.11,2.44,2.51,1.34,1.11,2.51,2.57,1.38,1.14,2.56,2.62,1.4,1.16,185,193,161,232,0.9,0.4,0.7,2.8
2025-12-30 23:00:00,0.65,1.1,1.26,0.81,1.93,2.24,1.76,2.52,1.98,2.3,1.8,2.58,2.03,2.35,1.84,2.63,221,222,146,212,0.9,0.7,0.8,2.1
2025-12-31 00:00:00,0.95,2.97,1.06,0.76,1.51,5.78,1.74,0.38,1.54,5.93,1.78,0.39,1.58,6.05,1.82,0.4,209,246,101,230,0.7,0.8,-0.8,-0.2
2025-12-31 01:00:00,1.61,2.85,1.14,0.81,3.33,5.88,1.91,1.57,3.41,6.04,1.96,1.61,3.48,6.16,2.0,1.65,238,239,96,210,-0.3,0.6,-0.9,0.4
2025-12-31 02:00:00,1.94,2.86,0.9,0.71,4.12,6.1,1.87,2.03,4.23,6.26,1.91,2.08,4.31,6.39,1.95,2.13,259,239,213,210,-0.7,1.2,-0.2,1.1
2025-12-31 03:00:00,2.23,3.18,2.35,1.35,4.57,6.18,4.52,2.79,4.69,6.35,4.64,2.86,4.79,6.48,4.74,2.92,248,239,248,234,0.3,2.2,-0.2,0.9
2025-12-31 04:00:00,2.36,2.8,3.09,2.77,4.08,4.91,4.95,4.49,4.18,5.03,5.08,4.61,4.27,5.14,5.18,4.7,229,229,244,249,3.4,3.8,1.9,2.2
2025-12-31 05:00:00,1.72,2.38,2.82,2.86,3.13,3.96,4.68,4.93,3.21,4.06,4.8,5.06,3.28,4.15,4.9,5.17,217,236,236,250,6.4,4.8,4.2,3.7
2025-12-31 06:00:00,0.27,1.83,2.22,3.22,1.33,2.51,2.89,4.0,1.37,2.57,2.96,4.1,1.39,2.62,3.02,4.19,204,243,233,226,8.3,4.9,6.2,6.2
2025-12-31 07:00:00,1.44,2.2,1.78,3.53,0.77,3.19,2.22,4.46,0.79,3.28,2.28,4.58,0.81,3.34,2.33,4.68,325,211,232,234,8.2,5.4,7.2,6.8
2025-12-31 08:00:00,1.8,2.87,1.63,2.83,1.89,3.97,1.96,3.65,1.94,4.07,2.02,3.75,1.98,4.15,2.06,3.83,325,217,247,224,6.7,6.2,7.6,7.1
2025-12-31 09:00:00,0.71,2.62,1.4,2.23,1.33,4.5,2.0,3.42,1.36,4.62,2.06,3.5,1.39,4.71,2.1,3.58,306,230,252,228,6.2,6.2,7.0,6.9
2025-12-31 10:00:00,1.14,2.37,1.22,1.7,1.65,4.95,2.02,4.27,1.69,5.08,2.07,4.38,1.73,5.18,2.11,4.47,199,236,262,243,5.1,5.2,4.6,5.5
2025-12-31 11:00:00,1.1,2.06,0.88,2.09,1.85,4.97,2.04,5.03,1.9,5.1,2.09,5.17,1.94,5.2,2.13,5.27,178,244,259,243,3.7,4.3,2.4,3.5
2025-12-31 12:00:00,0.56,3.05,0.54,2.1,2.62,6.03,1.43,4.59,2.68,6.19,1.47,4.71,2.74,6.32,1.5,4.81,243,239,190,239,4.0,3.9,3.0,3.0
2025-12-31 13:00:00,0.38,3.62,0.98,2.91,1.33,7.53,2.62,6.04,1.36,7.73,2.69,6.2,1.39,7.89,2.74,6.32,216,249,260,245,4.0,4.0,2.1,3.6
2025-12-31 14:00:00,1.01,4.05,2.67,3.51,1.74,7.86,5.68,6.89,1.79,8.06,5.82,7.07,1.83,8.23,5.94,7.21,27,249,247,242,2.6,3.8,1.7,3.4
2025-12-31 15:00:00,0.96,4.21,2.66,4.01,1.51,7.95,6.71,7.48,1.55,8.16,6.89,7.67,1.58,8.33,7.03,7.83,92,248,255,243,1.8,3.8,2.6,3.2
2025-12-31 16:00:00,1.39,4.69,4.91,4.4,2.16,8.5,9.28,8.11,2.21,8.72,9.52,8.32,2.26,8.9,9.72,8.49,198,249,266,244,3.1,4.0,4.5,2.8
2025-12-31 17:00:00,0.32,5.51,6.47,4.76,1.92,9.67,11.16,9.35,1.97,9.92,11.45,9.59,2.01,10.13,11.69,9.79,263,247,264,262,3.1,4.6,4.4,2.9
2025-12-31 18:00:00,1.88,7.75,7.6,6.36,3.37,12.47,12.19,11.13,3.45,12.8,12.51,11.42,3.52,13.06,12.77,11.66,268,258,264,262,3.2,4.7,4.0,3.1
2025-12-31 19:00:00,4.19,7.74,7.48,7.01,6.69,12.21,11.87,11.78,6.87,12.53,12.18,12.08,7.01,12.79,12.43,12.33,242,257,257,258,2.2,3.8,3.1,2.7
2025-12-31 20:00:00,6.07,6.71,6.64,7.2,10.53,10.78,10.66,11.88,10.81,11.06,10.93,12.19,11.03,11.28,11.16,12.44,259,260,258,256,3.4,3.1,2.9,2.3
2025-12-31 21:00:00,8.39,7.28,6.17,7.27,12.38,11.39,10.11,11.66,12.7,11.69,10.38,11.96,12.96,11.93,10.59,12.21,257,258,263,254,2.0,2.2,2.8,2.8
2025-12-31 22:00:00,8.24,7.31,6.82,7.01,12.28,11.5,10.71,11.36,12.6,11.8,10.99,11.65,12.86,12.04,11.22,11.89,260,252,259,252,2.0,1.9,2.2,2.5
2025-12-31 23:00:00,7.69,6.61,6.75,5.66,11.98,10.71,10.6,9.53,12.29,10.99,10.88,9.77,12.54,11.21,11.1,9.98,260,256,257,250,1.5,1.7,1.6,1.6
2026-01-01 00:00:00,7.4,7.24,5.9,5.33,11.29,11.4,9.4,9.11,11.58,11.7,9.64,9.35,11.82,11.94,9.84,9.54,263,258,255,258,1.4,1.4,1.2,0.8
2026-01-01 01:00:00,6.19,5.4,4.88,4.81,9.89,8.6,7.98,8.16,10.15,8.83,8.19,8.37,10.36,9.01,8.36,8.55,262,256,252,258,1.0,0.9,0.8,0.7
2026-01-01 02:00:00,5.27,4.99,3.58,3.76,8.45,7.99,6.09,6.36,8.67,8.2,6.25,6.53,8.85,8.37,6.38,6.67,247,249,252,252,0.6,0.5,0.6,0.5
2026-01-01 03:00:00,5.01,4.17,2.75,3.11,7.94,6.69,4.75,5.27,8.15,6.86,4.88,5.41,8.31,7.0,4.98,5.52,239,248,255,251,0.7,0.4,0.4,0.5
2026-01-01 04:00:00,3.59,3.67,2.19,2.53,5.57,5.35,3.41,4.02,5.72,5.49,3.5,4.12,5.84,5.6,3.57,4.21,239,247,253,247,0.9,0.5,0.4,0.4
2026-01-01 05:00:00,2.69,3.07,2.06,2.43,3.84,4.1,2.73,3.6,3.94,4.2,2.8,3.69,4.02,4.29,2.86,3.77,244,245,254,245,1.2,0.7,0.6,0.6
2026-01-01 06:00:00,2.01,2.83,1.76,1.94,2.58,3.74,2.17,2.62,2.64,3.84,2.23,2.69,2.7,3.92,2.28,2.75,255,252,250,255,1.4,1.1,1.0,1.3
2026-01-01 07:00:00,1.62,2.44,0.92,1.58,1.87,3.17,1.07,1.9,1.92,3.26,1.1,1.95,1.96,3.32,1.12,1.99,285,252,270,270,2.1,1.3,1.4,1.3
2026-01-01 08:00:00,1.17,1.76,0.98,1.11,1.3,2.15,1.08,1.28,1.33,2.21,1.11,1.31,1.36,2.25,1.13,1.34,304,257,342,277,2.6,1.7,2.0,1.4
2026-01-01 09:00:00,1.05,1.12,1.92,1.46,1.14,1.25,2.19,1.48,1.17,1.29,2.25,1.52,1.19,1.31,2.29,1.55,329,283,32,9,2.7,1.9,2.1,1.1
2026-01-01 10:00:00,1.25,1.57,2.53,2.18,1.33,1.81,3.08,2.72,1.37,1.86,3.16,2.8,1.39,1.89,3.22,2.85,24,333,29,43,2.6,1.3,1.4,0.6
2026-01-01 11:00:00,2.48,1.31,2.2,2.59,3.52,1.9,3.21,3.72,3.61,1.95,3.29,3.82,3.68,1.99,3.36,3.9,46,3,42,47,1.7,0.6,0.2,0.3
2026-01-01 12:00:00,1.45,1.68,0.69,1.59,3.08,3.41,2.77,4.12,3.16,3.5,2.84,4.23,3.22,3.57,2.9,4.32,29,46,39,57,1.0,-0.6,-0.5,-0.5
2026-01-01 13:00:00,1.55,0.81,0.35,0.64,2.83,2.54,2.09,3.3,2.9,2.61,2.15,3.38,2.96,2.66,2.19,3.45,54,58,28,52,0.4,-1.3,-1.0,-1.3
2026-01-01 14:00:00,1.3,0.32,1.05,0.52,2.97,2.08,1.73,2.9,3.05,2.14,1.77,2.97,3.11,2.18,1.81,3.03,67,57,344,44,0.5,-1.4,-1.4,-1.1
2026-01-01 15:00:00,1.32,0.07,1.06,0.25,3.15,1.31,1.84,2.09,3.23,1.34,1.89,2.14,3.3,1.37,1.93,2.18,55,63,323,37,0.4,-1.5,-2.4,-1.6
2026-01-01 16:00:00,0.63,0.36,0.82,0.21,2.07,0.59,2.07,1.41,2.12,0.6,2.12,1.44,2.17,0.62,2.17,1.47,45,24,317,14,0.2,-1.1,-2.0,-1.8
2026-01-01 17:00:00,0.87,1.05,1.06,0.72,1.22,1.16,2.41,1.45,1.25,1.19,2.47,1.48,1.28,1.22,2.53,1.51,355,327,284,327,0.2,-1.2,-1.7,-2.4
2026-01-01 18:00:00,1.62,0.87,1.0,1.08,2.74,0.75,2.32,1.43,2.82,0.76,2.38,1.47,2.87,0.78,2.43,1.5,327,349,262,305,0.1,-0.8,-1.4,-2.5
2026-01-01 19:00:00,1.0,0.78,0.88,1.04,1.53,0.62,1.59,1.72,1.57,0.63,1.63,1.77,1.6,0.65,1.67,1.8,338,342,247,278,0.2,-0.8,-0.6,-1.9
2026-01-01 20:00:00,0.9,0.6,0.89,0.7,1.42,0.48,1.38,1.47,1.46,0.49,1.41,1.5,1.49,0.5,1.44,1.53,354,336,247,266,0.3,-0.7,-0.5,-1.5
2026-01-01 21:00:00,0.51,0.57,0.64,0.63,1.24,0.52,1.45,1.73,1.27,0.54,1.49,1.77,1.3,0.55,1.52,1.81,349,338,222,254,0.3,-0.7,-0.6,-1.2
2026-01-01 22:00:00,0.22,0.46,0.47,0.76,0.56,0.49,1.51,1.9,0.57,0.5,1.55,1.95,0.58,0.51,1.58,1.99,345,354,201,241,0.4,-0.7,-0.8,-0.8
2026-01-01 23:00:00,0.73,0.75,0.3,0.83,0.83,0.68,0.81,1.95,0.85,0.69,0.83,2.0,0.87,0.71,0.84,2.04,50,30,155,233,0.4,-0.7,-1.2,-0.9
2026-01-02 00:00:00,1.01,0.75,0.18,0.98,1.49,1.22,1.13,1.1,1.53,1.25,1.15,1.13,1.57,1.28,1.18,1.15,19,88,162,103,-0.1,-0.9,-0.4,-1.1
2026-01-02 01:00:00,0.85,0.46,0.22,0.76,0.7,1.08,0.57,1.28,0.72,1.11,0.59,1.31,0.74,1.13,0.6,1.34,326,98,110,108,-0.2,-1.3,-0.9,-1.5
2026-01-02 02:00:00,0.47,0.27,0.4,1.12,0.21,0.66,0.88,1.42,0.21,0.68,0.9,1.46,0.22,0.69,0.92,1.49,315,126,109,121,-0.3,-1.5,-1.1,-1.7
2026-01-02 03:00:00,0.74,0.7,0.81,1.55,0.68,0.72,1.17,1.55,0.7,0.74,1.2,1.59,0.71,0.75,1.23,1.62,69,118,107,103,-0.2,-1.2,-1.4,-2.2
2026-01-02 04:00:00,2.3,1.23,1.39,1.77,2.74,1.37,1.98,2.08,2.82,1.41,2.03,2.14,2.87,1.44,2.07,2.18,57,73,80,74,0.5,-0.6,-0.1,-1.6
2026-01-02 05:00:00,3.63,2.34,2.64,2.29,4.54,2.8,3.27,2.75,4.66,2.87,3.36,2.82,4.76,2.93,3.43,2.88,55,55,53,60,1.3,0.3,0.8,-0.7
2026-01-02 06:00:00,4.65,3.73,3.87,3.15,5.91,4.6,4.9,3.83,6.06,4.72,5.03,3.93,6.19,4.82,5.13,4.01,58,54,53,53,3.2,1.4,1.2,0.9
2026-01-02 07:00:00,5.03,4.26,4.0,3.59,6.47,5.35,5.12,4.5,6.64,5.49,5.25,4.62,6.78,5.6,5.36,4.72,53,52,50,54,3.9,2.2,2.1,2.0
2026-01-02 08:00:00,4.81,3.75,3.61,3.41,6.24,4.71,4.55,4.28,6.41,4.83,4.67,4.39,6.54,4.93,4.76,4.48,48,51,46,53,4.0,3.2,2.9,2.9
2026-01-02 09:00:00,3.82,3.3,3.37,3.04,4.97,4.14,4.2,3.84,5.1,4.24,4.31,3.94,5.2,4.33,4.4,4.02,47,47,46,50,3.6,3.3,2.9,2.8
2026-01-02 10:00:00,3.21,3.02,3.0,3.01,4.48,4.07,4.0,4.07,4.6,4.17,4.1,4.17,4.7,4.26,4.19,4.26,48,47,43,47,2.9,2.3,2.1,2.0
2026-01-02 11:00:00,2.65,2.59,2.33,2.3,5.22,4.66,4.39,4.65,5.35,4.79,4.5,4.77,5.46,4.88,4.59,4.87,57,58,53,55,1.1,0.7,0.7,0.1
2026-01-02 12:00:00,1.94,2.11,1.91,2.6,3.95,4.57,4.12,5.08,4.06,4.69,4.23,5.22,4.14,4.79,4.31,5.32,68,68,69,61,0.6,0.5,-0.6,0.3
2026-01-02 13:00:00,2.93,2.02,2.1,2.57,5.02,4.38,4.28,4.97,5.15,4.5,4.4,5.1,5.26,4.59,4.49,5.21,60,61,71,62,0.6,0.3,-0.9,0.0
2026-01-02 14:00:00,3.05,2.37,2.4,3.05,5.41,4.82,4.71,5.38,5.55,4.94,4.83,5.52,5.67,5.04,4.93,5.64,61,63,63,65,0.3,-0.1,-0.7,0.0
2026-01-02 15:00:00,2.64,2.79,2.93,3.32,5.13,5.25,5.45,5.78,5.27,5.39,5.59,5.93,5.37,5.5,5.71,6.05,67,68,62,65,0.3,-0.2,-0.6,-0.1
2026-01-02 16:00:00,2.86,3.01,3.23,3.49,6.02,6.0,6.09,6.1,6.18,6.15,6.24,6.26,6.31,6.28,6.37,6.39,61,61,66,63,-0.3,0.1,-0.5,0.1
2026-01-02 17:00:00,3.23,3.27,3.1,3.38,6.64,6.54,6.3,5.97,6.82,6.71,6.47,6.13,6.96,6.85,6.6,6.25,59,62,66,64,-0.5,0.0,-0.7,0.2
2026-01-02 18:00:00,2.44,3.23,3.19,2.77,5.8,6.65,6.32,6.02,5.96,6.82,6.49,6.17,6.08,6.96,6.62,6.3,66,62,61,65,-0.2,-0.5,-0.3,-1.0
2026-01-02 19:00:00,1.82,2.97,3.01,2.64,4.88,6.54,6.43,5.78,5.01,6.71,6.6,5.94,5.11,6.84,6.73,6.06,65,59,63,67,-0.8,-0.7,-0.8,-1.0
2026-01-02 20:00:00,1.67,2.19,2.44,2.73,4.43,5.47,5.8,5.95,4.54,5.61,5.95,6.1,4.64,5.73,6.08,6.23,69,62,61,63,-1.3,-0.9,-1.4,-1.5
2026-01-02 21:00:00,1.71,1.61,2.16,2.78,4.25,4.47,5.21,6.0,4.36,4.58,5.34,6.16,4.45,4.68,5.45,6.29,72,63,64,60,-1.3,-1.3,-1.9,-1.9
2026-01-02 22:00:00,1.7,1.72,1.97,2.81,4.53,4.63,4.88,6.15,4.65,4.75,5.01,6.31,4.75,4.85,5.11,6.44,69,60,65,62,-1.4,-2.0,-2.2,-2.3
2026-01-02 23:00:00,2.11,1.97,2.01,2.75,4.96,5.04,4.82,6.06,5.09,5.17,4.95,6.22,5.19,5.28,5.05,6.34,67,60,67,63,-1.5,-1.9,-2.5,-2.7
2026-01-03 00:00:00,1.76,2.63,2.3,1.95,4.27,5.8,5.32,4.97,4.38,5.95,5.46,5.1,4.47,6.07,5.57,5.2,69,62,64,63,-1.8,-2.6,-2.8,-2.9
2026-01-03 01:00:00,1.36,2.71,2.57,2.4,3.52,5.86,5.69,5.56,3.61,6.02,5.84,5.7,3.69,6.14,5.96,5.82,76,64,62,62,-2.2,-2.6,-2.9,-3.0
2026-01-03 02:00:00,2.1,2.57,2.71,2.61,4.27,5.77,5.8,5.89,4.38,5.92,5.95,6.05,4.47,6.04,6.07,6.17,76,60,63,60,-2.5,-2.7,-3.0,-3.1
2026-01-03 03:00:00,3.03,2.98,3.11,2.97,5.48,5.69,5.91,5.91,5.63,5.84,6.06,6.06,5.74,5.96,6.19,6.19,68,61,63,62,-2.3,-2.0,-2.4,-2.6
2026-01-03 04:00:00,3.78,3.13,3.03,3.04,5.78,5.71,5.69,5.3,5.94,5.86,5.84,5.44,6.06,5.98,5.96,5.55,60,63,63,61,0.0,0.0,0.1,-0.1
2026-01-03 05:00:00,3.93,3.73,3.47,3.65,5.64,5.3,4.73,5.08,5.78,5.44,4.85,5.21,5.9,5.55,4.96,5.32,57,58,58,56,1.8,2.1,2.3,2.2
2026-01-03 06:00:00,4.63,3.91,4.19,4.1,6.1,5.31,5.55,5.39,6.26,5.45,5.69,5.53,6.39,5.56,5.81,5.65,51,60,59,60,3.1,3.3,3.1,3.3
2026-01-03 07:00:00,4.65,3.98,4.3,4.38,6.1,5.24,5.72,5.76,6.25,5.38,5.87,5.91,6.38,5.49,5.99,6.03,55,57,60,58,3.8,4.1,3.9,4.1
2026-01-03 08:00:00,4.4,4.04,4.12,4.34,5.83,5.33,5.42,5.75,5.98,5.47,5.56,5.89,6.1,5.58,5.67,6.02,56,59,60,57,4.1,4.6,4.5,4.7
2026-01-03 09:00:00,4.06,3.9,4.09,3.91,5.58,5.25,5.53,5.42,5.73,5.39,5.67,5.56,5.85,5.5,5.79,5.68,58,62,60,57,4.1,4.7,4.5,4.5
2026-01-03 10:00:00,3.53,3.54,3.69,3.31,5.74,5.56,5.73,5.25,5.89,5.71,5.88,5.39,6.01,5.82,6.0,5.5,60,66,64,63,3.4,3.9,3.6,3.6
2026-01-03 11:00:00,2.76,2.73,2.87,2.24,6.13,5.89,6.08,5.19,6.29,6.04,6.24,5.32,6.42,6.17,6.37,5.43,62,66,63,68,1.4,1.9,1.7,1.5
2026-01-03 12:00:00,2.14,2.63,2.4,2.08,5.67,6.07,5.69,5.29,5.81,6.23,5.84,5.43,5.93,6.36,5.96,5.54,68,67,63,68,-0.3,1.0,1.2,0.0
2026-01-03 13:00:00,2.31,2.44,2.58,2.27,5.75,6.04,6.24,5.59,5.9,6.2,6.4,5.74,6.03,6.33,6.53,5.86,64,66,66,67,0.1,0.9,1.0,0.4
2026-01-03 14:00:00,2.42,2.28,2.42,2.26,5.7,5.68,6.0,5.57,5.84,5.82,6.15,5.71,5.96,5.94,6.28,5.83,66,67,66,74,0.0,0.7,0.9,0.3
2026-01-03 15:00:00,2.38,2.34,2.17,2.4,5.78,5.69,5.74,5.5,5.93,5.84,5.89,5.64,6.06,5.96,6.01,5.76,74,69,66,80,0.1,0.6,0.6,0.2
2026-01-03 16:00:00,2.01,2.06,2.16,2.5,5.04,5.23,5.54,5.69,5.17,5.36,5.68,5.84,5.28,5.47,5.8,5.96,73,74,69,74,0.4,0.6,0.2,-0.1
2026-01-03 17:00:00,2.11,2.02,2.4,2.65,5.36,5.24,5.77,5.92,5.5,5.38,5.92,6.07,5.61,5.49,6.04,6.2,68,70,70,71,0.2,0.8,-0.1,0.2
2026-01-03 18:00:00,2.08,1.82,2.96,2.6,5.15,4.84,6.36,5.8,5.29,4.96,6.53,5.95,5.4,5.07,6.67,6.07,75,71,72,70,-0.1,0.8,-0.1,0.3
2026-01-03 19:00:00,2.67,2.02,3.01,2.71,5.95,5.07,6.25,6.08,6.11,5.21,6.41,6.24,6.23,5.31,6.54,6.37,73,74,74,68,-0.7,0.9,0.1,0.2
2026-01-03 20:00:00,2.67,2.2,2.79,2.8,5.89,5.33,5.9,6.1,6.04,5.47,6.06,6.26,6.17,5.58,6.18,6.39,71,76,73,70,-1.2,0.7,-0.2,-0.1
2026-01-03 21:00:00,2.75,2.32,2.43,2.71,6.16,5.4,5.5,5.95,6.32,5.54,5.65,6.11,6.45,5.66,5.76,6.23,68,77,70,73,-1.0,0.4,-0.6,-0.7
2026-01-03 22:00:00,2.6,2.49,2.8,2.68,6.19,5.66,6.05,5.9,6.35,5.81,6.2,6.05,6.48,5.93,6.33,6.18,64,75,67,75,-0.7,-0.1,-0.4,-1.0
2026-01-03 23:00:00,2.76,2.63,3.25,2.69,6.04,5.81,6.41,5.91,6.2,5.96,6.58,6.06,6.33,6.08,6.72,6.19,74,71,73,75,-0.4,-0.3,-0.1,-1.1
2026-01-04 00:00:00,2.57,3.3,2.86,2.61,5.95,6.76,6.27,5.89,6.1,6.94,6.44,6.04,6.23,7.08,6.57,6.17,82,68,70,74,-0.6,-0.5,-1.0,-0.7
2026-01-04 01:00:00,2.2,3.35,3.05,2.65,5.38,6.7,6.58,5.98,5.52,6.88,6.75,6.14,5.64,7.02,6.89,6.26,78,71,70,71,-1.4,-0.6,-0.9,-0.8
2026-01-04 02:00:00,1.68,3.35,3.1,2.85,4.17,6.75,6.61,6.15,4.28,6.93,6.78,6.31,4.37,7.07,6.92,6.44,83,70,71,73,-1.8,-0.8,-1.1,-0.7
2026-01-04 03:00:00,1.57,3.25,3.35,3.1,3.44,6.41,6.77,6.21,3.53,6.58,6.94,6.37,3.6,6.71,7.08,6.5,102,70,72,72,-0.9,-0.6,-0.6,-0.3
2026-01-04 04:00:00,0.3,1.96,3.26,3.35,0.65,4.22,6.23,6.45,0.67,4.33,6.39,6.62,0.68,4.42,6.52,6.76,207,68,76,68,1.6,1.3,1.7,1.7
2026-01-04 05:00:00,0.55,2.76,1.82,1.7,1.24,3.35,3.19,2.97,1.27,3.43,3.27,3.05,1.3,3.51,3.34,3.11,228,254,71,60,2.5,2.1,3.6,3.0
2026-01-04 06:00:00,1.72,1.64,1.45,3.47,2.24,2.18,1.86,4.84,2.3,2.23,1.91,4.96,2.35,2.28,1.95,5.07,222,236,223,62,4.9,4.0,3.3,4.2
2026-01-04 07:00:00,2.65,2.55,2.01,1.57,3.32,3.17,2.54,2.14,3.41,3.26,2.61,2.2,3.48,3.32,2.66,2.24,267,266,266,49,5.6,4.8,4.7,4.8
2026-01-04 08:00:00,2.73,3.13,2.78,1.19,3.43,3.95,3.5,1.51,3.52,4.05,3.59,1.54,3.6,4.14,3.67,1.58,277,261,261,241,5.8,5.1,5.3,5.0
2026-01-04 09:00:00,2.41,3.39,3.34,2.41,3.08,4.45,4.38,3.19,3.16,4.56,4.49,3.27,3.22,4.66,4.58,3.34,274,261,262,236,5.6,5.2,5.2,5.6
2026-01-04 10:00:00,1.25,2.29,2.91,3.23,3.03,4.37,5.05,5.76,3.11,4.48,5.18,5.91,3.17,4.57,5.29,6.03,274,259,257,262,4.4,4.5,4.4,5.1
2026-01-04 11:00:00,1.75,2.06,2.33,2.86,3.95,4.71,5.01,5.88,4.05,4.83,5.14,6.03,4.13,4.93,5.25,6.16,270,259,249,260,1.3,1.7,2.1,2.5
2026-01-04 12:00:00,2.45,2.09,3.29,3.99,5.29,4.81,6.94,7.3,5.43,4.94,7.12,7.49,5.54,5.04,7.27,7.64,248,254,249,239,-0.1,0.2,0.8,1.2
2026-01-04 13:00:00,3.22,2.91,3.76,4.2,6.46,6.08,7.32,7.77,6.63,6.24,7.51,7.98,6.76,6.37,7.67,8.14,229,230,243,235,0.6,0.4,0.4,0.8
2026-01-04 14:00:00,2.75,3.26,4.23,4.1,5.91,6.81,7.92,7.87,6.06,6.99,8.13,8.07,6.19,7.14,8.3,8.24,235,238,240,242,0.5,0.5,0.2,0.4
2026-01-04 15:00:00,2.17,2.59,4.45,4.19,5.08,6.15,8.07,7.9,5.22,6.31,8.28,8.1,5.32,6.44,8.45,8.27,241,241,235,238,0.1,0.1,0.1,-0.1
2026-01-04 16:00:00,1.92,2.67,4.11,4.18,4.69,6.26,7.69,7.94,4.81,6.42,7.89,8.14,4.91,6.55,8.05,8.31,237,243,231,237,-0.3,0.0,0.3,-0.2
2026-01-04 17:00:00,1.74,3.19,3.97,3.86,4.6,6.84,7.64,7.64,4.72,7.02,7.84,7.84,4.81,7.16,8.0,8.0,249,237,230,237,-0.7,-0.1,0.4,-0.4
2026-01-04 18:00:00,0.68,2.52,2.97,3.36,2.66,6.14,6.79,6.9,2.73,6.3,6.96,7.08,2.79,6.43,7.11,7.22,246,236,235,238,-0.4,-0.2,0.4,-1.0
2026-01-04 19:00:00,0.56,2.08,2.97,3.39,2.56,5.35,6.89,6.74,2.62,5.49,7.07,6.92,2.68,5.61,7.21,7.06,230,235,239,236,0.1,-0.6,0.4,-0.8
2026-01-04 20:00:00,0.69,1.76,3.4,3.39,2.99,4.6,7.22,6.65,3.07,4.72,7.4,6.82,3.13,4.82,7.56,6.96,246,242,242,237,-0.4,-1.1,0.6,-0.5
2026-01-04 21:00:00,1.23,1.27,3.75,3.04,3.62,4.06,7.36,6.41,3.72,4.17,7.55,6.58,3.79,4.26,7.71,6.71,246,247,239,238,-0.5,-1.0,0.8,-0.5
2026-01-04 22:00:00,1.35,1.26,3.93,2.76,3.78,4.1,7.46,6.02,3.87,4.21,7.66,6.17,3.95,4.29,7.81,6.3,246,250,235,238,-0.2,-0.8,0.9,-0.4
2026-01-04 23:00:00,1.46,1.47,3.76,2.8,4.01,4.33,7.12,5.89,4.11,4.44,7.3,6.05,4.2,4.53,7.45,6.17,254,247,232,237,0.4,-1.0,0.6,-0.2
2026-01-05 00:00:00,0.45,1.52,3.09,3.51,0.48,4.32,6.44,6.95,0.49,4.43,6.6,7.14,0.5,4.52,6.74,7.28,336,242,235,242,-0.1,-0.8,-0.1,0.6
2026-01-05 01:00:00,0.9,1.19,3.04,3.86,0.74,3.75,6.24,7.15,0.76,3.85,6.4,7.33,0.78,3.93,6.54,7.48,67,245,231,239,0.1,-0.6,-0.3,0.5
2026-01-05 02:00:00,0.89,0.7,2.8,3.96,0.74,2.99,5.88,7.19,0.76,3.07,6.03,7.38,0.78,3.13,6.16,7.53,67,251,230,236,-0.7,-0.3,-0.6,0.5
2026-01-05 03:00:00,1.5,0.34,2.25,3.64,1.12,2.0,5.02,6.41,1.15,2.05,5.15,6.57,1.17,2.09,5.26,6.71,56,269,234,235,-0.8,0.2,-0.1,1.0
2026-01-05 04:00:00,1.5,0.68,2.44,3.51,1.86,1.25,3.73,5.37,1.9,1.28,3.82,5.51,1.94,1.3,3.9,5.63,67,301,244,239,-0.1,0.5,2.0,1.6
2026-01-05 05:00:00,1.54,0.28,2.36,3.25,1.98,0.59,3.07,4.42,2.04,0.6,3.15,4.53,2.08,0.62,3.22,4.62,65,294,273,248,0.5,1.3,2.9,2.4
2026-01-05 06:00:00,2.31,0.63,2.26,2.93,2.72,0.72,2.76,3.67,2.8,0.74,2.83,3.76,2.85,0.76,2.89,3.84,43,318,291,253,0.3,2.3,3.1,3.0
2026-01-05 07:00:00,1.67,0.87,2.0,3.27,1.88,0.99,2.33,4.08,1.93,1.02,2.39,4.19,1.97,1.04,2.44,4.27,53,281,296,262,0.5,2.8,3.2,3.4
2026-01-05 08:00:00,0.47,1.1,1.61,3.54,0.51,1.32,1.9,4.39,0.52,1.36,1.95,4.5,0.53,1.39,1.99,4.6,73,264,293,261,1.0,3.5,3.3,3.6
2026-01-05 09:00:00,0.36,1.16,1.41,3.3,0.6,1.37,1.62,4.13,0.62,1.41,1.66,4.24,0.63,1.44,1.7,4.33,194,253,286,253,1.5,3.7,3.4,3.3
2026-01-05 10:00:00,0.11,0.72,1.25,2.65,0.66,1.08,1.45,3.49,0.68,1.1,1.49,3.58,0.69,1.13,1.52,3.65,197,265,290,237,1.7,3.7,3.2,2.8
2026-01-05 11:00:00,0.76,0.74,1.46,1.43,0.76,1.04,2.41,2.92,0.78,1.07,2.47,2.99,0.8,1.09,2.52,3.05,40,323,328,232,0.5,1.6,1.1,0.8
2026-01-05 12:00:00,1.43,0.68,0.6,0.5,2.28,1.5,2.05,2.1,2.34,1.54,2.1,2.16,2.39,1.57,2.14,2.2,48,347,12,314,-1.4,0.3,-0.5,-0.1
2026-01-05 13:00:00,2.02,1.55,1.55,0.84,4.11,3.0,3.51,1.85,4.22,3.08,3.6,1.9,4.3,3.14,3.67,1.94,68,58,63,18,-0.9,-0.7,-0.9,-0.9
2026-01-05 14:00:00,2.21,1.89,2.07,1.4,5.15,4.69,5.21,2.83,5.28,4.81,5.34,2.9,5.39,4.91,5.45,2.96,61,57,58,58,-1.1,-0.6,-0.7,-1.3
2026-01-05 15:00:00,2.98,2.62,2.64,1.98,6.43,5.98,5.94,4.76,6.59,6.13,6.1,4.88,6.73,6.26,6.22,4.98,59,61,59,55,-1.1,-0.6,-1.0,-1.2
2026-01-05 16:00:00,2.94,2.15,2.18,2.8,6.37,5.36,5.34,5.94,6.53,5.5,5.48,6.09,6.67,5.62,5.6,6.22,62,65,61,60,-1.6,-1.3,-1.8,-1.2
2026-01-05 17:00:00,2.91,2.1,2.0,2.61,6.47,5.21,4.95,5.78,6.64,5.35,5.08,5.93,6.77,5.46,5.18,6.05,59,62,64,61,-2.2,-2.0,-2.7,-1.9
2026-01-05 18:00:00,2.4,2.0,2.36,2.76,5.32,4.95,5.1,5.72,5.46,5.08,5.23,5.87,5.58,5.18,5.34,5.99,66,62,73,67,-2.6,-2.0,-3.2,-2.2
2026-01-05 19:00:00,2.55,2.6,2.33,3.11,5.43,5.73,4.83,6.18,5.57,5.88,4.95,6.34,5.69,6.0,5.05,6.47,66,68,78,70,-2.8,-2.2,-3.3,-2.5
2026-01-05 20:00:00,2.93,2.77,2.85,3.32,5.66,5.72,5.41,6.25,5.81,5.87,5.55,6.42,5.93,5.99,5.67,6.55,75,70,88,75,-2.5,-2.5,-2.8,-2.4
2026-01-05 21:00:00,3.92,3.03,2.87,3.74,6.88,5.75,5.26,6.51,7.05,5.9,5.4,6.68,7.2,6.03,5.51,6.82,73,79,91,79,-1.5,-2.3,-2.5,-1.8
2026-01-05 22:00:00,4.07,3.24,3.28,4.18,7.08,5.85,5.88,7.14,7.27,6.0,6.04,7.33,7.42,6.12,6.16,7.48,78,83,84,77,-1.1,-1.6,-2.1,-1.3
2026-01-05 23:00:00,4.57,3.97,3.74,4.67,7.79,6.87,6.57,7.89,7.99,7.05,6.74,8.09,8.16,7.19,6.88,8.26,74,75,81,75,-1.0,-1.4,-1.9,-1.1
2026-01-06 00:00:00,4.85,4.21,4.23,4.96,7.65,7.04,6.87,8.36,7.84,7.22,7.05,8.57,8.01,7.37,7.2,8.75,79,82,83,77,-1.4,-1.5,-2.0,-1.2
2026-01-06 01:00:00,5.02,4.85,4.98,5.14,8.0,7.84,7.48,8.49,8.21,8.04,7.67,8.71,8.38,8.21,7.83,8.89,81,81,82,77,-1.3,-1.8,-1.7,-1.1
2026-01-06 02:00:00,5.47,5.25,5.08,4.97,8.7,8.11,7.95,8.31,8.93,8.32,8.16,8.52,9.11,8.49,8.32,8.7,80,86,88,83,-1.4,-1.8,-2.0,-1.2
2026-01-06 03:00:00,6.05,5.77,5.1,4.94,9.35,8.78,8.04,7.86,9.59,9.01,8.25,8.06,9.79,9.19,8.42,8.23,80,84,91,87,-1.4,-1.9,-2.1,-1.1
2026-01-06 04:00:00,6.24,6.05,4.99,5.27,10.5,9.59,7.92,7.38,10.77,9.84,8.13,7.57,10.99,10.04,8.3,7.73,76,79,85,82,-0.1,-0.4,-0.5,0.3
2026-01-06 05:00:00,7.53,6.97,6.05,6.2,10.79,10.22,8.23,8.28,11.07,10.49,8.45,8.49,11.3,10.7,8.62,8.67,69,70,70,70,2.0,2.2,2.1,2.1
2026-01-06 06:00:00,8.83,8.33,7.69,6.93,12.17,11.6,10.51,9.32,12.49,11.9,10.78,9.56,12.75,12.15,11.01,9.76,66,68,65,69,3.4,3.7,3.7,3.8
2026-01-06 07:00:00,9.22,9.0,8.32,7.7,12.58,12.39,11.31,10.28,12.91,12.71,11.6,10.55,13.17,12.97,11.84,10.77,70,68,67,68,4.8,4.9,4.9,5.0
2026-01-06 08:00:00,8.72,8.86,8.1,7.9,11.91,12.1,10.96,10.66,12.22,12.42,11.24,10.94,12.48,12.68,11.48,11.16,76,70,71,67,5.5,5.5,5.6,5.2
2026-01-06 09:00:00,7.24,7.76,7.29,7.45,10.04,10.82,10.12,10.28,10.3,11.1,10.38,10.55,10.51,11.33,10.6,10.77,75,70,68,67,5.3,5.3,5.3,5.0
2026-01-06 10:00:00,5.78,6.38,6.31,6.17,8.62,9.88,9.79,9.39,8.84,10.14,10.04,9.63,9.02,10.34,10.25,9.83,73,71,65,67,4.3,4.6,4.3,4.2
2026-01-06 11:00:00,4.87,5.08,5.25,4.77,8.62,8.89,9.11,8.4,8.84,9.12,9.35,8.62,9.02,9.31,9.54,8.8,68,70,68,70,1.8,2.2,2.1,2.1
2026-01-06 12:00:00,4.47,4.06,4.37,4.05,8.53,7.88,8.2,7.87,8.75,8.08,8.41,8.08,8.93,8.25,8.59,8.24,74,70,72,68,-0.1,-0.5,-0.1,-0.6
2026-01-06 13:00:00,4.29,3.59,3.77,3.56,8.37,7.4,7.54,7.03,8.59,7.59,7.73,7.22,8.77,7.75,7.89,7.36,70,72,73,69,-0.9,-1.7,-1.3,-1.8
2026-01-06 14:00:00,4.46,3.5,3.51,3.35,8.6,7.37,7.2,6.81,8.82,7.56,7.38,6.98,9.01,7.71,7.54,7.13,67,68,71,69,-1.1,-2.0,-1.8,-2.3
2026-01-06 15:00:00,4.12,3.05,2.96,3.0,8.15,6.58,6.35,6.43,8.37,6.75,6.51,6.59,8.54,6.89,6.65,6.73,68,70,72,68,-1.3,-2.4,-2.3,-2.6
2026-01-06 16:00:00,2.75,2.08,1.88,2.44,5.97,4.61,4.53,5.5,6.13,4.73,4.64,5.65,6.25,4.82,4.74,5.76,74,80,76,70,-2.0,-3.0,-2.9,-3.1
2026-01-06 17:00:00,1.74,1.56,1.64,1.95,3.18,2.51,2.56,4.27,3.26,2.57,2.63,4.38,3.33,2.63,2.69,4.47,94,98,99,73,-3.0,-3.7,-3.3,-3.6
2026-01-06 18:00:00,1.91,1.46,1.47,1.79,3.22,1.59,2.0,3.9,3.31,1.63,2.05,4.0,3.37,1.67,2.09,4.08,93,117,93,72,-3.7,-4.0,-3.9,-3.5
2026-01-06 19:00:00,1.73,1.04,1.33,1.35,3.17,1.57,2.0,3.1,3.26,1.61,2.05,3.18,3.32,1.65,2.09,3.24,79,83,89,71,-4.5,-3.9,-3.6,-3.6
2026-01-06 20:00:00,1.53,1.07,0.87,1.25,3.54,1.9,1.14,2.35,3.64,1.95,1.17,2.41,3.71,1.99,1.19,2.46,72,87,110,85,-4.1,-3.6,-3.5,-3.5
2026-01-06 21:00:00,1.17,0.81,1.35,1.23,3.07,1.52,1.55,1.25,3.15,1.56,1.59,1.28,3.21,1.6,1.62,1.31,72,83,208,141,-4.1,-3.1,-3.0,-3.5
2026-01-06 22:00:00,1.1,1.0,1.54,1.28,2.59,0.99,3.07,1.42,2.66,1.01,3.15,1.46,2.72,1.03,3.22,1.49,85,213,243,186,-3.5,-2.8,-2.6,-2.9
2026-01-06 23:00:00,1.27,1.72,1.38,1.15,1.87,3.56,3.51,1.98,1.91,3.65,3.6,2.03,1.95,3.73,3.67,2.07,139,251,260,232,-3.0,-2.7,-2.4,-2.4
2026-01-07 00:00:00,1.0,1.46,1.56,1.71,2.73,3.32,3.58,3.28,2.8,3.41,3.67,3.36,2.86,3.48,3.75,3.43,254,248,250,259,-4.2,-2.9,-2.9,-2.3
2026-01-07 01:00:00,0.32,1.01,1.41,1.47,1.66,3.17,3.77,3.51,1.7,3.25,3.87,3.61,1.74,3.32,3.95,3.68,272,267,256,267,-4.1,-2.8,-2.8,-2.2
2026-01-07 02:00:00,0.28,1.77,1.46,1.74,1.74,4.42,3.75,4.14,1.78,4.54,3.85,4.25,1.82,4.63,3.92,4.33,281,262,257,258,-4.0,-2.9,-2.9,-2.4
2026-01-07 03:00:00,0.21,0.82,0.94,1.54,1.4,2.76,3.3,3.78,1.44,2.84,3.39,3.88,1.47,2.89,3.46,3.96,250,261,286,258,-2.9,-2.2,-2.2,-1.6
2026-01-07 04:00:00,0.97,1.23,1.1,2.09,1.29,2.09,2.6,3.42,1.32,2.15,2.67,3.51,1.35,2.19,2.72,3.58,307,298,293,290,-1.5,-0.4,-0.3,0.3
2026-01-07 05:00:00,0.3,0.89,0.96,2.01,0.54,0.86,1.07,2.47,0.55,0.88,1.1,2.54,0.56,0.9,1.12,2.59,265,317,294,302,0.2,0.8,1.3,0.8
2026-01-07 06:00:00,0.89,1.26,1.63,2.82,0.97,1.28,1.72,3.51,1.0,1.31,1.77,3.6,1.02,1.34,1.8,3.68,307,342,331,246,1.9,2.1,2.4,1.7
2026-01-07 07:00:00,1.29,1.69,1.71,2.85,1.31,1.87,1.93,3.58,1.35,1.91,1.98,3.67,1.37,1.95,2.03,3.75,345,340,319,236,3.1,3.0,3.1,3.1
2026-01-07 08:00:00,1.72,1.39,1.07,3.18,1.87,1.61,1.22,3.96,1.92,1.65,1.25,4.06,1.96,1.68,1.28,4.15,351,325,272,256,3.5,3.4,3.8,3.8
2026-01-07 09:00:00,1.3,0.47,1.14,3.27,1.51,0.5,1.42,4.19,1.55,0.51,1.46,4.3,1.59,0.52,1.49,4.38,356,281,232,245,3.4,3.6,4.3,3.8
2026-01-07 10:00:00,0.43,0.07,0.63,2.36,0.68,0.28,1.28,3.92,0.69,0.28,1.32,4.02,0.71,0.29,1.34,4.11,30,225,261,235,2.7,3.2,3.5,3.4
2026-01-07 11:00:00,0.3,0.25,0.63,1.55,0.83,0.33,1.29,3.51,0.85,0.34,1.32,3.61,0.87,0.34,1.35,3.68,93,333,307,251,0.5,0.8,0.4,0.2
2026-01-07 12:00:00,0.1,0.07,0.6,0.29,0.66,0.62,2.1,1.25,0.67,0.64,2.16,1.29,0.69,0.65,2.2,1.31,312,39,48,13,-0.9,-0.5,-1.3,-1.3
2026-01-07 13:00:00,0.1,0.18,0.47,0.47,0.41,1.28,2.22,1.43,0.42,1.31,2.28,1.47,0.43,1.34,2.33,1.5,315,40,61,80,-1.7,-1.1,-1.1,-1.6
2026-01-07 14:00:00,0.41,0.72,1.14,0.61,1.66,2.45,3.35,2.19,1.7,2.52,3.44,2.25,1.74,2.57,3.51,2.29,40,41,57,58,-2.2,-1.7,-1.7,-1.5
2026-01-07 15:00:00,0.89,0.79,1.88,1.24,2.66,2.76,4.19,3.17,2.73,2.84,4.3,3.25,2.78,2.9,4.39,3.32,49,49,67,59,-3.1,-2.1,-1.8,-1.8
2026-01-07 16:00:00,1.2,0.67,1.55,1.64,3.31,2.7,3.87,3.95,3.4,2.77,3.97,4.06,3.47,2.83,4.05,4.14,62,64,73,60,-3.3,-2.1,-2.5,-2.1
2026-01-07 17:00:00,1.4,0.65,1.5,1.6,3.72,2.77,3.76,4.11,3.82,2.84,3.86,4.22,3.9,2.9,3.94,4.31,68,64,69,71,-3.4,-2.1,-2.9,-2.2
2026-01-07 18:00:00,0.4,0.4,1.5,1.6,2.42,1.93,3.8,4.01,2.48,1.98,3.9,4.11,2.53,2.02,3.98,4.2,42,74,67,69,-3.3,-2.6,-2.8,-2.7
2026-01-07 19:00:00,0.25,0.38,1.17,1.49,1.62,1.39,3.27,3.81,1.66,1.42,3.35,3.91,1.7,1.45,3.42,3.99,83,100,70,77,-4.0,-2.8,-3.2,-2.9
2026-01-07 20:00:00,0.54,0.36,1.13,1.19,1.68,1.33,3.17,3.03,1.73,1.36,3.25,3.11,1.76,1.39,3.32,3.17,100,73,67,85,-4.4,-2.8,-3.3,-3.1
2026-01-07 21:00:00,0.7,0.76,1.23,1.12,2.54,2.59,3.12,2.74,2.61,2.65,3.2,2.81,2.66,2.71,3.26,2.87,54,43,80,78,-4.5,-2.8,-3.3,-3.3
2026-01-07 22:00:00,1.66,0.43,0.89,1.56,4.33,2.17,2.59,4.04,4.44,2.23,2.66,4.14,4.53,2.28,2.72,4.23,54,70,64,67,-5.1,-3.1,-3.7,-3.5
2026-01-07 23:00:00,1.35,0.18,1.11,1.61,3.95,1.55,3.07,4.21,4.05,1.59,3.15,4.32,4.13,1.62,3.21,4.41,72,62,72,74,-4.9,-3.7,-4.0,-3.8
2026-01-08 00:00:00,0.65,1.25,1.11,1.55,2.58,3.57,2.9,4.26,2.65,3.66,2.97,4.37,2.7,3.73,3.03,4.46,68,68,77,70,-5.0,-4.4,-4.5,-4.9
2026-01-08 01:00:00,0.27,1.03,1.46,1.7,0.94,1.97,3.74,4.7,0.97,2.02,3.84,4.82,0.99,2.07,3.92,4.92,111,147,72,73,-5.4,-4.4,-4.7,-4.9
2026-01-08 02:00:00,0.46,0.18,1.42,1.83,1.48,0.46,3.71,4.87,1.52,0.47,3.81,5.0,1.55,0.48,3.89,5.1,81,32,76,72,-5.6,-4.3,-4.9,-4.9
2026-01-08 03:00:00,0.25,0.92,1.5,2.4,1.82,2.88,3.78,5.45,1.87,2.95,3.87,5.59,1.91,3.01,3.95,5.71,56,51,70,68,-4.7,-4.0,-4.1,-4.2
2026-01-08 04:00:00,2.36,1.48,2.55,3.43,4.17,2.91,4.72,6.61,4.28,2.98,4.85,6.78,4.37,3.04,4.95,6.92,45,67,68,66,-3.1,-1.6,-1.7,-1.5
2026-01-08 05:00:00,2.44,1.63,3.13,3.81,3.77,2.19,4.23,5.45,3.87,2.25,4.34,5.59,3.95,2.3,4.43,5.71,61,53,57,58,-1.2,-0.2,0.0,0.9
2026-01-08 06:00:00,2.21,2.16,3.61,4.87,2.7,2.63,4.57,6.5,2.77,2.7,4.69,6.67,2.83,2.75,4.79,6.81,39,50,51,55,0.6,1.1,0.6,2.0
2026-01-08 07:00:00,2.86,2.33,3.81,5.43,3.59,2.91,4.91,7.19,3.68,2.98,5.03,7.38,3.76,3.04,5.14,7.53,43,50,56,54,1.9,1.9,1.6,3.4
2026-01-08 08:00:00,3.02,2.58,3.45,5.27,3.88,3.33,4.49,7.1,3.98,3.41,4.6,7.29,4.06,3.48,4.7,7.44,55,58,56,51,2.5,2.4,2.7,4.1
2026-01-08 09:00:00,2.48,2.29,3.32,4.6,3.18,2.93,4.33,6.32,3.26,3.0,4.44,6.48,3.33,3.06,4.54,6.62,54,60,51,48,2.5,2.5,3.0,4.1
2026-01-08 10:00:00,2.35,2.33,3.23,3.73,3.38,3.3,4.86,6.01,3.47,3.38,4.99,6.16,3.54,3.45,5.09,6.29,46,52,48,48,1.6,1.8,2.3,3.2
2026-01-08 11:00:00,1.46,1.62,2.21,2.64,3.97,4.02,5.6,6.18,4.07,4.12,5.74,6.34,4.15,4.21,5.86,6.47,62,59,57,58,-1.3,-1.1,0.1,1.0
2026-01-08 12:00:00,1.11,1.13,2.0,1.42,3.69,3.73,5.13,4.01,3.79,3.83,5.26,4.12,3.86,3.91,5.37,4.2,56,61,61,61,-2.3,-2.4,-2.1,-1.8
2026-01-08 13:00:00,1.68,1.1,2.14,1.34,4.63,3.86,5.48,4.13,4.75,3.96,5.63,4.24,4.85,4.04,5.74,4.32,53,61,60,60,-2.5,-2.4,-2.1,-1.9
2026-01-08 14:00:00,2.1,1.39,2.39,1.35,5.58,4.26,6.09,4.05,5.73,4.37,6.25,4.16,5.85,4.46,6.38,4.25,58,60,60,63,-2.3,-2.5,-1.8,-2.0
2026-01-08 15:00:00,1.88,1.37,2.6,1.29,5.29,4.24,6.36,3.71,5.43,4.35,6.53,3.81,5.54,4.44,6.66,3.89,59,60,59,67,-2.5,-2.5,-2.0,-1.9
2026-01-08 16:00:00,1.51,1.24,2.65,1.36,4.58,3.95,6.39,3.88,4.7,4.05,6.55,3.98,4.79,4.13,6.69,4.06,62,61,63,63,-2.9,-2.7,-2.4,-2.3
2026-01-08 17:00:00,1.45,1.51,2.7,1.76,4.25,4.27,6.32,4.69,4.36,4.39,6.49,4.81,4.45,4.48,6.62,4.91,63,61,65,61,-3.1,-2.9,-2.7,-2.5
2026-01-08 18:00:00,1.86,1.8,2.53,2.53,5.22,5.06,5.92,5.92,5.35,5.19,6.07,6.07,5.46,5.3,6.2,6.2,57,61,67,67,-3.0,-3.2,-3.1,-3.1
2026-01-08 19:00:00,1.82,1.91,2.98,2.6,5.22,5.39,6.34,5.94,5.35,5.53,6.5,6.09,5.46,5.64,6.64,6.22,60,61,70,69,-4.2,-3.6,-3.4,-3.2
2026-01-08 20:00:00,1.69,1.82,3.26,2.52,4.71,5.23,6.78,5.83,4.83,5.37,6.96,5.98,4.93,5.48,7.1,6.1,63,62,70,69,-4.6,-4.1,-3.4,-3.3
2026-01-08 21:00:00,1.74,1.83,3.46,2.51,4.89,5.12,7.03,5.82,5.01,5.25,7.21,5.97,5.12,5.36,7.36,6.09,61,63,71,68,-4.8,-4.3,-3.3,-3.5
2026-01-08 22:00:00,1.73,1.86,3.31,2.59,4.91,5.21,7.0,6.04,5.04,5.34,7.19,6.2,5.15,5.45,7.34,6.33,60,64,69,66,-4.9,-4.5,-3.4,-3.6
2026-01-08 23:00:00,1.91,1.94,2.96,2.47,5.5,5.45,6.71,6.02,5.64,5.59,6.88,6.17,5.76,5.71,7.02,6.3,60,63,67,65,-4.7,-4.7,-3.7,-3.7
2026-01-09 00:00:00,1.95,2.41,2.91,1.89,5.69,6.12,6.74,5.27,5.83,6.28,6.92,5.41,5.95,6.41,7.06,5.52,51,64,67,64,-4.9,-4.4,-3.9,-3.8
2026-01-09 01:00:00,1.91,2.4,2.86,1.71,5.46,6.1,6.65,4.86,5.6,6.26,6.82,4.99,5.72,6.39,6.96,5.09,57,62,65,62,-5.1,-4.5,-4.1,-4.2
2026-01-09 02:00:00,1.61,2.0,2.81,1.53,4.84,5.69,6.63,4.34,4.97,5.84,6.8,4.45,5.07,5.96,6.94,4.55,54,61,65,61,-5.4,-4.5,-4.4,-5.1
2026-01-09 03:00:00,1.03,1.61,2.95,1.39,4.27,4.69,6.52,4.01,4.38,4.81,6.69,4.12,4.48,4.91,6.82,4.2,46,55,64,61,-4.5,-4.1,-3.8,-4.1
2026-01-09 04:00:00,2.05,1.95,3.23,2.05,4.62,4.49,6.83,3.98,4.74,4.61,7.0,4.08,4.84,4.71,7.15,4.17,43,49,61,59,-2.3,-1.3,-0.8,-0.7
2026-01-09 05:00:00,2.35,2.42,3.48,2.23,3.99,3.68,5.62,3.52,4.09,3.77,5.77,3.61,4.18,3.85,5.89,3.68,39,39,56,53,-0.1,1.1,2.2,2.3
2026-01-09 06:00:00,3.76,3.63,4.03,2.92,5.05,4.76,5.52,3.72,5.18,4.88,5.67,3.82,5.29,4.98,5.79,3.9,31,43,49,43,2.3,3.0,3.8,3.8
2026-01-09 07:00:00,4.43,4.29,4.5,3.28,5.9,5.69,6.0,4.2,6.05,5.84,6.16,4.31,6.18,5.96,6.29,4.4,42,47,48,44,4.2,4.3,5.0,4.9
2026-01-09 08:00:00,4.72,4.65,4.45,3.02,6.17,6.27,6.03,3.93,6.33,6.44,6.19,4.04,6.46,6.57,6.32,4.12,45,46,45,42,4.6,5.0,5.5,5.2
2026-01-09 09:00:00,3.9,4.03,3.46,2.25,5.35,5.69,4.81,3.07,5.49,5.83,4.94,3.15,5.6,5.96,5.04,3.21,42,44,40,44,4.5,5.0,5.2,5.0
2026-01-09 10:00:00,2.06,2.41,1.6,0.76,4.02,4.69,3.56,1.96,4.12,4.81,3.66,2.01,4.21,4.91,3.73,2.05,39,48,40,63,3.6,3.9,4.0,3.9
2026-01-09 11:00:00,0.61,0.74,0.5,0.57,2.74,3.31,2.48,1.36,2.81,3.4,2.55,1.39,2.87,3.47,2.6,1.42,39,47,43,105,0.8,1.0,1.3,1.5
2026-01-09 12:00:00,2.14,0.39,0.55,0.51,5.22,2.45,3.03,1.22,5.36,2.51,3.11,1.25,5.47,2.56,3.17,1.28,53,46,62,90,-1.0,-0.1,-0.6,0.1
2026-01-09 13:00:00,2.22,0.64,0.65,0.11,5.58,2.8,3.07,1.1,5.73,2.87,3.15,1.12,5.85,2.93,3.22,1.15,58,50,63,58,-1.9,-0.6,-0.8,0.6
2026-01-09 14:00:00,1.92,0.96,1.12,0.29,5.32,3.38,3.79,1.75,5.46,3.47,3.89,1.79,5.57,3.54,3.97,1.83,64,57,62,60,-2.3,-0.9,-1.0,0.5
2026-01-09 15:00:00,1.75,1.08,1.45,0.41,5.03,3.51,4.17,2.16,5.17,3.6,4.27,2.22,5.27,3.68,4.36,2.27,64,61,66,67,-2.4,-1.2,-1.4,0.0
2026-01-09 16:00:00,1.85,1.35,1.57,0.55,5.1,3.9,4.28,2.46,5.23,4.0,4.39,2.53,5.34,4.09,4.48,2.58,64,62,66,65,-3.0,-1.8,-1.9,-0.7
2026-01-09 17:00:00,1.76,1.4,1.49,0.73,4.9,4.08,4.23,2.82,5.03,4.18,4.34,2.89,5.14,4.27,4.43,2.95,62,62,66,67,-3.5,-2.3,-2.5,-1.3
2026-01-09 18:00:00,2.01,1.71,1.5,0.63,5.52,4.82,4.23,2.68,5.66,4.94,4.34,2.75,5.78,5.04,4.43,2.81,61,63,66,65,-3.0,-2.7,-2.7,-1.9
2026-01-09 19:00:00,1.92,1.91,1.64,1.04,5.37,5.19,4.65,3.23,5.51,5.32,4.77,3.32,5.63,5.43,4.87,3.38,59,62,66,67,-4.0,-3.0,-2.8,-2.3
2026-01-09 20:00:00,1.75,1.87,1.87,1.31,5.02,5.17,5.13,3.69,5.15,5.3,5.26,3.79,5.25,5.41,5.37,3.87,61,62,66,67,-4.6,-3.4,-2.9,-2.7
2026-01-09 21:00:00,1.75,1.83,1.84,1.59,5.04,5.14,5.08,4.26,5.17,5.28,5.21,4.37,5.27,5.39,5.32,4.46,62,63,66,68,-4.8,-3.7,-3.2,-3.0
2026-01-09 22:00:00,2.11,1.84,1.86,1.77,5.67,5.14,4.97,4.78,5.82,5.28,5.1,4.9,5.94,5.39,5.21,5.01,61,63,66,67,-4.6,-3.9,-3.6,-3.3
2026-01-09 23:00:00,2.31,1.95,1.95,1.8,6.04,5.19,5.26,4.88,6.2,5.32,5.39,5.0,6.33,5.43,5.5,5.11,62,64,65,68,-4.4,-4.1,-3.9,-3.8
2026-01-10 00:00:00,1.69,1.95,1.89,1.89,4.71,5.3,5.23,5.1,4.83,5.43,5.37,5.23,4.93,5.55,5.48,5.34,64,64,65,65,-4.4,-4.3,-4.1,-4.0
2026-01-10 01:00:00,1.79,1.92,1.96,1.89,4.66,5.11,5.26,5.1,4.78,5.24,5.39,5.23,4.88,5.35,5.5,5.34,69,66,65,64,-5.4,-4.5,-4.3,-4.1
2026-01-10 02:00:00,2.05,1.88,2.0,2.03,5.26,5.02,5.32,5.47,5.4,5.15,5.46,5.61,5.51,5.26,5.57,5.73,67,67,65,63,-5.4,-4.6,-4.3,-4.1
2026-01-10 03:00:00,2.19,2.01,2.24,2.36,5.13,4.93,5.43,5.71,5.27,5.06,5.57,5.86,5.37,5.17,5.68,5.98,67,67,63,63,-4.4,-3.7,-3.4,-3.1
2026-01-10 04:00:00,2.88,2.5,2.93,3.05,5.89,5.22,6.02,6.15,6.04,5.35,6.18,6.31,6.17,5.46,6.31,6.44,66,66,61,62,-1.4,-0.7,-0.4,-0.2
2026-01-10 05:00:00,3.01,2.72,3.04,3.08,5.51,4.75,5.9,5.67,5.66,4.88,6.05,5.81,5.77,4.98,6.18,5.93,63,64,59,58,1.8,2.5,2.8,2.8
2026-01-10 06:00:00,3.82,3.51,3.65,3.61,5.4,4.83,4.92,5.02,5.54,4.95,5.05,5.15,5.65,5.05,5.16,5.26,50,57,54,54,3.9,4.2,4.3,4.3
2026-01-10 07:00:00,4.08,3.91,3.86,3.82,5.47,5.19,5.09,5.11,5.62,5.33,5.22,5.24,5.73,5.44,5.33,5.35,56,56,54,52,5.1,5.2,5.3,5.1
2026-01-10 08:00:00,3.9,3.86,3.69,3.69,5.27,5.19,5.0,4.96,5.4,5.33,5.13,5.09,5.51,5.44,5.24,5.2,59,58,55,55,5.5,5.7,5.8,5.7
2026-01-10 09:00:00,3.64,3.49,3.29,3.03,5.08,4.94,4.68,4.26,5.21,5.07,4.8,4.37,5.32,5.17,4.9,4.46,62,59,56,57,5.5,5.6,5.8,5.8
2026-01-10 10:00:00,3.09,2.66,2.48,2.4,5.41,4.82,4.63,4.38,5.55,4.94,4.75,4.5,5.66,5.05,4.85,4.59,64,66,66,66,4.4,4.5,4.7,4.5
2026-01-10 11:00:00,2.23,2.07,2.04,2.07,5.75,5.19,4.98,5.08,5.9,5.33,5.11,5.21,6.03,5.44,5.21,5.32,64,66,67,66,1.7,1.6,1.7,1.6
2026-01-10 12:00:00,2.7,2.38,2.45,2.26,6.87,6.07,6.07,5.63,7.05,6.23,6.23,5.77,7.19,6.36,6.36,5.89,65,67,67,65,0.6,0.3,0.5,0.2
2026-01-10 13:00:00,3.17,2.74,2.77,2.45,7.48,6.61,6.6,6.14,7.68,6.78,6.77,6.3,7.83,6.92,6.91,6.43,66,66,67,67,0.9,0.6,0.9,0.6
2026-01-10 14:00:00,3.19,2.83,2.82,2.39,7.46,6.78,6.78,6.2,7.66,6.95,6.95,6.36,7.81,7.1,7.1,6.49,66,68,68,69,0.8,0.6,0.9,0.6
2026-01-10 15:00:00,3.07,2.79,2.67,2.31,7.24,6.81,6.64,6.09,7.43,6.99,6.81,6.25,7.58,7.13,6.95,6.38,65,66,67,69,0.5,0.7,0.7,0.5
2026-01-10 16:00:00,2.87,2.63,2.48,2.25,7.04,6.63,6.41,5.95,7.23,6.8,6.58,6.1,7.37,6.94,6.71,6.23,65,65,65,68,0.2,0.5,0.4,0.4
2026-01-10 17:00:00,2.7,2.55,2.25,2.25,6.7,6.54,6.04,6.0,6.87,6.71,6.2,6.15,7.02,6.85,6.33,6.28,66,62,66,66,-0.4,0.0,0.0,0.0
2026-01-10 18:00:00,3.66,2.9,2.17,2.4,7.98,6.82,5.78,6.08,8.19,7.0,5.94,6.24,8.36,7.14,6.06,6.37,59,63,67,65,-1.2,-0.6,-0.5,-0.2
2026-01-10 19:00:00,3.3,3.2,2.38,2.51,7.86,7.35,6.04,6.15,8.06,7.54,6.19,6.31,8.23,7.7,6.32,6.44,60,61,64,66,-1.9,-1.2,-1.0,-0.8
2026-01-10 20:00:00,2.68,3.46,2.98,2.52,6.67,7.42,6.67,6.13,6.84,7.62,6.84,6.29,6.99,7.77,6.99,6.42,65,67,65,65,-2.4,-1.4,-1.3,-1.4
2026-01-10 21:00:00,3.01,3.05,3.3,2.77,7.06,7.11,7.22,6.39,7.25,7.3,7.4,6.55,7.4,7.45,7.56,6.69,62,60,62,64,-2.6,-1.6,-1.6,-1.6
2026-01-10 22:00:00,3.7,2.92,3.5,3.06,7.78,6.74,7.48,6.85,7.98,6.91,7.67,7.02,8.15,7.05,7.83,7.17,63,65,64,65,-1.9,-1.8,-1.7,-1.8
2026-01-10 23:00:00,3.82,2.79,3.35,3.15,7.87,6.41,7.48,7.06,8.07,6.58,7.67,7.25,8.24,6.71,7.83,7.4,64,65,62,63,-1.8,-2.1,-1.8,-1.8
2026-01-11 00:00:00,4.25,3.25,3.15,3.96,8.39,7.02,6.98,8.26,8.61,7.2,7.16,8.48,8.79,7.35,7.3,8.65,65,65,63,64,-1.1,-1.6,-1.6,-1.7
2026-01-11 01:00:00,3.51,3.25,3.0,3.75,7.76,7.11,6.89,7.9,7.96,7.29,7.07,8.11,8.13,7.44,7.21,8.28,63,64,62,67,-2.2,-1.3,-1.6,-1.7
2026-01-11 02:00:00,2.62,3.2,2.86,3.65,6.34,6.98,6.69,7.79,6.51,7.16,6.86,7.99,6.64,7.31,7.01,8.16,64,65,64,66,-2.7,-1.4,-2.1,-2.1
2026-01-11 03:00:00,2.79,3.16,2.91,4.0,6.18,6.52,6.3,7.89,6.34,6.69,6.46,8.1,6.47,6.83,6.6,8.26,66,66,64,68,-1.9,-1.1,-1.3,-1.3
2026-01-11 04:00:00,3.76,3.74,3.78,4.51,6.56,6.39,6.76,8.04,6.73,6.55,6.93,8.25,6.87,6.69,7.08,8.42,65,65,63,67,1.0,1.6,1.6,2.1
2026-01-11 05:00:00,3.6,3.49,3.79,4.37,7.68,7.65,8.0,9.12,7.88,7.85,8.21,9.35,8.04,8.01,8.38,9.55,66,65,62,65,4.3,4.9,4.7,5.1
2026-01-11 06:00:00,5.09,4.64,4.73,5.59,7.93,6.91,7.12,9.09,8.14,7.09,7.31,9.32,8.31,7.24,7.46,9.51,59,59,57,60,5.9,6.4,6.2,7.1
2026-01-11 07:00:00,5.5,5.24,5.28,5.65,8.0,7.61,7.75,8.77,8.21,7.81,7.95,9.0,8.38,7.97,8.11,9.18,57,56,56,59,6.7,7.4,7.3,8.0
2026-01-11 08:00:00,4.63,4.99,5.06,5.16,7.08,7.93,8.1,8.42,7.27,8.14,8.31,8.64,7.42,8.31,8.48,8.82,57,56,56,56,7.0,7.6,7.8,8.1
2026-01-11 09:00:00,3.92,4.24,4.4,4.39,6.89,8.42,8.76,8.67,7.07,8.63,8.99,8.89,7.22,8.81,9.17,9.08,57,59,57,58,6.8,7.0,7.3,7.3
2026-01-11 10:00:00,3.43,3.14,4.0,4.2,6.44,6.26,7.34,7.5,6.6,6.43,7.53,7.7,6.74,6.56,7.69,7.86,61,61,60,61,5.5,5.6,6.1,6.1
2026-01-11 11:00:00,2.35,2.33,2.87,3.2,5.89,5.98,6.41,6.85,6.04,6.13,6.57,7.03,6.17,6.26,6.71,7.18,61,61,64,67,4.1,4.1,4.5,4.3
2026-01-11 12:00:00,2.48,2.22,2.2,2.95,6.49,5.69,5.78,6.62,6.66,5.84,5.94,6.8,6.8,5.96,6.06,6.94,59,65,60,68,3.1,2.8,2.5,2.9
2026-01-11 13:00:00,2.06,2.17,2.1,2.37,5.38,5.71,5.52,6.06,5.52,5.86,5.66,6.22,5.63,5.98,5.78,6.35,68,61,65,61,2.4,2.4,2.4,1.5
2026-01-11 14:00:00,1.81,2.1,2.1,2.28,4.68,5.43,5.62,5.72,4.81,5.57,5.77,5.86,4.9,5.69,5.89,5.98,78,66,68,66,2.1,2.0,1.8,0.9
2026-01-11 15:00:00,2.0,2.02,2.01,2.02,4.51,5.05,5.13,5.47,4.63,5.18,5.27,5.62,4.72,5.29,5.37,5.73,84,77,72,65,2.2,1.6,1.2,0.4
2026-01-11 16:00:00,2.2,2.2,2.2,1.66,4.87,5.29,5.38,4.6,5.0,5.43,5.52,4.72,5.1,5.54,5.63,4.81,76,73,76,69,2.1,1.6,1.6,-0.1
2026-01-11 17:00:00,2.45,2.55,2.51,1.69,5.95,6.29,6.26,4.41,6.1,6.45,6.42,4.52,6.23,6.59,6.55,4.62,70,72,72,70,3.0,2.2,2.1,0.1
2026-01-11 18:00:00,2.62,2.89,3.04,1.79,6.21,6.58,7.15,4.86,6.37,6.75,7.33,4.99,6.5,6.89,7.49,5.09,72,71,64,66,2.6,3.0,2.5,0.0
2026-01-11 19:00:00,2.45,3.01,3.15,2.04,6.27,7.09,7.35,5.35,6.43,7.27,7.54,5.49,6.56,7.42,7.7,5.6,75,65,66,70,1.5,2.4,2.0,0.4
2026-01-11 20:00:00,1.6,2.82,3.0,2.43,4.38,6.97,7.22,6.05,4.49,7.15,7.41,6.2,4.58,7.3,7.57,6.33,82,67,67,67,1.0,2.1,1.4,0.5
2026-01-11 21:00:00,1.57,2.31,2.5,2.52,4.04,6.43,6.66,6.31,4.15,6.6,6.83,6.47,4.23,6.74,6.97,6.61,77,69,66,67,0.8,1.3,1.0,0.5
2026-01-11 22:00:00,1.76,2.02,2.41,2.6,3.84,5.39,6.41,6.63,3.94,5.53,6.58,6.8,4.02,5.65,6.71,6.94,82,84,72,66,0.5,1.0,0.8,0.4
2026-01-11 23:00:00,2.18,0.94,1.92,2.47,4.22,2.98,5.14,6.44,4.33,3.06,5.28,6.61,4.42,3.12,5.39,6.75,79,105,77,71,0.3,1.4,0.2,0.4
2026-01-12 00:00:00,0.95,0.65,1.06,2.03,2.24,1.59,2.5,4.9,2.3,1.63,2.57,5.02,2.35,1.66,2.62,5.13,89,135,123,84,1.4,2.0,1.5,0.5
2026-01-12 01:00:00,1.5,0.5,1.03,1.88,3.41,1.75,2.35,4.45,3.5,1.8,2.41,4.56,3.57,1.83,2.46,4.66,90,193,185,99,-0.3,2.5,2.3,1.0
2026-01-12 02:00:00,0.9,1.42,0.43,1.15,2.24,3.39,2.0,3.1,2.29,3.48,2.05,3.18,2.34,3.55,2.09,3.24,110,231,225,103,0.4,1.4,2.4,1.4
2026-01-12 03:00:00,0.29,1.87,1.5,0.72,1.03,4.08,3.34,1.82,1.06,4.18,3.43,1.87,1.08,4.27,3.5,1.91,135,245,223,164,0.8,1.4,2.1,2.5
2026-01-12 04:00:00,1.46,2.63,2.66,4.35,2.86,4.52,5.03,7.54,2.93,4.64,5.16,7.74,2.99,4.74,5.27,7.9,205,248,248,256,4.3,3.6,4.6,4.4
2026-01-12 05:00:00,1.61,2.62,2.58,4.1,3.18,5.25,5.33,6.0,3.27,5.39,5.47,6.16,3.33,5.5,5.58,6.29,245,243,252,247,7.0,6.5,6.1,4.7
2026-01-12 06:00:00,2.36,3.2,2.74,3.76,3.17,4.04,3.96,4.91,3.25,4.14,4.06,5.04,3.32,4.23,4.15,5.14,233,250,251,246,8.2,7.3,6.6,7.1
2026-01-12 07:00:00,1.82,4.1,3.39,4.8,2.36,5.42,4.55,6.93,2.43,5.56,4.67,7.11,2.48,5.67,4.76,7.25,256,259,251,263,9.6,8.3,8.4,7.7
2026-01-12 08:00:00,3.0,4.37,4.1,5.01,3.88,5.89,5.53,8.41,3.98,6.04,5.68,8.62,4.06,6.17,5.8,8.8,282,260,258,266,9.1,9.1,9.1,7.8
2026-01-12 09:00:00,3.77,4.87,4.8,5.83,6.26,6.81,7.07,9.8,6.42,6.99,7.25,10.05,6.55,7.13,7.4,10.26,245,257,270,270,7.3,9.0,8.8,7.7
2026-01-12 10:00:00,3.87,4.63,5.56,5.09,7.24,7.77,9.41,8.46,7.43,7.97,9.65,8.68,7.58,8.14,9.85,8.86,248,260,270,262,7.3,7.8,8.1,6.8
2026-01-12 11:00:00,3.69,3.8,4.78,3.26,7.4,7.35,9.12,6.74,7.59,7.54,9.35,6.91,7.75,7.7,9.55,7.06,257,259,272,256,6.3,6.4,6.5,6.0
2026-01-12 12:00:00,3.45,3.53,3.18,2.79,7.11,6.72,6.55,5.94,7.29,6.89,6.72,6.1,7.44,7.04,6.86,6.22,250,258,266,263,5.6,6.2,5.7,4.8
2026-01-12 13:00:00,3.47,2.83,3.51,2.05,6.94,5.58,6.39,4.27,7.13,5.73,6.55,4.38,7.27,5.85,6.69,4.47,265,258,258,263,5.4,5.3,5.3,3.9
2026-01-12 14:00:00,2.4,2.3,4.03,2.41,5.45,5.44,6.8,4.54,5.59,5.58,6.98,4.66,5.71,5.69,7.12,4.75,263,255,244,258,4.5,5.0,4.9,3.7
2026-01-12 15:00:00,2.61,2.14,3.73,3.87,5.57,5.06,6.63,7.31,5.71,5.19,6.8,7.5,5.83,5.3,6.94,7.66,256,263,245,258,4.1,4.6,5.0,3.1
2026-01-12 16:00:00,2.64,3.78,3.32,2.87,5.07,7.14,5.94,5.71,5.2,7.33,6.1,5.85,5.3,7.48,6.22,5.98,225,259,239,259,4.2,4.3,5.0,2.6
2026-01-12 17:00:00,1.95,4.71,2.61,3.03,4.53,8.09,5.47,5.42,4.65,8.3,5.61,5.56,4.75,8.47,5.73,5.68,249,251,242,237,3.8,4.0,4.4,2.1
2026-01-12 18:00:00,2.01,2.33,3.5,3.3,4.54,4.75,6.38,6.32,4.66,4.87,6.55,6.49,4.75,4.97,6.68,6.62,255,231,250,242,2.2,1.7,2.7,3.7
2026-01-12 19:00:00,2.01,1.58,2.5,2.78,4.26,3.34,4.22,5.17,4.37,3.43,4.33,5.3,4.46,3.5,4.42,5.41,239,236,231,218,3.0,0.8,2.4,2.7
2026-01-12 20:00:00,1.85,1.87,1.71,1.53,3.03,4.02,3.7,2.7,3.11,4.12,3.8,2.77,3.17,4.21,3.88,2.83,217,247,237,208,2.0,0.8,0.8,0.8
2026-01-12 21:00:00,0.86,2.12,1.94,0.25,1.45,3.86,4.43,1.64,1.49,3.96,4.55,1.68,1.52,4.04,4.64,1.71,250,233,255,307,0.1,0.8,0.8,-0.4
2026-01-12 22:00:00,1.93,1.35,2.12,0.93,1.93,2.57,4.58,0.88,1.98,2.63,4.7,0.9,2.03,2.69,4.79,0.92,221,237,251,161,-1.1,-0.3,0.9,0.3
2026-01-12 23:00:00,1.52,1.55,2.24,0.72,1.39,2.75,4.48,0.63,1.43,2.82,4.6,0.65,1.46,2.88,4.7,0.66,216,240,233,157,-1.9,-0.6,1.0,-0.6
2026-01-13 00:00:00,1.7,0.47,1.76,1.26,2.53,0.59,3.31,1.71,2.6,0.6,3.39,1.76,2.65,0.61,3.46,1.79,67,42,225,85,-1.8,-1.8,0.2,-1.4
2026-01-13 01:00:00,1.63,1.33,1.3,1.81,2.62,0.97,2.6,2.89,2.69,1.0,2.67,2.97,2.74,1.02,2.73,3.03,108,143,232,84,-1.1,-2.0,-0.4,-1.7
2026-01-13 02:00:00,1.45,1.19,0.76,2.02,2.07,0.77,1.45,3.96,2.12,0.79,1.49,4.06,2.17,0.81,1.52,4.14,98,125,222,80,-2.0,-2.6,-0.6,-1.1
2026-01-13 03:00:00,1.8,1.65,0.51,2.95,2.59,2.1,0.28,5.81,2.65,2.16,0.29,5.96,2.71,2.2,0.3,6.08,87,85,211,71,-1.2,-1.7,-0.1,-0.2
2026-01-13 04:00:00,2.02,2.51,0.76,3.8,2.75,3.76,0.9,6.77,2.82,3.86,0.92,6.95,2.88,3.93,0.94,7.09,97,87,41,75,2.5,1.8,2.0,2.2
2026-01-13 05:00:00,2.23,3.12,1.65,3.74,4.24,5.67,2.31,5.86,4.35,5.82,2.37,6.01,4.44,5.94,2.42,6.13,67,66,72,67,5.8,5.2,3.5,4.4
2026-01-13 06:00:00,4.15,4.24,3.15,3.08,5.43,5.58,4.43,4.19,5.58,5.73,4.55,4.3,5.69,5.85,4.64,4.39,56,56,57,54,6.0,5.7,5.1,4.0
2026-01-13 07:00:00,4.76,4.45,4.33,3.66,6.4,5.91,5.81,4.82,6.56,6.06,5.96,4.94,6.7,6.19,6.09,5.04,55,56,55,54,5.8,5.4,5.5,5.0
2026-01-13 08:00:00,4.85,4.33,4.3,4.0,6.62,5.81,5.83,5.31,6.79,5.96,5.98,5.45,6.93,6.09,6.1,5.56,53,55,54,57,6.1,5.8,5.7,6.0
2026-01-13 09:00:00,4.72,4.42,4.11,4.53,6.68,6.15,5.76,6.19,6.85,6.31,5.91,6.35,6.99,6.44,6.03,6.48,55,56,56,50,6.1,5.8,5.8,6.2
2026-01-13 10:00:00,4.65,4.12,4.01,4.54,7.65,6.86,6.53,7.36,7.85,7.03,6.7,7.55,8.01,7.18,6.84,7.71,56,58,57,54,5.4,4.9,5.0,5.3
2026-01-13 11:00:00,4.36,3.81,3.65,3.45,8.29,7.49,7.31,7.19,8.5,7.68,7.5,7.38,8.68,7.84,7.66,7.53,61,60,60,63,3.7,3.2,3.3,3.8
2026-01-13 12:00:00,5.01,4.51,3.31,3.97,9.38,8.78,7.35,8.0,9.62,9.01,7.54,8.21,9.82,9.2,7.69,8.38,68,63,63,61,2.3,2.2,1.8,2.3
2026-01-13 13:00:00,4.87,4.8,3.53,4.15,8.95,8.88,7.52,8.22,9.18,9.11,7.72,8.43,9.37,9.3,7.88,8.6,67,66,65,64,1.6,1.2,1.1,1.7
2026-01-13 14:00:00,4.32,4.41,3.62,4.23,7.98,8.2,7.36,8.12,8.19,8.41,7.55,8.33,8.36,8.59,7.71,8.5,72,71,67,67,0.5,0.3,0.3,0.8
2026-01-13 15:00:00,3.8,3.97,3.45,4.03,7.21,7.53,7.0,7.72,7.4,7.73,7.19,7.92,7.55,7.89,7.34,8.09,77,75,69,71,-0.2,-0.4,-0.6,0.3
2026-01-13 16:00:00,3.6,3.51,3.15,3.67,6.71,6.86,6.44,6.97,6.88,7.03,6.61,7.15,7.03,7.18,6.75,7.3,79,77,72,76,-0.4,-0.5,-1.0,-0.1
2026-01-13 17:00:00,3.3,3.16,2.85,3.36,6.14,6.1,5.9,6.27,6.3,6.26,6.05,6.43,6.43,6.39,6.18,6.56,83,79,75,85,-0.2,-0.4,-1.0,-0.2
2026-01-13 18:00:00,3.2,2.75,2.9,3.0,5.98,5.36,5.97,5.63,6.14,5.5,6.12,5.78,6.27,5.62,6.25,5.9,80,82,73,85,0.1,-0.5,-1.2,-0.5
2026-01-13 19:00:00,3.01,2.45,2.7,2.9,5.64,4.98,5.6,5.54,5.79,5.11,5.75,5.69,5.91,5.22,5.87,5.8,80,81,75,83,0.3,-0.4,-1.0,-0.4
2026-01-13 20:00:00,2.8,2.35,2.26,2.8,5.47,4.79,5.15,5.4,5.61,4.92,5.29,5.54,5.72,5.02,5.4,5.66,79,81,75,83,-0.1,-0.5,-1.4,-0.2
2026-01-13 21:00:00,2.5,2.13,2.01,2.7,5.47,4.37,4.83,5.34,5.61,4.48,4.96,5.48,5.73,4.58,5.06,5.6,71,83,75,84,-1.1,-0.8,-1.9,-0.5
2026-01-13 22:00:00,2.4,1.83,1.87,2.6,5.07,3.61,4.59,5.24,5.2,3.7,4.71,5.38,5.31,3.78,4.8,5.49,76,92,75,80,-1.2,-1.4,-2.1,-0.8
2026-01-13 23:00:00,1.93,1.76,1.85,2.55,4.36,3.17,4.49,5.54,4.47,3.25,4.61,5.69,4.57,3.32,4.7,5.81,76,88,75,75,-1.6,-1.8,-2.3,-1.5
2026-01-14 00:00:00,2.57,1.81,1.14,2.58,5.78,3.77,1.64,5.76,5.94,3.86,1.69,5.91,6.06,3.94,1.72,6.04,67,80,102,71,-2.1,-1.9,-2.8,-2.1
2026-01-14 01:00:00,2.47,1.45,1.03,2.42,6.0,3.18,1.39,5.63,6.15,3.27,1.43,5.77,6.28,3.33,1.46,5.89,66,79,144,71,-2.5,-2.7,-2.7,-2.1
2026-01-14 02:00:00,2.09,1.01,1.19,2.29,5.35,1.81,1.74,5.43,5.49,1.85,1.78,5.57,5.6,1.89,1.82,5.68,67,93,218,72,-2.8,-2.6,-2.6,-2.2
2026-01-14 03:00:00,1.3,0.85,1.31,2.48,3.69,1.0,2.13,4.99,3.79,1.03,2.19,5.12,3.87,1.05,2.23,5.23,67,113,259,73,-2.3,-2.4,-1.8,-1.3
2026-01-14 04:00:00,1.5,0.74,1.94,2.83,3.03,0.44,2.66,4.73,3.11,0.45,2.73,4.86,3.17,0.46,2.78,4.96,62,180,256,70,0.7,0.2,-0.3,0.9
2026-01-14 05:00:00,1.59,0.91,1.97,3.3,2.56,0.73,2.44,4.47,2.62,0.75,2.5,4.59,2.68,0.77,2.55,4.68,50,270,258,62,2.5,2.1,1.3,3.8
2026-01-14 06:00:00,2.42,0.83,1.87,0.74,3.03,0.81,2.16,0.94,3.11,0.83,2.22,0.96,3.17,0.84,2.27,0.98,33,295,278,51,3.8,3.5,2.8,3.7
2026-01-14 07:00:00,0.4,1.31,2.22,0.3,0.5,1.47,2.61,0.31,0.51,1.51,2.68,0.32,0.52,1.54,2.74,0.32,11,278,279,18,4.8,4.4,3.6,4.7
2026-01-14 08:00:00,1.2,2.2,2.55,1.08,1.32,2.54,3.07,1.27,1.36,2.6,3.15,1.3,1.39,2.66,3.22,1.32,264,267,272,254,5.9,4.9,4.0,5.7
2026-01-14 09:00:00,2.86,3.17,3.0,2.12,3.41,3.89,3.76,2.58,3.5,3.99,3.86,2.65,3.58,4.07,3.94,2.7,272,262,266,259,6.0,4.4,3.8,6.0
2026-01-14 10:00:00,3.15,3.16,2.91,2.3,4.25,4.28,3.83,3.61,4.36,4.39,3.93,3.71,4.45,4.48,4.01,3.78,267,255,263,267,4.3,3.3,3.0,4.9
2026-01-14 11:00:00,2.18,1.96,2.18,1.97,4.5,4.16,4.3,4.22,4.62,4.27,4.41,4.33,4.72,4.36,4.5,4.42,257,252,250,259,1.5,1.1,0.9,1.7
2026-01-14 12:00:00,2.28,1.86,2.49,2.55,5.01,4.28,5.43,5.27,5.14,4.39,5.57,5.41,5.25,4.48,5.68,5.52,254,246,243,238,-1.5,-1.0,-0.8,-0.5
2026-01-14 13:00:00,2.28,2.55,2.77,2.75,4.88,5.12,5.91,5.53,5.01,5.25,6.06,5.68,5.11,5.36,6.19,5.8,234,243,238,230,-2.0,-1.6,-1.3,-1.5
2026-01-14 14:00:00,2.46,3.02,2.62,2.38,5.45,5.93,5.98,5.42,5.59,6.08,6.14,5.56,5.71,6.21,6.27,5.68,243,243,240,237,-2.4,-2.3,-1.6,-1.9
2026-01-14 15:00:00,2.94,2.7,2.52,2.3,6.06,5.67,6.06,5.47,6.22,5.82,6.22,5.61,6.35,5.94,6.34,5.73,244,241,243,243,-3.1,-2.5,-2.1,-2.3
2026-01-14 16:00:00,2.94,2.69,2.66,2.37,5.88,5.72,6.23,5.57,6.03,5.87,6.4,5.71,6.16,5.99,6.53,5.83,235,240,244,240,-3.2,-2.8,-2.4,-2.7
2026-01-14 17:00:00,2.41,2.62,2.47,2.24,5.41,5.73,5.93,5.54,5.55,5.87,6.08,5.68,5.66,6.0,6.21,5.8,238,239,245,243,-3.8,-3.2,-2.8,-3.0
2026-01-14 18:00:00,2.11,1.95,2.42,2.09,4.84,4.69,5.67,5.12,4.97,4.81,5.82,5.26,5.07,4.91,5.94,5.36,241,242,251,245,-4.1,-3.7,-3.6,-3.4
2026-01-14 19:00:00,1.62,2.12,2.38,1.82,4.2,4.5,5.38,4.66,4.31,4.62,5.52,4.78,4.4,4.72,5.64,4.88,257,260,249,249,-4.8,-4.1,-4.6,-4.3
2026-01-14 20:00:00,1.86,2.07,1.77,1.46,4.54,4.21,4.45,4.02,4.66,4.32,4.56,4.13,4.75,4.4,4.66,4.21,267,243,245,259,-6.5,-5.1,-5.4,-5.3
2026-01-14 21:00:00,1.77,1.1,1.14,1.21,4.36,3.08,3.37,3.41,4.48,3.16,3.46,3.5,4.57,3.23,3.53,3.57,246,252,259,268,-7.2,-5.1,-6.1,-6.3
2026-01-14 22:00:00,1.8,1.69,1.01,0.7,4.08,3.12,2.8,2.3,4.19,3.2,2.87,2.36,4.27,3.27,2.93,2.41,241,272,263,265,-7.1,-5.4,-6.7,-7.2
2026-01-14 23:00:00,1.23,1.32,1.03,0.52,3.41,2.77,2.25,1.67,3.5,2.84,2.3,1.71,3.57,2.9,2.35,1.75,253,256,266,277,-7.2,-6.1,-7.1,-7.6
2026-01-15 00:00:00,0.86,0.93,1.01,0.32,1.28,2.06,2.14,1.41,1.31,2.11,2.2,1.45,1.34,2.15,2.24,1.48,313,256,258,268,-7.0,-6.0,-7.4,-8.6
2026-01-15 01:00:00,1.23,1.01,0.7,1.3,1.19,1.77,2.0,2.1,1.22,1.81,2.05,2.15,1.24,1.85,2.09,2.2,351,264,267,267,-7.0,-5.8,-7.6,-8.1
2026-01-15 02:00:00,1.39,1.0,1.91,1.46,1.81,1.36,3.46,2.41,1.86,1.4,3.55,2.47,1.9,1.43,3.62,2.52,336,270,268,263,-7.5,-5.6,-7.7,-8.4
2026-01-15 03:00:00,0.89,1.13,1.46,1.87,1.03,0.81,2.27,2.63,1.06,0.83,2.33,2.7,1.08,0.85,2.38,2.76,289,303,255,271,-7.7,-5.2,-6.8,-8.1
2026-01-15 04:00:00,1.21,1.92,1.59,1.81,1.14,2.04,1.81,2.05,1.17,2.09,1.86,2.1,1.19,2.14,1.89,2.14,290,310,284,282,-6.8,-5.0,-5.7,-7.0
2026-01-15 05:00:00,1.05,1.22,1.38,1.17,1.0,1.31,1.49,1.35,1.03,1.35,1.53,1.39,1.05,1.37,1.56,1.42,299,329,32,308,-5.4,-4.3,-4.4,-5.8
2026-01-15 06:00:00,1.0,1.14,2.23,1.06,1.14,1.05,2.64,1.07,1.17,1.08,2.71,1.1,1.19,1.1,2.76,1.12,10,338,25,357,-3.7,-4.8,-4.0,-4.7
2026-01-15 07:00:00,0.96,1.48,1.39,1.51,1.02,1.76,1.62,1.78,1.05,1.8,1.66,1.83,1.07,1.84,1.7,1.87,360,46,21,305,-2.5,-3.6,-3.3,-4.5
2026-01-15 08:00:00,1.48,3.15,0.9,1.16,1.8,3.95,1.05,1.46,1.84,4.05,1.08,1.5,1.88,4.14,1.1,1.53,347,39,68,240,-1.9,-2.1,-2.4,-4.5
2026-01-15 09:00:00,0.63,2.45,1.53,1.52,0.74,3.48,1.7,1.68,0.76,3.58,1.75,1.72,0.78,3.65,1.78,1.76,23,42,24,287,-1.3,-2.3,-1.6,-3.8
2026-01-15 10:00:00,0.46,2.53,1.05,1.93,0.59,3.92,1.23,2.47,0.6,4.02,1.26,2.53,0.61,4.11,1.29,2.58,355,55,34,279,-1.2,-1.7,-2.2,-3.9
2026-01-15 11:00:00,0.76,2.33,0.72,1.5,0.83,5.04,1.68,1.76,0.85,5.17,1.73,1.8,0.87,5.27,1.76,1.84,45,47,68,267,-1.5,-2.2,-2.8,-4.4
2026-01-15 12:00:00,1.03,0.5,2.47,1.5,2.41,1.42,2.3,1.52,2.47,1.45,2.36,1.56,2.52,1.48,2.41,1.6,36,27,249,277,-2.3,-3.4,-2.4,-5.0
2026-01-15 13:00:00,0.75,0.94,1.64,1.05,1.18,0.7,2.77,1.04,1.21,0.72,2.84,1.07,1.23,0.73,2.9,1.09,24,205,219,281,-2.6,-3.0,-1.8,-5.4
2026-01-15 14:00:00,1.68,1.6,0.45,1.13,1.38,1.9,0.53,1.33,1.41,1.95,0.54,1.36,1.44,1.99,0.55,1.39,278,283,56,216,-3.0,-2.3,-1.8,-5.1
2026-01-15 15:00:00,0.57,1.46,1.15,2.25,0.24,1.47,2.53,3.28,0.25,1.51,2.59,3.37,0.26,1.54,2.65,3.44,217,264,19,276,-3.1,-2.6,-2.8,-4.8
2026-01-15 16:00:00,1.66,1.17,0.5,1.5,2.18,1.44,0.84,2.91,2.23,1.48,0.86,2.99,2.28,1.51,0.88,3.05,304,294,10,249,-3.8,-3.1,-3.5,-4.9
2026-01-15 17:00:00,1.46,1.98,1.41,1.46,2.29,2.52,1.3,2.65,2.35,2.58,1.33,2.72,2.4,2.64,1.36,2.77,270,255,257,264,-4.8,-3.1,-3.9,-5.1
2026-01-15 18:00:00,1.71,2.36,1.72,1.46,1.26,2.74,1.73,2.31,1.29,2.81,1.77,2.37,1.32,2.87,1.81,2.42,234,274,320,252,-4.7,-3.5,-2.4,-5.0
2026-01-15 19:00:00,1.91,2.23,2.08,1.14,2.92,3.85,3.07,2.1,3.0,3.95,3.15,2.15,3.06,4.04,3.22,2.2,246,238,272,301,-5.0,-3.5,-3.0,-4.6
2026-01-15 20:00:00,1.74,2.09,2.71,2.01,4.0,3.63,4.64,3.09,4.1,3.72,4.76,3.17,4.19,3.8,4.86,3.23,271,255,253,286,-5.9,-3.6,-3.1,-4.8
2026-01-15 21:00:00,2.01,1.84,0.92,1.73,3.58,3.11,2.3,2.49,3.67,3.19,2.36,2.56,3.75,3.26,2.41,2.61,255,253,249,258,-5.8,-3.5,-3.4,-4.5
2026-01-15 22:00:00,1.33,2.33,1.15,1.75,2.4,3.87,2.24,2.44,2.46,3.98,2.3,2.5,2.51,4.06,2.35,2.55,283,264,272,271,-5.4,-4.0,-3.9,-4.3
2026-01-15 23:00:00,1.22,1.66,1.88,1.69,1.26,2.81,3.26,2.11,1.3,2.88,3.35,2.16,1.32,2.94,3.42,2.21,242,244,256,277,-5.8,-3.9,-3.6,-4.7
2026-01-16 00:00:00,1.52,1.66,1.86,1.66,2.27,3.14,3.41,2.7,2.33,3.23,3.49,2.77,2.37,3.29,3.57,2.83,279,251,261,253,-6.9,-4.1,-2.7,-4.2
2026-01-16 01:00:00,0.83,2.09,2.8,1.37,1.9,3.42,4.73,2.33,1.95,3.51,4.85,2.39,1.99,3.58,4.95,2.44,271,250,245,244,-7.6,-3.9,-2.7,-4.0
2026-01-16 02:00:00,1.77,2.51,3.3,1.73,3.06,3.92,4.9,2.81,3.14,4.02,5.02,2.88,3.2,4.11,5.13,2.94,239,235,227,262,-5.8,-3.9,-3.1,-4.2
2026-01-16 03:00:00,1.72,2.48,3.02,1.72,2.95,3.76,4.34,2.56,3.02,3.86,4.45,2.62,3.09,3.94,4.54,2.68,236,222,235,239,-5.0,-3.5,-3.2,-4.2
2026-01-16 04:00:00,2.05,2.04,3.29,1.68,2.83,2.75,4.43,2.16,2.9,2.82,4.55,2.22,2.96,2.88,4.64,2.27,259,233,240,247,-4.4,-3.1,-3.3,-3.6
2026-01-16 05:00:00,1.78,2.66,2.83,1.55,2.15,3.17,3.84,1.78,2.2,3.25,3.94,1.82,2.25,3.32,4.02,1.86,273,271,244,261,-4.0,-2.5,-3.3,-3.5
2026-01-16 06:00:00,1.46,2.35,3.18,2.99,1.63,2.9,4.22,3.83,1.68,2.97,4.33,3.93,1.71,3.04,4.42,4.01,253,253,251,248,-4.0,-3.1,-4.2,-3.3
2026-01-16 07:00:00,1.87,2.42,3.31,2.97,2.44,2.93,4.3,3.67,2.5,3.01,4.41,3.77,2.56,3.07,4.5,3.84,273,274,247,259,-3.8,-2.9,-3.7,-2.5
2026-01-16 08:00:00,2.71,2.36,3.14,3.2,3.61,2.82,4.14,3.95,3.71,2.89,4.25,4.05,3.79,2.95,4.33,4.14,274,280,258,269,-3.8,-2.9,-3.6,-1.5
2026-01-16 09:00:00,3.1,3.61,3.53,3.76,4.31,4.64,4.72,4.78,4.42,4.76,4.84,4.9,4.51,4.85,4.94,5.0,260,267,254,271,-3.9,-3.2,-3.5,-2.3
2026-01-16 10:00:00,3.17,3.39,4.16,3.96,4.56,4.3,5.77,5.12,4.68,4.41,5.92,5.25,4.77,4.5,6.04,5.36,245,252,254,269,-4.2,-3.5,-3.9,-2.7
2026-01-16 11:00:00,3.26,3.64,4.04,3.84,4.57,4.67,5.79,5.11,4.68,4.79,5.94,5.24,4.78,4.89,6.07,5.35,254,254,257,246,-4.6,-3.9,-4.3,-3.7
2026-01-16 12:00:00,4.16,4.23,3.46,3.55,5.76,5.68,4.92,4.75,5.91,5.82,5.05,4.87,6.03,5.94,5.16,4.97,238,247,249,265,-6.6,-5.1,-5.0,-4.6
2026-01-16 13:00:00,4.48,4.39,3.67,3.42,6.42,5.9,5.12,4.67,6.59,6.06,5.25,4.79,6.72,6.18,5.36,4.89,247,253,251,263,-7.5,-6.1,-6.1,-5.7
2026-01-16 14:00:00,4.98,4.75,4.25,3.37,7.03,6.39,5.92,4.48,7.22,6.56,6.07,4.59,7.36,6.69,6.2,4.69,247,246,247,235,-8.6,-7.2,-7.4,-6.7
2026-01-16 15:00:00,5.46,4.74,4.16,2.97,8.0,6.54,5.84,3.96,8.21,6.71,5.99,4.06,8.38,6.85,6.12,4.15,245,242,243,256,-9.8,-8.2,-8.2,-7.4
2026-01-16 16:00:00,6.22,5.36,4.29,3.6,9.05,7.31,5.94,4.76,9.29,7.5,6.09,4.88,9.48,7.66,6.22,4.98,246,249,240,246,-10.2,-8.9,-8.5,-8.2
2026-01-16 17:00:00,6.44,5.41,4.88,3.38,9.54,7.5,6.89,4.46,9.78,7.7,7.07,4.58,9.99,7.86,7.21,4.67,246,245,243,248,-11.0,-9.7,-9.5,-8.8
2026-01-16 18:00:00,6.96,6.17,5.51,3.99,9.96,8.72,7.74,5.57,10.22,8.94,7.94,5.71,10.43,9.13,8.1,5.83,242,247,244,240,-11.6,-10.3,-10.1,-9.5
2026-01-16 19:00:00,6.22,6.68,5.88,4.28,9.78,9.44,8.35,5.95,10.04,9.68,8.57,6.1,10.25,9.88,8.75,6.23,247,243,246,243,-12.0,-11.2,-11.1,-10.2
2026-01-16 20:00:00,6.09,6.76,5.73,4.22,10.6,9.94,8.29,5.97,10.88,10.2,8.51,6.13,11.1,10.41,8.69,6.25,252,250,250,243,-13.3,-12.0,-12.2,-11.1
2026-01-16 21:00:00,6.63,6.71,6.19,4.65,10.01,9.73,8.84,6.5,10.27,9.98,9.07,6.66,10.48,10.19,9.26,6.8,246,248,247,244,-13.7,-13.2,-13.1,-12.1
2026-01-16 22:00:00,6.15,7.14,7.2,4.79,9.66,10.63,10.33,6.67,9.91,10.9,10.6,6.85,10.12,11.13,10.82,6.99,245,249,250,250,-13.9,-14.1,-14.2,-13.0
2026-01-16 23:00:00,5.8,7.25,6.96,5.19,8.97,10.7,10.16,7.35,9.2,10.98,10.43,7.54,9.4,11.21,10.64,7.7,247,250,248,248,-14.6,-14.6,-14.9,-14.2
2026-01-17 00:00:00,6.91,7.07,7.65,6.78,10.5,10.34,11.38,9.87,10.77,10.6,11.67,10.12,10.99,10.82,11.91,10.33,250,248,247,247,-15.7,-15.5,-15.7,-16.0
2026-01-17 01:00:00,6.26,7.2,7.54,6.4,9.12,10.08,11.04,9.43,9.36,10.34,11.33,9.68,9.55,10.55,11.56,9.88,251,245,248,247,-16.0,-15.7,-15.6,-16.3
2026-01-17 02:00:00,6.12,6.93,7.27,6.35,8.74,9.96,10.65,9.31,8.97,10.22,10.93,9.55,9.15,10.43,11.16,9.75,242,247,247,248,-16.4,-16.0,-16.0,-16.8
2026-01-17 03:00:00,4.86,6.53,6.89,5.97,7.13,9.74,10.16,8.51,7.31,9.99,10.43,8.73,7.46,10.2,10.64,8.91,244,247,246,248,-16.1,-16.3,-16.2,-17.3
2026-01-17 04:00:00,4.23,6.04,6.35,5.3,5.88,8.7,9.15,7.28,6.04,8.92,9.39,7.47,6.16,9.11,9.58,7.62,243,244,247,245,-15.7,-16.1,-15.6,-17.3
2026-01-17 05:00:00,3.7,5.03,5.66,4.63,4.91,7.01,7.99,5.96,5.04,7.19,8.19,6.11,5.14,7.34,8.36,6.24,246,247,246,246,-14.7,-15.3,-15.2,-16.3
2026-01-17 06:00:00,3.18,4.22,5.3,4.37,3.99,5.68,7.24,5.87,4.09,5.83,7.43,6.02,4.18,5.95,7.59,6.15,243,248,246,246,-14.8,-14.5,-14.1,-15.9
2026-01-17 07:00:00,2.47,3.67,4.7,3.78,3.13,4.84,6.15,5.02,3.21,4.96,6.31,5.15,3.27,5.07,6.45,5.26,259,251,249,252,-14.3,-13.9,-13.3,-14.8
2026-01-17 08:00:00,2.21,3.22,3.64,3.26,2.78,4.26,4.58,4.35,2.85,4.37,4.7,4.47,2.91,4.46,4.8,4.56,271,257,253,248,-13.3,-13.4,-12.8,-14.6
2026-01-17 09:00:00,2.3,2.68,3.17,2.9,2.97,3.59,3.88,3.81,3.05,3.69,3.98,3.91,3.11,3.76,4.06,3.99,271,254,255,254,-12.5,-13.5,-12.3,-14.4
2026-01-17 10:00:00,2.05,2.06,2.71,1.94,2.88,2.97,3.3,2.81,2.95,3.05,3.39,2.89,3.01,3.11,3.46,2.95,270,260,262,256,-13.0,-13.4,-12.7,-14.4
2026-01-17 11:00:00,1.4,2.0,2.46,1.55,2.41,2.84,2.96,2.39,2.47,2.91,3.04,2.45,2.52,2.97,3.1,2.5,263,265,261,250,-13.3,-13.9,-13.3,-14.5
2026-01-17 12:00:00,2.4,1.97,2.0,1.82,2.99,2.38,2.32,2.13,3.07,2.44,2.38,2.18,3.13,2.49,2.43,2.23,258,259,262,254,-14.6,-14.7,-13.9,-13.0
2026-01-17 13:00:00,1.93,1.39,1.51,1.41,2.81,2.03,1.7,1.53,2.89,2.08,1.75,1.57,2.94,2.12,1.78,1.6,261,246,257,261,-14.9,-15.0,-14.3,-12.9
2026-01-17 14:00:00,2.02,1.75,1.52,1.3,2.61,2.62,1.66,1.35,2.68,2.69,1.71,1.39,2.74,2.74,1.74,1.42,256,241,238,244,-14.9,-15.1,-14.3,-13.2
2026-01-17 15:00:00,1.44,1.72,1.61,1.1,2.12,2.83,2.0,1.22,2.17,2.91,2.06,1.25,2.22,2.97,2.1,1.28,255,243,252,268,-15.5,-15.1,-14.3,-13.5
2026-01-17 16:00:00,1.2,1.78,1.48,1.2,2.04,2.4,1.82,1.41,2.09,2.46,1.87,1.44,2.13,2.51,1.91,1.47,222,241,262,284,-16.2,-15.0,-14.4,-13.6
2026-01-17 17:00:00,1.01,1.53,1.32,0.67,1.8,2.07,1.51,0.72,1.84,2.12,1.55,0.74,1.88,2.17,1.58,0.76,257,255,268,290,-16.3,-15.3,-14.2,-13.6
2026-01-17 18:00:00,1.39,0.87,0.97,0.99,1.42,1.36,1.07,1.07,1.46,1.39,1.1,1.1,1.49,1.42,1.12,1.12,218,255,294,317,-16.4,-15.5,-14.5,-14.0
2026-01-17 19:00:00,1.16,1.05,1.35,1.52,0.99,1.22,1.55,1.76,1.01,1.25,1.59,1.8,1.03,1.28,1.62,1.84,261,307,316,326,-16.4,-15.6,-14.9,-14.6
2026-01-17 20:00:00,0.5,1.18,1.2,1.32,0.42,1.3,1.22,1.38,0.43,1.33,1.25,1.42,0.44,1.36,1.28,1.45,144,304,286,318,-16.0,-15.8,-15.3,-14.7
2026-01-17 21:00:00,0.7,0.61,0.76,0.82,0.69,0.39,0.63,0.79,0.71,0.4,0.65,0.81,0.72,0.41,0.66,0.82,352,300,293,330,-15.6,-15.7,-15.4,-14.8
2026-01-17 22:00:00,0.6,0.4,0.76,0.71,0.26,0.3,0.59,0.38,0.27,0.3,0.61,0.39,0.27,0.31,0.62,0.4,22,351,325,320,-15.9,-15.6,-15.6,-15.1
2026-01-17 23:00:00,0.32,0.29,0.65,0.5,1.24,0.29,0.5,0.21,1.27,0.3,0.51,0.21,1.3,0.31,0.53,0.22,79,90,331,315,-15.5,-15.5,-15.8,-15.4
2026-01-18 00:00:00,1.98,0.11,0.29,1.1,3.59,0.96,1.13,1.66,3.68,0.99,1.15,1.71,3.76,1.01,1.18,1.74,53,30,18,302,-15.6,-16.5,-15.8,-16.1
2026-01-18 01:00:00,2.33,0.11,0.25,0.86,4.62,1.63,1.31,0.88,4.74,1.67,1.35,0.9,4.84,1.71,1.37,0.92,52,39,22,304,-15.3,-15.7,-15.5,-15.9
2026-01-18 02:00:00,2.3,0.22,0.47,0.75,5.03,1.27,0.97,0.72,5.16,1.3,1.0,0.74,5.27,1.33,1.02,0.75,52,32,37,332,-14.9,-15.4,-15.1,-15.3
2026-01-18 03:00:00,2.37,0.36,0.14,0.32,4.93,1.14,1.33,0.24,5.06,1.17,1.36,0.25,5.17,1.2,1.39,0.26,52,40,54,90,-14.0,-14.9,-14.5,-15.1
2026-01-18 04:00:00,2.14,1.01,0.99,0.54,5.53,1.74,1.97,0.87,5.67,1.78,2.02,0.89,5.79,1.82,2.07,0.91,53,38,57,38,-13.3,-13.9,-13.8,-14.3
2026-01-18 05:00:00,2.88,1.39,1.83,0.76,4.48,1.91,2.59,1.16,4.6,1.96,2.65,1.19,4.69,2.0,2.71,1.21,45,38,43,28,-12.6,-13.0,-12.9,-13.8
2026-01-18 06:00:00,4.56,2.12,3.3,1.05,6.26,3.04,4.72,1.42,6.42,3.12,4.84,1.45,6.55,3.18,4.94,1.48,50,41,45,41,-10.8,-11.8,-11.1,-12.1
2026-01-18 07:00:00,4.14,2.85,3.89,1.56,5.93,4.17,5.62,2.1,6.08,4.28,5.77,2.16,6.21,4.37,5.89,2.2,47,43,47,46,-10.3,-9.3,-9.9,-11.1
2026-01-18 08:00:00,3.89,3.05,4.07,1.88,5.53,4.62,5.87,2.59,5.67,4.74,6.03,2.65,5.79,4.84,6.15,2.71,49,45,49,47,-9.6,-7.8,-8.4,-9.8
2026-01-18 09:00:00,3.15,2.9,3.78,1.66,4.54,4.55,5.77,2.97,4.66,4.67,5.92,3.04,4.76,4.77,6.04,3.11,52,47,49,48,-9.3,-7.2,-7.9,-8.3
2026-01-18 10:00:00,2.51,2.58,3.34,1.7,3.92,4.38,5.41,3.31,4.02,4.49,5.55,3.39,4.1,4.59,5.67,3.46,52,47,45,45,-9.2,-7.2,-8.4,-7.5
2026-01-18 11:00:00,1.43,2.7,2.38,2.23,3.07,4.21,5.21,3.86,3.15,4.32,5.34,3.96,3.21,4.4,5.45,4.04,57,47,48,47,-9.3,-7.9,-8.9,-8.1
2026-01-18 12:00:00,2.3,1.3,1.77,2.23,4.08,3.99,4.73,5.57,4.18,4.09,4.85,5.71,4.27,4.18,4.95,5.83,65,62,53,50,-9.3,-10.4,-10.6,-9.0
2026-01-18 13:00:00,2.04,0.85,1.72,1.88,4.77,3.21,4.59,5.0,4.9,3.3,4.71,5.13,5.0,3.36,4.81,5.24,63,68,59,57,-10.0,-11.2,-10.9,-10.4
2026-01-18 14:00:00,2.36,0.91,1.79,1.86,5.78,3.42,4.71,4.92,5.93,3.51,4.83,5.05,6.05,3.58,4.93,5.16,62,64,58,58,-11.0,-11.0,-11.1,-10.5
2026-01-18 15:00:00,2.41,1.64,1.86,1.96,5.95,3.99,4.81,5.09,6.1,4.1,4.93,5.22,6.23,4.18,5.03,5.33,63,66,60,60,-11.3,-11.3,-11.4,-11.8
2026-01-18 16:00:00,2.51,1.91,2.0,2.15,6.26,4.73,5.08,5.53,6.42,4.85,5.22,5.67,6.55,4.95,5.32,5.79,62,65,58,57,-11.6,-11.3,-11.5,-10.9
2026-01-18 17:00:00,2.77,2.2,2.36,2.19,6.64,5.47,5.77,5.57,6.81,5.61,5.92,5.71,6.95,5.73,6.04,5.83,60,62,57,57,-11.0,-11.0,-11.5,-10.7
2026-01-18 18:00:00,3.5,2.44,2.43,2.42,7.09,5.98,5.91,5.87,7.27,6.14,6.06,6.02,7.43,6.27,6.19,6.14,61,60,56,56,-11.0,-10.8,-11.3,-11.2
2026-01-18 19:00:00,3.07,2.59,2.49,2.4,6.87,6.1,6.0,5.78,7.05,6.25,6.16,5.93,7.19,6.38,6.28,6.05,58,57,56,58,-11.6,-10.7,-11.7,-11.3
2026-01-18 20:00:00,2.85,2.93,2.59,2.43,6.56,6.54,6.06,5.74,6.73,6.71,6.21,5.89,6.87,6.85,6.34,6.01,59,57,57,61,-11.8,-10.6,-11.4,-11.4
2026-01-18 21:00:00,3.2,3.05,2.76,2.58,6.85,6.62,6.26,5.67,7.02,6.8,6.42,5.81,7.17,6.94,6.56,5.94,59,57,58,65,-11.9,-10.6,-11.7,-11.1
2026-01-18 22:00:00,3.54,3.25,2.93,2.88,7.0,6.76,6.3,5.84,7.18,6.94,6.47,6.0,7.33,7.08,6.6,6.12,61,58,61,65,-11.5,-10.7,-11.5,-10.7
2026-01-18 23:00:00,4.0,3.36,3.15,3.18,7.3,6.74,6.34,6.06,7.49,6.91,6.51,6.22,7.65,7.05,6.64,6.35,63,62,63,64,-11.4,-10.6,-11.0,-10.4
2026-01-19 00:00:00,4.9,3.56,3.91,3.36,7.81,6.73,6.91,6.47,8.01,6.91,7.09,6.64,8.18,7.05,7.24,6.78,61,64,62,63,-11.2,-10.7,-10.2,-10.3
2026-01-19 01:00:00,4.45,3.72,3.98,3.51,8.0,6.87,7.04,6.76,8.21,7.04,7.23,6.94,8.38,7.19,7.38,7.08,63,63,61,62,-11.4,-10.6,-10.2,-10.5
2026-01-19 02:00:00,3.96,3.64,4.04,3.62,7.63,6.95,7.13,6.98,7.83,7.14,7.31,7.16,7.99,7.28,7.47,7.3,63,62,62,63,-11.7,-10.7,-10.4,-10.5
2026-01-19 03:00:00,3.99,3.57,4.07,3.64,7.17,6.78,6.87,6.8,7.36,6.95,7.04,6.98,7.51,7.1,7.19,7.12,64,63,63,65,-10.8,-10.3,-9.9,-9.9
2026-01-19 04:00:00,3.69,3.15,3.95,3.04,7.83,7.63,7.2,7.37,8.03,7.83,7.39,7.56,8.2,7.99,7.54,7.72,62,63,61,65,-9.9,-8.8,-7.9,-8.5
2026-01-19 05:00:00,4.14,3.89,4.89,3.77,8.77,7.69,7.08,6.46,9.0,7.89,7.26,6.63,9.19,8.05,7.41,6.77,57,56,54,56,-8.7,-7.1,-5.9,-6.7
2026-01-19 06:00:00,5.66,4.46,5.94,4.77,9.68,7.79,8.0,7.55,9.93,7.99,8.21,7.75,10.14,8.15,8.38,7.91,55,50,51,51,-6.8,-5.6,-3.8,-5.1
2026-01-19 07:00:00,5.07,5.2,6.44,5.3,8.84,8.28,8.47,8.18,9.07,8.49,8.69,8.4,9.26,8.67,8.87,8.57,49,47,49,49,-6.3,-4.3,-2.8,-4.4
2026-01-19 08:00:00,4.9,5.2,6.47,5.48,7.96,8.24,8.51,8.46,8.17,8.45,8.73,8.68,8.34,8.63,8.91,8.86,44,47,50,49,-4.9,-3.3,-1.6,-2.7
2026-01-19 09:00:00,4.23,4.75,6.12,5.13,7.48,7.76,8.16,8.06,7.67,7.96,8.37,8.27,7.83,8.12,8.55,8.44,44,46,50,50,-4.2,-2.6,-1.3,-2.1
2026-01-19 10:00:00,3.91,3.88,5.45,4.53,8.11,7.55,7.45,7.8,8.32,7.74,7.64,8.0,8.5,7.91,7.8,8.17,51,46,48,48,-4.9,-3.4,-1.6,-3.2
2026-01-19 11:00:00,3.36,3.22,4.43,4.35,7.12,7.02,7.78,7.71,7.3,7.2,7.98,7.91,7.45,7.35,8.15,8.07,54,52,50,52,-5.8,-4.8,-3.2,-3.9
2026-01-19 12:00:00,3.29,2.31,3.22,3.15,6.83,5.95,6.89,7.07,7.01,6.11,7.07,7.26,7.15,6.23,7.22,7.41,61,58,57,58,-7.0,-6.6,-5.1,-5.9
2026-01-19 13:00:00,2.42,2.03,2.29,2.42,5.97,5.1,5.62,6.0,6.13,5.24,5.77,6.15,6.26,5.34,5.89,6.28,62,61,62,61,-7.7,-8.4,-6.3,-6.9
2026-01-19 14:00:00,2.22,1.73,2.11,2.33,5.75,4.54,5.1,5.78,5.9,4.66,5.23,5.93,6.03,4.75,5.34,6.05,64,66,65,63,-7.8,-8.0,-7.2,-8.1
2026-01-19 15:00:00,1.81,1.35,2.05,2.2,4.74,3.87,4.92,5.48,4.86,3.97,5.05,5.62,4.96,4.06,5.16,5.74,66,69,69,66,-8.4,-8.3,-7.6,-7.9
2026-01-19 16:00:00,1.3,1.17,1.78,1.91,3.92,3.3,4.27,4.98,4.02,3.38,4.38,5.11,4.1,3.45,4.47,5.21,69,71,71,67,-8.8,-9.4,-7.8,-8.5
2026-01-19 17:00:00,1.32,1.11,1.5,1.69,3.81,2.68,3.67,4.6,3.91,2.75,3.76,4.72,3.99,2.81,3.84,4.82,69,74,73,64,-9.4,-9.1,-7.9,-9.0
2026-01-19 18:00:00,1.47,1.15,1.43,1.61,3.8,2.93,3.65,4.21,3.9,3.01,3.74,4.32,3.98,3.07,3.82,4.41,67,69,67,66,-10.0,-9.5,-8.8,-9.4
2026-01-19 19:00:00,1.49,1.1,1.46,1.65,4.01,2.99,3.84,4.45,4.11,3.07,3.94,4.56,4.2,3.13,4.02,4.66,63,66,64,65,-11.9,-9.5,-9.0,-9.5
2026-01-19 20:00:00,1.37,0.9,1.49,1.74,3.7,2.94,4.01,4.69,3.79,3.02,4.12,4.81,3.87,3.08,4.2,4.91,72,66,66,65,-11.5,-9.2,-9.0,-10.0
2026-01-19 21:00:00,1.61,0.8,1.41,1.87,3.89,2.73,3.95,4.86,3.99,2.8,4.05,4.99,4.08,2.86,4.14,5.09,68,66,66,64,-10.1,-9.2,-8.9,-9.5
2026-01-19 22:00:00,1.9,0.51,1.43,2.0,4.8,2.02,3.93,5.1,4.92,2.07,4.03,5.23,5.03,2.11,4.11,5.34,66,70,67,64,-10.9,-8.9,-8.8,-9.6
2026-01-19 23:00:00,1.96,0.51,1.27,2.41,4.83,1.37,3.44,5.34,4.95,1.4,3.53,5.48,5.05,1.43,3.6,5.59,70,86,69,63,-10.5,-8.4,-9.0,-9.2
2026-01-20 00:00:00,1.66,1.01,1.4,2.06,4.32,2.05,3.45,4.86,4.43,2.1,3.54,4.99,4.52,2.15,3.62,5.09,72,72,74,64,-10.1,-9.1,-9.3,-8.6
2026-01-20 01:00:00,0.6,0.51,1.39,1.9,2.99,1.54,3.29,4.73,3.07,1.58,3.37,4.85,3.13,1.61,3.44,4.95,66,79,78,65,-10.5,-9.1,-8.4,-9.0
2026-01-20 02:00:00,0.18,0.28,1.38,1.65,1.22,0.98,2.91,4.37,1.25,1.0,2.98,4.48,1.28,1.02,3.05,4.58,92,87,81,68,-10.4,-8.8,-8.5,-9.4
2026-01-20 03:00:00,0.16,0.39,0.47,2.26,0.59,0.68,1.28,4.61,0.6,0.7,1.31,4.73,0.62,0.72,1.34,4.82,66,356,108,67,-10.0,-8.8,-7.5,-8.5
2026-01-20 04:00:00,0.35,0.25,0.15,2.62,0.79,0.25,0.35,5.49,0.81,0.25,0.36,5.63,0.82,0.26,0.37,5.75,68,259,196,64,-9.2,-8.6,-7.1,-6.2
2026-01-20 05:00:00,0.75,0.78,0.36,3.08,0.87,1.51,1.0,4.26,0.89,1.55,1.03,4.37,0.91,1.59,1.05,4.46,322,266,247,57,-7.5,-6.3,-6.1,-4.3
2026-01-20 06:00:00,1.49,1.45,0.91,0.39,1.74,2.54,1.76,0.72,1.79,2.61,1.8,0.74,1.83,2.66,1.84,0.76,243,266,267,228,-5.9,-4.9,-4.3,-4.9
2026-01-20 07:00:00,1.12,1.42,1.16,1.32,2.0,2.55,2.13,1.77,2.05,2.61,2.18,1.81,2.09,2.67,2.23,1.85,269,275,254,231,-4.6,-4.5,-3.7,-3.7
2026-01-20 08:00:00,2.14,1.49,1.54,1.25,3.48,2.72,2.88,1.68,3.57,2.79,2.96,1.72,3.64,2.84,3.02,1.76,276,279,251,240,-4.0,-3.3,-2.7,-2.5
2026-01-20 09:00:00,1.45,1.3,1.31,1.63,2.89,2.5,2.61,2.14,2.96,2.57,2.68,2.2,3.02,2.62,2.74,2.24,258,263,256,229,-3.6,-3.1,-2.2,-2.2
2026-01-20 10:00:00,0.9,1.17,1.35,1.48,1.97,2.24,2.6,1.97,2.03,2.3,2.67,2.02,2.07,2.35,2.72,2.06,254,270,283,222,-3.9,-3.5,-2.6,-1.7
2026-01-20 11:00:00,0.53,0.88,1.48,0.93,1.66,2.33,3.39,2.05,1.7,2.39,3.48,2.1,1.74,2.44,3.55,2.14,270,299,286,270,-6.3,-5.3,-4.4,-2.8
2026-01-20 12:00:00,0.32,0.51,0.39,0.38,1.46,1.94,2.07,1.81,1.5,1.99,2.12,1.86,1.53,2.03,2.17,1.89,268,295,313,275,-7.8,-7.8,-7.1,-5.2
2026-01-20 13:00:00,0.14,0.22,0.14,0.25,0.33,1.4,1.42,1.25,0.34,1.43,1.46,1.29,0.34,1.46,1.49,1.31,333,299,344,283,-8.7,-8.5,-7.9,-6.2
2026-01-20 14:00:00,0.22,0.11,0.3,0.14,1.27,1.02,1.68,1.13,1.3,1.04,1.73,1.16,1.32,1.07,1.76,1.18,16,343,22,353,-8.7,-8.7,-8.2,-6.3
2026-01-20 15:00:00,0.25,0.45,0.5,0.4,0.92,1.57,2.35,1.49,0.94,1.61,2.41,1.53,0.96,1.65,2.46,1.56,58,30,42,32,-8.8,-8.9,-8.2,-6.4
2026-01-20 16:00:00,1.01,1.0,0.86,0.85,3.01,2.8,3.03,2.31,3.09,2.87,3.11,2.37,3.16,2.93,3.17,2.42,56,55,53,48,-9.2,-9.0,-7.9,-6.5
2026-01-20 17:00:00,2.05,1.8,1.45,1.6,5.19,4.48,4.2,3.84,5.33,4.6,4.31,3.94,5.44,4.69,4.4,4.02,61,59,58,54,-10.1,-9.4,-9.2,-7.4
2026-01-20 18:00:00,2.67,1.85,2.01,1.51,6.22,4.49,5.31,3.37,6.38,4.61,5.45,3.45,6.51,4.7,5.56,3.52,56,58,60,56,-9.3,-9.9,-9.9,-8.2
2026-01-20 19:00:00,3.16,2.26,2.0,1.81,6.99,5.92,5.46,4.76,7.17,6.07,5.6,4.88,7.32,6.2,5.72,4.98,60,60,60,61,-10.1,-9.8,-9.3,-8.7
2026-01-20 20:00:00,3.55,2.66,2.25,2.2,7.41,6.42,5.9,5.53,7.6,6.59,6.05,5.68,7.75,6.72,6.18,5.79,60,60,59,59,-10.1,-9.9,-9.4,-8.7
2026-01-20 21:00:00,4.0,3.13,2.76,2.45,8.05,7.08,6.68,5.94,8.26,7.26,6.85,6.1,8.43,7.41,6.99,6.22,59,59,60,59,-10.0,-10.1,-9.4,-9.0
2026-01-20 22:00:00,4.28,3.76,3.44,3.01,8.36,7.79,7.28,6.7,8.58,7.99,7.47,6.88,8.75,8.16,7.63,7.02,58,60,61,60,-10.1,-10.0,-9.5,-9.3
2026-01-20 23:00:00,4.55,4.38,3.9,3.49,8.61,8.39,7.78,7.28,8.84,8.61,7.98,7.47,9.02,8.79,8.15,7.63,62,63,64,61,-10.1,-10.1,-9.6,-9.4
2026-01-21 00:00:00,4.96,4.49,4.72,3.93,8.72,8.54,8.86,7.96,8.95,8.77,9.09,8.17,9.13,8.95,9.28,8.34,65,64,67,61,-9.9,-10.2,-9.3,-9.5
2026-01-21 01:00:00,4.65,4.45,4.52,4.16,8.51,8.49,8.56,8.17,8.73,8.71,8.78,8.39,8.91,8.89,8.97,8.56,68,66,67,64,-9.8,-10.0,-9.1,-9.6
2026-01-21 02:00:00,4.4,4.54,4.61,4.47,8.22,8.68,8.66,8.49,8.43,8.91,8.89,8.71,8.61,9.09,9.07,8.89,68,65,66,66,-9.6,-9.6,-9.0,-9.5
2026-01-21 03:00:00,4.46,4.51,4.54,4.52,8.44,8.64,8.58,8.54,8.66,8.86,8.8,8.76,8.84,9.04,8.99,8.94,66,65,67,67,-9.1,-8.9,-8.3,-8.5
2026-01-21 04:00:00,4.63,4.52,4.34,4.2,8.7,8.49,8.85,9.09,8.92,8.71,9.08,9.33,9.11,8.89,9.27,9.52,64,66,65,65,-6.9,-6.8,-6.3,-6.0
2026-01-21 05:00:00,5.03,4.86,4.37,4.87,10.26,9.77,9.16,8.9,10.53,10.02,9.4,9.13,10.75,10.23,9.6,9.32,60,61,61,59,-5.0,-5.2,-4.1,-3.8
2026-01-21 06:00:00,6.4,5.03,5.12,5.6,10.59,10.6,8.94,9.45,10.86,10.88,9.17,9.7,11.08,11.1,9.36,9.9,57,58,54,53,-3.1,-3.4,-2.6,-2.2
2026-01-21 07:00:00,5.39,5.52,5.77,6.05,9.51,9.68,9.43,9.47,9.76,9.93,9.67,9.72,9.96,10.14,9.88,9.92,54,52,51,50,-2.4,-1.5,-1.0,-1.0
2026-01-21 08:00:00,5.21,6.29,6.1,5.34,9.32,9.89,10.44,8.59,9.56,10.15,10.71,8.81,9.76,10.36,10.93,8.99,54,53,53,48,-1.0,-0.4,0.2,-0.4
2026-01-21 09:00:00,5.14,5.7,5.88,4.42,9.4,9.69,9.59,7.57,9.64,9.95,9.83,7.77,9.84,10.15,10.04,7.93,53,55,55,49,-0.3,0.2,0.6,0.3
2026-01-21 10:00:00,4.93,5.14,5.27,3.89,8.68,9.12,9.27,7.95,8.9,9.36,9.51,8.16,9.08,9.55,9.71,8.33,59,59,57,52,-1.0,-0.1,0.2,0.2
2026-01-21 11:00:00,4.26,4.22,4.41,4.0,8.17,8.12,8.42,7.97,8.39,8.33,8.64,8.18,8.56,8.5,8.82,8.35,59,61,61,56,-2.0,-1.6,-1.4,-1.1
2026-01-21 12:00:00,3.76,3.32,3.83,3.76,7.45,7.02,7.83,7.86,7.65,7.2,8.03,8.06,7.81,7.35,8.2,8.23,64,65,65,60,-4.2,-3.9,-4.0,-3.3
2026-01-21 13:00:00,2.71,2.8,3.31,3.68,6.22,6.17,7.14,7.78,6.38,6.33,7.32,7.98,6.51,6.46,7.47,8.15,65,70,72,64,-5.8,-5.7,-5.3,-4.8
2026-01-21 14:00:00,2.9,2.9,3.68,3.75,6.52,6.53,7.84,8.13,6.69,6.7,8.04,8.34,6.83,6.84,8.21,8.51,65,68,69,63,-6.7,-6.3,-5.4,-5.5
2026-01-21 15:00:00,3.2,3.67,4.23,3.95,6.95,7.68,8.7,8.33,7.13,7.87,8.93,8.54,7.28,8.04,9.11,8.72,65,65,65,64,-6.9,-6.1,-5.5,-5.2
2026-01-21 16:00:00,3.61,4.0,4.45,3.97,7.61,8.22,9.0,8.22,7.8,8.43,9.24,8.43,7.97,8.6,9.43,8.6,63,64,68,64,-7.0,-5.7,-5.2,-5.6
2026-01-21 17:00:00,3.4,4.02,3.57,3.95,7.26,8.2,7.71,8.18,7.45,8.41,7.91,8.39,7.61,8.59,8.07,8.56,66,68,73,65,-7.0,-5.7,-5.5,-5.9
2026-01-21 18:00:00,3.91,4.11,4.15,3.88,7.62,8.18,8.5,7.9,7.81,8.39,8.72,8.11,7.97,8.57,8.9,8.28,66,68,67,67,-6.9,-5.9,-5.0,-6.1
2026-01-21 19:00:00,3.72,3.72,3.93,3.64,7.73,7.74,8.0,7.55,7.93,7.94,8.21,7.75,8.09,8.1,8.38,7.91,67,68,70,66,-6.4,-5.4,-5.3,-6.2
2026-01-21 20:00:00,3.8,3.9,3.71,4.03,7.88,7.71,7.57,7.84,8.08,7.91,7.76,8.04,8.25,8.07,7.92,8.21,70,72,71,67,-6.1,-5.0,-5.6,-6.0
2026-01-21 21:00:00,4.12,3.3,3.25,3.0,8.32,6.82,6.85,6.2,8.53,6.99,7.02,6.36,8.71,7.14,7.17,6.49,69,67,70,71,-5.8,-5.6,-5.6,-5.9
2026-01-21 22:00:00,4.54,2.05,2.0,2.21,8.77,5.13,4.78,5.18,9.0,5.27,4.9,5.31,9.19,5.37,5.0,5.42,66,72,72,67,-5.7,-6.4,-6.0,-6.0
2026-01-21 23:00:00,4.32,0.89,1.05,1.57,8.4,2.4,1.27,3.67,8.62,2.46,1.3,3.76,8.79,2.51,1.33,3.84,66,63,92,71,-6.3,-7.7,-7.3,-6.6
2026-01-22 00:00:00,3.85,0.83,0.97,1.1,7.45,1.08,0.66,3.39,7.65,1.11,0.67,3.47,7.81,1.13,0.69,3.54,64,82,138,60,-6.8,-8.6,-7.4,-8.5
2026-01-22 01:00:00,3.7,1.76,0.74,0.2,7.39,5.13,0.98,1.84,7.58,5.26,1.01,1.89,7.73,5.37,1.03,1.93,67,54,333,37,-7.8,-8.0,-8.1,-7.8
2026-01-22 02:00:00,3.65,0.25,1.14,1.0,7.68,2.93,1.15,0.97,7.88,3.01,1.18,1.0,8.05,3.07,1.2,1.02,60,43,258,162,-7.3,-7.3,-9.1,-8.0
2026-01-22 03:00:00,3.88,1.17,0.79,0.89,7.93,2.72,1.47,0.07,8.14,2.79,1.51,0.07,8.31,2.84,1.54,0.07,59,81,84,315,-6.3,-7.2,-7.6,-7.4
2026-01-22 04:00:00,3.69,1.66,1.98,0.27,7.68,5.49,6.0,2.34,7.88,5.63,6.16,2.4,8.04,5.75,6.29,2.45,56,48,48,36,-4.5,-5.2,-4.8,-5.6
2026-01-22 05:00:00,3.16,1.31,2.33,1.1,6.99,4.8,6.21,1.8,7.17,4.92,6.37,1.84,7.32,5.03,6.51,1.88,58,55,62,347,-1.7,-1.5,-1.7,-3.1
2026-01-22 06:00:00,5.64,1.06,1.82,2.2,9.67,2.0,3.84,3.29,9.92,2.06,3.94,3.37,10.12,2.1,4.02,3.44,51,49,27,282,0.1,-0.7,0.4,-2.0
2026-01-22 07:00:00,2.2,2.15,1.22,1.48,6.68,4.14,2.07,2.41,6.85,4.24,2.13,2.47,6.99,4.33,2.17,2.53,50,34,336,278,0.2,-0.5,-0.2,-2.4
2026-01-22 08:00:00,0.81,1.36,1.91,2.4,1.04,2.54,3.18,3.82,1.06,2.61,3.26,3.92,1.09,2.66,3.33,4.0,319,282,265,276,0.5,0.1,-0.6,-1.6
2026-01-22 09:00:00,3.88,1.49,2.77,2.5,6.01,2.7,4.52,4.12,6.17,2.77,4.63,4.22,6.3,2.83,4.73,4.31,265,290,277,253,-0.2,-0.5,-0.6,-1.2
2026-01-22 10:00:00,2.58,2.94,3.25,3.26,4.86,5.58,5.61,5.48,4.98,5.72,5.75,5.62,5.08,5.84,5.87,5.73,251,265,269,254,-2.3,-1.6,-1.3,-1.8
2026-01-22 11:00:00,2.06,1.89,2.44,2.37,4.79,4.56,5.37,5.42,4.92,4.68,5.51,5.56,5.02,4.77,5.62,5.68,251,241,234,229,-3.5,-2.6,-2.5,-2.3
2026-01-22 12:00:00,3.62,4.28,3.18,4.37,6.78,8.34,6.48,7.92,6.95,8.56,6.65,8.13,7.1,8.73,6.78,8.3,234,235,246,250,-5.0,-4.6,-4.2,-4.3
2026-01-22 13:00:00,3.39,4.13,3.58,4.08,6.63,8.31,6.95,7.4,6.8,8.52,7.13,7.6,6.94,8.7,7.28,7.75,222,245,245,247,-5.4,-5.0,-3.8,-5.4
2026-01-22 14:00:00,3.25,3.29,3.93,5.27,6.81,6.76,7.14,8.89,6.99,6.94,7.32,9.12,7.13,7.08,7.48,9.3,240,241,238,238,-5.5,-5.4,-4.7,-6.0
2026-01-22 15:00:00,3.66,5.4,3.88,5.62,6.89,9.05,7.05,9.58,7.07,9.28,7.23,9.83,7.21,9.47,7.38,10.03,242,244,246,246,-6.2,-5.7,-5.8,-6.0
2026-01-22 16:00:00,3.75,5.48,5.7,5.37,6.92,9.52,9.75,8.99,7.1,9.77,10.01,9.22,7.25,9.97,10.21,9.41,236,238,239,246,-6.9,-6.5,-6.8,-5.8
2026-01-22 17:00:00,5.35,5.07,4.6,4.55,8.89,8.86,8.22,7.89,9.12,9.09,8.43,8.09,9.31,9.28,8.61,8.26,236,247,244,244,-7.9,-6.9,-6.5,-6.0
2026-01-22 18:00:00,5.68,5.34,5.45,4.67,9.25,8.9,9.36,7.92,9.49,9.13,9.6,8.12,9.69,9.32,9.8,8.29,239,241,239,241,-8.7,-7.7,-7.4,-6.6
2026-01-22 19:00:00,5.94,5.94,5.33,5.04,10.23,10.36,9.0,8.37,10.5,10.62,9.24,8.59,10.72,10.84,9.43,8.77,246,239,238,245,-8.9,-7.8,-7.4,-6.1
2026-01-22 20:00:00,5.1,5.23,5.37,5.41,8.36,9.07,8.87,8.82,8.58,9.31,9.1,9.05,8.75,9.5,9.29,9.24,240,245,244,254,-8.9,-8.0,-7.1,-5.6
2026-01-22 21:00:00,4.54,5.14,4.92,5.08,7.52,8.92,8.05,8.24,7.72,9.15,8.26,8.45,7.87,9.34,8.43,8.63,243,239,246,256,-7.8,-7.8,-5.9,-5.6
2026-01-22 22:00:00,4.51,4.74,4.65,4.21,7.06,7.83,7.71,7.24,7.24,8.04,7.91,7.43,7.39,8.2,8.08,7.59,248,250,249,261,-7.1,-6.6,-5.5,-5.4
2026-01-22 23:00:00,4.32,5.31,4.18,2.88,7.2,8.46,6.86,5.74,7.39,8.68,7.03,5.89,7.54,8.86,7.18,6.01,250,243,257,263,-6.7,-6.3,-5.3,-5.2
2026-01-23 00:00:00,4.35,4.64,4.08,5.21,6.5,7.34,6.51,8.8,6.67,7.53,6.68,9.03,6.81,7.68,6.82,9.21,251,252,247,266,-7.1,-5.9,-5.9,-3.1
2026-01-23 01:00:00,3.55,4.79,3.81,5.64,6.21,7.51,6.23,9.11,6.37,7.7,6.39,9.34,6.5,7.86,6.53,9.54,248,250,254,264,-6.4,-5.9,-5.6,-2.2
2026-01-23 02:00:00,2.82,4.32,3.46,4.24,5.15,7.0,5.63,7.22,5.28,7.18,5.78,7.41,5.39,7.33,5.9,7.56,253,255,247,263,-5.6,-5.7,-5.7,-2.7
2026-01-23 03:00:00,3.34,3.82,3.94,2.25,5.92,6.22,6.02,4.8,6.07,6.38,6.17,4.92,6.2,6.51,6.3,5.02,250,255,249,275,-5.2,-5.4,-5.4,-2.9
2026-01-23 04:00:00,3.08,3.77,3.21,2.85,5.47,5.54,4.57,5.52,5.61,5.69,4.69,5.66,5.73,5.8,4.79,5.78,252,246,256,291,-4.9,-4.9,-4.4,-2.6
2026-01-23 05:00:00,2.9,3.49,2.39,2.77,3.93,4.92,2.99,4.08,4.03,5.04,3.06,4.19,4.12,5.15,3.13,4.27,227,252,244,262,-4.0,-3.9,-3.9,-2.7
2026-01-23 06:00:00,4.16,4.43,2.05,4.0,5.89,6.43,3.43,5.67,6.05,6.6,3.52,5.82,6.17,6.74,3.59,5.94,240,254,276,266,-3.0,-3.0,-2.3,-2.7
2026-01-23 07:00:00,2.52,3.94,1.78,4.26,3.73,6.0,2.68,5.9,3.82,6.16,2.75,6.05,3.9,6.28,2.81,6.18,243,249,270,269,-2.2,-2.0,-2.2,-2.7
2026-01-23 08:00:00,2.62,3.87,2.18,2.83,3.74,5.81,2.83,4.11,3.84,5.96,2.9,4.22,3.92,6.08,2.96,4.3,231,247,255,260,-1.8,-1.7,-2.1,-3.0
2026-01-23 09:00:00,2.96,2.49,2.43,2.07,4.37,3.8,3.15,2.79,4.48,3.89,3.23,2.86,4.57,3.98,3.3,2.92,215,241,238,254,-2.6,-1.7,-2.4,-2.9
2026-01-23 10:00:00,3.38,2.28,1.63,2.56,5.02,3.35,2.48,3.47,5.15,3.43,2.55,3.56,5.26,3.51,2.6,3.63,216,228,222,250,-2.9,-1.8,-2.5,-2.9
2026-01-23 11:00:00,3.24,1.47,2.06,2.45,4.96,2.34,3.42,3.53,5.09,2.41,3.51,3.62,5.2,2.45,3.58,3.69,223,223,237,237,-3.7,-2.8,-2.7,-3.4
2026-01-23 12:00:00,2.75,2.96,3.36,2.85,3.74,4.92,5.98,4.7,3.83,5.04,6.14,4.82,3.91,5.15,6.27,4.92,239,231,260,265,-4.4,-4.0,-4.0,-4.1
2026-01-23 13:00:00,1.68,2.47,3.74,2.97,2.7,4.32,6.67,4.71,2.77,4.44,6.84,4.83,2.83,4.53,6.98,4.93,200,220,261,243,-4.6,-4.5,-4.2,-4.7
2026-01-23 14:00:00,1.25,3.37,4.29,3.45,1.95,6.09,7.01,5.04,2.0,6.25,7.19,5.17,2.04,6.37,7.34,5.28,217,256,264,228,-6.1,-4.6,-4.3,-5.0
2026-01-23 15:00:00,1.8,3.29,3.63,3.67,3.19,6.08,6.45,5.93,3.28,6.23,6.62,6.08,3.34,6.36,6.76,6.21,239,256,262,231,-5.2,-4.7,-4.7,-5.5
2026-01-23 16:00:00,2.46,3.26,3.52,3.93,4.38,5.8,6.27,6.09,4.49,5.96,6.43,6.25,4.59,6.08,6.56,6.38,235,246,255,233,-5.6,-5.1,-5.5,-5.6
2026-01-23 17:00:00,3.32,3.37,4.06,3.67,5.05,5.4,6.53,5.69,5.18,5.54,6.7,5.84,5.29,5.65,6.84,5.96,211,233,234,227,-5.8,-5.7,-6.0,-5.5
2026-01-23 18:00:00,3.23,3.24,3.92,3.47,4.28,5.11,6.47,5.69,4.4,5.24,6.64,5.84,4.49,5.35,6.78,5.96,214,221,230,236,-5.6,-6.1,-6.3,-5.6
2026-01-23 19:00:00,1.55,2.45,3.76,3.78,2.28,4.38,6.24,6.12,2.33,4.49,6.4,6.27,2.38,4.59,6.53,6.4,223,206,225,221,-6.5,-7.3,-6.5,-5.8
2026-01-23 20:00:00,1.33,1.48,3.17,3.34,1.81,2.92,5.3,5.47,1.86,3.0,5.44,5.61,1.89,3.06,5.55,5.73,185,206,219,231,-7.6,-8.0,-6.7,-6.0
2026-01-23 21:00:00,0.68,0.67,2.66,3.72,1.01,1.19,4.46,6.36,1.04,1.22,4.57,6.52,1.06,1.24,4.67,6.66,55,199,210,234,-8.2,-8.9,-6.6,-6.5
2026-01-23 22:00:00,2.66,0.6,2.19,3.79,5.07,0.44,3.76,6.7,5.21,0.45,3.86,6.87,5.31,0.46,3.94,7.01,74,84,193,234,-8.0,-9.2,-7.5,-6.2
2026-01-23 23:00:00,2.79,2.02,1.94,3.9,5.75,3.02,2.97,6.58,5.9,3.1,3.04,6.75,6.02,3.16,3.11,6.89,73,90,166,231,-8.5,-9.7,-8.7,-6.2
2026-01-24 00:00:00,3.07,2.89,2.27,2.78,5.68,6.09,2.45,4.97,5.82,6.25,2.51,5.1,5.94,6.38,2.56,5.21,74,72,133,217,-9.2,-9.1,-9.9,-6.4
2026-01-24 01:00:00,3.42,2.41,2.16,1.86,6.7,5.35,3.78,3.59,6.88,5.49,3.88,3.69,7.02,5.6,3.96,3.76,71,70,97,193,-9.6,-10.1,-9.5,-7.7
2026-01-24 02:00:00,3.71,2.83,2.48,1.88,7.06,5.86,4.76,2.54,7.25,6.01,4.89,2.6,7.4,6.13,4.99,2.66,74,70,83,177,-9.5,-10.7,-9.0,-9.3
2026-01-24 03:00:00,4.74,3.32,2.85,1.72,8.34,6.63,5.21,0.81,8.56,6.8,5.34,0.83,8.74,6.94,5.45,0.84,79,72,79,155,-8.4,-9.5,-8.6,-10.6
2026-01-24 04:00:00,5.79,3.72,2.85,1.77,8.82,7.13,6.52,2.45,9.05,7.31,6.69,2.52,9.23,7.47,6.83,2.57,75,75,72,97,-6.4,-7.0,-6.6,-7.5
2026-01-24 05:00:00,6.58,5.0,4.9,2.15,9.23,7.71,8.1,4.53,9.47,7.91,8.31,4.65,9.67,8.07,8.48,4.75,72,70,67,73,-5.0,-4.6,-3.9,-5.0
2026-01-24 06:00:00,7.15,6.07,6.51,4.04,9.58,8.74,9.48,6.07,9.83,8.97,9.73,6.23,10.03,9.15,9.93,6.36,74,68,62,57,-3.7,-3.6,-2.5,-3.6
2026-01-24 07:00:00,7.12,6.57,7.29,5.59,10.08,9.33,10.55,8.21,10.35,9.57,10.82,8.42,10.56,9.77,11.05,8.6,70,69,64,54,-3.2,-2.5,-1.8,-2.3
2026-01-24 08:00:00,7.05,6.28,7.39,6.74,10.14,9.08,10.73,9.97,10.4,9.31,11.01,10.23,10.62,9.51,11.24,10.44,72,72,68,59,-2.3,-1.9,-1.2,-1.5
2026-01-24 09:00:00,6.22,5.74,6.95,6.72,9.32,8.45,10.19,10.14,9.57,8.67,10.45,10.4,9.76,8.85,10.67,10.61,72,76,71,63,-1.8,-1.5,-1.5,-1.3
2026-01-24 10:00:00,5.96,5.04,6.31,6.53,9.43,8.27,9.73,10.28,9.68,8.48,9.98,10.55,9.88,8.66,10.19,10.77,73,78,73,68,-2.1,-1.7,-1.4,-1.8
2026-01-24 11:00:00,5.72,5.0,5.88,6.26,9.63,8.63,9.69,10.18,9.88,8.85,9.94,10.44,10.08,9.04,10.15,10.66,74,76,79,75,-3.0,-2.9,-2.4,-3.0
2026-01-24 12:00:00,5.64,5.31,5.74,6.13,9.47,9.24,9.7,10.25,9.71,9.48,9.95,10.52,9.91,9.68,10.15,10.73,83,76,82,77,-4.4,-4.6,-4.1,-4.3
2026-01-24 13:00:00,5.16,4.91,5.62,5.76,8.93,8.65,9.54,9.71,9.17,8.88,9.79,9.96,9.36,9.06,9.99,10.17,83,80,85,81,-5.5,-6.0,-5.2,-5.5
2026-01-24 14:00:00,5.26,4.86,5.36,5.32,9.19,8.81,9.34,9.18,9.43,9.04,9.58,9.42,9.63,9.23,9.78,9.61,82,82,85,87,-5.9,-6.5,-5.5,-6.0
2026-01-24 15:00:00,4.96,4.96,5.34,5.02,8.8,9.01,9.19,8.48,9.03,9.24,9.43,8.71,9.22,9.43,9.63,8.89,82,80,82,88,-5.9,-6.3,-5.4,-5.6
2026-01-24 16:00:00,4.61,4.56,5.04,4.83,8.41,8.46,8.71,8.1,8.63,8.68,8.94,8.31,8.81,8.86,9.12,8.48,82,80,85,87,-5.9,-6.3,-4.9,-5.4
2026-01-24 17:00:00,4.21,4.26,4.73,4.62,7.95,7.93,8.38,8.01,8.15,8.14,8.6,8.22,8.32,8.31,8.78,8.39,81,79,84,87,-6.0,-6.0,-4.8,-5.4
2026-01-24 18:00:00,3.71,3.9,4.36,4.15,7.09,7.36,8.06,7.67,7.28,7.55,8.27,7.87,7.43,7.71,8.44,8.03,77,80,83,86,-6.1,-6.5,-5.5,-5.7
2026-01-24 19:00:00,2.73,3.7,4.16,3.91,5.39,7.36,7.9,7.29,5.53,7.56,8.1,7.48,5.65,7.71,8.27,7.64,80,77,81,85,-6.3,-6.6,-5.2,-5.9
2026-01-24 20:00:00,2.61,3.62,4.07,3.9,4.86,7.22,7.7,7.41,4.99,7.4,7.9,7.6,5.09,7.56,8.07,7.76,83,74,79,81,-6.2,-5.7,-4.4,-5.1
2026-01-24 21:00:00,2.29,3.51,3.71,3.68,5.07,7.06,7.39,7.25,5.2,7.24,7.58,7.43,5.31,7.39,7.74,7.59,72,72,74,76,-5.8,-5.4,-4.6,-4.9
2026-01-24 22:00:00,2.55,3.26,3.3,3.37,5.84,6.54,6.86,6.9,5.99,6.71,7.04,7.08,6.12,6.85,7.19,7.23,64,74,70,71,-5.7,-5.0,-4.8,-5.0
2026-01-24 23:00:00,2.3,2.8,2.91,3.27,5.36,5.92,6.25,6.91,5.5,6.07,6.41,7.09,5.61,6.2,6.54,7.24,64,71,69,68,-5.6,-5.4,-5.0,-5.3
2026-01-25 00:00:00,1.29,2.41,2.4,1.25,4.08,5.8,5.38,3.19,4.19,5.96,5.52,3.28,4.27,6.08,5.64,3.35,57,66,69,69,-6.6,-5.8,-5.0,-5.9
2026-01-25 01:00:00,1.2,0.56,1.23,0.65,1.54,1.07,3.35,1.12,1.58,1.1,3.44,1.15,1.61,1.12,3.51,1.17,215,60,69,92,-6.4,-7.4,-6.0,-5.6
2026-01-25 02:00:00,1.25,2.18,0.67,1.04,2.1,3.51,0.39,1.47,2.15,3.61,0.4,1.51,2.2,3.68,0.41,1.54,211,225,120,124,-7.5,-7.2,-6.6,-6.0
2026-01-25 03:00:00,1.09,1.8,1.29,1.42,1.9,3.4,2.08,2.19,1.95,3.49,2.14,2.25,1.99,3.56,2.18,2.29,222,218,191,122,-6.9,-6.3,-5.0,-5.3
2026-01-25 04:00:00,0.21,0.92,1.04,1.03,1.43,2.43,2.33,2.02,1.46,2.49,2.39,2.07,1.49,2.54,2.44,2.11,172,232,206,98,-4.0,-3.7,-3.0,-3.0
2026-01-25 05:00:00,0.81,0.71,0.16,0.78,1.07,1.22,1.08,2.27,1.1,1.25,1.1,2.32,1.12,1.28,1.13,2.37,90,265,175,71,-1.5,-1.8,-0.5,0.2
2026-01-25 06:00:00,0.95,0.6,0.94,0.43,0.69,0.88,1.55,0.78,0.71,0.9,1.59,0.8,0.73,0.92,1.63,0.82,51,56,49,86,-0.3,-0.3,0.6,1.5
2026-01-25 07:00:00,0.86,1.12,1.49,0.69,1.51,1.8,2.55,1.03,1.55,1.84,2.62,1.06,1.58,1.88,2.67,1.08,272,41,47,45,0.6,0.6,1.3,2.5
2026-01-25 08:00:00,1.3,1.37,0.86,0.85,2.25,2.39,1.65,1.42,2.31,2.45,1.69,1.46,2.36,2.51,1.73,1.49,265,33,19,31,1.7,1.8,1.3,2.3
2026-01-25 09:00:00,1.98,0.95,1.08,0.76,3.55,1.74,2.07,1.31,3.64,1.78,2.12,1.35,3.71,1.82,2.17,1.37,283,11,278,22,0.6,1.9,2.2,2.3
2026-01-25 10:00:00,1.17,1.26,1.53,0.72,2.34,2.25,3.07,1.25,2.4,2.3,3.15,1.28,2.45,2.35,3.21,1.3,269,274,252,31,-0.1,1.4,2.0,2.0
2026-01-25 11:00:00,0.5,2.06,2.14,0.56,1.57,4.9,4.86,1.43,1.61,5.02,4.98,1.47,1.65,5.13,5.09,1.5,240,260,257,280,-1.3,0.2,0.5,1.1
2026-01-25 12:00:00,0.87,1.8,2.27,3.85,2.12,4.1,5.52,8.07,2.18,4.2,5.67,8.27,2.22,4.29,5.78,8.45,279,243,247,239,-3.8,-2.1,-2.6,0.2
2026-01-25 13:00:00,2.11,1.81,1.75,3.55,2.44,4.13,3.65,7.53,2.5,4.23,3.74,7.72,2.55,4.32,3.82,7.88,196,231,218,237,-3.7,-2.5,-3.3,0.6
2026-01-25 14:00:00,0.96,1.71,1.03,3.0,1.05,3.64,2.18,6.64,1.08,3.73,2.24,6.81,1.1,3.81,2.29,6.95,112,215,219,238,-4.2,-3.2,-4.4,0.5
2026-01-25 15:00:00,1.64,1.91,1.15,2.59,3.53,3.45,1.97,5.98,3.62,3.54,2.02,6.13,3.7,3.61,2.06,6.26,39,211,230,246,-3.7,-3.6,-3.7,0.7
2026-01-25 16:00:00,2.64,1.6,1.7,2.07,5.73,2.92,3.0,4.98,5.88,2.99,3.08,5.11,6.0,3.05,3.14,5.21,71,232,222,247,-3.4,-3.5,-2.4,-0.3
2026-01-25 17:00:00,3.07,0.91,1.15,1.22,6.19,1.66,2.42,3.64,6.35,1.7,2.48,3.74,6.48,1.73,2.53,3.82,65,227,228,240,-4.4,-3.0,-2.1,-0.7
2026-01-25 18:00:00,2.45,0.69,0.36,0.29,5.35,0.51,1.16,0.57,5.49,0.52,1.19,0.58,5.61,0.53,1.22,0.6,80,197,213,239,-4.8,-3.7,-1.7,-2.3
2026-01-25 19:00:00,2.64,0.96,0.65,0.46,5.91,1.51,0.66,0.72,6.06,1.54,0.67,0.74,6.19,1.58,0.69,0.76,63,119,48,48,-4.4,-3.6,-2.5,-2.9
2026-01-25 20:00:00,2.06,1.16,1.7,1.61,5.19,2.19,3.3,3.36,5.32,2.25,3.38,3.45,5.43,2.29,3.45,3.52,75,102,71,66,-5.4,-3.8,-3.5,-3.6
2026-01-25 21:00:00,2.1,1.92,1.8,2.11,5.09,3.51,3.67,4.6,5.22,3.6,3.77,4.72,5.33,3.68,3.84,4.82,73,76,79,80,-5.5,-4.1,-3.7,-4.2
2026-01-25 22:00:00,2.56,2.22,1.78,2.2,5.89,4.8,3.69,5.07,6.04,4.92,3.78,5.2,6.17,5.03,3.86,5.31,71,77,75,72,-5.3,-3.7,-3.9,-4.0
2026-01-25 23:00:00,2.84,2.21,2.07,2.4,6.5,5.05,4.35,5.7,6.66,5.18,4.46,5.85,6.8,5.29,4.56,5.97,62,77,77,70,-5.9,-4.0,-4.3,-4.6
2026-01-26 00:00:00,2.9,2.46,3.14,3.0,6.28,5.64,6.65,6.35,6.44,5.78,6.82,6.52,6.57,5.9,6.96,6.65,64,68,62,67,-5.6,-6.0,-4.9,-5.7
2026-01-26 01:00:00,3.1,2.7,2.85,3.3,6.8,6.34,6.23,6.89,6.98,6.51,6.39,7.07,7.12,6.64,6.52,7.22,64,63,67,66,-5.8,-6.4,-5.7,-6.1
2026-01-26 02:00:00,2.36,2.96,3.05,3.7,5.68,6.64,6.58,7.44,5.82,6.81,6.75,7.63,5.94,6.95,6.89,7.79,74,67,68,66,-6.5,-6.6,-6.1,-6.3
2026-01-26 03:00:00,2.6,3.2,3.1,4.08,6.3,6.77,6.71,7.91,6.46,6.95,6.89,8.12,6.6,7.09,7.03,8.29,64,67,62,64,-6.1,-6.1,-5.6,-5.8
2026-01-26 04:00:00,2.78,3.48,3.56,4.03,6.21,7.43,7.3,7.94,6.37,7.63,7.49,8.14,6.5,7.78,7.65,8.31,63,62,59,62,-3.5,-3.8,-3.8,-3.7
2026-01-26 05:00:00,3.02,3.34,3.72,3.81,6.19,8.81,8.29,7.65,6.35,9.03,8.51,7.85,6.48,9.22,8.68,8.01,55,64,60,62,-1.7,-1.9,-1.3,-1.3
2026-01-26 06:00:00,5.14,3.85,3.8,4.53,7.5,6.84,6.62,7.91,7.69,7.02,6.79,8.11,7.85,7.16,6.93,8.28,54,56,59,56,-0.1,0.5,-0.4,0.2
2026-01-26 07:00:00,4.63,4.58,4.45,5.23,7.35,7.56,7.25,8.45,7.54,7.76,7.43,8.67,7.7,7.92,7.59,8.85,51,54,55,54,0.9,1.1,0.7,1.6
2026-01-26 08:00:00,4.26,5.04,4.87,5.7,6.94,8.13,8.07,9.0,7.12,8.34,8.28,9.24,7.27,8.51,8.45,9.43,54,54,55,55,1.6,2.3,2.1,1.7
2026-01-26 09:00:00,3.87,4.47,4.82,5.21,6.56,7.74,8.33,8.77,6.73,7.94,8.55,9.0,6.87,8.1,8.73,9.19,54,54,54,57,1.7,2.5,2.3,2.5
2026-01-26 10:00:00,3.24,4.22,4.52,4.92,7.07,8.04,8.55,8.82,7.26,8.25,8.77,9.05,7.41,8.42,8.95,9.23,58,59,59,58,1.4,2.1,1.4,2.0
2026-01-26 11:00:00,3.31,3.89,3.98,4.31,6.94,7.76,7.85,8.28,7.12,7.96,8.05,8.5,7.27,8.13,8.22,8.68,61,64,63,62,0.2,0.3,0.4,0.3
2026-01-26 12:00:00,3.71,3.52,3.63,3.77,7.3,7.23,7.42,7.59,7.49,7.42,7.62,7.79,7.65,7.57,7.77,7.95,64,67,67,66,-1.4,-1.9,-2.0,-2.0
2026-01-26 13:00:00,3.16,3.35,3.3,3.3,6.89,7.03,6.99,6.97,7.07,7.21,7.17,7.15,7.21,7.36,7.32,7.3,65,66,67,67,-2.8,-3.7,-3.9,-3.5
2026-01-26 14:00:00,3.01,3.36,3.21,3.31,6.8,7.13,6.94,7.12,6.98,7.32,7.12,7.3,7.12,7.47,7.26,7.45,63,65,66,67,-3.7,-4.2,-4.3,-4.1
2026-01-26 15:00:00,3.31,3.4,3.13,3.31,7.32,7.28,6.87,7.07,7.51,7.47,7.05,7.25,7.67,7.62,7.2,7.4,62,65,66,66,-4.0,-4.7,-4.9,-4.4
2026-01-26 16:00:00,3.21,3.6,2.97,3.26,7.35,7.58,6.78,7.13,7.54,7.78,6.96,7.31,7.69,7.94,7.1,7.46,62,63,65,64,-4.2,-4.7,-4.9,-4.6
2026-01-26 17:00:00,3.25,3.6,2.47,3.16,7.26,7.61,6.0,7.16,7.45,7.8,6.16,7.34,7.6,7.97,6.29,7.49,64,64,67,66,-4.2,-5.0,-5.0,-4.7
2026-01-26 18:00:00,3.9,3.75,1.63,3.08,7.96,7.74,4.43,6.86,8.16,7.95,4.54,7.04,8.33,8.11,4.63,7.18,62,66,65,67,-4.4,-4.9,-5.8,-5.3
2026-01-26 19:00:00,3.56,3.61,1.48,3.16,7.89,7.55,4.03,6.77,8.1,7.75,4.14,6.95,8.26,7.91,4.22,7.09,62,66,65,69,-4.3,-4.9,-6.6,-5.4
2026-01-26 20:00:00,3.46,2.98,1.35,3.12,7.65,6.74,3.57,6.68,7.85,6.92,3.66,6.85,8.01,7.06,3.73,6.99,62,67,68,69,-4.3,-5.2,-6.2,-5.5
2026-01-26 21:00:00,3.2,2.31,1.27,3.26,7.24,5.61,3.24,6.96,7.42,5.75,3.32,7.14,7.58,5.87,3.39,7.29,64,66,69,69,-4.6,-5.7,-6.3,-5.6
2026-01-26 22:00:00,3.4,1.81,1.13,3.22,7.3,4.78,2.89,6.85,7.49,4.9,2.96,7.02,7.65,5.0,3.02,7.17,64,65,68,70,-5.0,-6.4,-6.3,-5.8
2026-01-26 23:00:00,3.7,1.48,0.67,3.27,7.56,4.04,1.8,6.92,7.76,4.14,1.85,7.1,7.92,4.23,1.89,7.25,64,67,71,69,-5.2,-6.3,-6.2,-5.8
2026-01-27 00:00:00,1.59,1.59,0.76,0.6,4.75,4.51,1.09,2.49,4.88,4.63,1.12,2.56,4.98,4.73,1.14,2.61,62,65,243,59,-5.9,-6.3,-6.4,-5.5
2026-01-27 01:00:00,1.53,1.37,0.67,0.21,4.26,3.62,1.52,1.52,4.37,3.72,1.56,1.56,4.46,3.79,1.6,1.59,74,73,263,48,-4.8,-6.3,-6.0,-4.7
2026-01-27 02:00:00,1.33,1.1,0.6,0.11,3.18,2.24,1.66,1.12,3.26,2.3,1.71,1.15,3.33,2.35,1.74,1.17,85,92,275,56,-5.3,-6.2,-5.1,-4.4
2026-01-27 03:00:00,1.1,0.22,0.46,0.21,2.49,0.64,1.33,0.81,2.56,0.66,1.36,0.83,2.61,0.67,1.39,0.85,86,81,242,123,-3.9,-5.5,-4.3,-4.3
2026-01-27 04:00:00,0.97,0.1,0.22,0.05,1.71,0.22,1.19,0.15,1.75,0.22,1.22,0.15,1.79,0.23,1.24,0.15,93,243,251,180,-2.7,-2.8,-2.2,-2.4
2026-01-27 05:00:00,1.31,0.27,0.71,0.6,2.03,0.73,1.32,0.57,2.08,0.75,1.35,0.59,2.12,0.77,1.38,0.6,63,233,274,340,-0.8,-1.2,-1.0,-1.5
2026-01-27 06:00:00,0.79,0.47,0.81,0.86,0.94,0.5,0.97,0.91,0.96,0.51,0.99,0.93,0.98,0.53,1.01,0.95,81,331,319,16,0.1,1.1,0.8,-0.5
2026-01-27 07:00:00,0.57,0.54,0.45,0.7,1.05,0.92,0.68,0.64,1.07,0.94,0.69,0.66,1.1,0.96,0.71,0.67,62,328,330,9,1.8,1.8,1.2,0.5
2026-01-27 08:00:00,1.78,0.25,0.6,0.56,2.07,0.5,1.05,0.9,2.13,0.51,1.07,0.92,2.17,0.52,1.1,0.94,66,349,332,13,2.9,2.5,1.7,1.1
2026-01-27 09:00:00,2.17,0.1,0.57,0.22,2.62,0.18,0.99,0.41,2.69,0.18,1.02,0.42,2.74,0.18,1.04,0.43,61,34,349,45,3.5,3.0,2.4,1.4
2026-01-27 10:00:00,2.58,0.16,0.11,0.16,3.39,0.39,0.21,0.15,3.48,0.4,0.21,0.16,3.55,0.41,0.22,0.16,55,330,45,342,3.4,2.8,2.3,1.4
2026-01-27 11:00:00,2.16,0.5,0.11,0.25,4.3,0.96,0.64,0.79,4.41,0.99,0.65,0.81,4.5,1.01,0.67,0.83,67,300,238,317,0.9,0.6,0.6,0.0
2026-01-27 12:00:00,0.45,1.49,0.27,0.18,1.23,3.25,0.75,0.76,1.27,3.33,0.76,0.78,1.29,3.4,0.78,0.8,81,242,281,243,-0.4,-1.5,-1.5,-1.7
2026-01-27 13:00:00,0.51,1.53,0.74,0.56,2.25,3.42,1.18,1.1,2.31,3.51,1.21,1.12,2.36,3.58,1.24,1.15,51,234,232,249,-0.6,-1.6,-1.5,-2.6
2026-01-27 14:00:00,0.32,1.61,0.49,0.71,1.96,3.73,1.27,1.64,2.01,3.83,1.3,1.69,2.05,3.91,1.33,1.72,63,246,247,258,-0.9,-1.1,-1.5,-2.7
2026-01-27 15:00:00,0.45,1.89,0.54,0.57,1.28,4.34,1.64,1.76,1.31,4.45,1.69,1.81,1.34,4.54,1.72,1.84,140,243,258,256,-0.7,-0.5,-0.9,-2.9
2026-01-27 16:00:00,0.46,1.89,0.5,0.43,1.0,4.41,1.81,1.63,1.03,4.52,1.86,1.68,1.05,4.61,1.9,1.71,209,241,246,253,-0.6,-0.9,-1.1,-2.6
2026-01-27 17:00:00,0.15,1.73,0.4,0.29,0.72,4.05,1.87,1.29,0.74,4.15,1.92,1.32,0.76,4.24,1.96,1.35,222,239,242,245,-0.8,-1.4,-1.6,-2.7
2026-01-27 18:00:00,0.46,1.86,0.81,0.1,1.47,4.47,2.84,0.35,1.51,4.59,2.91,0.36,1.54,4.68,2.97,0.37,326,242,254,286,-1.3,-0.9,-2.5,-2.5
2026-01-27 19:00:00,0.07,1.63,0.97,0.15,0.76,3.99,3.26,0.33,0.78,4.1,3.35,0.34,0.79,4.18,3.41,0.34,45,246,261,153,-3.0,-0.6,-2.6,-3.1
2026-01-27 20:00:00,0.53,1.66,1.0,0.34,0.84,4.26,3.58,0.45,0.86,4.37,3.68,0.46,0.88,4.46,3.75,0.47,190,265,263,103,-3.1,-1.1,-3.1,-2.8
2026-01-27 21:00:00,0.58,1.77,1.37,0.25,1.23,4.63,4.04,0.62,1.26,4.75,4.14,0.64,1.29,4.84,4.23,0.65,236,258,262,51,-2.3,-1.3,-3.4,-2.8
2026-01-27 22:00:00,0.36,1.82,1.76,0.11,1.16,4.76,4.55,0.39,1.19,4.88,4.67,0.4,1.22,4.98,4.77,0.41,237,246,254,353,-2.3,-1.2,-4.0,-2.7
2026-01-27 23:00:00,0.25,1.97,2.06,0.27,1.41,5.04,5.46,0.73,1.44,5.17,5.6,0.75,1.47,5.28,5.72,0.77,236,247,250,266,-2.1,-1.5,-4.1,-3.5
2026-01-28 00:00:00,2.03,1.56,2.54,1.71,4.04,3.92,6.25,4.13,4.14,4.03,6.41,4.23,4.23,4.11,6.54,4.32,228,245,254,247,-1.6,-2.1,-3.1,-3.6
2026-01-28 01:00:00,1.46,1.61,2.09,2.2,3.41,4.06,5.19,5.7,3.5,4.16,5.32,5.85,3.57,4.25,5.43,5.97,248,250,244,250,-2.3,-1.9,-3.1,-3.0
2026-01-28 02:00:00,1.41,1.68,2.13,2.69,3.56,4.36,5.5,6.46,3.65,4.47,5.65,6.63,3.73,4.57,5.76,6.77,251,252,250,253,-3.0,-2.1,-3.2,-3.1
2026-01-28 03:00:00,2.59,1.9,2.3,2.93,5.32,4.15,5.69,6.6,5.46,4.26,5.84,6.77,5.57,4.35,5.96,6.91,249,239,245,252,-1.8,-1.2,-2.6,-2.2
2026-01-28 04:00:00,3.01,1.88,1.77,2.58,5.43,3.67,5.04,6.1,5.57,3.77,5.17,6.26,5.69,3.85,5.28,6.39,249,248,247,250,-0.1,0.3,-0.9,-0.9
2026-01-28 05:00:00,1.03,2.0,1.68,2.34,1.86,2.56,3.29,4.6,1.9,2.63,3.37,4.72,1.94,2.69,3.44,4.82,247,261,249,255,1.2,0.8,0.6,0.1
2026-01-28 06:00:00,0.59,1.92,1.39,1.25,0.78,3.12,2.46,2.21,0.8,3.2,2.53,2.27,0.82,3.26,2.58,2.32,266,243,243,278,1.5,0.5,0.8,1.2
2026-01-28 07:00:00,0.21,1.26,0.96,0.76,0.62,2.36,1.8,1.56,0.64,2.42,1.85,1.6,0.65,2.47,1.89,1.64,141,252,272,274,1.0,1.3,2.1,2.1
2026-01-28 08:00:00,1.17,0.76,0.9,1.27,2.04,1.64,1.83,2.41,2.09,1.69,1.87,2.47,2.13,1.72,1.91,2.52,79,258,279,277,2.0,2.0,2.3,2.4
2026-01-28 09:00:00,2.57,0.73,0.6,1.31,3.06,1.52,1.1,2.64,3.14,1.56,1.12,2.7,3.2,1.6,1.15,2.76,59,277,302,251,2.5,2.1,2.5,2.3
2026-01-28 10:00:00,3.37,0.11,0.68,0.96,4.48,0.24,1.17,2.01,4.59,0.25,1.2,2.06,4.69,0.26,1.23,2.1,55,53,17,219,1.2,1.9,2.2,1.8
2026-01-28 11:00:00,3.27,0.59,1.1,0.75,5.16,1.33,1.67,1.42,5.3,1.36,1.71,1.46,5.41,1.39,1.75,1.49,72,98,52,292,-0.6,0.9,0.7,0.7
2026-01-28 12:00:00,2.79,2.49,0.9,2.02,5.37,5.06,2.24,5.08,5.51,5.19,2.29,5.21,5.62,5.29,2.34,5.32,82,71,70,64,-1.9,-1.4,-0.9,-2.3
2026-01-28 13:00:00,3.34,3.54,1.9,2.02,6.6,6.87,4.43,4.96,6.78,7.04,4.55,5.09,6.92,7.19,4.64,5.19,64,64,75,83,-1.9,-2.1,-2.6,-2.9
2026-01-28 14:00:00,3.92,3.48,2.15,1.15,7.55,7.01,5.28,3.62,7.75,7.19,5.41,3.71,7.91,7.34,5.52,3.79,61,67,65,63,-2.5,-2.3,-2.1,-3.2
2026-01-28 15:00:00,3.24,2.57,2.53,1.1,6.7,6.04,6.14,3.67,6.88,6.2,6.3,3.77,7.02,6.33,6.43,3.84,71,61,59,85,-2.6,-2.6,-2.2,-3.5
2026-01-28 16:00:00,2.66,2.21,3.09,0.25,6.04,5.32,6.8,1.66,6.19,5.46,6.98,1.7,6.32,5.57,7.12,1.74,64,69,63,88,-2.7,-3.3,-2.6,-3.1
2026-01-28 17:00:00,3.34,2.65,2.8,0.74,6.65,5.46,6.54,2.15,6.82,5.6,6.71,2.21,6.96,5.71,6.85,2.25,70,73,63,95,-3.2,-4.3,-3.1,-3.7
2026-01-28 18:00:00,2.64,3.27,2.46,0.59,5.3,6.69,5.86,2.14,5.44,6.86,6.02,2.2,5.56,7.01,6.14,2.25,79,64,65,89,-4.3,-4.1,-3.6,-4.1
2026-01-28 19:00:00,1.84,1.9,1.8,0.6,4.6,5.1,5.13,1.16,4.72,5.24,5.27,1.19,4.82,5.34,5.37,1.21,75,61,60,152,-5.0,-4.8,-4.4,-4.7
2026-01-28 20:00:00,1.94,1.17,0.88,1.12,3.55,2.78,2.59,2.03,3.64,2.85,2.66,2.09,3.72,2.91,2.71,2.13,106,91,78,224,-5.5,-5.3,-5.2,-4.4
2026-01-28 21:00:00,1.38,1.03,0.74,1.25,2.55,2.02,1.07,2.56,2.62,2.07,1.1,2.62,2.67,2.11,1.12,2.68,97,98,114,215,-5.7,-5.8,-5.4,-4.7
2026-01-28 22:00:00,1.75,0.99,0.86,0.45,3.96,2.2,1.4,1.73,4.07,2.25,1.43,1.78,4.15,2.3,1.46,1.81,74,86,115,212,-5.6,-6.4,-6.1,-4.9
2026-01-28 23:00:00,1.87,0.72,0.87,0.18,4.29,0.92,1.9,1.16,4.4,0.94,1.95,1.19,4.49,0.96,1.99,1.21,88,115,61,248,-5.6,-6.2,-6.0,-4.9
2026-01-29 00:00:00,1.75,1.82,1.05,1.17,3.64,4.38,2.5,2.16,3.73,4.49,2.56,2.21,3.81,4.59,2.62,2.26,82,73,73,208,-5.4,-5.2,-5.8,-5.7
2026-01-29 01:00:00,1.69,1.62,1.28,1.02,3.97,4.12,3.09,1.63,4.07,4.23,3.17,1.68,4.15,4.32,3.23,1.71,79,66,78,197,-5.6,-5.8,-5.8,-6.0
2026-01-29 02:00:00,1.27,0.76,1.19,0.73,3.25,2.96,2.84,0.81,3.34,3.04,2.92,0.83,3.41,3.1,2.98,0.84,73,73,84,205,-5.9,-6.9,-5.8,-6.6
2026-01-29 03:00:00,1.75,0.86,1.92,0.74,3.44,2.16,3.22,0.88,3.53,2.22,3.3,0.9,3.6,2.27,3.37,0.92,78,98,80,180,-4.9,-6.2,-4.5,-4.9
2026-01-29 04:00:00,2.28,1.95,2.05,0.32,3.07,2.72,2.64,0.44,3.15,2.79,2.71,0.45,3.21,2.85,2.76,0.46,70,75,74,96,-3.2,-3.3,-2.6,-2.0
2026-01-29 05:00:00,3.13,3.11,2.97,1.1,3.95,4.03,3.66,1.17,4.05,4.13,3.76,1.2,4.13,4.22,3.84,1.23,61,69,57,42,-1.7,-2.1,-1.1,-0.6
2026-01-29 06:00:00,4.35,3.91,3.91,1.87,5.4,4.89,4.93,2.28,5.54,5.02,5.06,2.34,5.65,5.12,5.17,2.39,59,60,60,50,-0.6,0.1,-0.1,0.4
2026-01-29 07:00:00,5.2,4.39,4.34,2.38,6.64,5.56,5.49,2.9,6.82,5.7,5.63,2.97,6.96,5.82,5.75,3.03,59,56,58,54,1.3,1.3,1.1,1.1
2026-01-29 08:00:00,5.47,4.4,4.29,2.66,7.07,5.67,5.41,3.29,7.25,5.82,5.55,3.37,7.4,5.94,5.67,3.44,55,53,54,55,2.1,1.3,1.7,1.8
2026-01-29 09:00:00,5.12,4.45,4.32,2.73,6.68,5.7,5.53,3.45,6.85,5.85,5.67,3.54,6.99,5.97,5.79,3.61,55,49,53,54,2.1,1.3,1.8,2.0
2026-01-29 10:00:00,4.74,4.0,3.89,2.23,6.36,5.34,5.18,2.85,6.52,5.48,5.31,2.92,6.66,5.59,5.42,2.98,52,46,48,52,1.6,1.0,1.4,1.7
2026-01-29 11:00:00,4.21,3.2,3.3,1.06,6.88,5.43,5.75,2.69,7.06,5.57,5.9,2.76,7.21,5.68,6.03,2.82,52,50,51,55,0.1,-0.7,-0.2,0.3
2026-01-29 12:00:00,3.23,2.97,2.97,1.56,6.85,6.47,6.54,4.64,7.03,6.64,6.71,4.76,7.18,6.78,6.84,4.86,56,57,59,58,-1.7,-2.2,-2.0,-2.3
2026-01-29 13:00:00,3.47,3.18,2.93,1.12,6.85,6.66,6.5,3.88,7.02,6.83,6.66,3.98,7.17,6.98,6.8,4.06,62,60,64,62,-2.7,-2.7,-2.3,-2.5
2026-01-29 14:00:00,3.42,3.61,3.18,1.69,7.02,7.28,6.71,4.47,7.2,7.47,6.88,4.58,7.35,7.63,7.02,4.68,65,61,67,63,-3.5,-3.1,-2.8,-3.0
2026-01-29 15:00:00,4.27,4.14,3.62,2.76,8.09,7.85,7.29,6.05,8.3,8.05,7.48,6.2,8.47,8.22,7.63,6.33,63,63,66,67,-3.9,-3.5,-3.5,-2.9
2026-01-29 16:00:00,4.76,4.47,4.17,3.67,8.66,8.28,8.09,7.37,8.88,8.5,8.3,7.56,9.06,8.67,8.47,7.72,65,63,65,66,-4.2,-3.7,-3.7,-3.3
2026-01-29 17:00:00,4.57,4.54,4.36,4.08,8.4,8.3,8.27,7.78,8.62,8.52,8.49,7.99,8.79,8.7,8.66,8.15,66,64,67,65,-4.2,-3.9,-3.7,-3.2
2026-01-29 18:00:00,4.39,4.2,4.14,4.39,8.14,7.97,8.12,8.1,8.35,8.17,8.33,8.31,8.52,8.34,8.5,8.48,66,67,67,69,-4.0,-4.0,-4.2,-3.2
2026-01-29 19:00:00,3.93,4.29,4.39,4.48,7.3,8.1,8.42,8.2,7.48,8.31,8.64,8.42,7.64,8.48,8.82,8.59,69,66,66,70,-4.0,-4.3,-4.6,-3.5
2026-01-29 20:00:00,3.72,4.38,4.11,4.32,7.12,8.16,7.94,7.94,7.3,8.37,8.14,8.14,7.45,8.54,8.31,8.31,67,65,68,71,-4.6,-4.6,-4.8,-3.8
2026-01-29 21:00:00,3.86,4.34,3.75,4.18,7.16,7.94,7.4,7.72,7.34,8.14,7.59,7.92,7.49,8.31,7.75,8.09,66,65,70,71,-4.7,-4.8,-5.0,-4.0
2026-01-29 22:00:00,4.13,4.43,3.65,4.19,7.37,8.0,7.2,7.78,7.56,8.21,7.39,7.99,7.71,8.38,7.54,8.15,64,65,70,71,-4.7,-5.1,-5.2,-4.2
2026-01-29 23:00:00,4.34,4.39,3.75,4.46,7.74,8.05,7.44,8.2,7.94,8.26,7.63,8.41,8.1,8.43,7.79,8.59,63,65,68,71,-4.9,-5.3,-5.5,-4.2
2026-01-30 00:00:00,4.05,4.73,4.14,4.84,7.1,8.26,7.78,8.73,7.28,8.47,7.99,8.95,7.43,8.65,8.15,9.14,67,63,65,70,-4.2,-5.2,-5.7,-4.3
2026-01-30 01:00:00,4.75,4.62,4.31,4.91,8.34,7.85,7.96,8.72,8.55,8.05,8.16,8.94,8.73,8.22,8.33,9.13,61,64,64,69,-4.5,-5.3,-5.7,-4.5
2026-01-30 02:00:00,4.93,4.52,4.46,5.08,8.59,7.74,8.04,8.79,8.81,7.95,8.25,9.02,8.99,8.11,8.42,9.21,62,66,65,66,-4.6,-5.5,-5.8,-4.7
2026-01-30 03:00:00,5.0,4.75,4.81,5.27,8.44,7.94,8.11,8.85,8.65,8.15,8.32,9.08,8.83,8.32,8.49,9.27,64,66,64,65,-3.9,-4.9,-5.0,-4.1
2026-01-30 04:00:00,5.22,5.43,5.17,5.79,9.34,8.28,8.22,10.29,9.58,8.5,8.43,10.56,9.78,8.67,8.61,10.77,61,63,62,64,-1.5,-2.2,-2.6,-1.7
2026-01-30 05:00:00,6.31,5.76,5.7,6.87,9.04,8.82,8.46,10.72,9.28,9.05,8.68,11.0,9.47,9.24,8.86,11.23,56,60,57,62,0.7,0.2,-0.8,1.0
2026-01-30 06:00:00,6.44,6.77,6.32,7.17,8.84,9.45,9.13,11.26,9.07,9.7,9.37,11.55,9.26,9.9,9.56,11.79,58,55,58,60,3.3,1.7,1.3,2.1
2026-01-30 07:00:00,7.03,7.17,6.8,7.67,9.35,9.94,9.38,11.39,9.6,10.2,9.63,11.69,9.79,10.41,9.82,11.93,56,55,57,59,4.1,2.8,3.2,3.1
2026-01-30 08:00:00,7.24,7.38,6.8,7.53,9.74,10.38,9.51,11.21,9.99,10.65,9.75,11.5,10.2,10.87,9.95,11.74,58,55,58,58,4.7,3.3,3.5,3.9
2026-01-30 09:00:00,7.05,7.07,6.48,6.39,9.72,10.22,9.15,9.99,9.97,10.49,9.39,10.25,10.18,10.7,9.59,10.46,58,55,58,57,4.8,3.4,3.8,4.6
2026-01-30 10:00:00,6.49,6.28,5.38,5.58,9.59,9.84,9.09,9.79,9.84,10.1,9.32,10.04,10.04,10.31,9.52,10.25,62,61,63,63,4.4,3.7,3.6,3.9
2026-01-30 11:00:00,5.47,5.62,4.58,4.52,8.94,9.21,7.91,7.79,9.17,9.45,8.12,7.99,9.36,9.64,8.29,8.16,62,61,62,66,2.8,1.7,2.3,3.1
2026-01-30 12:00:00,3.2,4.61,4.35,2.56,6.6,8.52,8.18,6.12,6.77,8.74,8.39,6.28,6.91,8.92,8.56,6.41,71,64,65,71,0.5,-0.7,-1.2,-0.1
2026-01-30 13:00:00,3.29,3.99,3.71,1.1,7.11,7.7,7.18,3.3,7.29,7.9,7.36,3.39,7.44,8.07,7.52,3.46,63,67,68,74,-1.8,-2.5,-3.0,-2.6
2026-01-30 14:00:00,3.2,4.04,3.65,0.25,7.11,7.78,7.0,0.97,7.29,7.98,7.19,1.0,7.44,8.14,7.34,1.02,65,67,69,37,-2.4,-3.2,-3.8,-3.5
2026-01-30 15:00:00,3.4,4.26,3.51,0.95,7.22,7.98,6.86,1.35,7.4,8.19,7.04,1.38,7.56,8.36,7.19,1.41,70,68,70,283,-2.7,-3.4,-4.1,-3.8
2026-01-30 16:00:00,3.65,4.25,3.14,0.96,7.63,7.89,6.35,1.89,7.83,8.1,6.52,1.94,7.99,8.27,6.65,1.98,71,70,69,282,-2.8,-3.6,-4.3,-3.7
2026-01-30 17:00:00,3.73,4.05,2.34,1.31,7.73,7.63,5.46,2.21,7.93,7.83,5.6,2.27,8.09,7.99,5.72,2.32,69,71,70,262,-2.6,-3.7,-4.5,-3.8
2026-01-30 18:00:00,3.15,3.8,1.41,0.41,6.82,7.44,3.99,0.71,7.0,7.64,4.09,0.73,7.15,7.8,4.18,0.74,78,70,65,286,-1.4,-3.9,-5.7,-4.8
2026-01-30 19:00:00,3.35,3.6,1.61,0.1,7.15,7.3,4.41,1.15,7.34,7.48,4.52,1.18,7.49,7.64,4.62,1.2,73,69,67,36,-3.1,-4.1,-6.0,-4.9
2026-01-30 20:00:00,3.46,3.41,2.04,0.22,7.55,7.12,5.05,2.08,7.74,7.3,5.18,2.13,7.9,7.45,5.29,2.18,68,67,68,39,-3.5,-4.4,-5.8,-4.8
2026-01-30 21:00:00,3.66,3.52,2.4,0.39,7.92,7.28,5.62,2.73,8.12,7.47,5.77,2.8,8.29,7.63,5.89,2.86,68,65,68,40,-3.5,-4.8,-6.0,-5.2
2026-01-30 22:00:00,3.82,3.71,2.47,0.82,8.19,7.78,5.91,3.31,8.4,7.98,6.07,3.4,8.58,8.15,6.19,3.47,67,64,66,47,-3.5,-4.9,-6.1,-4.5
2026-01-30 23:00:00,4.03,3.82,2.57,1.22,8.33,8.0,6.19,3.88,8.55,8.21,6.35,3.98,8.73,8.38,6.48,4.06,66,63,64,51,-3.7,-4.9,-6.1,-4.9
2026-01-31 00:00:00,4.18,3.89,3.96,2.51,8.36,7.96,8.07,6.39,8.57,8.16,8.28,6.56,8.75,8.33,8.45,6.69,66,63,62,61,-4.1,-4.0,-5.5,-5.5
2026-01-31 01:00:00,4.46,3.8,3.92,3.0,8.59,7.77,8.08,7.03,8.81,7.97,8.29,7.21,9.0,8.13,8.46,7.36,65,61,60,60,-4.3,-4.4,-5.6,-5.4
2026-01-31 02:00:00,4.82,3.95,4.08,3.41,9.09,8.01,8.18,7.47,9.32,8.22,8.4,7.66,9.52,8.39,8.57,7.82,63,60,60,60,-3.9,-4.7,-5.6,-5.2
2026-01-31 03:00:00,5.01,4.41,4.82,3.88,8.87,8.17,8.62,7.42,9.1,8.38,8.84,7.61,9.29,8.55,9.03,7.77,64,60,61,61,-2.9,-3.4,-4.3,-4.2
2026-01-31 04:00:00,5.17,4.97,4.86,4.44,8.9,8.42,9.0,7.33,9.13,8.64,9.24,7.52,9.32,8.82,9.43,7.68,61,57,56,58,0.3,-0.1,-1.3,-0.7
2026-01-31 05:00:00,5.73,5.89,5.49,4.23,7.99,8.32,8.1,6.74,8.2,8.54,8.31,6.92,8.37,8.72,8.48,7.06,58,53,53,56,3.0,2.5,0.9,1.5
2026-01-31 06:00:00,6.56,6.2,6.02,5.66,8.69,8.34,8.26,7.61,8.92,8.56,8.47,7.8,9.1,8.74,8.65,7.97,56,53,52,50,4.7,4.0,3.0,2.9
2026-01-31 07:00:00,7.07,6.34,6.23,5.98,9.5,8.39,8.49,7.88,9.74,8.61,8.71,8.09,9.94,8.78,8.89,8.25,54,51,51,50,5.9,5.0,3.7,3.9
2026-01-31 08:00:00,6.74,6.47,6.16,5.89,9.11,8.7,8.39,7.79,9.35,8.92,8.61,7.99,9.54,9.11,8.78,8.16,55,54,51,53,6.7,5.8,4.3,4.5
2026-01-31 09:00:00,6.04,6.15,5.77,5.21,8.33,8.38,7.96,6.98,8.55,8.6,8.17,7.16,8.73,8.78,8.34,7.31,54,54,50,52,6.6,6.5,4.5,4.7
2026-01-31 10:00:00,5.32,5.2,5.17,4.31,8.08,8.67,8.07,7.49,8.29,8.9,8.28,7.68,8.46,9.08,8.45,7.84,53,53,51,53,5.8,5.2,3.8,4.3
2026-01-31 11:00:00,4.77,4.76,5.0,4.33,8.39,8.32,8.44,7.61,8.61,8.53,8.66,7.8,8.79,8.71,8.83,7.96,57,58,58,59,3.7,3.3,2.3,2.5
2026-01-31 12:00:00,3.45,3.13,3.08,3.11,7.26,6.8,6.87,6.96,7.45,6.98,7.04,7.14,7.61,7.12,7.19,7.29,58,63,63,61,1.9,1.6,0.1,0.2
2026-01-31 13:00:00,3.2,2.16,2.06,2.73,7.06,5.58,5.44,6.58,7.25,5.72,5.58,6.75,7.4,5.84,5.7,6.89,59,63,67,63,0.9,0.4,-0.8,-0.5
2026-01-31 14:00:00,2.41,1.53,1.56,2.72,6.12,4.12,4.15,6.3,6.28,4.23,4.25,6.46,6.41,4.32,4.34,6.6,59,66,70,65,0.4,-0.3,-0.8,-1.0
2026-01-31 15:00:00,1.57,0.89,0.51,2.4,4.64,2.43,2.25,5.89,4.76,2.49,2.31,6.04,4.86,2.54,2.36,6.17,62,80,85,66,0.2,-0.3,-0.2,-1.5
2026-01-31 16:00:00,0.83,0.45,0.39,1.96,2.99,1.12,1.42,5.21,3.07,1.15,1.46,5.35,3.13,1.17,1.49,5.46,66,92,121,65,0.3,0.4,0.8,-1.9
2026-01-31 17:00:00,0.47,0.75,0.2,1.73,1.74,1.18,0.97,4.8,1.78,1.21,1.0,4.92,1.82,1.23,1.02,5.02,101,204,127,65,0.9,0.5,1.0,-2.2
2026-01-31 18:00:00,1.06,0.41,0.11,1.23,1.55,0.98,0.61,2.74,1.59,1.0,0.63,2.82,1.62,1.02,0.64,2.87,242,177,119,84,-0.5,0.6,0.1,-1.1
2026-01-31 19:00:00,1.01,0.05,0.18,0.66,2.06,0.21,1.15,2.31,2.11,0.21,1.18,2.37,2.16,0.22,1.2,2.42,263,225,102,65,-1.6,0.3,-0.3,-0.5
2026-01-31 20:00:00,0.15,0.25,0.16,0.7,0.88,0.41,1.12,2.45,0.9,0.42,1.15,2.51,0.92,0.43,1.17,2.57,326,315,56,73,-1.4,-1.0,-0.4,-0.7
2026-01-31 21:00:00,0.3,0.4,0.18,1.53,1.31,0.39,1.59,3.43,1.35,0.4,1.63,3.52,1.37,0.41,1.67,3.59,68,277,50,84,-1.8,-1.2,-0.9,-0.9
2026-01-31 22:00:00,0.46,0.59,0.25,2.32,2.21,0.93,0.46,5.44,2.26,0.96,0.47,5.58,2.31,0.98,0.48,5.7,59,276,32,54,-1.9,-1.4,-1.9,-1.1
2026-01-31 23:00:00,0.34,0.38,0.36,1.01,2.07,0.78,0.31,3.58,2.12,0.8,0.32,3.67,2.17,0.82,0.32,3.75,63,266,288,70,-1.6,-1.9,-2.6,-2.2
2026-02-01 00:00:00,0.27,0.7,0.05,0.54,1.51,1.45,0.31,2.53,1.55,1.49,0.32,2.6,1.58,1.52,0.32,2.65,268,48,108,60,-3.2,-1.2,-1.2,-1.4
2026-02-01 01:00:00,0.55,1.05,0.38,1.1,0.79,2.07,1.29,2.94,0.81,2.12,1.32,3.02,0.82,2.17,1.35,3.08,97,45,53,71,-3.6,-1.7,-2.0,-1.8
2026-02-01 02:00:00,1.3,1.35,0.82,0.64,2.22,3.24,2.38,2.3,2.27,3.33,2.44,2.36,2.32,3.4,2.49,2.41,50,47,55,58,-3.8,-1.9,-2.8,-2.5
2026-02-01 03:00:00,2.28,2.57,1.36,1.26,5.0,4.93,3.12,2.83,5.13,5.05,3.2,2.9,5.23,5.16,3.27,2.96,60,64,67,89,-2.0,-1.1,-1.5,-2.0
2026-02-01 04:00:00,2.79,3.27,2.5,2.62,5.77,4.71,3.48,3.99,5.92,4.83,3.57,4.1,6.04,4.93,3.64,4.18,60,64,59,72,0.1,1.2,0.8,0.4
2026-02-01 05:00:00,2.65,3.01,3.47,3.22,3.65,4.42,4.4,4.18,3.74,4.53,4.51,4.29,3.82,4.63,4.61,4.37,56,56,51,56,1.9,2.5,2.6,2.4
2026-02-01 06:00:00,2.44,2.87,4.05,2.7,3.08,3.5,5.15,3.29,3.16,3.59,5.28,3.37,3.22,3.67,5.39,3.44,49,55,55,58,3.5,3.6,4.1,3.3
2026-02-01 07:00:00,3.25,3.05,4.38,3.54,4.04,3.76,5.57,4.45,4.15,3.86,5.72,4.56,4.23,3.94,5.84,4.66,56,48,50,52,5.5,4.7,4.9,4.8
2026-02-01 08:00:00,3.62,3.22,4.28,3.68,4.45,4.02,5.54,4.71,4.56,4.12,5.69,4.83,4.66,4.21,5.8,4.93,55,51,51,51,6.3,5.2,5.1,5.0
2026-02-01 09:00:00,3.57,3.26,3.92,3.5,4.48,4.14,5.11,4.51,4.59,4.25,5.24,4.62,4.69,4.34,5.35,4.72,52,53,49,51,6.3,5.7,5.5,5.2
2026-02-01 10:00:00,3.33,3.01,3.5,3.06,4.49,4.2,4.91,4.15,4.61,4.31,5.03,4.26,4.71,4.4,5.14,4.35,53,55,49,56,5.6,5.3,5.3,4.7
2026-02-01 11:00:00,2.68,2.97,3.11,2.19,5.17,5.54,5.87,4.5,5.3,5.69,6.02,4.62,5.41,5.8,6.14,4.71,61,61,56,70,3.6,3.5,3.6,3.0
2026-02-01 12:00:00,1.97,2.14,2.35,2.1,4.63,4.99,5.76,4.78,4.75,5.12,5.91,4.9,4.84,5.23,6.03,5.0,70,71,62,72,0.9,0.2,1.0,0.3
2026-02-01 13:00:00,1.9,2.26,2.33,2.1,4.35,5.49,5.91,4.91,4.46,5.64,6.06,5.03,4.56,5.75,6.19,5.14,77,69,64,77,0.9,0.7,0.3,0.2
2026-02-01 14:00:00,2.25,2.21,2.32,2.22,5.14,5.46,5.87,5.09,5.28,5.6,6.03,5.22,5.38,5.72,6.15,5.33,75,70,67,73,0.9,0.5,0.1,0.3
2026-02-01 15:00:00,2.21,2.25,2.65,2.55,5.21,5.62,6.32,6.0,5.34,5.77,6.49,6.16,5.46,5.89,6.62,6.29,71,68,65,67,0.5,0.3,-0.1,0.1
2026-02-01 16:00:00,2.15,2.4,2.7,2.52,5.35,5.72,6.34,6.04,5.49,5.87,6.5,6.19,5.6,5.99,6.63,6.32,70,70,67,68,0.3,-0.1,-0.3,-0.1
2026-02-01 17:00:00,2.16,2.37,2.7,2.3,5.43,5.6,6.41,5.66,5.57,5.74,6.58,5.81,5.69,5.86,6.72,5.93,66,70,66,70,-0.5,-0.5,-0.5,-0.4
2026-02-01 18:00:00,2.25,2.29,2.3,2.45,5.86,5.36,5.82,6.04,6.02,5.5,5.97,6.2,6.14,5.62,6.1,6.33,65,71,65,71,-0.1,-0.3,-0.8,-0.5
2026-02-01 19:00:00,2.35,2.7,2.16,2.5,6.07,6.17,5.56,6.01,6.23,6.33,5.71,6.17,6.36,6.46,5.82,6.29,67,65,66,72,-0.5,-0.6,-1.1,-0.7
2026-02-01 20:00:00,2.61,2.8,2.4,2.61,6.24,6.48,5.89,6.03,6.4,6.65,6.04,6.19,6.53,6.78,6.16,6.31,68,66,64,70,-1.0,-0.8,-1.3,-1.1
2026-02-01 21:00:00,2.32,2.75,2.46,3.0,5.64,6.47,5.97,6.55,5.78,6.64,6.13,6.72,5.9,6.78,6.26,6.86,68,65,65,67,-1.5,-1.1,-1.3,-1.4
2026-02-01 22:00:00,2.75,2.66,2.56,3.05,6.32,6.24,6.02,6.54,6.49,6.4,6.17,6.71,6.62,6.53,6.3,6.85,65,65,65,69,-1.7,-1.4,-1.5,-1.8
2026-02-01 23:00:00,3.1,2.75,2.61,3.06,6.74,6.26,6.0,6.38,6.91,6.42,6.15,6.55,7.05,6.56,6.28,6.68,65,66,66,70,-1.9,-1.8,-1.9,-2.2
2026-02-02 00:00:00,3.25,3.2,2.75,3.15,7.13,6.67,6.26,6.69,7.31,6.84,6.42,6.86,7.46,6.99,6.55,7.01,64,65,63,64,-2.0,-2.0,-2.1,-2.0
2026-02-02 01:00:00,3.0,3.15,2.75,3.3,6.89,6.63,6.22,6.87,7.07,6.8,6.38,7.04,7.22,6.94,6.51,7.19,66,63,61,63,-2.7,-2.3,-2.3,-2.3
2026-02-02 02:00:00,2.95,2.95,2.9,3.3,6.58,6.41,6.39,6.93,6.75,6.57,6.56,7.11,6.89,6.71,6.69,7.26,64,63,61,62,-3.1,-2.7,-2.5,-2.5
2026-02-02 03:00:00,3.87,3.35,3.41,3.57,7.17,6.3,6.37,6.67,7.36,6.46,6.53,6.84,7.51,6.6,6.67,6.99,62,64,62,62,-1.8,-1.7,-1.3,-1.5
2026-02-02 04:00:00,4.25,3.7,3.58,3.58,8.54,7.61,7.04,7.28,8.77,7.8,7.22,7.47,8.95,7.97,7.37,7.63,64,63,62,61,1.6,1.7,2.0,1.8
2026-02-02 05:00:00,4.95,4.64,4.39,4.33,7.16,6.6,6.38,6.42,7.35,6.77,6.55,6.59,7.5,6.91,6.68,6.72,60,56,57,56,4.2,4.1,4.8,4.3
2026-02-02 06:00:00,6.19,5.24,5.29,5.61,8.38,7.07,7.13,7.68,8.6,7.25,7.31,7.88,8.78,7.4,7.46,8.04,56,53,54,54,6.0,5.7,6.5,6.3
2026-02-02 07:00:00,6.55,5.6,5.9,6.14,8.84,7.47,7.99,8.32,9.07,7.66,8.2,8.53,9.26,7.82,8.37,8.71,56,54,55,55,6.9,6.9,7.8,7.4
2026-02-02 08:00:00,6.74,5.85,6.49,6.61,9.17,7.86,8.79,9.11,9.41,8.06,9.01,9.35,9.61,8.23,9.2,9.54,54,54,56,55,7.6,7.8,8.6,8.4
2026-02-02 09:00:00,6.45,5.88,6.15,6.25,9.2,8.07,8.61,8.84,9.44,8.28,8.84,9.07,9.64,8.45,9.02,9.26,54,53,55,55,7.9,8.0,8.7,8.4
2026-02-02 10:00:00,5.2,4.95,4.67,5.1,8.08,7.64,7.28,8.09,8.29,7.84,7.47,8.3,8.46,8.0,7.63,8.47,51,52,52,54,7.1,7.2,7.8,7.6
2026-02-02 11:00:00,3.89,3.88,1.51,4.04,7.57,7.42,4.11,7.68,7.77,7.62,4.22,7.88,7.93,7.77,4.31,8.04,54,60,41,58,5.3,5.3,5.0,5.6
2026-02-02 12:00:00,0.15,2.01,2.18,0.52,2.62,5.3,5.51,3.36,2.69,5.44,5.66,3.44,2.75,5.55,5.77,3.52,42,62,64,62,2.0,1.7,1.8,2.0
2026-02-02 13:00:00,1.05,1.5,1.59,1.05,1.61,3.81,4.19,1.52,1.65,3.91,4.3,1.56,1.68,3.99,4.39,1.59,178,69,67,174,0.6,0.6,0.6,1.0
2026-02-02 14:00:00,1.19,1.05,1.44,1.03,2.01,2.99,3.75,1.77,2.07,3.07,3.85,1.82,2.11,3.13,3.93,1.85,97,66,64,188,0.2,0.0,0.0,0.5
2026-02-02 15:00:00,2.3,1.25,1.63,0.61,5.29,3.03,4.32,1.35,5.42,3.11,4.43,1.39,5.54,3.18,4.52,1.42,67,66,62,210,0.8,-0.4,-0.6,1.5
2026-02-02 16:00:00,2.2,1.39,1.62,0.62,5.6,3.6,4.47,1.55,5.75,3.69,4.59,1.59,5.87,3.77,4.68,1.62,65,63,61,204,0.7,-1.1,-1.0,1.7
2026-02-02 17:00:00,1.81,1.46,1.17,0.64,4.91,3.58,3.34,1.32,5.04,3.67,3.43,1.36,5.15,3.75,3.5,1.39,60,70,67,174,-0.1,-1.1,-1.7,1.9
2026-02-02 18:00:00,2.04,1.74,1.42,0.58,5.27,3.87,2.53,1.27,5.41,3.97,2.6,1.3,5.52,4.05,2.65,1.33,62,76,106,176,-0.2,-0.8,-0.3,1.8
2026-02-02 19:00:00,2.38,2.17,1.7,1.05,5.87,5.06,3.79,1.17,6.03,5.19,3.89,1.2,6.15,5.29,3.97,1.23,67,71,70,85,-1.2,-0.8,0.1,0.8
2026-02-02 20:00:00,2.64,2.52,2.13,1.17,6.31,5.89,5.28,2.25,6.47,6.05,5.41,2.31,6.61,6.17,5.52,2.36,67,67,65,84,-1.3,-0.8,0.5,-0.1
2026-02-02 21:00:00,3.13,2.84,2.1,1.19,6.91,6.31,5.32,2.25,7.09,6.47,5.46,2.3,7.23,6.61,5.57,2.35,70,69,64,86,-1.7,-1.0,-0.7,-0.2
2026-02-02 22:00:00,3.36,2.84,1.79,1.19,7.41,6.35,4.94,1.76,7.6,6.52,5.07,1.81,7.76,6.65,5.17,1.84,68,69,59,95,-1.6,-1.6,-1.3,-0.4
2026-02-02 23:00:00,3.45,2.62,1.57,1.48,7.51,6.37,4.46,1.63,7.71,6.53,4.57,1.68,7.87,6.67,4.67,1.71,69,66,60,117,-1.7,-1.7,-1.7,-1.0
2026-02-03 00:00:00,4.02,1.54,1.63,1.95,8.23,4.66,4.6,4.58,8.44,4.78,4.72,4.7,8.61,4.88,4.82,4.79,68,59,62,71,-1.4,-2.4,-1.6,-0.7
2026-02-03 01:00:00,2.95,0.99,1.42,2.26,7.13,2.36,4.15,5.16,7.32,2.43,4.25,5.3,7.47,2.48,4.34,5.41,68,76,60,71,-1.9,-2.7,-2.0,-1.2
2026-02-03 02:00:00,1.75,1.45,0.96,2.15,4.86,3.34,3.16,5.06,4.99,3.43,3.24,5.19,5.09,3.5,3.31,5.29,66,71,56,73,-2.9,-2.7,-2.3,-1.6
2026-02-03 03:00:00,0.57,0.99,0.96,2.12,1.49,2.41,1.9,4.33,1.53,2.47,1.95,4.44,1.57,2.52,1.99,4.53,71,83,93,78,-1.3,-0.5,-0.2,0.0
2026-02-03 04:00:00,0.94,1.82,1.21,1.97,1.18,2.6,1.4,3.66,1.21,2.67,1.43,3.76,1.24,2.73,1.46,3.83,142,218,119,80,2.2,3.0,3.2,2.9
2026-02-03 05:00:00,0.7,2.52,1.5,1.98,0.97,3.35,1.94,2.51,0.99,3.43,1.99,2.58,1.01,3.51,2.03,2.63,131,254,258,72,4.9,5.1,4.7,4.5
2026-02-03 06:00:00,2.02,3.8,2.92,2.33,2.6,4.93,3.72,2.94,2.67,5.06,3.82,3.02,2.72,5.17,3.9,3.08,247,253,256,258,6.1,5.4,5.5,6.0
2026-02-03 07:00:00,2.61,3.61,2.84,2.28,3.29,4.69,3.62,2.9,3.37,4.82,3.71,2.97,3.44,4.92,3.79,3.04,249,260,256,253,7.4,6.0,6.4,7.2
2026-02-03 08:00:00,2.9,2.4,1.98,2.56,3.63,3.07,2.52,3.33,3.72,3.15,2.58,3.42,3.8,3.22,2.63,3.49,264,268,248,252,8.4,7.2,7.0,7.0
2026-02-03 09:00:00,2.55,2.4,2.34,2.51,3.18,3.12,2.95,3.36,3.26,3.2,3.03,3.44,3.33,3.27,3.09,3.52,266,272,248,257,8.6,7.2,7.6,6.8
2026-02-03 10:00:00,1.62,1.75,3.35,3.21,3.3,2.39,4.78,4.74,3.38,2.45,4.9,4.86,3.45,2.5,5.0,4.96,257,268,269,261,7.2,7.0,7.2,6.9
2026-02-03 11:00:00,1.66,1.4,2.17,2.15,3.64,3.12,4.65,4.91,3.73,3.2,4.77,5.03,3.81,3.27,4.87,5.14,252,267,255,257,4.9,4.4,5.1,4.9
2026-02-03 12:00:00,1.84,2.11,1.8,3.67,3.8,4.74,4.03,6.92,3.9,4.86,4.14,7.1,3.98,4.96,4.22,7.25,239,266,245,235,2.2,1.2,1.7,3.4
2026-02-03 13:00:00,2.19,2.13,2.7,3.67,4.81,4.32,5.89,6.54,4.93,4.44,6.04,6.71,5.04,4.53,6.16,6.85,250,230,244,233,1.1,2.2,2.1,3.6
2026-02-03 14:00:00,2.07,3.24,3.85,3.56,4.51,6.26,7.45,6.07,4.62,6.42,7.64,6.22,4.72,6.56,7.8,6.35,231,238,249,226,2.8,2.4,2.1,3.4
2026-02-03 15:00:00,2.26,3.61,3.68,3.1,5.14,7.05,6.91,5.45,5.28,7.23,7.09,5.59,5.39,7.38,7.23,5.71,257,246,250,223,1.9,2.5,2.2,3.2
2026-02-03 16:00:00,3.88,3.05,3.8,2.67,6.92,6.37,6.55,5.05,7.1,6.54,6.72,5.18,7.25,6.67,6.85,5.29,238,249,238,233,2.1,1.8,2.1,3.3
2026-02-03 17:00:00,4.08,3.18,3.58,3.08,7.53,6.2,6.44,5.89,7.73,6.36,6.6,6.05,7.89,6.49,6.74,6.17,240,252,238,240,2.8,1.8,2.5,3.2
2026-02-03 18:00:00,2.05,3.19,2.8,2.97,4.47,6.44,5.21,5.75,4.59,6.6,5.34,5.9,4.68,6.74,5.45,6.03,241,246,232,243,2.7,2.5,2.8,2.6
2026-02-03 19:00:00,2.15,2.68,2.7,2.45,3.79,6.13,5.15,5.46,3.89,6.29,5.28,5.6,3.97,6.42,5.39,5.71,233,258,241,253,2.7,1.7,2.7,2.2
2026-02-03 20:00:00,3.08,3.6,3.53,4.35,6.04,7.06,6.01,7.39,6.2,7.24,6.17,7.59,6.33,7.39,6.29,7.74,246,251,229,245,3.0,2.0,2.7,1.7
2026-02-03 21:00:00,2.55,3.17,3.52,4.17,5.48,6.32,6.39,6.91,5.63,6.48,6.56,7.09,5.74,6.62,6.7,7.24,240,250,232,234,2.7,2.5,2.8,1.8
2026-02-03 22:00:00,1.59,3.14,3.61,3.76,4.04,6.21,6.61,5.95,4.15,6.37,6.78,6.11,4.23,6.5,6.92,6.23,257,255,246,220,2.1,2.6,2.8,1.8
2026-02-03 23:00:00,2.07,3.11,4.34,3.04,4.49,6.0,7.42,5.08,4.61,6.16,7.62,5.21,4.7,6.28,7.77,5.32,255,249,255,221,2.0,2.6,2.3,1.7
2026-02-04 00:00:00,2.84,4.31,4.01,3.21,5.08,7.42,6.39,5.58,5.21,7.61,6.55,5.73,5.32,7.77,6.69,5.85,236,241,228,236,2.5,2.6,2.4,3.0
2026-02-04 01:00:00,2.77,3.79,3.31,3.28,5.16,6.7,6.0,5.6,5.29,6.87,6.16,5.75,5.4,7.01,6.29,5.87,231,241,238,233,2.3,2.5,2.4,3.1
2026-02-04 02:00:00,2.91,3.83,3.48,2.66,5.43,6.8,6.13,5.09,5.57,6.98,6.29,5.22,5.68,7.12,6.42,5.33,230,238,242,231,2.5,2.4,2.3,2.6
2026-02-04 03:00:00,2.93,3.75,3.98,2.94,5.34,6.82,6.97,5.04,5.48,7.0,7.15,5.17,5.59,7.14,7.3,5.28,236,244,232,218,2.8,2.6,2.5,2.7
2026-02-04 04:00:00,3.02,4.15,3.26,2.8,4.9,6.97,6.0,4.27,5.02,7.15,6.16,4.38,5.13,7.3,6.28,4.47,227,232,236,215,2.9,3.1,3.0,4.7
2026-02-04 05:00:00,3.76,4.41,2.97,1.79,5.9,6.87,5.06,2.26,6.05,7.05,5.19,2.32,6.18,7.2,5.3,2.36,216,232,241,237,3.8,3.7,3.7,6.5
2026-02-04 06:00:00,4.04,3.97,3.36,3.26,6.03,5.45,5.08,4.76,6.18,5.59,5.21,4.89,6.31,5.71,5.32,4.99,240,238,244,250,5.6,4.7,4.9,2.8
2026-02-04 07:00:00,3.4,3.99,3.05,3.83,4.49,5.1,3.94,4.92,4.61,5.23,4.04,5.05,4.71,5.34,4.12,5.16,233,243,234,234,7.0,6.2,6.0,3.7
2026-02-04 08:00:00,3.14,4.0,3.04,4.05,4.03,5.06,3.82,5.18,4.14,5.19,3.91,5.31,4.22,5.29,4.0,5.42,243,251,245,235,8.1,7.6,7.8,4.6
2026-02-04 09:00:00,3.03,3.81,3.4,3.9,3.81,4.86,4.29,4.89,3.91,4.99,4.41,5.02,3.99,5.09,4.5,5.13,257,254,261,235,9.0,8.0,8.3,4.9
2026-02-04 10:00:00,2.46,3.39,3.19,3.91,3.15,4.46,4.1,5.0,3.23,4.57,4.21,5.13,3.29,4.67,4.3,5.23,257,250,254,225,8.7,7.4,7.8,4.8
2026-02-04 11:00:00,0.9,1.79,1.73,3.32,2.33,3.75,3.39,4.99,2.39,3.85,3.48,5.12,2.44,3.93,3.55,5.22,233,244,235,219,6.7,6.0,6.3,4.2
2026-02-04 12:00:00,0.3,1.03,1.37,0.64,1.02,2.69,2.77,2.14,1.04,2.76,2.84,2.19,1.07,2.82,2.9,2.24,107,238,219,246,3.6,2.9,2.7,2.6
2026-02-04 13:00:00,2.2,0.66,0.78,0.21,5.26,1.68,0.71,1.27,5.4,1.72,0.73,1.3,5.51,1.76,0.74,1.33,61,253,196,293,1.4,1.9,1.1,1.6
2026-02-04 14:00:00,2.98,1.75,2.07,0.65,6.15,3.16,4.92,1.38,6.31,3.24,5.05,1.42,6.44,3.31,5.16,1.45,66,56,54,48,1.6,0.6,0.6,0.8
2026-02-04 15:00:00,3.61,2.75,3.01,2.52,7.19,5.87,6.37,5.6,7.38,6.02,6.54,5.75,7.53,6.15,6.67,5.87,63,66,67,63,1.0,1.0,0.8,0.9
2026-02-04 16:00:00,3.85,3.01,3.4,3.18,7.37,6.33,7.02,6.34,7.57,6.49,7.2,6.51,7.72,6.63,7.35,6.64,61,66,63,63,0.2,0.1,0.3,-0.6
2026-02-04 17:00:00,3.93,3.36,3.75,3.85,7.5,6.76,7.47,7.39,7.69,6.93,7.67,7.59,7.85,7.08,7.82,7.74,59,64,59,61,-0.4,-0.7,-0.3,-1.7
2026-02-04 18:00:00,4.87,3.92,3.65,3.94,8.17,7.44,7.2,7.39,8.39,7.63,7.38,7.59,8.56,7.79,7.54,7.74,63,61,62,61,-0.4,-1.3,-0.9,-1.1
2026-02-04 19:00:00,5.02,4.62,4.1,4.35,8.29,8.3,7.55,7.69,8.51,8.52,7.75,7.89,8.68,8.69,7.91,8.06,66,60,61,62,0.2,-1.3,-0.9,-1.2
2026-02-04 20:00:00,5.0,5.22,4.44,4.92,7.96,8.88,7.85,8.17,8.17,9.11,8.05,8.39,8.34,9.3,8.22,8.56,68,61,63,63,0.3,-0.9,-0.9,-0.9
2026-02-04 21:00:00,5.29,5.64,4.95,5.46,8.45,9.47,8.35,8.95,8.67,9.71,8.57,9.18,8.84,9.91,8.75,9.37,72,66,66,67,0.5,-0.4,-0.4,-0.6
2026-02-04 22:00:00,5.89,5.98,5.06,5.9,9.22,9.82,8.56,9.57,9.46,10.07,8.78,9.82,9.65,10.28,8.97,10.02,73,71,69,70,0.7,-0.1,-0.4,-0.4
2026-02-04 23:00:00,6.47,6.2,5.62,6.47,10.05,10.15,9.42,10.36,10.31,10.41,9.66,10.63,10.52,10.63,9.86,10.85,75,74,72,74,0.9,0.2,-0.4,0.1
2026-02-05 00:00:00,7.04,6.75,6.32,6.8,10.84,10.7,10.14,10.24,11.12,10.98,10.41,10.51,11.35,11.2,10.62,10.73,79,77,75,74,0.8,1.1,0.5,1.3
2026-02-05 01:00:00,7.77,7.47,7.02,6.83,11.79,11.41,10.91,10.55,12.09,11.71,11.19,10.82,12.34,11.95,11.42,11.04,77,79,76,77,1.3,1.5,1.0,1.4
2026-02-05 02:00:00,7.91,7.57,7.03,6.87,12.11,11.59,11.04,10.67,12.42,11.89,11.33,10.95,12.68,12.13,11.56,11.18,80,80,79,81,1.2,1.4,0.9,1.3
2026-02-05 03:00:00,7.62,7.77,7.31,7.14,11.65,11.68,11.22,11.05,11.95,11.98,11.51,11.34,12.2,12.23,11.75,11.57,83,83,79,80,1.8,2.0,1.6,1.7
2026-02-05 04:00:00,7.66,7.05,7.31,7.51,11.05,11.31,10.31,11.19,11.34,11.6,10.58,11.48,11.57,11.84,10.79,11.72,81,78,77,76,2.9,3.2,2.8,3.2
2026-02-05 05:00:00,8.02,8.02,7.65,8.39,11.06,11.16,10.62,11.69,11.35,11.45,10.9,11.99,11.58,11.69,11.12,12.24,78,77,78,75,4.4,4.9,4.4,5.2
2026-02-05 06:00:00,8.48,8.43,8.66,8.35,11.47,11.46,11.86,11.24,11.77,11.75,12.16,11.53,12.01,12.0,12.41,11.77,79,75,76,78,6.3,6.7,5.9,6.3
2026-02-05 07:00:00,8.19,8.65,9.06,8.67,11.09,11.79,12.32,11.77,11.38,12.09,12.64,12.07,11.62,12.35,12.9,12.32,74,74,75,78,7.2,7.9,7.3,7.5
2026-02-05 08:00:00,6.9,7.99,8.43,8.55,9.26,10.93,11.45,11.63,9.5,11.22,11.75,11.94,9.7,11.45,11.99,12.18,70,73,72,77,7.9,8.3,7.7,8.3
2026-02-05 09:00:00,6.31,7.25,7.56,8.04,8.49,9.9,10.34,11.09,8.71,10.16,10.6,11.38,8.89,10.37,10.82,11.61,66,69,69,76,8.0,8.5,7.9,8.6
2026-02-05 10:00:00,5.48,5.94,5.98,7.1,7.55,8.28,8.44,10.24,7.75,8.5,8.65,10.5,7.91,8.67,8.83,10.72,61,63,64,73,7.5,8.0,7.3,8.0
2026-02-05 11:00:00,4.59,4.68,4.91,6.23,7.58,7.74,8.11,9.89,7.78,7.94,8.32,10.15,7.94,8.1,8.49,10.36,68,68,65,79,6.2,6.4,5.9,6.6
2026-02-05 12:00:00,3.62,3.36,4.38,4.79,7.28,6.85,8.25,8.67,7.47,7.03,8.46,8.89,7.63,7.17,8.64,9.07,80,74,73,85,2.9,2.9,3.4,3.9
2026-02-05 13:00:00,3.35,2.99,3.4,4.41,7.04,6.34,6.99,8.35,7.23,6.5,7.17,8.56,7.38,6.64,7.32,8.74,76,78,80,87,0.6,-0.1,1.1,1.7
2026-02-05 14:00:00,3.56,3.18,3.23,3.91,7.26,6.42,6.43,7.82,7.45,6.59,6.6,8.02,7.6,6.73,6.74,8.18,71,78,83,82,-0.5,-1.1,-0.3,0.7
2026-02-05 15:00:00,3.68,3.44,3.37,3.17,7.18,6.68,6.57,6.7,7.37,6.86,6.74,6.87,7.52,7.0,6.88,7.02,72,78,81,79,-0.9,-1.1,-0.6,-0.2
2026-02-05 16:00:00,3.57,3.29,3.3,2.93,6.96,6.7,6.55,6.34,7.14,6.88,6.72,6.5,7.28,7.02,6.86,6.63,74,72,77,76,-1.2,-1.1,-0.6,-0.6
2026-02-05 17:00:00,3.3,2.84,3.43,3.21,6.85,6.2,6.81,6.64,7.02,6.36,6.99,6.82,7.17,6.49,7.13,6.96,70,72,72,76,-1.3,-1.5,-1.0,-0.7
2026-02-05 18:00:00,2.83,2.97,2.8,3.08,6.41,6.4,6.18,6.58,6.58,6.57,6.34,6.75,6.71,6.7,6.47,6.89,70,69,70,73,-1.1,-1.4,-1.6,-1.4
2026-02-05 19:00:00,2.43,2.6,2.52,3.11,5.92,6.03,5.91,6.57,6.07,6.18,6.06,6.74,6.2,6.31,6.19,6.88,67,67,65,72,-1.6,-1.6,-0.9,-1.7
2026-02-05 20:00:00,2.2,2.22,2.39,2.83,5.62,5.35,5.54,6.32,5.77,5.49,5.68,6.48,5.89,5.6,5.8,6.62,64,67,65,70,-1.6,-1.9,-0.8,-1.6
2026-02-05 21:00:00,1.95,1.92,2.4,2.02,5.17,4.99,5.26,5.2,5.3,5.12,5.39,5.33,5.41,5.23,5.5,5.44,64,63,71,67,-1.6,-2.0,-1.1,-1.8
2026-02-05 22:00:00,2.06,1.61,1.84,1.1,5.3,4.61,4.9,3.65,5.44,4.73,5.03,3.74,5.55,4.83,5.14,3.82,62,59,63,56,-1.5,-1.8,-0.3,-1.9
2026-02-05 23:00:00,1.92,1.07,1.26,1.85,5.34,2.93,2.98,1.93,5.48,3.01,3.06,1.98,5.59,3.07,3.12,2.03,63,75,85,139,-1.3,-1.4,0.5,-0.9
2026-02-06 00:00:00,1.79,1.2,2.43,1.55,4.22,2.84,2.99,1.59,4.33,2.92,3.06,1.63,4.42,2.98,3.13,1.67,79,84,214,153,-1.2,-0.8,0.6,0.2
2026-02-06 01:00:00,1.39,1.48,3.58,3.43,3.44,1.97,7.76,7.38,3.53,2.02,7.97,7.57,3.6,2.06,8.13,7.73,74,171,260,260,-0.8,0.2,1.2,0.8
2026-02-06 02:00:00,0.16,2.65,2.16,2.94,1.08,5.94,5.63,6.21,1.1,6.09,5.78,6.37,1.13,6.22,5.9,6.5,95,258,264,261,0.5,1.3,0.3,0.6
2026-02-06 03:00:00,2.1,3.94,2.09,2.65,4.24,7.1,5.14,5.57,4.35,7.29,5.28,5.71,4.44,7.44,5.39,5.83,247,259,260,256,1.4,1.6,1.9,2.2
2026-02-06 04:00:00,3.06,3.4,4.87,4.24,5.39,5.34,8.29,6.78,5.53,5.48,8.5,6.95,5.65,5.6,8.68,7.1,252,260,259,258,2.6,3.0,4.3,4.0
2026-02-06 05:00:00,3.06,2.1,7.74,7.21,5.01,2.7,13.11,12.48,5.14,2.77,13.45,12.8,5.25,2.83,13.73,13.07,243,242,269,265,3.9,4.5,6.7,6.0
2026-02-06 06:00:00,3.2,3.75,7.8,7.78,4.49,5.19,11.13,12.25,4.61,5.33,11.42,12.57,4.7,5.44,11.65,12.83,249,260,258,264,5.5,5.4,7.3,6.1
2026-02-06 07:00:00,3.33,6.22,8.83,6.89,4.41,8.58,12.3,9.92,4.52,8.8,12.61,10.18,4.62,8.99,12.88,10.39,264,261,257,259,6.2,6.5,6.8,6.8
2026-02-06 08:00:00,4.23,6.61,8.76,9.11,5.92,9.49,12.28,12.72,6.07,9.74,12.6,13.05,6.2,9.94,12.86,13.32,265,257,255,259,6.7,5.7,6.7,6.8
2026-02-06 09:00:00,7.43,8.23,9.12,9.14,10.62,11.43,12.73,12.65,10.9,11.73,13.06,12.98,11.13,11.97,13.33,13.25,260,261,255,252,6.9,5.7,6.6,6.0
2026-02-06 10:00:00,8.64,8.98,8.46,8.96,12.59,12.52,12.75,12.67,12.92,12.85,13.08,13.0,13.18,13.11,13.35,13.27,255,259,254,250,5.9,5.4,4.8,5.6
2026-02-06 11:00:00,9.84,9.0,7.87,8.63,14.77,13.38,12.13,12.9,15.15,13.73,12.45,13.23,15.46,14.01,12.7,13.51,254,257,255,249,4.6,4.5,4.5,4.6
2026-02-06 12:00:00,8.73,9.55,9.18,8.54,13.39,14.49,13.85,13.22,13.74,14.87,14.21,13.56,14.02,15.18,14.51,13.84,256,255,251,241,3.8,4.1,3.6,2.5
2026-02-06 13:00:00,8.4,10.48,8.71,8.03,12.76,15.59,13.3,12.64,13.09,16.0,13.65,12.97,13.36,16.33,13.93,13.24,257,256,251,248,2.7,2.7,2.9,1.9
2026-02-06 14:00:00,8.33,9.36,8.84,7.2,12.69,14.1,13.5,11.26,13.02,14.47,13.85,11.55,13.29,14.77,14.13,11.79,261,257,249,258,0.8,1.3,2.6,1.3
2026-02-06 15:00:00,7.64,9.06,9.0,6.26,11.82,13.79,13.6,9.91,12.13,14.15,13.95,10.17,12.38,14.44,14.24,10.38,262,252,250,260,0.4,1.2,2.1,0.5
2026-02-06 16:00:00,7.7,8.67,8.12,5.85,11.66,13.15,12.65,9.28,11.96,13.49,12.98,9.52,12.21,13.77,13.25,9.72,253,252,252,259,0.6,1.0,1.4,0.5
2026-02-06 17:00:00,7.81,7.37,7.29,5.72,11.9,11.17,11.57,9.04,12.21,11.46,11.87,9.28,12.47,11.69,12.11,9.47,255,254,254,263,0.8,0.8,1.4,0.6
2026-02-06 18:00:00,6.66,4.73,7.7,5.91,10.33,7.58,11.64,9.46,10.6,7.78,11.95,9.7,10.82,7.94,12.19,9.9,257,260,245,262,0.5,0.4,1.4,0.8
2026-02-06 19:00:00,5.74,3.79,6.7,5.11,8.84,6.14,10.42,8.33,9.07,6.3,10.69,8.54,9.26,6.43,10.91,8.72,256,248,243,260,0.1,0.1,1.4,0.5
2026-02-06 20:00:00,4.88,3.54,6.43,4.14,7.73,5.62,10.08,6.58,7.93,5.77,10.34,6.75,8.09,5.89,10.55,6.89,249,243,245,251,-0.1,-0.1,1.3,0.1
2026-02-06 21:00:00,4.56,3.72,5.77,3.55,7.15,6.06,9.22,5.69,7.34,6.22,9.46,5.84,7.49,6.35,9.66,5.96,236,241,248,242,-0.2,-0.1,1.1,-0.1
2026-02-06 22:00:00,4.07,3.51,4.9,2.88,6.59,5.91,7.92,4.77,6.76,6.06,8.13,4.9,6.9,6.19,8.29,5.0,232,245,256,243,-0.4,-0.3,0.7,-0.2
2026-02-06 23:00:00,2.76,3.34,4.44,2.44,5.16,5.72,7.31,4.18,5.3,5.87,7.49,4.29,5.41,5.99,7.65,4.37,236,247,255,236,-0.4,-0.5,-0.1,-0.3
2026-02-07 00:00:00,2.3,1.64,2.75,4.36,4.75,3.83,5.28,6.88,4.88,3.93,5.41,7.06,4.98,4.01,5.53,7.2,206,239,249,247,-0.7,-0.8,-1.1,-0.5
2026-02-07 01:00:00,0.2,0.91,2.07,3.64,0.39,2.48,4.37,6.28,0.4,2.55,4.48,6.44,0.41,2.6,4.58,6.57,187,228,239,242,-2.2,-1.9,-1.0,-1.2
2026-02-07 02:00:00,1.27,0.07,0.66,2.8,2.82,0.88,2.38,5.08,2.89,0.91,2.44,5.21,2.95,0.92,2.49,5.31,23,276,239,229,-3.1,-2.2,-1.5,-1.4
2026-02-07 03:00:00,2.61,0.3,0.4,1.6,4.01,0.57,0.84,3.42,4.11,0.59,0.86,3.51,4.2,0.6,0.88,3.59,63,340,324,204,-1.4,-1.1,-0.4,-0.8
2026-02-07 04:00:00,3.27,1.31,1.61,0.16,4.69,1.31,1.92,0.75,4.81,1.34,1.97,0.76,4.91,1.37,2.01,0.78,65,45,336,191,0.5,0.5,0.6,0.4
2026-02-07 05:00:00,4.65,2.73,1.69,1.33,6.16,3.16,1.9,2.39,6.32,3.24,1.95,2.45,6.46,3.31,1.99,2.5,55,52,347,321,1.5,1.6,2.0,1.2
2026-02-07 06:00:00,5.69,4.39,2.89,1.81,7.28,5.45,3.39,2.03,7.47,5.59,3.48,2.08,7.62,5.7,3.55,2.12,53,56,40,350,2.5,2.4,1.8,2.0
2026-02-07 07:00:00,5.17,4.84,3.68,1.62,6.46,6.0,4.4,1.75,6.63,6.16,4.51,1.79,6.77,6.28,4.61,1.83,52,56,51,23,3.0,3.8,2.6,2.8
2026-02-07 08:00:00,5.03,4.81,4.12,1.84,6.33,5.94,5.02,2.0,6.49,6.09,5.15,2.06,6.62,6.22,5.26,2.1,56,48,54,49,3.4,3.3,3.0,3.1
2026-02-07 09:00:00,4.0,4.11,3.96,2.1,5.01,5.07,4.89,2.45,5.14,5.2,5.02,2.51,5.24,5.31,5.13,2.56,49,47,52,59,4.0,2.7,2.8,3.1
2026-02-07 10:00:00,3.57,2.92,3.34,2.73,4.49,3.58,4.17,3.31,4.6,3.68,4.28,3.4,4.7,3.75,4.37,3.47,41,44,45,49,3.6,2.1,2.0,2.9
2026-02-07 11:00:00,2.33,1.81,2.43,3.3,3.88,2.27,3.29,4.59,3.99,2.33,3.37,4.71,4.07,2.38,3.44,4.8,24,45,58,47,2.2,1.3,0.9,2.1
2026-02-07 12:00:00,2.84,0.07,0.46,0.82,5.31,0.59,1.48,2.98,5.45,0.61,1.52,3.05,5.56,0.62,1.55,3.12,271,99,117,50,0.9,0.1,-0.3,-0.2
2026-02-07 13:00:00,3.69,2.78,2.44,3.45,6.17,4.98,4.31,5.67,6.33,5.11,4.43,5.81,6.46,5.21,4.52,5.93,265,250,256,262,0.3,0.1,0.0,0.4
2026-02-07 14:00:00,4.1,4.57,4.31,5.76,6.64,7.4,6.92,8.97,6.82,7.59,7.1,9.2,6.96,7.75,7.24,9.39,239,246,255,262,0.2,0.0,-0.2,-0.1
2026-02-07 15:00:00,3.79,5.55,4.47,6.82,6.51,8.71,7.03,10.53,6.68,8.94,7.22,10.8,6.82,9.12,7.36,11.02,239,247,249,252,-0.1,-0.3,-0.3,-0.5
2026-02-07 16:00:00,4.23,6.46,4.64,5.77,7.15,9.91,7.3,9.18,7.34,10.17,7.49,9.42,7.49,10.38,7.65,9.62,248,251,245,256,-0.5,-0.5,-0.9,-0.6
2026-02-07 17:00:00,4.97,6.83,5.56,5.23,7.8,10.31,8.69,8.48,8.0,10.57,8.92,8.7,8.17,10.79,9.1,8.88,252,256,252,251,-0.8,-0.7,-1.2,-1.1
2026-02-07 18:00:00,5.11,7.12,5.99,6.04,8.3,10.78,9.25,9.36,8.51,11.06,9.49,9.6,8.69,11.29,9.68,9.8,267,255,252,253,-0.7,-1.3,-1.4,-0.8
2026-02-07 19:00:00,4.71,7.08,6.51,6.29,7.83,11.29,10.06,9.73,8.03,11.59,10.32,9.99,8.2,11.83,10.54,10.19,262,254,261,260,-1.0,-1.6,-1.7,-1.5
2026-02-07 20:00:00,4.54,7.07,5.87,6.41,7.54,11.14,9.06,10.16,7.74,11.43,9.3,10.43,7.9,11.67,9.49,10.64,256,251,258,246,-1.2,-1.8,-2.2,-2.5
2026-02-07 21:00:00,5.16,6.55,5.87,6.02,8.31,10.33,9.42,9.81,8.52,10.59,9.67,10.06,8.7,10.81,9.87,10.27,251,251,249,244,-1.5,-1.8,-2.7,-2.1
2026-02-07 22:00:00,5.78,5.67,5.87,5.57,9.68,9.31,9.48,8.74,9.93,9.55,9.73,8.97,10.14,9.75,9.93,9.15,245,245,245,242,-1.5,-2.0,-2.8,-1.6
2026-02-07 23:00:00,5.71,4.95,5.45,4.95,9.13,8.18,8.81,8.05,9.37,8.39,9.04,8.26,9.56,8.56,9.22,8.43,242,236,239,239,-1.0,-1.8,-2.2,-1.6
2026-02-08 00:00:00,5.31,4.62,4.28,5.32,8.48,7.77,7.11,8.75,8.7,7.97,7.29,8.98,8.88,8.13,7.45,9.16,235,228,237,230,-0.8,-1.3,-1.1,-1.8
2026-02-08 01:00:00,4.55,4.39,3.96,4.91,7.74,7.43,6.7,8.26,7.94,7.62,6.88,8.47,8.1,7.78,7.02,8.65,239,234,236,221,-0.6,-1.0,-1.0,-1.8
2026-02-08 02:00:00,3.13,3.58,3.48,4.25,5.84,6.57,6.15,7.63,5.99,6.74,6.31,7.82,6.12,6.88,6.44,7.99,242,233,246,219,-0.6,-1.1,-1.0,-1.6
2026-02-08 03:00:00,1.95,2.27,3.36,3.54,4.37,4.9,5.74,6.76,4.48,5.02,5.89,6.93,4.57,5.13,6.01,7.08,235,223,240,223,-0.6,-0.4,-0.7,-1.4
2026-02-08 04:00:00,1.5,1.61,3.01,2.83,2.68,3.34,4.78,5.31,2.75,3.43,4.9,5.45,2.8,3.5,5.01,5.56,237,217,219,228,0.1,0.9,-0.2,0.0
2026-02-08 05:00:00,0.92,1.3,1.91,2.68,1.75,2.52,3.41,4.37,1.79,2.58,3.5,4.48,1.83,2.63,3.57,4.57,247,238,226,235,0.5,1.8,1.1,0.9
2026-02-08 06:00:00,0.78,1.11,0.96,2.42,1.11,2.12,1.88,2.95,1.14,2.17,1.93,3.02,1.16,2.22,1.97,3.08,151,247,253,231,3.2,2.3,2.6,1.5
2026-02-08 07:00:00,0.85,0.5,0.53,1.46,1.64,1.13,0.95,1.67,1.69,1.15,0.97,1.71,1.72,1.18,0.99,1.74,78,252,305,249,3.6,3.0,3.2,3.0
2026-02-08 08:00:00,1.97,0.25,0.96,0.35,3.64,0.69,1.68,0.3,3.74,0.71,1.72,0.3,3.81,0.72,1.76,0.31,65,45,36,279,4.3,3.5,3.7,3.1
2026-02-08 09:00:00,3.52,1.5,2.39,1.24,5.8,2.86,4.08,1.42,5.95,2.93,4.19,1.46,6.07,2.99,4.27,1.49,63,65,61,59,4.3,2.9,4.0,3.4
2026-02-08 10:00:00,4.72,3.2,4.12,3.21,7.85,5.76,6.89,3.97,8.05,5.91,7.07,4.07,8.22,6.03,7.22,4.15,65,65,61,62,3.9,3.7,3.4,3.9
2026-02-08 11:00:00,5.39,4.54,5.37,4.76,9.21,8.33,9.33,7.45,9.45,8.55,9.57,7.64,9.65,8.73,9.77,7.8,69,66,65,60,2.8,2.0,2.1,2.0
2026-02-08 12:00:00,6.14,6.28,5.9,5.54,10.37,10.44,9.99,10.04,10.64,10.71,10.25,10.3,10.86,10.93,10.46,10.51,77,73,70,68,0.8,0.7,-0.1,-0.1
2026-02-08 13:00:00,6.17,6.42,6.35,6.79,10.57,10.59,10.61,11.55,10.84,10.86,10.89,11.85,11.07,11.09,11.12,12.09,81,79,76,75,-0.6,-0.8,-1.7,-1.6
2026-02-08 14:00:00,6.79,6.82,6.8,6.65,11.15,11.16,11.28,11.2,11.44,11.45,11.57,11.49,11.68,11.69,11.81,11.73,79,78,78,78,-1.0,-1.6,-2.4,-2.4
2026-02-08 15:00:00,7.42,7.39,7.29,7.27,11.57,11.49,11.47,11.95,11.87,11.79,11.77,12.26,12.12,12.03,12.01,12.52,80,80,78,75,-0.4,-1.2,-2.2,-3.0
2026-02-08 16:00:00,7.4,7.58,7.48,7.69,11.66,11.68,11.41,12.05,11.96,11.99,11.71,12.37,12.21,12.23,11.95,12.62,81,81,79,79,-0.9,-1.2,-1.9,-2.4
2026-02-08 17:00:00,7.72,7.84,7.71,7.74,12.13,12.08,11.73,12.05,12.45,12.4,12.04,12.36,12.7,12.66,12.29,12.62,83,85,83,84,-1.3,-1.3,-1.9,-1.9
2026-02-08 18:00:00,8.31,7.67,7.81,8.06,12.97,11.96,12.11,12.31,13.31,12.27,12.43,12.63,13.59,12.53,12.69,12.89,92,86,86,86,-0.9,-1.4,-1.7,-1.6
2026-02-08 19:00:00,7.38,7.37,7.5,7.57,11.89,11.56,11.85,11.89,12.2,11.87,12.16,12.2,12.45,12.11,12.41,12.45,90,87,88,89,-1.0,-1.3,-1.7,-2.0
2026-02-08 20:00:00,7.28,7.41,7.38,7.27,11.89,11.78,11.76,11.65,12.2,12.09,12.07,11.95,12.45,12.34,12.32,12.2,90,85,87,90,-1.1,-1.3,-1.7,-2.0
2026-02-08 21:00:00,7.36,7.17,7.3,7.46,11.8,11.61,11.8,12.09,12.11,11.92,12.1,12.41,12.36,12.16,12.35,12.66,88,87,89,88,-1.1,-1.5,-1.7,-2.0
2026-02-08 22:00:00,7.12,7.28,7.06,7.21,11.46,11.91,11.45,11.85,11.76,12.22,11.74,12.16,12.0,12.47,11.99,12.41,84,87,85,88,-1.2,-1.4,-1.7,-2.0
2026-02-08 23:00:00,6.84,6.82,7.09,7.13,11.29,11.34,11.72,11.95,11.58,11.63,12.02,12.26,11.82,11.88,12.27,12.51,81,86,82,84,-1.4,-1.5,-2.0,-1.9
2026-02-09 00:00:00,6.23,6.04,6.39,6.02,10.49,10.35,10.86,10.72,10.76,10.62,11.14,11.0,10.98,10.84,11.37,11.23,82,76,79,74,-1.9,-2.5,-2.3,-2.6
2026-02-09 01:00:00,5.77,5.67,6.18,5.71,9.59,9.68,10.5,10.17,9.83,9.93,10.78,10.44,10.04,10.14,11.0,10.65,72,72,74,71,-2.8,-3.2,-2.5,-3.5
2026-02-09 02:00:00,5.72,5.64,5.98,5.78,9.82,9.61,10.06,10.28,10.07,9.86,10.32,10.55,10.28,10.06,10.54,10.77,72,73,72,71,-2.9,-3.6,-3.2,-3.9
2026-02-09 03:00:00,5.86,5.71,5.99,5.46,9.62,9.39,9.76,9.86,9.87,9.63,10.01,10.12,10.07,9.83,10.22,10.33,71,71,70,72,-2.2,-2.7,-2.5,-3.0
2026-02-09 04:00:00,5.59,5.46,5.48,4.89,9.36,9.04,9.82,9.99,9.61,9.28,10.08,10.25,9.8,9.47,10.29,10.46,66,67,67,68,0.3,-0.1,-0.3,-0.8
2026-02-09 05:00:00,6.13,5.93,6.14,4.97,9.06,9.33,8.87,8.83,9.29,9.57,9.1,9.06,9.48,9.77,9.29,9.24,66,65,62,63,3.1,2.8,2.2,1.8
2026-02-09 06:00:00,6.44,6.93,5.74,6.81,8.86,9.66,9.2,9.22,9.09,9.91,9.44,9.46,9.28,10.11,9.63,9.65,66,63,63,63,4.7,4.6,3.6,4.5
2026-02-09 07:00:00,6.93,7.25,5.93,7.03,9.42,9.85,9.37,9.55,9.67,10.11,9.62,9.8,9.87,10.32,9.81,10.0,66,64,64,65,5.9,6.6,4.1,5.9
2026-02-09 08:00:00,6.6,6.69,6.53,6.57,9.33,9.36,8.99,9.54,9.57,9.6,9.22,9.78,9.77,9.8,9.41,9.99,68,66,66,66,6.7,6.6,6.2,6.5
2026-02-09 09:00:00,5.79,5.93,6.17,5.91,8.64,9.74,9.45,10.77,8.87,9.99,9.69,11.05,9.05,10.2,9.89,11.28,68,71,71,73,6.9,7.4,6.6,6.6
2026-02-09 10:00:00,5.04,6.04,6.25,6.08,8.02,8.96,9.73,9.76,8.22,9.19,9.98,10.01,8.39,9.38,10.19,10.22,70,73,76,73,6.5,7.0,6.6,6.5
2026-02-09 11:00:00,4.62,5.38,5.68,5.13,7.75,9.1,9.49,8.71,7.95,9.33,9.74,8.93,8.12,9.53,9.94,9.12,72,74,76,71,5.4,5.7,5.5,5.3
2026-02-09 12:00:00,3.64,3.71,5.39,4.76,7.74,7.74,9.74,8.77,7.94,7.94,9.99,9.0,8.11,8.11,10.2,9.18,65,70,71,68,2.4,2.4,3.2,3.4
2026-02-09 13:00:00,2.88,2.81,4.67,3.85,6.84,6.61,8.77,7.64,7.02,6.78,9.0,7.83,7.17,6.92,9.18,8.0,63,66,72,66,0.4,-0.3,1.2,1.6
2026-02-09 14:00:00,2.45,1.8,3.91,2.97,6.34,5.23,7.97,6.58,6.51,5.37,8.18,6.75,6.64,5.48,8.35,6.89,63,56,67,63,-0.6,-1.5,-0.1,0.4
2026-02-09 15:00:00,2.17,1.37,2.68,2.07,5.41,3.71,6.34,5.54,5.55,3.8,6.5,5.69,5.67,3.88,6.63,5.8,67,65,67,61,-1.4,-1.6,-0.7,-1.1
2026-02-09 16:00:00,2.4,0.99,1.35,2.06,5.78,2.36,3.33,5.1,5.93,2.43,3.42,5.23,6.05,2.48,3.49,5.34,62,76,72,65,-0.7,-1.3,-1.6,-1.7
2026-02-09 17:00:00,1.43,0.85,1.27,1.81,4.11,1.81,1.24,5.02,4.22,1.85,1.27,5.15,4.3,1.89,1.3,5.26,68,87,206,60,-0.6,-1.0,-1.3,-1.6
2026-02-09 18:00:00,1.26,0.96,0.96,1.97,3.24,2.13,1.14,5.42,3.32,2.19,1.17,5.56,3.39,2.23,1.2,5.67,74,79,140,60,0.6,-0.5,-0.7,-1.1
2026-02-09 19:00:00,2.43,1.33,1.68,2.52,4.89,2.99,3.13,6.1,5.02,3.07,3.21,6.26,5.13,3.13,3.28,6.39,77,83,95,63,0.5,-0.8,-0.3,-0.9
2026-02-09 20:00:00,2.76,1.2,1.63,1.66,6.58,2.35,3.66,5.06,6.75,2.41,3.76,5.19,6.89,2.46,3.83,5.29,64,96,80,56,0.4,-0.3,0.4,-1.6
2026-02-09 21:00:00,1.96,1.47,1.7,1.28,5.51,2.14,3.76,3.86,5.66,2.2,3.86,3.96,5.77,2.24,3.93,4.04,63,131,80,62,-0.7,0.4,0.5,-1.9
2026-02-09 22:00:00,1.6,1.26,1.82,1.81,4.44,2.12,4.11,5.22,4.55,2.17,4.22,5.36,4.65,2.22,4.31,5.47,73,218,71,59,-0.5,0.6,1.1,-1.6
2026-02-09 23:00:00,2.12,1.59,1.93,1.79,5.08,2.96,4.61,4.71,5.21,3.04,4.73,4.84,5.31,3.1,4.83,4.94,78,226,77,83,0.1,1.5,1.1,-1.2
2026-02-10 00:00:00,1.33,0.45,1.87,1.52,2.56,1.25,4.52,3.1,2.62,1.28,4.63,3.18,2.68,1.3,4.73,3.24,98,121,83,103,1.0,2.6,0.7,0.3
2026-02-10 01:00:00,0.14,1.73,2.58,1.68,0.85,3.6,5.65,3.23,0.87,3.69,5.8,3.32,0.89,3.77,5.92,3.39,103,234,90,96,2.6,1.6,1.7,0.8
2026-02-10 02:00:00,1.9,2.09,2.05,2.73,3.56,4.4,3.33,5.01,3.65,4.52,3.41,5.14,3.73,4.61,3.48,5.25,247,244,238,251,-0.2,0.7,1.2,2.0
2026-02-10 03:00:00,1.84,2.45,2.93,3.45,3.32,5.47,5.37,6.75,3.4,5.61,5.51,6.92,3.48,5.73,5.62,7.07,240,243,249,259,1.6,3.0,2.5,2.2
2026-02-10 04:00:00,2.16,2.5,1.92,3.22,3.69,4.52,3.07,5.92,3.78,4.64,3.15,6.07,3.86,4.73,3.22,6.2,241,259,216,250,5.0,5.6,4.6,4.5
2026-02-10 05:00:00,3.44,3.76,2.84,2.62,5.69,5.19,4.93,3.53,5.84,5.33,5.06,3.62,5.96,5.44,5.16,3.69,227,246,256,229,6.2,6.0,6.1,5.3
2026-02-10 06:00:00,2.28,2.51,2.38,3.45,3.45,3.19,2.96,4.48,3.54,3.28,3.04,4.59,3.62,3.35,3.1,4.69,261,249,243,235,7.2,6.0,6.9,7.1
2026-02-10 07:00:00,3.08,2.55,3.82,3.92,3.8,3.28,4.88,5.15,3.9,3.37,5.0,5.28,3.98,3.44,5.11,5.39,234,229,248,241,7.9,7.7,7.7,7.0
2026-02-10 08:00:00,4.37,3.53,5.41,4.06,5.79,4.86,7.2,5.45,5.94,4.99,7.39,5.59,6.07,5.09,7.54,5.71,257,249,254,216,9.6,9.3,9.9,7.4
2026-02-10 09:00:00,5.24,3.91,3.68,3.65,7.19,5.84,4.79,6.58,7.38,5.99,4.92,6.75,7.53,6.12,5.02,6.89,257,257,253,239,11.4,10.2,10.5,8.9
2026-02-10 10:00:00,4.13,4.03,3.55,3.41,5.9,5.68,4.88,5.11,6.05,5.83,5.01,5.25,6.18,5.95,5.11,5.35,260,248,234,248,11.0,10.9,10.1,10.7
2026-02-10 11:00:00,2.97,3.12,2.83,2.65,4.99,5.76,5.53,5.94,5.12,5.91,5.67,6.09,5.22,6.03,5.79,6.22,219,214,210,254,8.8,7.9,8.3,7.7
2026-02-10 12:00:00,3.86,3.44,1.5,2.35,7.15,5.34,3.9,4.33,7.33,5.48,4.0,4.44,7.49,5.6,4.08,4.54,206,190,228,199,6.1,4.6,4.3,4.7
2026-02-10 13:00:00,3.52,3.16,3.0,2.33,5.83,3.83,4.25,3.74,5.98,3.93,4.36,3.83,6.1,4.01,4.46,3.91,194,168,170,149,4.0,1.9,1.8,1.9
2026-02-10 14:00:00,3.24,2.9,1.81,2.86,4.3,3.98,2.79,6.03,4.41,4.08,2.86,6.19,4.5,4.16,2.92,6.31,157,109,78,70,2.5,1.1,0.3,1.6
2026-02-10 15:00:00,3.42,3.5,3.75,4.09,5.91,6.98,7.54,8.17,6.06,7.16,7.73,8.39,6.19,7.31,7.89,8.56,87,73,68,69,1.1,1.8,1.6,2.0
2026-02-10 16:00:00,4.72,4.62,3.8,5.33,8.82,8.77,7.7,9.78,9.04,9.0,7.9,10.04,9.23,9.18,8.06,10.24,72,71,66,69,1.6,1.5,0.7,1.6
2026-02-10 17:00:00,5.71,5.4,4.42,5.7,10.37,9.92,8.57,10.36,10.64,10.18,8.79,10.63,10.86,10.39,8.98,10.85,66,65,65,68,1.4,0.9,0.5,1.6
2026-02-10 18:00:00,5.82,6.33,6.79,6.38,10.45,11.06,11.88,11.22,10.72,11.34,12.19,11.51,10.94,11.58,12.44,11.75,70,65,63,68,1.6,0.9,1.0,0.9
2026-02-10 19:00:00,6.61,6.71,5.99,6.25,11.67,11.67,10.71,10.74,11.97,11.97,10.99,11.02,12.22,12.22,11.22,11.25,70,72,70,71,2.6,1.5,1.2,1.0
2026-02-10 20:00:00,6.14,6.0,4.78,6.52,10.75,10.42,8.88,11.27,11.03,10.69,9.11,11.56,11.26,10.91,9.3,11.8,68,72,70,71,2.1,0.8,0.8,0.6
2026-02-10 21:00:00,4.72,4.43,3.97,5.39,8.78,8.35,7.88,9.63,9.0,8.57,8.08,9.88,9.19,8.75,8.25,10.09,74,72,72,71,0.8,0.0,0.3,0.4
2026-02-10 22:00:00,3.92,3.52,2.98,4.92,7.72,6.94,6.39,8.79,7.92,7.12,6.55,9.02,8.09,7.27,6.69,9.21,72,74,65,76,-0.1,-0.3,-0.1,-0.2
2026-02-10 23:00:00,1.82,2.06,1.43,3.73,4.96,4.72,3.07,7.11,5.09,4.85,3.15,7.29,5.19,4.95,3.22,7.44,60,68,90,74,-0.7,0.1,-0.2,-0.1
2026-02-11 00:00:00,1.33,2.17,1.35,1.49,2.52,3.98,3.68,1.79,2.59,4.09,3.78,1.84,2.64,4.17,3.86,1.87,131,98,62,119,-0.5,0.6,-0.7,-0.6
2026-02-11 01:00:00,4.06,0.67,1.57,1.36,5.6,2.21,2.24,1.96,5.75,2.27,2.3,2.01,5.87,2.31,2.35,2.05,195,68,132,235,1.3,-0.5,-1.3,-1.1
2026-02-11 02:00:00,3.07,1.46,1.88,3.46,3.23,2.38,2.05,5.22,3.31,2.44,2.11,5.36,3.38,2.49,2.15,5.47,175,118,158,194,1.5,-0.5,-1.2,0.9
2026-02-11 03:00:00,2.1,3.51,1.32,1.31,3.2,4.72,1.16,2.91,3.29,4.85,1.19,2.99,3.36,4.95,1.21,3.05,152,202,195,249,2.8,1.5,1.5,2.7
2026-02-11 04:00:00,3.11,1.59,2.6,4.5,4.64,3.14,4.02,8.28,4.76,3.22,4.12,8.5,4.85,3.29,4.21,8.67,78,234,216,248,5.7,6.0,6.2,3.9
2026-02-11 05:00:00,3.86,1.8,0.63,6.09,5.53,1.92,2.12,9.57,5.68,1.97,2.17,9.82,5.79,2.01,2.22,10.02,70,297,218,259,8.1,6.4,9.5,5.3
2026-02-11 06:00:00,7.0,2.28,3.32,3.81,10.1,2.92,4.26,4.56,10.36,3.0,4.37,4.68,10.57,3.06,4.46,4.77,53,118,57,264,8.8,7.6,9.5,9.4
2026-02-11 07:00:00,6.52,2.4,3.07,6.45,9.0,2.75,4.02,9.55,9.24,2.82,4.13,9.8,9.43,2.88,4.21,10.0,55,27,19,259,8.7,9.3,8.2,6.3
2026-02-11 08:00:00,4.61,1.86,0.92,6.85,6.11,2.24,1.17,10.58,6.26,2.3,1.2,10.85,6.39,2.35,1.23,11.08,25,34,185,253,8.7,8.8,9.7,4.0
2026-02-11 09:00:00,6.1,5.27,5.81,5.06,7.99,6.7,7.48,7.43,8.2,6.87,7.67,7.63,8.37,7.01,7.83,7.78,269,265,274,250,9.7,9.7,11.0,3.8
2026-02-11 10:00:00,6.83,6.75,8.56,6.63,9.86,9.94,11.91,9.53,10.11,10.2,12.22,9.78,10.32,10.41,12.47,9.98,260,270,258,239,6.3,7.8,6.3,3.4
2026-02-11 11:00:00,6.66,8.11,8.36,6.41,9.68,12.02,12.38,9.69,9.93,12.33,12.7,9.94,10.14,12.59,12.97,10.15,232,252,247,246,4.4,5.6,4.5,2.7
2026-02-11 12:00:00,7.65,7.27,8.39,6.61,11.74,11.35,12.86,10.19,12.05,11.65,13.19,10.45,12.3,11.89,13.47,10.67,239,247,248,246,2.6,3.6,3.5,2.5
2026-02-11 13:00:00,8.23,6.71,7.58,6.31,12.64,10.59,11.63,9.98,12.97,10.87,11.94,10.24,13.23,11.09,12.18,10.45,252,244,247,243,2.7,3.1,2.2,1.8
2026-02-11 14:00:00,6.96,6.23,7.5,5.62,10.78,10.0,11.7,8.96,11.06,10.26,12.01,9.19,11.29,10.48,12.26,9.38,256,244,247,242,1.4,2.4,1.4,1.5
2026-02-11 15:00:00,5.95,5.53,6.74,4.42,9.42,9.05,10.62,7.21,9.66,9.28,10.9,7.4,9.86,9.47,11.12,7.55,251,242,245,239,0.6,1.6,1.0,1.5
2026-02-11 16:00:00,5.68,5.36,6.0,4.07,9.11,8.79,9.44,6.87,9.35,9.02,9.68,7.04,9.54,9.21,9.88,7.19,243,239,240,243,0.3,1.2,0.5,1.3
2026-02-11 17:00:00,5.95,5.71,4.95,4.01,9.42,9.18,8.35,6.74,9.67,9.42,8.57,6.91,9.87,9.61,8.75,7.06,236,238,236,246,0.3,1.2,-0.2,0.8
2026-02-11 18:00:00,4.66,3.94,5.75,4.65,7.24,6.93,9.12,7.02,7.43,7.11,9.36,7.2,7.59,7.26,9.55,7.35,228,233,239,244,0.1,1.1,0.9,0.1
2026-02-11 19:00:00,3.83,3.49,4.88,3.87,6.43,6.61,7.92,5.83,6.59,6.78,8.13,5.98,6.73,6.92,8.29,6.1,229,230,237,236,0.1,0.9,0.7,0.0
2026-02-11 20:00:00,3.11,3.56,4.36,3.22,5.58,6.82,7.18,5.24,5.73,7.0,7.36,5.37,5.85,7.14,7.51,5.49,225,233,228,224,0.0,0.7,0.5,-0.3
2026-02-11 21:00:00,2.5,3.83,4.25,3.5,4.64,7.02,7.37,5.72,4.76,7.2,7.56,5.87,4.86,7.35,7.72,5.99,234,230,230,214,0.4,1.2,0.3,-0.3
2026-02-11 22:00:00,1.69,3.33,3.59,3.31,3.59,6.32,6.15,5.66,3.68,6.49,6.31,5.8,3.76,6.62,6.44,5.92,228,241,235,203,0.2,1.5,0.6,-0.2
2026-02-11 23:00:00,1.17,3.13,3.73,2.03,2.75,5.99,6.37,3.91,2.82,6.15,6.54,4.01,2.88,6.27,6.67,4.09,245,248,241,213,-0.1,1.1,0.5,-1.1
2026-02-12 00:00:00,1.18,2.55,4.07,3.33,2.89,4.72,6.54,5.6,2.96,4.84,6.71,5.74,3.02,4.95,6.85,5.86,233,239,242,237,0.4,0.8,0.1,0.5
2026-02-12 01:00:00,0.39,1.12,3.26,2.34,1.37,2.74,5.33,4.34,1.4,2.82,5.46,4.45,1.43,2.87,5.58,4.54,272,237,237,237,-0.1,0.7,-0.3,0.3
2026-02-12 02:00:00,1.26,0.99,1.89,1.22,2.53,2.31,3.51,2.9,2.59,2.37,3.61,2.97,2.65,2.42,3.68,3.03,245,298,225,234,-0.3,0.1,-0.5,-0.1
2026-02-12 03:00:00,0.46,1.03,1.36,0.81,1.0,2.05,1.91,1.25,1.03,2.1,1.96,1.28,1.05,2.15,2.0,1.31,209,288,251,231,0.2,0.1,-0.3,0.6
2026-02-12 04:00:00,1.53,1.6,1.59,1.24,1.82,1.94,1.86,1.34,1.87,1.99,1.9,1.38,1.91,2.03,1.94,1.41,352,18,293,316,0.4,0.5,0.0,1.4
2026-02-12 05:00:00,2.09,2.3,1.28,1.54,2.37,2.72,1.46,1.81,2.44,2.8,1.5,1.86,2.49,2.85,1.53,1.89,19,47,307,333,0.4,1.2,0.9,1.1
2026-02-12 06:00:00,2.06,1.63,2.07,2.87,2.34,1.83,2.55,3.45,2.41,1.87,2.62,3.54,2.45,1.91,2.67,3.61,43,44,299,44,0.2,2.0,1.4,2.4
2026-02-12 07:00:00,2.95,2.23,1.35,4.21,3.6,2.69,1.49,5.45,3.69,2.76,1.53,5.59,3.77,2.82,1.56,5.71,54,48,322,47,1.7,2.8,1.5,2.9
2026-02-12 08:00:00,2.8,2.3,1.1,3.89,3.48,2.72,1.19,5.0,3.57,2.79,1.22,5.13,3.65,2.85,1.24,5.24,47,33,341,47,2.7,3.6,2.2,3.6
2026-02-12 09:00:00,2.05,1.72,1.45,3.48,2.59,2.01,1.66,4.34,2.66,2.07,1.7,4.46,2.71,2.11,1.73,4.55,49,32,317,43,3.1,3.5,2.4,4.6
2026-02-12 10:00:00,2.44,1.17,2.01,2.73,3.06,1.32,2.34,3.43,3.14,1.35,2.4,3.52,3.21,1.38,2.45,3.59,53,39,301,30,2.6,3.6,1.9,4.6
2026-02-12 11:00:00,2.47,1.42,2.3,3.61,3.28,1.75,2.92,5.11,3.36,1.79,3.0,5.24,3.43,1.83,3.06,5.35,43,330,303,303,2.4,2.9,1.1,3.0
2026-02-12 12:00:00,1.17,2.62,3.23,3.1,2.51,4.25,5.24,5.18,2.57,4.36,5.38,5.32,2.62,4.46,5.49,5.43,27,280,276,266,1.5,0.8,0.3,0.2
2026-02-12 13:00:00,2.41,2.1,3.34,3.13,3.55,3.56,5.21,5.03,3.64,3.65,5.35,5.16,3.72,3.73,5.46,5.26,323,272,262,267,0.4,0.1,0.0,-0.1
2026-02-12 14:00:00,2.84,2.19,2.98,2.53,5.36,3.9,4.82,3.45,5.5,4.0,4.95,3.54,5.61,4.09,5.05,3.61,269,268,256,247,-0.5,-0.7,-0.2,-0.5
2026-02-12 15:00:00,1.86,2.0,2.06,0.85,2.98,3.22,3.47,2.09,3.06,3.3,3.56,2.15,3.12,3.37,3.63,2.19,259,270,241,245,-0.5,-0.7,-0.2,-1.0
2026-02-12 16:00:00,0.27,2.43,1.54,1.77,1.17,3.89,3.28,3.15,1.2,4.0,3.36,3.23,1.23,4.08,3.43,3.29,272,279,240,283,-1.2,-0.9,-0.6,-1.3
2026-02-12 17:00:00,1.52,1.06,0.61,1.15,2.88,1.91,1.87,2.7,2.96,1.96,1.92,2.77,3.02,2.0,1.96,2.82,289,264,242,276,-1.7,-0.9,-0.5,-1.8
2026-02-12 18:00:00,0.78,1.26,0.53,1.56,0.76,1.83,1.88,2.43,0.78,1.87,1.92,2.49,0.8,1.91,1.96,2.54,220,314,245,248,-1.5,-1.0,-0.7,-1.5
2026-02-12 19:00:00,0.92,1.55,1.42,0.89,1.07,2.11,2.38,2.04,1.1,2.17,2.44,2.09,1.12,2.21,2.49,2.14,51,341,329,303,-1.3,-1.5,-1.5,-2.1
2026-02-12 20:00:00,1.43,1.58,1.4,1.46,1.83,2.44,2.71,2.34,1.88,2.5,2.78,2.41,1.92,2.55,2.83,2.45,50,360,337,313,-1.5,-2.3,-2.6,-2.3
2026-02-12 21:00:00,1.05,0.4,1.46,1.03,2.26,0.7,2.24,1.69,2.32,0.72,2.3,1.73,2.37,0.73,2.35,1.77,53,348,318,316,-1.8,-2.5,-2.5,-2.8
2026-02-12 22:00:00,0.85,0.76,1.33,1.24,1.89,1.06,1.55,1.7,1.94,1.09,1.59,1.75,1.98,1.11,1.62,1.78,35,344,316,336,-1.9,-2.5,-2.6,-2.7
2026-02-12 23:00:00,0.8,0.88,0.94,1.77,1.79,1.28,0.85,2.42,1.84,1.31,0.87,2.48,1.87,1.34,0.89,2.53,29,317,301,335,-2.0,-2.6,-2.8,-3.2
2026-02-13 00:00:00,2.1,1.14,1.92,1.77,3.12,1.42,2.48,1.98,3.2,1.46,2.55,2.04,3.27,1.49,2.6,2.08,39,308,313,298,-1.8,-1.9,-3.0,-3.0
2026-02-13 01:00:00,1.99,1.71,2.22,1.95,3.66,2.45,2.41,2.25,3.75,2.52,2.47,2.3,3.83,2.57,2.52,2.35,42,311,302,311,-2.1,-2.2,-3.0,-3.1
2026-02-13 02:00:00,1.41,1.27,1.78,1.67,2.71,1.25,1.79,1.9,2.78,1.28,1.83,1.95,2.84,1.31,1.87,1.99,38,309,296,320,-1.9,-2.4,-2.9,-3.2
2026-02-13 03:00:00,0.6,1.03,1.85,1.7,1.35,0.81,2.14,1.85,1.39,0.83,2.19,1.9,1.42,0.85,2.24,1.94,38,327,305,358,-1.5,-2.0,-2.6,-2.9
2026-02-13 04:00:00,2.06,1.22,2.33,1.75,2.21,1.17,2.82,2.13,2.27,1.2,2.89,2.19,2.31,1.23,2.95,2.23,284,2,293,11,-1.1,-1.2,-2.5,-2.0
2026-02-13 05:00:00,1.83,1.66,1.7,1.65,2.34,1.7,1.97,1.79,2.4,1.75,2.02,1.83,2.45,1.79,2.07,1.87,272,329,303,17,-0.7,-0.6,-1.9,-0.8
2026-02-13 06:00:00,1.86,1.26,1.97,1.33,2.2,1.47,2.42,1.35,2.26,1.5,2.48,1.38,2.31,1.53,2.54,1.41,235,356,320,347,-0.2,0.4,-1.4,0.4
2026-02-13 07:00:00,1.29,1.1,1.0,2.0,1.12,1.85,1.08,2.19,1.15,1.9,1.1,2.25,1.17,1.94,1.13,2.3,270,55,355,359,-0.1,0.9,-0.4,1.1
2026-02-13 08:00:00,0.83,2.09,1.57,1.62,0.72,3.32,1.9,1.8,0.74,3.41,1.95,1.84,0.76,3.48,1.99,1.88,340,50,23,13,0.4,1.6,0.6,1.8
2026-02-13 09:00:00,0.58,1.7,1.33,1.86,0.77,3.14,1.9,2.09,0.79,3.22,1.95,2.15,0.81,3.29,1.99,2.19,342,54,26,12,0.6,2.6,1.3,2.2
2026-02-13 10:00:00,0.6,1.42,1.07,1.86,0.73,2.85,1.21,2.17,0.75,2.92,1.24,2.23,0.77,2.98,1.27,2.28,270,52,40,42,0.4,2.9,1.6,2.5
2026-02-13 11:00:00,0.74,1.3,1.81,2.2,0.65,2.9,2.22,2.72,0.67,2.98,2.28,2.79,0.68,3.04,2.33,2.85,333,49,38,46,-0.7,2.3,1.2,2.3
2026-02-13 12:00:00,0.27,0.74,1.95,1.0,0.34,2.07,4.04,2.76,0.35,2.12,4.15,2.83,0.36,2.17,4.23,2.89,90,63,56,54,-2.2,1.3,-0.5,0.1
2026-02-13 13:00:00,0.28,0.85,1.86,0.32,0.5,2.77,4.9,2.22,0.51,2.84,5.03,2.27,0.52,2.9,5.14,2.32,11,56,65,40,-2.3,1.1,-0.9,-0.2
2026-02-13 14:00:00,0.71,1.79,1.93,0.14,1.97,4.33,5.02,1.19,2.02,4.44,5.15,1.22,2.06,4.53,5.25,1.25,48,59,61,35,-2.8,1.0,-0.8,-0.6
2026-02-13 15:00:00,1.62,2.97,2.34,0.34,4.08,5.82,5.73,2.55,4.18,5.98,5.87,2.62,4.27,6.1,6.0,2.67,62,66,59,45,-3.0,1.3,-0.4,-0.8
2026-02-13 16:00:00,2.6,3.81,2.43,1.87,6.13,7.41,5.89,4.58,6.29,7.61,6.04,4.7,6.42,7.76,6.17,4.8,62,65,61,57,-1.6,0.2,-0.7,-1.0
2026-02-13 17:00:00,3.64,4.15,3.12,2.82,7.34,7.81,6.37,6.35,7.53,8.02,6.54,6.52,7.69,8.18,6.67,6.65,60,66,61,60,-1.0,0.1,-1.1,-0.6
2026-02-13 18:00:00,4.24,3.76,3.2,3.35,7.85,7.2,6.48,6.75,8.05,7.38,6.64,6.93,8.22,7.54,6.78,7.07,63,62,62,59,-1.1,-0.8,-0.3,-1.4
2026-02-13 19:00:00,5.13,3.76,3.69,3.98,9.07,7.15,7.04,7.53,9.31,7.34,7.22,7.73,9.5,7.49,7.37,7.89,61,65,62,60,-1.1,-1.2,-0.3,-1.2
2026-02-13 20:00:00,5.15,3.98,3.51,4.3,8.66,7.35,6.81,7.88,8.88,7.54,6.99,8.08,9.07,7.7,7.13,8.25,61,70,71,66,-0.7,-0.5,-0.8,-0.9
2026-02-13 21:00:00,4.79,4.02,3.46,4.1,7.92,7.2,6.58,7.24,8.13,7.39,6.75,7.42,8.29,7.54,6.89,7.58,75,81,73,74,-0.2,-0.4,-1.0,-0.5
2026-02-13 22:00:00,4.24,4.18,3.16,3.77,7.14,7.29,6.13,6.7,7.32,7.48,6.29,6.88,7.48,7.64,6.42,7.02,76,77,76,77,-0.2,-0.3,-0.6,-0.4
2026-02-13 23:00:00,4.21,4.0,2.47,2.83,7.24,6.97,4.84,5.4,7.42,7.15,4.96,5.54,7.58,7.3,5.07,5.66,78,76,86,80,-0.1,-0.4,-0.2,-0.3
2026-02-14 00:00:00,3.52,3.7,1.61,1.66,6.29,6.57,3.86,3.73,6.46,6.74,3.96,3.82,6.59,6.88,4.04,3.9,74,75,86,79,-0.6,-0.3,-0.7,-0.5
2026-02-14 01:00:00,1.6,3.18,0.67,1.28,3.99,5.65,1.81,2.64,4.09,5.8,1.86,2.71,4.17,5.92,1.9,2.77,78,80,121,85,-1.5,-0.4,-0.5,-0.5
2026-02-14 02:00:00,1.7,1.75,0.6,0.61,4.1,3.65,1.67,1.54,4.21,3.75,1.71,1.58,4.3,3.83,1.75,1.61,80,77,165,72,-2.4,-0.6,-0.4,-0.8
2026-02-14 03:00:00,1.85,1.74,0.96,0.76,3.9,3.68,2.22,0.39,4.0,3.78,2.27,0.4,4.08,3.86,2.32,0.41,89,72,213,300,-0.9,-0.3,0.8,0.4
2026-02-14 04:00:00,2.3,1.17,0.22,1.75,4.03,2.75,1.22,2.2,4.13,2.82,1.25,2.26,4.22,2.88,1.28,2.31,69,67,182,235,1.1,1.3,2.2,1.4
2026-02-14 05:00:00,2.37,0.85,0.25,2.16,4.05,1.59,0.65,2.65,4.15,1.63,0.67,2.72,4.24,1.67,0.68,2.78,54,67,167,253,1.9,1.7,4.2,2.6
2026-02-14 06:00:00,2.65,1.05,1.13,1.29,4.38,1.93,1.15,1.6,4.49,1.98,1.18,1.64,4.58,2.02,1.2,1.68,52,16,348,250,3.0,2.6,3.5,4.1
2026-02-14 07:00:00,1.62,0.71,1.3,0.55,3.56,1.42,1.52,0.71,3.65,1.46,1.56,0.73,3.73,1.49,1.59,0.74,49,22,264,254,3.7,3.1,4.4,4.7
2026-02-14 08:00:00,0.71,0.79,2.58,0.43,1.55,1.34,3.03,0.59,1.59,1.38,3.1,0.61,1.62,1.41,3.17,0.62,24,314,255,215,4.3,3.6,4.8,5.7
2026-02-14 09:00:00,0.45,1.75,2.98,0.29,1.1,3.07,3.68,0.3,1.12,3.15,3.77,0.3,1.15,3.22,3.85,0.31,32,267,255,99,3.7,2.6,4.5,6.4
2026-02-14 10:00:00,0.56,0.27,2.65,1.13,1.12,0.87,3.19,1.25,1.15,0.89,3.28,1.28,1.17,0.91,3.34,1.3,2,218,254,59,3.5,3.2,3.7,6.6
2026-02-14 11:00:00,0.56,0.59,2.16,1.42,1.28,0.95,3.46,2.21,1.31,0.97,3.55,2.26,1.34,0.99,3.62,2.31,40,235,260,47,3.7,2.7,2.2,5.6
2026-02-14 12:00:00,1.5,0.18,2.96,1.33,2.99,0.56,5.14,3.23,3.06,0.57,5.27,3.31,3.13,0.58,5.38,3.38,84,218,265,56,1.0,0.6,1.5,2.5
2026-02-14 13:00:00,1.18,0.21,2.8,0.16,3.71,0.37,5.06,1.7,3.8,0.38,5.19,1.74,3.88,0.39,5.3,1.78,55,337,244,39,-0.4,0.3,0.3,1.9
2026-02-14 14:00:00,0.35,0.62,3.07,2.01,0.94,1.6,5.45,3.02,0.96,1.64,5.59,3.1,0.98,1.68,5.71,3.17,9,290,238,268,-0.1,-1.7,0.5,0.8
2026-02-14 15:00:00,1.03,0.96,2.8,2.17,0.79,2.42,5.04,5.07,0.81,2.49,5.17,5.2,0.83,2.54,5.28,5.31,227,255,232,262,-1.3,-1.9,0.6,-0.1
2026-02-14 16:00:00,0.4,0.7,2.08,2.65,0.24,2.78,4.24,5.48,0.25,2.85,4.35,5.62,0.26,2.91,4.44,5.74,233,281,223,241,0.1,-1.0,1.0,0.1
2026-02-14 17:00:00,0.76,1.27,1.7,1.56,1.32,2.86,3.81,3.98,1.35,2.93,3.91,4.08,1.38,2.99,3.99,4.16,266,240,243,251,0.3,-2.3,1.0,-0.4
2026-02-14 18:00:00,0.38,0.0,0.47,1.55,1.17,0.42,2.21,3.35,1.2,0.43,2.27,3.44,1.23,0.44,2.31,3.51,185,249,248,216,0.4,-1.0,1.0,0.1
2026-02-14 19:00:00,0.75,0.18,0.64,0.67,1.12,0.59,1.91,2.07,1.15,0.6,1.96,2.12,1.17,0.61,2.0,2.17,90,355,266,227,-0.1,-0.6,0.7,0.7
2026-02-14 20:00:00,1.45,0.4,0.76,0.15,2.79,1.13,0.65,1.28,2.86,1.16,0.67,1.32,2.92,1.18,0.68,1.34,78,7,77,279,-0.3,0.0,-0.6,0.4
2026-02-14 21:00:00,1.14,0.58,1.26,0.16,2.53,1.29,1.84,0.52,2.6,1.32,1.89,0.54,2.65,1.35,1.93,0.55,91,127,122,338,-0.5,-1.4,-0.9,-0.3
2026-02-14 22:00:00,1.41,1.09,0.7,0.43,3.44,2.16,1.14,0.93,3.53,2.22,1.17,0.96,3.6,2.27,1.19,0.98,72,31,121,174,-1.5,-2.2,-0.4,-0.2
2026-02-14 23:00:00,1.37,1.72,1.5,0.11,3.64,3.56,2.89,0.65,3.74,3.65,2.97,0.67,3.81,3.73,3.03,0.68,65,71,57,207,-1.8,-3.2,-1.8,-0.2
2026-02-15 00:00:00,1.83,1.46,1.61,0.74,4.19,3.19,3.73,1.39,4.3,3.27,3.83,1.42,4.39,3.34,3.91,1.45,70,67,66,100,-1.7,-3.2,-2.6,-0.8
2026-02-15 01:00:00,2.06,2.15,2.16,1.35,5.13,5.17,4.87,2.58,5.27,5.31,5.0,2.65,5.38,5.41,5.1,2.71,70,66,67,88,-1.8,-2.1,-2.5,-1.1
2026-02-15 02:00:00,2.65,2.31,2.75,1.85,6.02,5.32,5.74,3.68,6.17,5.46,5.89,3.78,6.3,5.58,6.01,3.86,64,66,66,72,-1.8,-2.5,-2.2,-1.0
2026-02-15 03:00:00,2.97,3.1,3.18,2.86,6.19,6.52,6.41,4.32,6.35,6.69,6.58,4.43,6.48,6.82,6.72,4.52,65,63,66,72,-0.6,-0.5,-0.8,0.1
2026-02-15 04:00:00,3.83,3.3,3.49,3.31,7.35,7.35,6.73,4.36,7.54,7.54,6.9,4.47,7.69,7.7,7.05,4.56,59,61,60,63,2.6,2.2,2.0,2.1
2026-02-15 05:00:00,4.25,4.26,4.51,4.74,8.89,7.56,7.54,6.08,9.12,7.75,7.73,6.23,9.31,7.91,7.89,6.36,60,58,54,59,3.7,3.6,3.4,4.0
2026-02-15 06:00:00,5.89,5.29,5.02,5.99,9.11,8.41,8.54,7.92,9.35,8.63,8.77,8.13,9.54,8.81,8.95,8.29,59,55,55,57,6.7,5.1,4.0,4.8
2026-02-15 07:00:00,6.89,7.01,5.79,6.57,9.22,9.52,9.37,8.62,9.46,9.76,9.61,8.85,9.66,9.96,9.81,9.03,62,56,53,56,7.6,6.6,5.1,6.7
2026-02-15 08:00:00,6.55,7.1,6.01,6.82,8.62,9.44,9.6,8.96,8.84,9.68,9.85,9.19,9.02,9.88,10.05,9.38,68,60,56,59,8.3,7.6,5.9,7.0
2026-02-15 09:00:00,6.09,6.48,6.76,6.71,8.03,8.68,9.34,8.83,8.24,8.91,9.58,9.06,8.41,9.09,9.78,9.24,71,65,61,63,9.1,8.3,6.6,6.9
2026-02-15 10:00:00,5.54,5.81,5.95,6.17,7.75,8.08,8.51,8.26,7.95,8.29,8.73,8.48,8.12,8.46,8.91,8.65,72,70,66,68,8.3,7.6,6.4,6.6
2026-02-15 11:00:00,4.98,5.0,5.02,5.53,8.04,7.96,7.87,7.89,8.25,8.17,8.08,8.1,8.42,8.33,8.24,8.26,75,74,76,71,7.1,6.3,5.3,5.3
2026-02-15 12:00:00,4.51,4.21,4.42,4.03,8.31,7.93,8.16,7.05,8.52,8.14,8.37,7.23,8.7,8.31,8.54,7.38,86,75,77,77,4.9,4.2,3.7,3.4
2026-02-15 13:00:00,3.87,3.8,4.16,3.17,7.56,7.54,8.02,6.22,7.76,7.74,8.23,6.38,7.92,7.9,8.4,6.51,87,79,80,85,2.6,2.0,2.0,1.9
2026-02-15 14:00:00,3.9,3.96,4.35,3.13,7.49,7.6,8.18,6.08,7.69,7.8,8.39,6.23,7.85,7.96,8.57,6.36,84,79,81,84,1.9,1.2,1.3,1.9
2026-02-15 15:00:00,3.67,4.05,4.42,3.38,7.17,7.86,8.01,6.53,7.36,8.06,8.22,6.7,7.51,8.23,8.39,6.84,83,79,80,80,1.6,1.1,1.4,1.7
2026-02-15 16:00:00,2.71,3.7,4.41,3.53,5.57,7.24,7.92,6.63,5.71,7.42,8.12,6.8,5.83,7.58,8.29,6.94,86,82,80,80,1.5,1.0,1.5,1.7
2026-02-15 17:00:00,2.1,3.11,4.0,3.72,4.29,6.05,7.45,6.89,4.4,6.21,7.64,7.07,4.49,6.34,7.8,7.22,91,87,81,79,1.6,1.5,1.2,1.7
2026-02-15 18:00:00,2.8,2.75,3.61,3.84,4.74,5.53,6.55,6.85,4.87,5.67,6.72,7.03,4.97,5.79,6.86,7.17,99,81,79,85,1.8,1.9,1.3,1.1
2026-02-15 19:00:00,3.0,2.47,3.54,3.74,5.78,5.13,6.51,6.79,5.93,5.26,6.68,6.96,6.05,5.37,6.82,7.11,72,76,79,80,1.6,2.2,1.3,0.6
2026-02-15 20:00:00,2.4,3.04,3.53,3.86,5.32,5.81,6.6,6.95,5.46,5.96,6.77,7.13,5.57,6.09,6.91,7.28,74,70,72,75,1.5,1.9,1.2,0.7
2026-02-15 21:00:00,3.4,3.15,3.38,3.88,6.22,6.02,6.45,7.18,6.38,6.18,6.61,7.37,6.52,6.31,6.75,7.52,78,78,74,73,1.7,1.9,1.3,0.6
2026-02-15 22:00:00,3.93,3.31,2.93,3.98,7.23,6.26,6.06,7.35,7.42,6.43,6.22,7.54,7.57,6.56,6.34,7.7,72,67,63,73,1.7,1.7,1.2,0.7
2026-02-15 23:00:00,3.74,3.37,3.06,3.86,7.46,6.45,5.8,7.17,7.66,6.61,5.95,7.35,7.81,6.75,6.07,7.5,66,74,73,71,1.2,1.5,1.5,1.0
2026-02-16 00:00:00,3.46,3.23,2.74,4.21,6.89,6.52,5.66,7.59,7.07,6.69,5.81,7.79,7.22,6.83,5.93,7.95,70,72,70,69,1.6,1.8,1.2,1.6
2026-02-16 01:00:00,2.9,3.48,2.6,3.86,6.07,6.64,5.51,7.08,6.22,6.81,5.65,7.26,6.35,6.95,5.77,7.41,66,60,77,69,1.0,1.8,1.1,1.8
2026-02-16 02:00:00,3.35,3.58,2.96,4.05,6.46,6.7,6.1,7.27,6.63,6.88,6.26,7.46,6.76,7.02,6.39,7.62,71,71,72,71,0.7,1.6,0.7,1.3
2026-02-16 03:00:00,3.86,3.64,3.85,3.78,6.57,6.35,6.6,6.43,6.74,6.51,6.77,6.59,6.88,6.65,6.91,6.73,70,72,71,71,2.1,2.7,2.0,1.9
2026-02-16 04:00:00,2.86,3.38,3.68,3.59,6.64,6.9,6.92,5.8,6.82,7.08,7.1,5.95,6.96,7.22,7.25,6.07,68,67,71,63,3.1,5.0,4.1,3.8
2026-02-16 05:00:00,3.82,4.33,4.1,4.18,5.89,5.69,5.61,5.6,6.04,5.84,5.76,5.75,6.17,5.96,5.87,5.86,71,62,60,59,4.7,6.9,6.1,5.4
2026-02-16 06:00:00,5.16,5.25,3.98,5.31,6.96,6.89,6.0,6.93,7.14,7.07,6.16,7.11,7.29,7.21,6.29,7.26,58,62,60,59,7.6,7.9,4.8,7.5
2026-02-16 07:00:00,5.61,5.67,4.14,5.67,7.34,7.4,5.5,7.45,7.53,7.59,5.64,7.64,7.69,7.75,5.76,7.8,57,60,53,58,8.5,9.2,6.7,8.2
2026-02-16 08:00:00,5.49,5.36,3.57,6.15,7.3,7.04,4.56,8.08,7.49,7.22,4.68,8.29,7.65,7.37,4.78,8.47,59,62,49,55,8.9,9.6,7.6,9.3
2026-02-16 09:00:00,5.02,4.74,4.03,6.04,6.68,6.47,5.23,8.07,6.85,6.64,5.36,8.28,6.99,6.78,5.48,8.45,55,65,51,55,9.4,9.1,8.2,9.4
2026-02-16 10:00:00,4.17,3.87,3.92,5.25,6.51,5.38,5.14,7.11,6.68,5.52,5.27,7.29,6.82,5.64,5.38,7.44,53,64,59,53,8.4,9.2,8.4,9.5
2026-02-16 11:00:00,2.85,3.31,3.78,4.35,5.36,5.12,5.99,6.96,5.5,5.26,6.14,7.14,5.62,5.36,6.27,7.29,62,65,55,56,7.9,8.3,7.7,8.4
2026-02-16 12:00:00,2.8,1.88,3.34,3.64,5.99,4.98,6.7,7.05,6.15,5.11,6.87,7.23,6.27,5.22,7.01,7.38,68,59,58,61,6.9,5.5,5.6,6.1
2026-02-16 13:00:00,2.16,2.3,2.11,2.8,5.59,5.73,5.47,6.47,5.73,5.88,5.61,6.64,5.85,6.0,5.73,6.78,66,63,62,63,4.7,4.5,3.1,3.4
2026-02-16 14:00:00,2.47,2.15,2.45,2.51,6.43,5.45,6.17,5.95,6.6,5.59,6.33,6.11,6.73,5.71,6.46,6.23,62,66,64,65,3.9,4.2,2.1,1.2
2026-02-16 15:00:00,2.93,2.06,2.95,2.62,7.07,5.42,6.76,6.19,7.25,5.56,6.93,6.35,7.4,5.68,7.08,6.48,69,68,64,64,4.0,3.3,1.8,0.4
2026-02-16 16:00:00,3.23,2.1,3.3,2.86,7.31,5.58,7.15,6.47,7.5,5.73,7.33,6.64,7.65,5.85,7.49,6.78,66,65,64,64,3.8,3.3,1.3,0.1
2026-02-16 17:00:00,2.75,1.8,2.95,3.1,6.59,5.23,6.78,6.85,6.76,5.37,6.95,7.02,6.9,5.48,7.1,7.17,66,62,63,62,3.5,3.1,0.7,-0.1
2026-02-16 18:00:00,1.96,1.8,2.5,3.21,5.5,4.98,6.2,7.08,5.64,5.11,6.36,7.27,5.76,5.21,6.49,7.42,66,67,61,63,3.2,3.9,1.0,0.3
2026-02-16 19:00:00,2.52,1.81,2.36,2.96,6.17,4.86,5.91,6.9,6.33,4.99,6.06,7.08,6.46,5.09,6.19,7.22,73,64,62,60,3.5,3.9,0.8,0.0
2026-02-16 20:00:00,2.23,2.17,2.4,2.4,5.66,5.58,6.06,6.19,5.81,5.73,6.22,6.35,5.93,5.85,6.35,6.49,70,65,61,58,2.9,3.9,0.7,-0.3
2026-02-16 21:00:00,2.0,2.38,2.4,2.55,5.23,5.95,6.11,6.11,5.37,6.11,6.26,6.27,5.48,6.23,6.39,6.4,65,65,61,60,2.8,3.7,0.4,-0.3
2026-02-16 22:00:00,1.75,2.85,2.31,2.4,4.7,6.48,5.73,5.97,4.82,6.65,5.88,6.12,4.92,6.79,6.0,6.25,67,67,63,59,3.1,3.9,0.4,-0.3
2026-02-16 23:00:00,1.97,2.53,2.35,2.08,5.14,5.89,5.92,5.32,5.28,6.05,6.07,5.46,5.39,6.17,6.2,5.57,64,69,60,64,3.4,3.8,0.6,-0.5
2026-02-17 00:00:00,2.97,0.4,2.26,2.65,6.47,2.38,5.23,6.15,6.64,2.44,5.37,6.31,6.78,2.49,5.48,6.44,64,79,63,62,3.4,3.2,2.2,0.0
2026-02-17 01:00:00,2.28,0.6,2.16,2.56,5.53,2.0,5.32,6.13,5.68,2.06,5.46,6.29,5.79,2.1,5.57,6.42,76,86,63,61,3.2,3.5,2.3,-0.4
2026-02-17 02:00:00,1.81,1.31,1.55,2.66,4.46,3.01,4.19,6.18,4.57,3.09,4.3,6.34,4.67,3.16,4.39,6.47,60,76,72,60,2.9,3.2,2.4,-0.1
2026-02-17 03:00:00,2.98,2.06,1.25,3.35,5.26,4.33,3.3,6.18,5.4,4.44,3.39,6.35,5.51,4.54,3.46,6.48,67,71,74,59,3.1,3.5,2.4,1.9
2026-02-17 04:00:00,2.66,2.72,1.6,3.12,4.46,5.34,3.61,6.41,4.58,5.48,3.7,6.57,4.67,5.59,3.78,6.71,84,54,74,57,4.0,3.8,3.0,4.6
2026-02-17 05:00:00,2.63,3.36,2.14,3.61,4.9,5.9,4.69,5.29,5.03,6.05,4.81,5.43,5.14,6.18,4.91,5.54,65,59,65,53,5.6,3.7,3.8,6.6
2026-02-17 06:00:00,3.02,2.62,2.76,4.71,5.43,4.34,3.66,6.5,5.57,4.46,3.75,6.67,5.69,4.55,3.83,6.8,62,67,53,49,5.5,4.7,5.9,8.7
2026-02-17 07:00:00,3.36,2.97,2.92,5.09,4.87,4.94,4.42,6.85,4.99,5.07,4.53,7.02,5.1,5.17,4.62,7.17,61,68,79,50,6.0,5.8,5.6,8.8
2026-02-17 08:00:00,3.75,3.29,2.86,3.66,4.93,4.78,3.71,4.77,5.06,4.9,3.81,4.9,5.17,5.0,3.89,5.0,57,54,67,56,7.3,5.9,6.0,9.8
2026-02-17 09:00:00,3.87,3.34,3.4,2.95,4.91,4.96,4.7,3.62,5.04,5.09,4.82,3.72,5.14,5.2,4.92,3.79,53,55,59,42,9.2,5.9,6.2,10.3
2026-02-17 10:00:00,3.93,2.84,3.56,2.56,5.01,5.02,5.3,3.42,5.14,5.15,5.44,3.51,5.25,5.26,5.55,3.58,53,67,58,41,9.6,6.1,6.1,9.1
2026-02-17 11:00:00,4.03,2.88,3.52,1.17,5.82,4.8,5.45,2.47,5.97,4.92,5.59,2.53,6.1,5.02,5.71,2.58,51,62,68,72,8.8,6.6,5.7,8.1
2026-02-17 12:00:00,3.6,3.27,3.66,1.64,6.91,6.52,6.72,3.71,7.09,6.69,6.89,3.81,7.24,6.83,7.03,3.89,62,61,61,60,7.1,5.7,5.2,6.0
2026-02-17 13:00:00,3.52,2.96,3.36,1.96,7.28,6.68,7.02,4.54,7.47,6.85,7.2,4.66,7.62,6.99,7.35,4.75,65,66,62,66,5.9,4.3,3.9,4.4
2026-02-17 14:00:00,3.59,3.27,3.11,1.91,7.57,7.29,7.03,4.84,7.76,7.48,7.21,4.96,7.92,7.63,7.36,5.07,62,60,60,64,4.9,3.8,3.5,4.5
2026-02-17 15:00:00,3.58,3.65,2.91,2.07,7.7,7.86,6.78,5.29,7.9,8.07,6.95,5.43,8.06,8.24,7.1,5.54,61,59,59,59,4.2,3.6,3.0,2.7
2026-02-17 16:00:00,3.79,3.7,3.2,2.35,7.76,7.8,6.91,5.77,7.96,8.01,7.09,5.92,8.13,8.17,7.24,6.04,65,63,65,70,3.1,3.0,1.9,3.9
2026-02-17 17:00:00,3.87,3.27,3.45,2.27,7.7,7.13,7.07,6.16,7.9,7.32,7.25,6.32,8.06,7.47,7.4,6.45,65,65,66,57,1.9,2.1,0.9,2.4
2026-02-17 18:00:00,4.02,3.41,3.73,3.31,7.83,6.98,7.57,7.06,8.04,7.16,7.76,7.24,8.2,7.31,7.92,7.39,66,72,65,68,1.6,1.3,1.4,2.7
2026-02-17 19:00:00,3.8,3.7,4.42,3.63,7.32,7.07,8.41,7.67,7.51,7.25,8.63,7.87,7.67,7.4,8.81,8.03,68,69,62,63,1.3,0.5,0.8,1.9
2026-02-17 20:00:00,3.51,4.0,4.89,3.93,6.84,7.54,9.13,8.1,7.02,7.73,9.37,8.31,7.17,7.89,9.56,8.48,73,71,67,60,1.2,0.7,1.0,1.5
2026-02-17 21:00:00,3.85,3.41,4.2,3.85,7.2,6.58,7.82,7.86,7.39,6.75,8.02,8.06,7.54,6.89,8.19,8.23,74,76,78,69,1.5,1.1,0.8,1.4
2026-02-17 22:00:00,3.91,3.41,3.8,3.52,7.23,6.54,7.07,7.43,7.42,6.71,7.26,7.63,7.57,6.85,7.41,7.78,73,78,78,64,1.7,1.2,0.4,0.9
2026-02-17 23:00:00,4.2,3.85,3.85,3.67,7.55,6.86,6.99,7.34,7.74,7.03,7.17,7.53,7.9,7.18,7.32,7.69,81,84,82,74,1.8,1.3,0.7,0.8
2026-02-18 00:00:00,3.68,3.8,4.27,3.5,6.48,6.92,7.47,6.49,6.65,7.1,7.66,6.66,6.79,7.25,7.82,6.8,91,91,87,82,2.1,1.6,1.8,1.0
2026-02-18 01:00:00,4.16,3.48,4.49,3.63,7.52,6.38,7.72,6.67,7.71,6.55,7.92,6.84,7.87,6.69,8.08,6.98,80,90,86,81,1.7,1.7,1.8,0.9
2026-02-18 02:00:00,4.42,4.01,4.67,4.11,7.78,7.15,7.68,7.41,7.98,7.34,7.88,7.6,8.15,7.49,8.04,7.76,80,75,85,79,1.7,1.6,2.0,0.8
2026-02-18 03:00:00,5.02,5.0,5.42,4.93,7.93,7.85,7.93,8.2,8.13,8.06,8.13,8.41,8.3,8.22,8.3,8.59,82,83,74,73,2.9,3.1,3.1,2.4
2026-02-18 04:00:00,5.1,4.9,5.03,4.35,8.35,7.89,7.05,7.41,8.57,8.1,7.23,7.6,8.75,8.27,7.38,7.76,71,70,81,75,5.4,5.6,5.4,5.7
2026-02-18 05:00:00,7.0,5.89,5.51,5.98,9.79,8.33,7.44,8.24,10.05,8.54,7.63,8.45,10.26,8.72,7.79,8.63,61,63,68,69,8.5,8.8,8.3,9.1
2026-02-18 06:00:00,8.27,8.11,6.47,7.46,11.04,11.12,8.55,9.95,11.33,11.41,8.78,10.21,11.57,11.65,8.96,10.42,67,59,72,74,10.9,10.4,10.2,11.0
2026-02-18 07:00:00,7.98,7.39,6.94,7.62,10.54,9.85,9.02,10.05,10.82,10.11,9.25,10.31,11.04,10.32,9.44,10.52,71,70,71,71,12.8,12.4,12.4,12.7
2026-02-18 08:00:00,7.61,7.46,7.86,7.85,10.04,9.84,10.44,10.39,10.3,10.09,10.71,10.66,10.51,10.3,10.93,10.88,73,69,63,67,13.9,13.7,12.7,13.3
2026-02-18 09:00:00,7.35,7.27,8.16,7.54,9.7,9.71,10.99,10.01,9.95,9.96,11.28,10.27,10.15,10.17,11.51,10.48,70,71,65,69,14.0,13.9,12.9,13.6
2026-02-18 10:00:00,6.79,6.53,7.22,6.91,9.42,9.02,9.98,9.43,9.66,9.26,10.24,9.67,9.86,9.45,10.45,9.87,63,69,67,68,13.2,13.6,12.9,13.4
2026-02-18 11:00:00,5.98,6.27,6.17,5.67,9.44,9.84,9.45,8.83,9.69,10.09,9.69,9.06,9.89,10.3,9.89,9.24,62,59,68,64,11.7,11.9,11.9,11.9
2026-02-18 12:00:00,4.68,4.55,4.2,3.97,8.52,8.44,7.84,7.6,8.75,8.66,8.04,7.79,8.93,8.84,8.21,7.95,73,75,69,67,9.5,9.2,9.0,8.8
2026-02-18 13:00:00,4.04,3.35,3.44,2.77,7.79,6.9,6.97,6.17,7.99,7.08,7.15,6.33,8.15,7.23,7.3,6.46,73,72,78,76,7.3,5.9,5.3,5.4
2026-02-18 14:00:00,3.49,3.64,3.46,2.33,6.89,7.26,6.67,5.18,7.07,7.45,6.85,5.32,7.22,7.61,6.99,5.43,79,78,80,74,5.2,4.1,3.4,3.3
2026-02-18 15:00:00,3.58,3.36,3.73,2.3,7.26,6.4,7.42,4.87,7.45,6.56,7.61,5.0,7.6,6.7,7.77,5.1,77,87,78,78,4.5,3.1,3.4,2.1
2026-02-18 16:00:00,2.98,3.32,3.77,2.19,6.31,6.83,7.66,4.74,6.48,7.01,7.86,4.86,6.61,7.16,8.02,4.96,81,78,75,75,3.6,3.1,3.4,1.5
2026-02-18 17:00:00,3.22,3.09,3.23,2.35,6.17,5.9,6.96,4.77,6.33,6.05,7.14,4.89,6.46,6.18,7.29,4.99,85,89,79,79,2.9,2.7,2.7,1.5
2026-02-18 18:00:00,3.0,2.85,2.72,2.48,6.37,5.77,5.87,4.7,6.54,5.92,6.03,4.83,6.67,6.04,6.15,4.93,76,85,81,84,2.8,2.5,2.4,1.3
2026-02-18 19:00:00,2.73,2.92,3.17,2.62,5.56,6.01,6.42,4.53,5.7,6.17,6.59,4.65,5.82,6.3,6.73,4.75,82,79,78,91,2.2,2.5,2.1,1.2
2026-02-18 20:00:00,2.68,2.4,2.58,2.75,5.51,4.97,5.21,4.88,5.65,5.1,5.35,5.01,5.77,5.2,5.46,5.11,79,82,82,87,1.7,1.9,1.0,1.1
2026-02-18 21:00:00,2.46,2.69,2.71,2.86,5.73,4.99,5.51,5.13,5.88,5.12,5.66,5.26,6.0,5.22,5.77,5.37,72,86,79,87,1.4,2.0,0.9,0.8
2026-02-18 22:00:00,2.51,2.72,2.74,2.26,5.6,4.84,5.58,4.97,5.75,4.97,5.73,5.1,5.87,5.07,5.85,5.2,77,85,78,69,1.8,2.3,0.9,0.7
2026-02-18 23:00:00,2.38,2.73,2.29,2.29,5.43,5.03,4.74,5.26,5.57,5.16,4.86,5.39,5.68,5.27,4.97,5.5,71,81,78,73,1.9,2.5,1.3,1.1
2026-02-19 00:00:00,2.01,2.27,2.3,1.45,4.89,4.25,5.31,4.26,5.01,4.36,5.45,4.37,5.12,4.45,5.56,4.46,71,85,75,59,1.6,1.8,1.8,0.6
2026-02-19 01:00:00,2.13,1.91,2.37,1.84,4.95,4.36,5.79,4.86,5.08,4.48,5.94,4.98,5.19,4.57,6.07,5.09,77,74,68,80,1.4,1.6,2.1,1.4
2026-02-19 02:00:00,2.28,1.86,2.09,1.7,5.47,4.42,5.48,4.19,5.61,4.53,5.63,4.3,5.73,4.63,5.74,4.38,71,83,68,78,1.9,1.8,2.4,1.4
2026-02-19 03:00:00,3.0,2.21,2.75,2.9,6.05,4.39,5.73,5.7,6.21,4.5,5.88,5.85,6.34,4.59,6.0,5.97,77,91,68,67,4.5,4.6,4.6,4.1
2026-02-19 04:00:00,3.46,3.06,3.57,3.72,6.37,4.74,6.69,6.08,6.53,4.86,6.86,6.24,6.67,4.96,7.01,6.37,81,86,76,68,7.4,8.0,7.5,6.1
2026-02-19 05:00:00,3.65,3.31,3.64,3.7,5.09,5.29,5.27,6.04,5.23,5.42,5.4,6.2,5.34,5.54,5.52,6.33,68,78,68,76,10.5,10.0,10.0,8.3
2026-02-19 06:00:00,5.27,3.42,4.26,4.45,7.12,4.53,5.67,6.27,7.31,4.65,5.82,6.43,7.46,4.75,5.94,6.57,60,73,61,68,10.9,11.8,10.8,10.5
2026-02-19 07:00:00,4.29,3.76,3.64,3.91,5.65,4.79,4.66,5.31,5.79,4.91,4.79,5.45,5.91,5.01,4.88,5.56,65,68,64,68,12.6,13.3,11.9,12.3
2026-02-19 08:00:00,4.21,3.71,3.4,4.21,5.45,4.7,4.33,5.45,5.59,4.82,4.44,5.59,5.71,4.92,4.53,5.71,62,67,67,52,13.3,14.4,13.2,13.4
2026-02-19 09:00:00,3.82,3.54,3.41,4.19,5.03,4.51,4.38,5.73,5.16,4.63,4.49,5.88,5.27,4.72,4.58,6.0,68,64,78,58,14.1,14.7,14.2,13.2
2026-02-19 10:00:00,3.65,3.0,2.8,2.26,4.93,4.01,3.7,3.26,5.06,4.11,3.8,3.35,5.16,4.2,3.88,3.42,65,80,74,76,13.8,14.5,14.5,13.2
2026-02-19 11:00:00,3.02,1.3,2.51,2.0,4.9,2.52,4.05,3.21,5.02,2.58,4.15,3.3,5.13,2.63,4.24,3.37,68,112,88,104,11.9,13.8,13.0,12.1
2026-02-19 12:00:00,2.02,1.71,2.0,1.98,4.25,3.28,3.99,3.55,4.36,3.37,4.09,3.64,4.45,3.44,4.18,3.72,95,108,98,136,10.0,9.9,9.9,8.8
2026-02-19 13:00:00,2.04,0.57,1.5,1.03,4.69,1.2,2.93,1.65,4.81,1.23,3.01,1.7,4.91,1.26,3.07,1.73,71,111,111,194,8.6,8.8,8.5,8.2
2026-02-19 14:00:00,1.03,1.15,0.25,0.57,2.79,1.84,1.69,1.42,2.86,1.89,1.74,1.45,2.92,1.93,1.77,1.48,126,212,221,243,8.9,8.5,9.6,8.9
2026-02-19 15:00:00,1.15,2.67,0.25,1.72,2.94,4.6,0.69,3.45,3.02,4.72,0.71,3.54,3.08,4.81,0.73,3.61,209,238,219,239,9.5,10.0,9.1,7.7
2026-02-19 16:00:00,1.13,2.51,1.66,2.25,3.36,5.12,2.76,3.91,3.44,5.25,2.83,4.01,3.52,5.36,2.89,4.09,244,256,234,247,8.9,9.3,8.4,9.0
2026-02-19 17:00:00,2.03,3.33,3.06,2.38,4.24,6.83,5.1,4.48,4.35,7.01,5.24,4.6,4.44,7.15,5.34,4.7,247,250,241,251,8.6,8.8,9.1,8.9
2026-02-19 18:00:00,1.72,2.44,3.23,2.25,2.68,5.99,6.46,4.65,2.75,6.15,6.63,4.78,2.81,6.28,6.77,4.87,245,260,253,252,9.0,8.3,8.8,8.4
2026-02-19 19:00:00,3.4,3.96,2.61,2.64,6.24,6.89,5.49,5.62,6.4,7.07,5.64,5.77,6.53,7.21,5.75,5.89,248,239,243,248,8.9,8.2,8.2,8.0
2026-02-19 20:00:00,3.26,4.3,2.28,3.76,7.12,7.25,4.75,7.16,7.31,7.44,4.87,7.34,7.46,7.59,4.97,7.49,253,240,253,241,9.0,8.3,6.9,8.1
2026-02-19 21:00:00,2.25,4.1,2.66,3.82,6.12,7.26,5.89,7.15,6.28,7.45,6.04,7.33,6.41,7.6,6.16,7.49,276,243,242,244,7.6,8.1,7.1,7.5
2026-02-19 22:00:00,2.83,3.73,2.87,4.12,5.92,6.78,6.71,7.5,6.07,6.96,6.88,7.7,6.2,7.1,7.02,7.86,259,245,247,248,7.0,7.8,7.6,7.1
2026-02-19 23:00:00,3.2,4.13,3.23,4.3,5.77,7.15,6.65,7.75,5.92,7.34,6.82,7.95,6.04,7.49,6.96,8.12,250,242,245,247,6.4,7.5,7.2,6.9
2026-02-20 00:00:00,3.94,4.3,4.36,4.51,7.41,7.56,7.38,7.8,7.6,7.76,7.57,8.01,7.76,7.92,7.72,8.17,244,244,231,242,8.0,6.9,6.9,6.8
2026-02-20 01:00:00,4.6,4.54,4.29,4.61,7.88,7.71,7.44,7.93,8.09,7.91,7.63,8.14,8.25,8.07,7.79,8.31,240,240,232,243,7.4,6.9,6.8,6.5
2026-02-20 02:00:00,4.17,5.01,3.83,4.72,6.88,8.27,7.02,7.77,7.06,8.49,7.2,7.97,7.2,8.66,7.35,8.14,247,237,236,237,7.5,7.2,6.7,6.5
2026-02-20 03:00:00,4.1,4.92,3.89,4.83,6.37,7.66,6.69,7.2,6.54,7.86,6.87,7.39,6.67,8.03,7.01,7.54,241,236,243,226,8.1,8.0,8.0,7.8
2026-02-20 04:00:00,3.76,4.63,3.82,4.2,5.45,6.14,5.36,5.33,5.59,6.3,5.5,5.47,5.71,6.43,5.61,5.58,228,232,230,220,9.3,8.8,9.6,9.1
2026-02-20 05:00:00,3.61,4.32,3.64,3.72,4.69,5.31,4.55,4.59,4.81,5.45,4.67,4.71,4.91,5.56,4.77,4.81,223,226,228,221,10.1,9.5,11.1,10.1
2026-02-20 06:00:00,3.77,4.17,3.42,2.35,4.69,5.21,4.21,2.86,4.81,5.35,4.32,2.93,4.91,5.46,4.4,3.0,235,249,243,256,10.9,11.8,11.9,13.3
2026-02-20 07:00:00,3.71,3.74,2.62,2.2,4.5,4.64,3.1,2.61,4.62,4.76,3.18,2.68,4.71,4.86,3.25,2.74,230,249,262,279,11.6,13.0,13.3,14.5
2026-02-20 08:00:00,4.0,3.27,2.21,2.07,4.9,4.03,2.57,2.35,5.03,4.14,2.64,2.42,5.13,4.22,2.69,2.47,228,245,280,297,12.7,14.2,14.0,14.9
2026-02-20 09:00:00,3.36,2.82,1.86,1.54,4.14,3.45,2.1,1.68,4.24,3.54,2.15,1.73,4.33,3.62,2.2,1.76,236,251,288,292,13.9,14.8,14.4,15.0
2026-02-20 10:00:00,2.8,2.55,1.41,1.27,3.42,3.01,1.42,1.28,3.51,3.09,1.46,1.31,3.58,3.15,1.49,1.34,250,261,308,310,14.2,14.6,14.1,15.1
2026-02-20 11:00:00,2.1,2.1,1.71,1.86,2.49,2.34,1.92,2.11,2.56,2.4,1.97,2.16,2.61,2.45,2.01,2.21,274,282,9,7,13.3,13.3,12.9,14.0
2026-02-20 12:00:00,1.28,1.46,1.73,1.58,2.45,2.3,3.38,2.52,2.51,2.36,3.47,2.58,2.56,2.41,3.54,2.64,314,306,36,15,10.2,9.9,9.7,10.0
2026-02-20 13:00:00,0.59,0.38,3.13,2.57,2.03,1.02,7.44,6.08,2.08,1.04,7.63,6.24,2.13,1.07,7.79,6.37,330,343,58,55,7.6,7.6,8.2,8.4
2026-02-20 14:00:00,0.4,1.95,3.7,3.12,1.35,3.48,7.82,7.22,1.39,3.57,8.03,7.41,1.42,3.64,8.19,7.56,52,59,63,61,7.0,6.7,8.4,8.7
2026-02-20 15:00:00,2.17,2.31,3.71,3.4,4.96,6.41,7.95,7.48,5.09,6.58,8.16,7.67,5.2,6.71,8.33,7.83,59,58,63,62,6.4,6.7,7.5,7.8
2026-02-20 16:00:00,2.42,3.09,4.14,4.06,6.7,7.09,8.11,8.03,6.88,7.27,8.32,8.23,7.02,7.43,8.49,8.41,60,61,64,66,6.5,6.7,6.2,6.3
2026-02-20 17:00:00,2.65,3.88,4.2,4.2,6.2,7.85,7.94,7.97,6.36,8.05,8.15,8.18,6.49,8.22,8.31,8.35,66,63,70,69,5.8,5.5,4.8,4.9
2026-02-20 18:00:00,4.59,4.34,4.11,3.23,8.41,8.1,7.96,6.54,8.63,8.31,8.16,6.71,8.81,8.48,8.33,6.85,72,66,65,70,4.9,4.5,4.0,3.7
2026-02-20 19:00:00,4.75,4.11,4.27,2.91,8.59,7.78,8.06,5.9,8.81,7.99,8.27,6.06,8.99,8.15,8.44,6.18,72,71,68,73,4.9,3.9,3.5,3.3
2026-02-20 20:00:00,4.27,3.97,3.93,2.64,8.03,7.34,7.72,5.56,8.24,7.53,7.92,5.7,8.41,7.69,8.09,5.82,75,77,70,75,5.0,4.0,3.3,3.6
2026-02-20 21:00:00,3.97,3.77,3.58,2.22,7.4,7.11,6.99,5.06,7.59,7.3,7.17,5.19,7.75,7.45,7.32,5.29,72,79,76,73,4.9,4.2,3.7,3.8
2026-02-20 22:00:00,3.65,3.5,3.34,1.66,6.97,6.68,6.37,4.33,7.15,6.85,6.54,4.44,7.3,7.0,6.67,4.53,70,74,76,67,4.4,4.2,3.9,3.1
2026-02-20 23:00:00,3.27,3.08,2.61,1.2,6.16,6.2,5.28,3.12,6.32,6.36,5.42,3.2,6.46,6.49,5.53,3.27,72,72,76,76,4.1,4.0,3.6,2.2
2026-02-21 00:00:00,2.84,2.82,2.24,1.95,5.39,5.66,4.74,4.88,5.53,5.81,4.86,5.01,5.64,5.93,4.96,5.11,75,75,75,64,4.0,3.8,3.3,3.2
2026-02-21 01:00:00,2.85,2.3,1.76,2.26,5.41,4.81,3.88,4.05,5.55,4.94,3.99,4.15,5.67,5.04,4.07,4.24,88,74,70,89,3.5,3.2,3.4,3.1
2026-02-21 02:00:00,2.55,2.3,2.29,2.18,5.01,4.5,4.52,4.46,5.14,4.62,4.64,4.57,5.24,4.72,4.73,4.67,83,84,79,70,3.0,3.3,3.2,3.3
2026-02-21 03:00:00,2.82,2.59,2.91,2.85,4.62,4.4,5.51,5.36,4.74,4.51,5.65,5.5,4.83,4.61,5.77,5.62,79,75,68,62,4.1,4.7,4.5,4.8
2026-02-21 04:00:00,1.8,1.14,1.97,2.47,3.28,0.75,4.63,5.3,3.36,0.76,4.75,5.44,3.43,0.78,4.84,5.55,42,349,70,73,6.3,5.7,6.9,8.5
2026-02-21 05:00:00,3.82,4.17,1.92,3.66,4.58,5.61,2.36,4.21,4.7,5.76,2.42,4.32,4.8,5.87,2.47,4.4,225,236,7,243,7.4,8.2,9.1,10.3
2026-02-21 06:00:00,9.7,7.06,7.11,4.95,14.79,10.97,11.31,6.56,15.17,11.25,11.6,6.73,15.48,11.48,11.84,6.87,267,270,269,255,8.2,8.2,7.6,11.3
2026-02-21 07:00:00,7.65,7.1,7.69,8.71,11.9,11.22,11.86,12.73,12.2,11.51,12.17,13.06,12.46,11.75,12.42,13.33,265,268,264,279,8.0,7.8,8.7,9.7
2026-02-21 08:00:00,7.47,8.3,7.85,6.4,10.93,12.72,11.45,10.35,11.22,13.05,11.75,10.61,11.45,13.32,11.99,10.83,273,270,270,267,8.2,7.2,8.7,9.3
2026-02-21 09:00:00,8.2,8.4,6.28,6.79,11.99,12.05,8.57,10.35,12.3,12.36,8.79,10.62,12.56,12.61,8.97,10.84,271,272,278,274,7.5,7.4,9.9,9.2
2026-02-21 10:00:00,7.42,6.7,5.09,6.27,10.76,9.11,6.9,9.26,11.04,9.35,7.08,9.5,11.27,9.54,7.23,9.7,261,271,283,272,7.4,7.3,9.3,8.9
2026-02-21 11:00:00,5.98,5.01,3.26,5.45,9.32,7.26,4.74,7.99,9.57,7.45,4.86,8.2,9.76,7.61,4.97,8.37,252,272,282,269,6.1,7.2,8.4,8.6
2026-02-21 12:00:00,4.02,3.66,2.2,4.75,7.14,6.19,4.63,7.55,7.33,6.35,4.75,7.75,7.48,6.49,4.85,7.91,257,268,294,276,6.0,5.8,5.7,7.1
2026-02-21 13:00:00,4.14,1.99,2.23,4.65,7.47,4.77,4.26,8.08,7.67,4.89,4.37,8.29,7.82,4.99,4.46,8.46,255,254,250,280,5.9,5.4,4.3,6.1
2026-02-21 14:00:00,2.93,2.66,3.69,4.02,5.82,5.7,5.93,7.21,5.97,5.85,6.08,7.4,6.09,5.97,6.21,7.55,261,255,234,269,6.0,5.4,4.6,5.2
2026-02-21 15:00:00,1.23,3.67,3.83,5.43,3.41,7.41,6.39,8.32,3.5,7.6,6.56,8.54,3.58,7.76,6.69,8.71,268,257,249,256,5.4,5.0,4.9,4.9
2026-02-21 16:00:00,1.61,4.05,3.95,7.23,3.67,7.68,7.07,10.63,3.76,7.88,7.25,10.9,3.84,8.04,7.4,11.13,247,260,270,255,5.0,4.9,4.4,3.9
2026-02-21 17:00:00,2.53,4.02,5.43,6.89,4.28,7.71,8.68,10.52,4.39,7.91,8.9,10.8,4.48,8.07,9.09,11.02,233,252,288,265,5.5,4.6,3.5,3.1
2026-02-21 18:00:00,2.71,2.17,4.48,5.98,5.63,4.9,7.49,9.11,5.78,5.03,7.69,9.35,5.9,5.14,7.85,9.54,230,245,253,262,5.6,3.2,2.8,2.0
2026-02-21 19:00:00,2.04,1.9,5.09,5.21,5.0,4.35,7.83,8.04,5.13,4.46,8.03,8.25,5.24,4.55,8.2,8.42,264,240,251,269,5.5,2.4,2.3,1.4
2026-02-21 20:00:00,1.95,1.87,4.52,3.48,4.16,4.45,7.08,5.67,4.27,4.56,7.26,5.81,4.36,4.66,7.41,5.93,237,238,232,266,3.4,1.7,1.5,0.3
2026-02-21 21:00:00,1.91,1.48,3.72,3.34,3.36,3.44,5.9,4.9,3.45,3.52,6.05,5.03,3.52,3.6,6.18,5.14,204,238,218,242,1.2,0.3,0.6,0.1
2026-02-21 22:00:00,1.33,0.95,3.28,2.84,0.9,1.93,5.21,4.57,0.92,1.98,5.35,4.69,0.94,2.03,5.46,4.79,193,221,208,219,-0.3,-0.6,0.2,-0.5
2026-02-21 23:00:00,1.19,0.15,2.2,1.79,0.46,0.81,3.9,3.85,0.47,0.83,4.0,3.95,0.48,0.84,4.09,4.03,108,295,206,232,-1.0,-1.3,-1.0,-1.5
2026-02-22 00:00:00,0.54,0.49,0.25,1.82,1.19,0.49,0.45,3.41,1.22,0.5,0.46,3.5,1.25,0.51,0.47,3.57,35,53,311,224,-1.1,-0.9,-2.4,-1.6
2026-02-22 01:00:00,0.97,1.39,0.28,2.45,1.43,2.1,0.91,3.81,1.46,2.15,0.93,3.91,1.49,2.2,0.95,3.99,98,72,16,212,-0.9,-1.3,-1.9,-1.5
2026-02-22 02:00:00,1.7,1.53,0.92,2.55,2.08,3.3,1.57,3.58,2.14,3.39,1.61,3.68,2.18,3.46,1.64,3.75,106,74,95,202,-0.2,-0.9,-1.6,-1.2
2026-02-22 03:00:00,1.76,2.82,1.51,2.65,2.55,5.43,1.9,2.98,2.61,5.57,1.95,3.05,2.67,5.68,1.99,3.12,85,64,87,183,1.2,1.8,1.0,1.4
2026-02-22 04:00:00,3.04,3.79,1.54,0.74,4.2,5.68,2.21,1.1,4.3,5.82,2.27,1.12,4.39,5.94,2.31,1.15,59,60,76,159,3.2,3.6,3.8,4.3
2026-02-22 05:00:00,4.79,5.18,2.47,1.3,6.35,7.09,3.01,1.27,6.51,7.27,3.09,1.3,6.65,7.42,3.15,1.33,54,54,40,32,5.7,5.2,5.7,5.6
2026-02-22 06:00:00,6.58,6.09,3.8,2.83,8.57,7.98,4.69,3.24,8.79,8.18,4.81,3.33,8.98,8.35,4.91,3.4,55,51,44,47,8.0,6.9,6.6,6.1
2026-02-22 07:00:00,7.07,6.94,5.27,4.03,9.18,9.02,6.66,4.91,9.42,9.25,6.83,5.04,9.62,9.44,6.97,5.14,54,52,48,50,9.0,8.6,7.9,6.8
2026-02-22 08:00:00,6.92,6.86,5.98,5.74,8.95,8.95,7.7,7.35,9.18,9.18,7.9,7.54,9.37,9.37,8.07,7.7,56,55,52,51,9.9,9.6,9.2,7.0
2026-02-22 09:00:00,6.45,6.33,6.2,6.57,8.3,8.23,8.1,8.66,8.52,8.45,8.31,8.89,8.69,8.62,8.48,9.07,58,55,53,53,10.2,10.0,9.6,7.4
2026-02-22 10:00:00,5.91,5.96,6.13,6.54,7.67,7.85,8.08,8.7,7.87,8.05,8.29,8.92,8.03,8.22,8.46,9.11,58,54,53,54,10.4,9.9,9.6,7.7
2026-02-22 11:00:00,5.17,5.4,5.47,6.19,7.06,7.49,7.68,8.78,7.24,7.68,7.88,9.0,7.39,7.84,8.04,9.19,56,53,54,55,9.8,9.3,8.9,6.7
2026-02-22 12:00:00,3.69,4.08,4.14,4.3,6.96,7.35,7.42,7.7,7.14,7.54,7.62,7.9,7.29,7.7,7.77,8.06,56,57,58,59,7.5,7.7,6.9,5.7
2026-02-22 13:00:00,2.21,2.51,2.5,3.2,5.6,5.88,5.87,6.47,5.75,6.04,6.03,6.64,5.87,6.16,6.15,6.78,65,68,67,65,5.1,5.1,4.4,4.0
2026-02-22 14:00:00,1.6,1.81,2.07,2.82,3.48,4.05,4.32,5.76,3.57,4.16,4.43,5.91,3.65,4.25,4.52,6.03,84,80,79,69,3.2,2.7,3.0,2.7
2026-02-22 15:00:00,1.49,1.84,2.15,2.71,2.5,3.22,3.94,5.53,2.57,3.31,4.04,5.68,2.62,3.37,4.12,5.79,83,87,82,72,1.6,1.0,1.7,1.6
2026-02-22 16:00:00,1.14,1.66,2.0,2.5,1.56,2.14,3.98,5.34,1.6,2.2,4.09,5.48,1.63,2.25,4.17,5.6,76,90,75,75,0.7,0.6,0.7,0.8
2026-02-22 17:00:00,1.26,1.66,1.68,2.45,1.53,1.71,4.19,5.33,1.57,1.76,4.3,5.47,1.6,1.79,4.38,5.58,107,95,65,76,0.5,0.9,0.7,0.6
2026-02-22 18:00:00,2.0,1.33,0.99,2.61,2.39,1.91,2.86,5.75,2.45,1.96,2.93,5.9,2.5,2.0,3.0,6.02,160,109,67,70,0.7,0.4,0.7,1.0
2026-02-22 19:00:00,2.38,1.7,0.78,2.75,2.18,1.98,1.57,5.96,2.24,2.03,1.61,6.11,2.29,2.07,1.64,6.24,151,142,95,69,1.5,0.0,0.9,1.2
2026-02-22 20:00:00,1.54,1.52,0.9,2.9,1.66,1.53,1.33,6.03,1.7,1.57,1.37,6.18,1.74,1.6,1.39,6.31,130,143,114,71,2.1,0.4,0.7,1.2
2026-02-22 21:00:00,0.93,0.93,0.89,2.8,1.77,1.42,1.51,5.89,1.82,1.45,1.55,6.04,1.85,1.48,1.59,6.17,82,86,94,72,2.7,1.4,1.2,1.1
2026-02-22 22:00:00,0.69,0.81,0.64,2.8,1.77,1.95,1.9,5.96,1.81,2.01,1.95,6.12,1.85,2.05,1.99,6.25,84,94,77,71,3.3,2.3,2.1,0.9
2026-02-22 23:00:00,0.63,0.57,0.6,2.46,1.0,1.22,1.95,5.62,1.03,1.25,2.0,5.77,1.05,1.28,2.04,5.89,133,127,90,68,3.2,2.9,2.5,0.7
2026-02-23 00:00:00,1.77,0.35,1.46,0.53,3.23,0.98,2.92,1.51,3.31,1.0,3.0,1.55,3.38,1.03,3.06,1.58,241,174,242,90,3.0,3.0,2.4,0.8
2026-02-23 01:00:00,2.78,1.01,1.74,0.54,5.87,2.18,3.72,1.14,6.02,2.23,3.82,1.17,6.14,2.28,3.9,1.19,261,230,256,137,1.5,2.4,2.0,1.2
2026-02-23 02:00:00,2.64,1.85,1.7,0.76,5.58,3.79,3.56,1.22,5.73,3.89,3.65,1.25,5.85,3.97,3.73,1.28,245,250,261,182,1.9,1.8,2.0,1.9
2026-02-23 03:00:00,3.09,2.44,1.64,1.1,5.63,4.17,3.33,2.24,5.77,4.28,3.42,2.3,5.89,4.37,3.49,2.35,235,247,255,222,4.4,3.7,4.6,4.3
2026-02-23 04:00:00,2.98,2.28,1.86,1.81,5.07,3.96,3.17,3.51,5.2,4.06,3.26,3.61,5.31,4.15,3.32,3.68,235,251,266,251,7.1,6.5,7.0,6.9
2026-02-23 05:00:00,2.42,2.91,2.62,3.15,2.92,3.93,3.53,4.15,2.99,4.03,3.63,4.26,3.05,4.11,3.7,4.35,260,263,285,257,8.8,8.1,8.2,8.4
2026-02-23 06:00:00,2.94,3.5,3.86,3.0,3.5,4.48,4.81,3.71,3.59,4.6,4.94,3.8,3.67,4.7,5.04,3.88,305,271,286,268,9.4,9.0,9.2,10.5
2026-02-23 07:00:00,4.64,3.47,4.88,3.61,5.92,4.24,6.17,4.42,6.08,4.35,6.33,4.53,6.2,4.44,6.46,4.62,286,283,284,281,7.9,9.3,9.3,11.4
2026-02-23 08:00:00,5.31,4.04,5.06,4.3,6.98,4.95,6.55,5.31,7.16,5.08,6.72,5.45,7.31,5.18,6.86,5.56,273,291,279,292,7.4,8.9,9.0,11.6
2026-02-23 09:00:00,5.7,4.79,5.84,4.63,7.51,6.29,7.6,5.86,7.7,6.45,7.8,6.02,7.86,6.58,7.96,6.14,271,284,286,295,7.1,7.7,9.0,10.9
2026-02-23 10:00:00,5.65,4.8,6.53,4.94,7.62,6.43,8.75,6.39,7.82,6.6,8.98,6.56,7.98,6.74,9.17,6.69,274,269,288,294,6.6,7.4,7.8,10.3
2026-02-23 11:00:00,5.45,5.77,6.63,4.73,7.71,8.29,9.13,6.54,7.91,8.5,9.37,6.71,8.07,8.68,9.56,6.84,273,268,277,284,5.7,6.4,6.2,9.3
2026-02-23 12:00:00,6.05,5.33,6.67,3.78,9.1,8.1,9.7,6.68,9.34,8.31,9.95,6.86,9.53,8.48,10.16,7.0,265,268,268,267,4.2,5.5,4.8,7.5
2026-02-23 13:00:00,6.06,5.64,7.03,4.5,9.03,8.64,10.22,8.23,9.27,8.87,10.48,8.45,9.46,9.05,10.7,8.62,255,263,263,253,3.7,4.7,3.5,5.5
2026-02-23 14:00:00,6.86,6.25,6.93,5.39,9.93,9.36,10.05,9.38,10.18,9.6,10.31,9.62,10.39,9.8,10.52,9.82,263,258,262,249,2.7,3.7,2.5,4.4
2026-02-23 15:00:00,7.14,6.73,7.0,6.72,10.68,9.89,10.05,10.68,10.95,10.14,10.31,10.96,11.18,10.35,10.53,11.18,254,260,267,247,0.9,2.6,1.6,3.9
2026-02-23 16:00:00,6.7,7.04,7.03,6.73,9.75,10.32,10.12,10.48,10.0,10.59,10.38,10.76,10.21,10.81,10.6,10.98,254,258,261,250,0.3,1.2,0.5,3.0
2026-02-23 17:00:00,6.46,7.62,6.62,6.55,9.6,10.93,9.63,9.96,9.84,11.21,9.88,10.22,10.05,11.44,10.09,10.43,241,254,247,253,-0.4,0.2,-1.0,1.9
2026-02-23 18:00:00,6.95,6.84,6.42,5.61,10.38,10.12,9.3,8.58,10.65,10.38,9.55,8.8,10.87,10.6,9.74,8.98,245,249,238,249,-1.0,-0.3,-2.0,1.1
2026-02-23 19:00:00,6.73,6.75,6.15,6.15,9.88,9.7,9.35,8.97,10.14,9.95,9.6,9.2,10.35,10.16,9.8,9.39,241,244,235,251,-1.4,-1.3,-2.5,0.5
2026-02-23 20:00:00,6.09,6.1,5.59,6.44,9.05,8.87,8.36,9.1,9.29,9.1,8.58,9.34,9.48,9.29,8.76,9.53,239,236,232,249,-2.0,-2.0,-2.4,-0.5
2026-02-23 21:00:00,5.49,5.66,5.27,6.19,8.16,8.22,7.9,8.71,8.38,8.43,8.11,8.94,8.55,8.6,8.28,9.12,237,233,233,247,-2.3,-2.4,-2.4,-1.4
2026-02-23 22:00:00,5.39,5.39,5.34,5.94,7.86,7.83,7.84,8.55,8.07,8.03,8.04,8.78,8.24,8.2,8.21,8.96,228,235,233,241,-2.4,-2.6,-2.5,-2.1
2026-02-23 23:00:00,5.35,5.42,5.56,5.83,7.96,7.69,8.17,8.31,8.17,7.89,8.38,8.52,8.34,8.05,8.55,8.7,226,233,226,242,-2.4,-2.8,-2.6,-2.7
2026-02-24 00:00:00,4.53,4.71,5.69,5.7,7.14,6.86,8.6,8.65,7.32,7.04,8.82,8.88,7.48,7.18,9.01,9.06,231,231,229,226,-2.3,-3.0,-2.9,-3.3
2026-02-24 01:00:00,4.18,4.32,5.55,5.39,6.66,6.95,8.48,8.76,6.83,7.13,8.7,8.98,6.97,7.27,8.88,9.17,228,229,230,223,-2.1,-2.9,-2.7,-3.0
2026-02-24 02:00:00,3.68,4.22,5.23,5.33,5.87,6.82,8.43,8.32,6.03,6.99,8.65,8.53,6.15,7.14,8.83,8.71,229,235,236,222,-1.8,-2.8,-2.5,-2.6
2026-02-24 03:00:00,3.5,4.65,4.84,5.02,4.79,6.49,7.04,7.1,4.91,6.66,7.22,7.29,5.01,6.8,7.37,7.44,232,237,228,227,-0.9,-2.4,-1.8,-1.9
2026-02-24 04:00:00,3.05,4.79,5.0,5.16,3.99,6.43,6.75,6.79,4.09,6.6,6.92,6.97,4.18,6.73,7.07,7.11,235,242,235,233,0.2,-1.8,-0.9,-0.7
2026-02-24 05:00:00,2.75,4.97,4.94,5.01,3.38,6.57,6.49,6.45,3.47,6.74,6.66,6.62,3.54,6.88,6.8,6.76,255,249,243,239,1.1,-0.9,0.1,0.3
2026-02-24 06:00:00,2.19,4.44,5.28,4.87,2.67,5.7,6.96,6.21,2.74,5.85,7.14,6.37,2.79,5.97,7.29,6.51,239,255,246,250,2.0,-0.3,0.4,1.6
2026-02-24 07:00:00,2.26,4.64,5.12,4.73,2.74,5.99,6.6,5.92,2.82,6.15,6.77,6.07,2.87,6.28,6.91,6.2,253,255,252,259,2.8,-0.1,1.5,2.2
2026-02-24 08:00:00,2.75,4.63,4.79,4.52,3.27,6.0,6.08,5.65,3.35,6.15,6.23,5.79,3.42,6.28,6.36,5.91,271,251,256,263,2.9,-0.1,1.5,2.4
2026-02-24 09:00:00,3.17,4.54,4.4,4.31,3.94,5.86,5.56,5.44,4.04,6.02,5.7,5.58,4.12,6.14,5.82,5.7,262,243,255,264,2.6,0.1,1.8,2.6
2026-02-24 10:00:00,3.07,4.36,3.83,3.89,3.86,5.63,4.83,4.94,3.96,5.77,4.95,5.07,4.04,5.89,5.05,5.18,244,235,254,260,2.0,-0.1,1.7,2.1
2026-02-24 11:00:00,2.48,3.72,3.37,3.48,3.25,4.92,4.39,4.5,3.33,5.04,4.51,4.62,3.4,5.15,4.6,4.72,242,231,251,257,1.5,-0.1,1.3,1.7
2026-02-24 12:00:00,1.38,2.78,1.67,2.21,2.76,4.64,3.57,3.97,2.83,4.76,3.66,4.07,2.89,4.86,3.74,4.16,226,234,235,245,1.0,0.4,0.2,1.3
2026-02-24 13:00:00,1.41,1.7,1.19,1.43,3.0,3.74,2.73,3.35,3.08,3.84,2.8,3.43,3.15,3.92,2.86,3.51,262,231,230,254,0.2,-0.6,-2.1,-0.5
2026-02-24 14:00:00,1.1,1.59,0.76,0.92,2.37,3.59,1.8,2.68,2.44,3.68,1.84,2.75,2.49,3.76,1.88,2.81,251,233,229,268,-0.4,-1.0,-2.5,-1.3
2026-02-24 15:00:00,0.16,1.52,0.15,0.45,0.71,3.31,0.79,1.81,0.73,3.4,0.81,1.86,0.74,3.47,0.82,1.89,254,234,292,284,-0.5,-1.1,-2.3,-2.1
2026-02-24 16:00:00,0.85,1.17,0.72,0.27,1.71,2.56,2.04,1.59,1.76,2.62,2.09,1.63,1.79,2.68,2.13,1.66,355,235,17,315,-0.7,-1.4,-2.5,-2.0
2026-02-24 17:00:00,0.8,0.64,1.54,1.05,1.77,1.84,3.0,2.05,1.82,1.88,3.08,2.1,1.85,1.92,3.14,2.14,352,292,42,38,-0.9,-1.5,-3.5,-2.2
2026-02-24 18:00:00,1.1,0.71,0.99,2.04,1.71,1.76,2.12,4.33,1.75,1.8,2.17,4.44,1.79,1.84,2.22,4.53,2,341,8,54,-0.6,-1.4,-4.1,-2.8
2026-02-24 19:00:00,1.98,0.72,0.89,2.06,2.91,1.42,1.77,5.1,2.98,1.46,1.82,5.23,3.05,1.49,1.86,5.34,31,338,58,56,-1.2,-1.3,-4.3,-3.0
2026-02-24 20:00:00,1.63,0.96,1.33,2.67,3.01,1.3,2.73,5.88,3.09,1.33,2.8,6.04,3.16,1.36,2.86,6.16,56,34,71,59,-1.5,-1.6,-4.2,-2.8
2026-02-24 21:00:00,1.56,1.1,1.53,2.86,3.44,2.1,3.75,6.09,3.52,2.15,3.84,6.25,3.6,2.2,3.92,6.38,58,59,58,60,-1.4,-2.1,-4.4,-2.4
2026-02-24 22:00:00,1.39,1.95,1.78,3.33,3.31,3.28,4.75,6.64,3.4,3.36,4.87,6.82,3.47,3.43,4.97,6.96,47,43,54,59,-1.6,-1.9,-4.4,-2.6
2026-02-24 23:00:00,1.14,1.17,2.33,2.94,3.33,3.31,5.29,5.93,3.42,3.4,5.42,6.09,3.49,3.47,5.53,6.21,52,54,57,66,-1.9,-2.5,-3.9,-2.6
2026-02-25 00:00:00,1.67,1.42,2.53,3.2,3.07,3.64,5.6,6.33,3.15,3.73,5.75,6.49,3.21,3.81,5.86,6.63,44,55,59,66,-2.0,-1.6,-3.7,-3.3
2026-02-25 01:00:00,1.84,1.44,2.91,3.2,3.69,3.53,5.99,6.24,3.78,3.62,6.15,6.4,3.86,3.7,6.28,6.53,47,55,59,66,-1.8,-1.9,-3.7,-3.3
2026-02-25 02:00:00,1.65,1.52,3.38,3.4,3.44,3.8,6.27,6.28,3.53,3.9,6.43,6.44,3.6,3.98,6.56,6.57,52,49,60,63,-1.5,-1.4,-3.5,-2.8
2026-02-25 03:00:00,1.49,1.88,3.31,3.4,2.83,3.74,6.24,7.04,2.9,3.84,6.41,7.23,2.96,3.92,6.54,7.38,44,51,60,61,-0.8,-0.2,-1.9,-0.9
2026-02-25 04:00:00,1.79,2.44,4.67,4.46,2.34,3.19,6.29,6.43,2.4,3.27,6.45,6.6,2.45,3.34,6.59,6.74,31,39,54,53,-0.1,0.9,-0.1,1.4
2026-02-25 05:00:00,1.93,2.36,5.26,5.14,2.41,2.93,6.76,6.69,2.47,3.01,6.93,6.86,2.53,3.07,7.08,7.01,45,42,57,57,1.0,1.9,2.1,3.2
2026-02-25 06:00:00,2.14,1.69,5.27,5.62,2.76,2.08,6.64,7.12,2.83,2.14,6.81,7.31,2.89,2.18,6.95,7.46,45,21,60,60,1.9,1.0,3.5,4.8
2026-02-25 07:00:00,1.92,1.57,5.34,5.3,2.38,1.94,6.73,6.68,2.44,1.99,6.9,6.85,2.49,2.03,7.05,6.99,26,28,60,58,2.4,2.4,4.6,5.8
2026-02-25 08:00:00,1.35,1.77,5.02,4.65,1.62,2.1,6.28,5.85,1.66,2.15,6.44,6.01,1.7,2.2,6.57,6.13,16,18,59,56,2.7,3.2,5.1,5.7
2026-02-25 09:00:00,0.28,1.58,4.57,4.68,0.34,1.9,5.78,5.97,0.35,1.94,5.93,6.12,0.36,1.99,6.05,6.25,8,18,53,54,2.9,3.8,5.6,5.9
2026-02-25 10:00:00,0.32,1.3,4.04,4.43,0.25,1.57,5.19,5.97,0.25,1.61,5.32,6.12,0.26,1.65,5.43,6.25,349,16,53,47,2.9,3.7,4.8,5.3
2026-02-25 11:00:00,0.85,1.06,3.21,3.42,0.92,1.75,5.28,6.01,0.94,1.79,5.42,6.16,0.96,1.83,5.53,6.29,328,330,48,48,2.9,3.0,3.8,3.5
2026-02-25 12:00:00,1.58,1.53,1.12,2.13,3.52,2.16,2.88,4.76,3.61,2.21,2.95,4.89,3.68,2.26,3.01,4.99,44,276,51,42,1.4,1.9,2.3,2.6
2026-02-25 13:00:00,1.01,1.03,1.35,1.79,3.55,1.65,3.3,4.68,3.65,1.69,3.39,4.8,3.72,1.73,3.46,4.9,42,289,53,56,0.8,0.9,1.7,1.6
2026-02-25 14:00:00,0.21,0.57,1.55,1.68,2.21,0.65,3.84,4.21,2.26,0.67,3.94,4.32,2.31,0.68,4.02,4.41,47,283,61,60,1.2,0.3,1.2,1.3
2026-02-25 15:00:00,0.53,1.26,1.95,1.9,2.47,1.66,4.62,4.38,2.53,1.7,4.74,4.5,2.58,1.74,4.84,4.59,52,358,46,61,1.2,-0.2,1.4,1.0
2026-02-25 16:00:00,1.66,0.97,2.44,2.31,4.09,2.48,5.15,5.04,4.19,2.55,5.28,5.17,4.28,2.6,5.39,5.28,59,43,61,60,0.5,-0.7,1.1,0.9
2026-02-25 17:00:00,2.06,1.57,2.82,3.0,5.01,4.36,6.14,5.67,5.14,4.47,6.3,5.81,5.25,4.56,6.43,5.93,62,54,59,63,0.0,-1.8,0.3,0.9
2026-02-25 18:00:00,3.72,3.11,3.59,3.7,7.2,6.67,7.04,6.65,7.38,6.84,7.23,6.82,7.54,6.98,7.38,6.96,65,59,61,70,0.6,-0.5,0.3,0.8
2026-02-25 19:00:00,4.1,3.75,3.7,4.08,7.65,7.1,6.78,6.95,7.85,7.29,6.96,7.13,8.01,7.44,7.1,7.28,68,68,72,72,-0.1,-0.3,0.7,1.1
2026-02-25 20:00:00,4.08,4.18,4.0,3.78,7.46,7.45,6.98,6.53,7.65,7.64,7.16,6.7,7.81,7.8,7.31,6.84,73,74,66,71,-0.1,0.2,0.7,0.9
2026-02-25 21:00:00,4.35,4.27,4.16,4.05,7.78,7.5,7.12,6.92,7.99,7.69,7.31,7.1,8.15,7.85,7.46,7.25,72,77,78,69,0.2,0.5,1.1,1.0
2026-02-25 22:00:00,4.02,3.74,4.21,4.25,7.02,6.52,7.33,7.19,7.2,6.69,7.52,7.37,7.35,6.83,7.68,7.53,73,78,75,69,0.7,0.7,0.9,1.0
2026-02-25 23:00:00,4.34,3.19,4.05,4.38,7.46,5.62,7.03,7.24,7.65,5.77,7.21,7.43,7.81,5.89,7.36,7.59,71,81,73,66,0.7,0.6,1.0,1.0
2026-02-26 00:00:00,4.34,3.48,3.32,4.41,7.35,6.15,5.67,7.37,7.54,6.31,5.82,7.56,7.7,6.44,5.94,7.71,71,75,76,64,0.7,0.0,1.1,1.1
2026-02-26 01:00:00,4.49,3.23,3.96,4.47,7.45,5.83,6.83,7.52,7.64,5.98,7.01,7.72,7.8,6.1,7.15,7.88,67,69,66,65,0.4,-0.4,0.9,0.6
2026-02-26 02:00:00,3.64,3.07,4.08,4.01,6.37,5.38,6.89,6.69,6.54,5.52,7.07,6.86,6.67,5.64,7.21,7.0,74,69,64,68,0.4,0.1,0.8,0.7
2026-02-26 03:00:00,3.66,3.05,3.7,4.23,6.44,4.97,6.53,6.5,6.6,5.1,6.7,6.67,6.74,5.2,6.84,6.8,66,64,68,65,1.6,1.0,2.0,2.2
2026-02-26 04:00:00,4.19,2.76,2.47,3.3,5.51,3.83,2.73,5.11,5.65,3.93,2.8,5.24,5.77,4.01,2.86,5.35,54,42,319,48,3.6,2.6,3.6,4.0
2026-02-26 05:00:00,2.32,1.71,5.86,2.84,2.99,2.14,7.51,3.24,3.06,2.2,7.7,3.32,3.13,2.25,7.86,3.39,26,21,269,282,4.5,4.2,4.8,4.8
2026-02-26 06:00:00,1.7,6.95,5.38,3.88,2.0,9.21,6.94,4.79,2.05,9.45,7.12,4.92,2.09,9.65,7.27,5.02,267,269,257,279,5.9,4.5,3.8,5.3
2026-02-26 07:00:00,6.7,5.54,4.47,6.17,8.73,7.15,5.48,8.02,8.95,7.33,5.62,8.22,9.14,7.49,5.73,8.39,269,259,275,278,4.7,3.9,1.7,3.3
2026-02-26 08:00:00,4.73,2.88,4.27,3.95,5.83,3.56,5.4,4.86,5.98,3.65,5.54,4.98,6.1,3.73,5.66,5.09,264,251,255,260,2.1,2.0,-0.8,1.0
2026-02-26 09:00:00,3.84,3.3,3.54,2.76,5.27,4.36,4.33,3.25,5.41,4.48,4.44,3.33,5.52,4.57,4.53,3.4,251,254,239,221,-0.3,0.0,-2.0,0.5
2026-02-26 10:00:00,3.53,3.87,3.61,1.32,5.21,5.25,4.34,2.51,5.35,5.39,4.46,2.57,5.46,5.5,4.55,2.62,249,248,223,257,-0.6,-0.8,-2.1,0.7
2026-02-26 11:00:00,4.96,3.87,2.8,2.94,7.93,5.84,3.84,5.13,8.14,5.99,3.94,5.27,8.31,6.12,4.03,5.37,262,252,240,252,-0.1,-1.0,-1.9,-0.3
2026-02-26 12:00:00,5.64,4.32,4.16,5.81,9.91,7.95,6.76,9.0,10.17,8.15,6.93,9.23,10.38,8.32,7.08,9.42,267,271,243,257,-0.2,0.2,-1.9,-1.8
2026-02-26 13:00:00,5.52,4.39,4.26,5.58,9.41,7.85,7.88,9.31,9.66,8.06,8.08,9.55,9.86,8.22,8.25,9.75,268,268,252,244,-0.6,0.1,-2.1,-2.6
2026-02-26 14:00:00,4.47,4.11,4.65,5.97,7.53,7.08,8.07,9.89,7.72,7.27,8.28,10.15,7.88,7.42,8.45,10.36,256,260,254,251,-0.4,0.4,-2.2,-3.4
2026-02-26 15:00:00,4.7,4.35,4.72,5.28,8.08,7.56,7.8,7.82,8.29,7.75,8.01,8.02,8.46,7.91,8.17,8.18,250,269,250,240,0.2,0.7,-2.3,-3.8
2026-02-26 16:00:00,4.8,4.93,3.83,4.91,8.26,8.24,6.63,7.89,8.47,8.45,6.8,8.1,8.65,8.63,6.94,8.26,263,271,250,242,0.8,0.5,-2.3,-4.1
2026-02-26 17:00:00,4.84,5.36,5.15,4.74,8.28,8.63,8.14,7.56,8.5,8.86,8.35,7.75,8.68,9.04,8.52,7.91,261,273,252,249,0.8,0.4,-2.9,-4.5
2026-02-26 18:00:00,4.51,5.13,4.87,4.69,7.46,8.31,8.58,7.86,7.65,8.52,8.81,8.07,7.81,8.7,8.99,8.23,271,266,255,250,0.2,0.4,-2.7,-5.1
2026-02-26 19:00:00,3.23,5.73,5.33,4.05,5.7,9.0,9.09,6.46,5.85,9.23,9.33,6.63,5.97,9.42,9.52,6.77,253,251,252,247,-0.2,-0.2,-2.8,-5.4
2026-02-26 20:00:00,3.07,4.88,5.42,4.19,5.5,7.78,9.12,6.24,5.65,7.98,9.36,6.4,5.76,8.15,9.55,6.53,250,255,248,248,-0.6,-0.8,-3.0,-5.6
2026-02-26 21:00:00,3.11,4.7,4.83,4.22,5.39,7.96,7.56,6.69,5.53,8.17,7.76,6.87,5.65,8.34,7.92,7.01,240,258,243,242,-0.8,-0.9,-3.3,-6.0
2026-02-26 22:00:00,2.71,4.9,4.41,4.37,4.49,7.69,7.1,6.91,4.6,7.89,7.28,7.09,4.7,8.06,7.43,7.24,236,253,249,245,-1.2,-1.0,-3.2,-6.2
2026-02-26 23:00:00,3.27,4.05,4.47,4.34,4.81,6.9,6.87,7.15,4.94,7.08,7.05,7.34,5.04,7.23,7.2,7.49,212,257,251,250,-0.5,-1.2,-3.4,-6.1
2026-02-27 00:00:00,3.69,3.43,4.78,5.11,5.76,5.38,7.5,7.9,5.91,5.52,7.7,8.11,6.03,5.63,7.86,8.28,238,236,245,247,-0.4,-0.4,-1.8,-2.9
2026-02-27 01:00:00,3.56,3.38,4.36,5.38,5.62,5.32,6.72,8.64,5.76,5.46,6.9,8.86,5.88,5.57,7.04,9.05,226,233,238,241,-0.1,-0.3,-1.9,-3.5
2026-02-27 02:00:00,2.84,3.37,4.42,5.27,5.2,5.33,6.8,8.96,5.33,5.47,6.97,9.19,5.44,5.58,7.12,9.38,234,230,239,245,0.1,-0.3,-2.1,-3.7
2026-02-27 03:00:00,2.27,3.18,4.56,4.81,4.14,5.07,6.5,7.86,4.25,5.2,6.67,8.06,4.33,5.3,6.8,8.23,238,225,229,238,0.4,0.4,-1.7,-3.8
2026-02-27 04:00:00,2.14,2.37,3.85,4.77,3.59,4.45,5.5,6.58,3.68,4.56,5.64,6.75,3.75,4.66,5.76,6.89,239,238,233,239,1.1,1.3,-0.9,-3.5
2026-02-27 05:00:00,2.12,2.4,3.55,4.78,3.85,4.49,4.89,6.64,3.95,4.61,5.01,6.81,4.03,4.7,5.12,6.95,252,249,241,238,1.6,1.5,-0.4,-3.4
2026-02-27 06:00:00,2.61,2.8,2.89,4.55,3.35,4.58,4.12,6.3,3.44,4.7,4.23,6.47,3.51,4.8,4.32,6.6,262,269,235,238,2.3,1.7,0.6,-4.2
2026-02-27 07:00:00,2.04,2.67,3.57,4.67,3.34,4.15,5.11,6.39,3.42,4.25,5.25,6.55,3.49,4.34,5.35,6.69,241,246,259,239,2.5,1.7,1.0,-4.0
2026-02-27 08:00:00,1.54,3.02,4.14,4.91,2.99,4.69,5.64,6.72,3.06,4.82,5.79,6.89,3.13,4.92,5.91,7.04,244,257,252,235,3.2,1.9,0.7,-4.1
2026-02-27 09:00:00,1.65,4.04,4.35,4.7,3.09,5.78,5.96,6.44,3.17,5.93,6.12,6.6,3.23,6.06,6.25,6.74,258,258,251,238,2.9,1.4,0.4,-3.9
2026-02-27 10:00:00,3.11,4.43,4.98,4.69,5.22,6.22,6.91,6.48,5.36,6.38,7.09,6.64,5.47,6.51,7.23,6.78,267,255,254,242,2.6,0.5,-0.2,-4.4
2026-02-27 11:00:00,5.0,4.75,5.48,5.03,6.82,6.58,7.81,6.96,7.0,6.75,8.02,7.14,7.15,6.89,8.18,7.29,269,258,251,235,1.2,-0.5,-1.3,-5.1
2026-02-27 12:00:00,5.47,4.45,5.54,5.38,7.69,5.86,7.78,7.57,7.89,6.02,7.98,7.77,8.05,6.14,8.15,7.93,258,244,244,237,-0.6,-0.9,-3.2,-6.1
2026-02-27 13:00:00,4.76,4.83,5.32,5.27,7.0,6.59,7.98,7.71,7.18,6.76,8.18,7.91,7.33,6.9,8.35,8.07,255,249,229,235,-1.9,-2.1,-3.8,-6.6
2026-02-27 14:00:00,4.83,4.61,5.1,5.2,6.8,6.12,7.69,7.51,6.98,6.28,7.89,7.7,7.12,6.41,8.06,7.86,243,244,231,230,-3.1,-3.5,-3.7,-7.0
2026-02-27 15:00:00,4.94,4.9,4.62,4.81,7.51,7.13,7.04,7.51,7.71,7.31,7.23,7.71,7.87,7.46,7.37,7.87,240,244,237,231,-3.9,-4.3,-4.0,-7.3
2026-02-27 16:00:00,4.67,4.49,4.64,4.18,7.0,7.07,7.03,6.91,7.18,7.25,7.21,7.09,7.33,7.4,7.36,7.24,239,233,233,230,-4.1,-4.9,-4.6,-7.3
2026-02-27 17:00:00,4.25,4.18,4.33,3.71,6.74,6.64,6.91,6.15,6.91,6.81,7.09,6.31,7.05,6.95,7.23,6.44,232,235,229,229,-4.4,-4.7,-4.7,-7.0
2026-02-27 18:00:00,5.19,3.73,3.48,3.15,7.94,6.29,5.99,5.22,8.14,6.45,6.15,5.35,8.31,6.58,6.28,5.46,242,236,234,229,-4.5,-4.6,-3.9,-5.0
2026-02-27 19:00:00,4.07,4.0,3.81,2.79,6.42,6.04,6.07,4.82,6.58,6.2,6.23,4.94,6.72,6.33,6.36,5.04,231,241,237,234,-4.9,-5.0,-4.2,-4.9
2026-02-27 20:00:00,4.08,4.17,2.89,2.55,6.27,6.48,5.2,4.35,6.44,6.65,5.33,4.46,6.57,6.79,5.44,4.55,235,227,240,233,-5.0,-5.1,-4.4,-5.0
2026-02-27 21:00:00,4.67,4.09,3.43,2.36,6.99,6.05,5.62,3.69,7.17,6.2,5.77,3.78,7.32,6.33,5.89,3.86,230,247,236,241,-5.6,-5.1,-5.0,-5.1
2026-02-27 22:00:00,4.42,4.74,3.74,2.67,7.21,6.78,6.02,4.01,7.39,6.96,6.17,4.11,7.55,7.1,6.3,4.2,231,242,242,254,-5.9,-5.8,-5.2,-5.4
2026-02-27 23:00:00,4.54,4.65,3.97,2.77,7.21,6.88,6.72,4.15,7.39,7.06,6.9,4.26,7.55,7.21,7.04,4.35,235,237,240,248,-6.0,-6.2,-6.1,-5.8
2026-02-28 00:00:00,4.47,4.96,4.55,2.83,7.04,7.28,7.05,4.98,7.22,7.47,7.23,5.11,7.37,7.62,7.38,5.22,244,243,238,239,-6.0,-5.7,-6.6,-6.1
2026-02-28 01:00:00,4.36,4.96,4.76,2.52,6.84,7.21,6.95,4.55,7.02,7.4,7.13,4.67,7.17,7.55,7.27,4.77,244,243,240,249,-6.2,-6.3,-6.6,-6.0
2026-02-28 02:00:00,4.47,5.04,4.99,3.03,6.71,7.1,7.21,5.01,6.89,7.29,7.4,5.14,7.03,7.44,7.55,5.25,244,239,244,252,-6.7,-6.8,-7.0,-6.3
2026-02-28 03:00:00,4.46,5.23,4.96,3.09,6.6,7.11,7.0,5.07,6.77,7.29,7.18,5.2,6.91,7.45,7.33,5.31,234,237,235,247,-6.8,-6.9,-7.1,-6.4
2026-02-28 04:00:00,4.33,5.62,5.13,3.49,6.26,7.59,7.01,4.99,6.42,7.79,7.19,5.12,6.56,7.95,7.34,5.23,235,242,232,243,-6.4,-7.0,-6.5,-6.3
2026-02-28 05:00:00,5.93,5.55,5.01,3.76,8.13,7.44,6.96,4.67,8.34,7.64,7.14,4.79,8.52,7.79,7.29,4.89,245,246,246,240,-6.6,-6.7,-6.0,-6.1
2026-02-28 06:00:00,5.41,5.39,6.02,5.17,7.39,7.1,7.76,6.76,7.58,7.28,7.96,6.93,7.74,7.43,8.13,7.08,239,247,242,243,-5.1,-7.1,-7.2,-6.3
2026-02-28 07:00:00,5.72,5.62,5.62,5.26,7.99,7.57,7.58,6.74,8.2,7.76,7.77,6.92,8.37,7.92,7.93,7.06,254,248,247,241,-5.7,-6.9,-7.1,-5.9
2026-02-28 08:00:00,5.73,5.73,5.46,4.94,7.75,7.63,7.49,6.43,7.95,7.83,7.69,6.6,8.12,7.99,7.85,6.73,252,243,247,243,-6.5,-7.2,-7.2,-5.9
2026-02-28 09:00:00,5.3,5.42,5.47,4.53,7.18,7.26,7.48,5.94,7.36,7.45,7.67,6.09,7.51,7.6,7.83,6.22,246,244,242,240,-7.2,-6.9,-7.6,-6.1
2026-02-28 10:00:00,5.19,5.37,5.12,4.38,6.8,7.09,7.08,5.87,6.98,7.27,7.27,6.02,7.12,7.42,7.42,6.14,238,238,237,236,-7.2,-7.1,-7.5,-6.0
2026-02-28 11:00:00,5.39,4.85,5.05,4.04,7.31,6.74,6.9,6.02,7.5,6.91,7.08,6.17,7.66,7.06,7.23,6.3,235,229,234,238,-7.2,-7.3,-7.4,-6.0
2026-02-28 12:00:00,5.26,4.35,3.97,3.35,7.7,6.48,6.05,5.25,7.9,6.65,6.21,5.38,8.07,6.79,6.34,5.49,237,227,233,235,-7.6,-6.7,-6.6,-6.1
2026-02-28 13:00:00,4.24,3.89,3.54,3.0,6.43,6.27,5.79,4.96,6.59,6.43,5.94,5.09,6.73,6.57,6.06,5.2,229,231,237,235,-7.5,-6.5,-7.1,-6.4
2026-02-28 14:00:00,4.0,3.54,3.08,2.64,6.34,5.87,5.49,4.33,6.5,6.03,5.63,4.44,6.64,6.15,5.75,4.53,231,229,232,236,-7.7,-6.7,-7.3,-6.4
2026-02-28 15:00:00,3.01,2.61,2.87,2.04,5.54,4.73,4.49,3.49,5.68,4.85,4.61,3.58,5.8,4.95,4.7,3.65,233,233,238,242,-7.2,-6.8,-6.9,-6.3
2026-02-28 16:00:00,2.66,2.47,2.66,1.66,4.77,4.14,4.21,2.71,4.9,4.25,4.32,2.78,5.0,4.34,4.41,2.83,236,243,245,256,-7.1,-7.0,-7.2,-6.5
2026-02-28 17:00:00,3.04,2.25,2.23,1.55,5.24,4.33,3.83,2.52,5.38,4.44,3.93,2.58,5.49,4.54,4.01,2.63,240,253,248,261,-7.4,-7.9,-7.1,-6.9
2026-02-28 18:00:00,2.32,1.78,2.23,1.62,4.17,3.45,3.75,4.02,4.28,3.54,3.85,4.12,4.37,3.61,3.93,4.21,233,257,261,247,-7.2,-8.1,-7.3,-8.9
2026-02-28 19:00:00,2.21,1.41,2.02,0.93,3.97,2.78,3.54,3.19,4.07,2.86,3.63,3.27,4.15,2.92,3.71,3.34,242,266,262,264,-6.9,-8.2,-7.8,-8.8
2026-02-28 20:00:00,2.23,1.52,1.72,0.9,3.8,2.6,3.23,3.05,3.89,2.67,3.31,3.13,3.97,2.72,3.38,3.2,257,276,265,253,-7.0,-8.3,-8.0,-9.0
2026-02-28 21:00:00,2.07,0.74,1.32,0.43,3.79,2.42,2.35,2.05,3.89,2.48,2.41,2.1,3.97,2.53,2.46,2.14,252,261,265,271,-7.0,-8.7,-8.4,-9.3
2026-02-28 22:00:00,2.27,0.83,1.01,0.32,3.77,2.47,2.41,1.58,3.87,2.53,2.47,1.62,3.95,2.59,2.52,1.65,237,248,263,279,-6.5,-8.8,-9.2,-10.2
2026-02-28 23:00:00,2.0,0.78,0.9,0.25,3.33,2.18,2.2,0.93,3.41,2.24,2.26,0.96,3.48,2.29,2.31,0.98,238,246,245,317,-6.0,-8.0,-9.3,-10.6
