time,wind_speed_100m,wind_speed_10m,temperature_2m
2025-10-01 00:00:00,9.77,5.7,13.4
2025-10-01 01:00:00,10.42,6.57,13.2
2025-10-01 02:00:00,8.81,5.64,13.1
2025-10-01 03:00:00,9.43,6.42,13.4
2025-10-01 04:00:00,10.52,7.51,14.3
2025-10-01 05:00:00,13.52,9.62,13.7
2025-10-01 06:00:00,16.05,11.21,11.0
2025-10-01 07:00:00,14.82,10.46,10.5
2025-10-01 08:00:00,13.07,9.2,8.5
2025-10-01 09:00:00,12.95,9.16,8.3
2025-10-01 10:00:00,12.94,9.06,7.5
2025-10-01 11:00:00,11.83,8.16,6.3
2025-10-01 12:00:00,11.72,8.1,4.6
2025-10-01 13:00:00,9.87,6.81,3.9
2025-10-01 14:00:00,9.86,6.72,3.5
2025-10-01 15:00:00,9.87,6.44,3.1
2025-10-01 16:00:00,9.48,6.11,3.6
2025-10-01 17:00:00,8.81,5.78,4.2
2025-10-01 18:00:00,8.25,5.3,4.3
2025-10-01 19:00:00,7.22,4.34,4.7
2025-10-01 20:00:00,6.78,4.11,5.2
2025-10-01 21:00:00,6.39,3.97,5.5
2025-10-01 22:00:00,5.09,2.94,5.4
2025-10-01 23:00:00,3.22,1.27,5.1
2025-10-02 00:00:00,2.12,0.86,4.4
2025-10-02 01:00:00,1.19,0.7,4.3
2025-10-02 02:00:00,1.53,0.93,4.8
2025-10-02 03:00:00,1.52,1.21,6.0
2025-10-02 04:00:00,3.43,2.7,7.7
2025-10-02 05:00:00,5.22,4.15,9.5
2025-10-02 06:00:00,6.67,5.27,10.9
2025-10-02 07:00:00,6.8,5.32,12.1
2025-10-02 08:00:00,6.76,5.32,12.8
2025-10-02 09:00:00,6.77,5.27,13.4
2025-10-02 10:00:00,7.23,5.52,13.3
2025-10-02 11:00:00,7.27,5.27,12.7
2025-10-02 12:00:00,7.42,3.92,11.5
2025-10-02 13:00:00,6.37,2.61,10.0
2025-10-02 14:00:00,4.53,1.66,8.5
2025-10-02 15:00:00,2.8,0.9,7.8
2025-10-02 16:00:00,1.82,0.57,7.3
2025-10-02 17:00:00,1.38,0.65,6.8
2025-10-02 18:00:00,0.81,0.97,7.1
2025-10-02 19:00:00,1.39,0.78,5.7
2025-10-02 20:00:00,2.83,1.03,5.5
2025-10-02 21:00:00,2.26,0.89,6.2
2025-10-02 22:00:00,1.44,0.74,6.8
2025-10-02 23:00:00,1.35,0.71,7.2
2025-10-03 00:00:00,2.06,1.32,7.5
2025-10-03 01:00:00,2.98,1.99,7.3
2025-10-03 02:00:00,3.46,2.48,8.2
2025-10-03 03:00:00,3.31,2.07,9.5
2025-10-03 04:00:00,2.11,1.7,10.9
2025-10-03 05:00:00,2.13,1.77,12.2
2025-10-03 06:00:00,2.64,2.14,14.2
2025-10-03 07:00:00,3.26,2.66,15.1
2025-10-03 08:00:00,3.86,3.11,16.1
2025-10-03 09:00:00,4.25,3.4,16.3
2025-10-03 10:00:00,4.71,3.66,16.0
2025-10-03 11:00:00,5.57,4.06,15.0
2025-10-03 12:00:00,5.88,2.89,13.2
2025-10-03 13:00:00,5.11,2.3,11.2
2025-10-03 14:00:00,4.86,2.44,10.1
2025-10-03 15:00:00,4.33,2.04,9.6
2025-10-03 16:00:00,3.47,1.85,9.3
2025-10-03 17:00:00,2.36,1.52,8.6
2025-10-03 18:00:00,1.31,1.33,7.1
2025-10-03 19:00:00,1.61,1.18,6.4
2025-10-03 20:00:00,3.06,1.56,6.6
2025-10-03 21:00:00,5.11,2.18,6.8
2025-10-03 22:00:00,5.78,2.53,6.6
2025-10-03 23:00:00,6.16,2.73,6.1
2025-10-04 00:00:00,6.05,2.84,5.5
2025-10-04 01:00:00,6.2,2.92,4.6
2025-10-04 02:00:00,6.08,3.45,6.5
2025-10-04 03:00:00,5.75,3.58,9.5
2025-10-04 04:00:00,6.61,4.93,11.6
2025-10-04 05:00:00,7.29,5.56,13.3
2025-10-04 06:00:00,7.09,5.49,15.5
2025-10-04 07:00:00,6.25,4.99,16.3
2025-10-04 08:00:00,4.56,3.75,16.8
2025-10-04 09:00:00,2.02,1.78,17.1
2025-10-04 10:00:00,1.61,1.28,17.6
2025-10-04 11:00:00,4.24,2.96,17.4
2025-10-04 12:00:00,6.9,3.27,14.6
2025-10-04 13:00:00,7.26,3.47,12.6
2025-10-04 14:00:00,7.45,3.71,11.8
2025-10-04 15:00:00,8.01,4.21,11.4
2025-10-04 16:00:00,7.72,4.0,11.2
2025-10-04 17:00:00,7.39,3.77,10.7
2025-10-04 18:00:00,7.23,3.52,10.2
2025-10-04 19:00:00,8.08,4.12,9.8
2025-10-04 20:00:00,9.13,4.84,9.8
2025-10-04 21:00:00,9.54,5.2,9.5
2025-10-04 22:00:00,9.22,4.96,9.1
2025-10-04 23:00:00,8.76,4.6,8.7
2025-10-05 00:00:00,8.05,3.91,8.4
2025-10-05 01:00:00,8.18,4.11,8.3
2025-10-05 02:00:00,7.91,4.55,9.5
2025-10-05 03:00:00,7.25,4.97,11.0
2025-10-05 04:00:00,7.9,5.82,12.4
2025-10-05 05:00:00,8.58,6.42,13.7
2025-10-05 06:00:00,10.06,7.51,14.4
2025-10-05 07:00:00,9.95,7.4,14.7
2025-10-05 08:00:00,10.05,7.51,14.8
2025-10-05 09:00:00,10.51,7.71,14.5
2025-10-05 10:00:00,10.7,7.76,13.8
2025-10-05 11:00:00,10.27,7.19,12.9
2025-10-05 12:00:00,10.35,6.33,11.8
2025-10-05 13:00:00,9.25,5.4,10.3
2025-10-05 14:00:00,9.11,5.15,9.1
2025-10-05 15:00:00,9.24,5.24,8.1
2025-10-05 16:00:00,9.21,5.2,7.4
2025-10-05 17:00:00,8.79,4.97,6.8
2025-10-05 18:00:00,7.15,3.61,6.2
2025-10-05 19:00:00,5.45,2.06,5.0
2025-10-05 20:00:00,4.1,1.14,4.0
2025-10-05 21:00:00,3.61,1.32,2.9
2025-10-05 22:00:00,3.3,0.73,2.0
2025-10-05 23:00:00,2.71,0.54,1.8
2025-10-06 00:00:00,3.1,0.95,1.7
2025-10-06 01:00:00,2.52,0.7,1.3
2025-10-06 02:00:00,1.02,0.35,3.1
2025-10-06 03:00:00,1.59,1.12,5.0
2025-10-06 04:00:00,1.7,1.49,6.6
2025-10-06 05:00:00,1.76,1.51,8.2
2025-10-06 06:00:00,1.5,1.39,10.4
2025-10-06 07:00:00,2.32,2.01,11.6
2025-10-06 08:00:00,2.3,1.98,12.4
2025-10-06 09:00:00,1.95,1.7,13.0
2025-10-06 10:00:00,0.97,0.89,13.3
2025-10-06 11:00:00,1.11,0.89,13.3
2025-10-06 12:00:00,3.86,1.75,10.9
2025-10-06 13:00:00,4.05,1.71,8.5
2025-10-06 14:00:00,3.95,1.57,7.3
2025-10-06 15:00:00,3.68,1.61,6.7
2025-10-06 16:00:00,2.49,0.87,6.4
2025-10-06 17:00:00,1.87,0.4,6.6
2025-10-06 18:00:00,0.89,0.05,7.5
2025-10-06 19:00:00,1.23,0.3,6.5
2025-10-06 20:00:00,1.06,0.46,5.6
2025-10-06 21:00:00,1.34,0.5,5.1
2025-10-06 22:00:00,2.21,0.87,4.4
2025-10-06 23:00:00,2.86,1.01,4.0
2025-10-07 00:00:00,3.69,1.28,3.8
2025-10-07 01:00:00,4.24,1.49,3.6
2025-10-07 02:00:00,4.19,1.7,5.6
2025-10-07 03:00:00,4.17,2.29,8.9
2025-10-07 04:00:00,5.02,3.76,10.8
2025-10-07 05:00:00,6.47,4.99,12.9
2025-10-07 06:00:00,7.06,5.44,15.5
2025-10-07 07:00:00,6.68,5.27,16.3
2025-10-07 08:00:00,5.83,4.56,16.8
2025-10-07 09:00:00,4.03,3.25,17.0
2025-10-07 10:00:00,1.7,1.45,17.0
2025-10-07 11:00:00,1.27,1.05,16.4
2025-10-07 12:00:00,3.47,1.67,13.6
2025-10-07 13:00:00,4.92,2.22,11.3
2025-10-07 14:00:00,4.91,2.15,10.6
2025-10-07 15:00:00,4.99,2.06,9.9
2025-10-07 16:00:00,5.38,2.13,9.5
2025-10-07 17:00:00,4.65,1.86,8.8
2025-10-07 18:00:00,3.61,1.6,8.8
2025-10-07 19:00:00,1.43,0.52,7.2
2025-10-07 20:00:00,0.7,0.18,6.9
2025-10-07 21:00:00,1.21,0.05,7.3
2025-10-07 22:00:00,1.61,0.16,6.8
2025-10-07 23:00:00,2.0,0.32,6.1
2025-10-08 00:00:00,2.64,1.1,5.8
2025-10-08 01:00:00,2.44,0.67,5.5
2025-10-08 02:00:00,2.51,0.6,6.5
2025-10-08 03:00:00,2.8,1.17,8.8
2025-10-08 04:00:00,1.91,1.56,10.5
2025-10-08 05:00:00,1.99,1.58,12.4
2025-10-08 06:00:00,2.82,2.3,14.3
2025-10-08 07:00:00,3.73,3.0,15.6
2025-10-08 08:00:00,4.75,3.81,16.3
2025-10-08 09:00:00,5.81,4.56,16.1
2025-10-08 10:00:00,6.61,5.01,15.7
2025-10-08 11:00:00,7.18,5.01,14.9
2025-10-08 12:00:00,7.64,4.0,13.8
2025-10-08 13:00:00,6.62,3.24,12.3
2025-10-08 14:00:00,6.96,3.34,11.5
2025-10-08 15:00:00,8.53,4.45,11.4
2025-10-08 16:00:00,8.92,4.75,11.0
2025-10-08 17:00:00,8.55,4.47,10.5
2025-10-08 18:00:00,7.15,3.63,10.2
2025-10-08 19:00:00,5.21,2.07,7.8
2025-10-08 20:00:00,3.83,1.03,6.7
2025-10-08 21:00:00,3.6,0.75,6.3
2025-10-08 22:00:00,3.36,0.57,5.2
2025-10-08 23:00:00,2.9,0.45,4.8
2025-10-09 00:00:00,2.67,0.5,4.5
2025-10-09 01:00:00,1.9,0.28,4.0
2025-10-09 02:00:00,1.38,0.5,4.9
2025-10-09 03:00:00,0.87,0.72,7.2
2025-10-09 04:00:00,0.99,0.88,9.1
2025-10-09 05:00:00,1.56,1.32,11.2
2025-10-09 06:00:00,2.29,1.96,13.6
2025-10-09 07:00:00,2.16,1.84,15.0
2025-10-09 08:00:00,2.73,2.22,16.0
2025-10-09 09:00:00,3.52,2.81,16.4
2025-10-09 10:00:00,4.57,3.61,16.1
2025-10-09 11:00:00,4.75,3.54,15.2
2025-10-09 12:00:00,5.19,2.44,13.4
2025-10-09 13:00:00,4.44,1.9,11.2
2025-10-09 14:00:00,3.82,1.55,9.9
2025-10-09 15:00:00,3.91,1.57,9.4
2025-10-09 16:00:00,3.92,1.73,9.1
2025-10-09 17:00:00,2.91,1.11,8.5
2025-10-09 18:00:00,1.22,0.3,7.5
2025-10-09 19:00:00,1.65,0.25,7.3
2025-10-09 20:00:00,1.84,0.56,6.7
2025-10-09 21:00:00,1.45,0.54,6.5
2025-10-09 22:00:00,1.38,0.54,6.1
2025-10-09 23:00:00,1.3,0.32,5.6
2025-10-10 00:00:00,2.75,0.79,4.6
2025-10-10 01:00:00,2.55,0.39,4.0
2025-10-10 02:00:00,1.44,0.25,5.4
2025-10-10 03:00:00,1.74,1.66,7.9
2025-10-10 04:00:00,1.83,1.61,9.7
2025-10-10 05:00:00,1.56,1.38,11.5
2025-10-10 06:00:00,1.31,1.16,13.6
2025-10-10 07:00:00,1.38,1.21,15.3
2025-10-10 08:00:00,2.0,1.61,16.7
2025-10-10 09:00:00,4.45,3.55,17.3
2025-10-10 10:00:00,6.8,5.14,16.7
2025-10-10 11:00:00,7.63,5.39,15.7
2025-10-10 12:00:00,7.98,4.57,14.4
2025-10-10 13:00:00,6.91,3.55,12.6
2025-10-10 14:00:00,7.0,3.57,11.6
2025-10-10 15:00:00,7.8,4.19,11.0
2025-10-10 16:00:00,8.0,4.37,10.6
2025-10-10 17:00:00,7.51,4.07,10.1
2025-10-10 18:00:00,6.22,3.41,9.5
2025-10-10 19:00:00,4.88,2.28,7.9
2025-10-10 20:00:00,3.49,1.45,6.7
2025-10-10 21:00:00,2.38,0.7,6.1
2025-10-10 22:00:00,1.69,0.16,6.0
2025-10-10 23:00:00,1.45,0.35,5.8
2025-10-11 00:00:00,4.47,2.03,4.7
2025-10-11 01:00:00,5.76,2.0,3.8
2025-10-11 02:00:00,6.11,2.65,5.6
2025-10-11 03:00:00,6.85,3.54,8.8
2025-10-11 04:00:00,6.91,5.03,11.0
2025-10-11 05:00:00,7.89,5.91,13.1
2025-10-11 06:00:00,8.14,6.2,16.1
2025-10-11 07:00:00,7.68,5.95,17.2
2025-10-11 08:00:00,6.88,5.34,18.0
2025-10-11 09:00:00,5.84,4.56,18.3
2025-10-11 10:00:00,5.06,3.93,18.0
2025-10-11 11:00:00,4.11,2.97,16.9
2025-10-11 12:00:00,3.88,1.42,14.2
2025-10-11 13:00:00,3.24,1.07,13.1
2025-10-11 14:00:00,2.98,1.15,12.1
2025-10-11 15:00:00,3.62,1.42,11.3
2025-10-11 16:00:00,3.41,1.48,10.1
2025-10-11 17:00:00,2.8,1.2,9.3
2025-10-11 18:00:00,2.5,0.99,8.4
2025-10-11 19:00:00,1.73,0.96,7.9
2025-10-11 20:00:00,2.08,1.05,7.7
2025-10-11 21:00:00,1.62,0.43,7.1
2025-10-11 22:00:00,0.72,0.6,7.2
2025-10-11 23:00:00,1.7,1.1,7.2
2025-10-12 00:00:00,1.84,0.89,7.6
2025-10-12 01:00:00,3.2,1.79,6.5
2025-10-12 02:00:00,4.84,1.81,8.0
2025-10-12 03:00:00,4.47,2.8,11.9
2025-10-12 04:00:00,2.72,1.71,15.2
2025-10-12 05:00:00,4.49,3.53,16.5
2025-10-12 06:00:00,5.09,3.98,18.4
2025-10-12 07:00:00,5.1,4.01,19.2
2025-10-12 08:00:00,3.74,2.97,19.1
2025-10-12 09:00:00,1.6,1.32,19.8
2025-10-12 10:00:00,1.98,1.56,19.8
2025-10-12 11:00:00,2.41,1.38,18.7
2025-10-12 12:00:00,2.15,1.9,17.3
2025-10-12 13:00:00,2.34,1.32,16.1
2025-10-12 14:00:00,2.46,1.63,15.0
2025-10-12 15:00:00,2.81,2.46,14.6
2025-10-12 16:00:00,10.38,6.04,14.2
2025-10-12 17:00:00,7.91,4.92,13.7
2025-10-12 18:00:00,5.69,2.66,12.3
2025-10-12 19:00:00,4.11,1.56,12.5
2025-10-12 20:00:00,2.72,1.58,11.4
2025-10-12 21:00:00,3.49,1.91,10.4
2025-10-12 22:00:00,3.06,2.36,9.9
2025-10-12 23:00:00,0.94,1.25,9.4
2025-10-13 00:00:00,2.91,0.36,10.7
2025-10-13 01:00:00,3.51,3.06,10.9
2025-10-13 02:00:00,6.25,3.81,12.1
2025-10-13 03:00:00,8.11,4.23,14.8
2025-10-13 04:00:00,7.55,5.6,16.7
2025-10-13 05:00:00,7.71,5.85,17.1
2025-10-13 06:00:00,9.58,7.17,17.8
2025-10-13 07:00:00,9.29,6.94,18.0
2025-10-13 08:00:00,9.82,7.25,18.2
2025-10-13 09:00:00,10.03,7.34,18.1
2025-10-13 10:00:00,9.06,6.51,17.8
2025-10-13 11:00:00,6.9,4.76,16.9
2025-10-13 12:00:00,7.5,4.42,15.5
2025-10-13 13:00:00,7.55,4.15,14.4
2025-10-13 14:00:00,6.93,3.82,14.1
2025-10-13 15:00:00,7.81,4.22,13.4
2025-10-13 16:00:00,8.2,4.2,13.2
2025-10-13 17:00:00,8.42,4.11,12.8
2025-10-13 18:00:00,8.09,4.11,12.2
2025-10-13 19:00:00,7.84,3.82,11.4
2025-10-13 20:00:00,7.69,3.61,11.0
2025-10-13 21:00:00,7.81,3.71,10.7
2025-10-13 22:00:00,7.57,3.61,10.6
2025-10-13 23:00:00,7.09,3.11,10.2
2025-10-14 00:00:00,5.84,2.3,9.2
2025-10-14 01:00:00,5.9,2.19,7.6
2025-10-14 02:00:00,6.29,2.75,9.1
2025-10-14 03:00:00,5.81,3.56,11.5
2025-10-14 04:00:00,5.86,4.32,13.6
2025-10-14 05:00:00,6.54,4.98,15.5
2025-10-14 06:00:00,7.35,5.65,17.1
2025-10-14 07:00:00,8.26,6.29,17.5
2025-10-14 08:00:00,8.63,6.5,17.4
2025-10-14 09:00:00,8.34,6.32,17.3
2025-10-14 10:00:00,8.73,6.41,16.6
2025-10-14 11:00:00,8.55,6.0,15.7
2025-10-14 12:00:00,8.1,4.67,14.0
2025-10-14 13:00:00,5.37,2.23,12.0
2025-10-14 14:00:00,6.51,3.52,10.8
2025-10-14 15:00:00,9.5,5.18,10.3
2025-10-14 16:00:00,10.39,5.85,10.4
2025-10-14 17:00:00,10.25,5.8,10.3
2025-10-14 18:00:00,8.86,4.7,9.4
2025-10-14 19:00:00,9.32,5.01,8.3
2025-10-14 20:00:00,10.75,6.16,7.6
2025-10-14 21:00:00,11.06,6.34,7.0
2025-10-14 22:00:00,11.0,6.32,6.6
2025-10-14 23:00:00,10.82,6.13,5.8
2025-10-15 00:00:00,10.2,5.84,4.6
2025-10-15 01:00:00,10.75,6.18,3.9
2025-10-15 02:00:00,11.05,6.62,4.6
2025-10-15 03:00:00,9.79,6.31,6.0
2025-10-15 04:00:00,9.25,6.63,8.2
2025-10-15 05:00:00,9.0,6.61,10.1
2025-10-15 06:00:00,9.21,6.9,12.3
2025-10-15 07:00:00,8.97,6.72,13.0
2025-10-15 08:00:00,8.65,6.49,13.5
2025-10-15 09:00:00,8.37,6.21,13.4
2025-10-15 10:00:00,8.02,5.86,12.9
2025-10-15 11:00:00,7.38,4.96,11.7
2025-10-15 12:00:00,5.65,2.42,9.5
2025-10-15 13:00:00,4.66,1.9,7.5
2025-10-15 14:00:00,3.47,0.94,6.7
2025-10-15 15:00:00,2.75,0.67,5.5
2025-10-15 16:00:00,3.32,0.79,4.1
2025-10-15 17:00:00,3.21,0.65,3.4
2025-10-15 18:00:00,3.08,1.22,2.8
2025-10-15 19:00:00,2.11,0.68,1.7
2025-10-15 20:00:00,0.87,0.34,1.5
2025-10-15 21:00:00,0.96,0.14,1.8
2025-10-15 22:00:00,1.82,0.52,1.1
2025-10-15 23:00:00,2.44,0.55,0.5
2025-10-16 00:00:00,6.24,2.31,0.8
2025-10-16 01:00:00,6.9,2.5,0.3
2025-10-16 02:00:00,6.65,2.75,1.7
2025-10-16 03:00:00,7.04,3.42,5.0
2025-10-16 04:00:00,6.97,4.63,7.2
2025-10-16 05:00:00,7.88,5.69,9.1
2025-10-16 06:00:00,8.61,6.33,11.7
2025-10-16 07:00:00,8.71,6.51,12.4
2025-10-16 08:00:00,8.05,5.98,12.8
2025-10-16 09:00:00,7.15,5.27,13.0
2025-10-16 10:00:00,6.22,4.4,12.4
2025-10-16 11:00:00,5.53,2.43,10.2
2025-10-16 12:00:00,6.3,2.52,9.8
2025-10-16 13:00:00,6.26,2.76,9.6
2025-10-16 14:00:00,5.57,2.04,8.5
2025-10-16 15:00:00,4.36,1.55,7.6
2025-10-16 16:00:00,4.45,1.6,7.0
2025-10-16 17:00:00,4.88,1.75,6.6
2025-10-16 18:00:00,5.53,2.01,5.8
2025-10-16 19:00:00,5.86,2.02,5.1
2025-10-16 20:00:00,4.7,1.5,4.6
2025-10-16 21:00:00,3.17,0.92,4.8
2025-10-16 22:00:00,2.74,0.78,5.3
2025-10-16 23:00:00,2.85,0.91,5.7
2025-10-17 00:00:00,2.75,1.0,5.8
2025-10-17 01:00:00,3.85,1.82,4.6
2025-10-17 02:00:00,3.88,1.8,6.2
2025-10-17 03:00:00,3.03,2.2,9.2
2025-10-17 04:00:00,3.04,2.18,11.2
2025-10-17 05:00:00,3.11,2.51,12.9
2025-10-17 06:00:00,2.8,2.27,15.2
2025-10-17 07:00:00,2.78,2.3,16.7
2025-10-17 08:00:00,2.49,2.12,17.6
2025-10-17 09:00:00,2.05,1.76,18.3
2025-10-17 10:00:00,1.37,1.18,18.4
2025-10-17 11:00:00,1.52,0.78,16.5
2025-10-17 12:00:00,2.94,0.95,14.7
2025-10-17 13:00:00,2.18,1.01,13.6
2025-10-17 14:00:00,1.16,0.69,12.3
2025-10-17 15:00:00,1.63,1.17,10.9
2025-10-17 16:00:00,2.64,1.49,10.3
2025-10-17 17:00:00,3.16,1.52,9.5
2025-10-17 18:00:00,3.86,1.66,8.4
2025-10-17 19:00:00,4.9,1.91,9.1
2025-10-17 20:00:00,4.95,1.98,9.9
2025-10-17 21:00:00,4.55,1.91,8.9
2025-10-17 22:00:00,4.65,2.15,8.7
2025-10-17 23:00:00,4.61,2.11,8.2
2025-10-18 00:00:00,4.27,1.83,8.2
2025-10-18 01:00:00,4.22,1.86,8.1
2025-10-18 02:00:00,4.88,2.29,9.6
2025-10-18 03:00:00,4.86,2.95,11.4
2025-10-18 04:00:00,2.41,1.79,13.5
2025-10-18 05:00:00,2.16,1.66,15.3
2025-10-18 06:00:00,1.79,1.56,17.6
2025-10-18 07:00:00,2.32,1.97,18.8
2025-10-18 08:00:00,1.97,1.72,19.7
2025-10-18 09:00:00,1.77,1.52,20.0
2025-10-18 10:00:00,1.54,1.31,19.8
2025-10-18 11:00:00,2.55,1.38,17.8
2025-10-18 12:00:00,0.15,0.11,16.8
2025-10-18 13:00:00,2.16,0.99,15.2
2025-10-18 14:00:00,1.73,1.0,13.1
2025-10-18 15:00:00,1.45,1.01,11.7
2025-10-18 16:00:00,2.85,1.53,10.2
2025-10-18 17:00:00,2.36,1.34,9.2
2025-10-18 18:00:00,1.68,1.52,9.7
2025-10-18 19:00:00,1.87,1.25,10.1
2025-10-18 20:00:00,2.76,1.82,10.7
2025-10-18 21:00:00,3.95,2.74,11.0
2025-10-18 22:00:00,3.37,1.86,9.7
2025-10-18 23:00:00,5.93,2.68,9.9
2025-10-19 00:00:00,2.39,0.85,9.9
2025-10-19 01:00:00,2.42,0.87,10.3
2025-10-19 02:00:00,1.46,0.67,10.8
2025-10-19 03:00:00,1.55,1.1,12.3
2025-10-19 04:00:00,2.57,2.04,14.8
2025-10-19 05:00:00,3.93,3.16,16.4
2025-10-19 06:00:00,4.24,3.43,17.7
2025-10-19 07:00:00,2.48,2.05,18.5
2025-10-19 08:00:00,0.9,0.8,19.1
2025-10-19 09:00:00,3.33,2.71,19.8
2025-10-19 10:00:00,7.09,5.26,18.3
2025-10-19 11:00:00,7.37,4.89,17.5
2025-10-19 12:00:00,6.95,3.24,15.1
2025-10-19 13:00:00,6.81,3.42,13.6
2025-10-19 14:00:00,6.29,2.73,12.6
2025-10-19 15:00:00,4.39,1.84,11.2
2025-10-19 16:00:00,3.25,1.5,9.7
2025-10-19 17:00:00,2.71,1.4,8.5
2025-10-19 18:00:00,1.9,1.05,8.9
2025-10-19 19:00:00,0.18,0.47,8.9
2025-10-19 20:00:00,1.08,0.94,9.0
2025-10-19 21:00:00,1.68,0.97,8.2
2025-10-19 22:00:00,1.96,1.03,8.2
2025-10-19 23:00:00,3.18,1.42,7.9
2025-10-20 00:00:00,3.25,1.39,7.5
2025-10-20 01:00:00,4.44,1.79,7.2
2025-10-20 02:00:00,5.84,2.85,8.0
2025-10-20 03:00:00,6.33,3.32,11.0
2025-10-20 04:00:00,4.8,3.5,13.1
2025-10-20 05:00:00,5.22,4.07,14.8
2025-10-20 06:00:00,5.36,4.23,17.2
2025-10-20 07:00:00,5.66,4.47,18.2
2025-10-20 08:00:00,6.05,4.71,18.5
2025-10-20 09:00:00,5.73,4.42,18.6
2025-10-20 10:00:00,4.83,3.68,18.2
2025-10-20 11:00:00,3.28,1.4,16.9
2025-10-20 12:00:00,3.37,1.78,13.6
2025-10-20 13:00:00,3.32,1.31,13.0
2025-10-20 14:00:00,2.21,0.74,12.5
2025-10-20 15:00:00,2.55,0.69,11.9
2025-10-20 16:00:00,2.2,0.41,11.2
2025-10-20 17:00:00,1.05,0.32,10.4
2025-10-20 18:00:00,1.0,0.5,9.3
2025-10-20 19:00:00,0.43,0.63,8.6
2025-10-20 20:00:00,0.34,0.49,8.1
2025-10-20 21:00:00,1.24,0.67,7.8
2025-10-20 22:00:00,2.51,0.97,7.2
2025-10-20 23:00:00,3.94,1.45,6.8
2025-10-21 00:00:00,1.65,0.36,6.9
2025-10-21 01:00:00,2.11,0.71,6.0
2025-10-21 02:00:00,3.29,1.21,7.1
2025-10-21 03:00:00,4.51,2.29,10.5
2025-10-21 04:00:00,4.03,2.87,12.8
2025-10-21 05:00:00,5.03,3.78,14.4
2025-10-21 06:00:00,5.91,4.51,16.6
2025-10-21 07:00:00,5.27,4.14,17.5
2025-10-21 08:00:00,4.46,3.49,18.2
2025-10-21 09:00:00,3.47,2.74,18.4
2025-10-21 10:00:00,1.86,1.52,18.2
2025-10-21 11:00:00,0.85,0.18,17.0
2025-10-21 12:00:00,5.08,2.15,14.3
2025-10-21 13:00:00,4.54,1.95,13.3
2025-10-21 14:00:00,4.39,1.87,12.4
2025-10-21 15:00:00,3.73,1.58,12.0
2025-10-21 16:00:00,3.09,1.49,11.6
2025-10-21 17:00:00,2.3,1.1,10.6
2025-10-21 18:00:00,0.75,0.86,9.6
2025-10-21 19:00:00,1.11,0.16,8.8
2025-10-21 20:00:00,0.51,0.3,8.5
2025-10-21 21:00:00,0.38,0.5,8.2
2025-10-21 22:00:00,0.65,0.6,7.8
2025-10-21 23:00:00,0.64,0.25,7.9
2025-10-22 00:00:00,0.71,0.25,8.1
2025-10-22 01:00:00,0.18,0.39,7.3
2025-10-22 02:00:00,1.27,0.83,7.6
2025-10-22 03:00:00,2.59,1.71,10.4
2025-10-22 04:00:00,3.21,2.05,12.6
2025-10-22 05:00:00,3.15,2.48,14.0
2025-10-22 06:00:00,3.71,2.94,16.2
2025-10-22 07:00:00,3.19,2.58,17.5
2025-10-22 08:00:00,2.28,1.88,18.3
2025-10-22 09:00:00,1.32,1.15,18.4
2025-10-22 10:00:00,1.48,1.17,18.2
2025-10-22 11:00:00,2.73,1.2,17.1
2025-10-22 12:00:00,5.19,2.4,15.4
2025-10-22 13:00:00,4.65,2.06,13.7
2025-10-22 14:00:00,4.12,1.79,12.2
2025-10-22 15:00:00,4.72,2.07,11.7
2025-10-22 16:00:00,4.4,1.93,11.5
2025-10-22 17:00:00,3.82,1.63,10.9
2025-10-22 18:00:00,1.84,0.91,9.9
2025-10-22 19:00:00,1.48,0.2,11.0
2025-10-22 20:00:00,0.18,0.18,10.1
2025-10-22 21:00:00,1.93,0.25,9.8
2025-10-22 22:00:00,1.01,0.9,8.7
2025-10-22 23:00:00,2.1,1.13,8.2
2025-10-23 00:00:00,1.98,0.46,8.1
2025-10-23 01:00:00,3.19,1.17,6.9
2025-10-23 02:00:00,3.54,1.32,8.0
2025-10-23 03:00:00,4.3,2.36,11.1
2025-10-23 04:00:00,3.73,2.62,12.9
2025-10-23 05:00:00,3.96,3.01,14.0
2025-10-23 06:00:00,5.66,4.32,16.2
2025-10-23 07:00:00,6.23,4.77,17.7
2025-10-23 08:00:00,5.87,4.53,18.6
2025-10-23 09:00:00,4.84,3.72,18.8
2025-10-23 10:00:00,3.55,2.7,18.4
2025-10-23 11:00:00,2.65,0.81,16.2
2025-10-23 12:00:00,2.84,0.51,14.4
2025-10-23 13:00:00,1.47,0.34,13.7
2025-10-23 14:00:00,1.25,0.43,12.3
2025-10-23 15:00:00,3.2,1.33,11.6
2025-10-23 16:00:00,4.26,1.68,10.6
2025-10-23 17:00:00,5.99,2.38,10.0
2025-10-23 18:00:00,7.29,3.1,10.0
2025-10-23 19:00:00,7.91,3.56,9.3
2025-10-23 20:00:00,8.39,3.93,9.2
2025-10-23 21:00:00,8.11,3.62,8.9
2025-10-23 22:00:00,7.82,3.51,8.3
2025-10-23 23:00:00,7.67,3.41,7.7
2025-10-24 00:00:00,7.78,3.46,7.7
2025-10-24 01:00:00,7.85,3.5,7.0
2025-10-24 02:00:00,7.82,3.72,7.6
2025-10-24 03:00:00,8.35,4.33,10.8
2025-10-24 04:00:00,7.64,4.99,13.5
2025-10-24 05:00:00,8.65,6.17,15.2
2025-10-24 06:00:00,9.73,7.07,17.4
2025-10-24 07:00:00,9.73,7.15,18.3
2025-10-24 08:00:00,9.47,6.95,19.0
2025-10-24 09:00:00,8.5,6.2,19.3
2025-10-24 10:00:00,7.78,5.49,18.9
2025-10-24 11:00:00,7.4,3.85,17.0
2025-10-24 12:00:00,4.72,1.65,14.3
2025-10-24 13:00:00,4.19,1.7,13.9
2025-10-24 14:00:00,3.97,1.65,12.3
2025-10-24 15:00:00,6.56,2.65,12.2
2025-10-24 16:00:00,5.78,2.11,11.9
2025-10-24 17:00:00,3.92,1.61,11.5
2025-10-24 18:00:00,3.64,1.33,11.2
2025-10-24 19:00:00,6.49,2.86,11.3
2025-10-24 20:00:00,6.23,2.49,10.5
2025-10-24 21:00:00,5.85,2.34,9.5
2025-10-24 22:00:00,5.77,2.45,8.8
2025-10-24 23:00:00,5.82,2.45,8.4
2025-10-25 00:00:00,6.67,2.52,8.7
2025-10-25 01:00:00,6.9,2.89,8.4
2025-10-25 02:00:00,6.7,3.06,8.7
2025-10-25 03:00:00,7.13,3.58,11.7
2025-10-25 04:00:00,6.62,4.2,14.5
2025-10-25 05:00:00,7.38,5.35,16.2
2025-10-25 06:00:00,9.03,6.51,18.4
2025-10-25 07:00:00,9.07,6.62,19.7
2025-10-25 08:00:00,8.4,6.19,20.1
2025-10-25 09:00:00,7.22,5.27,20.0
2025-10-25 10:00:00,6.17,4.21,19.5
2025-10-25 11:00:00,5.33,2.19,17.9
2025-10-25 12:00:00,5.41,2.1,16.2
2025-10-25 13:00:00,3.34,1.0,15.7
2025-10-25 14:00:00,4.03,1.56,14.7
2025-10-25 15:00:00,4.03,1.55,13.4
2025-10-25 16:00:00,4.15,1.74,12.1
2025-10-25 17:00:00,4.63,1.88,11.6
2025-10-25 18:00:00,3.96,1.3,11.4
2025-10-25 19:00:00,4.82,1.92,11.4
2025-10-25 20:00:00,3.51,1.3,10.8
2025-10-25 21:00:00,3.96,1.55,10.1
2025-10-25 22:00:00,3.28,1.05,9.8
2025-10-25 23:00:00,2.8,1.1,9.7
2025-10-26 00:00:00,3.56,1.3,9.6
2025-10-26 01:00:00,2.46,1.0,9.3
2025-10-26 02:00:00,1.6,0.81,10.4
2025-10-26 03:00:00,5.31,3.38,12.0
2025-10-26 04:00:00,3.51,2.55,14.5
2025-10-26 05:00:00,2.33,1.86,16.8
2025-10-26 06:00:00,0.86,0.72,18.5
2025-10-26 07:00:00,0.28,0.32,19.5
2025-10-26 08:00:00,0.38,0.43,20.3
2025-10-26 09:00:00,0.27,0.27,20.6
2025-10-26 10:00:00,0.85,0.61,20.6
2025-10-26 11:00:00,2.3,0.78,19.1
2025-10-26 12:00:00,3.61,1.66,17.5
2025-10-26 13:00:00,5.09,2.19,17.4
2025-10-26 14:00:00,7.09,3.47,16.8
2025-10-26 15:00:00,5.98,2.71,16.4
2025-10-26 16:00:00,4.54,2.07,15.2
2025-10-26 17:00:00,4.67,2.19,14.1
2025-10-26 18:00:00,3.74,1.5,13.6
2025-10-26 19:00:00,2.51,1.77,13.2
2025-10-26 20:00:00,1.68,0.9,11.3
2025-10-26 21:00:00,2.45,1.19,11.6
2025-10-26 22:00:00,7.61,3.47,13.4
2025-10-26 23:00:00,9.29,5.09,12.5
2025-10-27 00:00:00,8.32,4.35,11.9
2025-10-27 01:00:00,7.77,3.98,12.3
2025-10-27 02:00:00,7.37,3.91,12.6
2025-10-27 03:00:00,4.34,2.49,13.2
2025-10-27 04:00:00,4.65,3.45,13.8
2025-10-27 05:00:00,4.62,3.64,14.6
2025-10-27 06:00:00,9.03,6.79,16.7
2025-10-27 07:00:00,6.55,5.06,16.9
2025-10-27 08:00:00,4.93,3.93,17.0
2025-10-27 09:00:00,2.85,2.35,17.2
2025-10-27 10:00:00,1.31,1.1,17.2
2025-10-27 11:00:00,1.71,0.53,16.3
2025-10-27 12:00:00,3.15,1.66,13.9
2025-10-27 13:00:00,1.95,0.4,13.7
2025-10-27 14:00:00,2.11,0.87,12.6
2025-10-27 15:00:00,2.9,1.52,11.4
2025-10-27 16:00:00,3.32,1.57,10.1
2025-10-27 17:00:00,4.04,1.79,9.5
2025-10-27 18:00:00,5.6,2.41,9.7
2025-10-27 19:00:00,6.26,2.81,9.4
2025-10-27 20:00:00,7.82,4.0,9.3
2025-10-27 21:00:00,6.49,2.92,8.8
2025-10-27 22:00:00,6.08,2.7,8.3
2025-10-27 23:00:00,5.71,2.55,8.6
2025-10-28 00:00:00,5.96,2.77,7.9
2025-10-28 01:00:00,5.87,2.72,7.3
2025-10-28 02:00:00,5.23,2.41,7.8
2025-10-28 03:00:00,5.54,2.5,10.3
2025-10-28 04:00:00,5.01,3.66,13.0
2025-10-28 05:00:00,5.49,4.05,13.9
2025-10-28 06:00:00,6.26,4.66,16.0
2025-10-28 07:00:00,6.55,5.08,17.5
2025-10-28 08:00:00,7.25,5.5,17.7
2025-10-28 09:00:00,6.81,5.13,17.7
2025-10-28 10:00:00,6.36,4.6,16.9
2025-10-28 11:00:00,4.55,2.0,15.4
2025-10-28 12:00:00,1.9,0.52,13.9
2025-10-28 13:00:00,3.44,1.32,12.8
2025-10-28 14:00:00,3.96,1.54,11.7
2025-10-28 15:00:00,3.42,1.5,11.1
2025-10-28 16:00:00,4.68,2.02,10.9
2025-10-28 17:00:00,5.34,2.1,10.4
2025-10-28 18:00:00,5.81,2.3,9.8
2025-10-28 19:00:00,6.72,2.8,9.6
2025-10-28 20:00:00,7.33,3.26,9.3
2025-10-28 21:00:00,6.57,2.8,9.0
2025-10-28 22:00:00,5.55,2.26,8.7
2025-10-28 23:00:00,5.63,2.54,8.7
2025-10-29 00:00:00,6.26,2.88,10.0
2025-10-29 01:00:00,5.69,2.47,10.1
2025-10-29 02:00:00,3.51,1.11,9.3
2025-10-29 03:00:00,0.81,0.25,11.2
2025-10-29 04:00:00,1.07,0.96,12.5
2025-10-29 05:00:00,2.25,1.86,14.0
2025-10-29 06:00:00,3.35,2.64,15.6
2025-10-29 07:00:00,4.67,3.68,16.4
2025-10-29 08:00:00,6.32,4.86,15.5
2025-10-29 09:00:00,6.96,5.0,14.1
2025-10-29 10:00:00,7.13,5.06,14.2
2025-10-29 11:00:00,7.01,4.25,13.9
2025-10-29 12:00:00,8.43,4.47,13.1
2025-10-29 13:00:00,6.85,3.43,12.4
2025-10-29 14:00:00,6.06,2.59,11.5
2025-10-29 15:00:00,6.35,2.87,10.7
2025-10-29 16:00:00,6.96,3.02,10.7
2025-10-29 17:00:00,6.36,2.44,10.6
2025-10-29 18:00:00,7.05,3.23,11.0
2025-10-29 19:00:00,5.48,2.09,10.3
2025-10-29 20:00:00,3.53,0.89,9.5
2025-10-29 21:00:00,1.92,0.21,9.1
2025-10-29 22:00:00,0.78,0.3,8.2
2025-10-29 23:00:00,1.2,0.35,7.5
2025-10-30 00:00:00,1.15,0.21,8.6
2025-10-30 01:00:00,2.65,1.54,7.0
2025-10-30 02:00:00,3.12,1.66,7.2
2025-10-30 03:00:00,4.59,2.47,9.3
2025-10-30 04:00:00,4.38,2.9,11.0
2025-10-30 05:00:00,5.06,3.83,12.3
2025-10-30 06:00:00,6.72,5.16,15.3
2025-10-30 07:00:00,7.65,5.8,16.3
2025-10-30 08:00:00,7.33,5.55,16.7
2025-10-30 09:00:00,7.32,5.45,16.8
2025-10-30 10:00:00,7.04,5.04,16.2
2025-10-30 11:00:00,6.33,3.19,14.5
2025-10-30 12:00:00,4.09,1.01,12.5
2025-10-30 13:00:00,2.67,0.89,11.9
2025-10-30 14:00:00,2.43,0.93,11.4
2025-10-30 15:00:00,3.53,1.54,10.7
2025-10-30 16:00:00,3.81,1.67,10.3
2025-10-30 17:00:00,2.9,1.3,9.4
2025-10-30 18:00:00,1.36,0.15,8.4
2025-10-30 19:00:00,1.93,0.47,8.1
2025-10-30 20:00:00,3.27,1.1,7.8
2025-10-30 21:00:00,5.3,1.99,8.1
2025-10-30 22:00:00,6.33,2.64,7.7
2025-10-30 23:00:00,6.17,2.69,7.0
2025-10-31 00:00:00,6.67,3.08,6.5
2025-10-31 01:00:00,6.26,3.02,5.4
2025-10-31 02:00:00,6.13,3.03,5.8
2025-10-31 03:00:00,5.95,3.57,9.5
2025-10-31 04:00:00,6.6,3.84,13.1
2025-10-31 05:00:00,7.6,5.41,15.6
2025-10-31 06:00:00,9.22,6.72,18.0
2025-10-31 07:00:00,9.71,7.13,19.1
2025-10-31 08:00:00,9.51,6.92,19.6
2025-10-31 09:00:00,8.57,6.19,19.6
2025-10-31 10:00:00,6.75,4.4,18.7
2025-10-31 11:00:00,5.87,2.58,16.4
2025-10-31 12:00:00,4.37,1.65,13.2
2025-10-31 13:00:00,2.53,0.65,13.0
2025-10-31 14:00:00,2.09,0.58,12.1
2025-10-31 15:00:00,1.3,0.81,11.0
2025-10-31 16:00:00,1.9,1.51,10.4
2025-10-31 17:00:00,3.58,2.26,10.6
2025-10-31 18:00:00,3.59,1.91,10.9
2025-10-31 19:00:00,1.71,0.4,11.1
2025-10-31 20:00:00,2.39,1.05,10.3
2025-10-31 21:00:00,5.4,2.37,10.1
2025-10-31 22:00:00,7.65,3.43,10.1
2025-10-31 23:00:00,13.83,8.08,11.4
2025-11-01 00:00:00,13.2,7.96,11.7
2025-11-01 01:00:00,11.32,6.66,11.2
2025-11-01 02:00:00,10.22,5.95,11.0
2025-11-01 03:00:00,9.12,5.82,11.4
2025-11-01 04:00:00,8.79,5.98,11.7
2025-11-01 05:00:00,9.16,6.44,11.7
2025-11-01 06:00:00,9.31,6.63,11.5
2025-11-01 07:00:00,9.26,6.5,10.9
2025-11-01 08:00:00,9.2,6.57,10.9
2025-11-01 09:00:00,8.82,6.3,10.4
2025-11-01 10:00:00,7.95,5.58,9.6
2025-11-01 11:00:00,6.72,4.63,8.9
2025-11-01 12:00:00,7.04,4.36,8.5
2025-11-01 13:00:00,5.7,3.31,7.7
2025-11-01 14:00:00,4.68,2.53,7.1
2025-11-01 15:00:00,3.64,1.86,5.9
2025-11-01 16:00:00,2.26,1.3,4.8
2025-11-01 17:00:00,0.67,0.81,4.3
2025-11-01 18:00:00,1.7,0.93,3.9
2025-11-01 19:00:00,3.27,1.58,3.4
2025-11-01 20:00:00,4.52,2.01,3.3
2025-11-01 21:00:00,7.62,3.7,3.6
2025-11-01 22:00:00,7.96,3.99,3.3
2025-11-01 23:00:00,8.32,4.25,3.0
2025-11-02 00:00:00,8.38,4.44,2.9
2025-11-02 01:00:00,7.78,3.95,2.6
2025-11-02 02:00:00,7.34,3.81,2.8
2025-11-02 03:00:00,7.51,3.76,5.2
2025-11-02 04:00:00,6.99,4.67,8.1
2025-11-02 05:00:00,8.34,6.11,10.6
2025-11-02 06:00:00,8.95,6.66,12.7
2025-11-02 07:00:00,8.47,6.39,13.6
2025-11-02 08:00:00,7.8,5.91,14.3
2025-11-02 09:00:00,7.18,5.37,14.4
2025-11-02 10:00:00,6.47,4.53,13.7
2025-11-02 11:00:00,6.18,2.97,11.7
2025-11-02 12:00:00,6.42,2.56,9.5
2025-11-02 13:00:00,5.08,1.95,8.1
2025-11-02 14:00:00,4.59,1.69,6.9
2025-11-02 15:00:00,4.54,1.71,6.4
2025-11-02 16:00:00,4.15,1.59,5.9
2025-11-02 17:00:00,4.35,1.68,5.5
2025-11-02 18:00:00,5.15,2.06,5.4
2025-11-02 19:00:00,5.88,2.41,5.4
2025-11-02 20:00:00,5.66,2.25,5.2
2025-11-02 21:00:00,5.59,1.99,4.8
2025-11-02 22:00:00,4.92,1.57,4.2
2025-11-02 23:00:00,1.09,0.98,4.5
2025-11-03 00:00:00,3.85,2.87,4.3
2025-11-03 01:00:00,3.54,1.72,4.5
2025-11-03 02:00:00,3.02,1.46,5.4
2025-11-03 03:00:00,2.72,1.68,8.4
2025-11-03 04:00:00,3.31,1.72,11.7
2025-11-03 05:00:00,2.92,2.24,13.9
2025-11-03 06:00:00,4.28,3.32,15.6
2025-11-03 07:00:00,5.34,4.07,16.6
2025-11-03 08:00:00,6.03,4.55,16.5
2025-11-03 09:00:00,5.82,4.29,16.3
2025-11-03 10:00:00,5.77,3.98,15.7
2025-11-03 11:00:00,6.5,3.24,13.9
2025-11-03 12:00:00,8.39,4.21,12.2
2025-11-03 13:00:00,8.12,4.29,11.5
2025-11-03 14:00:00,8.34,4.07,10.8
2025-11-03 15:00:00,7.44,3.45,10.4
2025-11-03 16:00:00,6.07,2.78,9.5
2025-11-03 17:00:00,4.88,2.13,8.0
2025-11-03 18:00:00,3.4,1.7,6.8
2025-11-03 19:00:00,3.04,1.46,6.3
2025-11-03 20:00:00,3.68,1.3,6.2
2025-11-03 21:00:00,6.44,2.34,6.9
2025-11-03 22:00:00,9.73,4.92,8.4
2025-11-03 23:00:00,11.62,6.88,8.9
2025-11-04 00:00:00,11.81,7.1,8.4
2025-11-04 01:00:00,13.52,8.46,7.6
2025-11-04 02:00:00,13.75,8.75,6.6
2025-11-04 03:00:00,13.89,9.07,6.4
2025-11-04 04:00:00,12.21,8.12,6.1
2025-11-04 05:00:00,11.75,7.83,5.7
2025-11-04 06:00:00,10.87,7.2,5.9
2025-11-04 07:00:00,9.98,6.9,6.0
2025-11-04 08:00:00,10.12,7.2,6.3
2025-11-04 09:00:00,11.0,7.75,6.7
2025-11-04 10:00:00,11.1,7.76,6.5
2025-11-04 11:00:00,10.5,7.11,5.8
2025-11-04 12:00:00,9.75,6.1,5.2
2025-11-04 13:00:00,9.1,5.61,5.0
2025-11-04 14:00:00,8.61,5.24,4.8
2025-11-04 15:00:00,8.86,5.47,4.5
2025-11-04 16:00:00,9.39,5.62,4.5
2025-11-04 17:00:00,9.54,5.89,4.1
2025-11-04 18:00:00,10.59,6.61,3.6
2025-11-04 19:00:00,9.68,5.74,3.6
2025-11-04 20:00:00,9.8,6.12,3.7
2025-11-04 21:00:00,9.0,5.43,3.7
2025-11-04 22:00:00,8.05,4.55,3.5
2025-11-04 23:00:00,8.62,5.06,3.1
2025-11-05 00:00:00,9.87,6.23,2.4
2025-11-05 01:00:00,9.5,6.15,1.6
2025-11-05 02:00:00,11.18,6.78,1.3
2025-11-05 03:00:00,11.52,7.57,1.5
2025-11-05 04:00:00,11.0,7.55,2.0
2025-11-05 05:00:00,11.55,8.19,3.0
2025-11-05 06:00:00,11.75,8.44,3.5
2025-11-05 07:00:00,11.37,8.26,2.9
2025-11-05 08:00:00,11.5,8.11,2.3
2025-11-05 09:00:00,12.23,8.66,1.4
2025-11-05 10:00:00,11.56,7.87,0.3
2025-11-05 11:00:00,11.04,7.57,-0.3
2025-11-05 12:00:00,12.0,8.06,-0.7
2025-11-05 13:00:00,9.98,6.44,-1.1
2025-11-05 14:00:00,8.64,5.2,-1.7
2025-11-05 15:00:00,9.2,5.65,-1.6
2025-11-05 16:00:00,9.0,5.07,-2.1
2025-11-05 17:00:00,7.99,4.69,-2.1
2025-11-05 18:00:00,6.26,3.34,-2.3
2025-11-05 19:00:00,5.92,3.36,-2.6
2025-11-05 20:00:00,5.53,3.29,-2.1
2025-11-05 21:00:00,4.67,2.76,-2.2
2025-11-05 22:00:00,2.75,1.69,-1.9
2025-11-05 23:00:00,1.82,1.54,-3.0
2025-11-06 00:00:00,0.96,1.16,-4.1
2025-11-06 01:00:00,1.31,0.96,-6.2
2025-11-06 02:00:00,1.4,1.07,-4.8
2025-11-06 03:00:00,2.17,1.53,-3.3
2025-11-06 04:00:00,2.51,1.23,-1.0
2025-11-06 05:00:00,3.97,2.33,0.2
2025-11-06 06:00:00,5.4,4.14,1.2
2025-11-06 07:00:00,5.94,3.78,1.6
2025-11-06 08:00:00,5.93,4.56,2.1
2025-11-06 09:00:00,6.26,4.72,2.2
2025-11-06 10:00:00,6.16,4.26,2.0
2025-11-06 11:00:00,6.23,3.78,1.0
2025-11-06 12:00:00,6.87,3.36,-0.1
2025-11-06 13:00:00,6.04,3.32,-0.3
2025-11-06 14:00:00,5.1,2.85,-0.3
2025-11-06 15:00:00,4.1,2.2,-0.8
2025-11-06 16:00:00,3.26,1.75,-2.0
2025-11-06 17:00:00,2.44,1.92,-3.3
2025-11-06 18:00:00,2.66,2.4,-4.5
2025-11-06 19:00:00,3.89,2.66,-5.2
2025-11-06 20:00:00,4.41,2.79,-5.2
2025-11-06 21:00:00,4.82,2.92,-5.2
2025-11-06 22:00:00,5.95,3.28,-4.3
2025-11-06 23:00:00,7.07,3.8,-3.8
2025-11-07 00:00:00,7.94,4.17,-4.2
2025-11-07 01:00:00,8.45,4.43,-4.7
2025-11-07 02:00:00,8.75,4.94,-4.0
2025-11-07 03:00:00,8.93,5.48,-2.0
2025-11-07 04:00:00,8.89,5.82,0.5
2025-11-07 05:00:00,9.19,6.66,2.1
2025-11-07 06:00:00,9.7,7.03,3.5
2025-11-07 07:00:00,9.42,6.96,3.9
2025-11-07 08:00:00,9.25,6.75,4.4
2025-11-07 09:00:00,8.79,6.29,4.5
2025-11-07 10:00:00,8.45,5.5,3.8
2025-11-07 11:00:00,8.15,4.49,1.9
2025-11-07 12:00:00,8.6,4.66,0.3
2025-11-07 13:00:00,8.15,4.2,-1.1
2025-11-07 14:00:00,7.73,3.93,-1.5
2025-11-07 15:00:00,6.41,3.17,-1.7
2025-11-07 16:00:00,5.27,2.66,-2.2
2025-11-07 17:00:00,4.83,2.64,-2.3
2025-11-07 18:00:00,5.17,2.53,-1.9
2025-11-07 19:00:00,5.0,2.73,-1.6
2025-11-07 20:00:00,4.66,2.44,-2.0
2025-11-07 21:00:00,4.54,2.33,-2.4
2025-11-07 22:00:00,4.89,2.33,-2.9
2025-11-07 23:00:00,5.06,2.3,-2.6
2025-11-08 00:00:00,6.15,2.8,-2.5
2025-11-08 01:00:00,6.24,2.93,-2.9
2025-11-08 02:00:00,6.31,3.04,-2.8
2025-11-08 03:00:00,6.38,3.4,-0.4
2025-11-08 04:00:00,6.34,3.65,3.3
2025-11-08 05:00:00,5.84,4.04,5.2
2025-11-08 06:00:00,7.14,5.15,7.7
2025-11-08 07:00:00,6.6,4.9,8.6
2025-11-08 08:00:00,6.32,4.7,8.7
2025-11-08 09:00:00,5.33,3.8,8.5
2025-11-08 10:00:00,5.1,3.13,7.5
2025-11-08 11:00:00,4.73,1.97,4.4
2025-11-08 12:00:00,4.61,1.76,3.1
2025-11-08 13:00:00,3.94,1.47,2.5
2025-11-08 14:00:00,3.39,1.26,2.3
2025-11-08 15:00:00,3.29,1.31,2.1
2025-11-08 16:00:00,2.69,0.98,2.4
2025-11-08 17:00:00,2.87,1.14,2.4
2025-11-08 18:00:00,3.0,1.38,2.4
2025-11-08 19:00:00,3.94,1.55,2.4
2025-11-08 20:00:00,4.3,1.61,2.2
2025-11-08 21:00:00,3.71,1.31,1.6
2025-11-08 22:00:00,2.87,1.1,1.5
2025-11-08 23:00:00,2.46,1.25,1.5
2025-11-09 00:00:00,2.34,1.1,2.6
2025-11-09 01:00:00,2.79,1.49,1.8
2025-11-09 02:00:00,2.87,1.57,1.3
2025-11-09 03:00:00,4.6,2.41,3.1
2025-11-09 04:00:00,5.02,2.95,5.4
2025-11-09 05:00:00,4.88,3.43,7.0
2025-11-09 06:00:00,6.1,4.53,8.0
2025-11-09 07:00:00,6.47,4.83,9.2
2025-11-09 08:00:00,6.71,4.94,9.7
2025-11-09 09:00:00,6.86,4.88,9.4
2025-11-09 10:00:00,7.48,4.58,8.5
2025-11-09 11:00:00,6.96,3.27,6.5
2025-11-09 12:00:00,6.46,2.58,5.4
2025-11-09 13:00:00,5.32,1.86,4.8
2025-11-09 14:00:00,3.62,1.19,3.1
2025-11-09 15:00:00,3.2,1.17,2.1
2025-11-09 16:00:00,2.47,0.93,1.6
2025-11-09 17:00:00,1.25,0.92,1.3
2025-11-09 18:00:00,1.97,1.3,2.0
2025-11-09 19:00:00,2.17,1.57,1.5
2025-11-09 20:00:00,2.38,1.35,1.8
2025-11-09 21:00:00,3.03,1.56,2.0
2025-11-09 22:00:00,3.71,2.09,1.4
2025-11-09 23:00:00,4.49,2.22,0.4
2025-11-10 00:00:00,5.19,2.44,0.1
2025-11-10 01:00:00,5.83,2.5,0.1
2025-11-10 02:00:00,4.34,1.87,0.3
2025-11-10 03:00:00,2.22,1.03,2.6
2025-11-10 04:00:00,5.64,3.62,4.9
2025-11-10 05:00:00,4.43,2.88,7.4
2025-11-10 06:00:00,5.85,4.45,8.8
2025-11-10 07:00:00,5.91,4.46,9.9
2025-11-10 08:00:00,7.6,5.41,10.1
2025-11-10 09:00:00,7.73,5.15,9.4
2025-11-10 10:00:00,7.43,4.75,8.4
2025-11-10 11:00:00,7.33,4.33,7.0
2025-11-10 12:00:00,4.9,2.0,4.6
2025-11-10 13:00:00,2.94,1.55,4.8
2025-11-10 14:00:00,2.53,1.45,4.3
2025-11-10 15:00:00,3.94,2.76,4.0
2025-11-10 16:00:00,5.0,3.46,3.6
2025-11-10 17:00:00,5.29,3.3,3.5
2025-11-10 18:00:00,4.42,3.11,3.2
2025-11-10 19:00:00,2.61,2.22,3.2
2025-11-10 20:00:00,0.87,1.2,2.2
2025-11-10 21:00:00,1.06,0.63,1.5
2025-11-10 22:00:00,2.17,1.45,1.6
2025-11-10 23:00:00,2.91,1.84,1.1
2025-11-11 00:00:00,4.68,2.42,0.4
2025-11-11 01:00:00,6.76,3.31,-0.1
2025-11-11 02:00:00,7.4,3.83,-0.1
2025-11-11 03:00:00,7.55,4.24,1.6
2025-11-11 04:00:00,6.86,4.61,4.1
2025-11-11 05:00:00,7.69,5.69,6.0
2025-11-11 06:00:00,8.25,6.18,7.9
2025-11-11 07:00:00,8.08,6.13,8.8
2025-11-11 08:00:00,8.05,6.02,9.1
2025-11-11 09:00:00,7.68,5.71,9.2
2025-11-11 10:00:00,7.16,5.04,8.8
2025-11-11 11:00:00,6.82,3.59,7.1
2025-11-11 12:00:00,6.61,3.22,5.1
2025-11-11 13:00:00,5.61,2.72,3.9
2025-11-11 14:00:00,5.09,2.62,2.4
2025-11-11 15:00:00,4.88,2.57,1.5
2025-11-11 16:00:00,4.89,2.57,1.0
2025-11-11 17:00:00,5.38,3.03,1.1
2025-11-11 18:00:00,5.88,3.35,1.2
2025-11-11 19:00:00,5.7,3.2,1.2
2025-11-11 20:00:00,5.3,2.82,0.8
2025-11-11 21:00:00,5.63,2.97,0.5
2025-11-11 22:00:00,6.4,3.23,0.5
2025-11-11 23:00:00,6.97,3.45,0.3
2025-11-12 00:00:00,7.25,3.45,0.2
2025-11-12 01:00:00,6.89,3.06,-0.4
2025-11-12 02:00:00,6.52,2.95,-0.4
2025-11-12 03:00:00,6.19,3.35,2.2
2025-11-12 04:00:00,5.71,3.25,5.4
2025-11-12 05:00:00,5.6,4.08,7.4
2025-11-12 06:00:00,6.44,4.9,9.3
2025-11-12 07:00:00,6.55,4.97,10.3
2025-11-12 08:00:00,6.59,4.89,10.6
2025-11-12 09:00:00,4.72,3.5,10.3
2025-11-12 10:00:00,3.7,2.46,9.4
2025-11-12 11:00:00,2.33,0.9,7.1
2025-11-12 12:00:00,2.21,1.19,6.3
2025-11-12 13:00:00,3.82,2.59,6.7
2025-11-12 14:00:00,3.32,1.47,6.1
2025-11-12 15:00:00,1.21,0.11,6.5
2025-11-12 16:00:00,2.06,1.3,5.2
2025-11-12 17:00:00,3.51,2.36,4.3
2025-11-12 18:00:00,1.96,1.17,2.9
2025-11-12 19:00:00,3.51,1.8,3.4
2025-11-12 20:00:00,2.99,1.78,2.6
2025-11-12 21:00:00,3.91,1.78,2.1
2025-11-12 22:00:00,4.39,2.08,2.2
2025-11-12 23:00:00,4.19,2.04,2.0
2025-11-13 00:00:00,5.6,2.33,2.1
2025-11-13 01:00:00,5.56,2.44,1.8
2025-11-13 02:00:00,5.21,2.09,2.0
2025-11-13 03:00:00,4.96,2.55,3.8
2025-11-13 04:00:00,5.59,2.72,6.3
2025-11-13 05:00:00,3.95,2.87,8.1
2025-11-13 06:00:00,4.39,3.24,9.3
2025-11-13 07:00:00,2.1,1.63,10.6
2025-11-13 08:00:00,1.36,1.24,11.0
2025-11-13 09:00:00,1.41,1.24,11.0
2025-11-13 10:00:00,0.35,0.29,11.2
2025-11-13 11:00:00,2.53,1.46,8.6
2025-11-13 12:00:00,5.71,2.98,7.1
2025-11-13 13:00:00,5.89,3.42,6.6
2025-11-13 14:00:00,6.23,3.58,6.7
2025-11-13 15:00:00,6.26,3.66,6.3
2025-11-13 16:00:00,5.06,2.97,6.7
2025-11-13 17:00:00,3.79,2.2,5.0
2025-11-13 18:00:00,1.6,1.32,2.8
2025-11-13 19:00:00,0.93,1.42,1.6
2025-11-13 20:00:00,1.47,1.57,0.5
2025-11-13 21:00:00,1.19,1.52,0.3
2025-11-13 22:00:00,1.43,1.55,0.4
2025-11-13 23:00:00,2.69,1.38,1.1
2025-11-14 00:00:00,5.58,2.35,1.2
2025-11-14 01:00:00,5.79,2.4,1.0
2025-11-14 02:00:00,5.92,2.46,1.0
2025-11-14 03:00:00,6.32,3.44,2.8
2025-11-14 04:00:00,6.21,3.93,5.1
2025-11-14 05:00:00,6.07,4.4,6.4
2025-11-14 06:00:00,6.7,4.95,8.3
2025-11-14 07:00:00,6.69,5.04,9.3
2025-11-14 08:00:00,6.41,4.8,9.6
2025-11-14 09:00:00,5.66,4.19,9.7
2025-11-14 10:00:00,4.69,3.15,8.9
2025-11-14 11:00:00,4.9,1.84,6.5
2025-11-14 12:00:00,5.02,1.87,4.9
2025-11-14 13:00:00,4.49,1.66,4.6
2025-11-14 14:00:00,5.01,1.91,3.9
2025-11-14 15:00:00,5.1,1.86,3.4
2025-11-14 16:00:00,5.08,1.82,2.7
2025-11-14 17:00:00,4.7,1.57,2.3
2025-11-14 18:00:00,5.87,2.11,2.3
2025-11-14 19:00:00,5.95,2.06,1.4
2025-11-14 20:00:00,5.39,1.81,0.4
2025-11-14 21:00:00,5.68,2.05,0.6
2025-11-14 22:00:00,6.24,2.38,0.5
2025-11-14 23:00:00,6.24,2.33,0.6
2025-11-15 00:00:00,6.57,2.86,0.3
2025-11-15 01:00:00,7.07,3.0,-0.2
2025-11-15 02:00:00,6.64,2.75,0.0
2025-11-15 03:00:00,6.45,3.24,2.0
2025-11-15 04:00:00,7.1,3.26,4.9
2025-11-15 05:00:00,6.07,4.15,6.9
2025-11-15 06:00:00,7.12,5.06,8.7
2025-11-15 07:00:00,7.34,5.3,9.4
2025-11-15 08:00:00,7.22,5.23,9.5
2025-11-15 09:00:00,6.19,4.13,9.0
2025-11-15 10:00:00,6.06,2.34,7.3
2025-11-15 11:00:00,4.9,1.68,4.3
2025-11-15 12:00:00,4.04,1.61,6.1
2025-11-15 13:00:00,5.3,2.11,6.1
2025-11-15 14:00:00,6.55,2.94,5.7
2025-11-15 15:00:00,6.38,2.6,5.1
2025-11-15 16:00:00,6.35,2.2,3.8
2025-11-15 17:00:00,6.67,2.51,3.2
2025-11-15 18:00:00,6.83,2.71,2.7
2025-11-15 19:00:00,7.25,3.02,1.9
2025-11-15 20:00:00,7.44,3.36,1.7
2025-11-15 21:00:00,8.28,4.0,1.7
2025-11-15 22:00:00,8.94,4.46,2.0
2025-11-15 23:00:00,9.42,4.78,2.1
2025-11-16 00:00:00,9.43,4.81,2.0
2025-11-16 01:00:00,9.36,4.77,1.5
2025-11-16 02:00:00,9.32,4.82,1.6
2025-11-16 03:00:00,9.46,5.23,3.8
2025-11-16 04:00:00,10.58,5.51,6.6
2025-11-16 05:00:00,10.35,6.09,8.9
2025-11-16 06:00:00,10.32,6.49,10.7
2025-11-16 07:00:00,9.92,6.73,11.7
2025-11-16 08:00:00,9.56,6.38,12.3
2025-11-16 09:00:00,9.14,5.81,12.3
2025-11-16 10:00:00,8.18,4.78,10.9
2025-11-16 11:00:00,7.11,3.28,8.5
2025-11-16 12:00:00,6.43,2.58,7.1
2025-11-16 13:00:00,5.64,2.24,5.7
2025-11-16 14:00:00,5.46,2.17,4.6
2025-11-16 15:00:00,5.38,2.01,4.2
2025-11-16 16:00:00,5.28,1.9,3.9
2025-11-16 17:00:00,4.75,1.72,3.7
2025-11-16 18:00:00,5.42,2.04,3.3
2025-11-16 19:00:00,5.74,2.26,2.7
2025-11-16 20:00:00,5.74,2.24,2.6
2025-11-16 21:00:00,5.5,1.93,2.5
2025-11-16 22:00:00,5.21,1.8,2.6
2025-11-16 23:00:00,4.65,1.53,2.4
2025-11-17 00:00:00,4.68,1.69,2.9
2025-11-17 01:00:00,4.37,1.8,2.8
2025-11-17 02:00:00,5.15,2.14,3.1
2025-11-17 03:00:00,5.57,2.53,5.6
2025-11-17 04:00:00,5.52,3.05,7.4
2025-11-17 05:00:00,5.0,2.76,8.9
2025-11-17 06:00:00,4.95,3.55,10.5
2025-11-17 07:00:00,4.77,3.52,11.2
2025-11-17 08:00:00,4.16,3.11,11.8
2025-11-17 09:00:00,3.91,2.83,11.7
2025-11-17 10:00:00,4.15,2.28,10.6
2025-11-17 11:00:00,4.54,1.99,7.4
2025-11-17 12:00:00,4.76,2.01,6.8
2025-11-17 13:00:00,4.97,2.07,6.8
2025-11-17 14:00:00,4.89,2.16,6.3
2025-11-17 15:00:00,5.82,2.31,6.3
2025-11-17 16:00:00,6.96,2.9,6.0
2025-11-17 17:00:00,6.88,2.75,5.0
2025-11-17 18:00:00,7.1,2.9,4.4
2025-11-17 19:00:00,7.45,3.12,3.7
2025-11-17 20:00:00,7.33,3.16,3.3
2025-11-17 21:00:00,7.42,3.26,2.9
2025-11-17 22:00:00,7.92,3.5,2.6
2025-11-17 23:00:00,8.57,3.96,2.6
2025-11-18 00:00:00,8.61,4.07,2.2
2025-11-18 01:00:00,8.59,3.96,1.8
2025-11-18 02:00:00,8.68,3.98,1.9
2025-11-18 03:00:00,8.72,4.56,4.1
2025-11-18 04:00:00,10.16,5.08,7.5
2025-11-18 05:00:00,10.16,5.81,10.1
2025-11-18 06:00:00,10.19,6.31,11.6
2025-11-18 07:00:00,9.81,6.46,12.4
2025-11-18 08:00:00,9.97,6.37,12.7
2025-11-18 09:00:00,10.67,6.05,12.3
2025-11-18 10:00:00,10.6,5.85,10.9
2025-11-18 11:00:00,9.13,4.86,8.5
2025-11-18 12:00:00,7.88,3.53,7.6
2025-11-18 13:00:00,6.96,3.11,6.8
2025-11-18 14:00:00,6.89,3.1,5.6
2025-11-18 15:00:00,7.06,3.11,4.8
2025-11-18 16:00:00,6.86,2.89,4.3
2025-11-18 17:00:00,5.95,2.39,3.5
2025-11-18 18:00:00,5.68,2.53,3.2
2025-11-18 19:00:00,5.33,2.48,2.2
2025-11-18 20:00:00,5.07,2.33,1.9
2025-11-18 21:00:00,4.94,1.97,1.8
2025-11-18 22:00:00,5.09,1.99,1.9
2025-11-18 23:00:00,5.55,2.13,2.1
2025-11-19 00:00:00,5.17,1.9,2.1
2025-11-19 01:00:00,4.65,1.71,2.0
2025-11-19 02:00:00,4.59,1.72,2.0
2025-11-19 03:00:00,4.57,2.09,4.4
2025-11-19 04:00:00,4.77,2.35,7.6
2025-11-19 05:00:00,3.36,1.71,9.4
2025-11-19 06:00:00,3.24,1.98,10.0
2025-11-19 07:00:00,2.01,1.41,11.0
2025-11-19 08:00:00,1.55,1.15,11.6
2025-11-19 09:00:00,0.97,0.83,11.9
2025-11-19 10:00:00,0.58,0.51,11.1
2025-11-19 11:00:00,0.34,0.32,8.7
2025-11-19 12:00:00,1.8,1.04,8.1
2025-11-19 13:00:00,3.32,1.53,8.6
2025-11-19 14:00:00,0.94,0.4,8.3
2025-11-19 15:00:00,2.65,1.57,8.8
2025-11-19 16:00:00,3.24,1.61,8.8
2025-11-19 17:00:00,3.85,1.7,7.5
2025-11-19 18:00:00,4.04,1.57,6.8
2025-11-19 19:00:00,3.2,1.22,6.0
2025-11-19 20:00:00,3.13,1.06,5.5
2025-11-19 21:00:00,2.63,1.03,5.5
2025-11-19 22:00:00,1.83,0.7,5.5
2025-11-19 23:00:00,1.33,0.54,5.7
2025-11-20 00:00:00,1.28,0.57,5.1
2025-11-20 01:00:00,0.49,0.29,5.1
2025-11-20 02:00:00,0.83,0.35,4.5
2025-11-20 03:00:00,2.06,1.11,6.1
2025-11-20 04:00:00,4.63,2.51,8.7
2025-11-20 05:00:00,4.68,2.72,10.9
2025-11-20 06:00:00,2.39,0.97,10.1
2025-11-20 07:00:00,3.55,2.34,10.7
2025-11-20 08:00:00,3.08,2.3,11.1
2025-11-20 09:00:00,2.87,2.23,11.0
2025-11-20 10:00:00,2.0,1.16,10.1
2025-11-20 11:00:00,1.35,0.41,8.0
2025-11-20 12:00:00,2.3,1.25,7.4
2025-11-20 13:00:00,0.96,0.4,7.8
2025-11-20 14:00:00,1.76,0.99,6.7
2025-11-20 15:00:00,1.35,0.85,5.9
2025-11-20 16:00:00,1.57,1.21,5.3
2025-11-20 17:00:00,2.71,1.36,4.7
2025-11-20 18:00:00,4.22,1.84,4.1
2025-11-20 19:00:00,5.3,2.15,4.3
2025-11-20 20:00:00,5.83,2.44,4.2
2025-11-20 21:00:00,5.69,2.53,3.6
2025-11-20 22:00:00,5.88,2.67,3.0
2025-11-20 23:00:00,6.33,2.89,2.7
2025-11-21 00:00:00,6.88,3.05,2.5
2025-11-21 01:00:00,7.12,3.11,2.4
2025-11-21 02:00:00,6.68,2.92,2.1
2025-11-21 03:00:00,6.22,3.11,3.6
2025-11-21 04:00:00,6.66,3.26,6.7
2025-11-21 05:00:00,5.71,4.01,8.7
2025-11-21 06:00:00,7.57,5.52,10.3
2025-11-21 07:00:00,8.03,5.84,10.8
2025-11-21 08:00:00,7.46,5.45,10.8
2025-11-21 09:00:00,5.98,4.24,10.6
2025-11-21 10:00:00,4.66,2.55,9.9
2025-11-21 11:00:00,3.85,1.55,7.2
2025-11-21 12:00:00,4.27,1.74,6.0
2025-11-21 13:00:00,4.55,1.86,6.2
2025-11-21 14:00:00,5.08,2.07,5.9
2025-11-21 15:00:00,4.58,1.83,5.3
2025-11-21 16:00:00,3.65,1.36,4.5
2025-11-21 17:00:00,3.73,1.37,4.7
2025-11-21 18:00:00,3.29,1.15,5.2
2025-11-21 19:00:00,3.5,1.46,4.9
2025-11-21 20:00:00,2.26,0.94,4.5
2025-11-21 21:00:00,1.98,1.13,4.0
2025-11-21 22:00:00,1.11,0.83,3.9
2025-11-21 23:00:00,0.93,0.65,4.3
2025-11-22 00:00:00,0.28,0.35,3.8
2025-11-22 01:00:00,3.46,1.91,3.0
2025-11-22 02:00:00,3.56,1.81,1.8
2025-11-22 03:00:00,3.57,1.52,4.3
2025-11-22 04:00:00,3.83,2.35,6.9
2025-11-22 05:00:00,4.38,3.31,7.9
2025-11-22 06:00:00,5.52,4.16,9.3
2025-11-22 07:00:00,6.29,4.69,10.0
2025-11-22 08:00:00,6.05,4.42,9.5
2025-11-22 09:00:00,6.72,4.45,8.5
2025-11-22 10:00:00,6.68,4.57,8.5
2025-11-22 11:00:00,6.61,3.57,8.1
2025-11-22 12:00:00,6.45,2.96,6.2
2025-11-22 13:00:00,6.3,2.84,6.0
2025-11-22 14:00:00,5.33,2.1,5.0
2025-11-22 15:00:00,3.81,0.96,4.8
2025-11-22 16:00:00,2.96,0.58,4.3
2025-11-22 17:00:00,1.98,0.32,3.7
2025-11-22 18:00:00,0.7,0.21,3.4
2025-11-22 19:00:00,3.29,1.97,2.0
2025-11-22 20:00:00,3.92,1.78,1.4
2025-11-22 21:00:00,5.01,1.95,1.4
2025-11-22 22:00:00,6.13,2.67,1.2
2025-11-22 23:00:00,7.32,3.3,0.8
2025-11-23 00:00:00,8.75,4.36,0.7
2025-11-23 01:00:00,9.17,4.62,0.6
2025-11-23 02:00:00,9.82,5.03,0.7
2025-11-23 03:00:00,9.97,5.64,1.9
2025-11-23 04:00:00,10.02,5.89,4.1
2025-11-23 05:00:00,10.26,6.17,6.0
2025-11-23 06:00:00,8.52,6.01,8.0
2025-11-23 07:00:00,7.92,5.81,9.1
2025-11-23 08:00:00,7.78,5.63,9.5
2025-11-23 09:00:00,7.37,5.02,9.2
2025-11-23 10:00:00,7.4,4.0,7.9
2025-11-23 11:00:00,6.29,2.82,5.9
2025-11-23 12:00:00,5.65,2.21,5.0
2025-11-23 13:00:00,5.77,2.27,5.1
2025-11-23 14:00:00,4.98,1.89,4.2
2025-11-23 15:00:00,3.89,1.43,3.1
2025-11-23 16:00:00,2.21,1.01,2.5
2025-11-23 17:00:00,1.51,0.98,2.2
2025-11-23 18:00:00,1.17,0.67,2.3
2025-11-23 19:00:00,1.45,0.68,1.9
2025-11-23 20:00:00,1.0,0.36,1.8
2025-11-23 21:00:00,0.9,0.3,1.6
2025-11-23 22:00:00,0.9,0.4,1.7
2025-11-23 23:00:00,2.28,0.5,1.9
2025-11-24 00:00:00,2.97,0.45,1.8
2025-11-24 01:00:00,1.91,0.22,1.5
2025-11-24 02:00:00,3.54,1.25,0.3
2025-11-24 03:00:00,4.25,1.62,2.1
2025-11-24 04:00:00,4.2,2.32,4.4
2025-11-24 05:00:00,3.51,2.52,5.9
2025-11-24 06:00:00,2.88,2.13,7.0
2025-11-24 07:00:00,2.21,1.7,8.2
2025-11-24 08:00:00,2.15,1.71,8.3
2025-11-24 09:00:00,1.25,1.0,8.1
2025-11-24 10:00:00,1.47,0.35,6.4
2025-11-24 11:00:00,1.52,0.18,4.9
2025-11-24 12:00:00,1.94,0.98,4.4
2025-11-24 13:00:00,3.65,1.98,4.4
2025-11-24 14:00:00,4.19,2.06,3.4
2025-11-24 15:00:00,4.14,1.89,3.1
2025-11-24 16:00:00,4.79,2.22,3.3
2025-11-24 17:00:00,5.44,2.37,3.6
2025-11-24 18:00:00,5.82,2.71,3.9
2025-11-24 19:00:00,7.08,3.62,4.0
2025-11-24 20:00:00,7.8,4.1,3.7
2025-11-24 21:00:00,8.91,4.84,4.0
2025-11-24 22:00:00,8.14,4.19,3.9
2025-11-24 23:00:00,7.83,3.66,4.4
2025-11-25 00:00:00,6.95,3.32,3.9
2025-11-25 01:00:00,7.46,4.0,3.9
2025-11-25 02:00:00,7.06,3.13,3.6
2025-11-25 03:00:00,6.37,2.84,5.1
2025-11-25 04:00:00,4.95,2.69,7.3
2025-11-25 05:00:00,2.62,1.9,9.4
2025-11-25 06:00:00,1.76,1.41,11.3
2025-11-25 07:00:00,1.61,1.46,11.3
2025-11-25 08:00:00,3.41,2.8,10.6
2025-11-25 09:00:00,4.9,3.62,9.0
2025-11-25 10:00:00,5.1,3.31,7.4
2025-11-25 11:00:00,5.24,2.4,5.3
2025-11-25 12:00:00,7.45,3.38,5.5
2025-11-25 13:00:00,8.52,4.39,5.7
2025-11-25 14:00:00,9.47,5.02,4.9
2025-11-25 15:00:00,10.5,5.65,4.2
2025-11-25 16:00:00,11.11,6.18,3.9
2025-11-25 17:00:00,10.79,6.08,3.8
2025-11-25 18:00:00,10.07,5.61,3.2
2025-11-25 19:00:00,9.79,5.52,2.9
2025-11-25 20:00:00,9.5,5.29,2.8
2025-11-25 21:00:00,9.38,5.13,2.4
2025-11-25 22:00:00,9.72,5.2,2.2
2025-11-25 23:00:00,9.96,5.4,2.2
2025-11-26 00:00:00,10.6,5.83,2.5
2025-11-26 01:00:00,10.42,5.63,2.3
2025-11-26 02:00:00,10.59,5.73,2.3
2025-11-26 03:00:00,10.81,6.11,3.7
2025-11-26 04:00:00,11.73,6.48,6.4
2025-11-26 05:00:00,12.35,7.14,9.3
2025-11-26 06:00:00,12.6,8.05,11.6
2025-11-26 07:00:00,13.37,8.44,12.2
2025-11-26 08:00:00,13.15,8.19,12.9
2025-11-26 09:00:00,12.94,7.08,12.6
2025-11-26 10:00:00,10.94,6.6,11.6
2025-11-26 11:00:00,9.68,5.42,9.2
2025-11-26 12:00:00,8.51,4.25,7.6
2025-11-26 13:00:00,7.34,3.63,6.0
2025-11-26 14:00:00,6.28,2.99,4.7
2025-11-26 15:00:00,5.64,2.69,3.8
2025-11-26 16:00:00,5.02,2.3,2.6
2025-11-26 17:00:00,3.99,1.8,1.9
2025-11-26 18:00:00,4.16,1.59,1.8
2025-11-26 19:00:00,3.74,1.63,1.2
2025-11-26 20:00:00,3.11,1.29,1.5
2025-11-26 21:00:00,2.57,1.19,2.6
2025-11-26 22:00:00,2.35,1.22,3.7
2025-11-26 23:00:00,1.75,0.53,5.6
2025-11-27 00:00:00,3.48,1.67,4.1
2025-11-27 01:00:00,2.57,0.79,2.4
2025-11-27 02:00:00,2.73,0.86,3.1
2025-11-27 03:00:00,3.6,1.6,3.6
2025-11-27 04:00:00,3.13,1.66,6.4
2025-11-27 05:00:00,2.19,0.65,8.8
2025-11-27 06:00:00,0.39,0.75,9.3
2025-11-27 07:00:00,0.3,0.38,10.9
2025-11-27 08:00:00,1.06,0.85,11.7
2025-11-27 09:00:00,2.24,0.91,11.4
2025-11-27 10:00:00,3.76,1.7,9.1
2025-11-27 11:00:00,4.66,2.18,5.9
2025-11-27 12:00:00,4.11,1.82,6.6
2025-11-27 13:00:00,4.92,2.15,6.4
2025-11-27 14:00:00,6.12,2.71,6.2
2025-11-27 15:00:00,6.34,2.93,6.4
2025-11-27 16:00:00,6.08,2.97,6.3
2025-11-27 17:00:00,5.4,2.58,5.6
2025-11-27 18:00:00,1.82,0.76,3.0
2025-11-27 19:00:00,1.07,0.94,3.1
2025-11-27 20:00:00,0.62,0.83,2.6
2025-11-27 21:00:00,0.36,0.6,3.0
2025-11-27 22:00:00,0.59,0.35,3.7
2025-11-27 23:00:00,1.23,0.64,3.3
2025-11-28 00:00:00,1.66,0.54,1.4
2025-11-28 01:00:00,2.98,1.3,-0.2
2025-11-28 02:00:00,2.6,1.13,-0.1
2025-11-28 03:00:00,2.25,1.07,2.1
2025-11-28 04:00:00,1.73,1.29,5.3
2025-11-28 05:00:00,1.35,1.05,6.8
2025-11-28 06:00:00,2.22,1.76,6.5
2025-11-28 07:00:00,1.65,1.29,7.6
2025-11-28 08:00:00,1.17,0.92,8.6
2025-11-28 09:00:00,0.78,0.6,8.6
2025-11-28 10:00:00,0.53,0.45,6.4
2025-11-28 11:00:00,0.36,0.16,4.1
2025-11-28 12:00:00,0.96,0.35,4.5
2025-11-28 13:00:00,2.84,1.64,4.0
2025-11-28 14:00:00,2.84,1.28,3.5
2025-11-28 15:00:00,3.02,1.17,3.5
2025-11-28 16:00:00,3.38,1.2,3.1
2025-11-28 17:00:00,3.75,1.35,2.7
2025-11-28 18:00:00,2.02,0.54,3.1
2025-11-28 19:00:00,1.7,0.2,2.2
2025-11-28 20:00:00,1.68,0.21,2.0
2025-11-28 21:00:00,1.83,0.25,1.8
2025-11-28 22:00:00,1.32,0.18,1.1
2025-11-28 23:00:00,0.69,0.22,0.3
2025-11-29 00:00:00,2.1,1.01,-0.9
2025-11-29 01:00:00,2.62,0.86,-1.5
2025-11-29 02:00:00,3.75,1.25,-1.7
2025-11-29 03:00:00,4.92,2.14,-0.4
2025-11-29 04:00:00,5.19,2.62,1.6
2025-11-29 05:00:00,4.31,2.97,3.0
2025-11-29 06:00:00,5.69,4.08,4.9
2025-11-29 07:00:00,6.08,4.31,6.1
2025-11-29 08:00:00,5.85,4.17,6.4
2025-11-29 09:00:00,5.07,3.23,5.9
2025-11-29 10:00:00,5.04,2.02,4.2
2025-11-29 11:00:00,5.02,1.87,1.1
2025-11-29 12:00:00,5.26,2.07,0.6
2025-11-29 13:00:00,5.64,2.22,0.9
2025-11-29 14:00:00,5.39,2.05,0.7
2025-11-29 15:00:00,5.1,1.87,0.4
2025-11-29 16:00:00,5.05,1.8,-0.1
2025-11-29 17:00:00,5.03,1.76,-0.4
2025-11-29 18:00:00,5.02,1.7,-0.7
2025-11-29 19:00:00,5.03,1.77,-1.4
2025-11-29 20:00:00,4.99,1.74,-1.3
2025-11-29 21:00:00,4.72,1.68,-1.4
2025-11-29 22:00:00,4.29,1.42,-1.5
2025-11-29 23:00:00,3.9,1.16,-1.2
2025-11-30 00:00:00,3.56,0.86,-1.3
2025-11-30 01:00:00,2.31,0.54,-1.5
2025-11-30 02:00:00,1.49,0.39,-1.2
2025-11-30 03:00:00,0.85,0.16,0.3
2025-11-30 04:00:00,0.51,0.63,1.9
2025-11-30 05:00:00,0.34,0.5,3.4
2025-11-30 06:00:00,0.89,0.7,5.0
2025-11-30 07:00:00,1.77,1.45,6.4
2025-11-30 08:00:00,2.05,1.61,7.0
2025-11-30 09:00:00,2.67,1.96,6.9
2025-11-30 10:00:00,3.92,1.75,4.6
2025-11-30 11:00:00,4.0,1.73,1.2
2025-11-30 12:00:00,3.43,1.66,0.8
2025-11-30 13:00:00,3.98,1.82,0.9
2025-11-30 14:00:00,4.42,1.62,0.9
2025-11-30 15:00:00,3.89,1.1,1.0
2025-11-30 16:00:00,3.23,0.76,0.8
2025-11-30 17:00:00,2.62,0.5,0.5
2025-11-30 18:00:00,0.79,0.11,0.4
2025-11-30 19:00:00,0.64,0.46,-1.4
2025-11-30 20:00:00,1.15,0.5,-2.3
2025-11-30 21:00:00,1.61,0.45,-2.4
2025-11-30 22:00:00,2.36,0.7,-2.9
2025-11-30 23:00:00,3.71,1.49,-3.4
2025-12-01 00:00:00,2.77,0.65,-2.2
2025-12-01 01:00:00,4.33,1.68,-3.8
2025-12-01 02:00:00,6.07,2.26,-3.2
2025-12-01 03:00:00,6.7,3.19,-1.6
2025-12-01 04:00:00,7.58,3.74,0.8
2025-12-01 05:00:00,7.02,4.69,2.5
2025-12-01 06:00:00,8.32,5.81,4.3
2025-12-01 07:00:00,8.32,5.77,5.4
2025-12-01 08:00:00,8.42,5.76,6.0
2025-12-01 09:00:00,9.77,5.17,5.7
2025-12-01 10:00:00,8.71,4.98,4.5
2025-12-01 11:00:00,7.92,3.72,2.2
2025-12-01 12:00:00,7.85,3.53,0.7
2025-12-01 13:00:00,7.37,3.4,-0.3
2025-12-01 14:00:00,7.52,3.45,-0.6
2025-12-01 15:00:00,7.85,3.65,-0.7
2025-12-01 16:00:00,8.31,4.0,-0.5
2025-12-01 17:00:00,8.04,3.8,-0.5
2025-12-01 18:00:00,7.52,3.45,-0.7
2025-12-01 19:00:00,6.96,2.9,-1.5
2025-12-01 20:00:00,5.71,2.17,-2.1
2025-12-01 21:00:00,4.74,1.69,-2.5
2025-12-01 22:00:00,3.53,1.17,-3.1
2025-12-01 23:00:00,2.2,0.34,-2.9
2025-12-02 00:00:00,2.9,0.36,-2.2
2025-12-02 01:00:00,1.14,0.78,-3.2
2025-12-02 02:00:00,1.35,1.24,-4.2
2025-12-02 03:00:00,2.52,1.63,-2.0
2025-12-02 04:00:00,3.85,2.6,0.8
2025-12-02 05:00:00,3.25,2.29,2.4
2025-12-02 06:00:00,3.34,2.59,3.5
2025-12-02 07:00:00,2.65,2.06,4.8
2025-12-02 08:00:00,2.3,1.85,5.9
2025-12-02 09:00:00,3.2,2.5,5.2
2025-12-02 10:00:00,3.5,1.63,3.3
2025-12-02 11:00:00,3.81,1.73,0.6
2025-12-02 12:00:00,3.96,2.09,0.0
2025-12-02 13:00:00,3.67,1.59,-1.3
2025-12-02 14:00:00,3.6,1.1,-0.9
2025-12-02 15:00:00,2.6,0.64,-0.8
2025-12-02 16:00:00,1.3,0.21,-0.6
2025-12-02 17:00:00,0.92,0.11,-0.7
2025-12-02 18:00:00,1.41,0.59,-1.5
2025-12-02 19:00:00,3.13,1.6,-2.8
2025-12-02 20:00:00,4.44,1.86,-2.4
2025-12-02 21:00:00,5.34,2.08,-2.1
2025-12-02 22:00:00,5.34,2.23,-2.4
2025-12-02 23:00:00,5.36,2.32,-2.9
2025-12-03 00:00:00,4.46,1.66,-2.6
2025-12-03 01:00:00,5.15,2.0,-2.6
2025-12-03 02:00:00,6.25,2.65,-2.3
2025-12-03 03:00:00,6.51,3.31,-1.2
2025-12-03 04:00:00,7.45,3.4,0.7
2025-12-03 05:00:00,5.64,3.51,2.4
2025-12-03 06:00:00,5.33,3.61,3.8
2025-12-03 07:00:00,4.95,3.59,5.2
2025-12-03 08:00:00,4.41,3.22,5.6
2025-12-03 09:00:00,4.03,2.57,5.4
2025-12-03 10:00:00,3.91,1.53,3.7
2025-12-03 11:00:00,3.94,1.44,1.4
2025-12-03 12:00:00,4.79,1.95,1.3
2025-12-03 13:00:00,5.65,2.26,1.9
2025-12-03 14:00:00,5.71,2.35,2.1
2025-12-03 15:00:00,5.3,2.2,1.9
2025-12-03 16:00:00,5.3,2.2,1.6
2025-12-03 17:00:00,5.77,2.4,1.9
2025-12-03 18:00:00,6.24,2.32,0.5
2025-12-03 19:00:00,6.07,2.24,0.2
2025-12-03 20:00:00,4.85,1.84,-0.2
2025-12-03 21:00:00,4.54,1.88,-0.2
2025-12-03 22:00:00,3.84,1.85,0.1
2025-12-03 23:00:00,5.06,2.33,0.6
2025-12-04 00:00:00,5.04,2.16,0.2
2025-12-04 01:00:00,6.27,2.7,-0.2
2025-12-04 02:00:00,5.26,2.0,-0.9
2025-12-04 03:00:00,5.77,2.57,0.4
2025-12-04 04:00:00,6.13,3.51,3.6
2025-12-04 05:00:00,4.98,2.69,6.4
2025-12-04 06:00:00,6.82,4.18,6.9
2025-12-04 07:00:00,5.84,3.93,7.1
2025-12-04 08:00:00,5.37,3.51,6.8
2025-12-04 09:00:00,5.3,2.64,6.2
2025-12-04 10:00:00,4.26,1.68,4.2
2025-12-04 11:00:00,3.78,1.14,1.9
2025-12-04 12:00:00,2.01,0.34,2.5
2025-12-04 13:00:00,2.8,0.87,2.6
2025-12-04 14:00:00,1.76,0.63,2.7
2025-12-04 15:00:00,0.99,0.5,3.0
2025-12-04 16:00:00,1.07,0.39,3.5
2025-12-04 17:00:00,1.22,0.55,2.8
2025-12-04 18:00:00,1.15,0.52,2.9
2025-12-04 19:00:00,1.55,0.75,0.6
2025-12-04 20:00:00,1.74,0.78,-0.4
2025-12-04 21:00:00,2.32,1.1,-0.6
2025-12-04 22:00:00,3.13,1.53,-1.2
2025-12-04 23:00:00,2.71,1.07,-1.0
2025-12-05 00:00:00,2.69,1.23,-1.4
2025-12-05 01:00:00,2.59,1.4,-1.1
2025-12-05 02:00:00,1.59,0.47,-0.7
2025-12-05 03:00:00,1.28,0.35,0.4
2025-12-05 04:00:00,1.27,0.56,2.8
2025-12-05 05:00:00,1.6,0.65,4.4
2025-12-05 06:00:00,0.86,0.57,5.8
2025-12-05 07:00:00,1.14,0.78,6.9
2025-12-05 08:00:00,1.47,1.13,7.3
2025-12-05 09:00:00,2.15,1.65,7.1
2025-12-05 10:00:00,3.49,1.56,4.9
2025-12-05 11:00:00,4.72,2.12,3.1
2025-12-05 12:00:00,5.42,2.53,3.5
2025-12-05 13:00:00,5.51,2.9,4.0
2025-12-05 14:00:00,4.61,2.09,3.8
2025-12-05 15:00:00,3.94,1.84,4.0
2025-12-05 16:00:00,4.05,2.01,4.1
2025-12-05 17:00:00,4.23,2.33,4.2
2025-12-05 18:00:00,2.85,1.48,3.0
2025-12-05 19:00:00,2.11,0.63,3.0
2025-12-05 20:00:00,1.81,0.28,2.9
2025-12-05 21:00:00,0.85,0.11,3.3
2025-12-05 22:00:00,0.67,0.18,2.6
2025-12-05 23:00:00,1.01,0.43,1.1
2025-12-06 00:00:00,1.39,0.4,0.2
2025-12-06 01:00:00,2.21,0.97,-1.0
2025-12-06 02:00:00,3.42,1.5,-0.9
2025-12-06 03:00:00,4.59,2.26,0.2
2025-12-06 04:00:00,5.38,2.89,1.1
2025-12-06 05:00:00,4.61,2.94,2.4
2025-12-06 06:00:00,5.15,3.65,3.5
2025-12-06 07:00:00,6.03,4.28,5.0
2025-12-06 08:00:00,5.67,4.03,5.3
2025-12-06 09:00:00,3.86,2.59,4.7
2025-12-06 10:00:00,2.33,0.71,3.0
2025-12-06 11:00:00,1.73,0.11,1.1
2025-12-06 12:00:00,3.69,1.48,0.4
2025-12-06 13:00:00,3.98,1.61,0.1
2025-12-06 14:00:00,5.65,2.22,0.5
2025-12-06 15:00:00,5.75,2.17,0.5
2025-12-06 16:00:00,5.09,1.85,0.2
2025-12-06 17:00:00,5.1,1.86,-0.1
2025-12-06 18:00:00,6.22,2.35,-0.2
2025-12-06 19:00:00,5.93,2.16,-1.2
2025-12-06 20:00:00,5.77,2.13,-1.6
2025-12-06 21:00:00,5.72,2.21,-2.1
2025-12-06 22:00:00,5.83,2.3,-2.1
2025-12-06 23:00:00,6.11,2.43,-2.1
2025-12-07 00:00:00,7.39,3.4,-1.8
2025-12-07 01:00:00,7.77,3.66,-2.1
2025-12-07 02:00:00,7.92,3.82,-2.2
2025-12-07 03:00:00,7.22,3.49,-1.4
2025-12-07 04:00:00,5.66,3.51,1.3
2025-12-07 05:00:00,5.99,3.68,3.2
2025-12-07 06:00:00,7.16,4.71,4.8
2025-12-07 07:00:00,5.19,3.7,5.6
2025-12-07 08:00:00,3.98,2.76,5.2
2025-12-07 09:00:00,2.16,0.9,4.5
2025-12-07 10:00:00,0.81,0.18,3.6
2025-12-07 11:00:00,0.82,0.11,2.4
2025-12-07 12:00:00,1.68,0.94,1.2
2025-12-07 13:00:00,0.74,0.39,1.5
2025-12-07 14:00:00,1.81,0.64,0.9
2025-12-07 15:00:00,1.88,0.64,0.4
2025-12-07 16:00:00,1.07,0.7,-0.2
2025-12-07 17:00:00,0.87,0.34,-0.5
2025-12-07 18:00:00,1.35,0.32,-0.1
2025-12-07 19:00:00,2.52,1.19,-1.2
2025-12-07 20:00:00,3.76,1.44,-1.6
2025-12-07 21:00:00,4.5,1.83,-0.9
2025-12-07 22:00:00,5.77,2.43,-1.0
2025-12-07 23:00:00,7.62,3.56,-1.0
2025-12-08 00:00:00,7.61,3.38,-0.8
2025-12-08 01:00:00,7.67,3.61,-1.6
2025-12-08 02:00:00,7.52,3.02,-1.9
2025-12-08 03:00:00,4.77,1.46,-0.9
2025-12-08 04:00:00,2.66,0.81,1.0
2025-12-08 05:00:00,1.7,0.95,2.7
2025-12-08 06:00:00,3.46,2.16,4.8
2025-12-08 07:00:00,5.03,3.74,6.0
2025-12-08 08:00:00,4.54,3.18,5.0
2025-12-08 09:00:00,0.54,0.35,5.1
2025-12-08 10:00:00,6.55,3.47,4.9
2025-12-08 11:00:00,9.78,5.89,1.8
2025-12-08 12:00:00,10.31,6.17,0.7
2025-12-08 13:00:00,9.76,5.8,0.8
2025-12-08 14:00:00,8.61,5.09,0.9
2025-12-08 15:00:00,8.12,4.64,0.5
2025-12-08 16:00:00,6.99,4.0,0.9
2025-12-08 17:00:00,7.7,4.45,1.2
2025-12-08 18:00:00,8.2,4.7,1.9
2025-12-08 19:00:00,7.57,4.15,1.9
2025-12-08 20:00:00,6.75,3.68,2.0
2025-12-08 21:00:00,5.37,2.63,1.9
2025-12-08 22:00:00,3.67,1.55,1.4
2025-12-08 23:00:00,2.55,1.38,0.5
2025-12-09 00:00:00,0.92,0.91,-1.6
2025-12-09 01:00:00,1.13,0.21,-1.8
2025-12-09 02:00:00,1.25,0.83,-1.5
2025-12-09 03:00:00,3.66,2.36,-1.3
2025-12-09 04:00:00,5.52,3.36,0.5
2025-12-09 05:00:00,7.19,4.19,1.5
2025-12-09 06:00:00,8.77,5.7,2.5
2025-12-09 07:00:00,9.86,6.92,3.4
2025-12-09 08:00:00,10.02,7.04,3.8
2025-12-09 09:00:00,9.05,6.27,3.8
2025-12-09 10:00:00,8.48,5.31,3.1
2025-12-09 11:00:00,8.03,4.54,2.2
2025-12-09 12:00:00,7.16,3.88,1.2
2025-12-09 13:00:00,6.4,3.12,0.8
2025-12-09 14:00:00,5.62,2.89,0.0
2025-12-09 15:00:00,4.2,2.07,-0.3
2025-12-09 16:00:00,2.72,1.24,-0.7
2025-12-09 17:00:00,0.9,0.9,-1.0
2025-12-09 18:00:00,5.76,2.84,-0.4
2025-12-09 19:00:00,5.84,2.82,-0.4
2025-12-09 20:00:00,8.72,4.79,0.1
2025-12-09 21:00:00,10.04,6.07,0.4
2025-12-09 22:00:00,12.81,8.12,-0.1
2025-12-09 23:00:00,13.34,8.53,-0.6
2025-12-10 00:00:00,11.52,7.6,-1.1
2025-12-10 01:00:00,11.97,7.75,-2.0
2025-12-10 02:00:00,12.04,7.87,-3.4
2025-12-10 03:00:00,11.58,7.59,-4.2
2025-12-10 04:00:00,11.02,7.58,-4.7
2025-12-10 05:00:00,10.86,7.62,-4.9
2025-12-10 06:00:00,10.77,7.78,-5.3
2025-12-10 07:00:00,9.14,6.67,-5.4
2025-12-10 08:00:00,8.41,6.25,-5.1
2025-12-10 09:00:00,9.63,6.53,-4.9
2025-12-10 10:00:00,11.31,7.31,-5.1
2025-12-10 11:00:00,12.63,8.21,-6.5
2025-12-10 12:00:00,13.35,8.63,-8.3
2025-12-10 13:00:00,13.09,8.45,-9.2
2025-12-10 14:00:00,11.74,7.83,-10.2
2025-12-10 15:00:00,10.08,6.41,-11.0
2025-12-10 16:00:00,10.3,5.72,-11.0
2025-12-10 17:00:00,9.84,5.89,-11.3
2025-12-10 18:00:00,8.91,4.99,-10.4
2025-12-10 19:00:00,8.21,4.47,-12.0
2025-12-10 20:00:00,7.4,3.72,-11.6
2025-12-10 21:00:00,6.87,3.24,-10.7
2025-12-10 22:00:00,4.66,1.88,-11.3
2025-12-10 23:00:00,1.95,0.51,-11.8
2025-12-11 00:00:00,1.4,0.99,-12.9
2025-12-11 01:00:00,5.06,2.8,-13.4
2025-12-11 02:00:00,7.57,4.12,-13.7
2025-12-11 03:00:00,8.9,4.73,-12.6
2025-12-11 04:00:00,9.95,5.66,-10.8
2025-12-11 05:00:00,11.37,6.84,-9.3
2025-12-11 06:00:00,12.71,7.98,-7.0
2025-12-11 07:00:00,12.53,7.88,-6.4
2025-12-11 08:00:00,12.61,8.19,-5.7
2025-12-11 09:00:00,12.57,8.14,-5.7
2025-12-11 10:00:00,12.31,7.55,-5.8
2025-12-11 11:00:00,12.37,7.45,-6.5
2025-12-11 12:00:00,12.55,7.51,-6.8
2025-12-11 13:00:00,11.75,6.92,-7.0
2025-12-11 14:00:00,11.57,6.84,-6.9
2025-12-11 15:00:00,11.45,6.76,-7.3
2025-12-11 16:00:00,11.62,6.71,-7.8
2025-12-11 17:00:00,11.45,6.5,-8.1
2025-12-11 18:00:00,12.2,7.06,-8.3
2025-12-11 19:00:00,11.66,6.59,-8.4
2025-12-11 20:00:00,11.62,6.56,-8.3
2025-12-11 21:00:00,11.67,6.53,-7.5
2025-12-11 22:00:00,11.47,6.33,-6.8
2025-12-11 23:00:00,10.94,6.05,-6.4
2025-12-12 00:00:00,9.75,5.58,-6.5
2025-12-12 01:00:00,9.55,5.13,-6.6
2025-12-12 02:00:00,10.01,5.41,-6.5
2025-12-12 03:00:00,10.11,5.35,-6.0
2025-12-12 04:00:00,9.43,5.06,-3.8
2025-12-12 05:00:00,9.95,5.58,-1.9
2025-12-12 06:00:00,9.83,5.41,1.0
2025-12-12 07:00:00,10.16,5.41,1.8
2025-12-12 08:00:00,10.55,5.17,1.7
2025-12-12 09:00:00,10.07,5.43,1.8
2025-12-12 10:00:00,9.8,4.98,1.0
2025-12-12 11:00:00,9.13,4.57,-0.9
2025-12-12 12:00:00,8.45,4.38,-2.0
2025-12-12 13:00:00,9.05,4.5,-2.3
2025-12-12 14:00:00,9.01,4.55,-2.1
2025-12-12 15:00:00,9.02,4.6,-1.5
2025-12-12 16:00:00,8.92,4.4,-1.6
2025-12-12 17:00:00,9.63,4.93,-0.6
2025-12-12 18:00:00,9.98,5.14,-0.2
2025-12-12 19:00:00,9.19,4.38,-0.6
2025-12-12 20:00:00,7.0,2.8,-1.3
2025-12-12 21:00:00,1.91,1.14,-0.6
2025-12-12 22:00:00,2.55,1.77,0.1
2025-12-12 23:00:00,1.46,0.52,0.7
2025-12-13 00:00:00,4.37,2.96,0.6
2025-12-13 01:00:00,4.2,2.0,1.7
2025-12-13 02:00:00,1.93,0.32,1.1
2025-12-13 03:00:00,1.62,1.05,0.1
2025-12-13 04:00:00,3.71,1.51,2.7
2025-12-13 05:00:00,5.61,1.8,3.2
2025-12-13 06:00:00,7.34,4.02,5.9
2025-12-13 07:00:00,7.57,3.0,6.0
2025-12-13 08:00:00,6.38,2.3,4.5
2025-12-13 09:00:00,5.93,2.18,3.9
2025-12-13 10:00:00,6.37,2.63,2.9
2025-12-13 11:00:00,5.43,2.11,1.5
2025-12-13 12:00:00,8.39,3.89,1.9
2025-12-13 13:00:00,9.11,4.22,1.5
2025-12-13 14:00:00,8.85,4.0,1.5
2025-12-13 15:00:00,7.9,3.4,1.0
2025-12-13 16:00:00,6.57,2.46,0.5
2025-12-13 17:00:00,5.74,2.18,0.1
2025-12-13 18:00:00,6.75,2.85,0.7
2025-12-13 19:00:00,6.96,2.71,0.5
2025-12-13 20:00:00,4.74,1.55,-0.5
2025-12-13 21:00:00,2.15,1.53,-0.1
2025-12-13 22:00:00,3.26,1.88,-0.7
2025-12-13 23:00:00,6.44,3.22,-0.7
2025-12-14 00:00:00,4.77,3.28,-0.2
2025-12-14 01:00:00,5.67,3.82,-0.1
2025-12-14 02:00:00,5.93,2.82,0.8
2025-12-14 03:00:00,7.66,3.8,1.5
2025-12-14 04:00:00,8.21,5.05,2.7
2025-12-14 05:00:00,7.8,4.84,3.7
2025-12-14 06:00:00,7.38,4.45,3.6
2025-12-14 07:00:00,6.7,4.55,4.5
2025-12-14 08:00:00,4.61,2.91,6.1
2025-12-14 09:00:00,2.42,1.5,6.6
2025-12-14 10:00:00,2.09,1.12,4.1
2025-12-14 11:00:00,1.64,0.55,1.5
2025-12-14 12:00:00,4.71,2.55,1.0
2025-12-14 13:00:00,7.78,4.37,1.4
2025-12-14 14:00:00,9.33,5.17,1.8
2025-12-14 15:00:00,8.71,4.79,0.9
2025-12-14 16:00:00,8.29,4.74,0.6
2025-12-14 17:00:00,8.63,4.98,0.5
2025-12-14 18:00:00,8.73,5.14,0.8
2025-12-14 19:00:00,9.28,5.27,0.8
2025-12-14 20:00:00,9.38,5.29,1.0
2025-12-14 21:00:00,7.66,4.17,1.0
2025-12-14 22:00:00,4.78,2.1,-0.1
2025-12-14 23:00:00,1.35,0.96,-0.3
2025-12-15 00:00:00,5.89,3.36,1.3
2025-12-15 01:00:00,5.35,3.4,2.3
2025-12-15 02:00:00,6.96,3.34,2.3
2025-12-15 03:00:00,6.59,3.87,1.5
2025-12-15 04:00:00,6.77,4.2,2.8
2025-12-15 05:00:00,8.74,5.44,4.0
2025-12-15 06:00:00,13.22,8.62,3.6
2025-12-15 07:00:00,14.36,9.21,2.2
2025-12-15 08:00:00,13.45,8.7,3.1
2025-12-15 09:00:00,11.88,7.7,3.1
2025-12-15 10:00:00,12.28,7.9,2.1
2025-12-15 11:00:00,12.5,7.81,0.8
2025-12-15 12:00:00,11.18,6.8,0.2
2025-12-15 13:00:00,11.52,7.04,0.2
2025-12-15 14:00:00,10.65,6.59,0.5
2025-12-15 15:00:00,9.5,5.73,0.5
2025-12-15 16:00:00,7.4,4.2,0.7
2025-12-15 17:00:00,5.46,2.7,0.8
2025-12-15 18:00:00,2.8,1.25,0.8
2025-12-15 19:00:00,0.42,0.07,-0.2
2025-12-15 20:00:00,1.06,0.67,-0.3
2025-12-15 21:00:00,1.43,0.87,-0.8
2025-12-15 22:00:00,3.0,1.79,-1.1
2025-12-15 23:00:00,5.36,2.55,-1.0
2025-12-16 00:00:00,5.26,2.5,-0.7
2025-12-16 01:00:00,6.29,2.95,-1.9
2025-12-16 02:00:00,7.37,3.71,-1.8
2025-12-16 03:00:00,6.84,3.7,-1.5
2025-12-16 04:00:00,6.94,4.08,0.9
2025-12-16 05:00:00,6.88,4.94,3.0
2025-12-16 06:00:00,7.54,5.64,4.1
2025-12-16 07:00:00,7.81,5.88,4.6
2025-12-16 08:00:00,6.92,5.16,5.0
2025-12-16 09:00:00,5.97,4.33,5.1
2025-12-16 10:00:00,5.53,2.88,4.0
2025-12-16 11:00:00,5.25,2.13,1.3
2025-12-16 12:00:00,3.65,1.23,0.1
2025-12-16 13:00:00,2.49,1.0,0.1
2025-12-16 14:00:00,2.15,1.15,-0.2
2025-12-16 15:00:00,1.73,1.1,-0.5
2025-12-16 16:00:00,0.9,0.85,-0.2
2025-12-16 17:00:00,0.83,0.47,0.4
2025-12-16 18:00:00,1.33,0.61,1.3
2025-12-16 19:00:00,1.43,0.45,0.6
2025-12-16 20:00:00,2.66,1.54,-0.4
2025-12-16 21:00:00,4.81,2.15,0.0
2025-12-16 22:00:00,5.14,2.26,0.6
2025-12-16 23:00:00,2.52,0.95,0.0
2025-12-17 00:00:00,3.07,1.87,0.1
2025-12-17 01:00:00,4.19,1.84,0.1
2025-12-17 02:00:00,4.39,1.84,0.5
2025-12-17 03:00:00,4.58,2.1,1.4
2025-12-17 04:00:00,4.3,2.37,3.8
2025-12-17 05:00:00,3.6,1.96,5.5
2025-12-17 06:00:00,0.96,0.36,5.8
2025-12-17 07:00:00,0.97,0.99,6.1
2025-12-17 08:00:00,1.55,1.03,5.5
2025-12-17 09:00:00,2.83,1.35,5.1
2025-12-17 10:00:00,3.42,1.54,3.9
2025-12-17 11:00:00,5.39,2.9,3.0
2025-12-17 12:00:00,5.95,3.72,2.3
2025-12-17 13:00:00,6.34,3.6,2.1
2025-12-17 14:00:00,7.63,4.37,1.9
2025-12-17 15:00:00,8.83,5.19,1.2
2025-12-17 16:00:00,8.93,5.29,1.0
2025-12-17 17:00:00,8.14,4.92,0.8
2025-12-17 18:00:00,7.62,4.5,0.2
2025-12-17 19:00:00,7.15,4.37,-0.2
2025-12-17 20:00:00,7.2,4.58,-0.4
2025-12-17 21:00:00,6.86,4.21,-0.5
2025-12-17 22:00:00,6.11,3.5,-0.3
2025-12-17 23:00:00,5.92,3.51,-0.3
2025-12-18 00:00:00,5.79,3.43,-0.2
2025-12-18 01:00:00,6.12,3.64,-0.5
2025-12-18 02:00:00,5.7,3.07,-0.6
2025-12-18 03:00:00,4.84,2.62,-0.1
2025-12-18 04:00:00,5.02,2.79,0.7
2025-12-18 05:00:00,4.4,2.97,1.3
2025-12-18 06:00:00,6.2,4.38,1.5
2025-12-18 07:00:00,7.51,5.18,1.1
2025-12-18 08:00:00,7.74,5.49,0.9
2025-12-18 09:00:00,8.11,5.45,0.9
2025-12-18 10:00:00,8.03,5.38,0.8
2025-12-18 11:00:00,8.33,5.33,0.2
2025-12-18 12:00:00,8.68,5.46,-0.9
2025-12-18 13:00:00,8.73,5.38,-0.9
2025-12-18 14:00:00,9.05,5.55,-1.0
2025-12-18 15:00:00,8.89,5.55,-1.1
2025-12-18 16:00:00,8.45,5.22,-1.1
2025-12-18 17:00:00,8.22,5.02,-1.0
2025-12-18 18:00:00,7.16,4.49,-1.7
2025-12-18 19:00:00,6.75,3.82,-2.7
2025-12-18 20:00:00,6.69,3.76,-2.4
2025-12-18 21:00:00,6.3,3.29,-2.2
2025-12-18 22:00:00,6.39,3.31,-2.0
2025-12-18 23:00:00,5.74,2.68,-1.9
2025-12-19 00:00:00,4.65,2.59,-2.0
2025-12-19 01:00:00,2.8,1.23,-2.2
2025-12-19 02:00:00,1.75,0.38,-2.8
2025-12-19 03:00:00,1.03,1.13,-2.0
2025-12-19 04:00:00,3.02,2.21,-1.8
2025-12-19 05:00:00,3.58,2.82,-1.3
2025-12-19 06:00:00,4.72,3.67,-0.4
2025-12-19 07:00:00,6.4,4.88,0.7
2025-12-19 08:00:00,7.09,5.27,1.0
2025-12-19 09:00:00,8.24,5.74,0.7
2025-12-19 10:00:00,8.81,5.61,0.4
2025-12-19 11:00:00,8.33,4.63,-0.8
2025-12-19 12:00:00,8.18,4.71,-1.3
2025-12-19 13:00:00,8.6,4.89,-2.0
2025-12-19 14:00:00,8.73,5.09,-1.6
2025-12-19 15:00:00,8.7,5.28,-0.7
2025-12-19 16:00:00,8.65,5.27,-0.8
2025-12-19 17:00:00,8.88,5.39,-0.8
2025-12-19 18:00:00,9.27,5.68,-0.9
2025-12-19 19:00:00,9.23,5.59,-0.8
2025-12-19 20:00:00,9.35,5.65,-0.8
2025-12-19 21:00:00,9.28,5.64,-1.0
2025-12-19 22:00:00,8.86,5.23,-1.2
2025-12-19 23:00:00,7.27,4.13,-1.4
2025-12-20 00:00:00,6.49,3.74,-1.2
2025-12-20 01:00:00,5.37,2.72,-1.8
2025-12-20 02:00:00,4.63,2.12,-2.4
2025-12-20 03:00:00,4.5,2.0,-2.1
2025-12-20 04:00:00,4.48,1.74,-0.9
2025-12-20 05:00:00,4.74,2.48,1.3
2025-12-20 06:00:00,6.18,4.53,2.8
2025-12-20 07:00:00,5.88,4.37,3.9
2025-12-20 08:00:00,6.11,4.42,4.5
2025-12-20 09:00:00,5.6,3.76,4.3
2025-12-20 10:00:00,4.88,2.42,2.7
2025-12-20 11:00:00,2.69,0.57,1.0
2025-12-20 12:00:00,0.14,0.29,0.2
2025-12-20 13:00:00,2.93,1.53,-0.4
2025-12-20 14:00:00,5.46,2.69,-0.5
2025-12-20 15:00:00,3.87,1.66,-0.9
2025-12-20 16:00:00,3.01,1.1,-1.7
2025-12-20 17:00:00,3.46,1.39,-0.8
2025-12-20 18:00:00,5.43,2.73,0.2
2025-12-20 19:00:00,5.39,2.73,-0.5
2025-12-20 20:00:00,5.26,1.94,-1.0
2025-12-20 21:00:00,7.98,4.33,-0.9
2025-12-20 22:00:00,7.73,4.31,-0.4
2025-12-20 23:00:00,7.69,4.39,-0.6
2025-12-21 00:00:00,8.67,5.03,-1.3
2025-12-21 01:00:00,8.04,4.46,-1.2
2025-12-21 02:00:00,7.74,4.25,-1.2
2025-12-21 03:00:00,7.75,4.64,-0.7
2025-12-21 04:00:00,6.85,3.95,0.5
2025-12-21 05:00:00,5.8,4.25,0.4
2025-12-21 06:00:00,5.43,4.14,0.1
2025-12-21 07:00:00,5.48,4.14,0.1
2025-12-21 08:00:00,5.12,3.8,0.2
2025-12-21 09:00:00,5.55,3.75,0.2
2025-12-21 10:00:00,5.28,3.57,-0.1
2025-12-21 11:00:00,6.09,3.7,-0.6
2025-12-21 12:00:00,8.43,4.92,-0.8
2025-12-21 13:00:00,8.02,4.79,-0.6
2025-12-21 14:00:00,7.79,4.7,-0.4
2025-12-21 15:00:00,7.52,4.49,-0.4
2025-12-21 16:00:00,6.58,3.8,-0.5
2025-12-21 17:00:00,6.5,3.73,-0.9
2025-12-21 18:00:00,6.12,3.99,-1.0
2025-12-21 19:00:00,5.94,3.74,-1.1
2025-12-21 20:00:00,3.7,1.57,-1.3
2025-12-21 21:00:00,2.6,0.64,-2.4
2025-12-21 22:00:00,3.41,2.47,-1.7
2025-12-21 23:00:00,2.91,2.15,-1.8
2025-12-22 00:00:00,1.85,1.68,-2.3
2025-12-22 01:00:00,1.3,0.99,-3.1
2025-12-22 02:00:00,4.37,1.8,-3.8
2025-12-22 03:00:00,5.61,2.66,-4.3
2025-12-22 04:00:00,4.48,2.8,-2.8
2025-12-22 05:00:00,6.01,3.57,-0.7
2025-12-22 06:00:00,7.9,5.78,0.9
2025-12-22 07:00:00,8.38,5.79,1.2
2025-12-22 08:00:00,8.45,5.82,1.0
2025-12-22 09:00:00,8.17,5.37,1.3
2025-12-22 10:00:00,7.73,4.59,0.6
2025-12-22 11:00:00,7.15,4.03,-0.8
2025-12-22 12:00:00,6.83,3.59,-2.4
2025-12-22 13:00:00,6.02,2.73,-3.1
2025-12-22 14:00:00,4.54,1.76,-3.7
2025-12-22 15:00:00,2.26,0.75,-4.3
2025-12-22 16:00:00,1.59,0.97,-4.6
2025-12-22 17:00:00,1.63,0.72,-4.8
2025-12-22 18:00:00,2.95,1.29,-4.7
2025-12-22 19:00:00,4.33,1.74,-4.6
2025-12-22 20:00:00,3.45,1.32,-5.1
2025-12-22 21:00:00,2.65,0.85,-4.8
2025-12-22 22:00:00,1.09,0.4,-6.2
2025-12-22 23:00:00,0.71,0.67,-6.3
2025-12-23 00:00:00,2.38,0.91,-5.0
2025-12-23 01:00:00,0.85,0.76,-5.1
2025-12-23 02:00:00,0.35,0.86,-5.7
2025-12-23 03:00:00,0.83,0.63,-5.8
2025-12-23 04:00:00,0.86,0.32,-4.5
2025-12-23 05:00:00,0.4,0.32,-3.4
2025-12-23 06:00:00,1.25,1.15,-3.2
2025-12-23 07:00:00,1.07,0.87,-1.9
2025-12-23 08:00:00,1.56,1.32,-1.1
2025-12-23 09:00:00,1.95,1.55,-0.5
2025-12-23 10:00:00,2.42,1.92,-1.2
2025-12-23 11:00:00,2.82,1.3,-2.7
2025-12-23 12:00:00,2.08,1.11,-4.5
2025-12-23 13:00:00,1.46,0.98,-5.3
2025-12-23 14:00:00,1.75,0.94,-5.0
2025-12-23 15:00:00,1.73,1.01,-4.3
2025-12-23 16:00:00,1.1,0.53,-4.2
2025-12-23 17:00:00,0.46,0.0,-4.2
2025-12-23 18:00:00,1.7,0.56,-4.7
2025-12-23 19:00:00,2.76,1.15,-5.1
2025-12-23 20:00:00,3.87,2.06,-4.9
2025-12-23 21:00:00,4.39,2.35,-5.2
2025-12-23 22:00:00,4.36,2.15,-5.3
2025-12-23 23:00:00,4.28,2.15,-5.5
2025-12-24 00:00:00,4.38,2.21,-5.1
2025-12-24 01:00:00,4.54,2.36,-5.3
2025-12-24 02:00:00,4.96,2.44,-5.3
2025-12-24 03:00:00,4.83,2.58,-4.8
2025-12-24 04:00:00,4.72,2.77,-3.5
2025-12-24 05:00:00,4.23,3.0,-2.2
2025-12-24 06:00:00,4.34,3.3,-0.7
2025-12-24 07:00:00,4.12,3.11,0.3
2025-12-24 08:00:00,4.41,3.34,1.2
2025-12-24 09:00:00,4.63,3.41,1.2
2025-12-24 10:00:00,4.98,3.3,0.3
2025-12-24 11:00:00,5.15,2.33,-1.5
2025-12-24 12:00:00,4.19,1.68,-1.9
2025-12-24 13:00:00,5.03,2.17,-1.4
2025-12-24 14:00:00,5.9,2.77,-2.0
2025-12-24 15:00:00,6.53,3.12,-2.0
2025-12-24 16:00:00,7.03,3.49,-1.9
2025-12-24 17:00:00,7.52,3.72,-2.2
2025-12-24 18:00:00,7.23,3.45,-2.4
2025-12-24 19:00:00,8.01,3.88,-3.2
2025-12-24 20:00:00,8.45,4.27,-3.5
2025-12-24 21:00:00,9.01,4.72,-3.9
2025-12-24 22:00:00,9.62,5.19,-4.0
2025-12-24 23:00:00,9.99,5.45,-4.1
2025-12-25 00:00:00,10.13,5.66,-4.0
2025-12-25 01:00:00,10.09,5.58,-4.3
2025-12-25 02:00:00,9.49,5.21,-4.2
2025-12-25 03:00:00,9.27,5.21,-3.7
2025-12-25 04:00:00,8.98,5.19,-1.6
2025-12-25 05:00:00,8.75,5.18,1.0
2025-12-25 06:00:00,9.01,6.2,3.1
2025-12-25 07:00:00,9.55,6.73,4.5
2025-12-25 08:00:00,9.24,6.49,5.0
2025-12-25 09:00:00,9.24,5.95,5.0
2025-12-25 10:00:00,9.14,5.5,4.1
2025-12-25 11:00:00,8.48,4.55,1.2
2025-12-25 12:00:00,8.32,4.3,-0.5
2025-12-25 13:00:00,8.24,4.35,-1.5
2025-12-25 14:00:00,7.92,4.0,-1.8
2025-12-25 15:00:00,7.33,3.5,-1.6
2025-12-25 16:00:00,6.56,3.11,-1.8
2025-12-25 17:00:00,6.51,3.06,-2.0
2025-12-25 18:00:00,7.16,3.2,-2.1
2025-12-25 19:00:00,7.41,3.57,-1.8
2025-12-25 20:00:00,7.59,3.58,-2.2
2025-12-25 21:00:00,7.31,3.35,-2.4
2025-12-25 22:00:00,6.77,3.03,-2.6
2025-12-25 23:00:00,6.51,2.75,-2.9
2025-12-26 00:00:00,3.51,1.0,-3.6
2025-12-26 01:00:00,2.76,2.09,-2.8
2025-12-26 02:00:00,1.86,1.03,-3.3
2025-12-26 03:00:00,2.09,1.41,-1.1
2025-12-26 04:00:00,4.65,2.66,1.6
2025-12-26 05:00:00,2.04,1.3,2.9
2025-12-26 06:00:00,3.64,3.05,5.0
2025-12-26 07:00:00,5.23,3.49,7.3
2025-12-26 08:00:00,5.71,2.86,7.2
2025-12-26 09:00:00,5.62,3.36,5.9
2025-12-26 10:00:00,6.31,3.56,4.3
2025-12-26 11:00:00,7.5,4.17,3.5
2025-12-26 12:00:00,8.56,4.59,3.5
2025-12-26 13:00:00,9.45,5.62,2.5
2025-12-26 14:00:00,8.32,5.0,1.1
2025-12-26 15:00:00,6.59,3.69,1.0
2025-12-26 16:00:00,6.08,3.45,0.6
2025-12-26 17:00:00,4.23,2.07,0.4
2025-12-26 18:00:00,2.48,1.46,-0.4
2025-12-26 19:00:00,3.47,1.7,-0.5
2025-12-26 20:00:00,2.65,1.09,-0.5
2025-12-26 21:00:00,0.92,0.34,-0.3
2025-12-26 22:00:00,0.67,0.34,-0.1
2025-12-26 23:00:00,3.22,1.69,-0.7
2025-12-27 00:00:00,2.9,1.19,-2.3
2025-12-27 01:00:00,3.67,1.47,-2.5
2025-12-27 02:00:00,5.17,2.5,-2.8
2025-12-27 03:00:00,6.78,3.71,-2.3
2025-12-27 04:00:00,7.98,4.65,-0.5
2025-12-27 05:00:00,8.53,6.13,1.3
2025-12-27 06:00:00,9.25,6.74,1.8
2025-12-27 07:00:00,8.83,6.49,2.5
2025-12-27 08:00:00,7.4,5.49,3.3
2025-12-27 09:00:00,6.19,4.59,3.5
2025-12-27 10:00:00,5.86,3.8,2.8
2025-12-27 11:00:00,5.4,2.55,0.4
2025-12-27 12:00:00,5.09,2.4,-1.3
2025-12-27 13:00:00,4.48,2.07,-2.3
2025-12-27 14:00:00,3.91,1.56,-3.0
2025-12-27 15:00:00,3.21,1.37,-2.9
2025-12-27 16:00:00,3.13,1.45,-2.9
2025-12-27 17:00:00,4.1,1.77,-3.1
2025-12-27 18:00:00,4.75,2.47,-2.9
2025-12-27 19:00:00,5.85,2.99,-3.8
2025-12-27 20:00:00,6.38,3.24,-4.1
2025-12-27 21:00:00,7.13,3.42,-4.2
2025-12-27 22:00:00,7.69,3.8,-3.9
2025-12-27 23:00:00,7.96,3.91,-4.0
2025-12-28 00:00:00,7.36,3.85,-3.9
2025-12-28 01:00:00,7.85,4.12,-4.1
2025-12-28 02:00:00,7.42,3.75,-4.4
2025-12-28 03:00:00,7.59,4.1,-4.0
2025-12-28 04:00:00,6.98,3.96,-1.3
2025-12-28 05:00:00,7.42,4.85,1.3
2025-12-28 06:00:00,8.13,5.82,2.8
2025-12-28 07:00:00,8.58,6.14,3.9
2025-12-28 08:00:00,8.28,5.93,4.6
2025-12-28 09:00:00,8.06,5.61,4.7
2025-12-28 10:00:00,8.36,5.38,3.7
2025-12-28 11:00:00,7.85,4.16,1.5
2025-12-28 12:00:00,7.63,3.32,-0.3
2025-12-28 13:00:00,6.61,2.64,-0.9
2025-12-28 14:00:00,6.04,2.25,-1.2
2025-12-28 15:00:00,5.08,1.81,-1.7
2025-12-28 16:00:00,5.35,1.91,-1.9
2025-12-28 17:00:00,5.6,2.23,-1.9
2025-12-28 18:00:00,6.57,2.85,-1.1
2025-12-28 19:00:00,6.02,2.61,-1.0
2025-12-28 20:00:00,5.57,2.39,-0.6
2025-12-28 21:00:00,6.41,2.9,-0.6
2025-12-28 22:00:00,7.45,3.4,-0.9
2025-12-28 23:00:00,7.02,3.15,-0.9
2025-12-29 00:00:00,7.94,3.83,-0.8
2025-12-29 01:00:00,7.87,3.9,-1.1
2025-12-29 02:00:00,7.22,3.52,-1.6
2025-12-29 03:00:00,7.08,3.61,-1.1
2025-12-29 04:00:00,7.77,4.34,1.2
2025-12-29 05:00:00,7.02,3.82,3.2
2025-12-29 06:00:00,6.07,4.27,4.5
2025-12-29 07:00:00,5.44,4.01,6.2
2025-12-29 08:00:00,6.63,4.6,6.0
2025-12-29 09:00:00,6.92,4.34,6.2
2025-12-29 10:00:00,7.49,4.22,5.3
2025-12-29 11:00:00,7.33,3.42,3.2
2025-12-29 12:00:00,8.05,3.86,1.4
2025-12-29 13:00:00,9.2,4.87,0.9
2025-12-29 14:00:00,9.39,4.84,0.7
2025-12-29 15:00:00,10.06,5.36,0.4
2025-12-29 16:00:00,10.24,5.54,0.3
2025-12-29 17:00:00,10.88,6.01,0.3
2025-12-29 18:00:00,11.12,6.12,0.4
2025-12-29 19:00:00,10.86,5.95,0.8
2025-12-29 20:00:00,10.87,5.94,1.1
2025-12-29 21:00:00,11.38,6.31,1.1
2025-12-29 22:00:00,11.61,6.49,0.9
2025-12-29 23:00:00,11.42,6.44,1.2
2025-12-30 00:00:00,10.02,5.49,1.0
2025-12-30 01:00:00,9.31,5.02,0.4
2025-12-30 02:00:00,9.36,4.96,0.4
2025-12-30 03:00:00,9.64,5.36,1.3
2025-12-30 04:00:00,9.42,5.52,3.2
2025-12-30 05:00:00,10.02,5.75,6.2
2025-12-30 06:00:00,9.76,6.28,8.3
2025-12-30 07:00:00,8.66,6.04,9.0
2025-12-30 08:00:00,9.22,5.89,9.7
2025-12-30 09:00:00,8.53,5.77,9.6
2025-12-30 10:00:00,7.61,4.55,8.1
2025-12-30 11:00:00,5.11,1.95,4.4
2025-12-30 12:00:00,6.3,2.58,2.3
2025-12-30 13:00:00,7.74,3.85,2.5
2025-12-30 14:00:00,8.43,4.18,2.0
2025-12-30 15:00:00,7.98,3.76,1.0
2025-12-30 16:00:00,8.3,3.85,0.6
2025-12-30 17:00:00,7.9,3.66,0.4
2025-12-30 18:00:00,7.51,3.35,0.1
2025-12-30 19:00:00,5.55,1.86,-0.5
2025-12-30 20:00:00,0.71,0.51,-0.5
2025-12-30 21:00:00,1.35,1.18,0.4
2025-12-30 22:00:00,2.51,1.36,0.9
2025-12-30 23:00:00,1.98,0.65,0.9
2025-12-31 00:00:00,1.54,0.95,0.7
2025-12-31 01:00:00,3.41,1.61,-0.3
2025-12-31 02:00:00,4.23,1.94,-0.7
2025-12-31 03:00:00,4.69,2.23,0.3
2025-12-31 04:00:00,4.18,2.36,3.4
2025-12-31 05:00:00,3.21,1.72,6.4
2025-12-31 06:00:00,1.37,0.27,8.3
2025-12-31 07:00:00,0.79,1.44,8.2
2025-12-31 08:00:00,1.94,1.8,6.7
2025-12-31 09:00:00,1.36,0.71,6.2
2025-12-31 10:00:00,1.69,1.14,5.1
2025-12-31 11:00:00,1.9,1.1,3.7
2025-12-31 12:00:00,2.68,0.56,4.0
2025-12-31 13:00:00,1.36,0.38,4.0
2025-12-31 14:00:00,1.79,1.01,2.6
2025-12-31 15:00:00,1.55,0.96,1.8
2025-12-31 16:00:00,2.21,1.39,3.1
2025-12-31 17:00:00,1.97,0.32,3.1
2025-12-31 18:00:00,3.45,1.88,3.2
2025-12-31 19:00:00,6.87,4.19,2.2
2025-12-31 20:00:00,10.81,6.07,3.4
2025-12-31 21:00:00,12.7,8.39,2.0
2025-12-31 22:00:00,12.6,8.24,2.0
2025-12-31 23:00:00,12.29,7.69,1.5
2026-01-01 00:00:00,11.58,7.4,1.4
2026-01-01 01:00:00,10.15,6.19,1.0
2026-01-01 02:00:00,8.67,5.27,0.6
2026-01-01 03:00:00,8.15,5.01,0.7
2026-01-01 04:00:00,5.72,3.59,0.9
2026-01-01 05:00:00,3.94,2.69,1.2
2026-01-01 06:00:00,2.64,2.01,1.4
2026-01-01 07:00:00,1.92,1.62,2.1
2026-01-01 08:00:00,1.33,1.17,2.6
2026-01-01 09:00:00,1.17,1.05,2.7
2026-01-01 10:00:00,1.37,1.25,2.6
2026-01-01 11:00:00,3.61,2.48,1.7
2026-01-01 12:00:00,3.16,1.45,1.0
2026-01-01 13:00:00,2.9,1.55,0.4
2026-01-01 14:00:00,3.05,1.3,0.5
2026-01-01 15:00:00,3.23,1.32,0.4
2026-01-01 16:00:00,2.12,0.63,0.2
2026-01-01 17:00:00,1.25,0.87,0.2
2026-01-01 18:00:00,2.82,1.62,0.1
2026-01-01 19:00:00,1.57,1.0,0.2
2026-01-01 20:00:00,1.46,0.9,0.3
2026-01-01 21:00:00,1.27,0.51,0.3
2026-01-01 22:00:00,0.57,0.22,0.4
2026-01-01 23:00:00,0.85,0.73,0.4
2026-01-02 00:00:00,1.53,1.01,-0.1
2026-01-02 01:00:00,0.72,0.85,-0.2
2026-01-02 02:00:00,0.21,0.47,-0.3
2026-01-02 03:00:00,0.7,0.74,-0.2
2026-01-02 04:00:00,2.82,2.3,0.5
2026-01-02 05:00:00,4.66,3.63,1.3
2026-01-02 06:00:00,6.06,4.65,3.2
2026-01-02 07:00:00,6.64,5.03,3.9
2026-01-02 08:00:00,6.41,4.81,4.0
2026-01-02 09:00:00,5.1,3.82,3.6
2026-01-02 10:00:00,4.6,3.21,2.9
2026-01-02 11:00:00,5.35,2.65,1.1
2026-01-02 12:00:00,4.06,1.94,0.6
2026-01-02 13:00:00,5.15,2.93,0.6
2026-01-02 14:00:00,5.55,3.05,0.3
2026-01-02 15:00:00,5.27,2.64,0.3
2026-01-02 16:00:00,6.18,2.86,-0.3
2026-01-02 17:00:00,6.82,3.23,-0.5
2026-01-02 18:00:00,5.96,2.44,-0.2
2026-01-02 19:00:00,5.01,1.82,-0.8
2026-01-02 20:00:00,4.54,1.67,-1.3
2026-01-02 21:00:00,4.36,1.71,-1.3
2026-01-02 22:00:00,4.65,1.7,-1.4
2026-01-02 23:00:00,5.09,2.11,-1.5
2026-01-03 00:00:00,4.38,1.76,-1.8
2026-01-03 01:00:00,3.61,1.36,-2.2
2026-01-03 02:00:00,4.38,2.1,-2.5
2026-01-03 03:00:00,5.63,3.03,-2.3
2026-01-03 04:00:00,5.94,3.78,0.0
2026-01-03 05:00:00,5.78,3.93,1.8
2026-01-03 06:00:00,6.26,4.63,3.1
2026-01-03 07:00:00,6.25,4.65,3.8
2026-01-03 08:00:00,5.98,4.4,4.1
2026-01-03 09:00:00,5.73,4.06,4.1
2026-01-03 10:00:00,5.89,3.53,3.4
2026-01-03 11:00:00,6.29,2.76,1.4
2026-01-03 12:00:00,5.81,2.14,-0.3
2026-01-03 13:00:00,5.9,2.31,0.1
2026-01-03 14:00:00,5.84,2.42,0.0
2026-01-03 15:00:00,5.93,2.38,0.1
2026-01-03 16:00:00,5.17,2.01,0.4
2026-01-03 17:00:00,5.5,2.11,0.2
2026-01-03 18:00:00,5.29,2.08,-0.1
2026-01-03 19:00:00,6.11,2.67,-0.7
2026-01-03 20:00:00,6.04,2.67,-1.2
2026-01-03 21:00:00,6.32,2.75,-1.0
2026-01-03 22:00:00,6.35,2.6,-0.7
2026-01-03 23:00:00,6.2,2.76,-0.4
2026-01-04 00:00:00,6.1,2.57,-0.6
2026-01-04 01:00:00,5.52,2.2,-1.4
2026-01-04 02:00:00,4.28,1.68,-1.8
2026-01-04 03:00:00,3.53,1.57,-0.9
2026-01-04 04:00:00,0.67,0.3,1.6
2026-01-04 05:00:00,1.27,0.55,2.5
2026-01-04 06:00:00,2.3,1.72,4.9
2026-01-04 07:00:00,3.41,2.65,5.6
2026-01-04 08:00:00,3.52,2.73,5.8
2026-01-04 09:00:00,3.16,2.41,5.6
2026-01-04 10:00:00,3.11,1.25,4.4
2026-01-04 11:00:00,4.05,1.75,1.3
2026-01-04 12:00:00,5.43,2.45,-0.1
2026-01-04 13:00:00,6.63,3.22,0.6
2026-01-04 14:00:00,6.06,2.75,0.5
2026-01-04 15:00:00,5.22,2.17,0.1
2026-01-04 16:00:00,4.81,1.92,-0.3
2026-01-04 17:00:00,4.72,1.74,-0.7
2026-01-04 18:00:00,2.73,0.68,-0.4
2026-01-04 19:00:00,2.62,0.56,0.1
2026-01-04 20:00:00,3.07,0.69,-0.4
2026-01-04 21:00:00,3.72,1.23,-0.5
2026-01-04 22:00:00,3.87,1.35,-0.2
2026-01-04 23:00:00,4.11,1.46,0.4
2026-01-05 00:00:00,0.49,0.45,-0.1
2026-01-05 01:00:00,0.76,0.9,0.1
2026-01-05 02:00:00,0.76,0.89,-0.7
2026-01-05 03:00:00,1.15,1.5,-0.8
2026-01-05 04:00:00,1.9,1.5,-0.1
2026-01-05 05:00:00,2.04,1.54,0.5
2026-01-05 06:00:00,2.8,2.31,0.3
2026-01-05 07:00:00,1.93,1.67,0.5
2026-01-05 08:00:00,0.52,0.47,1.0
2026-01-05 09:00:00,0.62,0.36,1.5
2026-01-05 10:00:00,0.68,0.11,1.7
2026-01-05 11:00:00,0.78,0.76,0.5
2026-01-05 12:00:00,2.34,1.43,-1.4
2026-01-05 13:00:00,4.22,2.02,-0.9
2026-01-05 14:00:00,5.28,2.21,-1.1
2026-01-05 15:00:00,6.59,2.98,-1.1
2026-01-05 16:00:00,6.53,2.94,-1.6
2026-01-05 17:00:00,6.64,2.91,-2.2
2026-01-05 18:00:00,5.46,2.4,-2.6
2026-01-05 19:00:00,5.57,2.55,-2.8
2026-01-05 20:00:00,5.81,2.93,-2.5
2026-01-05 21:00:00,7.05,3.92,-1.5
2026-01-05 22:00:00,7.27,4.07,-1.1
2026-01-05 23:00:00,7.99,4.57,-1.0
2026-01-06 00:00:00,7.84,4.85,-1.4
2026-01-06 01:00:00,8.21,5.02,-1.3
2026-01-06 02:00:00,8.93,5.47,-1.4
2026-01-06 03:00:00,9.59,6.05,-1.4
2026-01-06 04:00:00,10.77,6.24,-0.1
2026-01-06 05:00:00,11.07,7.53,2.0
2026-01-06 06:00:00,12.49,8.83,3.4
2026-01-06 07:00:00,12.91,9.22,4.8
2026-01-06 08:00:00,12.22,8.72,5.5
2026-01-06 09:00:00,10.3,7.24,5.3
2026-01-06 10:00:00,8.84,5.78,4.3
2026-01-06 11:00:00,8.84,4.87,1.8
2026-01-06 12:00:00,8.75,4.47,-0.1
2026-01-06 13:00:00,8.59,4.29,-0.9
2026-01-06 14:00:00,8.82,4.46,-1.1
2026-01-06 15:00:00,8.37,4.12,-1.3
2026-01-06 16:00:00,6.13,2.75,-2.0
2026-01-06 17:00:00,3.26,1.74,-3.0
2026-01-06 18:00:00,3.31,1.91,-3.7
2026-01-06 19:00:00,3.26,1.73,-4.5
2026-01-06 20:00:00,3.64,1.53,-4.1
2026-01-06 21:00:00,3.15,1.17,-4.1
2026-01-06 22:00:00,2.66,1.1,-3.5
2026-01-06 23:00:00,1.91,1.27,-3.0
2026-01-07 00:00:00,2.8,1.0,-4.2
2026-01-07 01:00:00,1.7,0.32,-4.1
2026-01-07 02:00:00,1.78,0.28,-4.0
2026-01-07 03:00:00,1.44,0.21,-2.9
2026-01-07 04:00:00,1.32,0.97,-1.5
2026-01-07 05:00:00,0.55,0.3,0.2
2026-01-07 06:00:00,1.0,0.89,1.9
2026-01-07 07:00:00,1.35,1.29,3.1
2026-01-07 08:00:00,1.92,1.72,3.5
2026-01-07 09:00:00,1.55,1.3,3.4
2026-01-07 10:00:00,0.69,0.43,2.7
2026-01-07 11:00:00,0.85,0.3,0.5
2026-01-07 12:00:00,0.67,0.1,-0.9
2026-01-07 13:00:00,0.42,0.1,-1.7
2026-01-07 14:00:00,1.7,0.41,-2.2
2026-01-07 15:00:00,2.73,0.89,-3.1
2026-01-07 16:00:00,3.4,1.2,-3.3
2026-01-07 17:00:00,3.82,1.4,-3.4
2026-01-07 18:00:00,2.48,0.4,-3.3
2026-01-07 19:00:00,1.66,0.25,-4.0
2026-01-07 20:00:00,1.73,0.54,-4.4
2026-01-07 21:00:00,2.61,0.7,-4.5
2026-01-07 22:00:00,4.44,1.66,-5.1
2026-01-07 23:00:00,4.05,1.35,-4.9
2026-01-08 00:00:00,2.65,0.65,-5.0
2026-01-08 01:00:00,0.97,0.27,-5.4
2026-01-08 02:00:00,1.52,0.46,-5.6
2026-01-08 03:00:00,1.87,0.25,-4.7
2026-01-08 04:00:00,4.28,2.36,-3.1
2026-01-08 05:00:00,3.87,2.44,-1.2
2026-01-08 06:00:00,2.77,2.21,0.6
2026-01-08 07:00:00,3.68,2.86,1.9
2026-01-08 08:00:00,3.98,3.02,2.5
2026-01-08 09:00:00,3.26,2.48,2.5
2026-01-08 10:00:00,3.47,2.35,1.6
2026-01-08 11:00:00,4.07,1.46,-1.3
2026-01-08 12:00:00,3.79,1.11,-2.3
2026-01-08 13:00:00,4.75,1.68,-2.5
2026-01-08 14:00:00,5.73,2.1,-2.3
2026-01-08 15:00:00,5.43,1.88,-2.5
2026-01-08 16:00:00,4.7,1.51,-2.9
2026-01-08 17:00:00,4.36,1.45,-3.1
2026-01-08 18:00:00,5.35,1.86,-3.0
2026-01-08 19:00:00,5.35,1.82,-4.2
2026-01-08 20:00:00,4.83,1.69,-4.6
2026-01-08 21:00:00,5.01,1.74,-4.8
2026-01-08 22:00:00,5.04,1.73,-4.9
2026-01-08 23:00:00,5.64,1.91,-4.7
2026-01-09 00:00:00,5.83,1.95,-4.9
2026-01-09 01:00:00,5.6,1.91,-5.1
2026-01-09 02:00:00,4.97,1.61,-5.4
2026-01-09 03:00:00,4.38,1.03,-4.5
2026-01-09 04:00:00,4.74,2.05,-2.3
2026-01-09 05:00:00,4.09,2.35,-0.1
2026-01-09 06:00:00,5.18,3.76,2.3
2026-01-09 07:00:00,6.05,4.43,4.2
2026-01-09 08:00:00,6.33,4.72,4.6
2026-01-09 09:00:00,5.49,3.9,4.5
2026-01-09 10:00:00,4.12,2.06,3.6
2026-01-09 11:00:00,2.81,0.61,0.8
2026-01-09 12:00:00,5.36,2.14,-1.0
2026-01-09 13:00:00,5.73,2.22,-1.9
2026-01-09 14:00:00,5.46,1.92,-2.3
2026-01-09 15:00:00,5.17,1.75,-2.4
2026-01-09 16:00:00,5.23,1.85,-3.0
2026-01-09 17:00:00,5.03,1.76,-3.5
2026-01-09 18:00:00,5.66,2.01,-3.0
2026-01-09 19:00:00,5.51,1.92,-4.0
2026-01-09 20:00:00,5.15,1.75,-4.6
2026-01-09 21:00:00,5.17,1.75,-4.8
2026-01-09 22:00:00,5.82,2.11,-4.6
2026-01-09 23:00:00,6.2,2.31,-4.4
2026-01-10 00:00:00,4.83,1.69,-4.4
2026-01-10 01:00:00,4.78,1.79,-5.4
2026-01-10 02:00:00,5.4,2.05,-5.4
2026-01-10 03:00:00,5.27,2.19,-4.4
2026-01-10 04:00:00,6.04,2.88,-1.4
2026-01-10 05:00:00,5.66,3.01,1.8
2026-01-10 06:00:00,5.54,3.82,3.9
2026-01-10 07:00:00,5.62,4.08,5.1
2026-01-10 08:00:00,5.4,3.9,5.5
2026-01-10 09:00:00,5.21,3.64,5.5
2026-01-10 10:00:00,5.55,3.09,4.4
2026-01-10 11:00:00,5.9,2.23,1.7
2026-01-10 12:00:00,7.05,2.7,0.6
2026-01-10 13:00:00,7.68,3.17,0.9
2026-01-10 14:00:00,7.66,3.19,0.8
2026-01-10 15:00:00,7.43,3.07,0.5
2026-01-10 16:00:00,7.23,2.87,0.2
2026-01-10 17:00:00,6.87,2.7,-0.4
2026-01-10 18:00:00,8.19,3.66,-1.2
2026-01-10 19:00:00,8.06,3.3,-1.9
2026-01-10 20:00:00,6.84,2.68,-2.4
2026-01-10 21:00:00,7.25,3.01,-2.6
2026-01-10 22:00:00,7.98,3.7,-1.9
2026-01-10 23:00:00,8.07,3.82,-1.8
2026-01-11 00:00:00,8.61,4.25,-1.1
2026-01-11 01:00:00,7.96,3.51,-2.2
2026-01-11 02:00:00,6.51,2.62,-2.7
2026-01-11 03:00:00,6.34,2.79,-1.9
2026-01-11 04:00:00,6.73,3.76,1.0
2026-01-11 05:00:00,7.88,3.6,4.3
2026-01-11 06:00:00,8.14,5.09,5.9
2026-01-11 07:00:00,8.21,5.5,6.7
2026-01-11 08:00:00,7.27,4.63,7.0
2026-01-11 09:00:00,7.07,3.92,6.8
2026-01-11 10:00:00,6.6,3.43,5.5
2026-01-11 11:00:00,6.04,2.35,4.1
2026-01-11 12:00:00,6.66,2.48,3.1
2026-01-11 13:00:00,5.52,2.06,2.4
2026-01-11 14:00:00,4.81,1.81,2.1
2026-01-11 15:00:00,4.63,2.0,2.2
2026-01-11 16:00:00,5.0,2.2,2.1
2026-01-11 17:00:00,6.1,2.45,3.0
2026-01-11 18:00:00,6.37,2.62,2.6
2026-01-11 19:00:00,6.43,2.45,1.5
2026-01-11 20:00:00,4.49,1.6,1.0
2026-01-11 21:00:00,4.15,1.57,0.8
2026-01-11 22:00:00,3.94,1.76,0.5
2026-01-11 23:00:00,4.33,2.18,0.3
2026-01-12 00:00:00,2.3,0.95,1.4
2026-01-12 01:00:00,3.5,1.5,-0.3
2026-01-12 02:00:00,2.29,0.9,0.4
2026-01-12 03:00:00,1.06,0.29,0.8
2026-01-12 04:00:00,2.93,1.46,4.3
2026-01-12 05:00:00,3.27,1.61,7.0
2026-01-12 06:00:00,3.25,2.36,8.2
2026-01-12 07:00:00,2.43,1.82,9.6
2026-01-12 08:00:00,3.98,3.0,9.1
2026-01-12 09:00:00,6.42,3.77,7.3
2026-01-12 10:00:00,7.43,3.87,7.3
2026-01-12 11:00:00,7.59,3.69,6.3
2026-01-12 12:00:00,7.29,3.45,5.6
2026-01-12 13:00:00,7.13,3.47,5.4
2026-01-12 14:00:00,5.59,2.4,4.5
2026-01-12 15:00:00,5.71,2.61,4.1
2026-01-12 16:00:00,5.2,2.64,4.2
2026-01-12 17:00:00,4.65,1.95,3.8
2026-01-12 18:00:00,4.66,2.01,2.2
2026-01-12 19:00:00,4.37,2.01,3.0
2026-01-12 20:00:00,3.11,1.85,2.0
2026-01-12 21:00:00,1.49,0.86,0.1
2026-01-12 22:00:00,1.98,1.93,-1.1
2026-01-12 23:00:00,1.43,1.52,-1.9
2026-01-13 00:00:00,2.6,1.7,-1.8
2026-01-13 01:00:00,2.69,1.63,-1.1
2026-01-13 02:00:00,2.12,1.45,-2.0
2026-01-13 03:00:00,2.65,1.8,-1.2
2026-01-13 04:00:00,2.82,2.02,2.5
2026-01-13 05:00:00,4.35,2.23,5.8
2026-01-13 06:00:00,5.58,4.15,6.0
2026-01-13 07:00:00,6.56,4.76,5.8
2026-01-13 08:00:00,6.79,4.85,6.1
2026-01-13 09:00:00,6.85,4.72,6.1
2026-01-13 10:00:00,7.85,4.65,5.4
2026-01-13 11:00:00,8.5,4.36,3.7
2026-01-13 12:00:00,9.62,5.01,2.3
2026-01-13 13:00:00,9.18,4.87,1.6
2026-01-13 14:00:00,8.19,4.32,0.5
2026-01-13 15:00:00,7.4,3.8,-0.2
2026-01-13 16:00:00,6.88,3.6,-0.4
2026-01-13 17:00:00,6.3,3.3,-0.2
2026-01-13 18:00:00,6.14,3.2,0.1
2026-01-13 19:00:00,5.79,3.01,0.3
2026-01-13 20:00:00,5.61,2.8,-0.1
2026-01-13 21:00:00,5.61,2.5,-1.1
2026-01-13 22:00:00,5.2,2.4,-1.2
2026-01-13 23:00:00,4.47,1.93,-1.6
2026-01-14 00:00:00,5.94,2.57,-2.1
2026-01-14 01:00:00,6.15,2.47,-2.5
2026-01-14 02:00:00,5.49,2.09,-2.8
2026-01-14 03:00:00,3.79,1.3,-2.3
2026-01-14 04:00:00,3.11,1.5,0.7
2026-01-14 05:00:00,2.62,1.59,2.5
2026-01-14 06:00:00,3.11,2.42,3.8
2026-01-14 07:00:00,0.51,0.4,4.8
2026-01-14 08:00:00,1.36,1.2,5.9
2026-01-14 09:00:00,3.5,2.86,6.0
2026-01-14 10:00:00,4.36,3.15,4.3
2026-01-14 11:00:00,4.62,2.18,1.5
2026-01-14 12:00:00,5.14,2.28,-1.5
2026-01-14 13:00:00,5.01,2.28,-2.0
2026-01-14 14:00:00,5.59,2.46,-2.4
2026-01-14 15:00:00,6.22,2.94,-3.1
2026-01-14 16:00:00,6.03,2.94,-3.2
2026-01-14 17:00:00,5.55,2.41,-3.8
2026-01-14 18:00:00,4.97,2.11,-4.1
2026-01-14 19:00:00,4.31,1.62,-4.8
2026-01-14 20:00:00,4.66,1.86,-6.5
2026-01-14 21:00:00,4.48,1.77,-7.2
2026-01-14 22:00:00,4.19,1.8,-7.1
2026-01-14 23:00:00,3.5,1.23,-7.2
2026-01-15 00:00:00,1.31,0.86,-7.0
2026-01-15 01:00:00,1.22,1.23,-7.0
2026-01-15 02:00:00,1.86,1.39,-7.5
2026-01-15 03:00:00,1.06,0.89,-7.7
2026-01-15 04:00:00,1.17,1.21,-6.8
2026-01-15 05:00:00,1.03,1.05,-5.4
2026-01-15 06:00:00,1.17,1.0,-3.7
2026-01-15 07:00:00,1.05,0.96,-2.5
2026-01-15 08:00:00,1.84,1.48,-1.9
2026-01-15 09:00:00,0.76,0.63,-1.3
2026-01-15 10:00:00,0.6,0.46,-1.2
2026-01-15 11:00:00,0.85,0.76,-1.5
2026-01-15 12:00:00,2.47,1.03,-2.3
2026-01-15 13:00:00,1.21,0.75,-2.6
2026-01-15 14:00:00,1.41,1.68,-3.0
2026-01-15 15:00:00,0.25,0.57,-3.1
2026-01-15 16:00:00,2.23,1.66,-3.8
2026-01-15 17:00:00,2.35,1.46,-4.8
2026-01-15 18:00:00,1.29,1.71,-4.7
2026-01-15 19:00:00,3.0,1.91,-5.0
2026-01-15 20:00:00,4.1,1.74,-5.9
2026-01-15 21:00:00,3.67,2.01,-5.8
2026-01-15 22:00:00,2.46,1.33,-5.4
2026-01-15 23:00:00,1.3,1.22,-5.8
2026-01-16 00:00:00,2.33,1.52,-6.9
2026-01-16 01:00:00,1.95,0.83,-7.6
2026-01-16 02:00:00,3.14,1.77,-5.8
2026-01-16 03:00:00,3.02,1.72,-5.0
2026-01-16 04:00:00,2.9,2.05,-4.4
2026-01-16 05:00:00,2.2,1.78,-4.0
2026-01-16 06:00:00,1.68,1.46,-4.0
2026-01-16 07:00:00,2.5,1.87,-3.8
2026-01-16 08:00:00,3.71,2.71,-3.8
2026-01-16 09:00:00,4.42,3.1,-3.9
2026-01-16 10:00:00,4.68,3.17,-4.2
2026-01-16 11:00:00,4.68,3.26,-4.6
2026-01-16 12:00:00,5.91,4.16,-6.6
2026-01-16 13:00:00,6.59,4.48,-7.5
2026-01-16 14:00:00,7.22,4.98,-8.6
2026-01-16 15:00:00,8.21,5.46,-9.8
2026-01-16 16:00:00,9.29,6.22,-10.2
2026-01-16 17:00:00,9.78,6.44,-11.0
2026-01-16 18:00:00,10.22,6.96,-11.6
2026-01-16 19:00:00,10.04,6.22,-12.0
2026-01-16 20:00:00,10.88,6.09,-13.3
2026-01-16 21:00:00,10.27,6.63,-13.7
2026-01-16 22:00:00,9.91,6.15,-13.9
2026-01-16 23:00:00,9.2,5.8,-14.6
2026-01-17 00:00:00,10.77,6.91,-15.7
2026-01-17 01:00:00,9.36,6.26,-16.0
2026-01-17 02:00:00,8.97,6.12,-16.4
2026-01-17 03:00:00,7.31,4.86,-16.1
2026-01-17 04:00:00,6.04,4.23,-15.7
2026-01-17 05:00:00,5.04,3.7,-14.7
2026-01-17 06:00:00,4.09,3.18,-14.8
2026-01-17 07:00:00,3.21,2.47,-14.3
2026-01-17 08:00:00,2.85,2.21,-13.3
2026-01-17 09:00:00,3.05,2.3,-12.5
2026-01-17 10:00:00,2.95,2.05,-13.0
2026-01-17 11:00:00,2.47,1.4,-13.3
2026-01-17 12:00:00,3.07,2.4,-14.6
2026-01-17 13:00:00,2.89,1.93,-14.9
2026-01-17 14:00:00,2.68,2.02,-14.9
2026-01-17 15:00:00,2.17,1.44,-15.5
2026-01-17 16:00:00,2.09,1.2,-16.2
2026-01-17 17:00:00,1.84,1.01,-16.3
2026-01-17 18:00:00,1.46,1.39,-16.4
2026-01-17 19:00:00,1.01,1.16,-16.4
2026-01-17 20:00:00,0.43,0.5,-16.0
2026-01-17 21:00:00,0.71,0.7,-15.6
2026-01-17 22:00:00,0.27,0.6,-15.9
2026-01-17 23:00:00,1.27,0.32,-15.5
2026-01-18 00:00:00,3.68,1.98,-15.6
2026-01-18 01:00:00,4.74,2.33,-15.3
2026-01-18 02:00:00,5.16,2.3,-14.9
2026-01-18 03:00:00,5.06,2.37,-14.0
2026-01-18 04:00:00,5.67,2.14,-13.3
2026-01-18 05:00:00,4.6,2.88,-12.6
2026-01-18 06:00:00,6.42,4.56,-10.8
2026-01-18 07:00:00,6.08,4.14,-10.3
2026-01-18 08:00:00,5.67,3.89,-9.6
2026-01-18 09:00:00,4.66,3.15,-9.3
2026-01-18 10:00:00,4.02,2.51,-9.2
2026-01-18 11:00:00,3.15,1.43,-9.3
2026-01-18 12:00:00,4.18,2.3,-9.3
2026-01-18 13:00:00,4.9,2.04,-10.0
2026-01-18 14:00:00,5.93,2.36,-11.0
2026-01-18 15:00:00,6.1,2.41,-11.3
2026-01-18 16:00:00,6.42,2.51,-11.6
2026-01-18 17:00:00,6.81,2.77,-11.0
2026-01-18 18:00:00,7.27,3.5,-11.0
2026-01-18 19:00:00,7.05,3.07,-11.6
2026-01-18 20:00:00,6.73,2.85,-11.8
2026-01-18 21:00:00,7.02,3.2,-11.9
2026-01-18 22:00:00,7.18,3.54,-11.5
2026-01-18 23:00:00,7.49,4.0,-11.4
2026-01-19 00:00:00,8.01,4.9,-11.2
2026-01-19 01:00:00,8.21,4.45,-11.4
2026-01-19 02:00:00,7.83,3.96,-11.7
2026-01-19 03:00:00,7.36,3.99,-10.8
2026-01-19 04:00:00,8.03,3.69,-9.9
2026-01-19 05:00:00,9.0,4.14,-8.7
2026-01-19 06:00:00,9.93,5.66,-6.8
2026-01-19 07:00:00,9.07,5.07,-6.3
2026-01-19 08:00:00,8.17,4.9,-4.9
2026-01-19 09:00:00,7.67,4.23,-4.2
2026-01-19 10:00:00,8.32,3.91,-4.9
2026-01-19 11:00:00,7.3,3.36,-5.8
2026-01-19 12:00:00,7.01,3.29,-7.0
2026-01-19 13:00:00,6.13,2.42,-7.7
2026-01-19 14:00:00,5.9,2.22,-7.8
2026-01-19 15:00:00,4.86,1.81,-8.4
2026-01-19 16:00:00,4.02,1.3,-8.8
2026-01-19 17:00:00,3.91,1.32,-9.4
2026-01-19 18:00:00,3.9,1.47,-10.0
2026-01-19 19:00:00,4.11,1.49,-11.9
2026-01-19 20:00:00,3.79,1.37,-11.5
2026-01-19 21:00:00,3.99,1.61,-10.1
2026-01-19 22:00:00,4.92,1.9,-10.9
2026-01-19 23:00:00,4.95,1.96,-10.5
2026-01-20 00:00:00,4.43,1.66,-10.1
2026-01-20 01:00:00,3.07,0.6,-10.5
2026-01-20 02:00:00,1.25,0.18,-10.4
2026-01-20 03:00:00,0.6,0.16,-10.0
2026-01-20 04:00:00,0.81,0.35,-9.2
2026-01-20 05:00:00,0.89,0.75,-7.5
2026-01-20 06:00:00,1.79,1.49,-5.9
2026-01-20 07:00:00,2.05,1.12,-4.6
2026-01-20 08:00:00,3.57,2.14,-4.0
2026-01-20 09:00:00,2.96,1.45,-3.6
2026-01-20 10:00:00,2.03,0.9,-3.9
2026-01-20 11:00:00,1.7,0.53,-6.3
2026-01-20 12:00:00,1.5,0.32,-7.8
2026-01-20 13:00:00,0.34,0.14,-8.7
2026-01-20 14:00:00,1.3,0.22,-8.7
2026-01-20 15:00:00,0.94,0.25,-8.8
2026-01-20 16:00:00,3.09,1.01,-9.2
2026-01-20 17:00:00,5.33,2.05,-10.1
2026-01-20 18:00:00,6.38,2.67,-9.3
2026-01-20 19:00:00,7.17,3.16,-10.1
2026-01-20 20:00:00,7.6,3.55,-10.1
2026-01-20 21:00:00,8.26,4.0,-10.0
2026-01-20 22:00:00,8.58,4.28,-10.1
2026-01-20 23:00:00,8.84,4.55,-10.1
2026-01-21 00:00:00,8.95,4.96,-9.9
2026-01-21 01:00:00,8.73,4.65,-9.8
2026-01-21 02:00:00,8.43,4.4,-9.6
2026-01-21 03:00:00,8.66,4.46,-9.1
2026-01-21 04:00:00,8.92,4.63,-6.9
2026-01-21 05:00:00,10.53,5.03,-5.0
2026-01-21 06:00:00,10.86,6.4,-3.1
2026-01-21 07:00:00,9.76,5.39,-2.4
2026-01-21 08:00:00,9.56,5.21,-1.0
2026-01-21 09:00:00,9.64,5.14,-0.3
2026-01-21 10:00:00,8.9,4.93,-1.0
2026-01-21 11:00:00,8.39,4.26,-2.0
2026-01-21 12:00:00,7.65,3.76,-4.2
2026-01-21 13:00:00,6.38,2.71,-5.8
2026-01-21 14:00:00,6.69,2.9,-6.7
2026-01-21 15:00:00,7.13,3.2,-6.9
2026-01-21 16:00:00,7.8,3.61,-7.0
2026-01-21 17:00:00,7.45,3.4,-7.0
2026-01-21 18:00:00,7.81,3.91,-6.9
2026-01-21 19:00:00,7.93,3.72,-6.4
2026-01-21 20:00:00,8.08,3.8,-6.1
2026-01-21 21:00:00,8.53,4.12,-5.8
2026-01-21 22:00:00,9.0,4.54,-5.7
2026-01-21 23:00:00,8.62,4.32,-6.3
2026-01-22 00:00:00,7.65,3.85,-6.8
2026-01-22 01:00:00,7.58,3.7,-7.8
2026-01-22 02:00:00,7.88,3.65,-7.3
2026-01-22 03:00:00,8.14,3.88,-6.3
2026-01-22 04:00:00,7.88,3.69,-4.5
2026-01-22 05:00:00,7.17,3.16,-1.7
2026-01-22 06:00:00,9.92,5.64,0.1
2026-01-22 07:00:00,6.85,2.2,0.2
2026-01-22 08:00:00,1.06,0.81,0.5
2026-01-22 09:00:00,6.17,3.88,-0.2
2026-01-22 10:00:00,4.98,2.58,-2.3
2026-01-22 11:00:00,4.92,2.06,-3.5
2026-01-22 12:00:00,6.95,3.62,-5.0
2026-01-22 13:00:00,6.8,3.39,-5.4
2026-01-22 14:00:00,6.99,3.25,-5.5
2026-01-22 15:00:00,7.07,3.66,-6.2
2026-01-22 16:00:00,7.1,3.75,-6.9
2026-01-22 17:00:00,9.12,5.35,-7.9
2026-01-22 18:00:00,9.49,5.68,-8.7
2026-01-22 19:00:00,10.5,5.94,-8.9
2026-01-22 20:00:00,8.58,5.1,-8.9
2026-01-22 21:00:00,7.72,4.54,-7.8
2026-01-22 22:00:00,7.24,4.51,-7.1
2026-01-22 23:00:00,7.39,4.32,-6.7
2026-01-23 00:00:00,6.67,4.35,-7.1
2026-01-23 01:00:00,6.37,3.55,-6.4
2026-01-23 02:00:00,5.28,2.82,-5.6
2026-01-23 03:00:00,6.07,3.34,-5.2
2026-01-23 04:00:00,5.61,3.08,-4.9
2026-01-23 05:00:00,4.03,2.9,-4.0
2026-01-23 06:00:00,6.05,4.16,-3.0
2026-01-23 07:00:00,3.82,2.52,-2.2
2026-01-23 08:00:00,3.84,2.62,-1.8
2026-01-23 09:00:00,4.48,2.96,-2.6
2026-01-23 10:00:00,5.15,3.38,-2.9
2026-01-23 11:00:00,5.09,3.24,-3.7
2026-01-23 12:00:00,3.83,2.75,-4.4
2026-01-23 13:00:00,2.77,1.68,-4.6
2026-01-23 14:00:00,2.0,1.25,-6.1
2026-01-23 15:00:00,3.28,1.8,-5.2
2026-01-23 16:00:00,4.49,2.46,-5.6
2026-01-23 17:00:00,5.18,3.32,-5.8
2026-01-23 18:00:00,4.4,3.23,-5.6
2026-01-23 19:00:00,2.33,1.55,-6.5
2026-01-23 20:00:00,1.86,1.33,-7.6
2026-01-23 21:00:00,1.04,0.68,-8.2
2026-01-23 22:00:00,5.21,2.66,-8.0
2026-01-23 23:00:00,5.9,2.79,-8.5
2026-01-24 00:00:00,5.82,3.07,-9.2
2026-01-24 01:00:00,6.88,3.42,-9.6
2026-01-24 02:00:00,7.25,3.71,-9.5
2026-01-24 03:00:00,8.56,4.74,-8.4
2026-01-24 04:00:00,9.05,5.79,-6.4
2026-01-24 05:00:00,9.47,6.58,-5.0
2026-01-24 06:00:00,9.83,7.15,-3.7
2026-01-24 07:00:00,10.35,7.12,-3.2
2026-01-24 08:00:00,10.4,7.05,-2.3
2026-01-24 09:00:00,9.57,6.22,-1.8
2026-01-24 10:00:00,9.68,5.96,-2.1
2026-01-24 11:00:00,9.88,5.72,-3.0
2026-01-24 12:00:00,9.71,5.64,-4.4
2026-01-24 13:00:00,9.17,5.16,-5.5
2026-01-24 14:00:00,9.43,5.26,-5.9
2026-01-24 15:00:00,9.03,4.96,-5.9
2026-01-24 16:00:00,8.63,4.61,-5.9
2026-01-24 17:00:00,8.15,4.21,-6.0
2026-01-24 18:00:00,7.28,3.71,-6.1
2026-01-24 19:00:00,5.53,2.73,-6.3
2026-01-24 20:00:00,4.99,2.61,-6.2
2026-01-24 21:00:00,5.2,2.29,-5.8
2026-01-24 22:00:00,5.99,2.55,-5.7
2026-01-24 23:00:00,5.5,2.3,-5.6
2026-01-25 00:00:00,4.19,1.29,-6.6
2026-01-25 01:00:00,1.58,1.2,-6.4
2026-01-25 02:00:00,2.15,1.25,-7.5
2026-01-25 03:00:00,1.95,1.09,-6.9
2026-01-25 04:00:00,1.46,0.21,-4.0
2026-01-25 05:00:00,1.1,0.81,-1.5
2026-01-25 06:00:00,0.71,0.95,-0.3
2026-01-25 07:00:00,1.55,0.86,0.6
2026-01-25 08:00:00,2.31,1.3,1.7
2026-01-25 09:00:00,3.64,1.98,0.6
2026-01-25 10:00:00,2.4,1.17,-0.1
2026-01-25 11:00:00,1.61,0.5,-1.3
2026-01-25 12:00:00,2.18,0.87,-3.8
2026-01-25 13:00:00,2.5,2.11,-3.7
2026-01-25 14:00:00,1.08,0.96,-4.2
2026-01-25 15:00:00,3.62,1.64,-3.7
2026-01-25 16:00:00,5.88,2.64,-3.4
2026-01-25 17:00:00,6.35,3.07,-4.4
2026-01-25 18:00:00,5.49,2.45,-4.8
2026-01-25 19:00:00,6.06,2.64,-4.4
2026-01-25 20:00:00,5.32,2.06,-5.4
2026-01-25 21:00:00,5.22,2.1,-5.5
2026-01-25 22:00:00,6.04,2.56,-5.3
2026-01-25 23:00:00,6.66,2.84,-5.9
2026-01-26 00:00:00,6.44,2.9,-5.6
2026-01-26 01:00:00,6.98,3.1,-5.8
2026-01-26 02:00:00,5.82,2.36,-6.5
2026-01-26 03:00:00,6.46,2.6,-6.1
2026-01-26 04:00:00,6.37,2.78,-3.5
2026-01-26 05:00:00,6.35,3.02,-1.7
2026-01-26 06:00:00,7.69,5.14,-0.1
2026-01-26 07:00:00,7.54,4.63,0.9
2026-01-26 08:00:00,7.12,4.26,1.6
2026-01-26 09:00:00,6.73,3.87,1.7
2026-01-26 10:00:00,7.26,3.24,1.4
2026-01-26 11:00:00,7.12,3.31,0.2
2026-01-26 12:00:00,7.49,3.71,-1.4
2026-01-26 13:00:00,7.07,3.16,-2.8
2026-01-26 14:00:00,6.98,3.01,-3.7
2026-01-26 15:00:00,7.51,3.31,-4.0
2026-01-26 16:00:00,7.54,3.21,-4.2
2026-01-26 17:00:00,7.45,3.25,-4.2
2026-01-26 18:00:00,8.16,3.9,-4.4
2026-01-26 19:00:00,8.1,3.56,-4.3
2026-01-26 20:00:00,7.85,3.46,-4.3
2026-01-26 21:00:00,7.42,3.2,-4.6
2026-01-26 22:00:00,7.49,3.4,-5.0
2026-01-26 23:00:00,7.76,3.7,-5.2
2026-01-27 00:00:00,4.88,1.59,-5.9
2026-01-27 01:00:00,4.37,1.53,-4.8
2026-01-27 02:00:00,3.26,1.33,-5.3
2026-01-27 03:00:00,2.56,1.1,-3.9
2026-01-27 04:00:00,1.75,0.97,-2.7
2026-01-27 05:00:00,2.08,1.31,-0.8
2026-01-27 06:00:00,0.96,0.79,0.1
2026-01-27 07:00:00,1.07,0.57,1.8
2026-01-27 08:00:00,2.13,1.78,2.9
2026-01-27 09:00:00,2.69,2.17,3.5
2026-01-27 10:00:00,3.48,2.58,3.4
2026-01-27 11:00:00,4.41,2.16,0.9
2026-01-27 12:00:00,1.27,0.45,-0.4
2026-01-27 13:00:00,2.31,0.51,-0.6
2026-01-27 14:00:00,2.01,0.32,-0.9
2026-01-27 15:00:00,1.31,0.45,-0.7
2026-01-27 16:00:00,1.03,0.46,-0.6
2026-01-27 17:00:00,0.74,0.15,-0.8
2026-01-27 18:00:00,1.51,0.46,-1.3
2026-01-27 19:00:00,0.78,0.07,-3.0
2026-01-27 20:00:00,0.86,0.53,-3.1
2026-01-27 21:00:00,1.26,0.58,-2.3
2026-01-27 22:00:00,1.19,0.36,-2.3
2026-01-27 23:00:00,1.44,0.25,-2.1
2026-01-28 00:00:00,4.14,2.03,-1.6
2026-01-28 01:00:00,3.5,1.46,-2.3
2026-01-28 02:00:00,3.65,1.41,-3.0
2026-01-28 03:00:00,5.46,2.59,-1.8
2026-01-28 04:00:00,5.57,3.01,-0.1
2026-01-28 05:00:00,1.9,1.03,1.2
2026-01-28 06:00:00,0.8,0.59,1.5
2026-01-28 07:00:00,0.64,0.21,1.0
2026-01-28 08:00:00,2.09,1.17,2.0
2026-01-28 09:00:00,3.14,2.57,2.5
2026-01-28 10:00:00,4.59,3.37,1.2
2026-01-28 11:00:00,5.3,3.27,-0.6
2026-01-28 12:00:00,5.51,2.79,-1.9
2026-01-28 13:00:00,6.78,3.34,-1.9
2026-01-28 14:00:00,7.75,3.92,-2.5
2026-01-28 15:00:00,6.88,3.24,-2.6
2026-01-28 16:00:00,6.19,2.66,-2.7
2026-01-28 17:00:00,6.82,3.34,-3.2
2026-01-28 18:00:00,5.44,2.64,-4.3
2026-01-28 19:00:00,4.72,1.84,-5.0
2026-01-28 20:00:00,3.64,1.94,-5.5
2026-01-28 21:00:00,2.62,1.38,-5.7
2026-01-28 22:00:00,4.07,1.75,-5.6
2026-01-28 23:00:00,4.4,1.87,-5.6
2026-01-29 00:00:00,3.73,1.75,-5.4
2026-01-29 01:00:00,4.07,1.69,-5.6
2026-01-29 02:00:00,3.34,1.27,-5.9
2026-01-29 03:00:00,3.53,1.75,-4.9
2026-01-29 04:00:00,3.15,2.28,-3.2
2026-01-29 05:00:00,4.05,3.13,-1.7
2026-01-29 06:00:00,5.54,4.35,-0.6
2026-01-29 07:00:00,6.82,5.2,1.3
2026-01-29 08:00:00,7.25,5.47,2.1
2026-01-29 09:00:00,6.85,5.12,2.1
2026-01-29 10:00:00,6.52,4.74,1.6
2026-01-29 11:00:00,7.06,4.21,0.1
2026-01-29 12:00:00,7.03,3.23,-1.7
2026-01-29 13:00:00,7.02,3.47,-2.7
2026-01-29 14:00:00,7.2,3.42,-3.5
2026-01-29 15:00:00,8.3,4.27,-3.9
2026-01-29 16:00:00,8.88,4.76,-4.2
2026-01-29 17:00:00,8.62,4.57,-4.2
2026-01-29 18:00:00,8.35,4.39,-4.0
2026-01-29 19:00:00,7.48,3.93,-4.0
2026-01-29 20:00:00,7.3,3.72,-4.6
2026-01-29 21:00:00,7.34,3.86,-4.7
2026-01-29 22:00:00,7.56,4.13,-4.7
2026-01-29 23:00:00,7.94,4.34,-4.9
2026-01-30 00:00:00,7.28,4.05,-4.2
2026-01-30 01:00:00,8.55,4.75,-4.5
2026-01-30 02:00:00,8.81,4.93,-4.6
2026-01-30 03:00:00,8.65,5.0,-3.9
2026-01-30 04:00:00,9.58,5.22,-1.5
2026-01-30 05:00:00,9.28,6.31,0.7
2026-01-30 06:00:00,9.07,6.44,3.3
2026-01-30 07:00:00,9.6,7.03,4.1
2026-01-30 08:00:00,9.99,7.24,4.7
2026-01-30 09:00:00,9.97,7.05,4.8
2026-01-30 10:00:00,9.84,6.49,4.4
2026-01-30 11:00:00,9.17,5.47,2.8
2026-01-30 12:00:00,6.77,3.2,0.5
2026-01-30 13:00:00,7.29,3.29,-1.8
2026-01-30 14:00:00,7.29,3.2,-2.4
2026-01-30 15:00:00,7.4,3.4,-2.7
2026-01-30 16:00:00,7.83,3.65,-2.8
2026-01-30 17:00:00,7.93,3.73,-2.6
2026-01-30 18:00:00,7.0,3.15,-1.4
2026-01-30 19:00:00,7.34,3.35,-3.1
2026-01-30 20:00:00,7.74,3.46,-3.5
2026-01-30 21:00:00,8.12,3.66,-3.5
2026-01-30 22:00:00,8.4,3.82,-3.5
2026-01-30 23:00:00,8.55,4.03,-3.7
2026-01-31 00:00:00,8.57,4.18,-4.1
2026-01-31 01:00:00,8.81,4.46,-4.3
2026-01-31 02:00:00,9.32,4.82,-3.9
2026-01-31 03:00:00,9.1,5.01,-2.9
2026-01-31 04:00:00,9.13,5.17,0.3
2026-01-31 05:00:00,8.2,5.73,3.0
2026-01-31 06:00:00,8.92,6.56,4.7
2026-01-31 07:00:00,9.74,7.07,5.9
2026-01-31 08:00:00,9.35,6.74,6.7
2026-01-31 09:00:00,8.55,6.04,6.6
2026-01-31 10:00:00,8.29,5.32,5.8
2026-01-31 11:00:00,8.61,4.77,3.7
2026-01-31 12:00:00,7.45,3.45,1.9
2026-01-31 13:00:00,7.25,3.2,0.9
2026-01-31 14:00:00,6.28,2.41,0.4
2026-01-31 15:00:00,4.76,1.57,0.2
2026-01-31 16:00:00,3.07,0.83,0.3
2026-01-31 17:00:00,1.78,0.47,0.9
2026-01-31 18:00:00,1.59,1.06,-0.5
2026-01-31 19:00:00,2.11,1.01,-1.6
2026-01-31 20:00:00,0.9,0.15,-1.4
2026-01-31 21:00:00,1.35,0.3,-1.8
2026-01-31 22:00:00,2.26,0.46,-1.9
2026-01-31 23:00:00,2.12,0.34,-1.6
