turbine,lead_day,sector_i,sector,season_year,season,speed_bin,n,median_ratio,q25,q75,mean_power,mean_forecast_wind,mean_measured_wind
t1,1,0,N,2024,autumn,2–4,1,0.7314814814814815,0.7314814814814815,0.7314814814814815,0.01,2.16,1.58
t1,1,0,N,2024,autumn,4–6,1,0.8974116161616161,0.8974116161616161,0.8974116161616161,0.14166666666666666,5.28,4.738333333333333
t1,1,0,N,2024,spring,2–4,1,0.6749999999999999,0.6749999999999999,0.6749999999999999,0.01,2.0,1.3499999999999999
t1,1,0,N,2024,summer,2–4,8,1.4671474358974361,0.7978766025641025,2.852566232500443,0.23020833333333332,2.50125,4.774375
t1,1,0,N,2025,autumn,2–4,3,0.9710743801652894,0.897086897684984,1.660120523415978,0.04611111111111111,2.233333333333333,2.975
t1,1,0,N,2025,spring,2–4,4,1.2890033446369675,1.0661707862351393,1.4369606256742178,0.02625,2.255,2.7454166666666664
t1,1,0,N,2025,summer,2–4,6,1.9369729703588419,1.469172097426002,2.5170791890794684,0.3,2.895,5.789999999999999
t1,1,0,N,2025,summer,4–6,4,0.8691163990077033,0.6614391427167772,1.0958559611012884,0.18291666666666667,5.1225000000000005,4.585833333333333
t1,1,1,NNE,2024,autumn,2–4,7,1.044392523364486,0.6618156409639199,1.6475754716600743,0.1652380952380952,2.8414285714285716,3.7104761904761903
t1,1,1,NNE,2024,spring,2–4,7,0.7413127413127413,0.6586909714914766,1.077929290185497,0.021190476190476194,2.501428571428572,2.1964285714285716
t1,1,1,NNE,2024,summer,2–4,8,2.1291271794334783,1.8664068393261253,2.4144628050538754,0.21708333333333332,2.60625,5.187708333333333
t1,1,1,NNE,2024,winter,2–4,2,1.537583148558758,1.1366777531411676,1.9384885439763484,0.0475,2.33,3.478333333333333
t1,1,1,NNE,2025,autumn,2–4,6,1.2648319686819398,0.971990937411498,1.9005554596921965,0.11499999999999999,2.5866666666666664,3.788611111111111
t1,1,1,NNE,2025,spring,2–4,7,1.251937984496124,1.0339976170200051,1.334736330444485,0.05904761904761906,2.457142857142857,3.220952380952381
t1,1,1,NNE,2025,summer,2–4,7,1.835808580858086,1.4668023751296873,2.8496307466264543,0.29190476190476194,2.5242857142857145,5.7680952380952375
t1,1,1,NNE,2025,summer,4–6,3,0.7382650029708853,0.5921246834328484,1.3477929376225144,0.31166666666666665,5.216666666666667,5.5683333333333325
t1,1,1,NNE,2025,summer,6–8,2,0.6553802477387332,0.6012541886705447,0.7095063068069216,0.12,7.1850000000000005,4.751666666666667
t1,1,1,NNE,2026,winter,2–4,2,0.9626483572152265,0.9099589303806629,1.0153377840497901,0.020833333333333336,3.105,2.92
t1,1,2,NE,2024,autumn,2–4,41,1.2695578231292517,0.916243654822335,2.3550387596899225,0.22345528455284555,2.9934146341463417,4.9087195121951215
t1,1,2,NE,2024,autumn,4–6,17,0.9595469255663431,0.3054461942257218,1.4264937106918236,0.12009803921568626,4.623529411764705,3.9465686274509806
t1,1,2,NE,2024,autumn,6–8,1,1.0748910675381262,1.0748910675381262,1.0748910675381262,0.32,6.12,6.578333333333333
t1,1,2,NE,2024,spring,2–4,26,0.8750346482338063,0.6085925273865415,1.5355285131123206,0.11916666666666666,2.7465384615384614,3.272307692307692
t1,1,2,NE,2024,spring,4–6,3,0.4141876430205949,0.3210784958397994,1.2076834441518067,0.21055555555555552,4.32,3.762222222222222
t1,1,2,NE,2024,summer,2–4,24,1.2552812071330588,0.6112368620995314,1.9143161242468274,0.13402777777777777,3.2245833333333334,4.043333333333334
t1,1,2,NE,2024,summer,4–6,9,1.840717299578059,0.9485875706214689,1.942911877394636,0.36,4.46,6.399259259259259
t1,1,2,NE,2024,summer,6–8,1,0.875452196382429,0.875452196382429,0.875452196382429,0.21333333333333335,6.45,5.646666666666667
t1,1,2,NE,2024,winter,2–4,6,1.3349113705144835,1.1216353677621285,1.6575141647894054,0.1758333333333333,2.7216666666666662,4.802777777777778
t1,1,2,NE,2025,autumn,2–4,42,1.0627636032630747,0.6816624468464959,1.5371003654815132,0.09325396825396826,3.1766666666666663,3.578492063492063
t1,1,2,NE,2025,autumn,4–6,48,1.00776890684978,0.5799725340685179,1.3995816208427816,0.27336805555555554,5.048958333333333,5.402291666666667
t1,1,2,NE,2025,autumn,6–8,47,1.1592695330559406,0.9703447830578513,1.3289706940287398,0.5165248226950355,7.008085106382978,7.870177304964539
t1,1,2,NE,2025,autumn,8–10,19,1.3235591506572295,1.1925249544959025,1.4257181068332145,0.9172807017543858,8.98,11.643859649122808
t1,1,2,NE,2025,autumn,10–12,4,1.2074833061675165,1.1944370733433234,1.2229693552061973,0.9829166666666667,10.415,12.602083333333333
t1,1,2,NE,2025,spring,2–4,24,1.4101277227677946,0.7386304062909568,2.3427787090924426,0.11368055555555556,2.72,3.7163888888888894
t1,1,2,NE,2025,spring,4–6,6,1.2842401500938088,0.9901380784717204,1.9556021341463414,0.3361111111111111,4.761666666666667,6.696666666666666
t1,1,2,NE,2025,spring,6–8,3,1.3327787021630615,1.3004424325030333,1.3451812382067514,0.6572222222222223,6.993333333333333,9.223333333333334
t1,1,2,NE,2025,summer,2–4,22,1.6341425832077796,1.2367280626696566,2.027266414141414,0.16178030303030302,2.772727272727273,4.76814393939394
t1,1,2,NE,2025,summer,4–6,18,1.1399782135076255,0.6751536885245902,1.2896004094106315,0.25203703703703706,4.961111111111111,5.470000000000001
t1,1,2,NE,2025,summer,6–8,4,1.1109578385314478,0.8906885582097944,1.3827490069537287,0.43833333333333335,7.075,8.048333333333334
t1,1,2,NE,2025,summer,8–10,1,0.9660175639557083,0.9660175639557083,0.9660175639557083,0.5533333333333333,8.73,8.433333333333334
t1,1,2,NE,2025,summer,10–12,1,0.7248062015503876,0.7248062015503876,0.7248062015503876,0.4066666666666667,10.32,7.4799999999999995
t1,1,2,NE,2025,winter,2–4,14,1.3952135339488585,0.8305438899868247,2.329419136878814,0.11083333333333334,2.6735714285714285,4.137738095238095
t1,1,2,NE,2026,winter,2–4,26,1.2322203765227022,0.7876660459342023,1.7328821931554725,0.09564102564102564,2.9896153846153846,3.921346153846154
t1,1,2,NE,2026,winter,4–6,39,1.1796200345423145,0.6334250414747494,1.5758174209914277,0.3134188034188034,5.063589743589743,5.845512820512821
t1,1,2,NE,2026,winter,6–8,19,0.890396210163652,0.5581064745363042,1.0911332842084016,0.307280701754386,7.167368421052632,6.025964912280702
t1,1,2,NE,2026,winter,8–10,17,1.19106529209622,1.0751201923076923,1.2690500167841559,0.801078431372549,8.728823529411764,10.131666666666668
t1,1,2,NE,2026,winter,10–12,4,1.1605219552609776,1.1376380866932092,1.1817034390249541,0.9729166666666667,10.3725,12.014999999999999
t1,1,3,ENE,2024,autumn,2–4,65,1.6226226226226226,1.2855029585798816,2.426339285714285,0.26246153846153847,3.0316923076923077,5.443794871794872
t1,1,3,ENE,2024,autumn,4–6,82,1.4886721113127646,1.1832636087454553,1.7801302056624322,0.46982926829268296,5.041951219512195,7.367841463414634
t1,1,3,ENE,2024,autumn,6–8,99,1.4704301075268817,1.1750343614592555,1.5937198881124113,0.7129292929292929,6.934545454545455,9.436346801346803
t1,1,3,ENE,2024,autumn,8–10,29,1.4011830201809325,1.3108498349834983,1.4922802850356294,0.9205747126436781,8.942413793103448,12.131724137931034
t1,1,3,ENE,2024,autumn,10–12,2,1.4037669822972414,1.3913647591601481,1.4161692054343349,0.9899999999999999,10.315000000000001,14.4775
t1,1,3,ENE,2024,spring,2–4,58,1.2906926406926407,1.0274310037668621,2.0983594570271484,0.20045977011494254,3.202931034482759,4.858448275862069
t1,1,3,ENE,2024,spring,4–6,62,1.1260824199335109,0.8833570075757575,1.5241270683220245,0.2933064516129032,4.8875806451612895,5.889193548387096
t1,1,3,ENE,2024,spring,6–8,71,1.3286089238845147,0.9650888070584038,1.5894612171066798,0.607793427230047,6.926338028169014,8.691549295774648
t1,1,3,ENE,2024,spring,8–10,12,1.430955095848713,1.375360759032634,1.4731995258216668,0.9004166666666666,8.57,11.782916666666667
t1,1,3,ENE,2024,spring,10–12,1,1.4123827998706757,1.4123827998706757,1.4123827998706757,0.9883333333333333,10.31,14.561666666666667
t1,1,3,ENE,2024,summer,2–4,25,1.3355167394468705,0.9254742547425475,1.8432483474976393,0.175,3.0248000000000004,4.499066666666667
t1,1,3,ENE,2024,summer,4–6,44,1.1799183176920403,0.6661053636271743,1.636494788805907,0.30318181818181816,5.044090909090909,5.918333333333333
t1,1,3,ENE,2024,summer,6–8,39,1.1305483028720626,0.8071872554331467,1.4925484158857654,0.4877350427350427,6.9107692307692306,7.765854700854701
t1,1,3,ENE,2024,summer,8–10,11,1.3389339513325607,1.2779800388763878,1.4355629698939558,0.8725757575757576,8.685454545454546,11.457878787878787
t1,1,3,ENE,2024,winter,2–4,11,2.6787003610108298,1.9300576952334139,2.9233597645809417,0.47227272727272723,3.2245454545454546,7.25
t1,1,3,ENE,2024,winter,4–6,29,1.6642156862745097,1.2105855855855854,1.914655172413793,0.5214942528735632,4.986896551724138,7.694482758620689
t1,1,3,ENE,2024,winter,6–8,19,1.418558077436582,1.0281111504305478,1.5759096400400288,0.6970175438596492,6.963684210526316,9.248070175438597
t1,1,3,ENE,2024,winter,8–10,2,1.2847500251273116,1.2689719928191727,1.3005280574354507,0.9533333333333334,8.465,10.870833333333334
t1,1,3,ENE,2025,autumn,2–4,126,1.394496552829886,0.8048047158005665,1.9449991427180815,0.16493386243386243,3.134761904761905,4.425886243386243
t1,1,3,ENE,2025,autumn,4–6,264,1.1100281993139136,0.7033476273466642,1.457918469328129,0.2757411616161616,4.954507575757575,5.550664141414142
t1,1,3,ENE,2025,autumn,6–8,139,1.1457703927492446,0.9011593650423657,1.4496966480978108,0.5249999999999999,6.930863309352518,7.934364508393286
t1,1,3,ENE,2025,autumn,8–10,93,1.1752767527675276,0.8120176405733185,1.361342868494239,0.6982437275985663,8.818387096774194,9.573440860215054
t1,1,3,ENE,2025,autumn,10–12,21,1.0643160300359125,1.0029163021289005,1.1666666666666665,0.9320634920634919,10.90857142857143,11.756746031746031
t1,1,3,ENE,2025,autumn,12+,34,0.9390092466016646,0.8619443067145083,1.0627739983255005,0.9456862745098038,13.346176470588235,12.801764705882352
t1,1,3,ENE,2025,spring,2–4,46,1.4898117048346058,0.8910465763592503,1.9407067634746207,0.20318840579710143,3.368478260869565,4.942934782608695
t1,1,3,ENE,2025,spring,4–6,75,1.403993855606759,1.1407217142337363,1.8395018109712764,0.4477111111111111,5.1008000000000004,7.175055555555557
t1,1,3,ENE,2025,spring,6–8,62,1.4892203527294121,1.1686567777547063,1.673449175168681,0.6945295698924732,6.842741935483871,9.580604838709677
t1,1,3,ENE,2025,spring,8–10,31,1.4539930555555556,1.2734385371034116,1.5363831225580555,0.9133333333333333,8.827096774193548,12.201559139784946
t1,1,3,ENE,2025,spring,10–12,2,1.1638089253296626,1.1334684900353105,1.194149360624015,0.9299999999999999,10.26,11.9425
t1,1,3,ENE,2025,summer,2–4,52,1.5738909251769462,1.041156914893617,2.1306433175179826,0.21471153846153848,3.0348076923076923,4.930576923076923
t1,1,3,ENE,2025,summer,4–6,81,1.1459810874704492,0.7507507507507508,1.5608843537414965,0.306440329218107,5.024938271604938,5.900534979423869
t1,1,3,ENE,2025,summer,6–8,93,0.9271111111111111,0.6406987724268178,1.31496062992126,0.39457706093189965,7.078494623655914,6.6709247311827955
t1,1,3,ENE,2025,summer,8–10,61,0.9903143274853802,0.7138660399529965,1.2155172413793103,0.5581693989071038,8.826065573770492,8.369726775956284
t1,1,3,ENE,2025,summer,10–12,15,1.1292745286033878,0.9353377638988978,1.2164678784167458,0.8527777777777777,10.692666666666668,11.242666666666668
t1,1,3,ENE,2025,winter,2–4,111,1.2270194986072425,0.7984380868911982,1.5541933611688672,0.09004504504504504,3.0936936936936936,3.934144144144144
t1,1,3,ENE,2025,winter,4–6,150,1.199397992022973,0.9729161215157065,1.54409076433121,0.3064,5.049133333333334,6.256722222222222
t1,1,3,ENE,2025,winter,6–8,105,1.3654336734693877,1.0815660685154975,1.5649606299212597,0.6667619047619048,6.958095238095238,9.081380952380952
t1,1,3,ENE,2025,winter,8–10,43,1.289122807017544,1.1745588481500082,1.4314738150760462,0.8657751937984496,8.823255813953487,11.238875968992248
t1,1,3,ENE,2025,winter,10–12,6,1.3693359476143794,1.290769084642731,1.3904265803855311,0.9877777777777776,10.538333333333334,14.028333333333334
t1,1,3,ENE,2026,winter,2–4,63,1.417562724014337,0.7939184009362082,1.960900151962099,0.16891534391534394,3.23,4.627910052910053
t1,1,3,ENE,2026,winter,4–6,224,1.2156250000000002,0.9696219440784659,1.5036790916395677,0.30762648809523807,5.070669642857142,6.211034226190477
t1,1,3,ENE,2026,winter,6–8,199,1.1023148148148147,0.9552431321299246,1.4040911596455934,0.526926298157454,7.064623115577889,8.155745393634842
t1,1,3,ENE,2026,winter,8–10,119,1.2121399176954732,1.0031440009837813,1.4068112600866545,0.746484593837535,8.7609243697479,10.507142857142856
t1,1,3,ENE,2026,winter,10–12,36,1.255365514348526,1.1160024385227842,1.415067179198759,0.9864351851851851,10.874166666666667,14.007037037037037
t1,1,3,ENE,2026,winter,12+,5,1.2383933229003654,0.9543666404405979,1.3082717063818132,0.9826666666666666,12.544,14.416666666666668
t1,1,4,E,2024,autumn,2–4,94,1.2464278355594973,0.5154151670483877,1.7386618890498886,0.11416666666666668,3.099787234042553,3.734769503546099
t1,1,4,E,2024,autumn,4–6,162,1.2948869716425895,0.9999745981113312,1.531693827312371,0.36859053497942385,5.115246913580247,6.507253086419753
t1,1,4,E,2024,autumn,6–8,193,1.2744310575635878,1.0211382113821137,1.519472361809045,0.6396200345423143,6.978393782383419,8.85387737478411
t1,1,4,E,2024,autumn,8–10,125,1.2112310151878498,1.044826224328594,1.3748114630467574,0.8247733333333334,8.948799999999999,10.57508
t1,1,4,E,2024,autumn,10–12,11,1.218938671750874,1.0784050952548112,1.3735336970364194,0.9736363636363635,10.289090909090909,12.765606060606059
t1,1,4,E,2024,spring,2–4,88,1.1852579979360165,0.7183256813519585,1.8085077330964237,0.1544431818181818,3.09875,4.1216704545454546
t1,1,4,E,2024,spring,4–6,108,1.4464357605611549,1.1382427778100266,1.7450040806309854,0.4352932098765432,5.015925925925926,7.302746913580247
t1,1,4,E,2024,spring,6–8,107,1.3983682983682983,1.1253326270231934,1.5694660397776383,0.6746728971962617,6.847757009345795,9.118052959501558
t1,1,4,E,2024,spring,8–10,59,1.1388888888888888,0.9649234257357973,1.3296862435780126,0.7442090395480225,8.939322033898305,10.211327683615819
t1,1,4,E,2024,spring,10–12,26,1.2322569178788894,1.0725596302921885,1.3111370487113387,0.9329487179487178,10.808846153846153,12.842115384615385
t1,1,4,E,2024,spring,12+,8,0.9568079235484059,0.9372067090892238,1.011832818755193,0.9879166666666667,14.17125,13.887916666666667
t1,1,4,E,2024,summer,2–4,45,1.2334739803094232,0.8102636534839925,1.889633601429848,0.16266666666666668,3.1737777777777776,4.239814814814815
t1,1,4,E,2024,summer,4–6,57,1.0723771580345285,0.7260147601476015,1.4524940617577196,0.2943859649122807,5.014035087719298,5.695760233918128
t1,1,4,E,2024,summer,6–8,35,0.8694843168527381,0.4214285714285715,1.180779837852206,0.3102857142857143,6.6328571428571435,5.9162380952380955
t1,1,4,E,2024,winter,2–4,14,1.3776186867319873,1.0892989396015893,1.6530959795362288,0.07869047619047619,3.3842857142857143,4.483809523809525
t1,1,4,E,2024,winter,4–6,13,1.2470784641068446,0.8707818930041153,1.71875,0.3630769230769231,4.856923076923077,6.526025641025641
t1,1,4,E,2024,winter,6–8,26,1.5462585034013605,1.33166407881578,1.6048963181474878,0.8516025641025641,7.151153846153846,10.331025641025642
t1,1,4,E,2024,winter,8–10,9,1.2143401983218916,1.1354983202687572,1.481459089076985,0.8703703703703703,8.425555555555555,10.704629629629629
t1,1,4,E,2025,autumn,2–4,59,1.1790364583333333,0.7431995211726248,1.9559589108955482,0.10350282485875706,2.831694915254237,3.7898022598870056
t1,1,4,E,2025,autumn,4–6,20,1.05613346691156,0.28375675783509885,1.4898092889874928,0.26008333333333333,4.843,4.80175
t1,1,4,E,2025,autumn,6–8,6,1.0422942879083232,0.8185797332237462,1.645290370101781,0.46694444444444444,6.655,7.465555555555556
t1,1,4,E,2025,autumn,8–10,5,1.3434237995824634,1.3342123769338958,1.390614216701173,0.8539999999999999,9.136,11.818666666666667
t1,1,4,E,2025,autumn,10–12,4,1.197063474878844,1.1385501304643295,1.2360270006747798,0.9658333333333333,10.6375,12.508333333333333
t1,1,4,E,2025,spring,2–4,52,1.483648197106558,0.8800669162709526,1.9491565452091768,0.17317307692307693,3.288269230769231,4.625160256410256
t1,1,4,E,2025,spring,4–6,111,1.3429994141769184,0.9842020929107853,1.7253287776434463,0.4090840840840841,5.018828828828829,6.898558558558559
t1,1,4,E,2025,spring,6–8,152,1.3640751615667186,1.0815557770334026,1.5780217186024552,0.6825548245614035,6.980723684210526,9.22397149122807
t1,1,4,E,2025,spring,8–10,88,1.3350592495174403,1.19690838772899,1.4547802884580752,0.8835416666666667,8.80181818181818,11.540511363636362
t1,1,4,E,2025,spring,10–12,37,1.2431263515600866,1.133419689119171,1.340945902170392,0.972972972972973,10.73054054054054,13.179918918918919
t1,1,4,E,2025,spring,12+,7,0.9477911646586346,0.7905814174089909,1.0328657035919482,0.838095238095238,12.348571428571429,11.311904761904762
t1,1,4,E,2025,summer,2–4,47,1.0994623655913978,0.6080183922397233,1.677745993325265,0.14822695035460992,3.1948936170212767,4.009503546099291
t1,1,4,E,2025,summer,4–6,32,1.1442541789009395,0.7253322069161078,1.5003786816354432,0.3051041666666667,4.9559375,5.8971875
t1,1,4,E,2025,summer,6–8,27,0.7482683982683983,0.3140448055145249,1.0049645390070923,0.2169753086419753,7.187777777777778,4.884691358024691
t1,1,4,E,2025,summer,8–10,10,0.7406298611397906,0.6753581578870548,0.7959352823681605,0.2793333333333333,8.540000000000001,6.033666666666667
t1,1,4,E,2025,summer,10–12,2,0.7768773085703597,0.739354729935298,0.8143998872054214,0.5491666666666667,10.885,8.426666666666668
t1,1,4,E,2025,winter,2–4,151,1.3782771535580525,0.696914814154635,1.8402161146347193,0.1413355408388521,3.1752980132450332,4.315673289183223
t1,1,4,E,2025,winter,4–6,230,1.147261196145125,0.8968849651106293,1.5613523955915258,0.25915217391304346,4.870652173913044,5.74673188405797
t1,1,4,E,2025,winter,6–8,242,1.321207449470764,0.9808692084192783,1.52955743618202,0.650530303030303,7.047851239669421,8.989758953168044
t1,1,4,E,2025,winter,8–10,141,1.2463063063063065,1.1107735925475901,1.3958789204959883,0.8504846335697399,8.816808510638298,10.818085106382979
t1,1,4,E,2025,winter,10–12,79,1.1598546775658494,1.0912424253811013,1.2480198807157057,0.9648523206751054,10.689746835443039,12.38168776371308
t1,1,4,E,2026,winter,2–4,26,2.119569026327167,1.4097730818126104,2.6080957161981257,0.3005769230769231,2.998076923076923,6.158782051282051
t1,1,4,E,2026,winter,4–6,13,1.6858757062146892,1.206140350877193,1.9809843400447427,0.5798717948717949,5.0515384615384615,8.166923076923077
t1,1,4,E,2026,winter,6–8,4,1.6139325739942594,1.4672781640402857,1.841725461483848,0.97,6.7575,11.27375
t1,1,4,E,2026,winter,8–10,16,1.3410882278159166,1.2462566486672333,1.3825548395860894,0.9362499999999999,8.800625,11.413124999999999
t1,1,4,E,2026,winter,10–12,3,1.202247191011236,1.1285247254491209,1.3246629689179805,0.9899999999999999,11.726666666666667,14.482222222222225
t1,1,4,E,2026,winter,12+,3,1.4173474945533768,1.3491656406539898,1.4541094319239911,0.9899999999999999,12.14,16.950555555555557
t1,1,5,ESE,2024,autumn,2–4,20,1.2059609096586943,0.7623677939325784,2.0750367480777925,0.14341666666666666,2.6895,3.9090833333333337
t1,1,5,ESE,2024,autumn,4–6,8,1.0910104533266296,0.9142904101211634,1.4108028775227754,0.23166666666666666,4.9175,5.4558333333333335
t1,1,5,ESE,2024,spring,2–4,28,1.3913763981683056,0.8580795900907702,2.227518940087106,0.15678571428571428,3.198571428571429,4.508452380952381
t1,1,5,ESE,2024,spring,4–6,6,1.2605622760709871,1.0630463272785213,1.4381571775850592,0.19555555555555557,4.431666666666667,5.545277777777778
t1,1,5,ESE,2024,summer,2–4,31,1.4069325735992404,0.7811585820961517,2.1274469833595537,0.18693548387096773,2.950967741935484,4.503440860215053
t1,1,5,ESE,2024,summer,4–6,13,1.1079970104633783,0.6019690576652602,1.3796087283671936,0.22243589743589742,4.712307692307692,4.987051282051282
t1,1,5,ESE,2025,autumn,2–4,9,1.6303418803418803,1.2884902840059789,1.8026143790849674,0.06944444444444445,2.2566666666666664,3.6157407407407405
t1,1,5,ESE,2025,spring,2–4,55,1.3356643356643356,1.0057208237986268,1.912489190591491,0.15372727272727274,3.126909090909091,4.490121212121212
t1,1,5,ESE,2025,spring,4–6,18,1.2034870766488412,0.8601946065645829,1.454696924583668,0.24777777777777776,4.78,5.653518518518519
t1,1,5,ESE,2025,spring,6–8,5,1.1360448807854138,1.0256410256410255,1.247514390371533,0.47333333333333333,6.764,7.703999999999999
t1,1,5,ESE,2025,spring,8–10,2,0.9904342816355665,0.9186457122463546,1.0622228510247782,0.6041666666666666,9.045,9.000833333333333
t1,1,5,ESE,2025,spring,10–12,1,0.8148814881488149,0.8148814881488149,0.8148814881488149,0.615,11.11,9.053333333333333
t1,1,5,ESE,2025,summer,2–4,16,1.3992195356874744,0.5918528505392913,2.4322094298245616,0.18864583333333332,2.6193750000000002,4.244791666666667
t1,1,5,ESE,2025,summer,4–6,13,1.1961843052555796,0.9130841121495329,1.5109289617486341,0.25512820512820517,4.937692307692307,5.526410256410257
t1,1,5,ESE,2025,summer,6–8,1,0.7904564315352697,0.7904564315352697,0.7904564315352697,0.225,7.23,5.715
t1,1,5,ESE,2025,summer,8–10,1,0.6764488741232928,0.6764488741232928,0.6764488741232928,0.255,9.03,6.108333333333333
t1,1,5,ESE,2025,winter,2–4,6,1.5893026802680268,1.234148611049446,2.225252525252525,0.055,2.2416666666666667,3.7608333333333337
t1,1,5,ESE,2026,winter,2–4,2,1.89177559912854,1.4728485838779957,2.310702614379085,0.12583333333333335,2.6550000000000002,4.683333333333334
t1,1,6,SE,2024,autumn,2–4,4,1.200279987015095,0.848824501207269,1.5675829624246829,0.10458333333333333,2.6225,3.399166666666667
t1,1,6,SE,2024,spring,2–4,8,0.8437481281820904,0.5856996279254716,1.6456482548939828,0.1025,2.71125,3.2504166666666667
t1,1,6,SE,2024,summer,2–4,14,1.9850880503144654,1.1122028042154395,2.1864999327685894,0.1766666666666667,2.5450000000000004,4.484166666666666
t1,1,6,SE,2025,autumn,2–4,2,2.001570377717167,1.7546078188280023,2.248532936606331,0.13,2.385,4.875
t1,1,6,SE,2025,spring,2–4,23,1.6039999999999999,0.8478645126813829,1.994245117657096,0.11471014492753623,2.67,3.9310869565217392
t1,1,6,SE,2025,spring,4–6,2,0.21985415257617535,0.13714556994953436,0.30256273520281635,0.0125,4.385,0.95
t1,1,6,SE,2025,summer,2–4,16,1.2378637819397063,0.9234531491016533,1.9228119114035713,0.14739583333333334,2.854375,4.009375
t1,1,6,SE,2025,summer,4–6,3,0.6937539834289356,0.486855205222093,0.8461180360374793,0.09666666666666666,5.1033333333333335,3.465
t1,1,7,SSE,2024,autumn,2–4,2,0.6156198953228655,0.5429584625129179,0.6882813281328132,0.010833333333333334,2.495,1.605
t1,1,7,SSE,2024,autumn,4–6,1,1.72289156626506,1.72289156626506,1.72289156626506,0.38666666666666666,4.15,7.1499999999999995
t1,1,7,SSE,2024,spring,2–4,5,1.4025764895330115,0.8870192307692307,1.5726072607260724,0.04633333333333334,2.27,2.616
t1,1,7,SSE,2024,summer,2–4,14,1.3561354994815071,0.9795524691358024,1.5393832199546482,0.0936904761904762,2.7692857142857146,3.465357142857143
t1,1,7,SSE,2024,summer,4–6,2,1.9945729072762863,1.788764583351567,2.200381231201006,0.645,4.795,9.718333333333334
t1,1,7,SSE,2024,summer,10–12,1,0.37769784172661874,0.37769784172661874,0.37769784172661874,0.09833333333333333,11.12,4.2
t1,1,7,SSE,2025,autumn,2–4,6,1.253824974312869,0.6733386573326763,1.7934591040024257,0.06111111111111111,2.4833333333333334,3.388333333333333
t1,1,7,SSE,2025,spring,2–4,11,1.0838477366255144,0.654511701170117,1.8871513249651324,0.1303030303030303,2.611818181818182,3.5790909090909087
t1,1,7,SSE,2025,spring,4–6,1,0.31846473029045647,0.31846473029045647,0.31846473029045647,0.011666666666666667,4.82,1.5350000000000001
t1,1,7,SSE,2025,summer,2–4,16,1.1407418117944434,0.42285729669681926,1.8606217259443065,0.17333333333333334,2.68,3.8013541666666666
t1,1,7,SSE,2025,summer,4–6,4,0.6478665567419228,0.27237878999580833,1.1319700647249191,0.11583333333333334,4.2075,3.1795833333333334
t1,1,7,SSE,2026,winter,2–4,2,1.2771559038494942,1.1728188760171563,1.381492931681832,0.030833333333333334,2.245,2.9141666666666666
t1,1,8,S,2024,autumn,2–4,5,2.1118363794604003,1.0798319327731092,2.596774193548387,0.29366666666666663,2.884,5.488666666666667
t1,1,8,S,2024,autumn,4–6,3,1.7482185273159145,1.531654099774222,2.0183878706231315,0.5088888888888888,4.54,7.882777777777778
t1,1,8,S,2024,spring,2–4,4,1.136658367050524,1.0017098980513615,1.7601662758126506,0.18666666666666665,2.4975,4.06375
t1,1,8,S,2024,spring,4–6,1,0.21146085552865215,0.21146085552865215,0.21146085552865215,0.01,4.13,0.8733333333333334
t1,1,8,S,2024,summer,2–4,16,0.9557874376463402,0.5876741620576056,1.6066386794509857,0.09395833333333334,2.82625,3.187708333333333
t1,1,8,S,2024,summer,4–6,6,0.8109415018635312,0.5283719621470409,1.5856630475355826,0.23916666666666667,4.715,4.691111111111112
t1,1,8,S,2024,summer,6–8,1,1.5977425552353506,1.5977425552353506,1.5977425552353506,0.8416666666666667,6.94,11.088333333333333
t1,1,8,S,2025,autumn,2–4,4,2.376311964674034,1.8223986690865095,2.594217199097336,0.365,3.1975,6.160416666666666
t1,1,8,S,2025,autumn,4–6,1,1.8424242424242423,1.8424242424242423,1.8424242424242423,0.6883333333333334,4.95,9.12
t1,1,8,S,2025,autumn,6–8,2,0.8782494653835873,0.74266155439722,1.0138373763699546,0.2841666666666667,6.775,5.921666666666667
t1,1,8,S,2025,spring,2–4,11,1.1444954128440366,0.946923076923077,1.4771634309154373,0.08409090909090909,2.6872727272727275,3.5680303030303033
t1,1,8,S,2025,summer,2–4,20,1.2230455818691115,0.8428254501593866,2.455349832146074,0.17016666666666666,2.9515000000000002,4.275083333333333
t1,1,8,S,2025,summer,4–6,10,0.9446739914025579,0.699734418660124,1.309232759317649,0.25383333333333336,4.891,5.476833333333333
t1,1,8,S,2025,summer,6–8,12,0.8214264100702009,0.5526694719771847,0.9936875812397945,0.2627777777777778,6.666666666666667,5.597083333333334
t1,1,8,S,2025,summer,8–10,3,0.359250398724083,0.3202814618670435,0.4791450072852108,0.07777777777777778,8.34,3.4455555555555555
t1,1,8,S,2026,winter,2–4,1,2.1682926829268294,2.1682926829268294,2.1682926829268294,0.07166666666666667,2.05,4.445
t1,1,9,SSW,2024,autumn,2–4,12,1.0401676927023216,0.7001807874806095,1.4895021049162154,0.04583333333333334,2.5766666666666667,2.809027777777778
t1,1,9,SSW,2024,autumn,4–6,1,1.2184936614466815,1.2184936614466815,1.2184936614466815,0.125,4.47,5.446666666666666
t1,1,9,SSW,2024,spring,2–4,10,1.0780398258888617,0.7758719621962196,1.6377136177132703,0.09566666666666666,2.4560000000000004,3.2984999999999998
t1,1,9,SSW,2024,summer,2–4,18,0.9749615384615384,0.6934060170094788,1.392271059250402,0.12518518518518518,3.0044444444444443,3.600925925925926
t1,1,9,SSW,2024,summer,4–6,13,0.9753566796368354,0.6326207442596992,1.166666666666667,0.21358974358974356,4.922307692307692,4.99448717948718
t1,1,9,SSW,2024,summer,6–8,5,0.5945827872433377,0.3425925925925926,0.6488916771225429,0.17733333333333332,6.9319999999999995,4.451
t1,1,9,SSW,2025,autumn,2–4,18,1.4036526722975373,1.105952809798271,1.7800050826366614,0.13166666666666668,3.1222222222222222,4.293333333333333
t1,1,9,SSW,2025,autumn,4–6,4,1.7990948969826168,1.6673595831773267,1.9183056171082713,0.5483333333333333,4.6225,8.16125
t1,1,9,SSW,2025,autumn,6–8,1,0.903045903045903,0.903045903045903,0.903045903045903,0.36166666666666664,7.77,7.016666666666667
t1,1,9,SSW,2025,spring,2–4,24,1.2453333333333332,0.9043879809329248,1.7454952584437589,0.11,2.814166666666667,3.8384722222222223
t1,1,9,SSW,2025,spring,4–6,3,0.8159636062861869,0.7548637630540066,1.0812655086848635,0.07333333333333333,4.183333333333334,3.9433333333333334
t1,1,9,SSW,2025,summer,2–4,19,1.5797720797720796,1.0184901419961183,1.9022226888468927,0.17078947368421052,2.8873684210526314,4.6427192982456145
t1,1,9,SSW,2025,summer,4–6,12,1.292398753894081,0.7491766722940103,1.9585111145217815,0.38375,4.939166666666666,7.2811111111111115
t1,1,9,SSW,2025,summer,6–8,5,1.0084745762711864,0.7970340858787073,1.1659513590844064,0.3986666666666666,7.0920000000000005,7.000666666666666
t1,1,9,SSW,2025,summer,8–10,2,0.8905733088711812,0.8816257290725376,0.8995208886698249,0.5575,9.559999999999999,8.508333333333333
t1,1,9,SSW,2025,summer,10–12,1,0.8188338010601808,0.8188338010601808,0.8188338010601808,0.5733333333333334,10.69,8.753333333333332
t1,1,9,SSW,2025,winter,2–4,7,0.7852713178294574,0.48168649699261945,1.1671117044948822,0.039523809523809524,2.508571428571429,2.407857142857143
t1,1,9,SSW,2026,winter,2–4,5,1.6483050847457628,1.6163617886178863,1.7805555555555552,0.08733333333333335,2.88,4.9
t1,1,9,SSW,2026,winter,4–6,1,0.5144766146993318,0.5144766146993318,0.5144766146993318,0.01,4.49,2.31
t1,1,9,SSW,2026,winter,6–8,1,0.33679446219382325,0.33679446219382325,0.33679446219382325,0.016666666666666666,6.26,2.1083333333333334
t1,1,10,SW,2024,autumn,2–4,38,1.258144362823379,0.8404580452071491,1.8210560006084269,0.11864035087719299,3.0973684210526318,4.0394736842105265
t1,1,10,SW,2024,autumn,4–6,26,0.9424159128992425,0.4835319604768527,1.322308930120002,0.2275641025641026,4.928846153846154,5.001666666666666
t1,1,10,SW,2024,autumn,6–8,14,1.2353975597772684,0.8109790206469505,1.5570279925979498,0.5517857142857142,6.853571428571429,7.963214285714286
t1,1,10,SW,2024,autumn,8–10,1,0.929375,0.929375,0.929375,0.44166666666666665,8.0,7.435
t1,1,10,SW,2024,spring,2–4,26,1.1042312215574985,0.643287037037037,1.3227736928104576,0.06493589743589744,3.011923076923077,3.2883333333333336
t1,1,10,SW,2024,spring,4–6,12,0.939761528986065,0.7446918955754345,1.1704381136385729,0.14597222222222223,4.876666666666667,4.559583333333333
t1,1,10,SW,2024,spring,6–8,3,1.2144702842377262,0.8011891282076806,1.2432611402618527,0.5111111111111111,7.05,6.983333333333333
t1,1,10,SW,2024,spring,8–10,1,1.4587264150943395,1.4587264150943395,1.4587264150943395,0.9899999999999999,8.48,12.37
t1,1,10,SW,2024,summer,2–4,39,1.4171568627450981,0.7727106139554153,1.8423871159575955,0.1626068376068376,3.1046153846153848,4.411794871794872
t1,1,10,SW,2024,summer,4–6,17,0.5729847494553377,0.38899371069182387,1.2894361170592437,0.12176470588235293,4.934705882352941,3.7318627450980393
t1,1,10,SW,2024,summer,6–8,9,1.0073766712770862,0.8669284467713788,1.4031770045385779,0.4655555555555555,6.972222222222222,7.368333333333333
t1,1,10,SW,2024,summer,8–10,2,0.6555674448420437,0.4506635159313463,0.860471373752741,0.33666666666666667,8.649999999999999,5.510833333333334
t1,1,10,SW,2024,summer,10–12,1,0.3755038759689922,0.3755038759689922,0.3755038759689922,0.09833333333333333,10.75,4.036666666666666
t1,1,10,SW,2024,winter,10–12,2,1.049833786667736,1.0143665654182707,1.0853010079172014,0.9891666666666665,10.965,11.46
t1,1,10,SW,2025,autumn,2–4,38,1.4590401995455553,0.6718147823743431,1.8591430716430717,0.16355263157894737,3.03,4.289342105263158
t1,1,10,SW,2025,autumn,4–6,37,1.142730496453901,0.8023809523809523,1.328514739229025,0.25756756756756755,4.899459459459459,5.504504504504505
t1,1,10,SW,2025,autumn,6–8,25,1.2860180754917596,1.055694618272841,1.5337899543378997,0.6367333333333334,6.9716,8.7794
t1,1,10,SW,2025,autumn,8–10,7,1.186659192825112,1.1325686616782509,1.2183799085172355,0.844047619047619,8.741428571428571,10.12547619047619
t1,1,10,SW,2025,spring,2–4,50,0.8447330607025163,0.44666404107590874,1.332916576067261,0.057999999999999996,2.8939999999999997,2.7003000000000004
t1,1,10,SW,2025,spring,4–6,28,0.9196369166429047,0.6814410291467805,1.1025013242861466,0.12255952380952381,4.752857142857144,4.289583333333334
t1,1,10,SW,2025,spring,6–8,13,0.9849232456140351,0.862095531587057,1.1713034518289542,0.3496153846153846,6.507692307692308,6.40474358974359
t1,1,10,SW,2025,spring,8–10,4,1.002468505752255,0.8422695320254832,1.2711453256485292,0.6141666666666666,8.379999999999999,9.32875
t1,1,10,SW,2025,spring,10–12,1,1.1642468239564427,1.1642468239564427,1.1642468239564427,0.9083333333333333,11.02,12.829999999999998
t1,1,10,SW,2025,summer,2–4,35,1.5253054101221641,0.925800095533795,1.9449859532677554,0.14947619047619046,2.9025714285714286,4.31852380952381
t1,1,10,SW,2025,summer,4–6,28,1.348481640592921,1.012067629863687,1.6349495635047373,0.3601190476190476,4.918928571428571,6.575833333333334
t1,1,10,SW,2025,summer,6–8,10,0.9743768769888006,0.7981646482823469,1.705553906895128,0.5096666666666667,7.071,8.444833333333333
t1,1,10,SW,2025,summer,8–10,5,0.7577447335811647,0.685874349739896,0.9396807720861173,0.3556666666666667,8.794,6.779999999999999
t1,1,10,SW,2025,summer,12+,1,0.3210590917061195,0.3210590917061195,0.3210590917061195,0.01,19.01,6.103333333333333
t1,1,10,SW,2025,winter,2–4,46,1.1846823718916744,0.7311252307644168,1.6710969899206285,0.05496376811594203,2.7328260869565217,3.3739855072463767
t1,1,10,SW,2025,winter,4–6,19,1.1229739252995066,0.5397495418690161,1.6098765066777139,0.2598245614035088,4.812631578947368,5.306842105263158
t1,1,10,SW,2025,winter,6–8,7,1.136007376671277,1.1041887989086265,1.3105715259076605,0.5138095238095238,6.8585714285714285,8.413571428571428
t1,1,10,SW,2025,winter,8–10,2,0.8093930041284677,0.783028009913814,0.8357579983431214,0.3566666666666667,8.82,7.1225000000000005
t1,1,10,SW,2026,winter,2–4,34,1.4810062920001712,1.069034873116922,2.0393096100575328,0.158578431372549,3.2191176470588236,4.836666666666666
t1,1,10,SW,2026,winter,4–6,31,1.1067221067221067,0.735024020564975,1.6301703489203487,0.2580107526881721,4.964838709677419,5.568279569892473
t1,1,10,SW,2026,winter,6–8,23,1.2814516129032258,0.8448150145830835,1.457524120759415,0.5431884057971014,6.895652173913043,7.9739130434782615
t1,1,10,SW,2026,winter,8–10,8,1.2142620258437815,0.9371334982591167,1.3205649508574868,0.755,8.6625,10.090625
t1,1,10,SW,2026,winter,10–12,3,1.2776225946617008,1.2191531776727307,1.301764357342734,0.9899999999999999,11.219999999999999,14.059444444444445
t1,1,11,WSW,2024,autumn,2–4,76,1.1832764355742298,0.688408844137987,1.6847638818279387,0.13407894736842105,3.071447368421053,3.9567105263157893
t1,1,11,WSW,2024,autumn,4–6,94,1.164975541160162,0.5526783385498174,1.3706817048519326,0.24021276595744684,5.095,5.279982269503546
t1,1,11,WSW,2024,autumn,6–8,98,1.0009683266362783,0.7213158053929798,1.2037683208660221,0.38139455782312925,6.885612244897959,6.709965986394558
t1,1,11,WSW,2024,autumn,8–10,73,0.9998324958123953,0.7385654885654886,1.1560926485397784,0.6119178082191781,8.981643835616438,8.59529680365297
t1,1,11,WSW,2024,autumn,10–12,55,1.002351834430856,0.8349567078221767,1.0920669029791683,0.8042424242424243,10.914363636363635,10.312060606060605
t1,1,11,WSW,2024,autumn,12+,69,0.8590361445783133,0.7882478632478632,0.9447445419761422,0.9229710144927535,13.936231884057971,11.867705314009662
t1,1,11,WSW,2024,spring,2–4,53,0.9291139240506329,0.48568507157464214,1.4169169169169167,0.06540880503144654,3.131698113207547,3.1176415094339625
t1,1,11,WSW,2024,spring,4–6,100,1.0985785695767711,0.714623957668389,1.2412479055343175,0.22193333333333334,5.1216,5.310066666666667
t1,1,11,WSW,2024,spring,6–8,123,1.0725806451612903,0.8745410871023241,1.2545387809521205,0.4241327913279133,6.866666666666667,7.063685636856369
t1,1,11,WSW,2024,spring,8–10,92,1.0514586351819313,0.8320777294637138,1.185541930789022,0.6832608695652174,9.005,9.242445652173913
t1,1,11,WSW,2024,spring,10–12,62,0.9310656517602285,0.7773919944130876,1.0255562350066614,0.7259408602150538,10.945,9.63491935483871
t1,1,11,WSW,2024,spring,12+,103,0.8897096941420427,0.8045896668099433,0.9281411289449288,0.9203074433656957,14.5152427184466,12.238754045307443
t1,1,11,WSW,2024,summer,2–4,39,0.8704581358609795,0.5075184501845019,1.3455342707933515,0.082991452991453,3.073076923076923,3.0523931623931624
t1,1,11,WSW,2024,summer,4–6,39,0.6233140655105972,0.4174180192662972,1.1453360051716581,0.130982905982906,4.947435897435897,3.746025641025641
t1,1,11,WSW,2024,summer,6–8,44,0.9158931695006718,0.6656888303250923,1.1263942418192765,0.3336363636363636,6.990454545454545,6.310189393939393
t1,1,11,WSW,2024,summer,8–10,26,0.8497199060388394,0.4384475778182453,1.081575473962083,0.36429487179487174,8.720384615384615,6.874358974358975
t1,1,11,WSW,2024,summer,10–12,12,0.5217892997284528,0.3085371536036228,0.657127505223521,0.2897222222222222,11.088333333333333,5.7754166666666675
t1,1,11,WSW,2024,summer,12+,6,0.6476640942660361,0.621236913598658,0.7115526474447637,0.5266666666666667,12.908333333333333,7.638333333333333
t1,1,11,WSW,2024,winter,2–4,7,1.1252276867030964,0.7998788357264648,1.5130874415257285,0.07523809523809524,3.412857142857143,4.24547619047619
t1,1,11,WSW,2024,winter,4–6,49,1.1933010492332528,0.9245218579234973,1.3296812749003986,0.20789115646258505,5.033877551020408,5.9221768707483
t1,1,11,WSW,2024,winter,6–8,25,1.0861074123391035,1.0088888888888887,1.2017828200972447,0.4158,6.7756,7.631933333333333
t1,1,11,WSW,2024,winter,8–10,4,0.7727757285617118,0.6910466406309413,0.8502774208492858,0.19583333333333333,8.2375,6.337083333333333
t1,1,11,WSW,2024,winter,12+,15,0.7258235919234856,0.6930405851524881,0.7727915833786408,0.9901111111111109,17.527333333333335,12.99248888888889
t1,1,11,WSW,2025,autumn,2–4,85,1.1118721461187215,0.6312056737588653,1.652281746031746,0.12537254901960784,3.130235294117647,3.8741960784313725
t1,1,11,WSW,2025,autumn,4–6,90,1.3203004429674527,1.0211968069881228,1.604092859740861,0.3294814814814815,4.920888888888888,6.245777777777778
t1,1,11,WSW,2025,autumn,6–8,74,1.0643629455004824,0.844340973437939,1.2522794443623466,0.4625900900900901,6.950675675675676,7.374504504504505
t1,1,11,WSW,2025,autumn,8–10,40,1.0961096350003376,0.8322998872604285,1.2259850531860315,0.6765833333333333,8.911,8.901083333333334
t1,1,11,WSW,2025,autumn,10–12,35,1.0468409586056644,0.9604254698820203,1.1003220013375645,0.879095238095238,10.973142857142857,10.906619047619047
t1,1,11,WSW,2025,autumn,12+,28,0.8874988048309417,0.7784688056151556,0.9782141246604119,0.8598214285714285,13.125714285714285,11.143571428571429
t1,1,11,WSW,2025,spring,2–4,48,1.2348787878787877,0.4796542272823108,1.8885440698667644,0.1407986111111111,2.957708333333333,3.784722222222222
t1,1,11,WSW,2025,spring,4–6,123,0.908647140864714,0.5145223246565437,1.4019847563950756,0.25057994579945797,4.999349593495935,5.083032520325203
t1,1,11,WSW,2025,spring,6–8,104,0.8769653524492235,0.6353713859931783,1.2212110771378075,0.37317307692307694,7.037788461538461,6.45698717948718
t1,1,11,WSW,2025,spring,8–10,91,0.9398567119155353,0.747869220491929,1.1942991934592864,0.6006959706959707,8.963846153846154,8.552472527472528
t1,1,11,WSW,2025,spring,10–12,56,0.9113208230944284,0.7408077446669096,1.0096679721123438,0.714672619047619,10.955892857142857,9.52282738095238
t1,1,11,WSW,2025,spring,12+,69,0.8995836394807739,0.7809347333745109,0.9758394758394756,0.8980917874396134,14.35449275362319,12.14256038647343
t1,1,11,WSW,2025,summer,2–4,66,0.9083008839496347,0.5875560346169412,1.5891360065152824,0.11368686868686868,3.140151515151515,3.475808080808081
t1,1,11,WSW,2025,summer,4–6,126,0.9454796045110181,0.49554067570571236,1.4156202552845663,0.22857804232804232,5.068809523809524,4.968531746031746
t1,1,11,WSW,2025,summer,6–8,144,0.8331121108813503,0.5723953115608094,1.1074235671280006,0.30886574074074075,6.933888888888889,5.925532407407407
t1,1,11,WSW,2025,summer,8–10,105,1.0465197621545996,0.7750252780586451,1.1756190476190476,0.5944761904761905,8.816571428571429,8.561428571428571
t1,1,11,WSW,2025,summer,10–12,40,0.7769362511893434,0.5950285450118904,0.9706348511233835,0.5519166666666667,10.82875,8.290208333333334
t1,1,11,WSW,2025,summer,12+,26,0.6238609962357233,0.4748752734924816,0.7674632996119533,0.5808076923076922,14.598846153846154,8.921153846153846
t1,1,11,WSW,2025,winter,2–4,73,1.218243819266837,0.8032904148783977,1.722044728434505,0.0747945205479452,3.113561643835616,3.875388127853881
t1,1,11,WSW,2025,winter,4–6,93,0.9466551326412918,0.531400966183575,1.2223360655737705,0.11609318996415771,5.061505376344086,4.385118279569892
t1,1,11,WSW,2025,winter,6–8,92,1.0242308100165123,0.803589904247799,1.271388655704245,0.4138405797101449,7.06391304347826,7.278387681159421
t1,1,11,WSW,2025,winter,8–10,64,1.0862123220718007,0.8863868255266306,1.225795831433393,0.6566666666666666,8.723125,8.980520833333333
t1,1,11,WSW,2025,winter,10–12,19,0.8288646143661038,0.7813613637683878,0.9463692867231083,0.7007017543859648,10.657894736842104,9.451929824561404
t1,1,11,WSW,2025,winter,12+,19,0.9202666666666666,0.7319443488409445,1.0108068108551669,0.9002631578947369,14.295789473684211,12.355087719298245
t1,1,11,WSW,2026,winter,2–4,65,1.4682539682539684,0.7486702127659575,1.7418981481481481,0.07233333333333335,3.052769230769231,3.897307692307692
t1,1,11,WSW,2026,winter,4–6,76,1.0088276836158192,0.4304435196640798,1.2806729601942368,0.1562719298245614,4.805394736842105,4.442434210526316
t1,1,11,WSW,2026,winter,6–8,55,1.0899810066476734,0.935511826596934,1.2344545363808763,0.44790909090909087,6.856363636363636,7.240545454545455
t1,1,11,WSW,2026,winter,8–10,45,1.0140237324703345,0.7444200512257593,1.1663223140495866,0.5860740740740741,8.941777777777778,8.317481481481481
t1,1,11,WSW,2026,winter,10–12,17,1.0162760416666665,0.9084392310198763,1.1201091901728846,0.8781372549019607,10.66294117647059,10.829117647058823
t1,1,11,WSW,2026,winter,12+,6,0.9732271272394729,0.414152923700996,1.0349651716539912,0.6641666666666666,13.084999999999999,9.9975
t1,1,12,W,2024,autumn,2–4,56,1.0834421390013496,0.6232763472632615,1.626725023466695,0.09419642857142858,3.2082142857142855,3.6269642857142856
t1,1,12,W,2024,autumn,4–6,46,0.9683862120296804,0.7746364332185227,1.1963231276117006,0.14003623188405798,4.803478260869565,4.717108695652174
t1,1,12,W,2024,autumn,6–8,44,0.9291022749679582,0.6776361714798976,1.1323734159385617,0.35125,6.970454545454545,6.570795454545455
t1,1,12,W,2024,autumn,8–10,49,0.9039106145251398,0.7868122977346278,1.0526641883519205,0.5301360544217687,9.028979591836736,7.923299319727891
t1,1,12,W,2024,autumn,10–12,45,0.9286380597014925,0.8656672545561435,0.9960208142026322,0.7613703703703703,10.918,9.824111111111112
t1,1,12,W,2024,autumn,12+,51,0.8363636363636364,0.7614407510547949,0.9312202928333457,0.8797712418300654,13.874509803921569,11.457745098039217
t1,1,12,W,2024,spring,2–4,50,1.0362715969239988,0.7280317429260885,1.4403736857061666,0.06993333333333333,2.9874,3.391166666666667
t1,1,12,W,2024,spring,4–6,63,1.081159420289855,0.7893049409685269,1.3522275405007365,0.22665608465608467,4.9944444444444445,5.384671957671958
t1,1,12,W,2024,spring,6–8,61,0.9835336003560303,0.744226579520697,1.1760641238253178,0.38232240437158466,7.082459016393442,6.7175956284153004
t1,1,12,W,2024,spring,8–10,63,0.8905865823674042,0.778122815836086,1.0826692032963565,0.5537566137566137,9.043333333333333,8.253042328042328
t1,1,12,W,2024,spring,10–12,47,0.8910144927536231,0.6958823757057251,1.031240226905353,0.7059574468085106,10.999148936170213,9.591347517730497
t1,1,12,W,2024,spring,12+,64,0.8584265153501975,0.7980813916475682,0.9189309203427588,0.9349739583333333,14.34109375,12.115598958333333
t1,1,12,W,2024,summer,2–4,24,0.9826103500761036,0.7734717960192643,1.640418409568084,0.12013888888888889,3.1525,3.793958333333333
t1,1,12,W,2024,summer,4–6,54,0.7466887417218543,0.48802154842530737,0.9192177398626866,0.11793209876543209,5.228518518518519,3.9158641975308646
t1,1,12,W,2024,summer,6–8,53,0.8247800586510263,0.6840579710144927,1.0667620410109682,0.2676729559748428,6.913018867924528,5.623396226415094
t1,1,12,W,2024,summer,8–10,26,0.9279084699615738,0.7462573357126794,0.994360595115239,0.45666666666666667,8.848076923076924,7.414423076923077
t1,1,12,W,2024,summer,10–12,12,0.571575640537453,0.4195222004583421,0.7430761250467879,0.33819444444444446,10.836666666666666,6.467777777777777
t1,1,12,W,2024,summer,12+,4,0.8584695847131314,0.7697240305390738,0.9575022061621978,0.9454166666666666,15.7775,13.6425
t1,1,12,W,2024,winter,2–4,19,1.2930204572803852,1.092100973931534,1.7578352589739792,0.0643859649122807,3.0957894736842104,4.4880701754385965
t1,1,12,W,2024,winter,4–6,10,1.2425263622148268,1.1633965722211213,1.3768153221167672,0.19966666666666666,4.947,6.416499999999999
t1,1,12,W,2024,winter,6–8,1,1.4273952095808384,1.4273952095808384,1.4273952095808384,0.7766666666666667,6.68,9.535
t1,1,12,W,2024,winter,12+,4,0.775096324338193,0.7491092665652579,0.7898207373379349,0.9899999999999999,17.8175,13.608541666666667
t1,1,12,W,2025,autumn,2–4,63,1.3646153846153846,0.7223915821584632,1.8097155126140634,0.14462962962962964,2.96952380952381,4.094100529100529
t1,1,12,W,2025,autumn,4–6,54,1.0707909852380837,0.5759718515355325,1.3573298298298295,0.23367283950617285,4.8348148148148145,5.091111111111111
t1,1,12,W,2025,autumn,6–8,47,1.0707395498392283,0.8661881818527388,1.3581877287507838,0.4906028368794326,7.094893617021276,7.639432624113476
t1,1,12,W,2025,autumn,8–10,51,1.1418286537077034,0.9394475934945593,1.2661158285699416,0.7171895424836602,8.827254901960785,9.585032679738562
t1,1,12,W,2025,autumn,10–12,39,1.0518909410729993,0.8783978788527436,1.1138807302375704,0.8071367521367521,10.952307692307691,10.557051282051283
t1,1,12,W,2025,autumn,12+,12,0.8962830931913107,0.6590472200571578,1.0290258908555927,0.78875,13.165833333333333,11.066250000000002
t1,1,12,W,2025,spring,2–4,41,0.7377358490566038,0.47784200385356457,1.211038961038961,0.07772357723577235,2.9878048780487805,2.989959349593496
t1,1,12,W,2025,spring,4–6,75,0.9857638888888889,0.6893588276432068,1.284145570910277,0.21677777777777776,4.988,5.094422222222222
t1,1,12,W,2025,spring,6–8,45,0.8768115942028986,0.6752966558791801,1.033426183844011,0.3064074074074074,6.875111111111111,6.255333333333334
t1,1,12,W,2025,spring,8–10,81,0.8008409785932721,0.5628865979381443,1.0720870206489677,0.47369958847736626,9.032962962962962,7.50682304526749
t1,1,12,W,2025,spring,10–12,64,0.9018728252604156,0.7645866878690712,1.0300117571339358,0.717890625,10.87734375,9.577760416666667
t1,1,12,W,2025,spring,12+,71,0.7898961284230407,0.6949861155573218,0.896389813536846,0.8192018779342723,13.90056338028169,10.708098591549296
t1,1,12,W,2025,summer,2–4,84,0.8568625708314481,0.48816526610644256,1.6354623538011694,0.10972222222222222,3.0636904761904766,3.3665277777777782
t1,1,12,W,2025,summer,4–6,100,0.8629593810444876,0.5348509211064328,1.2373555731969588,0.1891,5.0401,4.629883333333334
t1,1,12,W,2025,summer,6–8,128,0.9223334137127239,0.6623209145980917,1.1066545650296475,0.32416666666666666,6.9878125,6.211739583333333
t1,1,12,W,2025,summer,8–10,62,0.9612608863781567,0.7031799992724362,1.158850865238337,0.5295698924731184,8.815,8.095241935483871
t1,1,12,W,2025,summer,10–12,41,0.8957106812447435,0.7821609632446135,0.9499860296172116,0.6781707317073171,10.899024390243902,9.500365853658536
t1,1,12,W,2025,summer,12+,32,0.7231835856089299,0.46396932943134195,0.8192379943891304,0.6229166666666667,13.901875,8.931354166666667
t1,1,12,W,2025,winter,2–4,20,1.606428055254454,1.132756699930961,2.1687056605876016,0.08383333333333334,2.6545,4.3021666666666665
t1,1,12,W,2025,winter,4–6,20,1.1917169783414678,1.0355632397556658,1.329932510861274,0.24175,5.2219999999999995,6.1295
t1,1,12,W,2025,winter,6–8,19,1.0723853683668212,0.9038813482306634,1.1799862712301339,0.37508771929824564,6.846842105263158,7.106929824561403
t1,1,12,W,2025,winter,8–10,13,0.9398355754857997,0.7931331953071082,1.022883295194508,0.5523076923076923,8.891538461538461,8.18474358974359
t1,1,12,W,2025,winter,10–12,12,0.8539898111773401,0.772480116888916,0.9230278287987936,0.7355555555555555,10.959166666666667,9.422638888888889
t1,1,12,W,2025,winter,12+,41,0.8208108108108109,0.7382510909701242,0.8618171194858312,0.9632520325203252,16.462195121951222,13.152357723577236
t1,1,12,W,2026,winter,2–4,36,1.4413099004341454,0.7496830847240683,1.7123123547515862,0.05925925925925926,2.8755555555555556,3.8062962962962965
t1,1,12,W,2026,winter,4–6,14,0.9704861111111109,0.3398784248969036,1.207930775364986,0.1335714285714286,4.866428571428571,4.075
t1,1,12,W,2026,winter,6–8,14,1.122338405480196,0.829846743251749,1.3996687136016264,0.5203571428571429,7.221428571428571,7.8690476190476195
t1,1,12,W,2026,winter,8–10,9,1.1055386693684568,1.0859126984126983,1.3590534979423867,0.826111111111111,8.954444444444444,10.282407407407408
t1,1,12,W,2026,winter,10–12,9,1.0186393289841564,0.9971830985915492,1.059769038701623,0.8475925925925926,10.797777777777778,10.560370370370372
t1,1,12,W,2026,winter,12+,7,0.9322033898305083,0.9138120709765004,1.037862756623778,0.9823809523809522,12.934285714285716,12.455238095238096
t1,1,13,WNW,2024,autumn,2–4,19,0.9769230769230769,0.6081848030018762,1.2584787644787645,0.04763157894736842,2.818947368421053,2.60140350877193
t1,1,13,WNW,2024,autumn,4–6,8,1.1912260132453543,1.1580093575891897,1.2328707924929718,0.22020833333333334,4.7837499999999995,5.410625
t1,1,13,WNW,2024,autumn,6–8,6,0.6252297502852072,0.5246455958913747,0.7788004446204576,0.21166666666666667,6.973333333333334,5.079444444444444
t1,1,13,WNW,2024,autumn,8–10,8,1.188515216579537,0.9874360854199565,1.2693143728915066,0.645625,8.55875,8.892916666666666
t1,1,13,WNW,2024,autumn,10–12,4,1.0999814027161166,1.0095321392025565,1.2182201215303707,0.91625,10.485,11.813333333333333
t1,1,13,WNW,2024,spring,2–4,22,1.0299883964063326,0.7804807018961429,1.1474521919361778,0.04833333333333333,2.804090909090909,2.9778030303030305
t1,1,13,WNW,2024,spring,4–6,14,0.9427699357685345,0.563656484008678,1.0963139095377583,0.11071428571428572,4.622857142857143,4.149761904761904
t1,1,13,WNW,2024,spring,6–8,5,0.6841329966329966,0.6651090342679129,1.6873655913978496,0.42633333333333334,6.614,7.113000000000001
t1,1,13,WNW,2024,spring,8–10,3,1.1488833746898262,0.9620194407294722,1.2431007310039568,0.6983333333333334,8.93,9.72888888888889
t1,1,13,WNW,2024,spring,10–12,1,0.7544117647058824,0.7544117647058824,0.7544117647058824,0.4766666666666666,10.2,7.695
t1,1,13,WNW,2024,summer,2–4,14,0.9239802170868346,0.6248597601770367,1.4083724799373654,0.11309523809523811,3.145,3.5195238095238097
t1,1,13,WNW,2024,summer,4–6,21,0.796127562642369,0.6136695906432749,0.998991935483871,0.1073015873015873,4.957142857142857,4.015873015873016
t1,1,13,WNW,2024,summer,6–8,12,0.7234630473911684,0.4398365134913691,0.9547164082820812,0.22847222222222222,6.945,5.133472222222222
t1,1,13,WNW,2024,summer,8–10,8,0.756194872771115,0.32386460023113545,0.9889833748221908,0.36,9.05125,6.204791666666667
t1,1,13,WNW,2024,summer,10–12,1,0.7787581699346405,0.7787581699346405,0.7787581699346405,0.5033333333333333,10.2,7.9433333333333325
t1,1,13,WNW,2024,winter,2–4,6,1.3856668106118923,1.3573092006033183,1.6824140118651625,0.08361111111111112,2.566666666666667,4.216111111111111
t1,1,13,WNW,2025,autumn,2–4,28,1.2360637182560614,0.7925374097007223,1.6310469534392544,0.08416666666666668,3.0107142857142857,3.6482142857142854
t1,1,13,WNW,2025,autumn,4–6,17,1.1743180306054557,1.0968421052631578,1.4038304808475959,0.28480392156862744,4.694117647058824,6.134607843137254
t1,1,13,WNW,2025,autumn,6–8,6,0.8587424992262096,0.6114719413486851,1.052433135959804,0.3277777777777778,7.368333333333333,5.67111111111111
t1,1,13,WNW,2025,autumn,8–10,6,0.9298700558531858,0.816793178368754,0.9724270353302611,0.5522222222222223,8.645000000000001,8.201388888888888
t1,1,13,WNW,2025,autumn,10–12,7,1.14231220657277,0.9080942216230385,1.1615706849501035,0.8233333333333334,10.732857142857142,11.066666666666666
t1,1,13,WNW,2025,autumn,12+,2,1.0360377685999114,1.0301993954820645,1.0418761417177582,0.9874999999999999,12.495000000000001,12.945
t1,1,13,WNW,2025,spring,2–4,26,0.7718818801495968,0.5545553866615999,1.1991489184566246,0.052243589743589745,3.1946153846153846,2.9412179487179486
t1,1,13,WNW,2025,spring,4–6,15,0.919793966151582,0.5906750298685781,1.0575691527355526,0.10505555555555555,4.874,4.085977777777778
t1,1,13,WNW,2025,spring,6–8,12,0.7782179261189455,0.6583149147632406,1.0133032677209781,0.22569444444444445,6.951666666666667,5.698888888888889
t1,1,13,WNW,2025,spring,8–10,4,0.9398477302312209,0.8596840730798843,0.9874766356826351,0.5833333333333334,9.05,8.264166666666668
t1,1,13,WNW,2025,spring,10–12,2,0.8643095238095239,0.7684642857142858,0.9601547619047619,0.6733333333333333,10.805,9.424166666666668
t1,1,13,WNW,2025,spring,12+,2,0.6996146684546916,0.699207256798,0.700022080111383,0.8324999999999999,15.594999999999999,10.909166666666668
t1,1,13,WNW,2025,summer,2–4,58,0.8861167706081612,0.6037454822679015,1.4233771515533165,0.10313218390804597,2.970689655172414,3.3861781609195405
t1,1,13,WNW,2025,summer,4–6,30,0.8486884197056942,0.5682369343327107,1.112589506557752,0.17572222222222222,5.044,4.599111111111111
t1,1,13,WNW,2025,summer,6–8,21,1.0954746136865343,0.701195219123506,1.2235772357723578,0.37452380952380954,7.0409523809523815,6.763412698412698
t1,1,13,WNW,2025,summer,8–10,22,0.8360443419177566,0.5811549802802332,1.0666643164320184,0.46295454545454545,9.109545454545454,7.633636363636364
t1,1,13,WNW,2025,summer,10–12,4,1.0826557145088527,0.823114115090906,1.347381864623244,0.8424999999999999,10.82,11.664583333333333
t1,1,13,WNW,2025,summer,12+,6,0.9100461438127929,0.8938507080766916,0.9491660409097769,0.9025,13.211666666666666,11.732777777777779
t1,1,13,WNW,2025,winter,2–4,5,1.36963696369637,1.2845528455284554,2.3647234678624813,0.09300000000000001,2.3899999999999997,3.796666666666667
t1,1,13,WNW,2025,winter,4–6,2,0.8894540987811856,0.8013872810508245,0.9775209165115468,0.1175,5.525,4.975
t1,1,13,WNW,2025,winter,6–8,1,1.065040650406504,1.065040650406504,1.065040650406504,0.22333333333333336,6.15,6.55
t1,1,13,WNW,2026,winter,2–4,5,1.1910739191073916,0.6743471582181259,2.0900383141762457,0.10200000000000001,2.418,3.618666666666667
t1,1,13,WNW,2026,winter,12+,2,0.9601078463375085,0.9589638108707537,0.9612518818042632,0.9899999999999999,12.29,11.8
t1,1,14,NW,2024,autumn,2–4,4,0.9185902320230678,0.7690108485351023,1.7548812350256393,0.23125,2.5675,4.33375
t1,1,14,NW,2024,spring,2–4,8,0.9766964735028838,0.9085355133614627,1.1746193924203394,0.03958333333333333,2.50875,2.7852083333333333
t1,1,14,NW,2024,summer,2–4,13,0.6373456790123456,0.5141242937853108,1.1160337552742616,0.05217948717948718,3.1315384615384616,2.528461538461538
t1,1,14,NW,2024,summer,4–6,3,0.9683333333333333,0.8211997885835094,1.206645496535797,0.1511111111111111,4.3533333333333335,4.439444444444445
t1,1,14,NW,2024,summer,6–8,2,1.5560973554798996,1.5369855393926888,1.5752091715671102,0.705,6.965,10.829999999999998
t1,1,14,NW,2024,winter,2–4,1,3.149399399399399,3.149399399399399,3.149399399399399,0.2866666666666667,2.22,6.991666666666667
t1,1,14,NW,2025,autumn,2–4,10,0.5129040701478864,0.30060028702394725,1.4096700083542189,0.03916666666666667,2.853,2.2045
t1,1,14,NW,2025,autumn,4–6,1,1.9543269230769231,1.9543269230769231,1.9543269230769231,0.5066666666666667,4.16,8.13
t1,1,14,NW,2025,autumn,6–8,1,1.3971774193548385,1.3971774193548385,1.3971774193548385,0.835,7.44,10.395
t1,1,14,NW,2025,spring,2–4,11,1.0723039215686274,0.8830202284984121,1.26989684762794,0.03666666666666667,2.688181818181818,2.9430303030303033
t1,1,14,NW,2025,summer,2–4,14,1.3742569041142882,1.1801642066420666,2.0731545102184636,0.16874999999999998,2.919285714285714,4.4627380952380955
t1,1,14,NW,2025,summer,4–6,6,0.9175160540965416,0.4388944706833922,1.4256939991030302,0.24777777777777776,4.58,4.886666666666667
t1,1,14,NW,2025,summer,6–8,1,1.152569349704411,1.152569349704411,1.152569349704411,0.5599999999999999,7.33,8.448333333333332
t1,1,14,NW,2025,summer,8–10,1,0.42157894736842105,0.42157894736842105,0.42157894736842105,0.085,9.5,4.005
t1,1,14,NW,2025,summer,10–12,1,0.29197191697191693,0.29197191697191693,0.29197191697191693,0.06166666666666667,10.92,3.188333333333333
t1,1,14,NW,2026,winter,2–4,1,1.0741626794258374,1.0741626794258374,1.0741626794258374,0.01,2.09,2.245
t1,1,15,NNW,2024,autumn,2–4,2,2.2524059368500664,1.57271459633201,2.9320972773681224,0.3175,2.3049999999999997,5.4025
t1,1,15,NNW,2024,spring,2–4,1,2.137984496124031,2.137984496124031,2.137984496124031,0.13,2.15,4.596666666666667
t1,1,15,NNW,2024,summer,2–4,2,0.7831267217630854,0.7256542699724517,0.840599173553719,0.023333333333333334,2.31,1.8216666666666668
t1,1,15,NNW,2024,winter,2–4,1,2.848341232227489,2.848341232227489,2.848341232227489,0.17,2.11,6.010000000000001
t1,1,15,NNW,2025,autumn,2–4,2,0.5556379007465965,0.5208745059288539,0.5904012955643392,0.01,2.6449999999999996,1.461666666666667
t1,1,15,NNW,2025,spring,2–4,7,1.1184834123222749,0.62925863132735,1.547603065391285,0.08095238095238096,2.4757142857142855,2.8752380952380956
t1,1,15,NNW,2025,spring,6–8,1,0.337257980115123,0.337257980115123,0.337257980115123,0.021666666666666667,6.37,2.1483333333333334
t1,1,15,NNW,2025,summer,2–4,3,1.3429179978700745,1.1071526405535344,1.7713110699409544,0.20222222222222222,3.323333333333333,4.884444444444444
t1,1,15,NNW,2025,summer,4–6,5,0.9803352675693101,0.6519023282226007,1.2877229080932784,0.189,5.35,4.971333333333333
t1,1,15,NNW,2025,summer,6–8,1,0.8939176245210728,0.8939176245210728,0.8939176245210728,0.24833333333333332,6.96,6.221666666666667
t1,2,0,N,2024,autumn,2–4,4,3.6565811755708513,2.7385338442068434,4.086643518518518,0.4354166666666667,2.3975,6.9475
t1,2,0,N,2024,spring,2–4,1,2.1848958333333335,2.1848958333333335,2.1848958333333335,0.22166666666666668,2.56,5.593333333333334
t1,2,0,N,2024,summer,2–4,10,1.0311642512077295,0.7762721724622409,1.216006942959383,0.05233333333333333,2.499,2.6195
t1,2,0,N,2025,autumn,2–4,3,0.34570312500000006,0.31644548215255164,0.5000873348577236,0.01,2.56,1.0361111111111112
t1,2,0,N,2025,autumn,4–6,1,0.5333333333333334,0.5333333333333334,0.5333333333333334,0.03833333333333334,5.1,2.72
t1,2,0,N,2025,spring,2–4,3,1.4842767295597485,1.2313961772798743,1.6306414511996272,0.05611111111111111,2.4566666666666666,3.425555555555556
t1,2,0,N,2025,spring,6–8,1,0.9745920745920746,0.9745920745920746,0.9745920745920746,0.3833333333333333,7.15,6.968333333333334
t1,2,0,N,2025,spring,8–10,1,0.864075993091537,0.864075993091537,0.864075993091537,0.5783333333333334,9.65,8.338333333333333
t1,2,0,N,2025,summer,2–4,7,1.085144927536232,0.8076602564102564,1.7856012658227849,0.17714285714285713,2.915714285714286,4.042619047619048
t1,2,0,N,2025,summer,6–8,1,0.4139941690962099,0.4139941690962099,0.4139941690962099,0.049999999999999996,6.86,2.84
t1,2,0,N,2025,summer,8–10,1,0.14288569144684252,0.14288569144684252,0.14288569144684252,0.008333333333333333,8.34,1.1916666666666667
t1,2,1,NNE,2024,autumn,2–4,7,0.8869918699186993,0.5954593219401583,1.1065788797698404,0.13952380952380952,2.5357142857142856,3.2199999999999998
t1,2,1,NNE,2024,spring,2–4,2,2.4723311302789295,1.5112393114521492,3.4334229491057098,0.4316666666666667,2.315,5.8291666666666675
t1,2,1,NNE,2024,summer,2–4,7,1.2021660649819494,0.6508134073923548,1.6724269972451793,0.03380952380952381,2.7471428571428573,3.173809523809524
t1,2,1,NNE,2024,summer,4–6,1,0.9985964912280701,0.9985964912280701,0.9985964912280701,0.13166666666666668,4.75,4.743333333333333
t1,2,1,NNE,2025,autumn,2–4,10,1.0244832972843068,0.6942836694050287,2.082385955635633,0.08633333333333335,2.549,3.275666666666667
t1,2,1,NNE,2025,spring,2–4,3,2.8449612403100772,1.7833621628547631,3.0034330011074193,0.21944444444444447,2.223333333333333,4.834444444444444
t1,2,1,NNE,2025,spring,6–8,1,0.7834912043301759,0.7834912043301759,0.7834912043301759,0.22999999999999998,7.39,5.79
t1,2,1,NNE,2025,summer,2–4,12,2.0720529417033724,0.6398182777138472,2.533712055798603,0.22236111111111112,2.6216666666666666,4.656666666666666
t1,2,1,NNE,2025,summer,4–6,1,1.140885984023239,1.140885984023239,1.140885984023239,0.16833333333333333,4.59,5.236666666666667
t1,2,1,NNE,2026,winter,2–4,8,1.1900386357580601,0.7918788419113709,1.8784376153562201,0.03166666666666667,2.71,3.2875
t1,2,2,NE,2024,autumn,2–4,36,0.9356542391511604,0.6036246982508665,2.189433834876543,0.175,2.945,4.0006712962962965
t1,2,2,NE,2024,autumn,4–6,9,1.4640905542544886,0.6909857328145266,1.7755255255255253,0.2533333333333333,4.514444444444444,5.841851851851852
t1,2,2,NE,2024,autumn,6–8,1,2.177016985138004,2.177016985138004,2.177016985138004,0.9866666666666667,6.28,13.671666666666667
t1,2,2,NE,2024,spring,2–4,21,1.0152582159624413,0.5998751560549314,2.3039950062421974,0.18777777777777777,2.958095238095238,4.158174603174603
t1,2,2,NE,2024,spring,4–6,6,0.7712938402593574,0.42441370889646757,1.127521864440469,0.20111111111111113,4.47,4.756111111111111
t1,2,2,NE,2024,summer,2–4,14,1.1978405999427264,0.6657476452119309,1.7774326492900214,0.17500000000000002,3.097857142857143,4.168690476190476
t1,2,2,NE,2024,summer,4–6,25,0.9603174603174605,0.5904010519395135,1.6206261510128912,0.23553333333333334,4.9492,5.137933333333333
t1,2,2,NE,2024,summer,6–8,3,1.1808309726156752,1.166827446440728,1.3122953014079917,0.5499999999999999,6.523333333333333,8.215555555555556
t1,2,2,NE,2024,winter,2–4,8,1.4257600783674405,1.0835510770769736,1.726496246133892,0.033125,2.76,3.8914583333333335
t1,2,2,NE,2025,autumn,2–4,42,1.1400874688918168,0.6958582208168114,1.6292189276218472,0.09845238095238094,2.9335714285714283,3.521579365079365
t1,2,2,NE,2025,autumn,4–6,43,0.9989473684210527,0.5467705943854064,1.2525563489750315,0.21538759689922482,4.966511627906977,4.902868217054263
t1,2,2,NE,2025,autumn,6–8,52,1.1448414093700376,0.6425510204081633,1.299599032807988,0.4509935897435898,6.946346153846154,7.065961538461538
t1,2,2,NE,2025,autumn,8–10,24,1.2567948106027576,0.9907147859585921,1.3727324336403057,0.7454166666666667,8.809583333333334,10.162222222222223
t1,2,2,NE,2025,autumn,10–12,3,1.220031298904538,1.1995714150477321,1.24997608466493,0.9872222222222223,10.446666666666667,12.802777777777777
t1,2,2,NE,2025,spring,2–4,24,1.522275700357892,0.7223356741822576,2.303966407445181,0.19368055555555555,2.6391666666666667,4.390972222222222
t1,2,2,NE,2025,spring,4–6,2,1.1582388064836227,0.9518941116518789,1.3645835013153667,0.3491666666666667,5.57,6.509166666666667
t1,2,2,NE,2025,summer,2–4,26,1.3233244150190457,0.774827882960413,1.8254375960260532,0.1709551282051282,2.875,4.353006410256411
t1,2,2,NE,2025,summer,4–6,4,1.2882364810330913,0.867848886392817,1.664728682170543,0.28208333333333335,4.5,5.61875
t1,2,2,NE,2025,summer,6–8,3,1.5407239819004526,1.0371915240664045,1.5873657836177357,0.5988888888888889,6.8933333333333335,8.805555555555555
t1,2,2,NE,2025,summer,8–10,1,1.4876247504990021,1.4876247504990021,1.4876247504990021,0.975,8.35,12.421666666666667
t1,2,2,NE,2025,winter,2–4,7,1.8777777777777778,1.620959595959596,2.0996389961576805,0.11285714285714286,2.5242857142857145,4.60452380952381
t1,2,2,NE,2026,winter,2–4,17,1.3127147766323024,0.8450704225352113,1.8509433962264152,0.07450980392156863,2.948235294117647,3.751764705882353
t1,2,2,NE,2026,winter,4–6,41,1.24,0.93993399339934,1.655873015873016,0.34658536585365857,5.108292682926829,6.38430894308943
t1,2,2,NE,2026,winter,6–8,24,1.0921418685875066,0.9689699529805432,1.2612921653284856,0.41291666666666665,6.869583333333334,7.339930555555555
t1,2,2,NE,2026,winter,8–10,17,1.209393014581214,0.8585058871295167,1.2765021048603136,0.7354901960784314,8.68235294117647,9.723921568627452
t1,2,2,NE,2026,winter,10–12,1,1.1604419545596014,1.1604419545596014,1.1604419545596014,0.9883333333333333,10.71,12.428333333333333
t1,2,3,ENE,2024,autumn,2–4,75,1.5196969696969698,0.7785945368776694,2.103118603464864,0.20755555555555555,3.1052000000000004,4.706466666666667
t1,2,3,ENE,2024,autumn,4–6,96,1.1702310350551555,0.8086256696133541,1.6064461920420479,0.3372847222222222,5.0653125,6.078989583333333
t1,2,3,ENE,2024,autumn,6–8,80,1.3884774853113855,1.1599432058613726,1.593275802071924,0.6927083333333333,6.971125000000001,9.144124999999999
t1,2,3,ENE,2024,autumn,8–10,45,1.3437984496124031,1.1865125240847785,1.4133811230585425,0.8416666666666667,8.783111111111111,11.09737037037037
t1,2,3,ENE,2024,autumn,10–12,8,1.3453666002177265,1.3279973988264473,1.3851612486003353,0.9899999999999999,10.64125,14.48125
t1,2,3,ENE,2024,spring,2–4,48,1.3388067502986858,0.9248500643958952,1.9046514131592667,0.19541666666666668,3.138333333333333,4.659756944444444
t1,2,3,ENE,2024,spring,4–6,73,1.0271739130434785,0.5444964871194379,1.5414579855314414,0.28057077625570775,4.851232876712329,5.41296803652968
t1,2,3,ENE,2024,spring,6–8,49,1.2496318114874816,0.8477198697068404,1.5536480686695278,0.5346938775510204,6.858775510204081,8.132074829931973
t1,2,3,ENE,2024,spring,8–10,22,1.1239133739652003,0.8484308996266317,1.4277793560606062,0.6625,8.585909090909091,9.157045454545456
t1,2,3,ENE,2024,spring,10–12,2,1.1935124613651844,1.1122158867672483,1.2748090359631203,0.9483333333333333,10.09,12.044166666666667
t1,2,3,ENE,2024,summer,2–4,25,1.5560072267389342,0.9746835443037974,2.375,0.2662,3.1180000000000003,5.348466666666667
t1,2,3,ENE,2024,summer,4–6,49,1.1076628352490423,0.6599552572706936,1.5042194092827004,0.25258503401360544,4.9255102040816325,5.500102040816326
t1,2,3,ENE,2024,summer,6–8,32,1.1254930750350631,0.8733222106953284,1.450246172524261,0.46875,7.0471875,7.78125
t1,2,3,ENE,2024,summer,8–10,12,1.3488437298217308,1.199470852837678,1.4017898907954636,0.7972222222222222,8.540833333333333,10.750277777777777
t1,2,3,ENE,2024,winter,2–4,25,1.6009523809523807,1.3722438391699094,2.2909090909090906,0.2217333333333333,3.1576,5.326266666666666
t1,2,3,ENE,2024,winter,4–6,17,1.6141732283464565,1.3220910623946038,1.745808182427901,0.4711764705882353,5.038823529411765,7.243137254901961
t1,2,3,ENE,2024,winter,6–8,17,1.4544086021505376,1.341540404040404,1.493150684931507,0.8127450980392157,7.327647058823529,10.082450980392156
t1,2,3,ENE,2024,winter,8–10,1,1.3881249999999998,1.3881249999999998,1.3881249999999998,0.9883333333333333,8.0,11.104999999999999
t1,2,3,ENE,2025,autumn,2–4,111,1.401463963963964,0.7921940207906519,1.9413161842823097,0.16324324324324324,3.0790990990990994,4.410525525525525
t1,2,3,ENE,2025,autumn,4–6,255,1.0408695652173914,0.6720702404918586,1.4002226797135031,0.2546758169934641,4.979098039215686,5.288190849673202
t1,2,3,ENE,2025,autumn,6–8,161,1.1160572337042924,0.8851899274434487,1.4372605363984672,0.5205383022774327,6.925900621118012,7.810714285714286
t1,2,3,ENE,2025,autumn,8–10,84,1.1454128209252705,0.9272593676915424,1.336046275681312,0.7273214285714286,8.796785714285713,9.828968253968254
t1,2,3,ENE,2025,autumn,10–12,26,1.1301369703767148,0.9934351085492824,1.2218885114837246,0.8873076923076924,10.693076923076923,11.48205128205128
t1,2,3,ENE,2025,autumn,12+,29,0.9535907859078592,0.7805747126436782,1.0004122011541632,0.9224137931034482,13.77,12.67522988505747
t1,2,3,ENE,2025,spring,2–4,35,1.3944773175542409,0.8188984576026653,2.3760443106916136,0.2345714285714286,3.064857142857143,4.9051904761904765
t1,2,3,ENE,2025,spring,4–6,72,1.1838032238442822,0.8134634547606787,1.5336290861292476,0.3293055555555556,5.074305555555556,6.061041666666666
t1,2,3,ENE,2025,spring,6–8,75,1.389336917562724,1.0551838494618762,1.5773347682350272,0.6631666666666667,6.953866666666666,9.325888888888889
t1,2,3,ENE,2025,spring,8–10,28,1.4539600785024889,1.2321190110250053,1.4948928535396915,0.9199404761904761,8.898928571428572,12.311964285714286
t1,2,3,ENE,2025,spring,10–12,3,1.3596405228758173,1.207160391187677,1.3803435725701636,0.9716666666666666,10.5,13.324444444444445
t1,2,3,ENE,2025,summer,2–4,61,1.383050847457627,0.7995712754555199,1.924398625429553,0.17928961748633881,3.1047540983606554,4.453989071038252
t1,2,3,ENE,2025,summer,4–6,91,1.038339670468948,0.6151307340627729,1.5276812792941825,0.28463369963369967,5.027142857142858,5.588260073260073
t1,2,3,ENE,2025,summer,6–8,89,0.9939784946236558,0.7416666666666667,1.2517948717948717,0.40234831460674153,6.982921348314607,6.8498801498127335
t1,2,3,ENE,2025,summer,8–10,52,1.0336122815230961,0.6325932154127222,1.2737632530949967,0.5608333333333333,8.752692307692307,8.339038461538461
t1,2,3,ENE,2025,summer,10–12,12,0.9619220467256463,0.8848752900555878,1.0848739053649699,0.7933333333333333,10.6575,10.265416666666667
t1,2,3,ENE,2025,winter,2–4,136,1.4880317075169232,1.0665539100788408,1.8697568771098183,0.14332107843137254,3.0161764705882352,4.6210539215686275
t1,2,3,ENE,2025,winter,4–6,126,1.2333958333333332,1.0032036346100155,1.5720642639206712,0.3144444444444444,4.9190476190476184,6.381944444444445
t1,2,3,ENE,2025,winter,6–8,88,1.239193630883911,0.999807545419281,1.480735725033658,0.594469696969697,6.9593181818181815,8.549829545454545
t1,2,3,ENE,2025,winter,8–10,38,1.276804773367245,1.160122018734309,1.3761951311451428,0.9029824561403509,8.842894736842105,11.250745614035088
t1,2,3,ENE,2025,winter,10–12,6,1.2973794547595787,1.1845661767075502,1.3285938708983438,0.9899999999999999,11.135,14.17388888888889
t1,2,3,ENE,2026,winter,2–4,75,1.4335871404399323,0.8286383351790327,2.2140033879164314,0.20713333333333334,3.2762666666666664,4.929866666666666
t1,2,3,ENE,2026,winter,4–6,210,1.216391897449959,0.9311616006120316,1.4821504835117905,0.30468253968253967,5.075666666666667,6.184992063492063
t1,2,3,ENE,2026,winter,6–8,223,1.1133436373003607,0.936944318391906,1.3870443102265937,0.5115844544095665,6.905784753363228,7.8144245142003
t1,2,3,ENE,2026,winter,8–10,116,1.2122557175091146,1.0056628549375453,1.3523292307988726,0.7319683908045976,8.82396551724138,10.285359195402298
t1,2,3,ENE,2026,winter,10–12,39,1.320240295748614,1.2099740799502041,1.4431315939549472,0.9853846153846152,10.87076923076923,14.672222222222222
t1,2,4,E,2024,autumn,2–4,97,1.1385083713850837,0.6099071207430341,1.8279569892473118,0.1395876288659794,3.1258762886597937,3.901512027491409
t1,2,4,E,2024,autumn,4–6,150,1.237082362082362,0.8770227096816692,1.5506813454148012,0.36244444444444446,5.190133333333333,6.328677777777777
t1,2,4,E,2024,autumn,6–8,202,1.1110326094695089,0.9332214826131238,1.4237090535415815,0.5400660066006601,6.96039603960396,8.014174917491749
t1,2,4,E,2024,autumn,8–10,132,1.16732626907662,1.0367864388282775,1.3243873371000685,0.8018055555555555,8.795681818181817,10.207449494949495
t1,2,4,E,2024,autumn,10–12,16,1.2631909963588215,1.1126744590073985,1.3361400911382153,0.9417708333333333,10.34625,12.409270833333332
t1,2,4,E,2024,spring,2–4,67,1.4443027210884354,0.9351582513347219,2.112270223481272,0.21203980099502487,3.228358208955224,5.067587064676617
t1,2,4,E,2024,spring,4–6,103,1.280890804597701,0.9109046853032732,1.6426605900857338,0.35721682847896435,5.034951456310679,6.467022653721683
t1,2,4,E,2024,spring,6–8,126,1.3029947916666669,1.0558628529940006,1.4985964358445834,0.6203650793650793,7.088571428571428,8.54992328042328
t1,2,4,E,2024,spring,8–10,59,1.0749896992171406,0.8610082615126676,1.2641770218110742,0.6373333333333333,8.77593220338983,9.152305084745763
t1,2,4,E,2024,spring,10–12,39,1.1718080548414738,1.0249407638319599,1.2722853726559147,0.8976495726495727,10.752307692307692,12.224145299145299
t1,2,4,E,2024,spring,12+,11,1.0587256300523062,0.9815837890118441,1.1564349916673495,0.9884848484848484,13.26909090909091,14.043333333333333
t1,2,4,E,2024,summer,2–4,33,1.373403019744483,0.875826251180359,1.926747311827957,0.19176767676767675,3.2487878787878786,4.547929292929293
t1,2,4,E,2024,summer,4–6,57,1.052431165787932,0.6574693422519509,1.4160256410256409,0.26008771929824565,5.018070175438597,5.499327485380117
t1,2,4,E,2024,summer,6–8,38,0.9605493942498946,0.37780765222708956,1.3842752584167721,0.3875,6.866578947368422,6.447456140350877
t1,2,4,E,2024,summer,8–10,5,0.37120315581854046,0.22293116782675948,0.41410414104141036,0.1413333333333333,8.459999999999999,3.7093333333333334
t1,2,4,E,2024,winter,2–4,4,1.8623329241680304,1.5897994550627081,2.0200023741690405,0.05791666666666667,2.7675,4.634166666666667
t1,2,4,E,2024,winter,4–6,25,1.7385185185185186,0.933982683982684,2.100709219858156,0.5212666666666667,4.8652,7.626333333333333
t1,2,4,E,2024,winter,6–8,22,1.5353813195481392,1.432575259989053,1.6617806121478438,0.8532575757575757,6.856363636363636,10.208181818181817
t1,2,4,E,2024,winter,8–10,4,1.1932998119532336,1.1540770250371797,1.249756335282651,0.9608333333333333,8.815000000000001,10.656666666666666
t1,2,4,E,2025,autumn,2–4,70,1.205098238482385,0.6180727362691736,1.7693767774835736,0.12816666666666665,3.108714285714286,3.868928571428571
t1,2,4,E,2025,autumn,4–6,11,1.3931116389548692,1.1271774193548385,1.8292310106716887,0.41333333333333333,4.944545454545454,6.818484848484848
t1,2,4,E,2025,autumn,6–8,7,1.310126582278481,0.9331367642218032,1.5796086316390885,0.61,7.222857142857143,9.359285714285715
t1,2,4,E,2025,autumn,8–10,4,1.0794076863716768,0.8100825218037467,1.3612401305484876,0.6879166666666666,9.145,10.079583333333332
t1,2,4,E,2025,autumn,10–12,2,1.1651392209770917,1.1326020991175256,1.1976763428366575,0.9458333333333333,10.205,11.886666666666667
t1,2,4,E,2025,autumn,12+,7,0.9685088374408762,0.9270996824405666,1.0167483278589848,0.9578571428571429,13.44,12.592619047619047
t1,2,4,E,2025,spring,2–4,78,1.5026657335896485,0.8389792940716541,2.3051256613756617,0.2166880341880342,3.216153846153846,4.854529914529914
t1,2,4,E,2025,spring,4–6,121,1.3632716049382716,1.0851608187134503,1.665052461662631,0.4003168044077135,5.003223140495868,6.824035812672177
t1,2,4,E,2025,spring,6–8,167,1.3402342116269343,0.9899193221305096,1.5449181994639063,0.6378343313373254,7.004850299401197,8.934982035928144
t1,2,4,E,2025,spring,8–10,79,1.2845281490481977,1.164274322169059,1.4002581596902086,0.8749367088607596,8.89759493670886,11.265278481012658
t1,2,4,E,2025,spring,10–12,36,1.2313906883189873,1.1021293004022208,1.3010879033014549,0.9595833333333332,11.025555555555556,13.173518518518518
t1,2,4,E,2025,spring,12+,12,0.9915123335413247,0.7411098645391839,1.0427599627850959,0.8402777777777778,12.634166666666667,11.350138888888887
t1,2,4,E,2025,summer,2–4,34,1.5653833658219622,0.7526627658126848,2.05458693018325,0.19519607843137254,3.0158823529411767,4.58436274509804
t1,2,4,E,2025,summer,4–6,23,1.2239185750636132,0.6870172927847347,1.384963219749385,0.2707246376811594,4.980869565217391,5.503478260869565
t1,2,4,E,2025,summer,6–8,19,0.8978704910908301,0.6273013586569924,1.1305363555223449,0.3383333333333334,6.980526315789473,6.26561403508772
t1,2,4,E,2025,summer,8–10,10,0.708157324652217,0.6782780688992905,0.9205101736761451,0.37116666666666664,8.756,7.039333333333333
t1,2,4,E,2025,summer,10–12,2,0.8723680606224591,0.8556728982949234,0.8890632229499947,0.7008333333333333,10.93,9.545
t1,2,4,E,2025,winter,2–4,176,1.451359060527155,0.9264613682463582,1.958744292237443,0.1753030303030303,3.180340909090909,4.694895833333333
t1,2,4,E,2025,winter,4–6,229,1.2192331478045764,0.8357400722021661,1.5267686424474185,0.31034206695778743,5.015895196506551,6.051979621542941
t1,2,4,E,2025,winter,6–8,255,1.3089912280701754,0.9650414719086254,1.5805877858707278,0.6513006535947712,7.058862745098039,9.00807843137255
t1,2,4,E,2025,winter,8–10,138,1.2822514514182108,1.1399629275195178,1.4014480735690502,0.8733574879227053,8.92536231884058,11.181038647342996
t1,2,4,E,2025,winter,10–12,55,1.1634584536413217,1.0562212617151099,1.2356550611291892,0.9626666666666667,10.859272727272726,12.42121212121212
t1,2,4,E,2025,winter,12+,8,0.9611066559743384,0.9452817304436384,0.9869557062514903,0.9870833333333332,12.45125,12.069583333333332
t1,2,4,E,2026,winter,2–4,20,1.2800161067648412,0.842455127270961,1.9967695841223088,0.1394166666666667,3.0585,4.265083333333333
t1,2,4,E,2026,winter,4–6,10,1.2150697867679,1.1582715275225057,1.7393633475461918,0.395,5.139,7.1835
t1,2,4,E,2026,winter,6–8,9,1.5328605200945626,1.4643157010915198,1.5582690659811482,0.9094444444444445,7.288888888888888,10.995555555555555
t1,2,4,E,2026,winter,8–10,12,1.4024946674277472,1.2959416565900848,1.4407345368819406,0.9772222222222222,8.928333333333333,12.225
t1,2,4,E,2026,winter,10–12,1,1.5354700854700856,1.5354700854700856,1.5354700854700856,0.9899999999999999,11.7,17.965
t1,2,4,E,2026,winter,12+,5,1.2148814177743028,1.1439144736842106,1.406544647809207,0.9899999999999999,12.36,15.178333333333333
t1,2,5,ESE,2024,autumn,2–4,29,1.0361356932153394,0.6461794019933556,1.8891585760517802,0.15189655172413793,2.863793103448276,3.8609195402298853
t1,2,5,ESE,2024,autumn,4–6,2,0.4514803017171621,0.4020037465079732,0.500956856926351,0.014166666666666668,4.720000000000001,2.0825
t1,2,5,ESE,2024,autumn,6–8,2,0.6048733521235982,0.5004681721247912,0.7092785321224051,0.13,6.695,4.121666666666666
t1,2,5,ESE,2024,spring,2–4,21,1.293118856121537,0.9079096045197739,2.0893518518518515,0.21388888888888888,3.1785714285714284,4.77531746031746
t1,2,5,ESE,2024,spring,4–6,13,0.9485735735735735,0.7545526524148851,1.0819964349376114,0.14487179487179486,4.57923076923077,4.533333333333333
t1,2,5,ESE,2024,spring,8–10,1,0.8988095238095236,0.8988095238095236,0.8988095238095236,0.49,8.96,8.053333333333333
t1,2,5,ESE,2024,summer,2–4,22,1.630336393292354,1.2036822603056971,1.9272199309080655,0.1759848484848485,2.8059090909090907,4.55969696969697
t1,2,5,ESE,2025,autumn,2–4,18,1.0995170374901242,0.7201462805941428,1.518825353797264,0.044722222222222226,2.589444444444444,2.8831481481481482
t1,2,5,ESE,2025,autumn,4–6,1,2.2360838244924692,2.2360838244924692,2.2360838244924692,0.9333333333333332,5.09,11.381666666666668
t1,2,5,ESE,2025,spring,2–4,53,1.219387755102041,0.8912859560067682,1.6823069403714566,0.12874213836477988,3.20188679245283,4.121572327044025
t1,2,5,ESE,2025,spring,4–6,18,1.2319432319705126,0.9895192928591446,1.5225200848741007,0.2876851851851852,4.908888888888889,5.866018518518519
t1,2,5,ESE,2025,spring,6–8,1,0.9860232067510548,0.9860232067510548,0.9860232067510548,0.285,6.32,6.2316666666666665
t1,2,5,ESE,2025,spring,8–10,2,0.9061895970063487,0.6923355617999668,1.1200436322127305,0.5291666666666666,8.535,7.873333333333333
t1,2,5,ESE,2025,spring,10–12,2,1.0774129518289821,1.026352270880728,1.128473632777236,0.8441666666666666,10.870000000000001,11.7125
t1,2,5,ESE,2025,summer,2–4,18,1.690825519396948,0.9743781913541739,2.713002370957711,0.2732407407407408,2.895555555555555,5.351018518518519
t1,2,5,ESE,2025,summer,4–6,8,0.7977383802114502,0.47886379370024224,1.4018936938883289,0.26375,5.09625,5.063124999999999
t1,2,5,ESE,2025,summer,6–8,2,0.7286637109678555,0.6785903199569845,0.7787371019787265,0.19166666666666665,7.18,5.2508333333333335
t1,2,5,ESE,2025,winter,2–4,8,1.530855919442876,1.0407477613840517,1.6757203700858638,0.07770833333333334,2.69,3.9000000000000004
t1,2,5,ESE,2026,winter,2–4,3,1.395238095238095,0.9352973874374652,1.9306878306878308,0.17777777777777778,2.723333333333333,4.136111111111111
t1,2,5,ESE,2026,winter,4–6,1,2.5135344160866206,2.5135344160866206,2.5135344160866206,0.9183333333333333,4.31,10.833333333333334
t1,2,6,SE,2024,autumn,2–4,1,0.8547854785478547,0.8547854785478547,0.8547854785478547,0.01,2.02,1.7266666666666666
t1,2,6,SE,2024,autumn,4–6,1,2.3447432762836184,2.3447432762836184,2.3447432762836184,0.7999999999999999,4.09,9.59
t1,2,6,SE,2024,spring,2–4,6,1.2726339481774267,0.6829710144927537,1.7842261904761905,0.12694444444444444,2.783333333333333,3.9022222222222225
t1,2,6,SE,2024,summer,2–4,15,2.2927429274292743,0.9595845845845845,2.5128462181093756,0.23877777777777778,2.529333333333333,4.954555555555555
t1,2,6,SE,2024,summer,4–6,2,1.954861228095789,1.604970117433899,2.3047523387576794,0.5191666666666667,4.225,8.115833333333333
t1,2,6,SE,2025,autumn,2–4,5,0.5567484662576688,0.4510117145899894,1.0357142857142858,0.022,2.77,2.1613333333333333
t1,2,6,SE,2025,spring,2–4,20,0.9457972514664176,0.6383643254006488,1.6843578964313135,0.09416666666666666,2.631,3.1508333333333334
t1,2,6,SE,2025,spring,4–6,3,0.2410649161196207,0.1488929864203387,0.30027484681859257,0.010555555555555556,4.376666666666666,0.96
t1,2,6,SE,2025,summer,2–4,11,1.1559304703476483,0.6135422856011091,2.22572834801937,0.2406060606060606,3.0645454545454545,4.867575757575757
t1,2,6,SE,2025,summer,4–6,2,0.5337410296876396,0.42913267129202276,0.6383493880832565,0.08916666666666667,5.205,2.8775
t1,2,6,SE,2025,summer,6–8,2,0.3425847947185795,0.31654005465513985,0.3686295347820192,0.025,7.24,2.4683333333333337
t1,2,6,SE,2026,winter,2–4,1,2.610225763612218,2.610225763612218,2.610225763612218,0.01,2.51,6.551666666666667
t1,2,7,SSE,2024,autumn,2–4,3,2.2252066115702482,1.4007612005219663,2.417802735984554,0.14777777777777779,2.853333333333333,4.561111111111111
t1,2,7,SSE,2024,spring,2–4,2,1.5154062925802059,1.151933915520872,1.8788786696395394,0.05083333333333333,2.205,3.243333333333333
t1,2,7,SSE,2024,summer,2–4,24,1.3049025761904152,0.8055918505613627,1.7359013685700804,0.11902777777777777,2.7575,3.6479166666666667
t1,2,7,SSE,2024,summer,4–6,1,1.2575107296137338,1.2575107296137338,1.2575107296137338,0.26666666666666666,4.66,5.859999999999999
t1,2,7,SSE,2025,autumn,2–4,6,1.0524047917039157,0.6665107605771582,1.5671174719887953,0.11916666666666666,2.7416666666666667,3.4994444444444444
t1,2,7,SSE,2025,autumn,4–6,1,1.4644160583941606,1.4644160583941606,1.4644160583941606,0.5233333333333333,5.48,8.025
t1,2,7,SSE,2025,spring,2–4,2,2.356320628082662,1.7560111912343135,2.9566300649310104,0.4033333333333333,2.925,6.754166666666666
t1,2,7,SSE,2025,summer,2–4,10,1.15586081422612,0.6303176570642732,2.3360344973009446,0.1915,2.967,4.325333333333333
t1,2,7,SSE,2025,summer,4–6,1,1.779951100244499,1.779951100244499,1.779951100244499,0.43,4.09,7.28
t1,2,7,SSE,2026,winter,2–4,2,2.162626766293562,2.0689778568309913,2.2562756757561324,0.09416666666666668,2.625,5.599166666666667
t1,2,8,S,2024,autumn,2–4,3,1.5608333333333333,1.0866182170542635,2.1279618863049095,0.1322222222222222,2.3866666666666667,3.885
t1,2,8,S,2024,autumn,4–6,1,0.37135176651305685,0.37135176651305685,0.37135176651305685,0.01,4.34,1.6116666666666666
t1,2,8,S,2024,summer,2–4,14,1.1178698856834348,0.40142207396897756,1.409748427672956,0.07619047619047618,2.9864285714285717,2.986904761904762
t1,2,8,S,2024,summer,4–6,8,0.7158085277554305,0.37649267520490676,0.9654688061848256,0.13270833333333332,4.43875,3.3722916666666665
t1,2,8,S,2025,autumn,2–4,8,2.197663328564616,1.433744964091785,2.79150097318702,0.28375,2.7425,5.759375
t1,2,8,S,2025,autumn,4–6,1,1.4368858654572938,1.4368858654572938,1.4368858654572938,0.30833333333333335,4.41,6.336666666666666
t1,2,8,S,2025,autumn,6–8,1,0.8658280922431866,0.8658280922431866,0.8658280922431866,0.20333333333333334,6.36,5.506666666666667
t1,2,8,S,2025,spring,2–4,4,1.1269103925353925,0.849991360408027,1.461267141350211,0.04,2.3,2.73625
t1,2,8,S,2025,summer,2–4,7,1.371923937360179,1.1707665317139,3.0229320987654322,0.23357142857142857,2.7014285714285715,5.188571428571429
t1,2,8,S,2025,summer,4–6,6,1.209304670592886,0.9648972060955241,1.3386157706917774,0.20777777777777776,4.815,5.365833333333334
t1,2,8,S,2025,summer,6–8,2,1.0235242429704399,0.8535429434030282,1.1935055425378516,0.3433333333333333,6.6899999999999995,6.640000000000001
t1,2,8,S,2026,winter,2–4,3,2.579545454545454,1.4422623538287436,2.973962758425375,0.16722222222222224,2.25,4.539444444444444
t1,2,9,SSW,2024,autumn,2–4,8,1.9056492892109334,0.6977950831631164,2.8566498968008256,0.18875,2.79,4.763333333333334
t1,2,9,SSW,2024,autumn,4–6,4,1.5958357580618947,1.4184819397042092,1.686031589474964,0.41000000000000003,4.5925,6.987500000000001
t1,2,9,SSW,2024,spring,2–4,7,0.6948853615520282,0.6519350747291923,1.0288597869405272,0.026190476190476188,2.915714285714286,2.381190476190476
t1,2,9,SSW,2024,summer,2–4,18,1.1208138245602972,0.7016476002938097,1.6810346534653466,0.14833333333333332,2.9405555555555556,4.003981481481482
t1,2,9,SSW,2024,summer,4–6,8,0.39396308233017446,0.29573290336754227,0.5003284004642701,0.05645833333333333,4.86,2.3822916666666667
t1,2,9,SSW,2024,summer,6–8,7,0.6029641185647425,0.2537190082644628,1.245862684720406,0.27095238095238094,6.3,4.906428571428571
t1,2,9,SSW,2024,summer,8–10,1,0.984900611620795,0.984900611620795,0.984900611620795,0.5599999999999999,8.72,8.588333333333333
t1,2,9,SSW,2025,autumn,2–4,12,1.6197879858657247,0.9782270518235908,2.0372023809523814,0.15638888888888888,3.1108333333333333,4.51375
t1,2,9,SSW,2025,autumn,4–6,3,1.6056445461479787,1.245224233858303,1.8167111619628782,0.3405555555555555,4.176666666666667,6.3
t1,2,9,SSW,2025,autumn,6–8,2,0.8638577795978444,0.8458543283954134,0.8818612308002753,0.21999999999999997,6.734999999999999,5.841666666666667
t1,2,9,SSW,2025,spring,2–4,17,1.344069529652352,0.8593749999999999,1.9366391184573002,0.07813725490196079,2.5741176470588236,3.296470588235294
t1,2,9,SSW,2025,spring,6–8,2,0.7979687728535908,0.6494688825508264,0.9464686631563552,0.33,7.415,6.075833333333334
t1,2,9,SSW,2025,summer,2–4,17,1.1481012658227847,0.9163952225841476,1.5770975056689343,0.16686274509803922,2.9705882352941178,4.300196078431372
t1,2,9,SSW,2025,summer,4–6,7,1.8357357357357356,0.7418139730639729,2.284889585359703,0.5114285714285715,5.045714285714285,8.51142857142857
t1,2,9,SSW,2025,summer,6–8,2,1.187370338255077,1.0545259715176367,1.3202147049925175,0.5233333333333333,7.0649999999999995,8.190833333333334
t1,2,9,SSW,2025,summer,8–10,3,0.7170450019912386,0.6510204228576308,0.7307329154483291,0.2644444444444444,8.6,5.899444444444444
t1,2,9,SSW,2025,winter,2–4,1,1.3149606299212597,1.3149606299212597,1.3149606299212597,0.011666666666666667,2.54,3.34
t1,2,9,SSW,2026,winter,2–4,4,2.1048021404672603,1.648377141223978,2.603642151204732,0.1075,2.8449999999999998,5.862916666666666
t1,2,9,SSW,2026,winter,4–6,2,0.8364021965750728,0.5986951985825216,1.0741091945676238,0.01,4.545,3.8133333333333335
t1,2,9,SSW,2026,winter,6–8,1,0.5168481078278901,0.5168481078278901,0.5168481078278901,0.01,6.43,3.3233333333333337
t1,2,10,SW,2024,autumn,2–4,46,1.091285486715594,0.7644618809492476,2.023926652167409,0.16677536231884058,2.819130434782609,4.144963768115942
t1,2,10,SW,2024,autumn,4–6,27,1.4405684754521964,1.1446571421428928,1.65067308278795,0.41660493827160494,4.921481481481481,6.686481481481481
t1,2,10,SW,2024,autumn,6–8,14,1.4376864330637917,1.150548883045757,1.5101548311019606,0.7038095238095238,6.741428571428571,9.18654761904762
t1,2,10,SW,2024,autumn,8–10,4,0.521088667373215,0.32477314809326285,0.8181003945834455,0.28708333333333336,8.45,5.1658333333333335
t1,2,10,SW,2024,spring,2–4,33,0.890593047034765,0.5372549019607844,1.6486486486486485,0.12136363636363635,2.9872727272727273,3.4752020202020204
t1,2,10,SW,2024,spring,4–6,16,0.8238440462472414,0.4680596440254939,1.0298036219178948,0.11302083333333333,4.71875,3.845625
t1,2,10,SW,2024,spring,6–8,1,1.0661797255422754,1.0661797255422754,1.0661797255422754,0.555,7.53,8.028333333333334
t1,2,10,SW,2024,summer,2–4,37,1.0672645739910314,0.572463768115942,1.7395143487858717,0.12608108108108107,3.116216216216216,3.6921621621621616
t1,2,10,SW,2024,summer,4–6,16,0.7804308960334535,0.4005065823438307,1.3397077114427862,0.13354166666666667,4.76375,3.9315625
t1,2,10,SW,2024,summer,6–8,6,0.7725860881393525,0.4856270323233628,1.0895068559227654,0.23416666666666666,6.876666666666666,5.466111111111111
t1,2,10,SW,2024,summer,8–10,3,0.335625,0.2906100548363898,0.507200841543514,0.09055555555555556,8.463333333333333,3.491111111111111
t1,2,10,SW,2024,winter,2–4,1,2.7282913165266107,2.7282913165266107,2.7282913165266107,0.8300000000000001,3.57,9.74
t1,2,10,SW,2025,autumn,2–4,28,1.3137827689150106,0.8095748450968288,1.3915608166913649,0.13625,3.222142857142857,4.150297619047619
t1,2,10,SW,2025,autumn,4–6,43,1.239071038251366,1.0768722991283965,1.4562647754137115,0.300077519379845,4.984186046511628,6.119961240310077
t1,2,10,SW,2025,autumn,6–8,36,1.2782541964784957,0.9564846675437709,1.380054630479437,0.5870833333333333,6.985555555555555,8.394027777777778
t1,2,10,SW,2025,autumn,8–10,7,1.1049317943336832,0.8149146911998293,1.1933506506117693,0.6435714285714286,8.707142857142857,8.75404761904762
t1,2,10,SW,2025,autumn,10–12,1,0.9004830917874397,0.9004830917874397,0.9004830917874397,0.7116666666666668,10.35,9.32
t1,2,10,SW,2025,spring,2–4,38,1.53485311321981,0.7152271092385161,2.183643248715451,0.20710526315789474,2.9523684210526313,4.62421052631579
t1,2,10,SW,2025,spring,4–6,28,1.1699799297302194,0.94551595005885,1.6959714025303663,0.34142857142857136,4.876428571428571,6.010892857142857
t1,2,10,SW,2025,spring,6–8,7,0.31912878787878785,0.20493127565713803,0.634352057654745,0.07166666666666666,6.817142857142857,3.0538095238095235
t1,2,10,SW,2025,spring,8–10,2,0.5529054969353477,0.5484262144709907,0.5573847793997049,0.11583333333333334,8.114999999999998,4.487500000000001
t1,2,10,SW,2025,summer,2–4,41,1.4945652173913042,0.8957219251336899,2.141843971631206,0.19682926829268294,2.9680487804878046,4.69589430894309
t1,2,10,SW,2025,summer,4–6,32,1.2260813836996878,0.8561794184964411,1.415855665839537,0.281875,4.8784374999999995,5.616302083333333
t1,2,10,SW,2025,summer,6–8,19,0.8916893732970026,0.7354900546077017,1.0965859464611343,0.3294736842105263,6.701052631578947,6.677807017543859
t1,2,10,SW,2025,summer,8–10,10,0.8210668410930981,0.7239842772996206,1.1716472984298787,0.5335,8.959999999999999,8.830666666666668
t1,2,10,SW,2025,winter,2–4,31,0.9409594095940961,0.6398555309501213,1.6833181542197937,0.06526881720430108,2.6783870967741934,3.1635483870967738
t1,2,10,SW,2025,winter,4–6,17,0.8860089186176141,0.39096185737976785,1.272252915899325,0.2157843137254902,5.074117647058824,4.718529411764706
t1,2,10,SW,2025,winter,6–8,10,1.1496694995278567,1.0146341373947239,1.3282268860387787,0.5093333333333333,6.773000000000001,7.844833333333334
t1,2,10,SW,2025,winter,8–10,1,1.4099206349206348,1.4099206349206348,1.4099206349206348,0.9916666666666667,8.4,11.843333333333334
t1,2,10,SW,2026,winter,2–4,32,1.6601265989021092,0.9650819760543631,2.43904054626938,0.18208333333333335,2.970625,4.880885416666667
t1,2,10,SW,2026,winter,4–6,31,1.24859287054409,1.0468790929927965,1.6763934405539684,0.33983870967741936,4.985806451612904,6.344193548387096
t1,2,10,SW,2026,winter,6–8,32,0.8523383975264764,0.6680272725441618,1.3246233504473155,0.37817708333333333,6.95625,6.561354166666667
t1,2,10,SW,2026,winter,8–10,4,1.07306692904519,0.7797298880946837,1.2439431972198962,0.6008333333333333,8.555,8.279166666666667
t1,2,10,SW,2026,winter,10–12,2,1.2121275607946238,1.1949765128722762,1.2292786087169716,0.9899999999999999,11.31,13.6975
t1,2,11,WSW,2024,autumn,2–4,61,1.2519747235387046,0.6584778420038536,1.8221884498480243,0.14855191256830602,3.0295081967213116,4.05516393442623
t1,2,11,WSW,2024,autumn,4–6,103,1.0433391506689933,0.812625251261046,1.4081314493859458,0.24700647249190938,5.021941747572815,5.478009708737864
t1,2,11,WSW,2024,autumn,6–8,92,0.9039532987353585,0.5705331328479477,1.1317873315570761,0.3173731884057971,6.955978260869566,5.989510869565217
t1,2,11,WSW,2024,autumn,8–10,69,0.9599223163841809,0.7115460656385925,1.1763056431826149,0.5848550724637681,9.015797101449277,8.396787439613526
t1,2,11,WSW,2024,autumn,10–12,55,0.9595687331536388,0.6850947158524426,1.0653948882314266,0.7297878787878789,10.870545454545454,9.63809090909091
t1,2,11,WSW,2024,autumn,12+,76,0.8883248955213331,0.7534373911092902,0.954013644245317,0.8788815789473684,13.827763157894738,11.415964912280701
t1,2,11,WSW,2024,spring,2–4,55,1.195538057742782,0.5458861806095283,1.768657696094519,0.16375757575757574,3.1903636363636365,4.205666666666667
t1,2,11,WSW,2024,spring,4–6,119,1.1812169312169312,0.7809372028726987,1.4761214053611407,0.2725630252100841,5.042016806722689,5.74046218487395
t1,2,11,WSW,2024,spring,6–8,116,1.0149179620034543,0.782107896876513,1.2557983930639338,0.40647988505747124,6.88551724137931,6.867471264367816
t1,2,11,WSW,2024,spring,8–10,81,0.8849964614295824,0.7546132705143305,1.098003992015968,0.5566255144032922,8.868024691358023,8.295267489711934
t1,2,11,WSW,2024,spring,10–12,75,0.9497263036588878,0.8166841418617945,1.014278399238417,0.7921555555555555,11.043333333333333,10.128933333333332
t1,2,11,WSW,2024,spring,12+,121,0.8680913780397936,0.7593049557886077,0.9511234653694696,0.8652892561983471,14.003388429752066,11.406625344352616
t1,2,11,WSW,2024,summer,2–4,40,0.8725984292921413,0.513140296243063,1.538974096796183,0.146,3.09975,3.6916666666666664
t1,2,11,WSW,2024,summer,4–6,47,0.6135752688172044,0.43760701004028224,1.197034396373761,0.16539007092198582,5.120638297872341,4.094539007092198
t1,2,11,WSW,2024,summer,6–8,30,0.8439313562156774,0.6733784370831752,1.1982943213823551,0.3295,6.977666666666667,6.191833333333333
t1,2,11,WSW,2024,summer,8–10,21,0.782608695652174,0.4961845300034687,0.9351529229578012,0.3411111111111111,8.814761904761905,6.294047619047619
t1,2,11,WSW,2024,summer,10–12,5,0.9660687593423019,0.6295500143307537,1.036764705882353,0.528,11.208,9.185
t1,2,11,WSW,2024,summer,12+,9,0.6407300672430355,0.5569620253164557,0.8669144981412641,0.6657407407407407,14.767777777777777,9.586111111111112
t1,2,11,WSW,2024,winter,2–4,15,1.5763187429854095,0.8873418873418873,2.3115578865578867,0.19099999999999998,2.9040000000000004,5.100555555555555
t1,2,11,WSW,2024,winter,4–6,27,1.228562801932367,1.1666092975053668,1.4159934191781325,0.24506172839506174,5.192592592592592,6.648148148148148
t1,2,11,WSW,2024,winter,6–8,20,1.0180243777847149,0.9421171104941282,1.1167478088218297,0.30533333333333335,6.593500000000001,6.947666666666666
t1,2,11,WSW,2024,winter,8–10,5,0.9493801652892562,0.4867753623188406,1.021897810218978,0.5016666666666667,9.272,7.567666666666666
t1,2,11,WSW,2024,winter,10–12,3,0.34180790960451984,0.32807695058285063,0.3573133011494945,0.024999999999999998,10.983333333333334,3.7694444444444444
t1,2,11,WSW,2025,autumn,2–4,83,1.2195121951219512,0.570685534591195,1.9390993265993268,0.1276706827309237,3.1003614457831326,3.9032128514056224
t1,2,11,WSW,2025,autumn,4–6,72,1.2497339698833314,0.9694041584530181,1.4771658602347613,0.287662037037037,4.861666666666667,5.7715046296296295
t1,2,11,WSW,2025,autumn,6–8,66,1.0948487679955705,0.8845753742180519,1.392829654951821,0.5193181818181818,7.029242424242424,7.848156565656566
t1,2,11,WSW,2025,autumn,8–10,57,1.0876656472986748,0.781629455542499,1.2147239263803682,0.6505847953216375,8.995964912280701,8.909415204678362
t1,2,11,WSW,2025,autumn,10–12,32,1.043335312673121,0.8517468980570779,1.1083187944568158,0.8171875,10.9303125,10.275729166666666
t1,2,11,WSW,2025,autumn,12+,18,0.8441331965217863,0.7610894935867305,0.9811065289471841,0.8631481481481481,13.280555555555557,11.429537037037038
t1,2,11,WSW,2025,spring,2–4,68,0.8564062856627229,0.5644130394183522,1.7953741977271391,0.12747549019607843,3.113235294117647,3.599083333333333
t1,2,11,WSW,2025,spring,4–6,100,1.0189903332264443,0.5528383846746294,1.4949921060378175,0.2751133333333333,5.0717,5.452636666666667
t1,2,11,WSW,2025,spring,6–8,103,0.8981833544571188,0.5802840391787116,1.2517823788609796,0.3546601941747573,6.961165048543689,6.298171521035599
t1,2,11,WSW,2025,spring,8–10,78,0.9274245007771822,0.6787358624213289,1.1646291963134519,0.5663675213675214,8.980128205128207,8.260940170940172
t1,2,11,WSW,2025,spring,10–12,63,0.9928034020281322,0.8672204882405017,1.0654325030688003,0.7961375661375661,11.005714285714285,10.389074074074074
t1,2,11,WSW,2025,spring,12+,67,0.8738995955270045,0.7701718100269836,0.9804940813678704,0.9398507462686566,14.251194029850748,12.379726368159204
t1,2,11,WSW,2025,summer,2–4,99,1.070746527777778,0.621739422805671,1.8809316239316238,0.1801851851851852,3.2031313131313133,4.247643097643097
t1,2,11,WSW,2025,summer,4–6,123,1.0398406374501992,0.5470024124915429,1.4208728105609914,0.26848238482384823,5.098536585365854,5.344363143631436
t1,2,11,WSW,2025,summer,6–8,118,0.8892035025141458,0.6100423626409377,1.1962443571072092,0.34292372881355937,6.94593220338983,6.253545197740113
t1,2,11,WSW,2025,summer,8–10,85,0.8670171339563862,0.5889150019584802,1.0570430733410943,0.4226274509803921,8.847764705882353,7.036117647058824
t1,2,11,WSW,2025,summer,10–12,33,0.8015576323987539,0.6696887277122998,0.977366255144033,0.5845959595959597,10.782424242424241,8.363181818181818
t1,2,11,WSW,2025,summer,12+,29,0.7546830895560687,0.5767306922769108,0.8476190476190477,0.6870459770114943,13.971724137931036,9.685057471264368
t1,2,11,WSW,2025,winter,2–4,66,1.2797757768361582,0.8090835588459786,1.8461488879921084,0.09886363636363638,3.0586363636363636,3.979696969696969
t1,2,11,WSW,2025,winter,4–6,92,1.030199831352521,0.7908509007399533,1.3082843657627323,0.17478260869565218,5.05554347826087,5.185391304347826
t1,2,11,WSW,2025,winter,6–8,79,0.9730831973898858,0.7887952670030485,1.1815891261712794,0.3710970464135021,7.002784810126583,6.802299578059071
t1,2,11,WSW,2025,winter,8–10,72,0.9249679347456323,0.7734870479392709,1.1220522383472558,0.5283564814814814,8.961805555555555,8.025069444444444
t1,2,11,WSW,2025,winter,10–12,25,0.8023643023643023,0.758941989780583,1.0006950236308034,0.6707333333333334,10.8928,9.7962
t1,2,11,WSW,2025,winter,12+,27,0.8584577114427859,0.6576533322708317,0.9465493801816105,0.850246913580247,14.334074074074074,11.166666666666666
t1,2,11,WSW,2026,winter,2–4,62,1.5594793260366404,0.8983944535668674,2.1064912280701753,0.11991935483870969,2.927741935483871,4.320913978494623
t1,2,11,WSW,2026,winter,4–6,69,1.0060137457044673,0.46585213032581446,1.2856341189674523,0.18710144927536232,5.042463768115942,4.908599033816425
t1,2,11,WSW,2026,winter,6–8,59,1.1296049711495784,0.9020582064148839,1.290653627965265,0.47129943502824856,6.9576271186440675,7.495790960451977
t1,2,11,WSW,2026,winter,8–10,30,1.1723647233986578,0.9420218175786105,1.2929094434385688,0.7771111111111111,9.037,10.060611111111111
t1,2,11,WSW,2026,winter,10–12,19,0.9095904095904095,0.7618597326254966,0.9994367243811574,0.7078947368421052,10.857368421052632,9.68280701754386
t1,2,11,WSW,2026,winter,12+,7,1.0479134466769706,0.9201090650112582,1.0812124726344008,0.8178571428571428,12.438571428571427,11.581428571428571
t1,2,12,W,2024,autumn,2–4,30,1.6445715578551825,1.4494611258299805,2.4287492985409656,0.28455555555555556,2.9526666666666666,5.549944444444445
t1,2,12,W,2024,autumn,4–6,54,1.1091020365723687,0.6831155115121736,1.4260052398350271,0.2672222222222222,5.049814814814815,5.522993827160494
t1,2,12,W,2024,autumn,6–8,38,0.9226345642201502,0.5932611399117288,1.08696001607394,0.29517543859649126,7.102631578947368,5.845929824561403
t1,2,12,W,2024,autumn,8–10,42,0.9258355609558524,0.6601069744236049,1.060728282694157,0.49952380952380954,9.011904761904763,7.624404761904763
t1,2,12,W,2024,autumn,10–12,65,0.9521788341822298,0.8650649743124811,1.0766423357664232,0.7784102564102564,11.006307692307692,10.080358974358974
t1,2,12,W,2024,autumn,12+,37,0.7978517344602923,0.7129629629629629,0.937278911564626,0.844054054054054,14.733783783783784,11.735990990990992
t1,2,12,W,2024,spring,2–4,45,1.2416413373860182,0.7439024390243901,1.7233766233766235,0.14981481481481482,3.329111111111111,4.379851851851852
t1,2,12,W,2024,spring,4–6,58,0.8445332246710604,0.594801779935275,1.3370554264150498,0.1738793103448276,4.856724137931034,4.646034482758621
t1,2,12,W,2024,spring,6–8,41,0.7871621621621622,0.6242713301536832,1.1451681566624095,0.30869918699186993,7.061951219512196,5.7975609756097555
t1,2,12,W,2024,spring,8–10,48,0.9259365807687394,0.7169405668179867,1.0942123356231925,0.5479166666666667,9.105625,8.179895833333333
t1,2,12,W,2024,spring,10–12,36,0.9038337719457308,0.6924995227185948,1.039087901136738,0.6980555555555555,10.912777777777778,9.609166666666667
t1,2,12,W,2024,spring,12+,65,0.8261204077707253,0.6727819237147596,0.9227709190672153,0.8433846153846154,14.875692307692306,11.521923076923077
t1,2,12,W,2024,summer,2–4,25,1.2123947051744888,1.0064102564102564,1.6468926553672316,0.13733333333333334,3.1732,4.093266666666667
t1,2,12,W,2024,summer,4–6,60,0.7055482344022707,0.4356275608359156,0.9186729945091736,0.114,5.117333333333334,3.724527777777778
t1,2,12,W,2024,summer,6–8,47,0.6767602166420483,0.4291155352480418,0.9733966901410878,0.2273404255319149,7.13936170212766,5.0461347517730495
t1,2,12,W,2024,summer,8–10,34,0.8081102056655026,0.6743694395912263,0.9224421281826896,0.40656862745098044,8.912647058823529,7.0954411764705885
t1,2,12,W,2024,summer,10–12,7,0.7365034526051475,0.4928743633276741,0.8647560818076128,0.42309523809523814,10.819999999999999,7.255
t1,2,12,W,2024,summer,12+,6,0.41600897622392485,0.18352165051918637,0.8700050440866273,0.33694444444444444,13.325000000000001,7.245555555555555
t1,2,12,W,2024,winter,2–4,32,1.491623495552067,1.272718118255054,2.1514210494436075,0.19052083333333333,2.7209375000000002,4.988125
t1,2,12,W,2024,winter,4–6,18,1.4742706775381547,1.311555198791982,1.6156708888969198,0.25981481481481483,4.568888888888889,6.676388888888889
t1,2,12,W,2024,winter,6–8,2,0.8335263127859025,0.8227085754962651,0.8443440500755398,0.07833333333333334,6.665,5.551666666666667
t1,2,12,W,2025,autumn,2–4,61,1.1284987277353689,0.5170212765957447,1.6914682539682542,0.11071038251366119,3.0378688524590163,3.6652459016393446
t1,2,12,W,2025,autumn,4–6,55,1.1634615384615383,0.45734115187189095,1.4241985410040487,0.28172727272727277,5.0716363636363635,5.397636363636364
t1,2,12,W,2025,autumn,6–8,41,1.0657315731573158,0.7280701754385965,1.4995555555555558,0.4780487804878049,6.733658536585366,7.294430894308943
t1,2,12,W,2025,autumn,8–10,39,1.1490807354116708,0.8635555061014057,1.2846131471785922,0.7158119658119658,8.971538461538461,9.747222222222222
t1,2,12,W,2025,autumn,10–12,33,0.9219056974459725,0.7536656891495601,1.0036201615148983,0.7304545454545455,11.14939393939394,9.690858585858587
t1,2,12,W,2025,autumn,12+,22,0.9614171200792764,0.9250110360333846,1.002028480128855,0.961060606060606,13.223636363636365,12.541287878787877
t1,2,12,W,2025,spring,2–4,57,0.8433433433433434,0.5807291666666666,1.6474780701754383,0.11586257309941521,3.1482456140350874,3.655818713450292
t1,2,12,W,2025,spring,4–6,55,1.010956175298805,0.5606925418569255,1.3486665468057053,0.23395454545454544,5.105636363636363,5.150606060606061
t1,2,12,W,2025,spring,6–8,63,0.7560720268006701,0.5925570856673219,1.0755568706585432,0.3268201058201058,7.06984126984127,6.161148148148148
t1,2,12,W,2025,spring,8–10,80,0.8534315279431361,0.6624871429065196,1.0148122828741446,0.4871875,9.052625,7.721520833333334
t1,2,12,W,2025,spring,10–12,65,0.8766055045871559,0.668997668997669,0.9874567474048443,0.6648974358974359,11.079076923076922,9.108205128205128
t1,2,12,W,2025,spring,12+,59,0.7657838416265381,0.6654918278306541,0.8718410419781674,0.8108474576271186,13.957118644067798,10.570847457627117
t1,2,12,W,2025,summer,2–4,94,1.027880706348724,0.5694304710417222,1.7807234253568756,0.12335106382978724,3.1239361702127657,3.6417021276595745
t1,2,12,W,2025,summer,4–6,132,0.9036691666538593,0.5917320171290459,1.3383505361677914,0.21413131313131314,4.99530303030303,4.951457070707071
t1,2,12,W,2025,summer,6–8,111,0.9433434959349595,0.7242997936543292,1.1519165161549267,0.3557657657657658,7.015135135135135,6.473828828828829
t1,2,12,W,2025,summer,8–10,79,0.892007797270955,0.6411672158399382,1.1622087145017914,0.5061181434599156,8.924430379746836,7.66246835443038
t1,2,12,W,2025,summer,10–12,24,0.7437975258199978,0.5456671601739613,0.944562842690373,0.5131249999999999,10.685833333333333,7.985347222222223
t1,2,12,W,2025,summer,12+,19,0.760027662517289,0.7269994868324055,0.8680803041102401,0.8554385964912281,14.277894736842107,10.884473684210526
t1,2,12,W,2025,winter,2–4,32,1.5418753794778381,0.6532317479779728,2.0934654343303434,0.07291666666666667,2.6553125,3.7250520833333334
t1,2,12,W,2025,winter,4–6,19,1.2395295467584626,0.9924602385842696,1.5026752936857564,0.26552631578947367,5.064210526315789,5.937543859649122
t1,2,12,W,2025,winter,6–8,9,0.8291404612159329,0.6934938741022392,0.8724580017683465,0.245,7.11,6.173518518518518
t1,2,12,W,2025,winter,8–10,18,0.8499565022856697,0.7079024745351403,1.0329034252341365,0.48759259259259263,9.121666666666666,7.587314814814814
t1,2,12,W,2025,winter,10–12,15,0.9438333333333333,0.7708396499417827,1.0679651789466496,0.7355555555555555,10.738,10.120777777777779
t1,2,12,W,2025,winter,12+,40,0.7660996607067907,0.6878820384302557,0.8191409866051015,0.8690416666666666,16.35,12.285791666666666
t1,2,12,W,2026,winter,2–4,46,1.353476654886813,0.7352601758113569,1.6308558558558557,0.058224637681159416,2.8519565217391305,3.5427173913043477
t1,2,12,W,2026,winter,4–6,8,1.3448412148507418,0.5920693599737308,1.515707733072076,0.29208333333333336,4.8475,5.469791666666667
t1,2,12,W,2026,winter,6–8,11,1.3303474484256244,0.9434989304508373,1.5329144318648833,0.5721212121212121,6.901818181818182,8.458484848484849
t1,2,12,W,2026,winter,8–10,5,0.513903743315508,0.39378238341968913,0.9704710144927536,0.35,9.286,6.276999999999999
t1,2,12,W,2026,winter,10–12,13,0.9664879356568364,0.9377235772357724,1.0367476851851851,0.8347435897435898,11.049230769230768,10.387564102564102
t1,2,12,W,2026,winter,12+,7,0.9344660194174756,0.8533180436847105,1.0237598196612914,0.8369047619047618,12.739999999999998,10.866904761904761
t1,2,13,WNW,2024,autumn,2–4,30,1.6042173517897091,1.0855764820548104,2.293271093142186,0.21850000000000003,3.0326666666666666,5.195277777777778
t1,2,13,WNW,2024,autumn,4–6,8,0.5851402366378298,0.47461323979132936,0.9434332607954315,0.12395833333333334,4.8774999999999995,3.7916666666666665
t1,2,13,WNW,2024,autumn,6–8,4,1.0041808201392255,0.7903391460367734,1.0818775069563418,0.3108333333333333,6.9799999999999995,5.93125
t1,2,13,WNW,2024,autumn,8–10,3,1.038617886178862,1.0195732137025386,1.102557242409159,0.8244444444444444,9.700000000000001,10.372222222222222
t1,2,13,WNW,2024,autumn,10–12,3,1.1799601196410767,1.0069968665432274,1.1914652083353898,0.9099999999999998,10.676666666666668,11.303333333333333
t1,2,13,WNW,2024,autumn,12+,1,1.1060499058380415,1.1060499058380415,1.1060499058380415,0.9899999999999999,14.16,15.661666666666667
t1,2,13,WNW,2024,spring,2–4,41,1.396978021978022,0.9873617693522908,2.093093093093093,0.19495934959349592,2.768292682926829,4.693170731707316
t1,2,13,WNW,2024,spring,4–6,14,0.9203569658713329,0.40781978879371145,1.1702519702519703,0.22583333333333333,4.9350000000000005,4.718333333333334
t1,2,13,WNW,2024,spring,6–8,3,1.3574525745257453,0.84672415733742,1.547081975290692,0.5277777777777778,6.373333333333334,7.368333333333335
t1,2,13,WNW,2024,spring,8–10,2,0.9393505367868409,0.8481139965106052,1.0305870770630765,0.62,9.125,8.534166666666666
t1,2,13,WNW,2024,spring,10–12,1,0.7321598477640343,0.7321598477640343,0.7321598477640343,0.4766666666666666,10.51,7.695
t1,2,13,WNW,2024,spring,12+,3,0.7470441109595272,0.655202071910242,0.8309373599099934,0.8161111111111111,14.986666666666666,10.988888888888889
t1,2,13,WNW,2024,summer,2–4,24,1.0037308461025982,0.6585518102372035,1.3307157503524287,0.11340277777777778,2.97125,3.530625
t1,2,13,WNW,2024,summer,4–6,21,1.096252129471891,0.9482758620689656,1.2172549019607841,0.17373015873015873,4.976190476190476,4.8103968253968254
t1,2,13,WNW,2024,summer,6–8,10,0.6404540464903075,0.5734177393857272,0.977459483451494,0.23199999999999998,6.9159999999999995,5.349
t1,2,13,WNW,2024,summer,8–10,4,0.7346122144509979,0.5001454467797481,0.9105453616013777,0.31166666666666665,8.815,5.8412500000000005
t1,2,13,WNW,2024,summer,10–12,2,0.9302536319476007,0.9165528409292371,0.9439544229659642,0.6658333333333333,11.14,10.360833333333334
t1,2,13,WNW,2024,winter,2–4,6,1.6730197365129063,1.4330693815987934,1.795370995444359,0.05027777777777778,2.5866666666666664,3.7463888888888888
t1,2,13,WNW,2025,autumn,2–4,34,1.4946807658415444,0.8256526798968107,2.078785782091907,0.1721078431372549,2.835294117647059,4.442450980392157
t1,2,13,WNW,2025,autumn,4–6,17,1.0557768924302788,0.7336485421591804,1.334525939177102,0.22078431372549018,5.104705882352941,5.170196078431372
t1,2,13,WNW,2025,autumn,6–8,19,1.1069142125480154,0.8559029681809873,1.3443712566921318,0.501578947368421,6.961052631578947,7.741754385964913
t1,2,13,WNW,2025,autumn,8–10,5,1.3028227480282277,1.2114714086471408,1.3897550111358572,0.9253333333333332,9.129999999999999,11.806
t1,2,13,WNW,2025,autumn,10–12,6,0.9682955427562383,0.8405154738263301,1.0325213657772698,0.7436111111111111,10.608333333333333,9.964722222222223
t1,2,13,WNW,2025,spring,2–4,37,1.0551232166018158,0.8091118800461361,1.6020114942528738,0.08256756756756757,3.0910810810810814,3.7713963963963963
t1,2,13,WNW,2025,spring,4–6,18,1.074975343161813,0.6803687001462289,1.3829114092000692,0.22796296296296298,4.890555555555555,5.225925925925925
t1,2,13,WNW,2025,spring,6–8,13,0.5453618756371049,0.3018817204301075,0.8945960406634563,0.20089743589743592,6.661538461538461,4.567179487179487
t1,2,13,WNW,2025,spring,8–10,3,0.4722513089005236,0.3265012413047219,0.6252717449852412,0.20833333333333334,9.263333333333334,4.538333333333334
t1,2,13,WNW,2025,spring,10–12,1,0.6414890330552981,0.6414890330552981,0.6414890330552981,0.37000000000000005,10.79,6.921666666666667
t1,2,13,WNW,2025,summer,2–4,60,1.1455801405592883,0.688453683331296,1.6642454138053326,0.09802777777777778,3.053833333333333,3.7036944444444444
t1,2,13,WNW,2025,summer,4–6,54,0.9934837581582712,0.585731890496742,1.2971224059145907,0.21537037037037038,4.932222222222221,4.948333333333333
t1,2,13,WNW,2025,summer,6–8,35,0.9691256830601093,0.6977367455663215,1.1063336657605072,0.3325619047619048,6.831142857142857,6.268771428571428
t1,2,13,WNW,2025,summer,8–10,18,0.88137870396045,0.7138020484296118,1.1611261525993868,0.5031481481481481,8.715555555555556,7.887499999999999
t1,2,13,WNW,2025,summer,10–12,9,0.5320284697508897,0.2760862670472566,0.8992248062015503,0.3468518518518519,10.931111111111111,6.2250000000000005
t1,2,13,WNW,2025,summer,12+,10,0.873234169319633,0.7033421961793795,0.9240104887709584,0.7028333333333333,13.197999999999999,10.0485
t1,2,13,WNW,2025,winter,2–4,1,2.0821484992101107,2.0821484992101107,2.0821484992101107,0.06,2.11,4.3933333333333335
t1,2,13,WNW,2025,winter,4–6,1,1.3242424242424242,1.3242424242424242,1.3242424242424242,0.14333333333333334,4.4,5.826666666666667
t1,2,13,WNW,2025,winter,8–10,2,0.9962975304154269,0.9710911520389892,1.0215039087918647,0.6275,8.635,8.63
t1,2,13,WNW,2025,winter,10–12,1,0.7652815417043058,0.7652815417043058,0.7652815417043058,0.6216666666666667,11.07,8.471666666666666
t1,2,13,WNW,2026,winter,2–4,9,0.7280265339966833,0.527306967984934,1.217573221757322,0.017962962962962962,2.8277777777777775,2.304444444444444
t1,2,13,WNW,2026,winter,10–12,3,1.0965820006271558,1.0737475153244105,1.1160096064937224,0.9777777777777777,10.513333333333334,11.49611111111111
t1,2,13,WNW,2026,winter,12+,1,0.9821623093681917,0.9821623093681917,0.9821623093681917,0.9866666666666667,12.24,12.021666666666667
t1,2,14,NW,2024,autumn,2–4,8,1.1794690265486727,0.8577750138870305,1.8399948962635904,0.10458333333333335,2.695,3.7177083333333334
t1,2,14,NW,2024,autumn,4–6,2,0.9480983446500688,0.8500754449030312,1.0461212443971066,0.19833333333333333,4.99,4.913333333333333
t1,2,14,NW,2024,autumn,8–10,1,0.44184134812988085,0.44184134812988085,0.44184134812988085,0.08666666666666667,8.11,3.5833333333333335
t1,2,14,NW,2024,spring,2–4,6,0.5545446554149085,0.5245905887230514,0.6560660519872896,0.012499999999999999,2.2816666666666667,1.6213888888888885
t1,2,14,NW,2024,spring,4–6,1,0.5915841584158416,0.5915841584158416,0.5915841584158416,0.01,4.04,2.39
t1,2,14,NW,2024,summer,2–4,13,1.291111111111111,0.7230869001297018,1.8019607843137253,0.2328205128205128,2.9323076923076923,5.047051282051282
t1,2,14,NW,2024,summer,4–6,2,1.2915919257684474,0.8902928182301356,1.692891033306759,0.2958333333333333,4.96,6.984166666666667
t1,2,14,NW,2024,summer,6–8,3,0.23893596986817325,0.22812183108793277,0.4944085460372726,0.0688888888888889,7.296666666666667,2.8811111111111116
t1,2,14,NW,2024,summer,8–10,1,1.29280347963622,1.29280347963622,1.29280347963622,0.6549999999999999,8.43,10.898333333333333
t1,2,14,NW,2025,autumn,2–4,9,1.2234513274336285,0.8385650224215246,1.3685714285714283,0.03874074074074074,2.3833333333333333,2.893407407407407
t1,2,14,NW,2025,autumn,4–6,1,0.13788741302972804,0.13788741302972804,0.13788741302972804,0.01,5.27,0.7266666666666667
t1,2,14,NW,2025,autumn,6–8,1,1.644778481012658,1.644778481012658,1.644778481012658,0.835,6.32,10.395
t1,2,14,NW,2025,autumn,10–12,1,0.828833022967101,0.828833022967101,0.828833022967101,0.645,10.74,8.901666666666666
t1,2,14,NW,2025,spring,2–4,18,0.8599877450980392,0.55902532043721,1.2464819528238644,0.06935185185185186,2.913333333333333,2.9718518518518517
t1,2,14,NW,2025,summer,2–4,17,0.9220222793487575,0.6995192307692307,1.3402777777777777,0.0861764705882353,2.907058823529412,3.1375490196078433
t1,2,14,NW,2025,summer,4–6,8,1.1002157497303129,0.5603030567756563,1.2806555434993423,0.18166666666666667,4.75875,4.7960416666666665
t1,2,14,NW,2025,summer,6–8,3,1.2497534516765285,0.8056983520621893,1.3606145853384999,0.47500000000000003,7.22,7.227777777777778
t1,2,14,NW,2025,summer,8–10,2,0.3887085137085137,0.3052849927849928,0.4721320346320347,0.085,8.82,3.3583333333333334
t1,2,14,NW,2026,winter,2–4,2,1.5636792452830188,1.3875786163522013,1.7397798742138364,0.043333333333333335,2.12,3.315
t1,2,15,NNW,2024,autumn,2–4,2,0.8510378510378511,0.728937728937729,0.9731379731379731,0.013333333333333332,2.84,2.2533333333333334
t1,2,15,NNW,2024,autumn,6–8,1,1.2015398550724639,1.2015398550724639,1.2015398550724639,0.665,7.36,8.843333333333334
t1,2,15,NNW,2024,spring,4–6,1,2.1298283261802577,2.1298283261802577,2.1298283261802577,0.7716666666666666,4.66,9.925
t1,2,15,NNW,2024,summer,2–4,9,0.7313988095238095,0.6823671497584543,2.5708200212992547,0.21666666666666667,2.7455555555555557,4.637592592592593
t1,2,15,NNW,2025,autumn,2–4,1,0.2531584062196307,0.2531584062196307,0.2531584062196307,0.01,3.43,0.8683333333333333
t1,2,15,NNW,2025,spring,2–4,2,1.278826495372289,1.1436783395496617,1.4139746511949163,0.05916666666666667,2.6950000000000003,3.4883333333333333
t1,2,15,NNW,2025,summer,2–4,9,0.9552169898430285,0.7741514360313315,1.61358024691358,0.19648148148148148,3.3744444444444444,4.448518518518519
t1,2,15,NNW,2025,summer,4–6,1,1.580692488262911,1.580692488262911,1.580692488262911,0.6483333333333333,5.68,8.978333333333333
t1,2,15,NNW,2025,summer,6–8,1,0.814918414918415,0.814918414918415,0.814918414918415,0.24,7.15,5.826666666666667
t1,2,15,NNW,2026,winter,2–4,2,1.0539969461392737,0.8947606013951456,1.213233290883402,0.015,2.3,2.4783333333333335
t2,1,0,N,2024,autumn,2–4,1,0.6558641975308642,0.6558641975308642,0.6558641975308642,0.01,2.16,1.4166666666666667
t2,1,0,N,2024,autumn,4–6,1,0.8832070707070706,0.8832070707070706,0.8832070707070706,0.14166666666666666,5.28,4.663333333333333
t2,1,0,N,2024,spring,2–4,1,0.6408333333333333,0.6408333333333333,0.6408333333333333,0.01,2.0,1.2816666666666665
t2,1,0,N,2024,summer,2–4,14,1.4745208845208846,1.0310689214754207,1.9495192307692308,0.15999999999999998,2.531428571428571,4.405666666666667
t2,1,0,N,2024,summer,4–6,2,1.4781249302953245,1.2808918922309955,1.6753579683596538,0.3158333333333333,4.895,7.1466666666666665
t2,1,0,N,2025,autumn,2–4,3,1.0123966942148759,0.9513737857039292,1.7336983471074379,0.04888888888888889,2.233333333333333,3.1300000000000003
t2,1,0,N,2025,spring,2–4,5,1.3624031007751938,1.1475279106858056,1.714401294498382,0.21033333333333332,2.59,4.617
t2,1,0,N,2025,spring,4–6,1,2.911694510739857,2.911694510739857,2.911694510739857,0.9533333333333333,4.19,12.200000000000001
t2,1,0,N,2025,summer,2–4,6,1.9953234027812146,1.4651111636994696,2.7100903712056406,0.30694444444444446,2.895,5.968333333333334
t2,1,0,N,2025,summer,4–6,4,0.908263405546014,0.6776221467981783,1.1579907594510397,0.18541666666666667,5.1225000000000005,4.765
t2,1,1,NNE,2024,autumn,2–4,7,1.071651090342679,0.7044752467303217,1.847946832145867,0.1626190476190476,2.8414285714285716,3.8802380952380955
t2,1,1,NNE,2024,spring,2–4,7,0.8168908819133034,0.6905098755279261,1.0891976482376873,0.011190476190476192,2.501428571428572,2.2538095238095237
t2,1,1,NNE,2024,summer,2–4,18,1.7497064952598982,1.539145970316732,2.243533457249071,0.15962962962962965,2.6055555555555556,4.798055555555556
t2,1,1,NNE,2024,summer,4–6,1,1.020689655172414,1.020689655172414,1.020689655172414,0.11666666666666668,4.35,4.44
t2,1,1,NNE,2024,winter,2–4,2,1.7519401330376938,1.362758684405026,2.1411215816703617,0.05166666666666667,2.33,3.980833333333333
t2,1,1,NNE,2025,autumn,2–4,6,1.3859068728806552,0.939638204474653,1.972123791094568,0.11944444444444445,2.5866666666666664,3.9327777777777775
t2,1,1,NNE,2025,spring,2–4,7,1.2380952380952384,1.1016977798694216,1.3873839704561335,0.05880952380952382,2.457142857142857,3.3376190476190475
t2,1,1,NNE,2025,summer,2–4,7,2.0214521452145213,1.5009680228249591,2.6448801652664313,0.27214285714285713,2.5242857142857145,5.691428571428571
t2,1,1,NNE,2025,summer,4–6,3,0.7287581699346406,0.6054949342921249,1.3547217640950462,0.30722222222222223,5.216666666666667,5.648888888888888
t2,1,1,NNE,2025,summer,6–8,2,0.680902803413888,0.63843863783851,0.7233669689892659,0.115,7.1850000000000005,4.925833333333333
t2,1,1,NNE,2026,winter,2–4,2,1.029375633232016,0.9750158308004053,1.083735435663627,0.019166666666666665,3.105,3.125
t2,1,2,NE,2024,autumn,2–4,40,1.355917530946805,0.8792517786883576,2.354957699761479,0.19954166666666667,3.0075,4.913458333333333
t2,1,2,NE,2024,autumn,4–6,16,0.9747789099298279,0.3094203519298098,1.2361671826409517,0.10260416666666666,4.641875,3.8530208333333333
t2,1,2,NE,2024,autumn,6–8,1,1.1418845315904138,1.1418845315904138,1.1418845315904138,0.3516666666666666,6.12,6.988333333333333
t2,1,2,NE,2024,spring,2–4,27,0.909857328145266,0.5953839869281046,1.8187662695566713,0.12539506172839507,2.7255555555555557,3.4678395061728398
t2,1,2,NE,2024,spring,4–6,3,0.39321128909229586,0.3190194376495962,1.275811619388915,0.2333333333333333,4.32,3.978333333333333
t2,1,2,NE,2024,summer,2–4,50,1.3390433912173043,0.8377070116173684,1.9373421857826099,0.15897333333333333,3.0782,4.3894
t2,1,2,NE,2024,summer,4–6,17,0.8675,0.5700836820083682,1.9064697609001406,0.24176470588235296,4.43,5.041274509803921
t2,1,2,NE,2024,summer,6–8,1,0.9576227390180878,0.9576227390180878,0.9576227390180878,0.2416666666666667,6.45,6.176666666666667
t2,1,2,NE,2024,summer,8–10,2,1.1946357850615628,0.9130876982109009,1.4761838719122244,0.5841666666666667,8.825,10.489166666666666
t2,1,2,NE,2024,winter,2–4,5,1.119131455399061,1.0678362573099414,1.5804150453955903,0.018666666666666668,2.776,3.528
t2,1,2,NE,2025,autumn,2–4,42,1.1118060615874557,0.6537168960798518,1.5801638837353122,0.0967857142857143,3.1766666666666663,3.7315873015873016
t2,1,2,NE,2025,autumn,4–6,48,1.0541640595038653,0.5959139511201629,1.4450224191458947,0.2813888888888889,5.048958333333333,5.5725694444444445
t2,1,2,NE,2025,autumn,6–8,50,1.2616509266648932,1.016941003787879,1.394598863757035,0.5562333333333334,6.972799999999999,8.288666666666666
t2,1,2,NE,2025,autumn,8–10,21,1.3338388945062354,1.2242735042735045,1.4389140271493213,0.9061904761904762,8.905238095238095,11.706349206349207
t2,1,2,NE,2025,autumn,10–12,4,1.2403004981129981,1.2259706439393938,1.2625602467707733,0.9679166666666668,10.415,12.997916666666667
t2,1,2,NE,2025,spring,2–4,24,1.3927497747533608,0.9224810213940648,2.413182144062078,0.12333333333333334,2.72,4.092986111111111
t2,1,2,NE,2025,spring,4–6,5,1.304878048780488,1.0123339658444024,2.3415841584158414,0.3833333333333333,4.7299999999999995,7.195666666666666
t2,1,2,NE,2025,spring,6–8,3,1.389628397115918,1.3272928310365915,1.4113044983815923,0.6594444444444444,6.993333333333333,9.519444444444444
t2,1,2,NE,2025,summer,2–4,22,1.649759961127308,1.2709221251819505,2.1444843545304204,0.16257575757575757,2.734545454545455,4.838977272727273
t2,1,2,NE,2025,summer,4–6,18,1.161837327523602,0.716014185411107,1.343517288624859,0.24898148148148147,4.961111111111111,5.596851851851852
t2,1,2,NE,2025,summer,6–8,4,1.1086435869948856,0.9059084473888319,1.3577738731850257,0.43333333333333335,7.075,8.004999999999999
t2,1,2,NE,2025,summer,8–10,1,0.9887361588392515,0.9887361588392515,0.9887361588392515,0.5616666666666666,8.73,8.631666666666666
t2,1,2,NE,2025,summer,10–12,1,0.7785852713178294,0.7785852713178294,0.7785852713178294,0.47333333333333333,10.32,8.035
t2,1,2,NE,2025,winter,2–4,14,1.3864973973175272,0.8537305850915772,2.4598184654188238,0.11321428571428571,2.6735714285714285,4.2335714285714285
t2,1,2,NE,2026,winter,2–4,26,1.2740633074935401,0.7803968253968253,1.7529576530082605,0.09019230769230768,2.9896153846153846,3.930769230769231
t2,1,2,NE,2026,winter,4–6,39,1.2098445595854923,0.6629755093847236,1.6467940861038761,0.3258547008547008,5.063589743589743,6.099273504273504
t2,1,2,NE,2026,winter,6–8,19,0.9052982895285774,0.591491495280083,1.1571926378264408,0.30429824561403507,7.167368421052632,6.191491228070175
t2,1,2,NE,2026,winter,8–10,17,1.2319587628865982,1.1830535571542764,1.317891910036925,0.8239215686274509,8.728823529411764,10.55656862745098
t2,1,2,NE,2026,winter,10–12,4,1.1794060112307836,1.1623685871185168,1.2000984014295373,0.98125,10.3725,12.265416666666667
t2,1,3,ENE,2024,autumn,2–4,61,1.6299342105263157,1.3279132791327914,2.358402971216342,0.21418032786885244,3.004262295081967,5.2633879781420765
t2,1,3,ENE,2024,autumn,4–6,78,1.5005133679532374,1.1245692468290414,1.8160299373278308,0.4447222222222222,5.0543589743589745,7.351269230769231
t2,1,3,ENE,2024,autumn,6–8,95,1.5031492248062015,1.1485280945983287,1.626993802452518,0.7098596491228071,6.958631578947369,9.617684210526315
t2,1,3,ENE,2024,autumn,8–10,31,1.4178058184367335,1.3484808178873158,1.5070001049719455,0.9165591397849463,8.966451612903224,12.428763440860216
t2,1,3,ENE,2024,autumn,10–12,2,1.4152396085353725,1.4071875276106258,1.4232916894601193,0.9700000000000001,10.315000000000001,14.596666666666666
t2,1,3,ENE,2024,spring,2–4,59,1.3491452991452992,1.0863694856637311,2.081424438393465,0.20864406779661018,3.185084745762712,5.085112994350282
t2,1,3,ENE,2024,spring,4–6,64,1.2025428228529047,0.9034604840399525,1.6392794453220993,0.31916666666666665,4.87609375,6.27253125
t2,1,3,ENE,2024,spring,6–8,73,1.440239043824701,1.039344262295082,1.679690949227373,0.6260502283105023,6.924520547945206,9.10917808219178
t2,1,3,ENE,2024,spring,8–10,12,1.5188740672602152,1.417275641025641,1.5879616669235181,0.89875,8.504166666666666,12.289444444444444
t2,1,3,ENE,2024,spring,10–12,1,1.4476236663433557,1.4476236663433557,1.4476236663433557,0.9683333333333333,10.31,14.924999999999999
t2,1,3,ENE,2024,summer,2–4,51,1.311392405063291,0.8790297538392051,1.8536160639893353,0.16183006535947714,3.06078431372549,4.380816993464053
t2,1,3,ENE,2024,summer,4–6,77,1.2326642335766422,0.7505422993492408,1.6761121267519807,0.3192207792207792,4.968571428571428,6.139978354978355
t2,1,3,ENE,2024,summer,6–8,59,1.2753724394785846,0.8628025776484519,1.6208030908355648,0.5677231638418079,6.901186440677966,8.526988700564972
t2,1,3,ENE,2024,summer,8–10,20,1.3755201914769075,1.224663567047814,1.4843857726780263,0.85875,8.484,11.522916666666667
t2,1,3,ENE,2024,winter,2–4,10,2.4933185011054206,1.7640785731840045,2.934788478984432,0.41533333333333333,3.166,6.898333333333333
t2,1,3,ENE,2024,winter,4–6,29,1.7344849648112606,1.2195945945945945,1.952421171171171,0.5255172413793103,4.986896551724138,7.899252873563218
t2,1,3,ENE,2024,winter,6–8,19,1.4030303030303028,1.1118305163765454,1.6541549431852993,0.726578947368421,6.963684210526316,9.620701754385966
t2,1,3,ENE,2024,winter,8–10,2,1.3356702896527592,1.3163059152483696,1.355034664057149,0.9633333333333334,8.465,11.300833333333333
t2,1,3,ENE,2025,autumn,2–4,126,1.343313872671671,0.8069166194166194,1.9136748244557393,0.15543650793650796,3.134761904761905,4.375132275132275
t2,1,3,ENE,2025,autumn,4–6,264,1.1048916252404624,0.6923489677549027,1.4741600001122197,0.25913257575757576,4.954507575757575,5.470534090909091
t2,1,3,ENE,2025,autumn,6–8,138,1.1628743510396156,0.8990450556691467,1.4415850620511304,0.5110748792270532,6.929202898550725,7.939637681159421
t2,1,3,ENE,2025,autumn,8–10,93,1.161628375654978,0.8118338846012495,1.353423534235342,0.6852150537634408,8.818387096774194,9.575698924731183
t2,1,3,ENE,2025,autumn,10–12,21,1.078422053231939,1.0085511455308163,1.1459655485040798,0.9245238095238095,10.90857142857143,11.913809523809524
t2,1,3,ENE,2025,autumn,12+,34,0.9448379552288674,0.8527519168436908,1.0704929713845468,0.9336274509803922,13.346176470588235,12.884313725490196
t2,1,3,ENE,2025,spring,2–4,42,1.561349949815992,0.8304586943790015,2.02953460230246,0.20956349206349204,3.3833333333333333,5.087222222222222
t2,1,3,ENE,2025,spring,4–6,72,1.4483255451713397,1.173280986584794,1.8692345898370144,0.4547569444444444,5.11625,7.443587962962962
t2,1,3,ENE,2025,spring,6–8,64,1.5472823416453427,1.1999776508084576,1.712789723860651,0.7016536458333333,6.83875,9.904895833333333
t2,1,3,ENE,2025,spring,8–10,34,1.451384928410231,1.293636639770875,1.5627657925733058,0.9129901960784315,8.836470588235294,12.451225490196078
t2,1,3,ENE,2025,spring,10–12,4,1.2654098768561945,1.2134990220079094,1.3084451997206905,0.9516666666666667,10.26,12.891666666666666
t2,1,3,ENE,2025,summer,2–4,52,1.5788320208811295,1.0879358530742615,2.177105601652234,0.20842948717948717,3.0348076923076923,4.980673076923077
t2,1,3,ENE,2025,summer,4–6,82,1.1771156152412163,0.7833606809557994,1.6354326030101851,0.30656504065040646,5.0234146341463415,6.014105691056911
t2,1,3,ENE,2025,summer,6–8,94,0.9530553100965473,0.6485992019077862,1.341471797127882,0.4032659574468085,7.082553191489362,6.819120567375887
t2,1,3,ENE,2025,summer,8–10,62,1.0294291814120424,0.7009951393692235,1.2458057058967282,0.5599731182795699,8.822903225806451,8.483172043010754
t2,1,3,ENE,2025,summer,10–12,16,1.17260031528116,0.9624717751621428,1.2327242495376298,0.8644791666666667,10.668125,11.5046875
t2,1,3,ENE,2025,winter,2–4,110,1.186751339038803,0.8045567536830683,1.5983829108829108,0.08360606060606061,3.100272727272727,3.9208636363636367
t2,1,3,ENE,2025,winter,4–6,149,1.2224396607958252,0.9859287054409005,1.6360294117647058,0.31201342281879196,5.045234899328859,6.384071588366891
t2,1,3,ENE,2025,winter,6–8,103,1.4567126725219572,1.0649350672190228,1.598446770984391,0.6770388349514563,6.9567961165048535,9.34490291262136
t2,1,3,ENE,2025,winter,8–10,43,1.345263157894737,1.214112709832134,1.4722081447704685,0.873139534883721,8.823255813953487,11.601279069767441
t2,1,3,ENE,2025,winter,10–12,6,1.395637165528871,1.3057223476789064,1.41346708555709,0.9863888888888889,10.538333333333334,14.31388888888889
t2,1,3,ENE,2026,winter,2–4,63,1.3765432098765433,0.819121380540689,1.9410203139427515,0.16648148148148148,3.23,4.689656084656084
t2,1,3,ENE,2026,winter,4–6,224,1.22626239157373,0.9485869427339192,1.5082740033191024,0.2984077380952381,5.070669642857142,6.236666666666666
t2,1,3,ENE,2026,winter,6–8,197,1.1251298026998962,0.9632389468455043,1.4154022988505748,0.5175380710659898,7.059086294416244,8.198079526226735
t2,1,3,ENE,2026,winter,8–10,118,1.2349481137942677,1.0435393503950774,1.4200305514055152,0.7488841807909604,8.754067796610169,10.616680790960453
t2,1,3,ENE,2026,winter,10–12,36,1.2702432738690699,1.1534521729483873,1.3592798116741285,0.9714722222222222,10.874166666666667,14.022407407407407
t2,1,3,ENE,2026,winter,12+,4,1.1319319521757993,0.9930946993356484,1.281789188011331,0.9733333333333334,12.6375,14.45625
t2,1,4,E,2024,autumn,2–4,94,1.217000398862988,0.5078376584879476,1.724929803449659,0.10656028368794325,3.099787234042553,3.700744680851064
t2,1,4,E,2024,autumn,4–6,162,1.2822306078742005,0.9714036144578314,1.506788338176435,0.34641975308641976,5.115246913580247,6.424691358024691
t2,1,4,E,2024,autumn,6–8,190,1.2828539354791217,1.0014252665990009,1.5104537778064624,0.6209122807017544,6.98121052631579,8.823754385964913
t2,1,4,E,2024,autumn,8–10,124,1.2239527238738597,1.0611799213359698,1.368440133771429,0.8172849462365591,8.942499999999999,10.682782258064515
t2,1,4,E,2024,autumn,10–12,10,1.2639819657646065,1.1046859197172783,1.3984192716571284,0.9628333333333334,10.273,12.849166666666667
t2,1,4,E,2024,spring,2–4,89,1.2456445993031358,0.7736254295532647,1.782258064516129,0.1500749063670412,3.091573033707865,4.1728277153558055
t2,1,4,E,2024,spring,4–6,113,1.432063492063492,1.1213151927437643,1.7540000000000002,0.4195132743362832,5.016283185840709,7.295988200589971
t2,1,4,E,2024,spring,6–8,120,1.4251440289034272,1.1712772804543712,1.6183707710664874,0.6841111111111111,6.919416666666667,9.405291666666667
t2,1,4,E,2024,spring,8–10,70,1.2053070566985693,0.9867878650004525,1.3698712246367604,0.7545714285714286,8.967,10.558142857142858
t2,1,4,E,2024,spring,10–12,26,1.2521212911971191,1.0899417242271903,1.32371012430679,0.9165384615384616,10.808846153846153,13.034294871794872
t2,1,4,E,2024,spring,12+,5,1.0011330160888283,0.9473371374227294,1.0447916666666666,0.9506666666666668,13.88,13.912666666666667
t2,1,4,E,2024,summer,2–4,66,1.2186459768135904,0.7719346071762038,1.7485075558885976,0.15333333333333335,3.0948484848484847,4.1860101010101
t2,1,4,E,2024,summer,4–6,77,1.0696241528034502,0.7164591977869985,1.3728419654714474,0.25632034632034634,5.008961038961039,5.429285714285714
t2,1,4,E,2024,summer,6–8,50,0.9395136711947056,0.5349092699020859,1.351078647384972,0.3940666666666667,6.8272,6.5291
t2,1,4,E,2024,summer,8–10,1,1.1474120082815733,1.1474120082815733,1.1474120082815733,0.73,8.05,9.236666666666666
t2,1,4,E,2024,winter,2–4,14,1.3528953870105256,1.0579266692903058,1.6425675174702032,0.07178571428571427,3.3842857142857143,4.429404761904761
t2,1,4,E,2024,winter,4–6,13,1.2161936560934892,0.8801622418879057,1.711111111111111,0.35076923076923083,4.856923076923077,6.416666666666667
t2,1,4,E,2024,winter,6–8,25,1.5136054421768708,1.3615971287572903,1.61632183908046,0.8482666666666667,7.162000000000001,10.323
t2,1,4,E,2024,winter,8–10,9,1.2418001525553013,1.1339637509850276,1.4941555824264412,0.865,8.425555555555555,10.815
t2,1,4,E,2025,autumn,2–4,59,1.1524822695035462,0.7210373463901689,1.9427135298563867,0.0957909604519774,2.831694915254237,3.6809322033898306
t2,1,4,E,2025,autumn,4–6,20,1.0205947013970058,0.24670378904249873,1.4741807147176378,0.23841666666666667,4.843,4.69225
t2,1,4,E,2025,autumn,6–8,6,0.9924747929133894,0.8192839986933839,1.6262107330129527,0.4483333333333333,6.655,7.43
t2,1,4,E,2025,autumn,8–10,5,1.3524964838255975,1.3312456506610995,1.4163216011042097,0.8420000000000002,9.136,11.939666666666666
t2,1,4,E,2025,autumn,10–12,4,1.1955105370440864,1.138936456877381,1.2241002277184383,0.9508333333333334,10.6375,12.405
t2,1,4,E,2025,spring,2–4,51,1.4864232209737829,0.8347414482588902,1.9677925433739385,0.15359477124183007,3.2784313725490195,4.574117647058824
t2,1,4,E,2025,spring,4–6,113,1.3410757946210268,1.0065751858204688,1.7060530679933668,0.39859882005899705,5.020973451327434,6.909351032448377
t2,1,4,E,2025,spring,6–8,144,1.3982080351032282,1.0904611282480265,1.6064003096580999,0.6729918981481481,6.961736111111112,9.26941550925926
t2,1,4,E,2025,spring,8–10,88,1.3384881092610867,1.2151985042325624,1.4826520864470087,0.8691098484848485,8.810681818181818,11.63664772727273
t2,1,4,E,2025,spring,10–12,37,1.2526195153896529,1.1348589522164652,1.3579900124843944,0.956554054054054,10.735945945945947,13.326396396396396
t2,1,4,E,2025,spring,12+,7,0.9872824631860777,0.8013314405721521,1.0564295473459815,0.8342857142857143,12.348571428571429,11.584285714285715
t2,1,4,E,2025,summer,2–4,47,1.0272108843537413,0.6057993502047001,1.629155205926578,0.14702127659574468,3.1948936170212767,4.057163120567376
t2,1,4,E,2025,summer,4–6,32,1.0945751888463489,0.723085560212098,1.500535902813445,0.2896875,4.9559375,5.8596875
t2,1,4,E,2025,summer,6–8,27,0.741106719367589,0.316756440833266,0.9481991378111527,0.21475308641975308,7.187777777777778,4.933765432098766
t2,1,4,E,2025,summer,8–10,11,0.7797552836484984,0.661243266771148,0.8780767772302707,0.345,8.59,6.738333333333333
t2,1,4,E,2025,summer,10–12,2,0.7946374544483432,0.7592424860894199,0.8300324228072666,0.5558333333333333,10.885,8.621666666666666
t2,1,4,E,2025,winter,2–4,151,1.2789566755083996,0.7601596901692398,1.8336691046584623,0.132560706401766,3.1752980132450332,4.279426048565122
t2,1,4,E,2025,winter,4–6,230,1.1325467516794294,0.8364951727991352,1.538853978211829,0.24704347826086956,4.870652173913044,5.682340579710145
t2,1,4,E,2025,winter,6–8,234,1.2975124993441125,0.9752224619752892,1.542751210872551,0.6096723646723646,7.05025641025641,8.95381054131054
t2,1,4,E,2025,winter,8–10,136,1.2876035564543802,1.1517832244255017,1.4201073777969846,0.840906862745098,8.80485294117647,10.96205882352941
t2,1,4,E,2025,winter,10–12,74,1.1805833767112555,1.1104942618707012,1.2729856857515733,0.9577702702702703,10.720405405405405,12.577162162162162
t2,1,4,E,2026,winter,2–4,26,2.0781771224429426,1.3617180496254537,2.6840618908382066,0.2866666666666667,2.998076923076923,6.127820512820512
t2,1,4,E,2026,winter,4–6,13,1.6317829457364341,1.2160087719298245,1.981263982102908,0.5552564102564103,5.0515384615384615,7.987179487179487
t2,1,4,E,2026,winter,6–8,4,1.6445469335858562,1.5137182556425919,1.859888844515442,0.9716666666666667,6.7575,11.529583333333333
t2,1,4,E,2026,winter,8–10,16,1.371171315232821,1.2535333466473222,1.411722030565117,0.9330208333333333,8.800625,11.530104166666666
t2,1,4,E,2026,winter,10–12,2,1.114645562017491,1.0655148714042257,1.1637762526307565,0.9741666666666666,11.685,13.013333333333334
t2,1,4,E,2026,winter,12+,1,1.2122835943940642,1.2122835943940642,1.2122835943940642,0.98,12.13,14.705
t2,1,5,ESE,2024,autumn,2–4,20,1.1326205959072708,0.7564515947509398,2.0260275327905926,0.1384166666666667,2.6895,3.8725833333333335
t2,1,5,ESE,2024,autumn,4–6,8,1.0860126418988647,0.8731034579073795,1.4247811820352543,0.21645833333333334,4.9175,5.368541666666666
t2,1,5,ESE,2024,spring,2–4,30,1.5826859344894024,0.9812825007303535,2.199092543115894,0.18772222222222223,3.207,4.941111111111111
t2,1,5,ESE,2024,spring,4–6,6,1.273507309195341,1.0130048996175909,1.3708091363360118,0.18805555555555553,4.431666666666667,5.436111111111111
t2,1,5,ESE,2024,summer,2–4,53,1.3262108262108263,0.9171568627450981,2.206401766004415,0.16481132075471697,2.861132075471698,4.355786163522013
t2,1,5,ESE,2024,summer,4–6,19,0.9248768472906406,0.5162868380597259,1.3803623161915906,0.20798245614035088,4.715263157894737,4.777631578947369
t2,1,5,ESE,2024,summer,6–8,1,0.7428048142333856,0.7428048142333856,0.7428048142333856,0.12166666666666666,6.37,4.7316666666666665
t2,1,5,ESE,2025,autumn,2–4,9,1.6947712418300653,1.2010463378176381,1.8454415954415955,0.065,2.2566666666666664,3.5675925925925926
t2,1,5,ESE,2025,spring,2–4,56,1.3840388007054674,0.8986344727798877,1.9910865400935962,0.14502976190476188,3.12875,4.464136904761905
t2,1,5,ESE,2025,spring,4–6,18,1.147503947808246,0.7896624867427787,1.429113856068743,0.22499999999999998,4.78,5.4773148148148145
t2,1,5,ESE,2025,spring,6–8,5,1.1547452080411407,1.017409114183308,1.259026687598116,0.45466666666666666,6.764,7.6466666666666665
t2,1,5,ESE,2025,spring,8–10,2,1.1371993474049151,1.0682187213215053,1.206179973488325,0.6833333333333333,9.045,10.326666666666668
t2,1,5,ESE,2025,spring,10–12,1,0.8070807080708071,0.8070807080708071,0.8070807080708071,0.5866666666666667,11.11,8.966666666666667
t2,1,5,ESE,2025,summer,2–4,16,1.4234001189818555,0.5992681047765793,2.3104440789473686,0.17635416666666667,2.6193750000000002,4.204791666666667
t2,1,5,ESE,2025,summer,4–6,13,1.1825757575757574,0.9735202492211839,1.514124293785311,0.24358974358974358,4.937692307692307,5.521282051282052
t2,1,5,ESE,2025,summer,6–8,1,0.7427385892116183,0.7427385892116183,0.7427385892116183,0.18500000000000003,7.23,5.37
t2,1,5,ESE,2025,summer,8–10,1,0.6642672572905132,0.6642672572905132,0.6642672572905132,0.26,9.03,5.998333333333334
t2,1,5,ESE,2025,winter,2–4,6,1.5217771777177718,1.2874348813805148,2.0888888888888886,0.04388888888888889,2.2416666666666667,3.765
t2,1,5,ESE,2026,winter,2–4,2,1.8709586056644882,1.4616230936819172,2.280294117647059,0.09666666666666666,2.6550000000000002,4.635833333333333
t2,1,6,SE,2024,autumn,2–4,4,1.188874912081372,0.8160153767950185,1.6021481161877655,0.10458333333333333,2.6225,3.4375
t2,1,6,SE,2024,spring,2–4,8,1.1058742994052966,0.6646590909090909,1.6776880170893802,0.11125,2.71125,3.5125
t2,1,6,SE,2024,summer,2–4,26,1.728167545015371,1.079119411711282,2.1559748427672956,0.1432051282051282,2.474615384615385,4.15974358974359
t2,1,6,SE,2024,summer,4–6,1,0.5804243668720055,0.5804243668720055,0.5804243668720055,0.028333333333333332,4.87,2.8266666666666667
t2,1,6,SE,2025,autumn,2–4,2,2.006061598951507,1.7709971603320227,2.2411260375709916,0.12666666666666665,2.385,4.880833333333333
t2,1,6,SE,2025,spring,2–4,23,1.6415701415701414,0.851469585789326,2.109348824866066,0.11740579710144929,2.67,3.980536231884058
t2,1,6,SE,2025,spring,4–6,2,0.23698212025042054,0.14384527339888664,0.33011896710195443,0.016666666666666666,4.385,1.0233333333333334
t2,1,6,SE,2025,summer,2–4,16,1.2652396950364238,0.9301626872913453,1.941015849552435,0.14041666666666666,2.854375,4.034583333333333
t2,1,6,SE,2025,summer,4–6,3,0.6969407265774378,0.475739789577753,0.8909718812000729,0.09000000000000001,5.1033333333333335,3.59
t2,1,7,SSE,2024,autumn,2–4,2,0.8034247869231368,0.6599632185440766,0.9468863553021969,0.01916666666666667,2.495,2.140833333333333
t2,1,7,SSE,2024,autumn,4–6,1,1.7787148594377509,1.7787148594377509,1.7787148594377509,0.3866666666666667,4.15,7.381666666666667
t2,1,7,SSE,2024,spring,2–4,5,1.4975845410628021,1.217147435897436,1.688125894134478,0.053000000000000005,2.27,3.0260000000000002
t2,1,7,SSE,2024,summer,2–4,36,1.4186675788633503,0.8500519849672828,2.031258972150445,0.1562962962962963,2.59,4.120694444444444
t2,1,7,SSE,2024,summer,4–6,4,1.1170889295889295,0.5240327886076359,1.7885607300500916,0.33375,4.885,5.846666666666667
t2,1,7,SSE,2024,summer,10–12,1,0.37380095923261397,0.37380095923261397,0.37380095923261397,0.09333333333333334,11.12,4.156666666666667
t2,1,7,SSE,2025,autumn,2–4,6,1.3620132823871907,0.7545211515697302,1.8344340635738832,0.057499999999999996,2.4833333333333334,3.518333333333333
t2,1,7,SSE,2025,spring,2–4,11,1.1815843621399176,0.5958333333333333,2.034043362495245,0.12878787878787878,2.611818181818182,3.6319696969696973
t2,1,7,SSE,2025,spring,4–6,1,0.27627939142461966,0.27627939142461966,0.27627939142461966,0.011666666666666667,4.82,1.3316666666666668
t2,1,7,SSE,2025,summer,2–4,16,1.1316914080071976,0.4673404118048259,1.8181779018472568,0.1671875,2.68,3.820104166666667
t2,1,7,SSE,2025,summer,4–6,4,0.6607683009324385,0.2784851660379116,1.1305104226156482,0.10250000000000001,4.2075,3.14375
t2,1,7,SSE,2025,summer,6–8,1,1.1024416135881103,1.1024416135881103,1.1024416135881103,0.335,6.28,6.923333333333333
t2,1,7,SSE,2026,winter,2–4,2,1.2751299421440119,1.1680930238772864,1.3821668604107373,0.025,2.245,2.910833333333333
t2,1,8,S,2024,autumn,2–4,5,2.1697127937336815,1.1330532212885156,2.6977299880525685,0.3046666666666667,2.884,5.673666666666667
t2,1,8,S,2024,autumn,4–6,3,1.818289786223278,1.585397212221101,2.058605921304011,0.5127777777777778,4.54,8.062222222222223
t2,1,8,S,2024,spring,2–4,4,1.354490870422243,1.1212680194028832,1.9790320844099913,0.18583333333333335,2.4975,4.336666666666667
t2,1,8,S,2024,spring,4–6,1,0.23648103309120255,0.23648103309120255,0.23648103309120255,0.01,4.13,0.9766666666666666
t2,1,8,S,2024,summer,2–4,40,0.8448391562095634,0.49250104009443085,1.7861562089547276,0.11333333333333333,2.87,3.3462083333333332
t2,1,8,S,2024,summer,4–6,12,0.5720125724259664,0.483784168837637,0.8965091893329492,0.13555555555555557,4.4991666666666665,3.5824999999999996
t2,1,8,S,2024,summer,6–8,1,1.6179154658981747,1.6179154658981747,1.6179154658981747,0.8366666666666666,6.94,11.228333333333333
t2,1,8,S,2025,autumn,2–4,4,2.3490750602819563,1.8159633998790077,2.569884831014968,0.36541666666666667,3.1975,6.1525
t2,1,8,S,2025,autumn,4–6,1,1.8868686868686868,1.8868686868686868,1.8868686868686868,0.7050000000000001,4.95,9.34
t2,1,8,S,2025,autumn,6–8,2,0.9221848014946015,0.7858259278790838,1.0585436751101194,0.3066666666666667,6.775,6.219166666666666
t2,1,8,S,2025,spring,2–4,10,1.115386103872649,0.8649038461538461,1.4344431962387398,0.04466666666666667,2.721,3.1641666666666666
t2,1,8,S,2025,summer,2–4,20,1.3007934373318988,0.8011243919181068,2.5432037768994293,0.16891666666666666,2.9515000000000002,4.331583333333333
t2,1,8,S,2025,summer,4–6,10,0.9848550924566197,0.7065893028743812,1.2999333009944216,0.25316666666666665,4.891,5.562
t2,1,8,S,2025,summer,6–8,12,0.8245506535947713,0.5752177092335305,0.9727209882162443,0.2622222222222222,6.666666666666667,5.690555555555555
t2,1,8,S,2025,summer,8–10,3,0.35446570972886765,0.32219083805771115,0.4785533830757184,0.07444444444444445,8.34,3.466111111111111
t2,1,8,S,2026,winter,2–4,1,2.3178861788617886,2.3178861788617886,2.3178861788617886,0.075,2.05,4.751666666666666
t2,1,9,SSW,2024,autumn,2–4,12,1.0236335125448028,0.7048708538644036,1.4227772908754504,0.04180555555555556,2.5766666666666667,2.7641666666666667
t2,1,9,SSW,2024,autumn,4–6,1,1.3046234153616705,1.3046234153616705,1.3046234153616705,0.13333333333333333,4.47,5.831666666666667
t2,1,9,SSW,2024,spring,2–4,10,1.1837246950836162,0.8562187560667833,1.6470967377905865,0.09766666666666665,2.4560000000000004,3.4345
t2,1,9,SSW,2024,summer,2–4,43,0.9378036929057337,0.5567135776243584,1.257413457721969,0.10437984496124031,3.08,3.3401162790697674
t2,1,9,SSW,2024,summer,4–6,19,0.7976461655277146,0.5746920314468926,1.1431919906932724,0.17175438596491227,4.88578947368421,4.400964912280702
t2,1,9,SSW,2024,summer,6–8,6,0.6393817630882082,0.3981378866531322,1.1657457086481995,0.30833333333333335,6.861666666666667,5.81138888888889
t2,1,9,SSW,2025,autumn,2–4,18,1.502046513828755,1.0749729827089336,1.7537035333087967,0.12944444444444445,3.1222222222222222,4.341759259259259
t2,1,9,SSW,2025,autumn,4–6,4,1.862928625613351,1.7088765532337973,1.9917030732016399,0.5700000000000001,4.6225,8.399999999999999
t2,1,9,SSW,2025,autumn,6–8,1,0.9086229086229086,0.9086229086229086,0.9086229086229086,0.355,7.77,7.06
t2,1,9,SSW,2025,spring,2–4,23,1.236,0.8772241385198594,1.713183125599233,0.08304347826086957,2.8069565217391306,3.60731884057971
t2,1,9,SSW,2025,spring,4–6,3,0.7882547559966914,0.7421229236553613,1.0618279569892473,0.08222222222222221,4.183333333333334,3.8944444444444444
t2,1,9,SSW,2025,summer,2–4,19,1.459807073954984,1.0077783789100925,1.9048513411570736,0.15938596491228071,2.8873684210526314,4.582982456140351
t2,1,9,SSW,2025,summer,4–6,12,1.2748956386292836,0.7959277749086666,1.9848694139615788,0.38138888888888883,4.939166666666666,7.333194444444445
t2,1,9,SSW,2025,summer,6–8,5,1.0345501955671448,0.820938468348827,1.138292799237005,0.3993333333333333,7.0920000000000005,7.092666666666666
t2,1,9,SSW,2025,summer,8–10,2,0.9129676789251258,0.9054875544237247,0.9204478034265269,0.5766666666666667,9.559999999999999,8.723333333333333
t2,1,9,SSW,2025,summer,10–12,1,0.7988774555659496,0.7988774555659496,0.7988774555659496,0.5616666666666666,10.69,8.540000000000001
t2,1,9,SSW,2025,winter,2–4,7,0.7480620155038761,0.5124432012187115,1.2156838747960241,0.039047619047619046,2.508571428571429,2.441904761904762
t2,1,9,SSW,2026,winter,2–4,5,1.75609756097561,1.620527306967985,1.8266666666666669,0.08700000000000001,2.88,4.976666666666667
t2,1,9,SSW,2026,winter,4–6,1,0.5129918337045285,0.5129918337045285,0.5129918337045285,0.01,4.49,2.3033333333333332
t2,1,9,SSW,2026,winter,6–8,1,0.37646432374866884,0.37646432374866884,0.37646432374866884,0.016666666666666666,6.26,2.356666666666667
t2,1,10,SW,2024,autumn,2–4,36,1.2143676546331414,0.8518787863719617,1.735664107724435,0.10166666666666667,3.0855555555555556,3.9252777777777776
t2,1,10,SW,2024,autumn,4–6,26,0.968400739140603,0.5258864949783986,1.3165186472819217,0.2221153846153846,4.928846153846154,5.033333333333333
t2,1,10,SW,2024,autumn,6–8,14,1.243514917021509,0.8353430118318939,1.5879787910167273,0.5478571428571428,6.853571428571429,8.121666666666666
t2,1,10,SW,2024,autumn,8–10,1,0.9779166666666667,0.9779166666666667,0.9779166666666667,0.48333333333333334,8.0,7.823333333333333
t2,1,10,SW,2024,spring,2–4,29,1.1752484191508583,0.8161764705882353,1.4638663053297198,0.06994252873563218,2.9882758620689653,3.4363793103448277
t2,1,10,SW,2024,spring,4–6,12,0.9824339109376015,0.7574296519683141,1.177181302857976,0.13916666666666666,4.876666666666667,4.594166666666667
t2,1,10,SW,2024,spring,6–8,6,1.2413416741654353,1.0180072841977972,1.311752449562594,0.48500000000000004,6.666666666666667,7.329999999999999
t2,1,10,SW,2024,spring,8–10,1,1.459119496855346,1.459119496855346,1.459119496855346,0.9700000000000001,8.48,12.373333333333335
t2,1,10,SW,2024,summer,2–4,70,1.416749406769077,0.7013265758280713,1.9185439671806845,0.15407142857142858,3.0094285714285713,4.1906904761904755
t2,1,10,SW,2024,summer,4–6,37,0.7119603680113235,0.47388059701492535,1.07871198568873,0.10819819819819819,5.0275675675675675,3.8141666666666665
t2,1,10,SW,2024,summer,6–8,20,0.9896328847955114,0.8436851825799634,1.400514737363118,0.42766666666666664,6.718500000000001,7.58325
t2,1,10,SW,2024,summer,8–10,4,1.1072410656061389,0.8610005883634391,1.1647498005197863,0.585,8.905,8.150833333333333
t2,1,10,SW,2024,summer,10–12,1,0.33829457364341087,0.33829457364341087,0.33829457364341087,0.07166666666666667,10.75,3.6366666666666667
t2,1,10,SW,2025,autumn,2–4,37,1.4660148975791436,0.6821138211382115,1.8498677248677247,0.16265765765765766,3.0083783783783784,4.330810810810811
t2,1,10,SW,2025,autumn,4–6,37,1.1229314420803782,0.713095238095238,1.3445243804956035,0.242972972972973,4.899459459459459,5.4656756756756755
t2,1,10,SW,2025,autumn,6–8,25,1.2556142668428005,1.0592841163310962,1.5472602739726027,0.6214,6.9716,8.778333333333334
t2,1,10,SW,2025,autumn,8–10,7,1.2040690505548708,1.1519875830663502,1.2534292268230642,0.8607142857142858,8.741428571428571,10.39904761904762
t2,1,10,SW,2025,spring,2–4,49,0.8800705467372134,0.5080128205128205,1.4175257731958761,0.05472789115646259,2.879795918367347,2.7295578231292517
t2,1,10,SW,2025,spring,4–6,28,0.9502976190476191,0.6899041864919339,1.0942318930144956,0.12607142857142856,4.752857142857144,4.369464285714286
t2,1,10,SW,2025,spring,6–8,13,0.9782407407407406,0.8970210580380071,1.1916537867078825,0.3526923076923077,6.507692307692308,6.4743589743589745
t2,1,10,SW,2025,spring,8–10,4,1.0123299794004565,0.8683383641045077,1.2623445165984195,0.6091666666666666,8.379999999999999,9.387083333333333
t2,1,10,SW,2025,spring,10–12,1,1.1076830006049605,1.1076830006049605,1.1076830006049605,0.7999999999999999,11.02,12.206666666666665
t2,1,10,SW,2025,summer,2–4,35,1.5091623036649218,0.9398988066440896,1.9574651686570292,0.14333333333333334,2.9025714285714286,4.330809523809523
t2,1,10,SW,2025,summer,4–6,28,1.3358877776751252,0.9956209644181894,1.6195186402757802,0.35345238095238096,4.918928571428571,6.615892857142858
t2,1,10,SW,2025,summer,6–8,11,0.9816255944660612,0.8774244119125204,1.8980529585656605,0.5559090909090909,7.1036363636363635,9.073636363636364
t2,1,10,SW,2025,summer,8–10,5,0.7596034696406443,0.6828731492597039,0.9502598366740905,0.3433333333333334,8.794,6.757666666666667
t2,1,10,SW,2025,summer,12+,1,0.31781518499035594,0.31781518499035594,0.31781518499035594,0.01,19.01,6.041666666666667
t2,1,10,SW,2025,winter,2–4,46,1.175095007655293,0.792688734343271,1.6500357450146774,0.05510869565217392,2.7328260869565217,3.4138405797101448
t2,1,10,SW,2025,winter,4–6,19,1.175123326286117,0.5032202749181697,1.585055019088255,0.2621052631578948,4.812631578947368,5.455438596491228
t2,1,10,SW,2025,winter,6–8,7,1.1406177962194561,1.0984035759897828,1.3317765330070253,0.5109523809523809,6.8585714285714285,8.42452380952381
t2,1,10,SW,2025,winter,8–10,2,0.8372004200972246,0.7942847664560602,0.8801160737383891,0.38416666666666666,8.82,7.3575
t2,1,10,SW,2026,winter,2–4,34,1.534355426671803,1.183036732081163,2.0735826408125577,0.15583333333333335,3.2191176470588236,4.916911764705882
t2,1,10,SW,2026,winter,4–6,30,1.0967077217077217,0.7648783782089852,1.675720363220363,0.2645,4.962666666666666,5.674666666666667
t2,1,10,SW,2026,winter,6–8,23,1.2739247311827957,0.8544238683127572,1.4716668337809864,0.5442753623188405,6.895652173913043,8.062391304347827
t2,1,10,SW,2026,winter,8–10,8,1.2329698271641911,0.9821888743815284,1.3537358339183632,0.7589583333333333,8.6625,10.258958333333332
t2,1,10,SW,2026,winter,10–12,3,1.2849162011173183,1.2218740549746134,1.2960528718004891,0.9744444444444444,11.219999999999999,14.008333333333333
t2,1,11,WSW,2024,autumn,2–4,75,1.209090909090909,0.6810936238902341,1.6540190788959261,0.12468888888888889,3.0657333333333336,3.9318666666666666
t2,1,11,WSW,2024,autumn,4–6,94,1.1899325035063115,0.5681215473228163,1.3775860737995984,0.24177304964539006,5.095,5.353031914893617
t2,1,11,WSW,2024,autumn,6–8,98,0.9895360912885125,0.7381451201238287,1.1977570242656452,0.3794387755102041,6.885612244897959,6.786530612244898
t2,1,11,WSW,2024,autumn,8–10,73,1.0007077140835103,0.7449310624493106,1.1711983887210475,0.6078995433789954,8.981643835616438,8.684977168949771
t2,1,11,WSW,2024,autumn,10–12,55,1.0092505487613672,0.8207837220186107,1.092328825255371,0.7922727272727274,10.914363636363635,10.354454545454546
t2,1,11,WSW,2024,autumn,12+,69,0.8679446219382322,0.7847886127044826,0.9435028248587571,0.9067632850241546,13.936231884057971,11.908405797101448
t2,1,11,WSW,2024,spring,2–4,65,0.9966414777497901,0.5885714285714286,1.4207459207459208,0.07474358974358974,3.1532307692307695,3.332410256410256
t2,1,11,WSW,2024,spring,4–6,128,1.094605539013973,0.6910195857272098,1.3068687737826923,0.228515625,5.08609375,5.370026041666667
t2,1,11,WSW,2024,spring,6–8,145,1.0754985754985757,0.8272440234551196,1.232717803030303,0.40171264367816095,6.893931034482758,6.891011494252874
t2,1,11,WSW,2024,spring,8–10,113,1.065807560137457,0.8560931899641576,1.220362622036262,0.6689823008849557,8.995132743362833,9.205943952802361
t2,1,11,WSW,2024,spring,10–12,74,0.9168116834783502,0.820134189157754,1.0328315527407907,0.7310585585585586,10.94054054054054,9.83722972972973
t2,1,11,WSW,2024,spring,12+,115,0.8896599583622484,0.7875183233569566,0.9365260221094773,0.9127536231884058,14.490521739130436,12.368715942028986
t2,1,11,WSW,2024,summer,2–4,72,1.0978961966303737,0.6329625266936709,1.528178753507701,0.10314814814814816,3.1158333333333332,3.6017129629629627
t2,1,11,WSW,2024,summer,4–6,115,0.8159448818897639,0.47553211596617906,1.1622785113046374,0.1823623188405797,4.983304347826087,4.476536231884057
t2,1,11,WSW,2024,summer,6–8,82,0.9059966277241054,0.561715821718576,1.1137940180462256,0.3243089430894309,6.935121951219512,6.153170731707317
t2,1,11,WSW,2024,summer,8–10,65,0.8980601741884402,0.6482494529540481,1.2154427645788337,0.49148717948717946,8.855538461538462,7.775564102564103
t2,1,11,WSW,2024,summer,10–12,25,0.6321386946386947,0.4181468324452339,0.941420664206642,0.45986666666666665,10.905999999999999,7.4185
t2,1,11,WSW,2024,summer,12+,8,0.6382128617149805,0.3291073487759125,0.6986546763517718,0.41250000000000003,12.74875,6.576458333333333
t2,1,11,WSW,2024,winter,2–4,7,1.1707650273224044,0.8566019452074323,1.5636991723641596,0.07285714285714286,3.412857142857143,4.360476190476191
t2,1,11,WSW,2024,winter,4–6,47,1.2209302325581397,1.0132201534397278,1.3601226512181417,0.21578014184397165,5.028297872340425,6.123297872340426
t2,1,11,WSW,2024,winter,6–8,24,1.1060937853510997,1.0339843686486838,1.2100175849102508,0.3925,6.734583333333333,7.599513888888889
t2,1,11,WSW,2024,winter,8–10,4,0.785950298517007,0.7025429567100149,0.8637664041421188,0.1875,8.2375,6.433333333333334
t2,1,11,WSW,2025,autumn,2–4,85,1.1281179138321995,0.6540767386091128,1.7063492063492065,0.12370588235294118,3.130235294117647,3.9518823529411766
t2,1,11,WSW,2025,autumn,4–6,89,1.324215900802334,1.0108843537414964,1.6151960784313724,0.3291760299625468,4.928202247191011,6.300767790262172
t2,1,11,WSW,2025,autumn,6–8,74,1.0882338670548277,0.8659877304635989,1.251065226682882,0.460518018018018,6.950675675675676,7.433603603603604
t2,1,11,WSW,2025,autumn,8–10,40,1.1048445128739863,0.8341409572420502,1.2369643870522025,0.6756666666666666,8.911,9.023166666666667
t2,1,11,WSW,2025,autumn,10–12,35,1.0419847328244274,0.9688242365665263,1.08830310169422,0.8710952380952381,10.973142857142857,10.959333333333333
t2,1,11,WSW,2025,autumn,12+,28,0.8977629525593009,0.794477348873621,0.9767588466304602,0.8533928571428572,13.125714285714285,11.211904761904762
t2,1,11,WSW,2025,spring,2–4,48,1.3068078324225865,0.5654747020088355,1.9634387614721622,0.1403125,2.957708333333333,3.8707638888888893
t2,1,11,WSW,2025,spring,4–6,128,0.9434353481444093,0.508849588760634,1.465283216113883,0.261421875,4.990234375,5.291684895833333
t2,1,11,WSW,2025,spring,6–8,106,0.9302242748187046,0.6268189727589103,1.2375674376368784,0.39113207547169815,7.047452830188679,6.6580974842767295
t2,1,11,WSW,2025,spring,8–10,93,0.9895612172682237,0.7765830346475509,1.193904761904762,0.6081612903225806,8.956774193548387,8.713078853046595
t2,1,11,WSW,2025,spring,10–12,60,0.934890602095662,0.800913257423695,1.0311422289355017,0.7388333333333333,11.000333333333334,9.839638888888889
t2,1,11,WSW,2025,spring,12+,74,0.9016218850998641,0.783964749242527,0.9848204697229923,0.8881081081081081,14.3427027027027,12.281193693693693
t2,1,11,WSW,2025,summer,2–4,66,0.9568551311797966,0.6075381728725647,1.618781640563202,0.11073232323232324,3.140151515151515,3.4992676767676767
t2,1,11,WSW,2025,summer,4–6,127,1.0023255813953489,0.5121500765602233,1.4257249425093947,0.2310958005249344,5.073779527559055,5.00778871391076
t2,1,11,WSW,2025,summer,6–8,145,0.8394817742643829,0.5569779116465864,1.1484572584724329,0.3223448275862069,6.927793103448276,6.079965517241379
t2,1,11,WSW,2025,summer,8–10,106,1.0449543712252318,0.7781002958980334,1.1979209001891196,0.5931132075471699,8.816037735849056,8.635754716981133
t2,1,11,WSW,2025,summer,10–12,44,0.849376553352968,0.6049746390948108,1.0035899760993272,0.5900378787878787,10.833409090909091,8.712083333333332
t2,1,11,WSW,2025,summer,12+,29,0.6873673036093417,0.5082633053221288,0.8189488243430152,0.6123333333333333,14.492758620689656,9.273666666666667
t2,1,11,WSW,2025,winter,2–4,73,1.2831223628691983,0.8621517771373679,1.7794486215538847,0.07468036529680365,3.113561643835616,3.935570776255708
t2,1,11,WSW,2025,winter,4–6,93,0.9684317718940937,0.48625,1.2349726775956285,0.11815412186379928,5.061505376344086,4.433709677419355
t2,1,11,WSW,2025,winter,6–8,92,1.0422991099437022,0.8129536889669429,1.2950762270878118,0.4181521739130435,7.06391304347826,7.4126992753623195
t2,1,11,WSW,2025,winter,8–10,64,1.0890074018965676,0.8943965517241381,1.2246519161841745,0.6534895833333333,8.723125,9.108880208333334
t2,1,11,WSW,2025,winter,10–12,19,0.8523206751054853,0.7955772010717928,0.9720693048033059,0.7018421052631579,10.657894736842104,9.578684210526315
t2,1,11,WSW,2025,winter,12+,19,0.9266666666666667,0.7250967093998808,1.0036356176500365,0.9004385964912281,14.295789473684211,12.398684210526316
t2,1,11,WSW,2026,winter,2–4,65,1.4815400843881856,0.6742021276595745,1.845105328376704,0.0725897435897436,3.052769230769231,3.997205128205128
t2,1,11,WSW,2026,winter,4–6,76,1.031393803371512,0.40589630779848174,1.3114307023881493,0.15585526315789475,4.805394736842105,4.502302631578948
t2,1,11,WSW,2026,winter,6–8,52,1.1228049925211394,0.9664041724617525,1.2686820360077238,0.45201923076923073,6.8932692307692305,7.410352564102565
t2,1,11,WSW,2026,winter,8–10,45,0.9924487594390509,0.7619285952619287,1.1734939759036145,0.5828518518518518,8.941777777777778,8.28111111111111
t2,1,11,WSW,2026,winter,10–12,17,1.0266949152542373,0.9286412512218963,1.1175609756097562,0.8690196078431373,10.66294117647059,10.804803921568627
t2,1,11,WSW,2026,winter,12+,6,0.98095876460074,0.3961726880635081,1.0575784230104013,0.6519444444444444,13.084999999999999,10.039166666666667
t2,1,12,W,2024,autumn,2–4,56,1.0669289811066127,0.6510435720651,1.6733754848307743,0.09366071428571429,3.2082142857142855,3.726815476190476
t2,1,12,W,2024,autumn,4–6,46,1.0124275769602333,0.8222607098539934,1.2757479508196723,0.145,4.803478260869565,4.860434782608695
t2,1,12,W,2024,autumn,6–8,45,0.9531400966183575,0.720309381237525,1.1580226904376012,0.3592222222222222,6.955111111111112,6.73937037037037
t2,1,12,W,2024,autumn,8–10,49,0.906148867313916,0.8038894947291895,1.06422965716646,0.5360884353741496,9.028979591836736,8.116802721088435
t2,1,12,W,2024,autumn,10–12,45,0.9459582198001818,0.8702147525676937,1.0159482758620693,0.7691851851851851,10.918,10.012185185185185
t2,1,12,W,2024,autumn,12+,51,0.8386686991869918,0.7690116963955864,0.9461059868735151,0.8672875816993465,13.874509803921569,11.530980392156863
t2,1,12,W,2024,spring,2–4,64,0.9802886478109261,0.6552784887751293,1.395216049382716,0.063671875,2.99140625,3.232104166666667
t2,1,12,W,2024,spring,4–6,84,1.1204347826086958,0.6925572900149172,1.393745464441219,0.22126984126984126,5.003333333333333,5.359583333333333
t2,1,12,W,2024,spring,6–8,77,0.9806800618238022,0.7646780303030303,1.2024456521739129,0.3743722943722944,7.0829870129870125,6.761688311688311
t2,1,12,W,2024,spring,8–10,74,0.8998150409928121,0.7953545026881721,1.0955901034420181,0.5520720720720721,8.991486486486487,8.413536036036037
t2,1,12,W,2024,spring,10–12,46,0.8777613626110334,0.7102450864966277,1.0324708868220576,0.693695652173913,11.011956521739132,9.609565217391305
t2,1,12,W,2024,spring,12+,69,0.8703446680545917,0.8272469060661392,0.9321285140562249,0.9315700483091788,14.373188405797102,12.474106280193237
t2,1,12,W,2024,summer,2–4,49,1.0877551020408163,0.7873417721518987,1.7104477611940299,0.14087074829931973,3.113469387755102,4.072265306122449
t2,1,12,W,2024,summer,4–6,85,0.8757208765859285,0.5668662674650699,1.189122807017544,0.2109921568627451,5.219764705882353,5.029643137254902
t2,1,12,W,2024,summer,6–8,105,0.9128401360544217,0.6647314949201742,1.0860302049622437,0.30368253968253967,6.964,6.109706349206349
t2,1,12,W,2024,summer,8–10,75,0.9250672043010754,0.6936125451801358,1.027686863749389,0.45840000000000003,8.932933333333335,7.450155555555555
t2,1,12,W,2024,summer,10–12,43,0.6642156862745098,0.46946499504974404,0.9229905945262054,0.43655038759689924,10.786046511627907,7.479728682170543
t2,1,12,W,2024,summer,12+,8,0.7046012740808965,0.42975962363554526,0.8183154635674534,0.578125,14.14625,9.358958333333334
t2,1,12,W,2024,winter,2–4,17,1.3451977401129944,1.1462075848303392,1.6453488372093024,0.06068627450980393,3.09,4.60656862745098
t2,1,12,W,2024,winter,4–6,10,1.2795029278806722,1.2208333333333334,1.4348869355766465,0.21266666666666664,4.947,6.6431666666666676
t2,1,12,W,2024,winter,6–8,1,1.3934630738522955,1.3934630738522955,1.3934630738522955,0.7166666666666667,6.68,9.308333333333334
t2,1,12,W,2025,autumn,2–4,63,1.3687179487179486,0.7787037037037037,1.8293438956064376,0.1439153439153439,2.96952380952381,4.145423280423281
t2,1,12,W,2025,autumn,4–6,54,1.0950108459869847,0.568716237856304,1.435983009708738,0.23996913580246915,4.8348148148148145,5.22608024691358
t2,1,12,W,2025,autumn,6–8,47,1.0882599580712788,0.8980280092122197,1.3818324726593645,0.4934751773049645,7.094893617021276,7.767375886524823
t2,1,12,W,2025,autumn,8–10,51,1.1604631927212572,0.9902727591076838,1.2829873103313303,0.7274509803921569,8.827254901960785,9.850555555555555
t2,1,12,W,2025,autumn,10–12,39,1.058882235528942,0.9157662934999566,1.1016102136393027,0.8057264957264957,10.952307692307691,10.66457264957265
t2,1,12,W,2025,autumn,12+,12,0.9086981963566182,0.6662080193989781,1.0372048325096102,0.7765277777777778,13.165833333333333,11.098055555555556
t2,1,12,W,2025,spring,2–4,41,0.8165807560137457,0.5038535645472062,1.2689393939393938,0.08024390243902439,2.9878048780487805,2.9979268292682923
t2,1,12,W,2025,spring,4–6,76,1.0367404073698445,0.6495794765993829,1.3151959214178945,0.22657894736842105,4.993289473684211,5.232171052631578
t2,1,12,W,2025,spring,6–8,45,0.8926366843033509,0.7240840035746202,1.08983286908078,0.3178074074074074,6.897333333333333,6.4183259259259255
t2,1,12,W,2025,spring,8–10,81,0.8365825688073395,0.5747451868629672,1.0891156462585032,0.48038477366255145,9.025802469135803,7.643646090534979
t2,1,12,W,2025,spring,10–12,65,0.93406432748538,0.7763157894736842,1.0488248924197285,0.7302564102564103,10.891076923076923,9.86028205128205
t2,1,12,W,2025,spring,12+,78,0.8327351020172244,0.7487270168266861,0.9526018245449748,0.8317307692307693,13.879102564102563,11.230662393162394
t2,1,12,W,2025,summer,2–4,84,0.9331316118328916,0.5028436699355067,1.6770996202814386,0.11121031746031747,3.0636904761904766,3.4521428571428574
t2,1,12,W,2025,summer,4–6,100,0.8408794048328931,0.5732223955758774,1.2483958444302004,0.18583333333333332,5.0401,4.695316666666667
t2,1,12,W,2025,summer,6–8,130,0.9592839817289484,0.6856002912762085,1.1385636221701796,0.3379615384615385,6.987615384615385,6.421130769230769
t2,1,12,W,2025,summer,8–10,63,0.9926116838487972,0.7626387188538781,1.172160620713803,0.5434920634920635,8.808095238095238,8.333280423280423
t2,1,12,W,2025,summer,10–12,45,0.9239286741443774,0.8085873484103574,1.0230429292929293,0.706925925925926,10.956444444444445,9.864703703703704
t2,1,12,W,2025,summer,12+,32,0.7657452783016518,0.5226921415714341,0.8320017176498354,0.6486458333333334,13.883125,9.293489583333333
t2,1,12,W,2025,winter,2–4,20,1.6282268823480366,1.187438806251177,2.2365125860609805,0.08083333333333334,2.6545,4.399
t2,1,12,W,2025,winter,4–6,20,1.2592023418402025,1.09592999220899,1.3509737007926244,0.24274999999999997,5.2219999999999995,6.26325
t2,1,12,W,2025,winter,6–8,19,1.0808861411643482,0.9287515820050066,1.2419631991031337,0.38473684210526315,6.846842105263158,7.304298245614035
t2,1,12,W,2025,winter,8–10,13,0.9757100149476831,0.8150448585231195,1.0407066052227343,0.5758974358974359,8.891538461538461,8.432692307692308
t2,1,12,W,2025,winter,10–12,12,0.8646371503218739,0.8162578332147534,0.9376348778963749,0.755,10.959166666666667,9.661388888888888
t2,1,12,W,2025,winter,12+,41,0.8242954324586977,0.7388385364216179,0.8613010151232651,0.9630894308943089,16.462195121951222,13.248292682926827
t2,1,12,W,2026,winter,2–4,36,1.445684666347382,0.7632663601226176,1.8679283632458967,0.06078703703703704,2.8755555555555556,3.907916666666667
t2,1,12,W,2026,winter,4–6,14,1.0029555224867726,0.33080853549949707,1.250086718836719,0.13607142857142857,4.866428571428571,4.166904761904762
t2,1,12,W,2026,winter,6–8,13,1.0259481037924154,0.857615894039735,1.393939393939394,0.47782051282051285,7.171538461538462,7.563076923076924
t2,1,12,W,2026,winter,8–10,8,1.1198235674034351,1.0289842549923196,1.2746669195958602,0.7991666666666667,9.04375,10.200624999999999
t2,1,12,W,2026,winter,10–12,7,1.0736703006276842,0.9677709037193044,1.080084228414922,0.7952380952380952,10.781428571428572,10.556666666666667
t2,1,12,W,2026,winter,12+,7,0.9576923076923077,0.922573802331509,1.0514387803975356,0.9728095238095238,12.934285714285716,12.510571428571428
t2,1,13,WNW,2024,autumn,2–4,19,0.9593175853018374,0.7139173004633272,1.2063473285726576,0.04070175438596491,2.8021052631578947,2.7237719298245615
t2,1,13,WNW,2024,autumn,4–6,9,1.2024886877828056,1.1506802721088434,1.2456949569495694,0.20166666666666666,4.70888888888889,5.270740740740741
t2,1,13,WNW,2024,autumn,6–8,6,0.6768945155702032,0.5421786116303846,0.7914340694989804,0.21583333333333335,6.973333333333334,5.295555555555556
t2,1,13,WNW,2024,autumn,8–10,8,1.2241285085262634,1.033428077299045,1.3020409974426403,0.6572916666666666,8.55875,9.202291666666667
t2,1,13,WNW,2024,autumn,10–12,4,1.1249639316180002,1.0359415486299361,1.2345361684068976,0.8995833333333334,10.485,11.999583333333334
t2,1,13,WNW,2024,spring,2–4,26,0.9123909550045914,0.7032576643449082,1.226169124328008,0.043012820512820515,2.795769230769231,2.9289102564102567
t2,1,13,WNW,2024,spring,4–6,19,0.8315571343990527,0.5883437889793822,1.1202316457907,0.09877192982456141,4.731052631578947,4.065877192982456
t2,1,13,WNW,2024,spring,6–8,9,0.6697886647454371,0.6191183754333829,0.7963709677419354,0.29314814814814816,6.703333333333333,6.005925925925926
t2,1,13,WNW,2024,spring,8–10,4,1.0517265953356403,0.8946680476958109,1.225300672881318,0.6391666666666667,8.725,9.364583333333334
t2,1,13,WNW,2024,spring,10–12,1,0.7949346405228758,0.7949346405228758,0.7949346405228758,0.5133333333333333,10.2,8.108333333333333
t2,1,13,WNW,2024,summer,2–4,31,0.8450920245398774,0.6570008729399144,1.4523111808826097,0.09768817204301075,3.2077419354838708,3.4386774193548386
t2,1,13,WNW,2024,summer,4–6,42,0.8713898575356649,0.6445586622807018,1.127985908813766,0.13628968253968254,5.0026190476190475,4.382083333333334
t2,1,13,WNW,2024,summer,6–8,35,0.8367521367521368,0.5793888681707999,0.9793483356774495,0.2385047619047619,6.841714285714286,5.551161904761904
t2,1,13,WNW,2024,summer,8–10,21,0.8545163868904876,0.6146341463414635,1.007919366450684,0.41515873015873017,8.888571428571428,7.080238095238095
t2,1,13,WNW,2024,summer,10–12,3,0.9452122408687068,0.8916420681467718,1.028687875170146,0.7044444444444444,10.12,9.759444444444446
t2,1,13,WNW,2024,summer,12+,1,0.32695958774071066,0.32695958774071066,0.32695958774071066,0.06833333333333334,12.29,4.0183333333333335
t2,1,13,WNW,2024,winter,2–4,6,1.42777235375478,1.3956410788381743,1.7077864203532656,0.08722222222222224,2.566666666666667,4.234444444444445
t2,1,13,WNW,2025,autumn,2–4,28,1.3235679029377727,0.9633766968325792,1.7535068261498676,0.0899404761904762,3.0107142857142857,3.8674999999999997
t2,1,13,WNW,2025,autumn,4–6,17,1.2787757817697938,1.1442141623488773,1.449877750611247,0.28656862745098044,4.694117647058824,6.298921568627451
t2,1,13,WNW,2025,autumn,6–8,6,0.8776763714947854,0.5922705572726995,1.066939182402697,0.3347222222222222,7.368333333333333,5.804722222222222
t2,1,13,WNW,2025,autumn,8–10,6,0.9650281896377872,0.8576613872065479,1.0461483073378235,0.5813888888888888,8.645000000000001,8.507777777777777
t2,1,13,WNW,2025,autumn,10–12,7,1.1585974178403757,0.972316593641164,1.1774964277578746,0.8311904761904761,10.732857142857142,11.298809523809524
t2,1,13,WNW,2025,autumn,12+,2,1.052915922601891,1.045893531056004,1.0599383141477778,0.9700000000000001,12.495000000000001,13.155833333333334
t2,1,13,WNW,2025,spring,2–4,26,0.811343703988221,0.6004530634494534,1.2865546370036935,0.05333333333333334,3.1946153846153846,3.0032692307692304
t2,1,13,WNW,2025,spring,4–6,15,0.9673202614379085,0.6190284851914734,1.0673361355092426,0.11083333333333334,4.874,4.2520444444444445
t2,1,13,WNW,2025,spring,6–8,13,0.8237958989031949,0.658234126984127,1.0403439153439153,0.25756410256410256,6.993076923076923,5.742307692307692
t2,1,13,WNW,2025,spring,8–10,4,0.9826598172841547,0.9001604865056078,1.0235357659486775,0.6066666666666667,9.05,8.57625
t2,1,13,WNW,2025,spring,10–12,2,0.8722888602888603,0.7871740311740313,0.9574036894036895,0.6825,10.805,9.500833333333333
t2,1,13,WNW,2025,spring,12+,2,0.7045817235705847,0.6985452171859893,0.7106182299551802,0.8224999999999999,15.594999999999999,10.968333333333334
t2,1,13,WNW,2025,summer,2–4,58,0.9507310516653553,0.6767633273096905,1.46825,0.10761494252873563,2.970689655172414,3.506781609195402
t2,1,13,WNW,2025,summer,4–6,30,0.8877078423671119,0.6089854666596655,1.181476990417603,0.18233333333333332,5.044,4.773055555555556
t2,1,13,WNW,2025,summer,6–8,21,1.147626931567329,0.7460721868365181,1.3350449293966624,0.4188888888888889,7.0409523809523815,7.236111111111112
t2,1,13,WNW,2025,summer,8–10,23,0.8899504600141542,0.6148178038244956,1.1273534325370003,0.4771739130434782,9.093913043478262,7.968478260869565
t2,1,13,WNW,2025,summer,10–12,4,1.1376008388691348,0.9075290299675154,1.3566012132822478,0.8654166666666667,10.82,12.095833333333335
t2,1,13,WNW,2025,summer,12+,6,0.946790819860652,0.9297869549755107,0.9696351631612562,0.9038888888888889,13.211666666666666,12.108055555555557
t2,1,13,WNW,2025,winter,2–4,5,1.5148514851485149,1.3943089430894309,2.4169787765293385,0.089,2.3899999999999997,3.9693333333333327
t2,1,13,WNW,2025,winter,4–6,2,0.92849222427587,0.8402113631031859,1.016773085448554,0.12,5.525,5.190833333333334
t2,1,13,WNW,2025,winter,6–8,1,1.0777777777777777,1.0777777777777777,1.0777777777777777,0.22166666666666668,6.15,6.628333333333333
t2,1,13,WNW,2026,winter,2–4,5,1.2656903765690375,0.6766513056835638,2.0542784163473824,0.10266666666666668,2.418,3.6976666666666675
t2,1,13,WNW,2026,winter,12+,1,0.9639824705560122,0.9639824705560122,0.9639824705560122,0.9733333333333333,12.17,11.731666666666667
t2,1,14,NW,2024,autumn,2–4,4,1.0207931812409425,0.9380758245807999,1.7509865461129,0.22124999999999997,2.5675,4.46125
t2,1,14,NW,2024,spring,2–4,10,0.9809140937678673,0.8506948476754539,1.1391429582091062,0.035833333333333335,2.495,2.7401666666666666
t2,1,14,NW,2024,spring,4–6,2,0.7385916549108645,0.6729652376063239,0.8042180722154052,0.05750000000000001,4.895,3.62
t2,1,14,NW,2024,summer,2–4,29,0.9373333333333334,0.7155234657039711,1.3249559082892417,0.055977011494252875,2.9444827586206896,2.983057471264368
t2,1,14,NW,2024,summer,4–6,8,0.9239816772374911,0.38067317647489995,1.3623654660389648,0.17833333333333334,4.73375,4.306041666666667
t2,1,14,NW,2024,summer,6–8,3,1.6409006499535748,1.4487453930039984,1.6772404484335777,0.831111111111111,7.256666666666667,11.066666666666668
t2,1,14,NW,2024,summer,8–10,3,1.1272178180445451,1.0964496315181675,1.2616780147133295,0.7216666666666667,8.383333333333333,10.018333333333333
t2,1,14,NW,2025,autumn,2–4,10,0.4764472364001221,0.3546855588399092,1.4632086167800453,0.04116666666666667,2.853,2.3215
t2,1,14,NW,2025,autumn,4–6,1,1.9435096153846152,1.9435096153846152,1.9435096153846152,0.5233333333333333,4.16,8.084999999999999
t2,1,14,NW,2025,autumn,6–8,1,1.4435483870967742,1.4435483870967742,1.4435483870967742,0.8516666666666667,7.44,10.74
t2,1,14,NW,2025,spring,2–4,11,1.0689102564102562,0.9599070785651203,1.1946395473612332,0.032424242424242425,2.688181818181818,3.0015151515151515
t2,1,14,NW,2025,summer,2–4,14,1.436212600161729,1.2837751141552514,2.1187989390024273,0.1748809523809524,2.919285714285714,4.648035714285713
t2,1,14,NW,2025,summer,4–6,6,0.8823999509242817,0.38168213019332564,1.47586668678562,0.2580555555555556,4.58,5.004444444444444
t2,1,14,NW,2025,summer,6–8,1,1.202137335152342,1.202137335152342,1.202137335152342,0.5966666666666667,7.33,8.811666666666666
t2,1,14,NW,2025,summer,8–10,1,0.416140350877193,0.416140350877193,0.416140350877193,0.08166666666666667,9.5,3.953333333333333
t2,1,14,NW,2025,summer,10–12,1,0.2913614163614164,0.2913614163614164,0.2913614163614164,0.065,10.92,3.1816666666666666
t2,1,14,NW,2026,winter,2–4,1,1.069377990430622,1.069377990430622,1.069377990430622,0.01,2.09,2.235
t2,1,15,NNW,2024,autumn,2–4,2,2.293420306296086,1.6149272074116088,2.971913405180563,0.3166666666666667,2.3049999999999997,5.496666666666666
t2,1,15,NNW,2024,spring,2–4,1,2.0968992248062017,2.0968992248062017,2.0968992248062017,0.11666666666666668,2.15,4.508333333333334
t2,1,15,NNW,2024,summer,2–4,17,1.0818915801614764,0.8918732782369148,1.1914600550964187,0.03463725490196078,2.5264705882352945,2.682156862745098
t2,1,15,NNW,2024,summer,4–6,1,1.2507374631268438,1.2507374631268438,1.2507374631268438,0.21833333333333335,4.52,5.653333333333333
t2,1,15,NNW,2024,winter,2–4,1,2.911532385466035,2.911532385466035,2.911532385466035,0.16333333333333333,2.11,6.1433333333333335
t2,1,15,NNW,2025,autumn,2–4,2,0.5866820377689943,0.5499835309617919,0.6233805445761968,0.01,2.6449999999999996,1.5433333333333334
t2,1,15,NNW,2025,spring,2–4,7,1.1386138613861387,0.6200673500178874,1.4466406270918681,0.06999999999999999,2.4757142857142855,2.8207142857142857
t2,1,15,NNW,2025,spring,6–8,1,0.2980115122972266,0.2980115122972266,0.2980115122972266,0.015,6.37,1.8983333333333334
t2,1,15,NNW,2025,summer,2–4,3,1.4014909478168265,1.1559477860471414,1.800844093237802,0.19833333333333333,3.323333333333333,4.991111111111111
t2,1,15,NNW,2025,summer,4–6,5,1.0657640232108319,0.6797274275979557,1.2647462277091908,0.205,5.35,5.1513333333333335
t2,1,15,NNW,2025,summer,6–8,1,0.8836206896551724,0.8836206896551724,0.8836206896551724,0.22999999999999998,6.96,6.1499999999999995
t2,2,0,N,2024,autumn,2–4,4,3.7472345132743365,2.7363551873668146,4.2825,0.44375,2.3975,7.172083333333333
t2,2,0,N,2024,spring,2–4,1,2.5989583333333335,2.5989583333333335,2.5989583333333335,0.3116666666666667,2.56,6.653333333333333
t2,2,0,N,2024,summer,2–4,20,1.1742560386473428,0.8948564278187565,1.6170030441400303,0.07825,2.6390000000000002,3.180083333333333
t2,2,0,N,2025,autumn,2–4,3,0.4322916666666667,0.4007278094462541,0.5616742886178863,0.01,2.56,1.218888888888889
t2,2,0,N,2025,autumn,4–6,1,0.504248366013072,0.504248366013072,0.504248366013072,0.030000000000000002,5.1,2.5716666666666668
t2,2,0,N,2025,spring,2–4,3,1.4761006289308176,1.2198211477987422,1.645843524341952,0.05333333333333334,2.4566666666666666,3.4333333333333336
t2,2,0,N,2025,spring,6–8,1,1.0172494172494173,1.0172494172494173,1.0172494172494173,0.41,7.15,7.273333333333333
t2,2,0,N,2025,spring,8–10,1,0.9316062176165802,0.9316062176165802,0.9316062176165802,0.6433333333333333,9.65,8.99
t2,2,0,N,2025,summer,2–4,7,1.1570048309178744,0.8618269230769231,1.8083381145336537,0.1769047619047619,2.915714285714286,4.107142857142857
t2,2,0,N,2025,summer,6–8,1,0.434402332361516,0.434402332361516,0.434402332361516,0.045000000000000005,6.86,2.98
t2,2,0,N,2025,summer,8–10,1,0.14128697042366106,0.14128697042366106,0.14128697042366106,0.01,8.34,1.1783333333333332
t2,2,1,NNE,2024,autumn,2–4,8,1.0514632936507935,0.6605829323599358,1.1239798867182986,0.12083333333333332,2.49875,3.211875
t2,2,1,NNE,2024,spring,2–4,2,2.5962264914180455,1.5986294698978134,3.5938235129382776,0.45,2.315,6.120000000000001
t2,2,1,NNE,2024,summer,2–4,15,1.0180505415162455,0.7991808565531475,1.7668460027820965,0.05113333333333333,2.6353333333333335,3.2330666666666668
t2,2,1,NNE,2024,summer,4–6,1,0.9849122807017544,0.9849122807017544,0.9849122807017544,0.125,4.75,4.678333333333334
t2,2,1,NNE,2025,autumn,2–4,10,1.074190899623488,0.6971344010178961,2.2225333907798364,0.09283333333333334,2.549,3.443333333333334
t2,2,1,NNE,2025,spring,2–4,3,2.92015503875969,1.7810141584983024,3.2009505352528604,0.23722222222222222,2.223333333333333,5.047777777777778
t2,2,1,NNE,2025,spring,6–8,1,0.9183581416328371,0.9183581416328371,0.9183581416328371,0.3066666666666667,7.39,6.786666666666666
t2,2,1,NNE,2025,summer,2–4,12,2.1373294699987926,0.6791259110088224,2.652438790390667,0.2263888888888889,2.6216666666666666,4.837083333333333
t2,2,1,NNE,2025,summer,4–6,1,1.1249092229484385,1.1249092229484385,1.1249092229484385,0.16,4.59,5.163333333333333
t2,2,1,NNE,2026,winter,2–4,8,1.3454503064215295,0.8084345349011545,1.8320367294204503,0.030416666666666665,2.71,3.3816666666666664
t2,2,2,NE,2024,autumn,2–4,35,0.9296577946768061,0.6281482661850759,2.1894063180827885,0.1626190476190476,2.927142857142857,3.989047619047619
t2,2,2,NE,2024,autumn,4–6,8,1.2419984387197505,0.6729210626504314,1.6522205864311128,0.239375,4.52375,5.755625
t2,2,2,NE,2024,autumn,6–8,2,2.01125880588986,1.9224083786861696,2.10010923309355,0.97,6.85,13.675833333333333
t2,2,2,NE,2024,spring,2–4,22,1.001723187207058,0.6197832321187584,2.2225569407498575,0.18803030303030302,2.930909090909091,4.208636363636364
t2,2,2,NE,2024,spring,4–6,6,0.7991439594887872,0.4177562260536399,1.1382837769465677,0.19749999999999998,4.47,4.829166666666667
t2,2,2,NE,2024,summer,2–4,47,1.241741741741742,0.8337105459734873,1.9529909709577444,0.1341205673758865,3.0031914893617024,4.092836879432625
t2,2,2,NE,2024,summer,4–6,33,1.0263333333333333,0.6226415094339622,1.72140522875817,0.2533838383838384,4.802727272727273,5.363686868686869
t2,2,2,NE,2024,summer,6–8,3,1.206533776301218,1.2028891733253022,1.3831847104413126,0.5538888888888889,6.523333333333333,8.617777777777777
t2,2,2,NE,2024,winter,2–4,8,1.4682615441817897,0.9942808628153456,1.7366993415145164,0.034791666666666665,2.76,3.9460416666666664
t2,2,2,NE,2025,autumn,2–4,42,1.196235817559347,0.6866144189119742,1.6514036823767706,0.10119047619047619,2.9335714285714283,3.6316190476190475
t2,2,2,NE,2025,autumn,4–6,45,1.0154486036838977,0.618042226487524,1.3289992119779352,0.2454074074074074,4.990666666666667,5.289370370370371
t2,2,2,NE,2025,autumn,6–8,53,1.214809384164223,0.6521428571428572,1.367494824016563,0.47506289308176103,6.929056603773585,7.365345911949686
t2,2,2,NE,2025,autumn,8–10,26,1.2991259443925385,1.0992623757453055,1.3749549142761064,0.7505769230769231,8.776538461538461,10.41852564102564
t2,2,2,NE,2025,autumn,10–12,3,1.2716782063963075,1.2505996577035097,1.275588711961847,0.9700000000000001,10.446666666666667,13.16388888888889
t2,2,2,NE,2025,spring,2–4,23,1.484567901234568,0.9319487141950911,2.5454646863844976,0.20507246376811594,2.615217391304348,4.765072463768115
t2,2,2,NE,2025,spring,4–6,2,1.2657209681355555,1.0367892747368999,1.4946526615342108,0.36916666666666664,5.57,7.114166666666667
t2,2,2,NE,2025,summer,2–4,27,1.4436936936936935,0.8238553113553113,1.8366371786949403,0.16975308641975306,2.881851851851852,4.500092592592592
t2,2,2,NE,2025,summer,4–6,4,1.3544338175948347,0.9350006534527917,1.72271511627907,0.285,4.5,5.87875
t2,2,2,NE,2025,summer,6–8,3,1.594268476621418,1.0274545423280814,1.6294140528914083,0.5955555555555555,6.8933333333333335,8.854999999999999
t2,2,2,NE,2025,summer,8–10,1,1.5023952095808384,1.5023952095808384,1.5023952095808384,0.9616666666666666,8.35,12.545
t2,2,2,NE,2025,winter,2–4,7,1.7911111111111113,1.6990800865800866,2.203375579493433,0.1211904761904762,2.5242857142857145,4.765238095238096
t2,2,2,NE,2026,winter,2–4,17,1.481045751633987,0.73731884057971,1.8584905660377358,0.06745098039215687,2.948235294117647,3.783725490196079
t2,2,2,NE,2026,winter,4–6,41,1.2899449035812671,0.971947194719472,1.7134292565947242,0.35808943089430895,5.108292682926829,6.5962195121951215
t2,2,2,NE,2026,winter,6–8,24,1.1642343518489737,0.9398293381218179,1.2914320673057476,0.4242361111111111,6.869583333333334,7.582291666666666
t2,2,2,NE,2026,winter,8–10,17,1.2397422855205156,0.9379509379509379,1.315683914961893,0.7445098039215686,8.68235294117647,10.037549019607843
t2,2,2,NE,2026,winter,10–12,1,1.1817615935262993,1.1817615935262993,1.1817615935262993,0.9899999999999999,10.71,12.656666666666666
t2,2,3,ENE,2024,autumn,2–4,70,1.4053615196078435,0.7379261363636364,1.9313273441218466,0.16566666666666668,3.125142857142857,4.396904761904762
t2,2,3,ENE,2024,autumn,4–6,94,1.1533274304486192,0.806079518537911,1.6936442937827094,0.3183333333333333,5.051914893617021,6.095822695035461
t2,2,3,ENE,2024,autumn,6–8,80,1.4411641206870345,1.15890723978342,1.6028251896824217,0.6982708333333333,6.985375,9.434666666666667
t2,2,3,ENE,2024,autumn,8–10,45,1.3746403616933827,1.2309772112784858,1.4707818930041154,0.8415555555555555,8.783111111111111,11.352111111111112
t2,2,3,ENE,2024,autumn,10–12,7,1.3494772447724477,1.3409270172798817,1.4063548994743833,0.9700000000000001,10.632857142857144,14.552380952380952
t2,2,3,ENE,2024,spring,2–4,48,1.3979537037037038,0.9841906274015108,1.9212454977535185,0.19663194444444443,3.138333333333333,4.804791666666667
t2,2,3,ENE,2024,spring,4–6,73,1.0857385398981325,0.5476190476190477,1.5901502504173624,0.2834474885844749,4.851232876712329,5.563223744292237
t2,2,3,ENE,2024,spring,6–8,53,1.399429386590585,0.9017372421281216,1.655016642891108,0.5762893081761006,6.861509433962264,8.745031446540882
t2,2,3,ENE,2024,spring,8–10,23,1.151893466500208,0.8661958684217699,1.5285144033632636,0.6768840579710145,8.54304347826087,9.612246376811594
t2,2,3,ENE,2024,spring,10–12,2,1.2560977526324058,1.1657472890146154,1.3464482162501963,0.9475,10.09,12.675833333333332
t2,2,3,ENE,2024,summer,2–4,64,1.3332514102474078,0.8686522852694324,2.2369213810969226,0.19374479166666667,3.06796875,4.654182291666666
t2,2,3,ENE,2024,summer,4–6,87,1.16199649737303,0.7751598683802072,1.5990748938173098,0.2985823754789272,4.957126436781609,5.969080459770115
t2,2,3,ENE,2024,summer,6–8,58,1.308199973445176,0.9550464809482537,1.572060894243993,0.5576724137931034,6.9110344827586205,8.436034482758622
t2,2,3,ENE,2024,summer,8–10,17,1.4029933481152996,1.2681238615664845,1.4607723577235774,0.8210784313725491,8.470588235294118,11.15421568627451
t2,2,3,ENE,2024,winter,2–4,25,1.5788530465949822,1.3444909344490934,2.209950248756219,0.2131333333333333,3.1576,5.274266666666666
t2,2,3,ENE,2024,winter,4–6,17,1.6843657817109146,1.4496908375491848,1.7818235642391949,0.5021568627450981,5.038823529411765,7.500098039215686
t2,2,3,ENE,2024,winter,6–8,17,1.5247002398081533,1.4049744897959184,1.5582501188777937,0.826764705882353,7.327647058823529,10.513333333333334
t2,2,3,ENE,2024,winter,8–10,1,1.4183333333333332,1.4183333333333332,1.4183333333333332,0.98,8.0,11.346666666666666
t2,2,3,ENE,2025,autumn,2–4,111,1.4210784313725489,0.7974789915966387,1.9162057657856635,0.1564864864864865,3.0790990990990994,4.407252252252252
t2,2,3,ENE,2025,autumn,4–6,255,1.011522633744856,0.648538694967788,1.3797522260936894,0.237762091503268,4.979098039215686,5.205435294117647
t2,2,3,ENE,2025,autumn,6–8,160,1.1503651982375387,0.8859289617486339,1.467052548418343,0.5091458333333334,6.922312499999999,7.819697916666667
t2,2,3,ENE,2025,autumn,8–10,84,1.1336604137956896,0.9315821256038648,1.3674917147591565,0.712936507936508,8.796785714285713,9.830992063492063
t2,2,3,ENE,2025,autumn,10–12,26,1.1137445606634246,1.0256752813528418,1.2172511435547602,0.8857051282051281,10.693076923076923,11.678397435897436
t2,2,3,ENE,2025,autumn,12+,29,0.9411154345006486,0.7923689138576779,1.001359619306594,0.9095402298850576,13.77,12.674137931034483
t2,2,3,ENE,2025,spring,2–4,33,1.4995822890559731,0.8318112633181126,2.4170940170940174,0.24803030303030305,3.0736363636363637,5.091060606060606
t2,2,3,ENE,2025,spring,4–6,71,1.2104622871046227,0.8575156358128664,1.6046324887399717,0.3389084507042254,5.079154929577465,6.330903755868545
t2,2,3,ENE,2025,spring,6–8,77,1.4763169544046038,1.0894366197183099,1.63003663003663,0.6779761904761905,6.951948051948051,9.674512987012987
t2,2,3,ENE,2025,spring,8–10,32,1.480863451146185,1.3019102990033222,1.5735020787478602,0.9233854166666667,8.880625,12.710416666666667
t2,2,3,ENE,2025,spring,10–12,2,1.2521533343025193,1.1820698707348247,1.322236797870214,0.9683333333333334,10.495,13.1
t2,2,3,ENE,2025,summer,2–4,62,1.4425902380447837,0.8652345064262164,1.992371415036773,0.18956989247311828,3.099354838709677,4.645833333333334
t2,2,3,ENE,2025,summer,4–6,92,1.0713940042568693,0.6480369217117572,1.5957407603062959,0.2913586956521739,5.024565217391304,5.729166666666667
t2,2,3,ENE,2025,summer,6–8,90,0.9871032513823319,0.7501755286509959,1.324015561196336,0.40724444444444446,6.978444444444444,6.985377777777777
t2,2,3,ENE,2025,summer,8–10,53,1.0687185443283005,0.5754857997010464,1.3075256107171,0.5681761006289309,8.757924528301887,8.499748427672957
t2,2,3,ENE,2025,summer,10–12,12,0.9926134508306714,0.8936289970702055,1.1284922330087965,0.8116666666666666,10.6575,10.589722222222223
t2,2,3,ENE,2025,winter,2–4,136,1.5158106829806246,1.0342351845516402,1.8982365796930971,0.14131127450980394,3.0161764705882352,4.658026960784314
t2,2,3,ENE,2025,winter,4–6,126,1.2610378539258296,1.005108252719606,1.6383768752668149,0.3201851851851852,4.9190476190476184,6.525925925925926
t2,2,3,ENE,2025,winter,6–8,86,1.2591205220323851,1.0050532434397195,1.5448752516537245,0.605484496124031,6.968023255813954,8.810406976744186
t2,2,3,ENE,2025,winter,8–10,38,1.3213206170523244,1.1943283935488793,1.4193756010140748,0.9146052631578948,8.842894736842105,11.611929824561404
t2,2,3,ENE,2025,winter,10–12,6,1.3143291745218748,1.2264396091217518,1.3870472880465188,0.9847222222222222,11.135,14.453333333333333
t2,2,3,ENE,2026,winter,2–4,75,1.439453125,0.7981189473926344,2.292189526366742,0.20642222222222223,3.2762666666666664,4.990555555555556
t2,2,3,ENE,2026,winter,4–6,210,1.2359289456063651,0.9590660076059666,1.4987356495278332,0.2943095238095238,5.075666666666667,6.207924603174603
t2,2,3,ENE,2026,winter,6–8,222,1.1455212778041166,0.9371330192098586,1.4242774878246585,0.5062612612612613,6.9067567567567565,7.876208708708709
t2,2,3,ENE,2026,winter,8–10,115,1.2346465816917727,0.987325003023706,1.3746035588607368,0.7294057971014493,8.828434782608696,10.409376811594203
t2,2,3,ENE,2026,winter,10–12,36,1.3260058140355335,1.2103230994735044,1.4374348705187028,0.9767037037037036,10.848888888888888,14.60537037037037
t2,2,4,E,2024,autumn,2–4,95,1.1235955056179776,0.5599267581597098,1.8202371805425974,0.12082456140350878,3.126631578947368,3.7662280701754387
t2,2,4,E,2024,autumn,4–6,144,1.1871100397765733,0.8184135482605346,1.4730589000452103,0.3146527777777778,5.17875,6.043483796296297
t2,2,4,E,2024,autumn,6–8,202,1.1093545100448006,0.9157153729071537,1.4228356596876037,0.5230940594059407,6.968019801980198,7.968127062706271
t2,2,4,E,2024,autumn,8–10,132,1.191574927103657,1.0525130568625392,1.3264992547995336,0.7957575757575758,8.795681818181817,10.332474747474748
t2,2,4,E,2024,autumn,10–12,15,1.2494593759654002,1.146162338948384,1.338541440060847,0.9337777777777778,10.358,12.599111111111112
t2,2,4,E,2024,spring,2–4,69,1.3580786026200875,0.9532908704883227,2.086111111111111,0.19508212560386473,3.23,4.960700483091788
t2,2,4,E,2024,spring,4–6,108,1.2567410307679645,0.9283577223993046,1.712288739770646,0.3543672839506173,5.033703703703703,6.556404320987655
t2,2,4,E,2024,spring,6–8,133,1.3298245614035087,1.0456064947468957,1.5583115752828547,0.6275438596491228,7.110075187969925,8.813070175438597
t2,2,4,E,2024,spring,8–10,71,1.1552936311000825,0.9011629467177465,1.4089318462811133,0.6809859154929577,8.738169014084507,9.826830985915494
t2,2,4,E,2024,spring,10–12,39,1.1936369509043927,1.0380189651618223,1.3210089032632757,0.8814102564102564,10.752307692307692,12.36794871794872
t2,2,4,E,2024,spring,12+,8,1.1314197021321437,1.0285413328702935,1.17112006303337,0.9579166666666667,12.94375,14.161458333333334
t2,2,4,E,2024,summer,2–4,57,1.0918238993710692,0.6316526610644257,1.5523952095808382,0.13476608187134503,3.130526315789474,3.9136842105263154
t2,2,4,E,2024,summer,4–6,83,1.1230228471001757,0.6745569381598794,1.4826410026113135,0.2844578313253012,4.9880722891566265,5.5934738955823295
t2,2,4,E,2024,summer,6–8,40,0.8641051936213422,0.3942041794852945,1.4002787142903677,0.37216666666666665,6.851000000000001,6.313083333333333
t2,2,4,E,2024,summer,8–10,5,0.3820512820512821,0.3284996133023976,0.48851988519885187,0.16166666666666668,8.459999999999999,4.141
t2,2,4,E,2024,winter,2–4,4,1.8562124931805781,1.586764234483311,2.0429131054131053,0.05458333333333333,2.7675,4.694166666666666
t2,2,4,E,2024,winter,4–6,25,1.6900000000000002,0.8892496392496393,2.016924842226047,0.5170666666666667,4.8652,7.5788
t2,2,4,E,2024,winter,6–8,22,1.5499535774959503,1.4034121510673234,1.7050130412102245,0.8526515151515152,6.856363636363636,10.335227272727273
t2,2,4,E,2024,winter,8–10,4,1.226136456544845,1.190406538724449,1.2675682261208578,0.9674999999999999,8.815000000000001,10.847916666666666
t2,2,4,E,2025,autumn,2–4,70,1.188127228846223,0.5736056409935817,1.6724824961948253,0.1206904761904762,3.108714285714286,3.7877380952380952
t2,2,4,E,2025,autumn,4–6,11,1.2846397466349961,1.1137970430107527,1.8211359042139637,0.3812121212121212,4.944545454545454,6.580151515151514
t2,2,4,E,2025,autumn,6–8,7,1.2753164556962024,0.9051461456743575,1.5432999623989472,0.5907142857142856,7.222857142857143,9.244047619047619
t2,2,4,E,2025,autumn,8–10,4,1.092043942203347,0.8204772026049745,1.3815834367909983,0.675,9.145,10.242916666666666
t2,2,4,E,2025,autumn,10–12,2,1.1545381653367133,1.120641402356466,1.1884349283169608,0.9325000000000001,10.205,11.778333333333332
t2,2,4,E,2025,autumn,12+,7,1.0061022120518688,0.9499526775355682,1.0293877621646665,0.951904761904762,13.44,12.85452380952381
t2,2,4,E,2025,spring,2–4,76,1.4837846992469357,0.8249150638391145,2.2830634920634925,0.20296052631578948,3.204605263157895,4.792543859649123
t2,2,4,E,2025,spring,4–6,118,1.3370338049203088,1.0967540736469323,1.718606184159433,0.3858050847457627,5.002372881355932,6.840070621468927
t2,2,4,E,2025,spring,6–8,164,1.330618873368793,0.9784704341148305,1.578127817740998,0.6242784552845528,6.987987804878049,8.963729674796749
t2,2,4,E,2025,spring,8–10,79,1.3073300573300572,1.1615069124423965,1.4335822618723915,0.8547362869198313,8.867088607594937,11.316181434599157
t2,2,4,E,2025,spring,10–12,37,1.226718047527296,1.1219999999999999,1.314597588791137,0.9465315315315316,11.004054054054054,13.30153153153153
t2,2,4,E,2025,spring,12+,12,0.9999972144006962,0.7697927117902806,1.0513013302486987,0.8398611111111111,12.634166666666667,11.620694444444444
t2,2,4,E,2025,summer,2–4,34,1.5420558862552447,0.7817781177156178,2.061922431211743,0.18313725490196078,3.0158823529411767,4.5493137254901965
t2,2,4,E,2025,summer,4–6,23,1.202898550724638,0.7223828264758497,1.403230012300123,0.26811594202898553,4.980869565217391,5.550579710144928
t2,2,4,E,2025,summer,6–8,19,0.9094061551798872,0.5957835396215678,1.1168990740133617,0.32105263157894737,6.980526315789473,6.152631578947369
t2,2,4,E,2025,summer,8–10,10,0.7171721548923884,0.669021163106841,0.9147731142516601,0.3696666666666667,8.756,7.120166666666667
t2,2,4,E,2025,summer,10–12,2,0.8849860816637333,0.8606492026380754,0.9093229606893911,0.6841666666666667,10.93,9.6875
t2,2,4,E,2025,winter,2–4,176,1.4396252804938723,0.8995488245049262,1.9718580792248503,0.16668560606060606,3.180340909090909,4.670975378787879
t2,2,4,E,2025,winter,4–6,228,1.2018664392541634,0.7985755482157106,1.5125349667103227,0.2966812865497076,5.012938596491228,5.996337719298245
t2,2,4,E,2025,winter,6–8,244,1.2819148936170213,0.947531456113648,1.5790469653227817,0.6110655737704918,7.062049180327869,8.957110655737704
t2,2,4,E,2025,winter,8–10,130,1.306443533697632,1.1895051604128333,1.413428889242447,0.8660641025641025,8.902,11.344448717948719
t2,2,4,E,2025,winter,10–12,55,1.185308056872038,1.0878204263893414,1.273777942708981,0.9565757575757575,10.859272727272726,12.679151515151515
t2,2,4,E,2025,winter,12+,8,0.9797514033680832,0.9485548480530979,1.0125175387245746,0.9845833333333334,12.45125,12.311458333333333
t2,2,4,E,2026,winter,2–4,20,1.352883877895383,0.7896568055960362,1.8954895273934118,0.13991666666666666,3.0585,4.2345
t2,2,4,E,2026,winter,4–6,10,1.1998621262772207,1.1526181878464188,1.6996958866315526,0.3651666666666667,5.139,7.0603333333333325
t2,2,4,E,2026,winter,6–8,9,1.5212660731948564,1.443992773261066,1.5595744680851062,0.8857407407407407,7.288888888888888,10.922407407407407
t2,2,4,E,2026,winter,8–10,12,1.4020179751313668,1.3614087915302506,1.4209875973002268,0.9791666666666666,8.928333333333333,12.427083333333334
t2,2,4,E,2026,winter,12+,4,1.1518916831268946,1.0985700439070203,1.206363617289897,0.9766666666666667,12.415,14.279583333333333
t2,2,5,ESE,2024,autumn,2–4,29,1.0117994100294987,0.6749723145071983,1.8802588996763754,0.14666666666666667,2.863793103448276,3.840632183908046
t2,2,5,ESE,2024,autumn,4–6,2,0.43020748726837676,0.38624897715946027,0.4741659973772932,0.013333333333333334,4.720000000000001,1.9875000000000003
t2,2,5,ESE,2024,autumn,6–8,2,0.5741693509902172,0.4701555416368408,0.6781831603435934,0.11833333333333335,6.695,3.9158333333333335
t2,2,5,ESE,2024,spring,2–4,24,1.4609686903458816,0.8236041225282487,2.2888438112379483,0.23972222222222225,3.172083333333333,5.0825
t2,2,5,ESE,2024,spring,4–6,13,1.0091053048297705,0.9031339031339032,1.234234234234234,0.1591025641025641,4.57923076923077,4.968333333333333
t2,2,5,ESE,2024,spring,8–10,1,0.9032738095238095,0.9032738095238095,0.9032738095238095,0.49333333333333335,8.96,8.093333333333334
t2,2,5,ESE,2024,summer,2–4,47,1.3465703971119134,0.8161382536382535,1.9115744808445951,0.13397163120567376,2.8504255319148935,3.995886524822695
t2,2,5,ESE,2024,summer,4–6,4,0.3450286113114057,0.3131509592250222,0.3541544708448118,0.009583333333333333,4.96,1.6170833333333334
t2,2,5,ESE,2025,autumn,2–4,18,1.041020942793648,0.6130420632983483,1.4912620151384197,0.04055555555555555,2.589444444444444,2.7537037037037035
t2,2,5,ESE,2025,autumn,4–6,1,2.2465618860510808,2.2465618860510808,2.2465618860510808,0.9116666666666666,5.09,11.435
t2,2,5,ESE,2025,spring,2–4,54,1.289522095185346,0.8615324114720514,1.7554135778384703,0.1391111111111111,3.1985185185185183,4.2530370370370365
t2,2,5,ESE,2025,spring,4–6,18,1.1846973732802175,0.9785733213933258,1.5245048425358994,0.27143518518518517,4.908888888888889,5.818287037037037
t2,2,5,ESE,2025,spring,6–8,1,0.9844409282700421,0.9844409282700421,0.9844409282700421,0.27,6.32,6.221666666666667
t2,2,5,ESE,2025,spring,8–10,2,0.8765342188543949,0.6745643079655652,1.0785041297432245,0.5033333333333334,8.535,7.6125
t2,2,5,ESE,2025,spring,10–12,2,1.134356634573719,1.1155208587233236,1.1531924104241145,0.8858333333333333,10.870000000000001,12.330833333333334
t2,2,5,ESE,2025,summer,2–4,18,1.6967273395844824,1.1273403830236606,2.673828125,0.2635185185185185,2.895555555555555,5.376666666666667
t2,2,5,ESE,2025,summer,4–6,8,0.8922029286355476,0.4712907676627822,1.4072216020932355,0.26791666666666664,5.09625,5.260208333333334
t2,2,5,ESE,2025,summer,6–8,2,0.7418257263558654,0.7057960296061635,0.7778554231055673,0.20083333333333336,7.18,5.34
t2,2,5,ESE,2025,winter,2–4,8,1.4967535792931397,0.9470972259552136,1.8254638779095298,0.061250000000000006,2.69,3.8225
t2,2,5,ESE,2026,winter,2–4,3,1.4687074829931972,0.9344185923396595,1.9414965986394557,0.16111111111111112,2.723333333333333,4.077222222222222
t2,2,5,ESE,2026,winter,4–6,1,2.4640371229698377,2.4640371229698377,2.4640371229698377,0.8733333333333334,4.31,10.62
t2,2,6,SE,2024,autumn,2–4,1,0.872937293729373,0.872937293729373,0.872937293729373,0.008333333333333333,2.02,1.7633333333333334
t2,2,6,SE,2024,autumn,4–6,1,2.4926650366748166,2.4926650366748166,2.4926650366748166,0.8416666666666667,4.09,10.195
t2,2,6,SE,2024,spring,2–4,6,1.4257433025911288,0.7381187652926784,1.7506547619047619,0.12027777777777778,2.783333333333333,3.9736111111111114
t2,2,6,SE,2024,summer,2–4,30,1.735339779114098,0.9493452606335984,2.3399930522198584,0.15466666666666665,2.5316666666666667,4.289111111111111
t2,2,6,SE,2024,summer,4–6,2,1.9533376196519288,1.613049547222503,2.293625692081354,0.5066666666666667,4.225,8.113333333333333
t2,2,6,SE,2025,autumn,2–4,5,0.6768916155419223,0.44941427050053245,0.8991596638655464,0.019,2.77,2.1493333333333333
t2,2,6,SE,2025,spring,2–4,20,0.9154038715811681,0.6081678183449741,1.6918132981665388,0.09108333333333332,2.631,3.181
t2,2,6,SE,2025,spring,4–6,3,0.2388767323121809,0.14585639257411687,0.2753712311053489,0.010555555555555556,4.376666666666666,0.8833333333333334
t2,2,6,SE,2025,summer,2–4,11,1.1697341513292436,0.6913537334125569,2.2646675134291234,0.23318181818181818,3.0645454545454545,4.8539393939393936
t2,2,6,SE,2025,summer,4–6,2,0.5503240106601555,0.44359047608412994,0.6570575452361811,0.08083333333333333,5.205,2.9658333333333338
t2,2,6,SE,2025,summer,6–8,2,0.3430972264394398,0.30898725668245974,0.37720719619641985,0.02666666666666667,7.24,2.4683333333333333
t2,2,6,SE,2026,winter,2–4,1,2.5491367861885794,2.5491367861885794,2.5491367861885794,0.01,2.51,6.398333333333333
t2,2,7,SSE,2024,autumn,2–4,3,2.1232782369146004,1.3587882412643177,2.3436904005085823,0.13444444444444445,2.853333333333333,4.465555555555555
t2,2,7,SSE,2024,spring,2–4,2,1.6180013625665801,1.3549408522234612,1.881061872909699,0.050833333333333335,2.205,3.496666666666667
t2,2,7,SSE,2024,summer,2–4,40,1.186830687830688,0.7402088589851415,1.6432336182336182,0.09137500000000001,2.7634999999999996,3.3632083333333336
t2,2,7,SSE,2024,summer,4–6,2,0.7141480275293886,0.480914459033711,0.9473815960250661,0.11833333333333335,5.025,3.418333333333333
t2,2,7,SSE,2025,autumn,2–4,6,1.0258150068538052,0.6736121301051602,1.6147802871148458,0.12027777777777778,2.7416666666666667,3.5141666666666667
t2,2,7,SSE,2025,autumn,4–6,1,1.4592457420924572,1.4592457420924572,1.4592457420924572,0.525,5.48,7.996666666666666
t2,2,7,SSE,2025,spring,2–4,2,2.4071416307673097,1.7945795873134796,3.01970367422114,0.4016666666666667,2.925,6.9
t2,2,7,SSE,2025,summer,2–4,10,1.3133012088547853,0.6143714714823393,2.3076923076923075,0.19716666666666666,2.967,4.447166666666667
t2,2,7,SSE,2025,summer,4–6,1,1.7644661776691115,1.7644661776691115,1.7644661776691115,0.42,4.09,7.216666666666666
t2,2,7,SSE,2026,winter,2–4,2,2.19936790505676,2.1029734262125905,2.2957623839009287,0.08333333333333333,2.625,5.693333333333333
t2,2,8,S,2024,autumn,2–4,3,1.4933333333333334,1.067080103359173,2.178514211886305,0.1361111111111111,2.3866666666666667,4.009444444444444
t2,2,8,S,2024,autumn,4–6,1,0.39247311827956993,0.39247311827956993,0.39247311827956993,0.018333333333333333,4.34,1.7033333333333334
t2,2,8,S,2024,summer,2–4,32,0.8211545724748346,0.3854957130811975,1.5325119279982649,0.09348958333333333,2.9503125,3.09859375
t2,2,8,S,2024,summer,4–6,10,0.6336798676235342,0.35768728670696115,0.9657690361119428,0.10200000000000001,4.407,3.1671666666666667
t2,2,8,S,2024,summer,6–8,1,2.096704871060172,2.096704871060172,2.096704871060172,0.9700000000000001,6.98,14.635
t2,2,8,S,2025,autumn,2–4,8,2.234829259190147,1.430263618847434,2.7527307963354475,0.28208333333333335,2.7425,5.7508333333333335
t2,2,8,S,2025,autumn,4–6,1,1.4096749811035523,1.4096749811035523,1.4096749811035523,0.28833333333333333,4.41,6.216666666666666
t2,2,8,S,2025,autumn,6–8,1,0.9274109014675052,0.9274109014675052,0.9274109014675052,0.22,6.36,5.898333333333333
t2,2,8,S,2025,spring,2–4,4,1.1463438025938026,0.8929487523237525,1.4523068132640917,0.03833333333333334,2.3,2.7770833333333336
t2,2,8,S,2025,summer,2–4,7,1.592,1.3153286869729823,2.874675925925926,0.23095238095238096,2.7014285714285715,5.534523809523811
t2,2,8,S,2025,summer,4–6,6,1.1965803032434859,0.9547101609236,1.3393885845672573,0.2011111111111111,4.815,5.347222222222222
t2,2,8,S,2025,summer,6–8,2,1.0255790374909877,0.8566251351838501,1.1945329397981255,0.3358333333333334,6.6899999999999995,6.654999999999999
t2,2,8,S,2026,winter,2–4,3,2.612121212121212,1.5225198038476044,3.0451571792693284,0.16833333333333336,2.25,4.744444444444444
t2,2,9,SSW,2024,autumn,2–4,8,1.8625391536350442,0.729586129753915,2.8638301360878833,0.20145833333333332,2.79,4.907708333333333
t2,2,9,SSW,2024,autumn,4–6,4,1.658091646875639,1.4720822667804323,1.7410836307912196,0.4216666666666667,4.5925,7.212083333333334
t2,2,9,SSW,2024,spring,2–4,7,0.7689594356261024,0.6356866173042643,1.097849854227405,0.025714285714285714,2.915714285714286,2.535476190476191
t2,2,9,SSW,2024,spring,4–6,2,1.5014618358921308,1.2787654219509945,1.724158249833267,0.4283333333333333,5.01,7.344166666666666
t2,2,9,SSW,2024,summer,2–4,36,0.9903746995667108,0.6298618360697226,1.8518195896244678,0.12449074074074074,2.7777777777777777,3.48212962962963
t2,2,9,SSW,2024,summer,4–6,16,0.486914901272,0.37220171469397473,0.5934948698146514,0.11041666666666666,4.81125,3.2698958333333334
t2,2,9,SSW,2024,summer,6–8,7,0.6034841393655747,0.2691712319898559,1.2604030455139832,0.2671428571428572,6.3,4.986190476190477
t2,2,9,SSW,2024,summer,8–10,1,1.0007645259938838,1.0007645259938838,1.0007645259938838,0.5683333333333334,8.72,8.726666666666667
t2,2,9,SSW,2025,autumn,2–4,12,1.589674126423243,0.8520575010219377,1.9972483291562235,0.1525,3.1108333333333333,4.435138888888889
t2,2,9,SSW,2025,autumn,4–6,3,1.6155606407322654,1.2501822811504464,1.8523064641569824,0.3427777777777778,4.176666666666667,6.397777777777779
t2,2,9,SSW,2025,autumn,6–8,2,0.8888467256605654,0.8619123979180021,0.9157810534031289,0.23416666666666663,6.734999999999999,6.0216666666666665
t2,2,9,SSW,2025,spring,2–4,17,1.241308793456033,0.7604166666666667,1.893250688705234,0.07676470588235294,2.5741176470588236,3.3160784313725493
t2,2,9,SSW,2025,spring,6–8,2,0.8116954012481107,0.6695347161279313,0.9538560863682901,0.32583333333333336,7.415,6.170833333333333
t2,2,9,SSW,2025,summer,2–4,17,1.2092827004219409,0.8894927536231885,1.6130185979971388,0.15529411764705883,2.9705882352941178,4.25264705882353
t2,2,9,SSW,2025,summer,4–6,7,1.8780780780780781,0.7862015993265994,2.3000009006088113,0.5147619047619048,5.045714285714285,8.676904761904762
t2,2,9,SSW,2025,summer,6–8,2,1.2398553191029569,1.0813019659962075,1.3984086722097062,0.5641666666666667,7.0649999999999995,8.523333333333333
t2,2,9,SSW,2025,summer,8–10,3,0.7385503783353248,0.6560582315616774,0.7428139776905105,0.265,8.6,5.937222222222222
t2,2,9,SSW,2025,winter,2–4,1,1.0905511811023623,1.0905511811023623,1.0905511811023623,0.01,2.54,2.77
t2,2,9,SSW,2026,winter,2–4,4,2.10490651538389,1.67195173295472,2.5836256492569616,0.10375000000000001,2.8449999999999998,5.8625
t2,2,9,SSW,2026,winter,4–6,2,0.9102316150603847,0.6669520907160331,1.1535111394047364,0.009166666666666667,4.545,4.149166666666666
t2,2,9,SSW,2026,winter,6–8,1,0.48574390876101614,0.48574390876101614,0.48574390876101614,0.005,6.43,3.1233333333333335
t2,2,10,SW,2024,autumn,2–4,46,1.2051007147498376,0.7276395856558899,1.9817707192405984,0.16039855072463768,2.819130434782609,4.18963768115942
t2,2,10,SW,2024,autumn,4–6,27,1.4397283531409166,1.208681128443578,1.64929815051776,0.4148148148148148,4.921481481481481,6.805555555555555
t2,2,10,SW,2024,autumn,6–8,14,1.459154026111237,1.1382448323777914,1.5246811034821626,0.6948809523809524,6.741428571428571,9.262738095238095
t2,2,10,SW,2024,autumn,8–10,4,0.5433034518537108,0.34667770519746194,0.8306812293865026,0.28583333333333333,8.45,5.272916666666667
t2,2,10,SW,2024,spring,2–4,43,0.9322638146167558,0.5253574639024664,1.6031608138750995,0.12310077519379846,3.033023255813953,3.5509302325581396
t2,2,10,SW,2024,spring,4–6,25,0.8367289190718733,0.5927021696252466,1.1478209658421672,0.16086666666666666,4.8604,4.441933333333333
t2,2,10,SW,2024,spring,6–8,1,1.0575475874280655,1.0575475874280655,1.0575475874280655,0.5383333333333333,7.53,7.963333333333334
t2,2,10,SW,2024,spring,8–10,1,1.1442939244663384,1.1442939244663384,1.1442939244663384,0.71,8.12,9.291666666666666
t2,2,10,SW,2024,summer,2–4,66,0.8769788182831662,0.4999616754321832,1.710620499447324,0.10444444444444445,2.995151515151515,3.3072373737373737
t2,2,10,SW,2024,summer,4–6,36,0.8087080834747058,0.4852309076369452,1.2806965335445648,0.12967592592592592,4.7975,4.108101851851852
t2,2,10,SW,2024,summer,6–8,10,1.1463695175671937,0.491470733910206,1.177957097783171,0.3426666666666667,6.848000000000001,6.3468333333333335
t2,2,10,SW,2024,summer,8–10,6,0.624270620822345,0.380870686026936,0.707282340320976,0.2625,8.63,5.665833333333334
t2,2,10,SW,2024,summer,10–12,1,1.1042446941323347,1.1042446941323347,1.1042446941323347,0.9349999999999999,10.68,11.793333333333335
t2,2,10,SW,2024,winter,2–4,1,2.7628384687208216,2.7628384687208216,2.7628384687208216,0.8216666666666667,3.57,9.863333333333333
t2,2,10,SW,2025,autumn,2–4,28,1.28872436940304,0.8403277063100626,1.4280098636495504,0.12755952380952382,3.222142857142857,4.177559523809523
t2,2,10,SW,2025,autumn,4–6,43,1.2267573696145124,1.092281916062404,1.4708431836091411,0.29767441860465116,4.984186046511628,6.169302325581395
t2,2,10,SW,2025,autumn,6–8,36,1.262925548272685,0.9784612189187585,1.4125697449120813,0.5767129629629629,6.985555555555555,8.453935185185184
t2,2,10,SW,2025,autumn,8–10,7,1.1607205316544247,0.829747794284494,1.196953359336225,0.6616666666666667,8.707142857142857,8.953809523809523
t2,2,10,SW,2025,autumn,10–12,1,0.9325281803542672,0.9325281803542672,0.9325281803542672,0.7433333333333333,10.35,9.651666666666666
t2,2,10,SW,2025,spring,2–4,38,1.5701907036700034,0.753404893813481,2.2004254254254256,0.20464912280701755,2.9523684210526313,4.6684210526315795
t2,2,10,SW,2025,spring,4–6,28,1.1983730845446212,0.9224358175473579,1.706557835652535,0.3473809523809524,4.876428571428571,6.075
t2,2,10,SW,2025,spring,6–8,8,0.44073564084724803,0.24633339414469196,0.7600754326174458,0.13333333333333333,6.73,3.706875
t2,2,10,SW,2025,spring,8–10,1,0.46165008291873966,0.46165008291873966,0.46165008291873966,0.06833333333333334,8.04,3.7116666666666664
t2,2,10,SW,2025,summer,2–4,41,1.4646739130434783,0.908199643493761,2.124113475177305,0.1886178861788618,2.9680487804878046,4.682642276422764
t2,2,10,SW,2025,summer,4–6,32,1.2025261424359681,0.8541269835364613,1.428268018018018,0.27447916666666666,4.8784374999999995,5.55734375
t2,2,10,SW,2025,summer,6–8,19,0.9018759018759019,0.7448847720906545,1.1150281720207036,0.33236842105263154,6.701052631578947,6.75
t2,2,10,SW,2025,summer,8–10,10,0.8240110630429731,0.7019117090702734,1.2026757999772482,0.5325,8.959999999999999,8.898666666666667
t2,2,10,SW,2025,winter,2–4,31,1.058365758754864,0.5291563915811206,1.710163139329806,0.06344086021505375,2.6783870967741934,3.166021505376344
t2,2,10,SW,2025,winter,4–6,17,0.921863799283154,0.32924836601307184,1.2633517495395947,0.21166666666666667,5.074117647058824,4.705686274509804
t2,2,10,SW,2025,winter,6–8,10,1.1640698772426818,1.0055403530566398,1.3342381623267263,0.49683333333333335,6.773000000000001,7.888166666666666
t2,2,10,SW,2025,winter,8–10,1,1.4694444444444443,1.4694444444444443,1.4694444444444443,0.98,8.4,12.343333333333334
t2,2,10,SW,2026,winter,2–4,32,1.7181877577285742,0.9816966824969334,2.4578979285638747,0.17947916666666666,2.970625,4.976770833333333
t2,2,10,SW,2026,winter,4–6,31,1.3132999443516973,1.0661717556210435,1.7317973128932604,0.33543010752688174,4.985806451612904,6.4796774193548385
t2,2,10,SW,2026,winter,6–8,32,0.8622649224455309,0.6857081857287448,1.33899848731862,0.37963541666666667,6.95625,6.6896354166666665
t2,2,10,SW,2026,winter,8–10,4,1.0928762260284,0.7883455972364045,1.2744046451570723,0.6058333333333333,8.555,8.449583333333333
t2,2,10,SW,2026,winter,10–12,2,1.2009802387314603,1.1927647974773181,1.2091956799856023,0.9724999999999999,11.31,13.577499999999999
t2,2,11,WSW,2024,autumn,2–4,59,1.2559055118110236,0.6946336321242077,1.736244770911398,0.13940677966101694,3.0549152542372884,4.018785310734463
t2,2,11,WSW,2024,autumn,4–6,102,1.066905994660626,0.79764066504398,1.4435450274463675,0.24807189542483662,5.030098039215686,5.584444444444444
t2,2,11,WSW,2024,autumn,6–8,91,0.9255663430420712,0.5771604010141012,1.1350473594333144,0.31672161172161173,6.949340659340659,6.061831501831501
t2,2,11,WSW,2024,autumn,8–10,69,0.973693502824859,0.7220245156188216,1.1778593913955928,0.5804106280193236,9.015797101449277,8.477222222222222
t2,2,11,WSW,2024,autumn,10–12,55,0.9803073967339097,0.694031387319523,1.062475826809385,0.7223939393939395,10.870545454545454,9.692363636363638
t2,2,11,WSW,2024,autumn,12+,76,0.8925429964918286,0.7614991324440366,0.9555169092465753,0.8658771929824562,13.827763157894738,11.481513157894737
t2,2,11,WSW,2024,spring,2–4,69,1.329842931937173,0.6257309941520468,1.9039473684210526,0.18055555555555555,3.171884057971014,4.476497584541063
t2,2,11,WSW,2024,spring,4–6,148,1.1465238419221677,0.7529584077879532,1.5161853840839143,0.26966216216216216,5.062635135135135,5.732668918918919
t2,2,11,WSW,2024,spring,6–8,138,1.0173160549516789,0.7589333293565578,1.2448968573753316,0.3958937198067633,6.908623188405797,6.860495169082125
t2,2,11,WSW,2024,spring,8–10,92,0.9096031221188703,0.7613444823524634,1.132280795325684,0.5539855072463769,8.892173913043479,8.289528985507246
t2,2,11,WSW,2024,spring,10–12,82,0.9504635880406753,0.8060324897378066,1.035501660408421,0.7745121951219512,11.020243902439024,10.267825203252032
t2,2,11,WSW,2024,spring,12+,131,0.8669354838709677,0.7574039503099863,0.9348552751157448,0.8538167938931298,14.095496183206107,11.458249363867683
t2,2,11,WSW,2024,summer,2–4,76,1.0179133103183735,0.577858491113185,1.866813904359516,0.158859649122807,3.1706578947368422,4.075263157894737
t2,2,11,WSW,2024,summer,4–6,117,0.7777777777777778,0.4460247994164843,1.2002635046113308,0.18005698005698006,5.026153846153846,4.429928774928775
t2,2,11,WSW,2024,summer,6–8,87,0.8286290322580645,0.45313034094127524,1.1929569761789014,0.30279310344827587,6.9221839080459775,5.850754789272031
t2,2,11,WSW,2024,summer,8–10,46,0.8194095947564373,0.5756785200117037,1.0646631698095592,0.4390942028985507,8.886304347826087,7.511884057971015
t2,2,11,WSW,2024,summer,10–12,14,0.7887244809412279,0.4451925532475055,1.0573248247493188,0.540952380952381,11.062857142857142,8.165833333333333
t2,2,11,WSW,2024,summer,12+,15,0.6651536312849162,0.5417606144514768,0.8010876275452017,0.6326666666666667,14.011333333333333,9.174333333333333
t2,2,11,WSW,2024,winter,2–4,13,1.5876132930513596,0.8569023569023568,1.9680232558139534,0.06884615384615385,2.962307692307692,4.19923076923077
t2,2,11,WSW,2024,winter,4–6,27,1.283816425120773,1.192762035616325,1.4906080509528785,0.2529012345679012,5.192592592592592,6.812160493827161
t2,2,11,WSW,2024,winter,6–8,20,1.0219324384406543,0.9783000554631169,1.1162070499991312,0.3075833333333333,6.593500000000001,7.050666666666666
t2,2,11,WSW,2024,winter,8–10,4,1.0159512642301296,0.8653566295364714,1.0752353350099164,0.62875,9.2425,8.521666666666667
t2,2,11,WSW,2024,winter,10–12,3,0.36848713119899557,0.3612327156899137,0.3746458134551618,0.026666666666666672,10.983333333333334,4.04
t2,2,11,WSW,2025,autumn,2–4,83,1.1677667766776676,0.5769056603773584,1.8961718959506573,0.12548192771084338,3.1003614457831326,3.9233935742971884
t2,2,11,WSW,2025,autumn,4–6,70,1.2281408831576186,0.9823549965059399,1.5226932248991074,0.27819047619047615,4.867999999999999,5.811452380952381
t2,2,11,WSW,2025,autumn,6–8,66,1.1255067534762682,0.891492224403166,1.4128983247371156,0.5227777777777778,7.029242424242424,7.944191919191918
t2,2,11,WSW,2025,autumn,8–10,57,1.0978186775732788,0.7934407364787112,1.2129519268970999,0.6466959064327485,8.995964912280701,8.979152046783625
t2,2,11,WSW,2025,autumn,10–12,32,1.0459462687106709,0.87519340890499,1.1143322515101861,0.8125520833333333,10.9303125,10.37734375
t2,2,11,WSW,2025,autumn,12+,18,0.8629644149463143,0.7688257281133869,0.9787108368176872,0.8603703703703705,13.280555555555557,11.553055555555554
t2,2,11,WSW,2025,spring,2–4,69,0.8748832866479926,0.5467171717171717,1.8233233233233233,0.13973429951690822,3.1118840579710145,3.8774492753623186
t2,2,11,WSW,2025,spring,4–6,100,1.059355924351428,0.5396518282378245,1.588740917513959,0.28565333333333337,5.071000000000001,5.549216666666666
t2,2,11,WSW,2025,spring,6–8,106,0.9122283213847331,0.5408232118758435,1.2566271283615673,0.3595754716981132,6.954245283018868,6.419025157232704
t2,2,11,WSW,2025,spring,8–10,83,0.986126126126126,0.7082958017736461,1.193764140809187,0.5874497991967872,8.97722891566265,8.561706827309237
t2,2,11,WSW,2025,spring,10–12,66,1.0043497659696266,0.9101503582982764,1.083716123333843,0.8036717171717171,11.027272727272727,10.584944444444444
t2,2,11,WSW,2025,spring,12+,72,0.8672769987196761,0.7833185927672955,0.9817653401475807,0.9273842592592594,14.28111111111111,12.453425925925925
t2,2,11,WSW,2025,summer,2–4,99,1.1661721068249258,0.6212178616649282,1.9127583108715183,0.1757070707070707,3.2031313131313133,4.300050505050505
t2,2,11,WSW,2025,summer,4–6,124,1.053149589420976,0.5451027131782946,1.4574984781802074,0.2708736559139785,5.10016129032258,5.4319892473118285
t2,2,11,WSW,2025,summer,6–8,124,0.9293372491434166,0.6427171346774119,1.267834375208137,0.36971774193548385,6.946532258064516,6.577352150537634
t2,2,11,WSW,2025,summer,8–10,88,0.9188249765799837,0.6052394297081645,1.0721666491690836,0.44657196969696966,8.859886363636363,7.257215909090909
t2,2,11,WSW,2025,summer,10–12,37,0.9238138686131386,0.666515563614385,1.0291781240452185,0.6340540540540541,10.721081081081081,8.94927927927928
t2,2,11,WSW,2025,summer,12+,29,0.7634077495509366,0.5923369347739096,0.8433528836754642,0.706528735632184,13.976896551724137,10.007517241379311
t2,2,11,WSW,2025,winter,2–4,66,1.3664443597560978,0.7269667955378357,1.825760597035018,0.10083333333333333,3.0586363636363636,4.052272727272727
t2,2,11,WSW,2025,winter,4–6,92,1.0516681441773383,0.8258257582575825,1.3466325330867943,0.17596014492753623,5.05554347826087,5.275344202898551
t2,2,11,WSW,2025,winter,6–8,79,0.9829842931937174,0.7990882746901672,1.1879997068559391,0.3718143459915612,7.002784810126583,6.9058649789029545
t2,2,11,WSW,2025,winter,8–10,72,0.9277280871737257,0.7872849928401766,1.152473708253717,0.5288425925925926,8.961805555555555,8.132962962962964
t2,2,11,WSW,2025,winter,10–12,25,0.8200133200133201,0.7819843342036553,1.0167992926613616,0.6775333333333333,10.8928,9.942866666666667
t2,2,11,WSW,2025,winter,12+,27,0.8644278606965174,0.651458283528568,0.9485366723651185,0.8529629629629629,14.334074074074074,11.30820987654321
t2,2,11,WSW,2026,winter,2–4,62,1.69205185163391,0.9767832223070645,2.1758395989974932,0.12266129032258064,2.927741935483871,4.463333333333334
t2,2,11,WSW,2026,winter,4–6,67,1.0064247921390779,0.4386404163937884,1.3326582566609164,0.18253731343283583,5.047910447761193,4.875746268656717
t2,2,11,WSW,2026,winter,6–8,57,1.145583666222814,0.9099099099099098,1.3021402550091075,0.4556140350877193,6.937192982456141,7.4156725146198825
t2,2,11,WSW,2026,winter,8–10,30,1.166147635027303,0.91771549719768,1.2865877755031139,0.7664444444444444,9.037,10.039333333333333
t2,2,11,WSW,2026,winter,10–12,19,0.9189837008628954,0.7455730224324759,0.9899663132428408,0.7010526315789474,10.857368421052632,9.692543859649122
t2,2,11,WSW,2026,winter,12+,7,1.0693354264782835,0.9338373084840984,1.084890828703549,0.8049999999999999,12.438571428571427,11.643571428571429
t2,2,12,W,2024,autumn,2–4,30,1.715799060257003,1.3954505993054775,2.4637170314253645,0.2867222222222222,2.9526666666666666,5.6738888888888885
t2,2,12,W,2024,autumn,4–6,55,1.1295843520782396,0.6700750252141635,1.4844499253482706,0.27406060606060606,5.051454545454545,5.651848484848485
t2,2,12,W,2024,autumn,6–8,38,0.925796092271983,0.6056758494282432,1.0919697274127653,0.2944298245614035,7.102631578947368,5.963157894736842
t2,2,12,W,2024,autumn,8–10,42,0.9430318803403752,0.6679100956721042,1.0728661745304697,0.5017460317460317,9.011904761904763,7.786785714285715
t2,2,12,W,2024,autumn,10–12,65,0.9578381437464629,0.8665229885057473,1.0738705738705738,0.7784615384615385,11.006307692307692,10.214564102564104
t2,2,12,W,2024,autumn,12+,37,0.7961789047367495,0.7211850649350648,0.9219907407407406,0.8356306306306306,14.733783783783784,11.799504504504505
t2,2,12,W,2024,spring,2–4,57,1.1024659863945578,0.7309843400447427,1.6849710982658963,0.1409356725146199,3.303508771929825,4.26312865497076
t2,2,12,W,2024,spring,4–6,84,0.8528486375201704,0.6002584332952525,1.3670933260001916,0.18894841269841273,4.839047619047619,4.697361111111111
t2,2,12,W,2024,spring,6–8,55,0.8496376811594202,0.5035579451189613,1.1904232142029387,0.31172727272727274,7.001636363636363,5.851424242424242
t2,2,12,W,2024,spring,8–10,62,0.9819903984799605,0.777692997191985,1.1520332944396743,0.5815322580645161,9.045967741935485,8.594193548387098
t2,2,12,W,2024,spring,10–12,37,0.8604903786468032,0.7144045242847639,1.021674140508221,0.6841891891891893,10.907297297297298,9.646531531531531
t2,2,12,W,2024,spring,12+,72,0.8352747704070185,0.6829938153028932,0.9300446011696805,0.846875,14.932361111111113,11.864791666666667
t2,2,12,W,2024,summer,2–4,51,1.465986394557823,1.1041512648825242,1.970499391720621,0.18723856209150327,3.098627450980392,4.848578431372549
t2,2,12,W,2024,summer,4–6,111,0.8966603654694392,0.6289024510854335,1.2275803764784272,0.18264564564564564,5.147657657657658,4.760058558558558
t2,2,12,W,2024,summer,6–8,87,0.7787682333873581,0.5275701875058056,1.0937244311067724,0.2773409961685824,7.058045977011494,5.7380344827586205
t2,2,12,W,2024,summer,8–10,67,0.9165659008464329,0.7279383259262535,1.0406140918436002,0.4640796019900498,8.786716417910448,7.6749751243781095
t2,2,12,W,2024,summer,10–12,30,0.7626146759874943,0.476551726886503,0.9326224473025236,0.4971111111111111,10.823333333333332,7.985
t2,2,12,W,2024,summer,12+,13,0.5904564315352696,0.4324736550194121,0.789272030651341,0.4984615384615385,13.06,8.335897435897436
t2,2,12,W,2024,winter,2–4,30,1.5489333696441538,1.2869288774945236,2.1561151960784315,0.14183333333333334,2.688,4.742222222222223
t2,2,12,W,2024,winter,4–6,17,1.5283446712018138,1.347782258064516,1.6614205004035514,0.2652941176470588,4.549411764705883,6.838921568627451
t2,2,12,W,2024,winter,6–8,1,0.9096045197740112,0.9096045197740112,0.9096045197740112,0.08833333333333333,6.49,5.903333333333333
t2,2,12,W,2025,autumn,2–4,61,1.1391509433962264,0.5122222222222221,1.6604110813226092,0.1078688524590164,3.0378688524590163,3.6866666666666665
t2,2,12,W,2025,autumn,4–6,55,1.1927181418706843,0.4614560571791235,1.4203412792581973,0.28818181818181815,5.0716363636363635,5.553636363636364
t2,2,12,W,2025,autumn,6–8,41,1.0693069306930694,0.7691885964912281,1.5246666666666668,0.48325203252032517,6.733658536585366,7.446056910569106
t2,2,12,W,2025,autumn,8–10,39,1.1550759392486012,0.9238329478573175,1.3062198837868482,0.722905982905983,8.971538461538461,9.986923076923077
t2,2,12,W,2025,autumn,10–12,33,0.9491940126655153,0.7786069651741294,1.0151515151515151,0.7303535353535353,11.14939393939394,9.832878787878789
t2,2,12,W,2025,autumn,12+,22,0.9585530995167733,0.9283389887850373,0.9983506169079486,0.9489393939393941,13.223636363636365,12.54090909090909
t2,2,12,W,2025,spring,2–4,58,0.8883999677412853,0.6135776557959316,1.7454383829014244,0.1251293103448276,3.1565517241379313,3.792557471264368
t2,2,12,W,2025,spring,4–6,54,0.9801146653057193,0.5959855403348554,1.3755438801766755,0.22390432098765434,5.099444444444445,5.138672839506173
t2,2,12,W,2025,spring,6–8,65,0.8021356783919599,0.6135953026196929,1.1116427432216907,0.33284615384615385,7.073076923076923,6.29308717948718
t2,2,12,W,2025,spring,8–10,79,0.8715596330275229,0.681048213221471,1.0608685225314054,0.5044725738396624,9.059493670886077,7.932236286919831
t2,2,12,W,2025,spring,10–12,67,0.9086918349429324,0.7066539736714696,1.0047789573906822,0.6765298507462687,11.071194029850746,9.393308457711443
t2,2,12,W,2025,spring,12+,65,0.8167808219178082,0.6999726999727,0.9206349206349206,0.8236666666666667,13.892461538461538,11.110794871794873
t2,2,12,W,2025,summer,2–4,94,1.046011994286633,0.5845893475327113,1.8412096726057243,0.12663120567375888,3.1239361702127657,3.7268262411347517
t2,2,12,W,2025,summer,4–6,132,0.9085216721151168,0.5938408297823086,1.396655711188354,0.21500252525252525,4.99530303030303,5.0507550505050505
t2,2,12,W,2025,summer,6–8,111,0.972636815920398,0.7316702780175941,1.1979532234797934,0.3672972972972973,7.015135135135135,6.652522522522523
t2,2,12,W,2025,summer,8–10,79,0.9377999261720193,0.6351737131534421,1.1714449216633098,0.5151898734177216,8.924430379746836,7.852489451476794
t2,2,12,W,2025,summer,10–12,25,0.8103932584269663,0.5381188118811882,1.0231259968102075,0.5321333333333333,10.7216,8.248733333333334
t2,2,12,W,2025,summer,12+,22,0.7741350788010908,0.7490607388854101,0.8982057491874558,0.8578787878787879,14.076818181818181,11.112196969696969
t2,2,12,W,2025,winter,2–4,32,1.5882094457368634,0.7131113130290762,2.191396912516859,0.0728125,2.6553125,3.8096875
t2,2,12,W,2025,winter,4–6,19,1.268215720022949,1.0010916445024973,1.5172742290748897,0.2667543859649123,5.064210526315789,6.059912280701755
t2,2,12,W,2025,winter,6–8,9,0.8387323943661971,0.7224334600760457,0.9199823165340407,0.2562962962962963,7.11,6.385000000000001
t2,2,12,W,2025,winter,8–10,18,0.8677540361857786,0.723685939429668,1.0786683591146655,0.5055555555555555,9.121666666666666,7.776574074074073
t2,2,12,W,2025,winter,10–12,15,0.9563594602354293,0.7920696588104504,1.0927711049037863,0.7479999999999999,10.738,10.316333333333334
t2,2,12,W,2025,winter,12+,40,0.7669550397635349,0.7213702682089685,0.8306928768299169,0.8744999999999999,16.35,12.416125
t2,2,12,W,2026,winter,2–4,46,1.3778296705853883,0.722410776239177,1.7278750806782843,0.05927536231884058,2.8519565217391305,3.690072463768116
t2,2,12,W,2026,winter,4–6,8,1.3835599630463653,0.6055200570355777,1.5526847542918216,0.289375,4.8475,5.5772916666666665
t2,2,12,W,2026,winter,6–8,11,1.3441910966340933,0.9701159966056387,1.5168050835612463,0.5657575757575758,6.901818181818182,8.565454545454545
t2,2,12,W,2026,winter,8–10,5,0.48377896613190735,0.4333333333333333,0.9903985507246377,0.347,9.286,6.286666666666667
t2,2,12,W,2026,winter,10–12,10,0.9927281127007098,0.9069973917947272,1.0794749575933227,0.783,10.943000000000001,10.109333333333334
t2,2,12,W,2026,winter,12+,7,0.9412621359223302,0.8472707502374169,1.0358976190398892,0.829952380952381,12.739999999999998,10.83652380952381
t2,2,13,WNW,2024,autumn,2–4,32,1.6324900793650792,1.035908388251566,2.2488220404984425,0.19661458333333334,3.03375,5.1847916666666665
t2,2,13,WNW,2024,autumn,4–6,8,0.6220284879071178,0.512539272759527,0.9414204062700491,0.12562500000000001,4.8774999999999995,3.940625
t2,2,13,WNW,2024,autumn,6–8,4,1.0405502202746741,0.8168837939185674,1.126505311391564,0.3375,6.9799999999999995,6.1691666666666665
t2,2,13,WNW,2024,autumn,8–10,3,1.0536924119241193,1.0503662905286557,1.1186829406559373,0.8305555555555556,9.700000000000001,10.624444444444444
t2,2,13,WNW,2024,autumn,10–12,3,1.2148554336989035,1.031447324692589,1.2192263967174386,0.8994444444444444,10.676666666666668,11.545000000000002
t2,2,13,WNW,2024,autumn,12+,1,1.138535781544256,1.138535781544256,1.138535781544256,0.9700000000000001,14.16,16.121666666666666
t2,2,13,WNW,2024,spring,2–4,45,1.2804107424960507,0.9261363636363635,2.170987654320988,0.1867037037037037,2.8137777777777777,4.706777777777778
t2,2,13,WNW,2024,spring,4–6,23,0.972156862745098,0.4494274850389959,1.2223548482169173,0.22528985507246377,5.015652173913043,5.087463768115942
t2,2,13,WNW,2024,spring,6–8,6,0.6676678985418367,0.4900440914954936,1.2515587807969335,0.3216666666666667,6.743333333333333,5.9188888888888895
t2,2,13,WNW,2024,spring,8–10,3,0.8778819851504495,0.833724843950716,1.0212466726948062,0.5738888888888889,8.926666666666668,8.414444444444444
t2,2,13,WNW,2024,spring,10–12,1,0.771487472248652,0.771487472248652,0.771487472248652,0.5133333333333333,10.51,8.108333333333333
t2,2,13,WNW,2024,spring,12+,3,0.7916098226466575,0.7023360265420595,0.8650065223159844,0.8422222222222221,14.986666666666666,11.58611111111111
t2,2,13,WNW,2024,summer,2–4,36,1.0054190988391158,0.7212217486148305,1.4085829738825426,0.15574074074074074,3.0116666666666667,4.055555555555555
t2,2,13,WNW,2024,summer,4–6,52,1.0527467486913822,0.7717409491937937,1.2438942351134001,0.21126602564102565,5.057307692307693,5.197868589743591
t2,2,13,WNW,2024,summer,6–8,37,0.7567567567567568,0.5221318879855466,1.0936413313462494,0.30067567567567566,6.960540540540541,5.909684684684684
t2,2,13,WNW,2024,summer,8–10,26,0.7828527925822131,0.4733970925753474,0.9806081334332835,0.34884615384615386,8.896923076923077,6.473653846153846
t2,2,13,WNW,2024,summer,10–12,8,0.8573221518381937,0.6375843487945492,1.0215152804505,0.5704166666666667,10.915,8.811875
t2,2,13,WNW,2024,summer,12+,2,0.7056173731535004,0.6689816152858061,0.7422531310211946,0.695,13.67,9.633333333333333
t2,2,13,WNW,2024,winter,2–4,6,1.7255384472418207,1.5179351361397642,1.8324153118313513,0.04944444444444444,2.5866666666666664,3.7880555555555553
t2,2,13,WNW,2025,autumn,2–4,34,1.618397366787546,0.88871204260164,2.184316533783903,0.17686274509803923,2.835294117647059,4.635245098039215
t2,2,13,WNW,2025,autumn,4–6,17,1.094953519256308,0.7754137115839242,1.391606280193237,0.2296078431372549,5.104705882352941,5.328725490196079
t2,2,13,WNW,2025,autumn,6–8,19,1.1859676577986438,0.9291000548361243,1.4000218831495568,0.517280701754386,6.961052631578947,7.962017543859649
t2,2,13,WNW,2025,autumn,8–10,5,1.2656704026567043,1.2010111576011158,1.362286562731997,0.9043333333333333,9.129999999999999,11.715333333333334
t2,2,13,WNW,2025,autumn,10–12,6,0.9934723481414325,0.9082682445260171,1.0484582176996609,0.755,10.608333333333333,10.27111111111111
t2,2,13,WNW,2025,spring,2–4,37,1.2185473411154344,0.8215898825654924,1.6935336976320583,0.09648648648648649,3.0910810810810814,3.8491891891891896
t2,2,13,WNW,2025,spring,4–6,18,1.11229968398706,0.61407044327954,1.336303490990991,0.23185185185185186,4.890555555555555,5.234814814814815
t2,2,13,WNW,2025,spring,6–8,12,0.4933682905994454,0.35295087976539585,0.9038299716734661,0.19180555555555556,6.697500000000001,4.503888888888889
t2,2,13,WNW,2025,spring,8–10,3,0.47975567190226864,0.34169708477742544,0.6270520471994196,0.19999999999999998,9.263333333333334,4.614444444444444
t2,2,13,WNW,2025,spring,10–12,1,0.643651529193698,0.643651529193698,0.643651529193698,0.36166666666666664,10.79,6.945
t2,2,13,WNW,2025,summer,2–4,61,1.2264309764309764,0.7042181069958847,1.8311617806731812,0.10362021857923498,3.06,3.9045355191256834
t2,2,13,WNW,2025,summer,4–6,54,0.9988320150537287,0.6176477345832184,1.323661295035444,0.21719135802469136,4.932222222222221,5.10429012345679
t2,2,13,WNW,2025,summer,6–8,35,1.0272680937818552,0.6711165833862163,1.1772635359958254,0.352847619047619,6.831142857142857,6.516638095238095
t2,2,13,WNW,2025,summer,8–10,19,0.9043509528946422,0.7551108760724852,1.1758236261316697,0.5121052631578947,8.765789473684212,8.184298245614036
t2,2,13,WNW,2025,summer,10–12,9,0.5640569395017794,0.29198232323232326,0.9798878997692054,0.3572222222222223,10.931111111111111,6.416296296296297
t2,2,13,WNW,2025,summer,12+,10,0.8995566970827474,0.7399601454184166,0.9705285725273036,0.7024999999999999,13.197999999999999,10.303333333333333
t2,2,13,WNW,2025,winter,2–4,1,2.0663507109004744,2.0663507109004744,2.0663507109004744,0.05833333333333333,2.11,4.36
t2,2,13,WNW,2025,winter,4–6,1,1.3636363636363635,1.3636363636363635,1.3636363636363635,0.15666666666666665,4.4,6.0
t2,2,13,WNW,2025,winter,8–10,2,1.0249940537896434,0.9985052573474966,1.05148285023179,0.6566666666666667,8.635,8.879166666666666
t2,2,13,WNW,2025,winter,10–12,1,0.7815417043059318,0.7815417043059318,0.7815417043059318,0.6233333333333334,11.07,8.651666666666666
t2,2,13,WNW,2026,winter,2–4,9,0.7305140961857381,0.5249529190207156,1.2449392712550604,0.017592592592592594,2.8277777777777775,2.357222222222222
t2,2,13,WNW,2026,winter,10–12,3,1.103637503919724,1.0880304511242074,1.1555334133668311,0.9683333333333333,10.513333333333334,11.841666666666667
t2,2,13,WNW,2026,winter,12+,1,0.9927832244008713,0.9927832244008713,0.9927832244008713,0.9733333333333333,12.24,12.151666666666666
t2,2,14,NW,2024,autumn,2–4,8,1.05570796460177,0.8895712455348636,1.8191679920555794,0.10104166666666667,2.695,3.687708333333333
t2,2,14,NW,2024,autumn,4–6,2,0.9592507378067725,0.8790506562597081,1.0394508193538368,0.185,4.99,4.935833333333334
t2,2,14,NW,2024,autumn,8–10,1,0.4798602548294287,0.4798602548294287,0.4798602548294287,0.10166666666666667,8.11,3.891666666666666
t2,2,14,NW,2024,spring,2–4,7,0.538971807628524,0.5253799421784653,1.19103206616958,0.04976190476190477,2.3442857142857143,2.3911904761904763
t2,2,14,NW,2024,spring,4–6,3,0.6458789204959883,0.5692265889608654,0.7027275613074888,0.018333333333333333,4.233333333333333,2.682777777777778
t2,2,14,NW,2024,summer,2–4,29,1.2440660474716203,0.787321063394683,1.890190972222222,0.18517241379310345,2.966896551724138,4.540011494252874
t2,2,14,NW,2024,summer,4–6,11,1.026108075288403,0.7428300522359927,1.600557729509463,0.3227272727272727,4.753636363636364,6.108030303030303
t2,2,14,NW,2024,summer,6–8,10,0.9234575772939808,0.7635922234559694,1.3650132985525039,0.40956666666666663,7.061,6.886666666666666
t2,2,14,NW,2024,summer,8–10,2,1.4173508781234734,1.4074694287809932,1.4272323274659533,0.9025000000000001,8.8,12.48
t2,2,14,NW,2024,summer,10–12,1,1.1158219623131904,1.1158219623131904,1.1158219623131904,0.84,10.26,11.448333333333332
t2,2,14,NW,2025,autumn,2–4,9,1.252949852507375,0.984304932735426,1.4514285714285713,0.04,2.3833333333333333,3.0931111111111114
t2,2,14,NW,2025,autumn,4–6,1,0.09740670461733081,0.09740670461733081,0.09740670461733081,0.01,5.27,0.5133333333333333
t2,2,14,NW,2025,autumn,6–8,1,1.6993670886075949,1.6993670886075949,1.6993670886075949,0.8516666666666667,6.32,10.74
t2,2,14,NW,2025,autumn,10–12,1,0.931098696461825,0.931098696461825,0.931098696461825,0.7566666666666667,10.74,10.0
t2,2,14,NW,2025,spring,2–4,18,0.8332284275577936,0.546029168921638,1.2117082320820065,0.07666666666666667,2.913333333333333,3.027037037037037
t2,2,14,NW,2025,summer,2–4,17,0.948019801980198,0.7706467661691542,1.4204059829059827,0.08294117647058823,2.907058823529412,3.2661764705882352
t2,2,14,NW,2025,summer,4–6,8,1.1115127263185516,0.5669295244519027,1.3188711190786955,0.18854166666666666,4.75875,4.915208333333333
t2,2,14,NW,2025,summer,6–8,3,1.3035009861932938,0.856305622939133,1.4052865609891505,0.48833333333333334,7.22,7.556666666666666
t2,2,14,NW,2025,summer,8–10,2,0.36217532467532465,0.30139790764790764,0.4229527417027417,0.06083333333333333,8.82,3.1433333333333335
t2,2,14,NW,2026,winter,2–4,2,1.5129716981132075,1.2788915094339623,1.7470518867924527,0.03666666666666667,2.12,3.2075
t2,2,15,NNW,2024,autumn,2–4,2,0.9098581625463347,0.7787657384431579,1.0409505866495115,0.0125,2.84,2.408333333333333
t2,2,15,NNW,2024,autumn,6–8,1,1.2228260869565217,1.2228260869565217,1.2228260869565217,0.66,7.36,9.0
t2,2,15,NNW,2024,spring,4–6,1,2.139484978540773,2.139484978540773,2.139484978540773,0.7433333333333333,4.66,9.97
t2,2,15,NNW,2024,summer,2–4,16,1.2507087410624387,0.7803882373845059,2.688240070013391,0.22552083333333334,2.59625,4.690729166666667
t2,2,15,NNW,2024,summer,4–6,1,1.0011061946902655,1.0011061946902655,1.0011061946902655,0.11333333333333333,4.52,4.5249999999999995
t2,2,15,NNW,2024,summer,6–8,1,0.7156233279828784,0.7156233279828784,0.7156233279828784,0.10666666666666667,6.23,4.458333333333333
t2,2,15,NNW,2024,summer,8–10,1,0.7908101571946796,0.7908101571946796,0.7908101571946796,0.29,8.27,6.54
t2,2,15,NNW,2025,autumn,2–4,1,0.25898931000971814,0.25898931000971814,0.25898931000971814,0.01,3.43,0.8883333333333333
t2,2,15,NNW,2025,spring,2–4,2,1.3414490951788922,1.253401712943777,1.4294964774140075,0.07,2.6950000000000003,3.6425
t2,2,15,NNW,2025,summer,2–4,9,0.8622448979591836,0.7534626038781165,1.6104938271604938,0.18314814814814814,3.3744444444444444,4.330555555555555
t2,2,15,NNW,2025,summer,4–6,1,1.6640258215962442,1.6640258215962442,1.6640258215962442,0.69,5.68,9.451666666666666
t2,2,15,NNW,2025,summer,6–8,2,0.9660194818731404,0.8861565940834233,1.0458823696628574,0.28583333333333333,6.65,6.344166666666666
t2,2,15,NNW,2026,winter,2–4,2,1.0137883078950536,0.8938268613027693,1.1337497544873376,0.013333333333333332,2.3,2.3724999999999996
