time,turbine,lead_day,power,p10,p50,p90,power_curve,persistence,wind_speed_100m,wind_meas
2025-12-01 00:00:00+00:00,t1,1,0.013333333333333334,0.0,0.04874209727824891,0.24106880169652065,0.24396644031099302,0.01,4.71,3.295
2025-12-01 00:00:00+00:00,t1,2,0.013333333333333334,0.008871908369604055,0.05942449880564539,0.17910339029470693,0.0898266827891979,0.01,1.45,3.295
2025-12-01 00:00:00+00:00,t2,1,0.011666666666666667,0.0,0.046032915214728506,0.240653411026962,0.24396644031099302,0.008333333333333333,4.71,3.48
2025-12-01 00:00:00+00:00,t2,2,0.011666666666666667,0.007126884130350406,0.05671531674212499,0.179545918944676,0.0898266827891979,0.01,1.45,3.48
2025-12-01 01:00:00+00:00,t1,1,0.015,0.0,0.09997532090621268,0.24037920722793754,0.29666767038040753,0.01,5.13,3.53
2025-12-01 01:00:00+00:00,t1,2,0.015,0.008871908369604055,0.03706025082167434,0.1409567580223195,0.13303917357062492,0.01,2.56,3.53
2025-12-01 01:00:00+00:00,t2,1,0.011666666666666667,0.0,0.0972661388426923,0.23996381655837895,0.29666767038040753,0.008333333333333333,5.13,3.4883333333333333
2025-12-01 01:00:00+00:00,t2,2,0.011666666666666667,0.0074056319700441225,0.03435106875815394,0.1407917530088436,0.13303917357062492,0.01,2.56,3.4883333333333333
2025-12-01 02:00:00+00:00,t1,1,0.06333333333333334,0.04091670561357371,0.06982562762559923,0.4280246457305417,0.34551812937783266,0.01,5.86,4.965
2025-12-01 02:00:00+00:00,t1,2,0.06333333333333334,0.0,0.06950349817650105,0.3292029306927658,0.20381297203510923,0.01,4.03,4.965
2025-12-01 02:00:00+00:00,t2,1,0.055,0.004236506614297503,0.06768804149860097,0.4276092550609831,0.34551812937783266,0.01,5.86,4.996666666666667
2025-12-01 02:00:00+00:00,t2,2,0.055,0.0,0.06719586911335863,0.3357449810281372,0.20381297203510923,0.01,4.03,4.996666666666667
2025-12-01 03:00:00+00:00,t1,1,0.07333333333333333,0.038820035341396796,0.2121807248681776,0.6867998509710832,0.40783563748079876,0.01,6.37,4.7683333333333335
2025-12-01 03:00:00+00:00,t1,2,0.07333333333333333,0.0,0.05913922077025898,0.5195600171182582,0.24396644031099302,0.01,4.88,4.7683333333333335
2025-12-01 03:00:00+00:00,t2,1,0.06333333333333334,0.0285918793434711,0.20874856367042285,0.6786791715242881,0.40783563748079876,0.01,6.37,4.703333333333333
2025-12-01 03:00:00+00:00,t2,2,0.06333333333333334,0.0,0.056831591707116554,0.5189480016291179,0.24396644031099302,0.01,4.88,4.703333333333333
2025-12-01 04:00:00+00:00,t1,1,0.18499999999999997,0.09474612649743742,0.2896145053032435,0.8494908241986822,0.533438938580799,0.01,7.19,5.915
2025-12-01 04:00:00+00:00,t1,2,0.18499999999999997,0.019332165120539105,0.15064921861026243,0.7290530917304621,0.34551812937783266,0.01,5.82,5.915
2025-12-01 04:00:00+00:00,t2,1,0.15333333333333335,0.11136407959374905,0.28747691917624535,0.8492265183990537,0.533438938580799,0.01,7.19,5.7
2025-12-01 04:00:00+00:00,t2,2,0.15333333333333335,0.0,0.15034475146316106,0.7337736037189575,0.34551812937783266,0.008333333333333333,5.82,5.7
2025-12-01 05:00:00+00:00,t1,1,0.18333333333333335,0.2024989819430493,0.5654733834525139,0.9850169675263228,0.40783563748079876,0.01,6.44,5.833333333333333
2025-12-01 05:00:00+00:00,t1,2,0.18333333333333335,0.05240571562576703,0.3128251028646918,0.9365510463573037,0.29666767038040753,0.01,5.29,5.833333333333333
2025-12-01 05:00:00+00:00,t2,1,0.15666666666666668,0.22009653337888832,0.5658474807313382,0.9835779175130542,0.40783563748079876,0.01,6.44,5.8999999999999995
2025-12-01 05:00:00+00:00,t2,2,0.15666666666666668,0.06157609453805002,0.31313837697570174,0.9350481657393597,0.29666767038040753,0.01,5.29,5.8999999999999995
2025-12-01 06:00:00+00:00,t1,1,0.13166666666666668,0.18897271165560808,0.5758339718858074,0.9760786620087748,0.5595838549817422,0.01,7.51,5.260000000000001
2025-12-01 06:00:00+00:00,t1,2,0.13166666666666668,0.1303785061258358,0.46219934390506606,0.9658842320511858,0.40783563748079876,0.01,6.15,5.260000000000001
2025-12-01 06:00:00+00:00,t2,1,0.13166666666666668,0.21946578007178297,0.5757867005693192,0.9728820262737797,0.5595838549817422,0.01,7.51,5.466666666666666
2025-12-01 06:00:00+00:00,t2,2,0.13166666666666668,0.11540841813707237,0.462512618016076,0.9642825766593345,0.40783563748079876,0.01,6.15,5.466666666666666
2025-12-01 07:00:00+00:00,t1,1,0.47833333333333333,0.28057504380546155,0.6545795799438254,1.0,0.621809413221861,0.013333333333333334,8.25,7.796666666666667
2025-12-01 07:00:00+00:00,t1,2,0.47833333333333333,0.27331475213185125,0.5734450358884841,1.0,0.533438938580799,0.036666666666666674,7.11,7.796666666666667
2025-12-01 07:00:00+00:00,t2,1,0.6416666666666667,0.29805151742354286,0.6545323086273372,0.9970847717531522,0.621809413221861,0.008333333333333333,8.25,8.928333333333333
2025-12-01 07:00:00+00:00,t2,2,0.6416666666666667,0.2946301150245756,0.5737583099994942,1.0,0.533438938580799,0.04,7.11,8.928333333333333
2025-12-01 08:00:00+00:00,t1,1,0.9366666666666666,0.3937586656861265,0.7667247683967954,1.0,0.621809413221861,0.023333333333333334,8.39,10.903333333333334
2025-12-01 08:00:00+00:00,t1,2,0.9366666666666666,0.37310323005389,0.7386381455249791,1.0,0.5595838549817422,0.09666666666666668,7.88,10.903333333333334
2025-12-01 08:00:00+00:00,t2,1,0.96,0.41764984102359237,0.7666774970803072,1.0,0.621809413221861,0.01,8.39,11.43
2025-12-01 08:00:00+00:00,t2,2,0.96,0.4700266850059754,0.7389514196359892,1.0,0.5595838549817422,0.07333333333333333,7.88,11.43
2025-12-01 09:00:00+00:00,t1,1,0.9766666666666666,0.3954661136577129,0.7822647266019264,1.0,0.621809413221861,0.01,8.3,11.571666666666667
2025-12-01 09:00:00+00:00,t1,2,0.9766666666666666,0.4020255127088266,0.7694038091374025,1.0,0.5595838549817422,0.145,7.91,11.571666666666667
2025-12-01 09:00:00+00:00,t2,1,0.9633333333333333,0.5403249020166327,0.7822174552854382,1.0,0.621809413221861,0.011666666666666667,8.3,11.784999999999998
2025-12-01 09:00:00+00:00,t2,2,0.9633333333333333,0.4874413364609802,0.7693565378209143,1.0,0.5595838549817422,0.14333333333333334,7.91,11.784999999999998
2025-12-01 10:00:00+00:00,t1,1,0.8533333333333334,0.4697352566737082,0.8305049411079989,1.0,0.6380866269626422,0.045000000000000005,8.6,10.238333333333333
2025-12-01 10:00:00+00:00,t1,2,0.8533333333333334,0.4917831141716344,0.8640033285753683,1.0,0.621809413221861,0.19333333333333336,8.18,10.238333333333333
2025-12-01 10:00:00+00:00,t2,1,0.8733333333333334,0.549397068409229,0.8304576697915107,1.0,0.6380866269626422,0.03833333333333334,8.6,10.793333333333335
2025-12-01 10:00:00+00:00,t2,2,0.8733333333333334,0.5599145554479918,0.8639560572588801,1.0,0.621809413221861,0.18833333333333332,8.18,10.793333333333335
2025-12-01 11:00:00+00:00,t1,1,0.6816666666666666,0.4338306612172867,0.8779596447404125,1.0,0.621809413221861,0.13666666666666666,8.01,8.938333333333334
2025-12-01 11:00:00+00:00,t1,2,0.6816666666666666,0.5323041889667328,0.8791941535552489,1.0,0.5595838549817422,0.20333333333333334,7.58,8.938333333333334
2025-12-01 11:00:00+00:00,t2,1,0.7066666666666667,0.5362623205922636,0.873678918007577,1.0,0.621809413221861,0.145,8.01,9.23
2025-12-01 11:00:00+00:00,t2,2,0.7066666666666667,0.5074194588068381,0.8749134268224134,1.0,0.5595838549817422,0.19499999999999998,7.58,9.23
2025-12-01 12:00:00+00:00,t1,1,0.5983333333333333,0.3671162057912699,0.8167913286211529,0.9765089565334607,0.46587952084773093,0.19333333333333333,6.85,8.426666666666668
2025-12-01 12:00:00+00:00,t1,2,0.5983333333333333,0.3542245628170053,0.8530978355339138,1.0,0.46587952084773093,0.16666666666666666,6.94,8.426666666666668
2025-12-01 12:00:00+00:00,t2,1,0.5833333333333334,0.40698288604499544,0.8125106018883174,0.9733008033767997,0.46587952084773093,0.18666666666666668,6.85,8.326666666666666
2025-12-01 12:00:00+00:00,t2,2,0.5833333333333334,0.3639540308022765,0.8512174452375285,1.0,0.46587952084773093,0.15666666666666668,6.94,8.326666666666666
2025-12-01 13:00:00+00:00,t1,1,0.7050000000000001,0.29411908798454434,0.7043607631182887,0.9930313334063755,0.46587952084773093,0.15833333333333335,6.85,9.006666666666666
2025-12-01 13:00:00+00:00,t1,2,0.7050000000000001,0.2886757110028382,0.7053314599448676,1.0,0.46587952084773093,0.11499999999999999,6.94,9.006666666666666
2025-12-01 13:00:00+00:00,t2,1,0.7000000000000001,0.2843909506216192,0.7017874268430522,0.9891264261795881,0.46587952084773093,0.15166666666666667,6.85,8.995
2025-12-01 13:00:00+00:00,t2,2,0.7000000000000001,0.2813029255450535,0.7030495166481042,1.0,0.46587952084773093,0.09666666666666666,6.94,8.995
2025-12-01 14:00:00+00:00,t1,1,0.9083333333333333,0.2992988154315944,0.6405963825259213,0.9936441421854942,0.533438938580799,0.125,7.25,10.266666666666667
2025-12-01 14:00:00+00:00,t1,2,0.9083333333333333,0.3286363047379332,0.6051285376734665,1.0,0.533438938580799,0.065,7.39,10.266666666666667
2025-12-01 14:00:00+00:00,t2,1,0.8983333333333333,0.29520053520865774,0.6337935264917961,0.990564741994043,0.533438938580799,0.12,7.25,10.261666666666667
2025-12-01 14:00:00+00:00,t2,2,0.8983333333333333,0.3177772708962559,0.5983256816393413,1.0,0.533438938580799,0.06666666666666667,7.39,10.261666666666667
2025-12-01 15:00:00+00:00,t1,1,0.9899999999999999,0.31276454818238614,0.6875363918058143,0.9716482374203033,0.5595838549817422,0.03666666666666667,7.77,11.799999999999999
2025-12-01 15:00:00+00:00,t1,2,0.9899999999999999,0.3389719528868352,0.6317619424825115,1.0,0.5595838549817422,0.06166666666666667,7.83,11.799999999999999
2025-12-01 15:00:00+00:00,t2,1,0.975,0.3635046424054444,0.680733535771689,0.9690978309439882,0.5595838549817422,0.03666666666666667,7.77,11.340000000000002
2025-12-01 15:00:00+00:00,t2,2,0.975,0.35335533623267357,0.6249590864483863,1.0,0.5595838549817422,0.045000000000000005,7.83,11.340000000000002
2025-12-01 16:00:00+00:00,t1,1,0.9833333333333334,0.333156073833197,0.6641698381117102,0.9428858400561768,0.5595838549817422,0.12,7.92,11.541666666666666
2025-12-01 16:00:00+00:00,t1,2,0.9833333333333334,0.27846098140348724,0.5457166994842634,0.9656115806635694,0.621809413221861,0.045000000000000005,8.08,11.541666666666666
2025-12-01 16:00:00+00:00,t2,1,0.9466666666666667,0.3550517336881655,0.6573669820775849,0.9408249802745922,0.5595838549817422,0.11833333333333335,7.92,11.266666666666666
2025-12-01 16:00:00+00:00,t2,2,0.9466666666666667,0.2921599887403565,0.5418829852861305,0.963088054170619,0.621809413221861,0.023333333333333334,8.08,11.266666666666666
2025-12-01 17:00:00+00:00,t1,1,0.9833333333333334,0.2190480664472746,0.5267004712752779,0.9106674122543266,0.5595838549817422,0.03666666666666667,7.55,11.313333333333333
2025-12-01 17:00:00+00:00,t1,2,0.9833333333333334,0.23021180473907293,0.4925451380122922,0.9423487814779803,0.5595838549817422,0.09666666666666668,7.96,11.313333333333333
2025-12-01 17:00:00+00:00,t2,1,0.9616666666666666,0.25609973124184654,0.5198976152411526,0.9087775709324107,0.5595838549817422,0.035,7.55,11.636666666666665
2025-12-01 17:00:00+00:00,t2,2,0.9616666666666666,0.2599713175301105,0.48871142381415966,0.9410896778172931,0.5595838549817422,0.08,7.96,11.636666666666665
2025-12-01 18:00:00+00:00,t1,1,0.8266666666666667,0.15915868583055312,0.39493616398984405,0.8541137129888097,0.46587952084773093,0.01,6.68,9.82
2025-12-01 18:00:00+00:00,t1,2,0.8266666666666667,0.2193304312516939,0.48888068627189446,0.9269641795548853,0.5595838549817422,0.07833333333333332,7.63,9.82
2025-12-01 18:00:00+00:00,t2,1,0.8816666666666667,0.15939807321242924,0.39459788557991343,0.8532770648872448,0.46587952084773093,0.01,6.68,10.385
2025-12-01 18:00:00+00:00,t2,2,0.8816666666666667,0.2526807394570252,0.4850469720737619,0.9243821329533312,0.5595838549817422,0.07166666666666667,7.63,10.385
2025-12-01 19:00:00+00:00,t1,1,0.65,0.0749255660316782,0.2903688279008332,0.6955195459307568,0.34551812937783266,0.01,5.79,8.821666666666667
2025-12-01 19:00:00+00:00,t1,2,0.65,0.1449938147999245,0.45697214037909367,0.8999317931837982,0.533438938580799,0.02666666666666667,7.22,8.821666666666667
2025-12-01 19:00:00+00:00,t2,1,0.62,0.07700572372961188,0.29003054949090257,0.6950244141095226,0.34551812937783266,0.01,5.79,8.729999999999999
2025-12-01 19:00:00+00:00,t2,2,0.62,0.1572417564733308,0.45663386196916306,0.8985469349847147,0.533438938580799,0.02,7.22,8.729999999999999
2025-12-01 20:00:00+00:00,t1,1,0.645,0.013206197199208087,0.251744522027516,0.5682464667787281,0.24396644031099302,0.01,4.66,8.78
2025-12-01 20:00:00+00:00,t1,2,0.645,0.0804813593135482,0.41373745579056415,0.8566156586735032,0.46587952084773093,0.03666666666666667,6.64,8.78
2025-12-01 20:00:00+00:00,t2,1,0.5316666666666666,0.008704500816064917,0.2514062436175854,0.5678472386832625,0.24396644031099302,0.01,4.66,8.386666666666667
2025-12-01 20:00:00+00:00,t2,2,0.5316666666666666,0.12481993040271955,0.41339917738063353,0.8551042063048772,0.46587952084773093,0.02666666666666667,6.64,8.386666666666667
2025-12-01 21:00:00+00:00,t1,1,0.17333333333333334,0.00568703333683677,0.14194711936186497,0.47838047481316515,0.13303917357062492,0.01,2.66,5.646666666666667
2025-12-01 21:00:00+00:00,t1,2,0.17333333333333334,0.023135878479683736,0.2306764232706796,0.6744933987313891,0.40783563748079876,0.01,6.01,5.646666666666667
2025-12-01 21:00:00+00:00,t2,1,0.14500000000000002,0.011887971184139449,0.13923793729834452,0.4779812467176995,0.13303917357062492,0.008333333333333333,2.66,5.580000000000001
2025-12-01 21:00:00+00:00,t2,2,0.14500000000000002,0.011773104461795789,0.22573694770685307,0.6732946297342144,0.40783563748079876,0.006666666666666667,6.01,5.580000000000001
2025-12-01 22:00:00+00:00,t1,1,0.06833333333333334,0.009535060561803336,0.06757430815385895,0.3889176331370739,0.0898266827891979,0.008333333333333333,1.21,4.1883333333333335
2025-12-01 22:00:00+00:00,t1,2,0.06833333333333334,0.0,0.16580857449773317,0.6285738811179586,0.29666767038040753,0.008333333333333333,5.04,4.1883333333333335
2025-12-01 22:00:00+00:00,t2,1,0.023333333333333334,0.007911968917685181,0.06486512609033858,0.388572722341767,0.0898266827891979,0.008333333333333333,1.21,3.22
2025-12-01 22:00:00+00:00,t2,2,0.023333333333333334,0.0,0.16326943537035687,0.6273751121207839,0.29666767038040753,0.008333333333333333,5.04,3.22
2025-12-01 23:00:00+00:00,t1,1,0.03833333333333334,0.009535060561803336,0.024302063717342906,0.18832129187291644,0.09097294306980487,0.01,0.85,3.7583333333333333
2025-12-01 23:00:00+00:00,t1,2,0.03833333333333334,0.008871908369604055,0.11571731815820781,0.4121950201248905,0.17437129044610378,0.01,3.96,3.7583333333333333
2025-12-01 23:00:00+00:00,t2,1,0.02666666666666667,0.007048762875224435,0.02374311527485131,0.18832129187291644,0.09097294306980487,0.008333333333333333,0.85,3.561666666666667
2025-12-01 23:00:00+00:00,t2,2,0.02666666666666667,0.008814768103473215,0.11300813609468743,0.41151743794768536,0.17437129044610378,0.005,3.96,3.561666666666667
2025-12-02 00:00:00+00:00,t1,1,0.024999999999999998,0.009535060561803336,0.03397004062236614,0.1602298822767965,0.10344010868308474,0.013333333333333334,1.89,2.7899999999999996
2025-12-02 00:00:00+00:00,t1,2,0.024999999999999998,0.008871908369604055,0.12232883383447389,0.33332872842667605,0.10277016520894071,0.01,0.47,2.7899999999999996
2025-12-02 00:00:00+00:00,t2,1,0.024999999999999998,0.007483351635802387,0.03341109217987454,0.1602298822767965,0.10344010868308474,0.011666666666666667,1.89,3.1916666666666664
2025-12-02 00:00:00+00:00,t2,2,0.024999999999999998,0.006955457528176978,0.1217698853919823,0.33332872842667605,0.10277016520894071,0.008333333333333333,0.47,3.1916666666666664
2025-12-02 01:00:00+00:00,t1,1,0.03833333333333334,0.009535060561803336,0.02556267532800165,0.10237710236091155,0.13303917357062492,0.015,2.6,4.303333333333334
2025-12-02 01:00:00+00:00,t1,2,0.03833333333333334,0.008871908369604055,0.03726697783197499,0.1971202108986907,0.10344010868308474,0.01,1.7,4.303333333333334
2025-12-02 01:00:00+00:00,t2,1,0.03333333333333333,0.007757532130212628,0.025003726885510055,0.10237710236091155,0.13303917357062492,0.011666666666666667,2.6,4.415
2025-12-02 01:00:00+00:00,t2,2,0.03333333333333333,0.006551851035073708,0.03670802938948339,0.1971202108986907,0.10344010868308474,0.008333333333333333,1.7,4.415
2025-12-02 02:00:00+00:00,t1,1,0.10666666666666667,0.009535060561803336,0.04375671467972725,0.11740050258047918,0.1459803862401931,0.06333333333333334,3.08,5.283333333333333
2025-12-02 02:00:00+00:00,t1,2,0.10666666666666667,0.008871908369604055,0.03421585587932366,0.16331801039580385,0.10344010868308474,0.01,1.99,5.283333333333333
2025-12-02 02:00:00+00:00,t2,1,0.09999999999999999,0.007906033209250431,0.04328220459648178,0.11740050258047918,0.1459803862401931,0.055,3.08,5.373333333333334
2025-12-02 02:00:00+00:00,t2,2,0.09999999999999999,0.00666758304068191,0.03374134579607819,0.16331801039580385,0.10344010868308474,0.01,1.99,5.373333333333334
2025-12-02 03:00:00+00:00,t1,1,0.13666666666666666,0.009535060561803336,0.04741387627753722,0.15389969310009285,0.17437129044610378,0.07333333333333333,3.56,5.711666666666666
2025-12-02 03:00:00+00:00,t1,2,0.13666666666666666,0.008871908369604055,0.03570786650623333,0.10276812066431391,0.13303917357062492,0.01,2.7,5.711666666666666
2025-12-02 03:00:00+00:00,t2,1,0.14833333333333334,0.007928924383208238,0.04693936619429175,0.15389969310009285,0.17437129044610378,0.06333333333333334,3.56,5.848333333333333
2025-12-02 03:00:00+00:00,t2,2,0.14833333333333334,0.0067774772014940875,0.03523335642298786,0.10276812066431391,0.13303917357062492,0.01,2.7,5.848333333333333
2025-12-02 04:00:00+00:00,t1,1,0.10666666666666667,0.009535060561803336,0.07411278083132315,0.16733280053767297,0.17437129044610378,0.18499999999999997,3.78,5.55
2025-12-02 04:00:00+00:00,t1,2,0.10666666666666667,0.008871908369604055,0.03218476492920475,0.11965476187503495,0.1459803862401931,0.01,3.36,5.55
2025-12-02 04:00:00+00:00,t2,1,0.12833333333333333,0.008096826636005064,0.07363827074807769,0.16733280053767297,0.17437129044610378,0.15333333333333335,3.78,5.831666666666667
2025-12-02 04:00:00+00:00,t2,2,0.12833333333333333,0.006859542020072848,0.03171025484595927,0.11965476187503495,0.1459803862401931,0.01,3.36,5.831666666666667
2025-12-02 05:00:00+00:00,t1,1,0.09999999999999999,0.009535060561803336,0.0503407984172176,0.15395485260733285,0.13303917357062492,0.18333333333333335,2.75,5.133333333333333
2025-12-02 05:00:00+00:00,t1,2,0.09999999999999999,0.008871908369604055,0.039050192521503,0.1424584791614761,0.10431543935643564,0.01,2.45,5.133333333333333
2025-12-02 05:00:00+00:00,t2,1,0.075,0.008072745409167364,0.04986628833397213,0.15395485260733285,0.13303917357062492,0.15666666666666668,2.75,5.076666666666667
2025-12-02 05:00:00+00:00,t2,2,0.075,0.006874714834120747,0.03857568243825753,0.1424584791614761,0.10431543935643564,0.01,2.45,5.076666666666667
2025-12-02 06:00:00+00:00,t1,1,0.09333333333333334,0.009535060561803336,0.05321297460549976,0.10045840299633216,0.13303917357062492,0.13166666666666668,2.77,5.085
2025-12-02 06:00:00+00:00,t1,2,0.09333333333333334,0.008871908369604055,0.04522613855215698,0.0900424219952555,0.10431543935643564,0.01,2.47,5.085
2025-12-02 06:00:00+00:00,t2,1,0.09666666666666668,0.008261243056181608,0.05273846452225429,0.10045840299633216,0.13303917357062492,0.13166666666666668,2.77,5.46
2025-12-02 06:00:00+00:00,t2,2,0.09666666666666668,0.007195967545489379,0.04475162846891151,0.0900424219952555,0.10431543935643564,0.01,2.47,5.46
2025-12-02 07:00:00+00:00,t1,1,0.06666666666666667,0.009535060561803336,0.05372076651930321,0.10639159198576098,0.13303917357062492,0.47833333333333333,2.77,4.538333333333333
2025-12-02 07:00:00+00:00,t1,2,0.06666666666666667,0.008871908369604055,0.041891619203940425,0.09052499935521792,0.10431543935643564,0.013333333333333334,2.29,4.538333333333333
2025-12-02 07:00:00+00:00,t2,1,0.07833333333333332,0.007956111139944615,0.05324625643605774,0.10639159198576098,0.13303917357062492,0.6416666666666667,2.77,4.963333333333334
2025-12-02 07:00:00+00:00,t2,2,0.07833333333333332,0.007225401135140504,0.041417109120694955,0.09052499935521792,0.10431543935643564,0.008333333333333333,2.29,4.963333333333334
2025-12-02 08:00:00+00:00,t1,1,0.03833333333333334,0.009535060561803336,0.05014338274830501,0.09749506929751481,0.13303917357062492,0.9366666666666666,2.75,4.016666666666667
2025-12-02 08:00:00+00:00,t1,2,0.03833333333333334,0.008871908369604055,0.05346772895121713,0.08107131962750465,0.10344010868308474,0.023333333333333334,2.0,4.016666666666667
2025-12-02 08:00:00+00:00,t2,1,0.04666666666666667,0.008492545092649155,0.04966887266505954,0.09749506929751481,0.13303917357062492,0.96,2.75,4.448333333333333
2025-12-02 08:00:00+00:00,t2,2,0.04666666666666667,0.007660579540178984,0.05299321886797166,0.08107131962750465,0.10344010868308474,0.01,2.0,4.448333333333333
2025-12-02 09:00:00+00:00,t1,1,0.06333333333333334,0.009535060561803336,0.05636697130227824,0.1071682386793116,0.13303917357062492,0.9766666666666666,2.65,4.386666666666667
2025-12-02 09:00:00+00:00,t1,2,0.06333333333333334,0.008871908369604055,0.04716567813971824,0.0937370980557238,0.10431543935643564,0.01,2.07,4.386666666666667
2025-12-02 09:00:00+00:00,t2,1,0.07166666666666667,0.009579617055224704,0.05679839154896997,0.1071682386793116,0.13303917357062492,0.9633333333333333,2.65,4.875
2025-12-02 09:00:00+00:00,t2,2,0.07166666666666667,0.007660717038566073,0.04669116805647277,0.0937370980557238,0.10431543935643564,0.011666666666666667,2.07,4.875
2025-12-02 10:00:00+00:00,t1,1,0.045000000000000005,0.009535060561803336,0.10876142257590496,0.1608644197616104,0.1459803862401931,0.8533333333333334,3.02,3.973333333333333
2025-12-02 10:00:00+00:00,t1,2,0.045000000000000005,0.008871908369604055,0.06106022930118321,0.1726820238107586,0.13303917357062492,0.045000000000000005,2.99,3.973333333333333
2025-12-02 10:00:00+00:00,t2,1,0.045000000000000005,0.010898502930256267,0.10844859644493847,0.1608644197616104,0.1459803862401931,0.8733333333333334,3.02,3.9583333333333335
2025-12-02 10:00:00+00:00,t2,2,0.045000000000000005,0.009596939770045379,0.06083220291464264,0.1726820238107586,0.13303917357062492,0.03833333333333334,2.99,3.9583333333333335
2025-12-02 11:00:00+00:00,t1,1,0.011666666666666667,0.009535060561803336,0.09216146471976955,0.21754193097284388,0.17437129044610378,0.6816666666666666,3.66,2.7883333333333336
2025-12-02 11:00:00+00:00,t1,2,0.011666666666666667,0.008871908369604055,0.11383763630442101,0.26156183755165174,0.17437129044610378,0.13666666666666666,3.81,2.7883333333333336
2025-12-02 11:00:00+00:00,t2,1,0.008333333333333333,0.010927755338156707,0.09193343833322898,0.21754193097284388,0.17437129044610378,0.7066666666666667,3.66,2.7983333333333333
2025-12-02 11:00:00+00:00,t2,2,0.008333333333333333,0.009427471625264005,0.11360960991788044,0.2617430545795888,0.17437129044610378,0.145,3.81,2.7983333333333333
2025-12-02 12:00:00+00:00,t1,1,0.01,0.0,0.10313363279549571,0.3238636759971901,0.20381297203510923,0.5983333333333333,4.14,1.4649999999999999
2025-12-02 12:00:00+00:00,t1,2,0.01,0.008871908369604055,0.09262019846654637,0.23760286117059798,0.17437129044610378,0.19333333333333333,3.94,1.4649999999999999
2025-12-02 12:00:00+00:00,t2,1,0.01,0.0,0.10290560640895514,0.32346444790172446,0.20381297203510923,0.5833333333333334,4.14,1.7033333333333331
2025-12-02 12:00:00+00:00,t2,2,0.01,0.01106990175853651,0.0923921720800058,0.23760286117059798,0.17437129044610378,0.18666666666666668,3.94,1.7033333333333331
2025-12-02 13:00:00+00:00,t1,1,0.01,0.009535060561803336,0.0873331159831648,0.18139146193903574,0.17437129044610378,0.7050000000000001,3.98,1.3116666666666668
2025-12-02 13:00:00+00:00,t1,2,0.01,0.0,0.1126263054404428,0.2674467780299424,0.20381297203510923,0.15833333333333335,4.08,1.3116666666666668
2025-12-02 13:00:00+00:00,t2,1,0.01,0.007344298099679096,0.08670353659624627,0.18115723885704602,0.17437129044610378,0.7000000000000001,3.98,1.4166666666666667
2025-12-02 13:00:00+00:00,t2,2,0.01,0.0,0.11199672605352427,0.2674467780299424,0.20381297203510923,0.15166666666666667,4.08,1.4166666666666667
2025-12-02 14:00:00+00:00,t1,1,0.01,0.009535060561803336,0.06126875732368681,0.18333720411371793,0.17437129044610378,0.9083333333333333,3.6,1.75
2025-12-02 14:00:00+00:00,t1,2,0.01,0.008871908369604055,0.11638634291171107,0.25955221737272777,0.17437129044610378,0.125,3.97,1.75
2025-12-02 14:00:00+00:00,t2,1,0.008333333333333333,0.008583525939601265,0.060639177936768256,0.1831029810317282,0.17437129044610378,0.8983333333333333,3.6,1.9866666666666666
2025-12-02 14:00:00+00:00,t2,2,0.008333333333333333,0.008545149156990896,0.11575676352479254,0.25955221737272777,0.17437129044610378,0.12,3.97,1.9866666666666666
2025-12-02 15:00:00+00:00,t1,1,0.01,0.009535060561803336,0.04566388502174936,0.2142623598769439,0.1459803862401931,0.9899999999999999,3.03,3.17
2025-12-02 15:00:00+00:00,t1,2,0.01,0.008871908369604055,0.082457764240235,0.25664912602578915,0.1459803862401931,0.03666666666666667,3.26,3.17
2025-12-02 15:00:00+00:00,t2,1,0.006666666666666667,0.007965595598822752,0.04503430563483081,0.21402813679495417,0.1459803862401931,0.975,3.03,3.3699999999999997
2025-12-02 15:00:00+00:00,t2,2,0.006666666666666667,0.008821269393728093,0.08182818485331647,0.25641490294379937,0.1459803862401931,0.03666666666666667,3.26,3.3699999999999997
2025-12-02 16:00:00+00:00,t1,1,0.013333333333333334,0.009535060561803336,0.044001615520949576,0.09923383302582114,0.10431543935643564,0.9833333333333334,2.15,3.69
2025-12-02 16:00:00+00:00,t1,2,0.013333333333333334,0.008871908369604055,0.04369107103153652,0.17232689159743134,0.10431543935643564,0.12,2.32,3.69
2025-12-02 16:00:00+00:00,t2,1,0.011666666666666667,0.008408925124723332,0.043372036134031025,0.09905392724399015,0.10431543935643564,0.9466666666666667,2.15,3.9316666666666666
2025-12-02 16:00:00+00:00,t2,2,0.011666666666666667,0.008594697506791598,0.04306149164461797,0.17903394694627864,0.10431543935643564,0.11833333333333335,2.32,3.9316666666666666
2025-12-02 17:00:00+00:00,t1,1,0.01,0.009535060561803336,0.021746256347019592,0.0491360713547317,0.0898266827891979,0.9833333333333334,1.41,2.391666666666667
2025-12-02 17:00:00+00:00,t1,2,0.01,0.008871908369604055,0.023088020790644367,0.07442081496835029,0.10344010868308474,0.03666666666666667,1.78,2.391666666666667
2025-12-02 17:00:00+00:00,t2,1,0.008333333333333333,0.009087956965859097,0.021116676960101048,0.0489561655729007,0.0898266827891979,0.9616666666666666,1.41,2.533333333333333
2025-12-02 17:00:00+00:00,t2,2,0.008333333333333333,0.007541880450907054,0.022458441403725826,0.07455258508516441,0.10344010868308474,0.035,1.78,2.533333333333333
2025-12-02 18:00:00+00:00,t1,1,0.01,0.009535060561803336,0.015086709210711277,0.03372046299639877,0.09097294306980487,0.8266666666666667,0.68,0.6933333333333334
2025-12-02 18:00:00+00:00,t1,2,0.01,0.008871908369604055,0.023624018652097775,0.06857719275175883,0.09097294306980487,0.01,0.76,0.6933333333333334
2025-12-02 18:00:00+00:00,t2,1,0.01,0.00863086850690629,0.014527760768219676,0.03372046299639877,0.09097294306980487,0.8816666666666667,0.68,0.6699999999999999
2025-12-02 18:00:00+00:00,t2,2,0.01,0.007722838953450004,0.02306507020960618,0.06857719275175883,0.09097294306980487,0.01,0.76,0.6699999999999999
2025-12-02 19:00:00+00:00,t1,1,0.011666666666666667,0.009535060561803336,0.035768755383116205,0.16058522102694792,0.0898266827891979,0.65,1.04,2.375
2025-12-02 19:00:00+00:00,t1,2,0.011666666666666667,0.008871908369604055,0.03138272059583182,0.16468511193317154,0.0898266827891979,0.01,1.06,2.375
2025-12-02 19:00:00+00:00,t2,1,0.015,0.007958407978064125,0.03489269229949277,0.16058522102694792,0.0898266827891979,0.62,1.04,2.535
2025-12-02 19:00:00+00:00,t2,2,0.015,0.007254420805072588,0.028673538532311416,0.16468511193317154,0.0898266827891979,0.01,1.06,2.535
2025-12-02 20:00:00+00:00,t1,1,0.11166666666666668,0.009535060561803336,0.06177634764879122,0.16557156560834682,0.10431543935643564,0.645,2.28,5.14
2025-12-02 20:00:00+00:00,t1,2,0.11166666666666668,0.008871908369604055,0.04279681137413825,0.11494913713909342,0.10431543935643564,0.01,2.31,5.14
2025-12-02 20:00:00+00:00,t2,1,0.10333333333333333,0.007648389857848931,0.061217399206299636,0.16557156560834682,0.10431543935643564,0.5316666666666666,2.28,5.196666666666666
2025-12-02 20:00:00+00:00,t2,2,0.10333333333333333,0.007076440100021812,0.04223786293164666,0.11494913713909342,0.10431543935643564,0.01,2.31,5.196666666666666
2025-12-02 21:00:00+00:00,t1,1,0.19499999999999998,0.0,0.08068754800685336,0.32153842604948674,0.20381297203510923,0.17333333333333334,4.1,6.273333333333333
2025-12-02 21:00:00+00:00,t1,2,0.19499999999999998,0.008871908369604055,0.03736780361159757,0.194823028585462,0.17437129044610378,0.01,3.65,6.273333333333333
2025-12-02 21:00:00+00:00,t2,1,0.17333333333333334,0.0,0.07797836594333299,0.32113919795402107,0.20381297203510923,0.14500000000000002,4.1,6.133333333333333
2025-12-02 21:00:00+00:00,t2,2,0.17333333333333334,0.008211788493421439,0.03465862154807717,0.19442380048999638,0.17437129044610378,0.008333333333333333,3.65,6.133333333333333
2025-12-02 22:00:00+00:00,t1,1,0.22,0.0,0.09347207021861355,0.29434862771815595,0.24396644031099302,0.06833333333333334,4.9,6.148333333333333
2025-12-02 22:00:00+00:00,t1,2,0.22,0.0,0.05113493151796003,0.21153727534395456,0.20381297203510923,0.008333333333333333,4.24,6.148333333333333
2025-12-02 22:00:00+00:00,t2,1,0.20166666666666666,0.0,0.09076288815509317,0.2939493996226903,0.24396644031099302,0.023333333333333334,4.9,5.988333333333333
2025-12-02 22:00:00+00:00,t2,2,0.20166666666666666,0.0,0.04842574945443963,0.21113804724848895,0.20381297203510923,0.008333333333333333,4.24,5.988333333333333
2025-12-02 23:00:00+00:00,t1,1,0.3066666666666667,0.01072516262822263,0.16203076911727435,0.4468975550142655,0.29666767038040753,0.03833333333333334,5.01,6.8066666666666675
2025-12-02 23:00:00+00:00,t1,2,0.3066666666666667,0.0,0.07162234673176032,0.27907595974046123,0.20381297203510923,0.01,4.29,6.8066666666666675
2025-12-02 23:00:00+00:00,t2,1,0.30833333333333335,0.0,0.1593215870537539,0.4459542858595161,0.29666767038040753,0.02666666666666667,5.01,6.788333333333334
2025-12-02 23:00:00+00:00,t2,2,0.30833333333333335,0.0,0.06891316466823993,0.27867673164499557,0.20381297203510923,0.008333333333333333,4.29,6.788333333333334
2025-12-03 00:00:00+00:00,t1,1,0.37833333333333335,0.0038200351941862186,0.04614416287662233,0.40581010814257706,0.29666767038040753,0.024999999999999998,5.38,6.831666666666667
2025-12-03 00:00:00+00:00,t1,2,0.37833333333333335,0.0,0.1061710763354008,0.42339150737872633,0.20381297203510923,0.013333333333333334,4.27,6.831666666666667
2025-12-03 00:00:00+00:00,t2,1,0.32166666666666666,0.0,0.043605023749246116,0.40539471747301853,0.29666767038040753,0.024999999999999998,5.38,6.625
2025-12-03 00:00:00+00:00,t2,2,0.32166666666666666,0.0,0.10346189427188042,0.42299227928326066,0.20381297203510923,0.011666666666666667,4.27,6.625
2025-12-03 01:00:00+00:00,t1,1,0.38833333333333336,0.00238872290046856,0.06524727468904658,0.4688320887760699,0.34551812937783266,0.03833333333333334,5.59,6.916666666666667
2025-12-03 01:00:00+00:00,t1,2,0.38833333333333336,0.0,0.11481434073085779,0.37357166295211897,0.20381297203510923,0.015,4.41,6.916666666666667
2025-12-03 01:00:00+00:00,t2,1,0.34500000000000003,0.0,0.06270813556167036,0.46841669810651126,0.34551812937783266,0.03333333333333333,5.59,6.906666666666666
2025-12-03 01:00:00+00:00,t2,2,0.34500000000000003,0.0,0.11210515866733742,0.3731724348566533,0.20381297203510923,0.011666666666666667,4.41,6.906666666666666
2025-12-03 02:00:00+00:00,t1,1,0.6466666666666666,0.013806493798589316,0.12874014897865668,0.492018482301441,0.34551812937783266,0.10666666666666667,5.65,8.511666666666667
2025-12-03 02:00:00+00:00,t1,2,0.6466666666666666,0.0,0.16429481513997327,0.47942779220558623,0.24396644031099302,0.06333333333333334,4.97,8.511666666666667
2025-12-03 02:00:00+00:00,t2,1,0.5516666666666666,0.0,0.12660256285165836,0.49107521314669167,0.34551812937783266,0.09999999999999999,5.65,8.155
2025-12-03 02:00:00+00:00,t2,2,0.5516666666666666,0.0,0.15949846255884728,0.4785006856249298,0.24396644031099302,0.055,4.97,8.155
2025-12-03 03:00:00+00:00,t1,1,0.7083333333333334,0.0,0.1747281794563088,0.6256576397168703,0.34551812937783266,0.13666666666666666,5.62,8.961666666666666
2025-12-03 03:00:00+00:00,t1,2,0.7083333333333334,0.0,0.17143424081684083,0.61655789856292,0.24396644031099302,0.07333333333333333,4.84,8.961666666666666
2025-12-03 03:00:00+00:00,t2,1,0.6316666666666667,0.0,0.17259059332931048,0.6250969616080766,0.34551812937783266,0.14833333333333334,5.62,8.514999999999999
2025-12-03 03:00:00+00:00,t2,2,0.6316666666666667,0.0,0.16663788823571485,0.6156146294081706,0.24396644031099302,0.06333333333333334,4.84,8.514999999999999
2025-12-03 04:00:00+00:00,t1,1,0.6283333333333333,0.020666069980948436,0.21786800935993839,0.7071859629544895,0.40783563748079876,0.10666666666666667,6.07,8.365
2025-12-03 04:00:00+00:00,t1,2,0.6283333333333333,0.0,0.24665461870772457,0.703502743579798,0.29666767038040753,0.18499999999999997,5.19,8.365
2025-12-03 04:00:00+00:00,t2,1,0.6066666666666667,0.008795467365331221,0.21573042323294006,0.7066414474197888,0.40783563748079876,0.12833333333333333,6.07,8.368333333333332
2025-12-03 04:00:00+00:00,t2,2,0.6066666666666667,0.0,0.24426218990015627,0.7029582280450973,0.29666767038040753,0.15333333333333335,5.19,8.368333333333332
2025-12-03 05:00:00+00:00,t1,1,0.27999999999999997,0.01645606390663465,0.25176855272768545,0.7915327282326308,0.20381297203510923,0.09999999999999999,4.41,6.403333333333333
2025-12-03 05:00:00+00:00,t1,2,0.27999999999999997,0.0,0.1819560332510291,0.7258082901169477,0.20381297203510923,0.18333333333333335,4.41,6.403333333333333
2025-12-03 05:00:00+00:00,t2,1,0.3383333333333334,0.005418096411647026,0.2512834933626425,0.7915327282326308,0.20381297203510923,0.075,4.41,6.94
2025-12-03 05:00:00+00:00,t2,2,0.3383333333333334,0.0,0.18147097388598615,0.7258082901169477,0.20381297203510923,0.15666666666666668,4.41,6.94
2025-12-03 06:00:00+00:00,t1,1,0.20000000000000004,0.038205850088441164,0.20660951718267923,0.6748024404651676,0.24396644031099302,0.09333333333333334,4.67,5.773333333333333
2025-12-03 06:00:00+00:00,t1,2,0.20000000000000004,0.07025777170858376,0.22708627781867682,0.7506381097373992,0.24396644031099302,0.13166666666666668,4.76,5.773333333333333
2025-12-03 06:00:00+00:00,t2,1,0.17166666666666666,0.010507965757448397,0.2069227912936892,0.6748024404651676,0.24396644031099302,0.09666666666666668,4.67,5.851666666666667
2025-12-03 06:00:00+00:00,t2,2,0.17166666666666666,0.012023876058634468,0.22660121845363387,0.7506381097373992,0.24396644031099302,0.13166666666666668,4.76,5.851666666666667
2025-12-03 07:00:00+00:00,t1,1,0.26666666666666666,0.03777127720172098,0.22122987397345664,0.6755235679930324,0.24396644031099302,0.06666666666666667,4.52,6.57
2025-12-03 07:00:00+00:00,t1,2,0.26666666666666666,0.07080482597893578,0.2391950192239149,0.7441029930415887,0.24396644031099302,0.47833333333333333,4.65,6.57
2025-12-03 07:00:00+00:00,t2,1,0.29000000000000004,0.006052438055400816,0.22154314808446662,0.6755235679930324,0.24396644031099302,0.07833333333333332,4.52,6.883333333333333
2025-12-03 07:00:00+00:00,t2,2,0.29000000000000004,0.00972191477297328,0.2387099598588719,0.7441029930415887,0.24396644031099302,0.6416666666666667,4.65,6.883333333333333
2025-12-03 08:00:00+00:00,t1,1,0.3183333333333333,0.03508144481734958,0.2580984944200464,0.6456972791946967,0.20381297203510923,0.03833333333333334,4.25,6.81
2025-12-03 08:00:00+00:00,t1,2,0.3183333333333333,0.04514177098193002,0.26780171254546,0.7196100030750641,0.20381297203510923,0.9366666666666666,4.2,6.81
2025-12-03 08:00:00+00:00,t2,1,0.31333333333333335,0.008311812280372657,0.25841176853105635,0.6456972791946967,0.20381297203510923,0.04666666666666667,4.25,7.108333333333333
2025-12-03 08:00:00+00:00,t2,2,0.31333333333333335,0.009072621184044012,0.26731665318041703,0.7196100030750641,0.20381297203510923,0.96,4.2,7.108333333333333
2025-12-03 09:00:00+00:00,t1,1,0.17166666666666666,0.05597859270611241,0.26211427964305983,0.672885640422611,0.17437129044610378,0.06333333333333334,3.83,5.751666666666666
2025-12-03 09:00:00+00:00,t1,2,0.17166666666666666,0.04741665005964735,0.24332920567816954,0.6701075812148802,0.17437129044610378,0.9766666666666666,3.58,5.751666666666666
2025-12-03 09:00:00+00:00,t2,1,0.17500000000000002,0.02834317598678633,0.2616292202780169,0.672885640422611,0.17437129044610378,0.07166666666666667,3.83,5.996666666666666
2025-12-03 09:00:00+00:00,t2,2,0.17500000000000002,0.028279138238381994,0.2428441463131266,0.6701075812148802,0.17437129044610378,0.9633333333333333,3.58,5.996666666666666
2025-12-03 10:00:00+00:00,t1,1,0.11666666666666665,0.04084627746867634,0.30379968597794726,0.713774188462977,0.20381297203510923,0.045000000000000005,4.16,5.196666666666666
2025-12-03 10:00:00+00:00,t1,2,0.11666666666666665,0.0484531616382831,0.29859445703820203,0.6766560227865986,0.17437129044610378,0.8533333333333334,3.75,5.196666666666666
2025-12-03 10:00:00+00:00,t2,1,0.11666666666666665,0.011653916884665355,0.301407257170379,0.7139554054909141,0.20381297203510923,0.045000000000000005,4.16,5.48
2025-12-03 10:00:00+00:00,t2,2,0.11666666666666665,0.025981988719055927,0.2964934212091068,0.6768372398145357,0.17437129044610378,0.8733333333333334,3.75,5.48
2025-12-03 11:00:00+00:00,t1,1,0.11666666666666665,0.021611164013887713,0.3198011805356207,0.6160834775474741,0.20381297203510923,0.011666666666666667,4.37,5.363333333333333
2025-12-03 11:00:00+00:00,t1,2,0.11666666666666665,0.0625077668995932,0.31200399566572534,0.6829215385027734,0.17437129044610378,0.6816666666666666,3.66,5.363333333333333
2025-12-03 11:00:00+00:00,t2,1,0.12166666666666666,0.004120879292431122,0.3174935514724784,0.6162646945754111,0.20381297203510923,0.008333333333333333,4.37,5.4816666666666665
2025-12-03 11:00:00+00:00,t2,2,0.12166666666666666,0.028490298132238186,0.30990295983663013,0.6831027555307104,0.17437129044610378,0.7066666666666667,3.66,5.4816666666666665
2025-12-03 12:00:00+00:00,t1,1,0.15,0.029168457346923575,0.2470315836612276,0.6061610097475862,0.20381297203510923,0.01,4.16,5.648333333333333
2025-12-03 12:00:00+00:00,t1,2,0.15,0.05991629104945083,0.320140422967147,0.6732661785275921,0.17437129044610378,0.5983333333333333,3.94,5.648333333333333
2025-12-03 12:00:00+00:00,t2,1,0.18666666666666668,0.005512478289241521,0.24472395459808513,0.6057617816521206,0.20381297203510923,0.01,4.16,5.938333333333333
2025-12-03 12:00:00+00:00,t2,2,0.18666666666666668,0.03053753260333548,0.3178327939040047,0.6728669504321264,0.17437129044610378,0.5833333333333334,3.94,5.938333333333333
2025-12-03 13:00:00+00:00,t1,1,0.3,0.061590834285158096,0.30048938446202444,0.5851405159873353,0.17437129044610378,0.01,3.84,6.484999999999999
2025-12-03 13:00:00+00:00,t1,2,0.3,0.01757299746218574,0.32036627457262895,0.6453734640964401,0.20381297203510923,0.7050000000000001,4.4,6.484999999999999
2025-12-03 13:00:00+00:00,t2,1,0.3016666666666667,0.02215979817447511,0.29778020239850417,0.585013435490638,0.17437129044610378,0.01,3.84,6.676666666666667
2025-12-03 13:00:00+00:00,t2,2,0.3016666666666667,0.00200367976115335,0.3176570925091087,0.6449580734268815,0.20381297203510923,0.7000000000000001,4.4,6.676666666666667
2025-12-03 14:00:00+00:00,t1,1,0.43333333333333335,0.030995689793094777,0.28982226082436957,0.6209145593271341,0.20381297203510923,0.01,4.16,7.555
2025-12-03 14:00:00+00:00,t1,2,0.43333333333333335,0.03894004265465505,0.28955550770429517,0.7148174371282986,0.29666767038040753,0.9083333333333333,5.24,7.555
2025-12-03 14:00:00+00:00,t2,1,0.3933333333333333,0.0069723526461369575,0.2871130787608493,0.6209145593271341,0.20381297203510923,0.008333333333333333,4.16,7.181666666666666
2025-12-03 14:00:00+00:00,t2,2,0.3933333333333333,0.009632944419601157,0.28701636857691903,0.7138741679735492,0.29666767038040753,0.8983333333333333,5.24,7.181666666666666
2025-12-03 15:00:00+00:00,t1,1,0.365,0.042796891016471945,0.2584120550650256,0.6154916488798639,0.24396644031099302,0.01,4.65,6.88
2025-12-03 15:00:00+00:00,t1,2,0.365,0.06333364729182693,0.33945839666867095,0.6926828773837199,0.29666767038040753,0.9899999999999999,5.47,6.88
2025-12-03 15:00:00+00:00,t2,1,0.295,0.008953184308392703,0.2558729159376495,0.6150762582103052,0.24396644031099302,0.006666666666666667,4.65,6.535
2025-12-03 15:00:00+00:00,t2,2,0.295,0.016470150715027575,0.3369192575412948,0.6917396082289705,0.29666767038040753,0.975,5.47,6.535
2025-12-03 16:00:00+00:00,t1,1,0.265,0.051071977623487363,0.271424827625465,0.6019286027643771,0.29666767038040753,0.013333333333333334,5.16,6.098333333333334
2025-12-03 16:00:00+00:00,t1,2,0.265,0.06952911527123826,0.4144327976411261,0.7415232582190648,0.29666767038040753,0.9833333333333334,5.49,6.098333333333334
2025-12-03 16:00:00+00:00,t2,1,0.19333333333333336,0.017075106727898484,0.26888568849808886,0.6009853336096277,0.29666767038040753,0.011666666666666667,5.16,5.603333333333333
2025-12-03 16:00:00+00:00,t2,2,0.19333333333333336,0.024083545753515095,0.4092348920596223,0.7405799890643154,0.29666767038040753,0.9466666666666667,5.49,5.603333333333333
2025-12-03 17:00:00+00:00,t1,1,0.18166666666666667,0.03335090354542674,0.19389019286113668,0.5640172433460094,0.34551812937783266,0.01,5.64,5.948333333333333
2025-12-03 17:00:00+00:00,t1,2,0.18166666666666667,0.06925035198848528,0.4051374457041298,0.751533304834579,0.34551812937783266,0.9833333333333334,5.52,5.948333333333333
2025-12-03 17:00:00+00:00,t2,1,0.16333333333333333,0.012449910520863555,0.19135105373376038,0.5630573371417501,0.34551812937783266,0.008333333333333333,5.64,5.853333333333333
2025-12-03 17:00:00+00:00,t2,2,0.16333333333333333,0.03254574156713612,0.399939540122626,0.7505900356798296,0.34551812937783266,0.9616666666666666,5.52,5.853333333333333
2025-12-03 18:00:00+00:00,t1,1,0.3116666666666667,0.012962567435953497,0.09953882092120223,0.6026997438634755,0.40783563748079876,0.01,6.15,7.048333333333333
2025-12-03 18:00:00+00:00,t1,2,0.3116666666666667,0.046587441481336866,0.37675106924181895,0.811796478395046,0.34551812937783266,0.8266666666666667,5.68,7.048333333333333
2025-12-03 18:00:00+00:00,t2,1,0.355,0.0,0.09797494135537507,0.6022843531939168,0.40783563748079876,0.01,6.15,7.23
2025-12-03 18:00:00+00:00,t2,2,0.355,0.024325202235785263,0.37641279083188833,0.8108365721907866,0.34551812937783266,0.8816666666666667,5.68,7.23
2025-12-03 19:00:00+00:00,t1,1,0.18500000000000003,0.004367945734659064,0.18909493767682053,0.6206644712388721,0.40783563748079876,0.011666666666666667,6.19,5.718333333333334
2025-12-03 19:00:00+00:00,t1,2,0.18500000000000003,0.058752523439098134,0.41473257529363433,0.8301825370352942,0.29666767038040753,0.65,5.3,5.718333333333334
2025-12-03 19:00:00+00:00,t2,1,0.13999999999999999,0.0,0.18875665926688978,0.6202652431434065,0.40783563748079876,0.015,6.19,5.496666666666667
2025-12-03 19:00:00+00:00,t2,2,0.13999999999999999,0.03389372073565761,0.40953466971213054,0.8292392678805448,0.29666767038040753,0.62,5.3,5.496666666666667
2025-12-03 20:00:00+00:00,t1,1,0.09999999999999999,0.016665088767953563,0.2636866708571903,0.6610983097196266,0.20381297203510923,0.11166666666666668,4.24,4.64
2025-12-03 20:00:00+00:00,t1,2,0.09999999999999999,0.04634711307183899,0.3691834787323632,0.7615411390145477,0.29666767038040753,0.645,5.3,4.64
2025-12-03 20:00:00+00:00,t2,1,0.08166666666666667,0.0,0.2584887652756865,0.6606990816241609,0.20381297203510923,0.10333333333333333,4.24,4.591666666666667
2025-12-03 20:00:00+00:00,t2,2,0.08166666666666667,0.0401975691994621,0.36884520032243256,0.7610298446192205,0.29666767038040753,0.5316666666666666,5.3,4.591666666666667
2025-12-03 21:00:00+00:00,t1,1,0.17833333333333334,0.0,0.12226217571087777,0.505443625593518,0.20381297203510923,0.19499999999999998,4.02,5.458333333333333
2025-12-03 21:00:00+00:00,t1,2,0.17833333333333334,0.07537410254818394,0.42745272898341574,0.8409369576468151,0.34551812937783266,0.17333333333333334,5.91,5.458333333333333
2025-12-03 21:00:00+00:00,t2,1,0.13999999999999999,0.0,0.11972303658350147,0.5050443974980523,0.20381297203510923,0.17333333333333334,4.02,5.31
2025-12-03 21:00:00+00:00,t2,2,0.13999999999999999,0.06768650132817376,0.4249135898560396,0.8404256632514879,0.34551812937783266,0.14500000000000002,5.91,5.31
2025-12-03 22:00:00+00:00,t1,1,0.15166666666666667,0.0008255059812347261,0.13110054166891788,0.5080663830862624,0.24396644031099302,0.22,4.56,5.5
2025-12-03 22:00:00+00:00,t1,2,0.15166666666666667,0.06391005029938357,0.4073059604908344,0.8768974645960332,0.40783563748079876,0.06833333333333334,6.25,5.5
2025-12-03 22:00:00+00:00,t2,1,0.14,0.0,0.12856140254154164,0.5080663830862624,0.24396644031099302,0.20166666666666666,4.56,5.544999999999999
2025-12-03 22:00:00+00:00,t2,2,0.14,0.059786854687355076,0.40476682136345826,0.8767853982961717,0.40783563748079876,0.023333333333333334,6.25,5.544999999999999
2025-12-03 23:00:00+00:00,t1,1,0.09333333333333332,0.018756888660691445,0.1736658042658437,0.5632667456162288,0.1459803862401931,0.3066666666666667,3.41,5.028333333333333
2025-12-03 23:00:00+00:00,t1,2,0.09333333333333332,0.04732380633715798,0.32859871094092075,0.7763512889739509,0.40783563748079876,0.03833333333333334,6.33,5.028333333333333
2025-12-03 23:00:00+00:00,t2,1,0.075,0.011286295624185505,0.16846789868433973,0.5632667456162288,0.1459803862401931,0.30833333333333335,3.41,4.925
2025-12-03 23:00:00+00:00,t2,2,0.075,0.04653409187624201,0.32605957181354456,0.7758399945786237,0.40783563748079876,0.02666666666666667,6.33,4.925
2025-12-04 00:00:00+00:00,t1,1,0.105,0.0,0.09083946727727375,0.5182935050282601,0.24396644031099302,0.37833333333333335,4.69,5.316666666666666
2025-12-04 00:00:00+00:00,t1,2,0.105,0.0005697876801303535,0.3198881682821878,0.7155331908318349,0.29666767038040753,0.024999999999999998,5.49,5.316666666666666
2025-12-04 00:00:00+00:00,t2,1,0.08,0.0,0.08830032814989754,0.5178942769327944,0.24396644031099302,0.32166666666666666,4.69,5.165
2025-12-04 00:00:00+00:00,t2,2,0.08,0.0,0.31734902915481167,0.7145670781446043,0.29666767038040753,0.024999999999999998,5.49,5.165
2025-12-04 01:00:00+00:00,t1,1,0.10166666666666667,0.0,0.08749504194460925,0.45377297039530584,0.24396644031099302,0.38833333333333336,4.71,4.675
2025-12-04 01:00:00+00:00,t1,2,0.10166666666666667,0.0,0.2818492471771813,0.6963245118157927,0.29666767038040753,0.03833333333333334,5.1,4.675
2025-12-04 01:00:00+00:00,t2,1,0.075,0.0,0.08495590281723303,0.4536458898986085,0.24396644031099302,0.34500000000000003,4.71,4.371666666666667
2025-12-04 01:00:00+00:00,t2,2,0.075,0.0,0.27931010804980516,0.6953646056115333,0.29666767038040753,0.03333333333333333,5.1,4.371666666666667
2025-12-04 02:00:00+00:00,t1,1,0.165,0.00035654053336801883,0.10259948221328832,0.45156101035701135,0.24396644031099302,0.6466666666666666,4.71,5.396666666666667
2025-12-04 02:00:00+00:00,t1,2,0.165,0.017057145094215256,0.22076477311715517,0.6475231149859277,0.34551812937783266,0.10666666666666667,5.54,5.396666666666667
2025-12-04 02:00:00+00:00,t2,1,0.115,0.0,0.10046189608629007,0.45154484778291837,0.24396644031099302,0.5516666666666666,4.71,4.9816666666666665
2025-12-04 02:00:00+00:00,t2,2,0.115,0.0,0.21862718699015685,0.6468515189545297,0.34551812937783266,0.09999999999999999,5.54,4.9816666666666665
2025-12-04 03:00:00+00:00,t1,1,0.19999999999999998,0.0,0.08060852382663188,0.4929739855569937,0.29666767038040753,0.7083333333333334,5.3,5.813333333333333
2025-12-04 03:00:00+00:00,t1,2,0.19999999999999998,0.027935802894977164,0.3353281041462862,0.8011602808978346,0.24396644031099302,0.13666666666666666,4.77,5.813333333333333
2025-12-04 03:00:00+00:00,t2,1,0.17,0.0,0.0784709376996336,0.4929578229829007,0.29666767038040753,0.6316666666666667,5.3,5.698333333333333
2025-12-04 03:00:00+00:00,t2,2,0.17,0.010645908307441741,0.3305317515651604,0.8011602808978346,0.24396644031099302,0.14833333333333334,4.77,5.698333333333333
2025-12-04 04:00:00+00:00,t1,1,0.115,0.008939084726670602,0.09863664553627734,0.5668734943619548,0.34551812937783266,0.6283333333333333,5.52,4.885000000000001
2025-12-04 04:00:00+00:00,t1,2,0.115,0.0,0.18428636599513262,0.6699565394181614,0.24396644031099302,0.10666666666666667,4.9,4.885000000000001
2025-12-04 04:00:00+00:00,t2,1,0.09666666666666666,0.0,0.09833217838917603,0.5668573317878618,0.34551812937783266,0.6066666666666667,5.52,4.851666666666667
2025-12-04 04:00:00+00:00,t2,2,0.09666666666666666,0.0,0.18380130663008967,0.6693958613093677,0.24396644031099302,0.12833333333333333,4.9,4.851666666666667
2025-12-04 05:00:00+00:00,t1,1,0.05833333333333333,0.013564922753366536,0.15802130466744263,0.6606643667885725,0.34551812937783266,0.27999999999999997,5.76,3.92
2025-12-04 05:00:00+00:00,t1,2,0.05833333333333333,0.00899010327647215,0.22307551924496632,0.779523539718027,0.40783563748079876,0.09999999999999999,6.02,3.92
2025-12-04 05:00:00+00:00,t2,1,0.041666666666666664,0.0,0.15771683752034127,0.6606482042144796,0.34551812937783266,0.3383333333333334,5.76,3.7416666666666667
2025-12-04 05:00:00+00:00,t2,2,0.041666666666666664,0.01286862137187314,0.22259045987992337,0.7789956612328363,0.40783563748079876,0.075,6.02,3.7416666666666667
2025-12-04 06:00:00+00:00,t1,1,0.021666666666666667,0.0393320380243612,0.22380707772856884,0.7667829595798669,0.34551812937783266,0.20000000000000004,5.54,3.1350000000000002
2025-12-04 06:00:00+00:00,t1,2,0.021666666666666667,0.008622601128282677,0.20002777101020078,0.7066892635102555,0.24396644031099302,0.09333333333333334,4.57,3.1350000000000002
2025-12-04 06:00:00+00:00,t2,1,0.021666666666666667,0.021325041076454783,0.2233220183635259,0.7662550810946761,0.34551812937783266,0.17166666666666666,5.54,3.608333333333333
2025-12-04 06:00:00+00:00,t2,2,0.021666666666666667,0.0,0.19954271164515783,0.7066892635102555,0.24396644031099302,0.09666666666666668,4.57,3.608333333333333
2025-12-04 07:00:00+00:00,t1,1,0.04,0.025007380265204035,0.19093451869217384,0.7033142150286187,0.24396644031099302,0.26666666666666666,4.73,3.81
2025-12-04 07:00:00+00:00,t1,2,0.04,0.0,0.125777560598972,0.43297055606690943,0.20381297203510923,0.06666666666666667,4.18,3.81
2025-12-04 07:00:00+00:00,t2,1,0.043333333333333335,0.0074941985899530245,0.1904494593271309,0.7033142150286187,0.24396644031099302,0.29000000000000004,4.73,4.085
2025-12-04 07:00:00+00:00,t2,2,0.043333333333333335,0.0,0.12529250123392904,0.43297055606690943,0.20381297203510923,0.07833333333333332,4.18,4.085
2025-12-04 08:00:00+00:00,t1,1,0.043333333333333335,0.009535060561803336,0.1915921006718609,0.4644558106786035,0.17437129044610378,0.3183333333333333,3.84,3.956666666666667
2025-12-04 08:00:00+00:00,t1,2,0.043333333333333335,0.008871908369604055,0.16136302056780324,0.40655391213253383,0.17437129044610378,0.03833333333333334,3.76,3.956666666666667
2025-12-04 08:00:00+00:00,t2,1,0.041666666666666664,0.024404042897467303,0.19110704130681794,0.4644558106786035,0.17437129044610378,0.31333333333333335,3.84,4.041666666666667
2025-12-04 08:00:00+00:00,t2,2,0.041666666666666664,0.012327090552289302,0.16074245448021013,0.40655391213253383,0.17437129044610378,0.04666666666666667,3.76,4.041666666666667
2025-12-04 09:00:00+00:00,t1,1,0.051666666666666666,0.009535060561803336,0.20716797290619574,0.39228446602291,0.1459803862401931,0.17166666666666666,3.26,4.0249999999999995
2025-12-04 09:00:00+00:00,t1,2,0.051666666666666666,0.008871908369604055,0.07101593047761601,0.3373988481663461,0.1459803862401931,0.06333333333333334,3.18,4.0249999999999995
2025-12-04 09:00:00+00:00,t2,1,0.065,0.016642692170199945,0.20654740681860262,0.39228446602291,0.1459803862401931,0.17500000000000002,3.26,4.46
2025-12-04 09:00:00+00:00,t2,2,0.065,0.010252874095109778,0.07054142039437054,0.3373988481663461,0.1459803862401931,0.07166666666666667,3.18,4.46
2025-12-04 10:00:00+00:00,t1,1,0.024999999999999998,0.009535060561803336,0.13182776665840099,0.349643966129451,0.1459803862401931,0.11666666666666665,3.44,3.418333333333333
2025-12-04 10:00:00+00:00,t1,2,0.024999999999999998,0.008871908369604055,0.06074510909931868,0.24694120396138014,0.10431543935643564,0.045000000000000005,2.45,3.418333333333333
2025-12-04 10:00:00+00:00,t2,1,0.016666666666666666,0.009952978708886716,0.12952013759525852,0.35009733075615634,0.1459803862401931,0.11666666666666665,3.44,3.598333333333333
2025-12-04 10:00:00+00:00,t2,2,0.016666666666666666,0.008130862994736044,0.056355806804632674,0.24670698087939041,0.10431543935643564,0.045000000000000005,2.45,3.598333333333333
2025-12-04 11:00:00+00:00,t1,1,0.18166666666666667,0.009535060561803336,0.11118754567873722,0.2786506822531977,0.13303917357062492,0.11666666666666665,2.55,5.956666666666667
2025-12-04 11:00:00+00:00,t1,2,0.18166666666666667,0.008871908369604055,0.06303307995148946,0.19398248769220067,0.10344010868308474,0.011666666666666667,1.84,5.956666666666667
2025-12-04 11:00:00+00:00,t2,1,0.15,0.009979421762581717,0.10679824338405122,0.27943943294457974,0.13303917357062492,0.12166666666666666,2.55,5.783333333333334
2025-12-04 11:00:00+00:00,t2,2,0.15,0.007581974973271616,0.062558569868244,0.19398248769220067,0.10344010868308474,0.008333333333333333,1.84,5.783333333333334
2025-12-04 12:00:00+00:00,t1,1,0.225,0.009535060561803336,0.0733871074992101,0.2179252792425531,0.10344010868308474,0.15,1.72,6.108333333333333
2025-12-04 12:00:00+00:00,t1,2,0.225,0.008871908369604055,0.06571651157240671,0.22003016484865281,0.0898266827891979,0.01,1.5,6.108333333333333
2025-12-04 12:00:00+00:00,t2,1,0.21833333333333335,0.00972184710971862,0.0689978052045241,0.21769105616056336,0.10344010868308474,0.18666666666666668,1.72,6.234999999999999
2025-12-04 12:00:00+00:00,t2,2,0.21833333333333335,0.007524078002417481,0.0634088825092643,0.2197959417666631,0.0898266827891979,0.01,1.5,6.234999999999999
2025-12-04 13:00:00+00:00,t1,1,0.18500000000000003,0.009535060561803336,0.06221736235398001,0.20496064239070197,0.09097294306980487,0.3,0.85,5.673333333333333
2025-12-04 13:00:00+00:00,t1,2,0.18500000000000003,0.008871908369604055,0.06240451512084174,0.17147262998716806,0.09097294306980487,0.01,0.75,5.673333333333333
2025-12-04 13:00:00+00:00,t2,1,0.15,0.008337507136864259,0.06165841391148843,0.20496064239070197,0.09097294306980487,0.3016666666666667,0.85,5.44
2025-12-04 13:00:00+00:00,t2,2,0.15,0.00778049592357854,0.06184556667835013,0.17147262998716806,0.09097294306980487,0.01,0.75,5.44
2025-12-04 14:00:00+00:00,t1,1,0.06333333333333334,0.009535060561803336,0.09113464988177726,0.21307637036512483,0.10344010868308474,0.43333333333333335,1.7,4.001666666666667
2025-12-04 14:00:00+00:00,t1,2,0.06333333333333334,0.008871908369604055,0.07257476658927951,0.23018988335511517,0.10344010868308474,0.01,1.56,4.001666666666667
2025-12-04 14:00:00+00:00,t2,1,0.05666666666666667,0.007982272511930856,0.09050507049485873,0.21307637036512483,0.10344010868308474,0.3933333333333333,1.7,4.081666666666666
2025-12-04 14:00:00+00:00,t2,2,0.05666666666666667,0.008015501321804239,0.07169870350565609,0.23018988335511517,0.10344010868308474,0.008333333333333333,1.56,4.081666666666666
2025-12-04 15:00:00+00:00,t1,1,0.013333333333333334,0.009535060561803336,0.10290975246725703,0.1946087213022012,0.10431543935643564,0.365,2.43,2.14
2025-12-04 15:00:00+00:00,t1,2,0.013333333333333334,0.008871908369604055,0.06791421220425062,0.20370379595350122,0.13303917357062492,0.01,2.54,2.14
2025-12-04 15:00:00+00:00,t2,1,0.01,0.008351994652542315,0.1022801730803385,0.1946087213022012,0.10431543935643564,0.295,2.43,1.8533333333333335
2025-12-04 15:00:00+00:00,t2,2,0.01,0.007589201081282139,0.0670381491206272,0.20370379595350122,0.13303917357062492,0.006666666666666667,2.54,1.8533333333333335
2025-12-04 16:00:00+00:00,t1,1,0.12,0.009535060561803336,0.09063278542768083,0.17932194433154489,0.10431543935643564,0.265,2.38,5.501666666666666
2025-12-04 16:00:00+00:00,t1,2,0.12,0.008871908369604055,0.0678461321616451,0.16900782289366967,0.10431543935643564,0.013333333333333334,2.42,5.501666666666666
2025-12-04 16:00:00+00:00,t2,1,0.12166666666666666,0.008809383924815168,0.0900032060407623,0.17932194433154489,0.10431543935643564,0.19333333333333336,2.38,5.555
2025-12-04 16:00:00+00:00,t2,2,0.12166666666666666,0.008095732794141509,0.06721655277472657,0.16900782289366967,0.10431543935643564,0.011666666666666667,2.42,5.555
2025-12-04 17:00:00+00:00,t1,1,0.08833333333333333,0.009535060561803336,0.08919803997411571,0.2281946399611928,0.10431543935643564,0.18166666666666667,2.27,5.171666666666667
2025-12-04 17:00:00+00:00,t1,2,0.08833333333333333,0.008871908369604055,0.07654111815325836,0.17418234402782198,0.10431543935643564,0.01,2.4,5.171666666666667
2025-12-04 17:00:00+00:00,t2,1,0.09666666666666668,0.008924974533498413,0.08856846058719718,0.2278497291658859,0.10431543935643564,0.16333333333333333,2.27,5.298333333333333
2025-12-04 17:00:00+00:00,t2,2,0.09666666666666668,0.007983034027366208,0.07591153876633983,0.17418234402782198,0.10431543935643564,0.008333333333333333,2.4,5.298333333333333
2025-12-04 18:00:00+00:00,t1,1,0.03666666666666667,0.009535060561803336,0.0372322891999843,0.16819370544981813,0.09097294306980487,0.3116666666666667,0.71,4.4783333333333335
2025-12-04 18:00:00+00:00,t1,2,0.03666666666666667,0.008871908369604055,0.09580485480439103,0.20953801433361705,0.13303917357062492,0.01,2.93,4.4783333333333335
2025-12-04 18:00:00+00:00,t2,1,0.055,0.00842427944848362,0.036673340757492706,0.16819370544981813,0.09097294306980487,0.355,0.71,4.95
2025-12-04 18:00:00+00:00,t2,2,0.055,0.008231990161212831,0.09595707958273213,0.20953801433361705,0.13303917357062492,0.01,2.93,4.95
2025-12-04 19:00:00+00:00,t1,1,0.016666666666666666,0.009535060561803336,0.034880368118634854,0.16095596823357508,0.0898266827891979,0.18500000000000003,1.35,2.5833333333333335
2025-12-04 19:00:00+00:00,t1,2,0.016666666666666666,0.008871908369604055,0.06614533136294264,0.22265560685989463,0.13303917357062492,0.011666666666666667,2.9,2.5833333333333335
2025-12-04 19:00:00+00:00,t2,1,0.018333333333333333,0.008268471277042786,0.03503259289697593,0.16095596823357508,0.0898266827891979,0.13999999999999999,1.35,3.01
2025-12-04 19:00:00+00:00,t2,2,0.018333333333333333,0.007734527606847492,0.06629755614128373,0.22265560685989463,0.13303917357062492,0.015,2.9,3.01
2025-12-04 20:00:00+00:00,t1,1,0.013333333333333334,0.009535060561803336,0.03241118073135854,0.14629339502646319,0.10431543935643564,0.09999999999999999,2.21,3.1366666666666667
2025-12-04 20:00:00+00:00,t1,2,0.013333333333333334,0.008871908369604055,0.06630769339577676,0.21436581949731076,0.10431543935643564,0.11166666666666668,2.08,3.1366666666666667
2025-12-04 20:00:00+00:00,t2,1,0.015,0.007806121945857109,0.03256340550969962,0.14629339502646319,0.10431543935643564,0.08166666666666667,2.21,4.198333333333333
2025-12-04 20:00:00+00:00,t2,2,0.015,0.007582050336529438,0.06645991817411785,0.21436581949731076,0.10431543935643564,0.10333333333333333,2.08,4.198333333333333
2025-12-04 21:00:00+00:00,t1,1,0.015,0.009535060561803336,0.029436703804477195,0.15927744659350948,0.10431543935643564,0.17833333333333334,2.36,2.9516666666666667
2025-12-04 21:00:00+00:00,t1,2,0.015,0.008871908369604055,0.07431203686536174,0.21898127030764356,0.10431543935643564,0.19499999999999998,2.02,2.9516666666666667
2025-12-04 21:00:00+00:00,t2,1,0.008333333333333333,0.00820252003445276,0.029588928582818273,0.15927744659350948,0.10431543935643564,0.13999999999999999,2.36,3.248333333333333
2025-12-04 21:00:00+00:00,t2,2,0.008333333333333333,0.007615018860929681,0.07446426164370282,0.21898127030764356,0.10431543935643564,0.17333333333333334,2.02,3.248333333333333
2025-12-04 22:00:00+00:00,t1,1,0.028333333333333335,0.009535060561803336,0.02944494330951912,0.14675460573246504,0.13303917357062492,0.15166666666666667,2.62,4.239999999999999
2025-12-04 22:00:00+00:00,t1,2,0.028333333333333335,0.008871908369604055,0.029611418699113875,0.2862963295943218,0.1459803862401931,0.22,3.43,4.239999999999999
2025-12-04 22:00:00+00:00,t2,1,0.015,0.007484425508927637,0.028815363922600562,0.14675460573246504,0.13303917357062492,0.14,2.62,4.03
2025-12-04 22:00:00+00:00,t2,2,0.015,0.0073337229520967825,0.02898183931219533,0.2862963295943218,0.1459803862401931,0.20166666666666666,3.43,4.03
2025-12-04 23:00:00+00:00,t1,1,0.05666666666666667,0.009535060561803336,0.02634379435952598,0.20425761634633546,0.1459803862401931,0.09333333333333332,3.25,4.256666666666667
2025-12-04 23:00:00+00:00,t1,2,0.05666666666666667,0.0,0.042771255061658076,0.3078913241034676,0.20381297203510923,0.3066666666666667,4.33,4.256666666666667
2025-12-04 23:00:00+00:00,t2,1,0.04666666666666667,0.007953127787990942,0.025714214972607438,0.20425761634633546,0.1459803862401931,0.075,3.25,3.9616666666666664
2025-12-04 23:00:00+00:00,t2,2,0.04666666666666667,0.0,0.042141675674739525,0.3080230942202817,0.20381297203510923,0.30833333333333335,4.33,3.9616666666666664
2025-12-05 00:00:00+00:00,t1,1,0.035,0.009535060561803336,0.04020862331333213,0.25069481884310757,0.17437129044610378,0.105,3.73,2.981666666666667
2025-12-05 00:00:00+00:00,t1,2,0.035,0.008871908369604055,0.06562621531988318,0.4694128573168803,0.17437129044610378,0.37833333333333335,3.89,2.981666666666667
2025-12-05 00:00:00+00:00,t2,1,0.011666666666666667,0.008554231337145233,0.03957904392641358,0.2503499080478007,0.17437129044610378,0.08,3.73,1.8083333333333333
2025-12-05 00:00:00+00:00,t2,2,0.011666666666666667,0.007530144149846948,0.06499663593296465,0.46901362922141465,0.17437129044610378,0.32166666666666666,3.89,1.8083333333333333
2025-12-05 01:00:00+00:00,t1,1,0.065,0.0,0.0637869003502153,0.2826849476166265,0.20381297203510923,0.10166666666666667,4.01,4.413333333333333
2025-12-05 01:00:00+00:00,t1,2,0.065,0.0,0.05587540849015818,0.45474739109904755,0.20381297203510923,0.38833333333333336,4.18,4.413333333333333
2025-12-05 01:00:00+00:00,t2,1,0.03833333333333334,0.0,0.06315732096329674,0.2823400368213196,0.20381297203510923,0.075,4.01,3.8216666666666668
2025-12-05 01:00:00+00:00,t2,2,0.03833333333333334,0.0,0.05524582910323963,0.4543481630035819,0.20381297203510923,0.34500000000000003,4.18,3.8216666666666668
2025-12-05 02:00:00+00:00,t1,1,0.011666666666666667,0.0,0.09983195616868891,0.2792627823486008,0.20381297203510923,0.165,4.25,1.8766666666666667
2025-12-05 02:00:00+00:00,t1,2,0.011666666666666667,0.0,0.10613613931132247,0.29503076129555794,0.24396644031099302,0.6466666666666666,4.88,1.8766666666666667
2025-12-05 02:00:00+00:00,t2,1,0.01,0.0,0.09960392978214834,0.2789178715532939,0.20381297203510923,0.115,4.25,1.7666666666666666
2025-12-05 02:00:00+00:00,t2,2,0.01,0.0,0.1059081129247819,0.2946315332000923,0.24396644031099302,0.5516666666666666,4.88,1.7666666666666666
2025-12-05 03:00:00+00:00,t1,1,0.01,0.009535060561803336,0.13078866204242925,0.28018852342289263,0.17437129044610378,0.19999999999999998,3.83,1.5866666666666667
2025-12-05 03:00:00+00:00,t1,2,0.01,0.0,0.11554000969606719,0.3874800601567796,0.24396644031099302,0.7083333333333334,4.73,1.5866666666666667
2025-12-05 03:00:00+00:00,t2,1,0.01,0.009475956048707183,0.13056063565588866,0.2798436126275857,0.17437129044610378,0.17,3.83,1.4333333333333333
2025-12-05 03:00:00+00:00,t2,2,0.01,0.0,0.11531198330952662,0.38708083206131394,0.24396644031099302,0.6316666666666667,4.73,1.4333333333333333
2025-12-05 04:00:00+00:00,t1,1,0.013333333333333334,0.009535060561803336,0.12940462255066434,0.17960823680781354,0.17437129044610378,0.115,3.76,2.815
2025-12-05 04:00:00+00:00,t1,2,0.013333333333333334,0.0,0.09337319058816637,0.2870952994297588,0.24396644031099302,0.6283333333333333,4.6,2.815
2025-12-05 04:00:00+00:00,t2,1,0.008333333333333333,0.00870659795276583,0.12893011246741887,0.17960823680781354,0.17437129044610378,0.09666666666666666,3.76,2.535
2025-12-05 04:00:00+00:00,t2,2,0.008333333333333333,0.0,0.09289868050492091,0.2870952994297588,0.24396644031099302,0.6066666666666667,4.6,2.535
2025-12-05 05:00:00+00:00,t1,1,0.01,0.009535060561803336,0.07251355759860352,0.1621063126544171,0.1459803862401931,0.05833333333333333,3.02,2.5816666666666666
2025-12-05 05:00:00+00:00,t1,2,0.01,0.008871908369604055,0.15392797733553484,0.22980612245068685,0.17437129044610378,0.27999999999999997,3.67,2.5816666666666666
2025-12-05 05:00:00+00:00,t2,1,0.008333333333333333,0.00853733609506972,0.07203904751535806,0.1621063126544171,0.1459803862401931,0.041666666666666664,3.02,2.6916666666666664
2025-12-05 05:00:00+00:00,t2,2,0.008333333333333333,0.008413721734217451,0.15345346725228934,0.22980612245068685,0.17437129044610378,0.3383333333333334,3.67,2.6916666666666664
2025-12-05 06:00:00+00:00,t1,1,0.01,0.009535060561803336,0.07024754148730068,0.1709866105411945,0.17437129044610378,0.021666666666666667,3.96,1.9033333333333333
2025-12-05 06:00:00+00:00,t1,2,0.01,0.0,0.10544468492490092,0.42098948424184374,0.20381297203510923,0.20000000000000004,4.34,1.9033333333333333
2025-12-05 06:00:00+00:00,t2,1,0.01,0.008472309290643092,0.06977303140405522,0.1709866105411945,0.17437129044610378,0.021666666666666667,3.96,2.005
2025-12-05 06:00:00+00:00,t2,2,0.01,0.0,0.10616749815006582,0.42098948424184374,0.20381297203510923,0.17166666666666666,4.34,2.005
2025-12-05 07:00:00+00:00,t1,1,0.01,0.0,0.16320266805281763,0.2706669691958101,0.20381297203510923,0.04,4.42,1.4766666666666666
2025-12-05 07:00:00+00:00,t1,2,0.01,0.0,0.1619134571680542,0.36823870677093223,0.24396644031099302,0.26666666666666666,4.81,1.4766666666666666
2025-12-05 07:00:00+00:00,t2,1,0.01,0.0,0.16272815796957213,0.2706508066217171,0.20381297203510923,0.043333333333333335,4.42,1.3666666666666665
2025-12-05 07:00:00+00:00,t2,2,0.01,0.0,0.16263627039321904,0.36823870677093223,0.24396644031099302,0.29000000000000004,4.81,1.3666666666666665
2025-12-05 08:00:00+00:00,t1,1,0.01,0.0,0.3514001757248506,0.41249387965690937,0.29666767038040753,0.043333333333333335,5.23,2.0766666666666667
2025-12-05 08:00:00+00:00,t1,2,0.01,0.0,0.2713977261474283,0.48821623545734155,0.29666767038040753,0.3183333333333333,5.01,2.0766666666666667
2025-12-05 08:00:00+00:00,t2,1,0.01,0.0034103198569296195,0.3504194729675,0.41247771708281633,0.29666767038040753,0.041666666666666664,5.23,1.9633333333333332
2025-12-05 08:00:00+00:00,t2,2,0.01,0.000991824284666043,0.2721205393725931,0.4866989225808907,0.29666767038040753,0.31333333333333335,5.01,1.9633333333333332
2025-12-05 09:00:00+00:00,t1,1,0.01,0.08265321178661787,0.3520061050222411,0.6230961146363366,0.46587952084773093,0.051666666666666666,6.96,2.0716666666666668
2025-12-05 09:00:00+00:00,t1,2,0.01,0.10770254713017202,0.31429187099655576,0.7223704791231716,0.34551812937783266,0.17166666666666666,5.53,2.0716666666666668
2025-12-05 09:00:00+00:00,t2,1,0.008333333333333333,0.02680776165417545,0.35131679524336357,0.6230799520622436,0.46587952084773093,0.065,6.96,2.0033333333333334
2025-12-05 09:00:00+00:00,t2,2,0.008333333333333333,0.03344345800960403,0.3150146842217206,0.7249437693675083,0.34551812937783266,0.17500000000000002,5.53,2.0033333333333334
2025-12-05 10:00:00+00:00,t1,1,0.01,0.0979791055112023,0.5146547403617335,0.8037800728039106,0.621809413221861,0.024999999999999998,8.1,1.6933333333333334
2025-12-05 10:00:00+00:00,t1,2,0.01,0.14925051899364386,0.4605032917032436,0.8817770135225874,0.46587952084773093,0.11666666666666665,6.57,1.6933333333333334
2025-12-05 10:00:00+00:00,t2,1,0.01,0.02670346215324529,0.513674037604383,0.8069795339270873,0.621809413221861,0.016666666666666666,8.1,1.8233333333333333
2025-12-05 10:00:00+00:00,t2,2,0.01,0.09607798993751818,0.46122610492840843,0.88073363202521,0.46587952084773093,0.11666666666666665,6.57,1.8233333333333333
2025-12-05 11:00:00+00:00,t1,1,0.008333333333333333,0.16605188453263162,0.44424209498198436,0.847154924652015,0.621809413221861,0.18166666666666667,8.43,1.9649999999999999
2025-12-05 11:00:00+00:00,t1,2,0.008333333333333333,0.2038787275785403,0.6575231740387764,1.0,0.5595838549817422,0.11666666666666665,7.8,1.9649999999999999
2025-12-05 11:00:00+00:00,t2,1,0.01,0.12812055376469872,0.44264305276412663,0.8503377487256818,0.621809413221861,0.15,8.43,1.4266666666666667
2025-12-05 11:00:00+00:00,t2,2,0.01,0.18030500591193552,0.6578364481497865,1.0,0.5595838549817422,0.12166666666666666,7.8,1.4266666666666667
2025-12-05 12:00:00+00:00,t1,1,0.021666666666666667,0.23215244076525993,0.6154305076177503,0.8941234094885574,0.5595838549817422,0.225,7.67,2.54
2025-12-05 12:00:00+00:00,t1,2,0.021666666666666667,0.20752212935573786,0.5533708288799378,0.9407397914521232,0.621809413221861,0.15,8.09,2.54
2025-12-05 12:00:00+00:00,t2,1,0.024999999999999998,0.16638525607801113,0.609302116756431,0.897170631111967,0.5595838549817422,0.21833333333333335,7.67,2.555
2025-12-05 12:00:00+00:00,t2,2,0.024999999999999998,0.18860084808601285,0.5523901261225873,0.9405603271999665,0.621809413221861,0.18666666666666668,8.09,2.555
2025-12-05 13:00:00+00:00,t1,1,0.16,0.1660134807270175,0.5043046655160954,0.9335810234010452,0.533438938580799,0.18500000000000003,7.5,5.453333333333333
2025-12-05 13:00:00+00:00,t1,2,0.16,0.16434859303595833,0.5151923936781071,0.9529983675229955,0.5595838549817422,0.3,7.89,5.453333333333333
2025-12-05 13:00:00+00:00,t2,1,0.15833333333333333,0.10893912367190645,0.5049601128594682,0.9324278081698791,0.533438938580799,0.15,7.5,5.658333333333334
2025-12-05 13:00:00+00:00,t2,2,0.15833333333333333,0.15623401387313268,0.5148034881717598,0.9519015151272774,0.5595838549817422,0.3016666666666667,7.89,5.658333333333334
2025-12-05 14:00:00+00:00,t1,1,0.18166666666666667,0.17050406888988967,0.46063654597514647,0.9072047889377872,0.533438938580799,0.06333333333333334,7.16,5.6816666666666675
2025-12-05 14:00:00+00:00,t1,2,0.18166666666666667,0.1662702475668261,0.44519453947660415,0.9062122405538926,0.46587952084773093,0.43333333333333335,7.0,5.6816666666666675
2025-12-05 14:00:00+00:00,t2,1,0.18833333333333332,0.1112610943108421,0.4538152091349759,0.9093464640801493,0.533438938580799,0.05666666666666667,7.16,5.871666666666667
2025-12-05 14:00:00+00:00,t2,2,0.18833333333333332,0.14657079238521722,0.44448851932912486,0.9083539156962547,0.46587952084773093,0.3933333333333333,7.0,5.871666666666667
2025-12-05 15:00:00+00:00,t1,1,0.17333333333333334,0.12423411771655979,0.4386325363218216,0.8351846021078706,0.40783563748079876,0.013333333333333334,6.48,5.646666666666666
2025-12-05 15:00:00+00:00,t1,2,0.17333333333333334,0.11893937363424123,0.4593056846986352,0.8694175876373236,0.46587952084773093,0.365,6.89,5.646666666666666
2025-12-05 15:00:00+00:00,t2,1,0.16166666666666665,0.05831889848470814,0.43775647323819816,0.8383840632310473,0.40783563748079876,0.01,6.48,5.673333333333333
2025-12-05 15:00:00+00:00,t2,2,0.16166666666666665,0.05649702483281874,0.4584296216150118,0.8726170487605003,0.46587952084773093,0.295,6.89,5.673333333333333
2025-12-05 16:00:00+00:00,t1,1,0.07666666666666667,0.08832259067786088,0.2776053043651581,0.7372819883343479,0.34551812937783266,0.12,5.76,4.415
2025-12-05 16:00:00+00:00,t1,2,0.07666666666666667,0.07355184532008298,0.3762631545815351,0.834829435849331,0.533438938580799,0.265,7.14,4.415
2025-12-05 16:00:00+00:00,t2,1,0.06666666666666667,0.024854052409187248,0.2767292412815347,0.7398552785786845,0.34551812937783266,0.12166666666666666,5.76,4.351666666666667
2025-12-05 16:00:00+00:00,t2,2,0.06666666666666667,0.01849141497660664,0.37538709149791166,0.8380288969725077,0.533438938580799,0.19333333333333336,7.14,4.351666666666667
2025-12-05 17:00:00+00:00,t1,1,0.12166666666666666,0.037533039128970665,0.25945274551544384,0.6042380566096186,0.29666767038040753,0.08833333333333333,5.31,5.069999999999999
2025-12-05 17:00:00+00:00,t1,2,0.12166666666666666,0.07109525705330974,0.3050920698941231,0.7285041532129528,0.40783563748079876,0.18166666666666667,6.31,5.069999999999999
2025-12-05 17:00:00+00:00,t2,1,0.12000000000000001,0.010511545764687949,0.2585766824318204,0.6068275094280482,0.29666767038040753,0.09666666666666668,5.31,5.2683333333333335
2025-12-05 17:00:00+00:00,t2,2,0.12000000000000001,0.02445761842912795,0.30421600681049965,0.7284879906388597,0.40783563748079876,0.16333333333333333,6.31,5.2683333333333335
2025-12-05 18:00:00+00:00,t1,1,0.14333333333333334,0.0,0.18773174557506178,0.38648137082117207,0.24396644031099302,0.03666666666666667,4.81,5.323333333333333
2025-12-05 18:00:00+00:00,t1,2,0.14333333333333334,0.0,0.2167937355505266,0.5521832474005964,0.29666767038040753,0.3116666666666667,5.09,5.323333333333333
2025-12-05 18:00:00+00:00,t2,1,0.145,0.0,0.18788397035340282,0.38648137082117207,0.24396644031099302,0.055,4.81,5.4366666666666665
2025-12-05 18:00:00+00:00,t2,2,0.145,0.0,0.21591767246690313,0.5521832474005964,0.29666767038040753,0.355,5.09,5.4366666666666665
2025-12-05 19:00:00+00:00,t1,1,0.011666666666666667,0.009535060561803336,0.19862415108780385,0.24868152877893399,0.1459803862401931,0.016666666666666666,3.44,1.1849999999999998
2025-12-05 19:00:00+00:00,t1,2,0.011666666666666667,0.0,0.2527906887889786,0.38983944218572053,0.20381297203510923,0.18500000000000003,4.4,1.1849999999999998
2025-12-05 19:00:00+00:00,t2,1,0.01,0.010068454739570623,0.19877637586614488,0.24868152877893399,0.1459803862401931,0.018333333333333333,3.44,1.055
2025-12-05 19:00:00+00:00,t2,2,0.01,0.0,0.25191462570535517,0.38983944218572053,0.20381297203510923,0.13999999999999999,4.4,1.055
2025-12-05 20:00:00+00:00,t1,1,0.01,0.009535060561803336,0.08349794894091436,0.14763079945699287,0.13303917357062492,0.013333333333333334,2.56,1.4383333333333332
2025-12-05 20:00:00+00:00,t1,2,0.01,0.008871908369604055,0.1596998555609082,0.25765265925996234,0.17437129044610378,0.09999999999999999,3.82,1.4383333333333332
2025-12-05 20:00:00+00:00,t2,1,0.01,0.008010332125660618,0.08365017371925546,0.14763079945699287,0.13303917357062492,0.015,2.56,1.5433333333333332
2025-12-05 20:00:00+00:00,t2,2,0.01,0.00869826035665784,0.15985208033924925,0.25765265925996234,0.17437129044610378,0.08166666666666667,3.82,1.5433333333333332
2025-12-05 21:00:00+00:00,t1,1,0.011666666666666667,0.009535060561803336,0.06182359738087169,0.08441948591343085,0.10344010868308474,0.015,1.94,2.22
2025-12-05 21:00:00+00:00,t1,2,0.011666666666666667,0.008871908369604055,0.15349678386439972,0.2238633427420368,0.13303917357062492,0.17833333333333334,2.56,2.22
2025-12-05 21:00:00+00:00,t2,1,0.011666666666666667,0.00823400172718664,0.06197582215921278,0.08441948591343085,0.10344010868308474,0.008333333333333333,1.94,2.1
2025-12-05 21:00:00+00:00,t2,2,0.011666666666666667,0.007974256612104645,0.15364900864274075,0.22369833772856093,0.13303917357062492,0.13999999999999999,2.56,2.1
2025-12-05 22:00:00+00:00,t1,1,0.008333333333333333,0.009535060561803336,0.12046084968414292,0.12046084968414292,0.0898266827891979,0.028333333333333335,1.25,2.43
2025-12-05 22:00:00+00:00,t1,2,0.008333333333333333,0.008871908369604055,0.13722083589354736,0.13722083589354736,0.0898266827891979,0.15166666666666667,1.05,2.43
2025-12-05 22:00:00+00:00,t2,1,0.01,0.008546725848127419,0.12356945967683612,0.12356945967683612,0.0898266827891979,0.015,1.25,2.158333333333333
2025-12-05 22:00:00+00:00,t2,2,0.01,0.007710816871380951,0.14032944588624055,0.14032944588624055,0.0898266827891979,0.14,1.05,2.158333333333333
2025-12-05 23:00:00+00:00,t1,1,0.01,0.009535060561803336,0.06514439404510872,0.06514439404510872,0.09097294306980487,0.05666666666666667,0.91,0.8333333333333334
2025-12-05 23:00:00+00:00,t1,2,0.01,0.008871908369604055,0.09487761472741976,0.09487761472741976,0.10277016520894071,0.09333333333333332,0.43,0.8333333333333334
2025-12-05 23:00:00+00:00,t2,1,0.01,0.007902815829116288,0.06426833096148529,0.06426833096148529,0.09097294306980487,0.04666666666666667,0.91,0.7200000000000001
2025-12-05 23:00:00+00:00,t2,2,0.01,0.007458502280959801,0.09431866628492817,0.09431866628492817,0.10277016520894071,0.075,0.43,0.7200000000000001
2025-12-06 00:00:00+00:00,t1,1,0.01,0.009535060561803336,0.08230149368877569,0.08230149368877569,0.09097294306980487,0.035,0.95,1.1
2025-12-06 00:00:00+00:00,t1,2,0.01,0.008871908369604055,0.13455942648800365,0.18357022870600156,0.0898266827891979,0.105,1.05,1.1
2025-12-06 00:00:00+00:00,t2,1,0.01,0.008037643075354912,0.08142543060515227,0.08142543060515227,0.09097294306980487,0.011666666666666667,0.95,1.115
2025-12-06 00:00:00+00:00,t2,2,0.01,0.0076973011135535365,0.12976857119293966,0.18357022870600156,0.0898266827891979,0.08,1.05,1.115
2025-12-06 01:00:00+00:00,t1,1,0.021666666666666667,0.009535060561803336,0.08818386865013818,0.08818386865013818,0.09097294306980487,0.065,0.65,3.198333333333333
2025-12-06 01:00:00+00:00,t1,2,0.021666666666666667,0.008871908369604055,0.13325626961863984,0.13886684438179142,0.10344010868308474,0.10166666666666667,1.68,3.198333333333333
2025-12-06 01:00:00+00:00,t2,1,0.015,0.008374208217188492,0.08762492020764659,0.08762492020764659,0.09097294306980487,0.03833333333333334,0.65,2.856666666666667
2025-12-06 01:00:00+00:00,t2,2,0.015,0.008229854132435826,0.12846541432357586,0.13886684438179142,0.10344010868308474,0.075,1.68,2.856666666666667
2025-12-06 02:00:00+00:00,t1,1,0.021666666666666667,0.009535060561803336,0.0449744051937333,0.0719733435778071,0.09097294306980487,0.011666666666666667,0.9,2.8466666666666662
2025-12-06 02:00:00+00:00,t1,2,0.021666666666666667,0.008871908369604055,0.19892230030681615,0.32998717915530806,0.13303917357062492,0.165,2.86,2.8466666666666662
2025-12-06 02:00:00+00:00,t2,1,0.015,0.008354243804008498,0.04449989511048784,0.0719733435778071,0.09097294306980487,0.01,0.9,2.625
2025-12-06 02:00:00+00:00,t2,2,0.015,0.010477140742559442,0.19830173421922304,0.32998717915530806,0.13303917357062492,0.115,2.86,2.625
2025-12-06 03:00:00+00:00,t1,1,0.17,0.009535060561803336,0.10861586509710797,0.10861586509710797,0.10431543935643564,0.01,2.12,5.4816666666666665
2025-12-06 03:00:00+00:00,t1,2,0.17,0.0,0.31444971372562297,0.4787334198956009,0.24396644031099302,0.19999999999999998,4.84,5.4816666666666665
2025-12-06 03:00:00+00:00,t2,1,0.125,0.007480936097721923,0.1081413550138625,0.1081413550138625,0.10431543935643564,0.01,2.12,5.11
2025-12-06 03:00:00+00:00,t2,2,0.125,0.0,0.31382914763802994,0.4787172573215079,0.24396644031099302,0.17,4.84,5.11
2025-12-06 04:00:00+00:00,t1,1,0.18500000000000003,0.0,0.18849909751953556,0.2938295771226598,0.20381297203510923,0.013333333333333334,4.21,5.636666666666667
2025-12-06 04:00:00+00:00,t1,2,0.18500000000000003,0.018525168018988278,0.31695992784755334,0.5455760727714797,0.40783563748079876,0.115,6.07,5.636666666666667
2025-12-06 04:00:00+00:00,t2,1,0.155,0.0,0.18802458743629005,0.2938295771226598,0.20381297203510923,0.008333333333333333,4.21,5.555
2025-12-06 04:00:00+00:00,t2,2,0.155,0.0,0.3177034666628438,0.5455599101973867,0.40783563748079876,0.09666666666666666,6.07,5.555
2025-12-06 05:00:00+00:00,t1,1,0.10666666666666667,0.0,0.2669152428501412,0.3332435572082731,0.24396644031099302,0.01,4.61,4.958333333333333
2025-12-06 05:00:00+00:00,t1,2,0.10666666666666667,0.028204676496059018,0.41693249331256316,0.7558984815227296,0.34551812937783266,0.05833333333333333,5.76,4.958333333333333
2025-12-06 05:00:00+00:00,t2,1,0.06999999999999999,0.0,0.26629467676254814,0.3332435572082731,0.24396644031099302,0.008333333333333333,4.61,4.675
2025-12-06 05:00:00+00:00,t2,2,0.06999999999999999,0.004196224271411683,0.4164474339475202,0.7477944391254445,0.34551812937783266,0.041666666666666664,5.76,4.675
2025-12-06 06:00:00+00:00,t1,1,0.10833333333333334,0.03181378984072232,0.3049005804289043,0.584274700008754,0.24396644031099302,0.01,4.52,4.821666666666666
2025-12-06 06:00:00+00:00,t1,2,0.10833333333333334,0.06674290881360435,0.4648939063598435,0.8367442909269965,0.29666767038040753,0.021666666666666667,5.5,4.821666666666666
2025-12-06 06:00:00+00:00,t2,1,0.135,0.0024067651517079777,0.3056233936540691,0.584274700008754,0.24396644031099302,0.01,4.52,5.32
2025-12-06 06:00:00+00:00,t2,2,0.135,0.027488147238142184,0.46440884699480056,0.8377349364832796,0.29666767038040753,0.021666666666666667,5.5,5.32
2025-12-06 07:00:00+00:00,t1,1,0.73,0.05899969917131062,0.3762532518543314,0.6740340325707723,0.20381297203510923,0.01,4.05,9.338333333333333
2025-12-06 07:00:00+00:00,t1,2,0.73,0.06368131568325809,0.5906513613449612,0.8429501091267342,0.34551812937783266,0.04,5.87,9.338333333333333
2025-12-06 07:00:00+00:00,t2,1,0.7866666666666666,0.006084707256010687,0.3769760650794962,0.6740340325707723,0.20381297203510923,0.01,4.05,9.751666666666667
2025-12-06 07:00:00+00:00,t2,2,0.7866666666666666,0.027805697445199985,0.5901663019799184,0.8439241176335073,0.34551812937783266,0.043333333333333335,5.87,9.751666666666667
2025-12-06 08:00:00+00:00,t1,1,0.6533333333333333,0.09332563991082116,0.3331438981136816,0.604742499478471,0.13303917357062492,0.01,2.99,8.856666666666667
2025-12-06 08:00:00+00:00,t1,2,0.6533333333333333,0.09448816939380836,0.6208177054955021,0.8692659929772247,0.40783563748079876,0.043333333333333335,6.15,8.856666666666667
2025-12-06 08:00:00+00:00,t2,1,0.6699999999999999,0.03487959171665078,0.33386671133884643,0.604742499478471,0.13303917357062492,0.01,2.99,9.068333333333333
2025-12-06 08:00:00+00:00,t2,2,0.6699999999999999,0.047017194191956005,0.6203326461304592,0.8702400014839978,0.40783563748079876,0.041666666666666664,6.15,9.068333333333333
2025-12-06 09:00:00+00:00,t1,1,0.5716666666666667,0.009535060561803336,0.3513844343584849,0.5536903362578872,0.10344010868308474,0.01,1.61,8.205
2025-12-06 09:00:00+00:00,t1,2,0.5716666666666667,0.10611706022202216,0.6388483499238855,0.8767842927756031,0.40783563748079876,0.051666666666666666,6.09,8.205
2025-12-06 09:00:00+00:00,t2,1,0.6166666666666667,0.02541630115421766,0.3508993749934419,0.5536903362578872,0.10344010868308474,0.008333333333333333,1.61,8.796666666666667
2025-12-06 09:00:00+00:00,t2,2,0.6166666666666667,0.055433367810709816,0.6383632905588427,0.8777583012823762,0.40783563748079876,0.065,6.09,8.796666666666667
2025-12-06 10:00:00+00:00,t1,1,0.4083333333333334,0.009535060561803336,0.3107719470956381,0.6007197528122883,0.10344010868308474,0.01,1.94,7.298333333333333
2025-12-06 10:00:00+00:00,t1,2,0.4083333333333334,0.10364115168738952,0.6363120933361271,0.8951844826023088,0.46587952084773093,0.024999999999999998,6.55,7.298333333333333
2025-12-06 10:00:00+00:00,t2,1,0.44166666666666665,0.022456218571706786,0.3086709112665429,0.6009009698402253,0.10344010868308474,0.01,1.94,7.661666666666666
2025-12-06 10:00:00+00:00,t2,2,0.44166666666666665,0.06729224334516593,0.6358270339710843,0.8961584911090819,0.46587952084773093,0.016666666666666666,6.55,7.661666666666666
2025-12-06 11:00:00+00:00,t1,1,0.3233333333333333,0.06058982635810813,0.37493162071214414,0.6151929220777824,0.1459803862401931,0.008333333333333333,3.02,6.726666666666667
2025-12-06 11:00:00+00:00,t1,2,0.3233333333333333,0.1322581425431842,0.7764127055107529,0.936830647571378,0.40783563748079876,0.18166666666666667,6.18,6.726666666666667
2025-12-06 11:00:00+00:00,t2,1,0.43,0.02911140609185233,0.37283058488304893,0.6153741391057195,0.1459803862401931,0.01,3.02,7.5
2025-12-06 11:00:00+00:00,t2,2,0.43,0.08754122320328862,0.7748928606418659,0.9380020356801811,0.40783563748079876,0.15,6.18,7.5
2025-12-06 12:00:00+00:00,t1,1,0.09333333333333334,0.0657115284635997,0.39595841131239984,0.5410340906411556,0.1459803862401931,0.021666666666666667,3.35,4.135000000000001
2025-12-06 12:00:00+00:00,t1,2,0.09333333333333334,0.1255003755403772,0.746668927558607,1.0,0.24396644031099302,0.225,4.57,4.135000000000001
2025-12-06 12:00:00+00:00,t2,1,0.09166666666666667,0.01883031043115798,0.39365078224925754,0.5406348625456899,0.1459803862401931,0.024999999999999998,3.35,4.2716666666666665
2025-12-06 12:00:00+00:00,t2,2,0.09166666666666667,0.06523518266419863,0.74514908268972,1.0,0.24396644031099302,0.21833333333333335,4.57,4.2716666666666665
2025-12-06 13:00:00+00:00,t1,1,0.01,0.07072256978559,0.49560519234287564,0.6187807483535087,0.17437129044610378,0.16,3.9,1.2550000000000001
2025-12-06 13:00:00+00:00,t1,2,0.01,0.13365119654529764,0.7572763736559589,0.908970981421399,0.29666767038040753,0.18500000000000003,5.3,1.2550000000000001
2025-12-06 13:00:00+00:00,t2,1,0.01,0.029164332846395045,0.4928960102793553,0.618381520258043,0.17437129044610378,0.15833333333333333,3.9,1.2933333333333332
2025-12-06 13:00:00+00:00,t2,2,0.01,0.08602249178926416,0.7586692311836081,0.9084763240755818,0.29666767038040753,0.15,5.3,1.2933333333333332
2025-12-06 14:00:00+00:00,t1,1,0.01,0.059047575858064,0.3395196746431453,0.5387592086840662,0.20381297203510923,0.18166666666666667,4.48,2.52
2025-12-06 14:00:00+00:00,t1,2,0.01,0.14905229373232326,0.6275510780220973,0.9620039293300445,0.34551812937783266,0.06333333333333334,5.79,2.52
2025-12-06 14:00:00+00:00,t2,1,0.01,0.01534636886528399,0.33681049257962503,0.5383599805886006,0.20381297203510923,0.18833333333333332,4.48,2.2966666666666664
2025-12-06 14:00:00+00:00,t2,2,0.01,0.10271892410340316,0.6275219764035264,0.9614926349347174,0.34551812937783266,0.05666666666666667,5.79,2.2966666666666664
2025-12-06 15:00:00+00:00,t1,1,0.01,0.07378056591441286,0.31904071491364155,0.5897480631350946,0.24396644031099302,0.17333333333333334,4.55,1.62
2025-12-06 15:00:00+00:00,t1,2,0.01,0.1597839605267901,0.6754807868928281,1.0,0.40783563748079876,0.013333333333333334,6.3,1.62
2025-12-06 15:00:00+00:00,t2,1,0.01,0.02171898228366776,0.3163315328501213,0.589332672465536,0.24396644031099302,0.16166666666666665,4.55,1.7249999999999999
2025-12-06 15:00:00+00:00,t2,2,0.01,0.10776448468263936,0.675160292295784,1.0,0.40783563748079876,0.01,6.3,1.7249999999999999
2025-12-06 16:00:00+00:00,t1,1,0.01,0.08426543881388066,0.39920417009566084,0.6241634600864616,0.29666767038040753,0.07666666666666667,5.12,1.2933333333333332
2025-12-06 16:00:00+00:00,t1,2,0.01,0.15859734040222534,0.493640882747298,0.9794597323915107,0.40783563748079876,0.12,6.17,1.2933333333333332
2025-12-06 16:00:00+00:00,t2,1,0.01,0.026881171322112263,0.39649498803214056,0.6279252489818171,0.29666767038040753,0.06666666666666667,5.12,1.58
2025-12-06 16:00:00+00:00,t2,2,0.01,0.10783397994364535,0.48683802671317306,0.9789484379961836,0.40783563748079876,0.12166666666666666,6.17,1.58
2025-12-06 17:00:00+00:00,t1,1,0.049999999999999996,0.1059215499728177,0.37307496091010317,0.6380146375008048,0.29666767038040753,0.12166666666666666,5.39,4.3
2025-12-06 17:00:00+00:00,t1,2,0.049999999999999996,0.141839281883492,0.4167936288947522,0.8969372747437026,0.34551812937783266,0.08833333333333333,5.88,4.3
2025-12-06 17:00:00+00:00,t2,1,0.04833333333333334,0.040994461837878235,0.3703657788465829,0.6417764263961603,0.29666767038040753,0.12000000000000001,5.39,4.486666666666666
2025-12-06 17:00:00+00:00,t2,2,0.04833333333333334,0.1213116524408385,0.4099907728606272,0.8964259803483754,0.34551812937783266,0.09666666666666668,5.88,4.486666666666666
2025-12-06 18:00:00+00:00,t1,1,0.09000000000000001,0.0850375312002399,0.41112968757835605,0.7799659335012221,0.29666767038040753,0.14333333333333334,5.08,5.088333333333334
2025-12-06 18:00:00+00:00,t1,2,0.09000000000000001,0.13028418985916296,0.4868495525687351,0.9188932781589324,0.46587952084773093,0.03666666666666667,6.63,5.088333333333334
2025-12-06 18:00:00+00:00,t2,1,0.07,0.04599201783941323,0.40593178199685226,0.7714788255825643,0.29666767038040753,0.145,5.08,4.621666666666667
2025-12-06 18:00:00+00:00,t2,2,0.07,0.1126451372311216,0.48651127415880446,0.9182297442638383,0.46587952084773093,0.055,6.63,4.621666666666667
2025-12-06 19:00:00+00:00,t1,1,0.10833333333333334,0.08348479877795607,0.40740133373652215,0.7579050841309253,0.29666767038040753,0.011666666666666667,5.05,4.968333333333334
2025-12-06 19:00:00+00:00,t1,2,0.10833333333333334,0.1255696263280746,0.4404458457723947,0.9289891697703958,0.46587952084773093,0.016666666666666666,6.63,4.968333333333334
2025-12-06 19:00:00+00:00,t2,1,0.07333333333333333,0.06640550299247447,0.40708083913947835,0.7569779775502689,0.29666767038040753,0.01,5.05,4.598333333333334
2025-12-06 19:00:00+00:00,t2,2,0.07333333333333333,0.1159942584798973,0.4401075673624641,0.9282008992406539,0.46587952084773093,0.018333333333333333,6.63,4.598333333333334
2025-12-06 20:00:00+00:00,t1,1,0.14166666666666666,0.07366790299112838,0.34733951914995453,0.7453676894225315,0.24396644031099302,0.01,4.83,5.183333333333334
2025-12-06 20:00:00+00:00,t1,2,0.14166666666666666,0.12484377950240097,0.43069649444045827,0.9927805434416744,0.46587952084773093,0.013333333333333334,6.53,5.183333333333334
2025-12-06 20:00:00+00:00,t2,1,0.10166666666666667,0.06261880386382017,0.3473104175313838,0.7448891946508073,0.24396644031099302,0.01,4.83,4.848333333333334
2025-12-06 20:00:00+00:00,t2,2,0.10166666666666667,0.11537755220797113,0.42389363840633326,0.9919922729119325,0.46587952084773093,0.015,6.53,4.848333333333334
2025-12-06 21:00:00+00:00,t1,1,0.13,0.0836026106671795,0.2955528791302028,0.8275952481746229,0.24396644031099302,0.011666666666666667,4.63,4.985
2025-12-06 21:00:00+00:00,t1,2,0.13,0.1471342072402215,0.4676847514143522,0.9915109016351423,0.46587952084773093,0.015,6.51,4.985
2025-12-06 21:00:00+00:00,t2,1,0.13333333333333333,0.06900992253445953,0.29552377751163206,0.8271960200791573,0.24396644031099302,0.011666666666666667,4.63,5.166666666666667
2025-12-06 21:00:00+00:00,t2,2,0.13333333333333333,0.11973516093616904,0.46088189538022717,0.9906369844264039,0.46587952084773093,0.008333333333333333,6.51,5.166666666666667
2025-12-06 22:00:00+00:00,t1,1,0.22333333333333336,0.07589894484574942,0.3019485266840358,0.8320265279982626,0.24396644031099302,0.008333333333333333,4.66,6.305
2025-12-06 22:00:00+00:00,t1,2,0.22333333333333336,0.12800435496836932,0.49654146845738384,0.9661904772872062,0.40783563748079876,0.028333333333333335,6.11,6.305
2025-12-06 22:00:00+00:00,t2,1,0.22999999999999998,0.061082622221386634,0.3019194250654651,0.8316272999027969,0.24396644031099302,0.01,4.66,6.4750000000000005
2025-12-06 22:00:00+00:00,t2,2,0.22999999999999998,0.10253298493167073,0.4939681321821475,0.9651904454964951,0.40783563748079876,0.015,6.11,6.4750000000000005
2025-12-06 23:00:00+00:00,t1,1,0.29333333333333333,0.086292536148191,0.3411717698642645,0.8333721778811997,0.24396644031099302,0.01,4.83,6.1866666666666665
2025-12-06 23:00:00+00:00,t1,2,0.29333333333333333,0.12291123578877522,0.4836381365471327,0.9262180908807577,0.34551812937783266,0.05666666666666667,5.95,6.1866666666666665
2025-12-06 23:00:00+00:00,t2,1,0.24333333333333332,0.06620083797648617,0.3411426682456938,0.8326645717097912,0.24396644031099302,0.01,4.83,6.033333333333334
2025-12-06 23:00:00+00:00,t2,2,0.24333333333333332,0.09515981607976734,0.4768352805130077,0.9249854923023542,0.34551812937783266,0.04666666666666667,5.95,6.033333333333334
2025-12-07 00:00:00+00:00,t1,1,0.43166666666666664,0.129422101400867,0.3982440994270756,0.8642852394113433,0.29666767038040753,0.01,5.41,7.206666666666667
2025-12-07 00:00:00+00:00,t1,2,0.43166666666666664,0.12587132072237006,0.409607837149214,0.9295681551399335,0.40783563748079876,0.035,6.45,7.206666666666667
2025-12-07 00:00:00+00:00,t2,1,0.3433333333333333,0.0819023790367307,0.39603130857933766,0.8633018446701421,0.29666767038040753,0.01,5.41,6.708333333333333
2025-12-07 00:00:00+00:00,t2,2,0.3433333333333333,0.10587647805544334,0.402804981115089,0.9280507574127879,0.40783563748079876,0.011666666666666667,6.45,6.708333333333333
2025-12-07 01:00:00+00:00,t1,1,0.445,0.16113486006941372,0.481577412874925,0.8782069807483913,0.34551812937783266,0.021666666666666667,5.99,7.353333333333333
2025-12-07 01:00:00+00:00,t1,2,0.445,0.13227508642733468,0.4490390546119706,0.9107955208274834,0.46587952084773093,0.065,6.66,7.353333333333333
2025-12-07 01:00:00+00:00,t2,1,0.37333333333333335,0.12789854729574396,0.47965601500566013,0.8753714399891309,0.34551812937783266,0.015,5.99,6.991666666666667
2025-12-07 01:00:00+00:00,t2,2,0.37333333333333335,0.09426519212257227,0.4422361985778456,0.9092781231003377,0.46587952084773093,0.03833333333333334,6.66,6.991666666666667
2025-12-07 02:00:00+00:00,t1,1,0.5066666666666667,0.22920180520808434,0.5454782225440759,0.8841794682250874,0.40783563748079876,0.021666666666666667,6.35,7.938333333333333
2025-12-07 02:00:00+00:00,t1,2,0.5066666666666667,0.1440300116296549,0.39148095337765537,0.8981021858465014,0.46587952084773093,0.011666666666666667,6.82,7.938333333333333
2025-12-07 02:00:00+00:00,t2,1,0.4666666666666666,0.22224752341388185,0.5433064392692174,0.8811916879660601,0.40783563748079876,0.015,6.35,8.118333333333334
2025-12-07 02:00:00+00:00,t2,2,0.4666666666666666,0.1003119673957405,0.39083589580566835,0.8957222975154895,0.46587952084773093,0.01,6.82,8.118333333333334
2025-12-07 03:00:00+00:00,t1,1,0.10166666666666667,0.18364609301863272,0.4863398724065646,0.9533069268074524,0.40783563748079876,0.17,6.46,4.883333333333334
2025-12-07 03:00:00+00:00,t1,2,0.10166666666666667,0.09441981350402824,0.3319626307075488,0.8584229053333157,0.46587952084773093,0.01,6.78,4.883333333333334
2025-12-07 03:00:00+00:00,t2,1,0.05000000000000001,0.17520739957416728,0.48050737477235983,0.9502951644780554,0.40783563748079876,0.125,6.46,4.1433333333333335
2025-12-07 03:00:00+00:00,t2,2,0.05000000000000001,0.05193342029568035,0.33036358848969105,0.8575112981317452,0.46587952084773093,0.01,6.78,4.1433333333333335
2025-12-07 04:00:00+00:00,t1,1,0.03,0.09585451499219884,0.5748784986755352,0.8698799440790675,0.533438938580799,0.18500000000000003,7.25,3.8550000000000004
2025-12-07 04:00:00+00:00,t1,2,0.03,0.025237084268490716,0.404305147853219,0.8259259251324742,0.533438938580799,0.013333333333333334,7.15,3.8550000000000004
2025-12-07 04:00:00+00:00,t2,1,0.013333333333333334,0.04589184786702506,0.5821631819168381,0.868560913564789,0.533438938580799,0.155,7.25,3.1783333333333332
2025-12-07 04:00:00+00:00,t2,2,0.013333333333333334,0.0,0.41256509065607105,0.8251102216566721,0.533438938580799,0.008333333333333333,7.15,3.1783333333333332
2025-12-07 05:00:00+00:00,t1,1,0.055,0.08014756160265842,0.5298398984672791,0.8533082161329784,0.46587952084773093,0.10666666666666667,6.78,4.315
2025-12-07 05:00:00+00:00,t1,2,0.055,0.032437027412038584,0.3687511315265832,0.7387620038158627,0.29666767038040753,0.01,5.3,4.315
2025-12-07 05:00:00+00:00,t2,1,0.055,0.05217998979916125,0.5295354313201779,0.8521123539897346,0.46587952084773093,0.06999999999999999,6.78,4.5216666666666665
2025-12-07 05:00:00+00:00,t2,2,0.055,0.02981870703436889,0.36942192394103096,0.7387458412417697,0.29666767038040753,0.008333333333333333,5.3,4.5216666666666665
2025-12-07 06:00:00+00:00,t1,1,0.01,0.1451372451592441,0.5613876399108318,0.9802024525044502,0.46587952084773093,0.10833333333333334,6.67,1.6433333333333333
2025-12-07 06:00:00+00:00,t1,2,0.01,0.010284205529558138,0.31337266647623796,0.6579186920767496,0.29666767038040753,0.01,5.41,1.6433333333333333
2025-12-07 06:00:00+00:00,t2,1,0.008333333333333333,0.1358988614228985,0.5613403685943437,0.9771346405751644,0.46587952084773093,0.135,6.67,1.7733333333333332
2025-12-07 06:00:00+00:00,t2,2,0.008333333333333333,0.0,0.31404345889068574,0.6579186920767496,0.29666767038040753,0.01,5.41,1.7733333333333332
2025-12-07 07:00:00+00:00,t1,1,0.01,0.12418002928518548,0.5548071705508326,0.9421612954341687,0.533438938580799,0.73,7.05,0.9250000000000002
2025-12-07 07:00:00+00:00,t1,2,0.01,0.0,0.24439203853637367,0.5375910767493435,0.20381297203510923,0.01,4.23,0.9250000000000002
2025-12-07 07:00:00+00:00,t2,1,0.01,0.07724307021665328,0.5547598992343444,0.9408595173420572,0.533438938580799,0.7866666666666666,7.05,0.8633333333333333
2025-12-07 07:00:00+00:00,t2,2,0.01,0.0,0.24377147244878056,0.5375910767493435,0.20381297203510923,0.01,4.23,0.8633333333333333
2025-12-07 08:00:00+00:00,t1,1,0.011666666666666667,0.13007213027819028,0.6772581513551226,0.8467347157342817,0.533438938580799,0.6533333333333333,7.18,2.56
2025-12-07 08:00:00+00:00,t1,2,0.011666666666666667,0.008871908369604055,0.18405825200107037,0.38851719619722125,0.13303917357062492,0.01,2.83,2.56
2025-12-07 08:00:00+00:00,t2,1,0.01,0.08837258779098402,0.6769536842080214,0.8467185531601887,0.533438938580799,0.6699999999999999,7.18,2.606666666666667
2025-12-07 08:00:00+00:00,t2,2,0.01,0.010548301056693599,0.18343768591347726,0.38851719619722125,0.13303917357062492,0.01,2.83,2.606666666666667
2025-12-07 09:00:00+00:00,t1,1,0.011666666666666667,0.06534246771171695,0.4881879355344984,0.7740107014034883,0.40783563748079876,0.5716666666666667,6.43,3.0849999999999995
2025-12-07 09:00:00+00:00,t1,2,0.011666666666666667,0.008871908369604055,0.08180998606683901,0.2767045598135029,0.10344010868308474,0.01,1.52,3.0849999999999995
2025-12-07 09:00:00+00:00,t2,1,0.02,0.02989551510835156,0.4878834683873971,0.7739945388293953,0.40783563748079876,0.6166666666666667,6.43,3.3183333333333334
2025-12-07 09:00:00+00:00,t2,2,0.02,0.008668594133963583,0.08133547598359354,0.2767045598135029,0.10344010868308474,0.008333333333333333,1.52,3.3183333333333334
2025-12-07 10:00:00+00:00,t1,1,0.01,0.0,0.3581783718876695,0.6728040613142313,0.34551812937783266,0.4083333333333334,5.96,1.4666666666666668
2025-12-07 10:00:00+00:00,t1,2,0.01,0.008871908369604055,0.07804737744817251,0.1940866854015485,0.09097294306980487,0.01,0.96,1.4666666666666668
2025-12-07 10:00:00+00:00,t2,1,0.01,0.0,0.3570160453222204,0.6728040613142313,0.34551812937783266,0.44166666666666665,5.96,1.7333333333333334
2025-12-07 10:00:00+00:00,t2,2,0.01,0.007462007522894594,0.07757286736492705,0.1940866854015485,0.09097294306980487,0.01,0.96,1.7333333333333334
2025-12-07 11:00:00+00:00,t1,1,0.023333333333333334,0.0,0.317726235116026,0.5828939653814786,0.20381297203510923,0.3233333333333333,4.41,3.2133333333333334
2025-12-07 11:00:00+00:00,t1,2,0.023333333333333334,0.008871908369604055,0.06735384129744426,0.15684310401790305,0.10344010868308474,0.008333333333333333,1.59,3.2133333333333334
2025-12-07 11:00:00+00:00,t2,1,0.030000000000000002,0.0,0.3154186060528837,0.5830751824094157,0.20381297203510923,0.43,4.41,3.328333333333333
2025-12-07 11:00:00+00:00,t2,2,0.030000000000000002,0.007618125168345454,0.06712581491090369,0.15684310401790305,0.10344010868308474,0.01,1.59,3.328333333333333
2025-12-07 12:00:00+00:00,t1,1,0.016666666666666666,0.009535060561803336,0.22545137416975672,0.4049172944763624,0.13303917357062492,0.09333333333333334,2.78,3.5033333333333334
2025-12-07 12:00:00+00:00,t1,2,0.016666666666666666,0.008871908369604055,0.09062555838178266,0.22334651887623885,0.10431543935643564,0.021666666666666667,2.44,3.5033333333333334
2025-12-07 12:00:00+00:00,t2,1,0.006666666666666667,0.009781812069523914,0.2249768640865112,0.4049172944763624,0.13303917357062492,0.09166666666666667,2.78,3.651666666666667
2025-12-07 12:00:00+00:00,t2,2,0.006666666666666667,0.0075897011827144815,0.09039753199524209,0.22334651887623885,0.10431543935643564,0.024999999999999998,2.44,3.651666666666667
2025-12-07 13:00:00+00:00,t1,1,0.075,0.009535060561803336,0.156306870038249,0.3807002485138616,0.17437129044610378,0.01,3.78,5.1066666666666665
2025-12-07 13:00:00+00:00,t1,2,0.075,0.008871908369604055,0.10999391791221819,0.23408298652187942,0.13303917357062492,0.16,2.6,5.1066666666666665
2025-12-07 13:00:00+00:00,t2,1,0.075,0.009392794457141218,0.15359768797472856,0.3804660254318718,0.17437129044610378,0.01,3.78,5.203333333333333
2025-12-07 13:00:00+00:00,t2,2,0.075,0.007643768163363462,0.10936433852529966,0.23408298652187942,0.13303917357062492,0.15833333333333333,2.6,5.203333333333333
2025-12-07 14:00:00+00:00,t1,1,0.016666666666666666,0.009535060561803336,0.18260853966614124,0.3466193185798338,0.17437129044610378,0.01,3.78,3.2266666666666666
2025-12-07 14:00:00+00:00,t1,2,0.016666666666666666,0.008871908369604055,0.030608109224397058,0.20917179528697719,0.10344010868308474,0.18166666666666667,1.91,3.2266666666666666
2025-12-07 14:00:00+00:00,t2,1,0.013333333333333334,0.009535957524400418,0.1798993576026208,0.34622009048436814,0.17437129044610378,0.01,3.78,2.766666666666667
2025-12-07 14:00:00+00:00,t2,2,0.013333333333333334,0.007822565255293368,0.029978529837478517,0.20917179528697719,0.10344010868308474,0.18833333333333332,1.91,2.766666666666667
2025-12-07 15:00:00+00:00,t1,1,0.011666666666666667,0.009535060561803336,0.18273497318948795,0.3778966735379578,0.17437129044610378,0.01,3.69,2.723333333333333
2025-12-07 15:00:00+00:00,t1,2,0.011666666666666667,0.008871908369604055,0.06615868895079863,0.1659640367106642,0.10277016520894071,0.17333333333333334,0.25,2.723333333333333
2025-12-07 15:00:00+00:00,t2,1,0.01,0.009461210339418895,0.1800257911259675,0.37749744544249214,0.17437129044610378,0.01,3.69,2.651666666666667
2025-12-07 15:00:00+00:00,t2,2,0.01,0.007644370056196672,0.06559974050830704,0.1659640367106642,0.10277016520894071,0.16166666666666665,0.25,2.651666666666667
2025-12-07 16:00:00+00:00,t1,1,0.08833333333333333,0.0,0.19152499675029316,0.3975184430682716,0.20381297203510923,0.01,4.02,5.1000000000000005
2025-12-07 16:00:00+00:00,t1,2,0.08833333333333333,0.008871908369604055,0.06682364065258947,0.20531149699364945,0.0898266827891979,0.07666666666666667,1.37,5.1000000000000005
2025-12-07 16:00:00+00:00,t2,1,0.085,0.0,0.18881581468677272,0.39728421998628183,0.20381297203510923,0.01,4.02,5.068333333333333
2025-12-07 16:00:00+00:00,t2,2,0.085,0.007345475594212199,0.06203278535752552,0.20531149699364945,0.0898266827891979,0.06666666666666667,1.37,5.068333333333333
2025-12-07 17:00:00+00:00,t1,1,0.016666666666666666,0.0,0.16392881352354755,0.3585872848571919,0.20381297203510923,0.049999999999999996,4.3,3.0100000000000002
2025-12-07 17:00:00+00:00,t1,2,0.016666666666666666,0.008871908369604055,0.0455523513328589,0.3033227454929297,0.10431543935643564,0.12166666666666666,2.06,3.0100000000000002
2025-12-07 17:00:00+00:00,t2,1,0.015,0.0,0.1612196314600271,0.3583530617752021,0.20381297203510923,0.04833333333333334,4.3,3.2733333333333334
2025-12-07 17:00:00+00:00,t2,2,0.015,0.00801033150785217,0.042843169269338496,0.3030885224109399,0.10431543935643564,0.12000000000000001,2.06,3.2733333333333334
2025-12-07 18:00:00+00:00,t1,1,0.01,0.0,0.09523379951022445,0.38585671923553977,0.20381297203510923,0.09000000000000001,4.08,1.78
2025-12-07 18:00:00+00:00,t1,2,0.01,0.0,0.10096519404863578,0.4210214980965662,0.20381297203510923,0.14333333333333334,4.41,1.78
2025-12-07 18:00:00+00:00,t2,1,0.01,0.0,0.09252461744670408,0.3854574911400741,0.20381297203510923,0.07,4.08,1.78
2025-12-07 18:00:00+00:00,t2,2,0.01,0.0,0.09825601198511541,0.42062227000110053,0.20381297203510923,0.145,4.41,1.78
2025-12-07 19:00:00+00:00,t1,1,0.01,0.0,0.09091153711962559,0.40162990621427413,0.24396644031099302,0.10833333333333334,4.8,1.2766666666666666
2025-12-07 19:00:00+00:00,t1,2,0.01,0.0,0.1270766444957108,0.49360627108344074,0.24396644031099302,0.011666666666666667,4.52,1.2766666666666666
2025-12-07 19:00:00+00:00,t2,1,0.01,0.0,0.08820235505610521,0.4012145155447154,0.24396644031099302,0.07333333333333333,4.8,1.3666666666666665
2025-12-07 19:00:00+00:00,t2,2,0.01,0.0,0.1255855113307263,0.4932070429879751,0.24396644031099302,0.01,4.52,1.3666666666666665
2025-12-07 20:00:00+00:00,t1,1,0.01,0.017520719093772327,0.04764728898814774,0.5449990167578977,0.34551812937783266,0.14166666666666666,5.85,0.9316666666666666
2025-12-07 20:00:00+00:00,t1,2,0.01,0.0,0.14675853608559938,0.5156164359378734,0.24396644031099302,0.01,4.52,0.9316666666666666
2025-12-07 20:00:00+00:00,t2,1,0.01,0.0012822933744764398,0.047309010578217056,0.5445836260883391,0.34551812937783266,0.10166666666666667,5.85,0.8983333333333333
2025-12-07 20:00:00+00:00,t2,2,0.01,0.0,0.14526740292061488,0.5152172078424077,0.24396644031099302,0.01,4.52,0.8983333333333333
2025-12-07 21:00:00+00:00,t1,1,0.01,0.03190394823814994,0.16446438714166148,0.6574779223289234,0.40783563748079876,0.13,6.02,1.5200000000000002
2025-12-07 21:00:00+00:00,t1,2,0.01,0.0,0.1400503585797542,0.5270672757924285,0.20381297203510923,0.011666666666666667,4.43,1.5200000000000002
2025-12-07 21:00:00+00:00,t2,1,0.01,0.0,0.16192524801428518,0.6570625316593648,0.40783563748079876,0.13333333333333333,6.02,1.23
2025-12-07 21:00:00+00:00,t2,2,0.01,0.0,0.13848647901392697,0.5266680476969627,0.20381297203510923,0.011666666666666667,4.43,1.23
2025-12-07 22:00:00+00:00,t1,1,0.049999999999999996,0.032842573320536736,0.21435025537129834,0.6110437570645508,0.34551812937783266,0.22333333333333336,5.57,4.361666666666666
2025-12-07 22:00:00+00:00,t1,2,0.049999999999999996,0.0,0.16428933470453388,0.6518120543621896,0.24396644031099302,0.008333333333333333,4.64,4.361666666666666
2025-12-07 22:00:00+00:00,t2,1,0.04666666666666667,0.02175988350999985,0.21181111624392204,0.6103500123132526,0.34551812937783266,0.22999999999999998,5.57,4.515
2025-12-07 22:00:00+00:00,t2,2,0.04666666666666667,0.0,0.16272545513870665,0.6513966636926309,0.24396644031099302,0.01,4.64,4.515
2025-12-07 23:00:00+00:00,t1,1,0.23833333333333337,0.07342200178221002,0.25885595116183435,0.7114534938258111,0.34551812937783266,0.29333333333333333,5.84,6.645
2025-12-07 23:00:00+00:00,t1,2,0.23833333333333337,0.0817748687236242,0.36662544326575897,0.8169371063104696,0.29666767038040753,0.01,5.11,6.645
2025-12-07 23:00:00+00:00,t2,1,0.21833333333333335,0.04226157817030987,0.25502223696370174,0.7102385622545434,0.34551812937783266,0.24333333333333332,5.84,6.55
2025-12-07 23:00:00+00:00,t2,2,0.21833333333333335,0.06589015177158276,0.3572730301924107,0.8159315280952202,0.29666767038040753,0.01,5.11,6.55
2025-12-08 00:00:00+00:00,t1,1,0.15666666666666668,0.14320288851049662,0.3864513899328747,0.822659174828337,0.533438938580799,0.43166666666666664,7.47,5.7
2025-12-08 00:00:00+00:00,t1,2,0.15666666666666668,0.10579024663019884,0.34501311462979256,0.841027529577898,0.5595838549817422,0.01,7.89,5.7
2025-12-08 00:00:00+00:00,t2,1,0.15166666666666667,0.08652367057212346,0.3841102042897533,0.8202034935091764,0.533438938580799,0.3433333333333333,7.47,5.8549999999999995
2025-12-08 00:00:00+00:00,t2,2,0.15166666666666667,0.06578518646082569,0.34267192898667115,0.8384471116240896,0.5595838549817422,0.01,7.89,5.8549999999999995
2025-12-08 01:00:00+00:00,t1,1,0.6266666666666666,0.20063792108391812,0.5411737836624312,0.9232953066275164,0.5595838549817422,0.445,7.92,8.568333333333333
2025-12-08 01:00:00+00:00,t1,2,0.6266666666666666,0.1384099062737372,0.3971061570193602,0.9042544656319175,0.5595838549817422,0.021666666666666667,7.63,8.568333333333333
2025-12-08 01:00:00+00:00,t2,1,0.6483333333333333,0.20741461042885176,0.5388325980193096,0.9188635824548718,0.5595838549817422,0.37333333333333335,7.92,9.013333333333334
2025-12-08 01:00:00+00:00,t2,2,0.6483333333333333,0.1423316541429006,0.3947649713762388,0.9020140944399512,0.5595838549817422,0.015,7.63,9.013333333333334
2025-12-08 02:00:00+00:00,t1,1,0.62,0.3412231146421112,0.6548863834111346,0.9232204201419774,0.6380866269626422,0.5066666666666667,9.0,8.446666666666667
2025-12-08 02:00:00+00:00,t1,2,0.62,0.11786387773535165,0.4011455152815465,0.8896893334125328,0.533438938580799,0.021666666666666667,7.21,8.446666666666667
2025-12-08 02:00:00+00:00,t2,1,0.5316666666666666,0.34516397583718533,0.6532873411932769,0.9201204762348535,0.6380866269626422,0.4666666666666666,9.0,8.198333333333332
2025-12-08 02:00:00+00:00,t2,2,0.5316666666666666,0.11782601238294393,0.40050045770955944,0.887534541250631,0.533438938580799,0.015,7.21,8.198333333333332
2025-12-08 03:00:00+00:00,t1,1,0.435,0.4049205900089781,0.7025121042700228,0.950284414833001,0.6380866269626422,0.10166666666666667,8.84,7.251666666666666
2025-12-08 03:00:00+00:00,t1,2,0.435,0.07205287601175678,0.3137414149575575,0.9569584542829116,0.1459803862401931,0.17,3.37,7.251666666666666
2025-12-08 03:00:00+00:00,t2,1,0.3833333333333333,0.42800549171323793,0.7057979828166407,0.9472628691418582,0.6380866269626422,0.05000000000000001,8.84,7.095
2025-12-08 03:00:00+00:00,t2,2,0.3833333333333333,0.07902038826781967,0.310500217703221,0.9548581084060465,0.1459803862401931,0.125,3.37,7.095
2025-12-08 04:00:00+00:00,t1,1,0.34,0.32450691241543056,0.7626963027983354,0.9865917499396414,0.7036149602258147,0.03,9.9,6.81
2025-12-08 04:00:00+00:00,t1,2,0.34,0.004259361364985432,0.3317499621472279,0.7630093341338128,0.0898266827891979,0.18500000000000003,1.06,6.81
2025-12-08 04:00:00+00:00,t2,1,0.35333333333333333,0.3380572134022936,0.7656415909200676,0.9822006146112814,0.7036149602258147,0.013333333333333334,9.9,7.026666666666667
2025-12-08 04:00:00+00:00,t2,2,0.35333333333333333,0.013167800041574486,0.3327422203092385,0.7618312028282751,0.0898266827891979,0.155,1.06,7.026666666666667
2025-12-08 05:00:00+00:00,t1,1,0.17833333333333334,0.11865223129397265,0.5943569574799071,0.9147966491034906,0.5595838549817422,0.055,7.92,5.193333333333333
2025-12-08 05:00:00+00:00,t1,2,0.17833333333333334,0.008871908369604055,0.24246492548746065,0.6784836046671218,0.10431543935643564,0.10666666666666667,2.21,5.193333333333333
2025-12-08 05:00:00+00:00,t2,1,0.15666666666666665,0.10479523961671533,0.5976428360265251,0.9136156210452204,0.5595838549817422,0.055,7.92,5.286666666666666
2025-12-08 05:00:00+00:00,t2,2,0.15666666666666665,0.006557381033660418,0.24199041540421515,0.6773054733615841,0.10431543935643564,0.06999999999999999,2.21,5.286666666666666
2025-12-08 06:00:00+00:00,t1,1,0.011666666666666667,0.03273346914404287,0.40410420021625354,0.7266310640230366,0.20381297203510923,0.01,4.35,1.8666666666666665
2025-12-08 06:00:00+00:00,t1,2,0.011666666666666667,0.008871908369604055,0.1804158072228655,0.39733318929239886,0.17437129044610378,0.10833333333333334,3.54,1.8666666666666665
2025-12-08 06:00:00+00:00,t2,1,0.01,0.01996854864917262,0.40379973306915223,0.7266310640230366,0.20381297203510923,0.008333333333333333,4.35,1.8583333333333334
2025-12-08 06:00:00+00:00,t2,2,0.01,0.005517968284615549,0.184341277881256,0.39733318929239886,0.17437129044610378,0.135,3.54,1.8583333333333334
2025-12-08 07:00:00+00:00,t1,1,0.013333333333333334,0.009535060561803336,0.20093059404774669,0.38069061404976695,0.0898266827891979,0.01,1.28,2.03
2025-12-08 07:00:00+00:00,t1,2,0.013333333333333334,0.008871908369604055,0.17431269693220278,0.3464247692037833,0.10344010868308474,0.73,1.65,2.03
2025-12-08 07:00:00+00:00,t2,1,0.01,0.008124866098078937,0.20045608396450118,0.38069061404976695,0.0898266827891979,0.01,1.28,1.8833333333333335
2025-12-08 07:00:00+00:00,t2,2,0.01,0.006524105830690269,0.17503551015736762,0.3464247692037833,0.10344010868308474,0.7866666666666666,1.65,1.8833333333333335
2025-12-08 08:00:00+00:00,t1,1,0.01,0.009535060561803336,0.15266377471620293,0.27941189561667373,0.17437129044610378,0.011666666666666667,3.85,2.348333333333333
2025-12-08 08:00:00+00:00,t1,2,0.01,0.008871908369604055,0.17270745551444855,0.34788945822811473,0.1459803862401931,0.6533333333333333,3.15,2.348333333333333
2025-12-08 08:00:00+00:00,t2,1,0.008333333333333333,0.008625038661966478,0.15338658794136778,0.27941189561667373,0.17437129044610378,0.01,3.85,2.5816666666666666
2025-12-08 08:00:00+00:00,t2,2,0.008333333333333333,0.007592794736011198,0.1734302687396134,0.34788945822811473,0.1459803862401931,0.6699999999999999,3.15,2.5816666666666666
2025-12-08 09:00:00+00:00,t1,1,0.041666666666666664,0.0,0.2191460085785447,0.4350080175282047,0.46587952084773093,0.011666666666666667,6.66,2.8233333333333337
2025-12-08 09:00:00+00:00,t1,2,0.041666666666666664,0.0,0.1366285061748832,0.31854182111361207,0.20381297203510923,0.5716666666666667,4.16,2.8233333333333337
2025-12-08 09:00:00+00:00,t2,1,0.04,0.0,0.21845669879966717,0.4349918549541117,0.46587952084773093,0.02,6.66,2.935
2025-12-08 09:00:00+00:00,t2,2,0.04,0.0,0.13735131940004805,0.31854182111361207,0.20381297203510923,0.6166666666666667,4.16,2.935
2025-12-08 10:00:00+00:00,t1,1,0.41333333333333333,0.0043866979272841194,0.34846520557495003,0.6542153135526844,0.6380866269626422,0.01,8.87,7.328333333333333
2025-12-08 10:00:00+00:00,t1,2,0.41333333333333333,0.0,0.2508923579600053,0.42283631993633775,0.29666767038040753,0.4083333333333334,5.02,7.328333333333333
2025-12-08 10:00:00+00:00,t2,1,0.4216666666666667,0.0,0.3477758957960725,0.6541991509785914,0.6380866269626422,0.01,8.87,7.5249999999999995
2025-12-08 10:00:00+00:00,t2,2,0.4216666666666667,0.0,0.2428316930024464,0.4228201573622447,0.29666767038040753,0.44166666666666665,5.02,7.5249999999999995
2025-12-08 11:00:00+00:00,t1,1,0.5133333333333333,0.1000997862851286,0.6122382507086184,0.915087359346127,0.6886657154935532,0.023333333333333334,9.3,7.9816666666666665
2025-12-08 11:00:00+00:00,t1,2,0.5133333333333333,0.0,0.2812364821021334,0.5867754824544105,0.46587952084773093,0.3233333333333333,6.71,7.9816666666666665
2025-12-08 11:00:00+00:00,t2,1,0.5333333333333333,0.10145682529936745,0.6113514697185953,0.9146698089203836,0.6886657154935532,0.030000000000000002,9.3,8.174999999999999
2025-12-08 11:00:00+00:00,t2,2,0.5333333333333333,0.0,0.27479233445502493,0.5867593198803175,0.46587952084773093,0.43,6.71,8.174999999999999
2025-12-08 12:00:00+00:00,t1,1,0.30833333333333335,0.5819313870922699,0.8702254356706798,1.0,0.6886657154935532,0.016666666666666666,9.11,6.781666666666666
2025-12-08 12:00:00+00:00,t1,2,0.30833333333333335,0.2899894280495082,0.7536672402794751,0.9991160427235202,0.7513208481965913,0.09333333333333334,10.96,6.781666666666666
2025-12-08 12:00:00+00:00,t2,1,0.33,0.5768498599469815,0.8701781643541916,1.0,0.6886657154935532,0.006666666666666667,9.11,7.06
2025-12-08 12:00:00+00:00,t2,2,0.33,0.26734303612069343,0.7536199689629869,0.9951591018753623,0.7513208481965913,0.09166666666666667,10.96,7.06
2025-12-08 13:00:00+00:00,t1,1,0.7000000000000001,0.7011316384269831,0.9265458881971603,1.0,0.6886657154935532,0.075,9.27,9.4
2025-12-08 13:00:00+00:00,t1,2,0.7000000000000001,0.5767379528857286,0.9082184164937508,1.0,0.7513208481965913,0.01,10.77,9.4
2025-12-08 13:00:00+00:00,t2,1,0.6816666666666666,0.7729729523314911,0.926414178521426,1.0,0.6886657154935532,0.075,9.27,9.200000000000001
2025-12-08 13:00:00+00:00,t2,2,0.6816666666666666,0.6088842463705442,0.9080867068180165,1.0,0.7513208481965913,0.01,10.77,9.200000000000001
2025-12-08 14:00:00+00:00,t1,1,0.9333333333333332,0.7224581016022839,0.9130429741048526,1.0,0.751884164222874,0.016666666666666666,10.09,10.983333333333334
2025-12-08 14:00:00+00:00,t1,2,0.9333333333333332,0.6402640730191791,0.891098668772941,1.0,0.6886657154935532,0.01,9.43,10.983333333333334
2025-12-08 14:00:00+00:00,t2,1,0.9199999999999999,0.7180424981440344,0.9129112644291183,1.0,0.751884164222874,0.013333333333333334,10.09,10.833333333333334
2025-12-08 14:00:00+00:00,t2,2,0.9199999999999999,0.657745794701174,0.8909669590972067,1.0,0.6886657154935532,0.01,9.43,10.833333333333334
2025-12-08 15:00:00+00:00,t1,1,0.9550000000000001,0.6459186103514797,0.9378163405688423,1.0,0.6886657154935532,0.011666666666666667,9.03,11.041666666666666
2025-12-08 15:00:00+00:00,t1,2,0.9550000000000001,0.7537458314727259,0.9393059302047865,1.0,0.751884164222874,0.01,10.09,11.041666666666666
2025-12-08 15:00:00+00:00,t2,1,0.9466666666666667,0.6308384692882152,0.937684630893108,1.0,0.6886657154935532,0.01,9.03,11.255
2025-12-08 15:00:00+00:00,t2,2,0.9466666666666667,0.7553325578841261,0.9391742205290522,1.0,0.751884164222874,0.01,10.09,11.255
2025-12-08 16:00:00+00:00,t1,1,0.975,0.5473507057055447,0.9475670600120321,1.0,0.5595838549817422,0.08833333333333333,7.96,11.273333333333333
2025-12-08 16:00:00+00:00,t1,2,0.975,0.6472324341916695,0.9071769002303455,1.0,0.6886657154935532,0.01,9.19,11.273333333333333
2025-12-08 16:00:00+00:00,t2,1,0.96,0.5783731458607777,0.9474353503362978,1.0,0.5595838549817422,0.085,7.96,11.25
2025-12-08 16:00:00+00:00,t2,2,0.96,0.6864040225904542,0.9070451905546112,1.0,0.6886657154935532,0.01,9.19,11.25
2025-12-08 17:00:00+00:00,t1,1,0.8649999999999999,0.48153535671296,0.891222462643286,1.0,0.533438938580799,0.016666666666666666,7.37,10.186666666666667
2025-12-08 17:00:00+00:00,t1,2,0.8649999999999999,0.6194107163116023,0.8970169371710299,1.0,0.6380866269626422,0.049999999999999996,8.71,10.186666666666667
2025-12-08 17:00:00+00:00,t2,1,0.8533333333333334,0.4843690029215607,0.8910907529675517,1.0,0.533438938580799,0.015,7.37,10.273333333333333
2025-12-08 17:00:00+00:00,t2,2,0.8533333333333334,0.6408664580165999,0.8968852274952956,1.0,0.6380866269626422,0.04833333333333334,8.71,10.273333333333333
2025-12-08 18:00:00+00:00,t1,1,0.9550000000000001,0.35571193811946705,0.8543766400063709,1.0,0.46587952084773093,0.01,6.67,10.611666666666666
2025-12-08 18:00:00+00:00,t1,2,0.9550000000000001,0.492728367556745,0.9305614957645189,1.0,0.46587952084773093,0.09000000000000001,6.86,10.611666666666666
2025-12-08 18:00:00+00:00,t2,1,0.945,0.3347153520795427,0.854605475758135,1.0,0.46587952084773093,0.01,6.67,10.736666666666666
2025-12-08 18:00:00+00:00,t2,2,0.945,0.49816160036123047,0.9304297860887846,1.0,0.46587952084773093,0.07,6.86,10.736666666666666
2025-12-08 19:00:00+00:00,t1,1,0.775,0.2178717096008268,0.6987022830108827,1.0,0.46587952084773093,0.01,6.79,9.543333333333333
2025-12-08 19:00:00+00:00,t1,2,0.775,0.2035223467389202,0.7210168082024068,1.0,0.34551812937783266,0.10833333333333334,5.55,9.543333333333333
2025-12-08 19:00:00+00:00,t2,1,0.785,0.17057383398285186,0.6989311187626467,0.9991698295681558,0.46587952084773093,0.01,6.79,9.583333333333334
2025-12-08 19:00:00+00:00,t2,2,0.785,0.2003135872693563,0.7208850985266725,1.0,0.34551812937783266,0.07333333333333333,5.55,9.583333333333334
2025-12-08 20:00:00+00:00,t1,1,0.27999999999999997,0.19336478634218007,0.6622742532624599,0.9903201777210644,0.46587952084773093,0.01,6.68,6.513333333333333
2025-12-08 20:00:00+00:00,t1,2,0.27999999999999997,0.1147428372738159,0.6948412257389078,1.0,0.24396644031099302,0.14166666666666666,4.85,6.513333333333333
2025-12-08 20:00:00+00:00,t2,1,0.2966666666666667,0.1507755997549135,0.662185974373092,0.9902242739952959,0.46587952084773093,0.01,6.68,6.853333333333334
2025-12-08 20:00:00+00:00,t2,2,0.2966666666666667,0.10717410038121325,0.6950700614906719,1.0,0.24396644031099302,0.10166666666666667,4.85,6.853333333333334
2025-12-08 21:00:00+00:00,t1,1,0.14833333333333334,0.08016756256548825,0.5816984576054377,0.8179811973604911,0.24396644031099302,0.01,4.94,5.546666666666667
2025-12-08 21:00:00+00:00,t1,2,0.14833333333333334,0.08014078768017771,0.5089191792816535,0.7663208378358608,0.17437129044610378,0.13,3.64,5.546666666666667
2025-12-08 21:00:00+00:00,t2,1,0.15,0.014985214287069712,0.5882143789609316,0.8167069898415079,0.24396644031099302,0.01,4.94,5.715
2025-12-08 21:00:00+00:00,t2,2,0.15,0.033354502710593134,0.5095575541475724,0.7663208378358608,0.17437129044610378,0.13333333333333333,3.64,5.715
2025-12-08 22:00:00+00:00,t1,1,0.12166666666666666,0.009535060561803336,0.3965732587873939,0.5070417021565561,0.13303917357062492,0.049999999999999996,2.67,5.22
2025-12-08 22:00:00+00:00,t1,2,0.12166666666666666,0.008871908369604055,0.41744148587312113,0.5790118645978222,0.13303917357062492,0.22333333333333336,2.66,5.22
2025-12-08 22:00:00+00:00,t2,1,0.125,0.014388681240492395,0.3956971957037705,0.5070417021565561,0.13303917357062492,0.04666666666666667,2.67,5.41
2025-12-08 22:00:00+00:00,t2,2,0.125,0.017880841535984824,0.4177884677605667,0.5790118645978222,0.13303917357062492,0.22999999999999998,2.66,5.41
2025-12-08 23:00:00+00:00,t1,1,0.07166666666666667,0.009535060561803336,0.11402185546136304,0.25367715741441005,0.10431543935643564,0.23833333333333337,2.05,4.445
2025-12-08 23:00:00+00:00,t1,2,0.07166666666666667,0.008871908369604055,0.29077392401245217,0.45413614894286114,0.13303917357062492,0.29333333333333333,2.81,4.445
2025-12-08 23:00:00+00:00,t2,1,0.075,0.008399380989993951,0.11346290701887145,0.25367715741441005,0.10431543935643564,0.21833333333333335,2.05,4.751666666666666
2025-12-08 23:00:00+00:00,t2,2,0.075,0.007691263556625897,0.29021497556996056,0.45413614894286114,0.13303917357062492,0.24333333333333332,2.81,4.751666666666666
2025-12-09 00:00:00+00:00,t1,1,0.02666666666666667,0.009535060561803336,0.026633524583166333,0.11834019689579983,0.0898266827891979,0.15666666666666668,1.3,3.466666666666667
2025-12-09 00:00:00+00:00,t1,2,0.02666666666666667,0.008871908369604055,0.10262369493624802,0.2161306680245756,0.10344010868308474,0.43166666666666664,1.85,3.466666666666667
2025-12-09 00:00:00+00:00,t2,1,0.024999999999999998,0.008142325794299769,0.026074576140674738,0.11834019689579983,0.0898266827891979,0.15166666666666667,1.3,3.706666666666667
2025-12-09 00:00:00+00:00,t2,2,0.024999999999999998,0.007346729181737623,0.10206474649375644,0.2161306680245756,0.10344010868308474,0.3433333333333333,1.85,3.706666666666667
2025-12-09 01:00:00+00:00,t1,1,0.01,0.009535060561803336,0.019267422157442,0.06474512706180274,0.0898266827891979,0.6266666666666666,1.18,2.5033333333333334
2025-12-09 01:00:00+00:00,t1,2,0.01,0.008871908369604055,0.033946047795337296,0.08333011956085108,0.0898266827891979,0.445,1.07,2.5033333333333334
2025-12-09 01:00:00+00:00,t2,1,0.011666666666666667,0.00811272096723731,0.018708473714950404,0.06474512706180274,0.0898266827891979,0.6483333333333333,1.18,2.8983333333333334
2025-12-09 01:00:00+00:00,t2,2,0.011666666666666667,0.007390217584190716,0.0333870993528457,0.08333011956085108,0.0898266827891979,0.37333333333333335,1.07,2.8983333333333334
2025-12-09 02:00:00+00:00,t1,1,0.01,0.009535060561803336,0.07068907627174154,0.12572168912500964,0.10344010868308474,0.62,1.59,1.1316666666666666
2025-12-09 02:00:00+00:00,t1,2,0.01,0.008871908369604055,0.060155632047351054,0.1658947940359681,0.10344010868308474,0.5066666666666667,1.82,1.1316666666666666
2025-12-09 02:00:00+00:00,t2,1,0.01,0.008115193836656017,0.07021456618849607,0.12572168912500964,0.10344010868308474,0.5316666666666666,1.59,1.1466666666666667
2025-12-09 02:00:00+00:00,t2,2,0.01,0.007465966171481755,0.059681121964105584,0.1658947940359681,0.10344010868308474,0.4666666666666666,1.82,1.1466666666666667
2025-12-09 03:00:00+00:00,t1,1,0.01,0.009535060561803336,0.047394254183921666,0.26833387281775856,0.17437129044610378,0.435,3.93,1.8916666666666666
2025-12-09 03:00:00+00:00,t1,2,0.01,0.008871908369604055,0.09057973747814328,0.3096916914167193,0.17437129044610378,0.10166666666666667,3.73,1.8916666666666666
2025-12-09 03:00:00+00:00,t2,1,0.01,0.007405171004037639,0.0469197441006762,0.26833387281775856,0.17437129044610378,0.3833333333333333,3.93,2.1166666666666667
2025-12-09 03:00:00+00:00,t2,2,0.01,0.007377260913129366,0.09010522739489782,0.3096916914167193,0.17437129044610378,0.05000000000000001,3.73,2.1166666666666667
2025-12-09 04:00:00+00:00,t1,1,0.17666666666666667,0.014463744291378443,0.2226266785937618,0.6159223019290362,0.34551812937783266,0.34,5.78,5.3133333333333335
2025-12-09 04:00:00+00:00,t1,2,0.17666666666666667,0.0,0.17341831370384078,0.6113052032557575,0.34551812937783266,0.03,5.88,5.3133333333333335
2025-12-09 04:00:00+00:00,t2,1,0.155,0.0,0.22102763637590403,0.6153782608697524,0.34551812937783266,0.35333333333333333,5.78,5.318333333333333
2025-12-09 04:00:00+00:00,t2,2,0.155,0.0,0.17131727787474554,0.6112890406816646,0.34551812937783266,0.013333333333333334,5.88,5.318333333333333
2025-12-09 05:00:00+00:00,t1,1,0.8283333333333333,0.2170118937898137,0.6339480879913217,0.9980282185115945,0.533438938580799,0.17833333333333334,7.18,9.781666666666666
2025-12-09 05:00:00+00:00,t1,2,0.8283333333333333,0.065332947170715,0.4656913183793767,0.9411359702158528,0.5595838549817422,0.055,7.57,9.781666666666666
2025-12-09 05:00:00+00:00,t2,1,0.7999999999999999,0.22510358175655942,0.6342613621023319,0.9976827722359026,0.533438938580799,0.15666666666666665,7.18,9.881666666666666
2025-12-09 05:00:00+00:00,t2,2,0.7999999999999999,0.08242369160989835,0.46628869557436275,0.941012323429279,0.5595838549817422,0.055,7.57,9.881666666666666
2025-12-09 06:00:00+00:00,t1,1,0.915,0.6680693545723352,0.9418499764408725,1.0,0.5595838549817422,0.011666666666666667,7.94,10.58
2025-12-09 06:00:00+00:00,t1,2,0.915,0.6488489500043361,0.940389384376267,1.0,0.5595838549817422,0.01,7.75,10.58
2025-12-09 06:00:00+00:00,t2,1,0.9083333333333333,0.7502531033851133,0.9418027051243844,1.0,0.5595838549817422,0.01,7.94,10.708333333333334
2025-12-09 06:00:00+00:00,t2,2,0.9083333333333333,0.6237838769664983,0.9403421130597788,1.0,0.5595838549817422,0.008333333333333333,7.75,10.708333333333334
2025-12-09 07:00:00+00:00,t1,1,0.9866666666666667,0.9431281973221831,0.9721504629910684,1.0,0.7036149602258147,0.013333333333333334,9.74,12.433333333333332
2025-12-09 07:00:00+00:00,t1,2,0.9866666666666667,0.8123316404188168,0.9525524620766994,1.0,0.6886657154935532,0.01,9.33,12.433333333333332
2025-12-09 07:00:00+00:00,t2,1,0.9716666666666667,0.8840323962070882,0.9721031916745803,1.0,0.7036149602258147,0.01,9.74,12.291666666666666
2025-12-09 07:00:00+00:00,t2,2,0.9716666666666667,0.7706946601294562,0.9525051907602112,1.0,0.6886657154935532,0.01,9.33,12.291666666666666
2025-12-09 08:00:00+00:00,t1,1,0.9866666666666667,0.9405108507304438,1.0,1.0,0.7036149602258147,0.01,9.97,12.223333333333334
2025-12-09 08:00:00+00:00,t1,2,0.9866666666666667,0.9243003455124004,0.9923260606293601,1.0,0.7036149602258147,0.011666666666666667,9.84,12.223333333333334
2025-12-09 08:00:00+00:00,t2,1,0.9700000000000001,0.946224615981978,1.0,1.0,0.7036149602258147,0.008333333333333333,9.97,12.219999999999999
2025-12-09 08:00:00+00:00,t2,2,0.9700000000000001,0.9174402269738646,0.992278789312872,1.0,0.7036149602258147,0.01,9.84,12.219999999999999
2025-12-09 09:00:00+00:00,t1,1,0.9883333333333333,0.8532724980884703,0.9967120929227923,1.0,0.7036149602258147,0.041666666666666664,9.69,11.715000000000002
2025-12-09 09:00:00+00:00,t1,2,0.9883333333333333,0.6585431090375147,0.958144860326694,1.0,0.6886657154935532,0.011666666666666667,9.26,11.715000000000002
2025-12-09 09:00:00+00:00,t2,1,0.9633333333333333,0.9017803070934384,0.9966648216063041,1.0,0.7036149602258147,0.04,9.69,11.653333333333334
2025-12-09 09:00:00+00:00,t2,2,0.9633333333333333,0.6432217007666017,0.9580975890102058,1.0,0.6886657154935532,0.02,9.26,11.653333333333334
2025-12-09 10:00:00+00:00,t1,1,0.98,0.7106002196008955,0.9791855250418092,1.0,0.6886657154935532,0.41333333333333333,9.22,11.39
2025-12-09 10:00:00+00:00,t1,2,0.98,0.2448137171064675,0.9328498674040138,0.9584147070295517,0.621809413221861,0.01,8.4,11.39
2025-12-09 10:00:00+00:00,t2,1,0.9683333333333333,0.7491886959012188,0.979138253725321,1.0,0.6886657154935532,0.4216666666666667,9.22,11.596666666666666
2025-12-09 10:00:00+00:00,t2,2,0.9683333333333333,0.2567844524458799,0.9361357459506318,0.9562649816055155,0.621809413221861,0.01,8.4,11.596666666666666
2025-12-09 11:00:00+00:00,t1,1,0.9316666666666666,0.448226354656775,0.9471211057565087,1.0,0.6380866269626422,0.5133333333333333,8.53,10.615
2025-12-09 11:00:00+00:00,t1,2,0.9316666666666666,0.1982142564290059,0.5635028367093816,0.8798813346703319,0.5595838549817422,0.023333333333333334,7.54,10.615
2025-12-09 11:00:00+00:00,t2,1,0.9533333333333333,0.4404960555954041,0.9470738344400205,1.0,0.6380866269626422,0.5333333333333333,8.53,10.946666666666667
2025-12-09 11:00:00+00:00,t2,2,0.9533333333333333,0.17385258082926183,0.5667887152559996,0.8777880222044068,0.5595838549817422,0.030000000000000002,7.54,10.946666666666667
2025-12-09 12:00:00+00:00,t1,1,0.9416666666666668,0.3312353217826254,0.8240528114916404,1.0,0.5595838549817422,0.30833333333333335,7.94,10.875
2025-12-09 12:00:00+00:00,t1,2,0.9416666666666668,0.05003372258259903,0.4510260321851328,0.806166136960336,0.46587952084773093,0.016666666666666666,6.6,10.875
2025-12-09 12:00:00+00:00,t2,1,0.9533333333333333,0.34570596616630117,0.8273386900382584,1.0,0.5595838549817422,0.33,7.94,10.923333333333332
2025-12-09 12:00:00+00:00,t2,2,0.9533333333333333,0.048512290753699755,0.44888844605813466,0.806166136960336,0.46587952084773093,0.006666666666666667,6.6,10.923333333333332
2025-12-09 13:00:00+00:00,t1,1,0.8849999999999999,0.1094409689429566,0.5883219126175737,0.8851015004669613,0.46587952084773093,0.7000000000000001,6.93,10.268333333333333
2025-12-09 13:00:00+00:00,t1,2,0.8849999999999999,0.008871908369604055,0.3574847676381662,0.6264263873853516,0.17437129044610378,0.075,3.77,10.268333333333333
2025-12-09 13:00:00+00:00,t2,1,0.9,0.11197471568430892,0.5876158924700945,0.8850853378928684,0.46587952084773093,0.6816666666666666,6.93,10.483333333333333
2025-12-09 13:00:00+00:00,t2,2,0.9,0.014421066686232617,0.35228686205666243,0.626027159289886,0.17437129044610378,0.075,3.77,10.483333333333333
2025-12-09 14:00:00+00:00,t1,1,0.935,0.035132234900893594,0.3449638023321835,0.7571890677628438,0.34551812937783266,0.9333333333333332,5.53,10.426666666666668
2025-12-09 14:00:00+00:00,t1,2,0.935,0.008871908369604055,0.15872555741616393,0.434149709995779,0.0898266827891979,0.016666666666666666,1.21,10.426666666666668
2025-12-09 14:00:00+00:00,t2,1,0.9366666666666666,0.01759915893458476,0.34242466320480736,0.7571890677628438,0.34551812937783266,0.9199999999999999,5.53,10.576666666666666
2025-12-09 14:00:00+00:00,t2,2,0.9366666666666666,0.008128223772592964,0.15816660897367227,0.434149709995779,0.0898266827891979,0.013333333333333334,1.21,10.576666666666666
2025-12-09 15:00:00+00:00,t1,1,0.815,0.0,0.26888505526718925,0.5972536409397189,0.20381297203510923,0.9550000000000001,4.27,9.698333333333332
2025-12-09 15:00:00+00:00,t1,2,0.815,0.0,0.17404372281132877,0.4459588090084041,0.20381297203510923,0.011666666666666667,4.21,9.698333333333332
2025-12-09 15:00:00+00:00,t2,1,0.8649999999999999,0.012174458616602622,0.2673211757013622,0.5971265604430216,0.20381297203510923,0.9466666666666667,4.27,10.305
2025-12-09 15:00:00+00:00,t2,2,0.8649999999999999,0.0,0.1734141434244102,0.4459588090084041,0.20381297203510923,0.01,4.21,10.305
2025-12-09 16:00:00+00:00,t1,1,0.5316666666666666,0.009535060561803336,0.09638536525402167,0.4167070031950715,0.13303917357062492,0.975,3.0,7.836666666666666
2025-12-09 16:00:00+00:00,t1,2,0.5316666666666666,0.0,0.19981148674685598,0.5232013048494704,0.20381297203510923,0.08833333333333333,4.48,7.836666666666666
2025-12-09 16:00:00+00:00,t2,1,0.5466666666666666,0.011398257267363996,0.09159450995895771,0.4167070031950715,0.13303917357062492,0.96,3.0,8.098333333333333
2025-12-09 16:00:00+00:00,t2,2,0.5466666666666666,0.0,0.1991819073599374,0.5230201372619014,0.20381297203510923,0.085,4.48,8.098333333333333
2025-12-09 17:00:00+00:00,t1,1,0.165,0.009535060561803336,0.04787976304920091,0.210114086118021,0.0898266827891979,0.8649999999999999,1.47,5.433333333333334
2025-12-09 17:00:00+00:00,t1,2,0.165,0.0,0.16080204488144378,0.4016836310956247,0.34551812937783266,0.016666666666666666,5.88,5.433333333333334
2025-12-09 17:00:00+00:00,t2,1,0.145,0.008197094790284553,0.04732081460670932,0.210114086118021,0.0898266827891979,0.8533333333333334,1.47,5.381666666666667
2025-12-09 17:00:00+00:00,t2,2,0.145,0.0,0.1599259817978203,0.4016674685215317,0.34551812937783266,0.015,5.88,5.381666666666667
2025-12-09 18:00:00+00:00,t1,1,0.04833333333333334,0.0,0.1244801043382257,0.3658372145246408,0.20381297203510923,0.9550000000000001,4.35,3.99
2025-12-09 18:00:00+00:00,t1,2,0.04833333333333334,0.0,0.22096689293861563,0.5627457590414704,0.29666767038040753,0.01,5.28,3.99
2025-12-09 18:00:00+00:00,t2,1,0.04,0.0,0.1236040412546023,0.36582105195054776,0.20381297203510923,0.945,4.35,3.901666666666667
2025-12-09 18:00:00+00:00,t2,2,0.04,0.0,0.22009082985499215,0.5627295964673773,0.29666767038040753,0.01,5.28,3.901666666666667
2025-12-09 19:00:00+00:00,t1,1,0.34833333333333333,0.0,0.3074574392457813,0.5070029883830168,0.533438938580799,0.775,7.19,7.616666666666667
2025-12-09 19:00:00+00:00,t1,2,0.34833333333333333,0.0,0.286484701079695,0.5848009281956459,0.621809413221861,0.01,8.19,7.616666666666667
2025-12-09 19:00:00+00:00,t2,1,0.33166666666666667,0.0,0.31296622364216126,0.5069868258089238,0.533438938580799,0.785,7.19,7.295000000000001
2025-12-09 19:00:00+00:00,t2,2,0.33166666666666667,0.0,0.2854195599630982,0.5847847656215528,0.621809413221861,0.01,8.19,7.295000000000001
2025-12-09 20:00:00+00:00,t1,1,0.6333333333333333,0.10757890501002831,0.436129145736675,0.8680235364139978,0.533438938580799,0.27999999999999997,7.41,8.783333333333333
2025-12-09 20:00:00+00:00,t1,2,0.6333333333333333,0.052336494649334556,0.3096835788473738,0.8230092414413066,0.6380866269626422,0.01,8.98,8.783333333333333
2025-12-09 20:00:00+00:00,t2,1,0.6516666666666667,0.054827037858018235,0.43632496993128306,0.8664895864880373,0.533438938580799,0.2966666666666667,7.41,8.968333333333334
2025-12-09 20:00:00+00:00,t2,2,0.6516666666666667,0.0930798542622674,0.3101965176831137,0.8229814983805013,0.6380866269626422,0.01,8.98,8.968333333333334
2025-12-09 21:00:00+00:00,t1,1,0.7716666666666666,0.13986394020436702,0.509641515505036,0.9858595302505042,0.621809413221861,0.14833333333333334,8.3,9.611666666666666
2025-12-09 21:00:00+00:00,t1,2,0.7716666666666666,0.5073922363082743,0.8711827511071625,1.0,0.751884164222874,0.01,10.25,9.611666666666666
2025-12-09 21:00:00+00:00,t2,1,0.7916666666666666,0.1477676714825564,0.5117626475074941,0.9838947713759341,0.621809413221861,0.15,8.3,9.74
2025-12-09 21:00:00+00:00,t2,2,0.7916666666666666,0.46117180281720754,0.8710510414314282,1.0,0.751884164222874,0.01,10.25,9.74
2025-12-09 22:00:00+00:00,t1,1,0.9483333333333333,0.44295604850525944,0.837976991456393,1.0,0.751884164222874,0.12166666666666666,10.23,11.171666666666667
2025-12-09 22:00:00+00:00,t1,2,0.9483333333333333,0.5851012577801714,0.8270133826476231,1.0,0.8771965174129353,0.049999999999999996,14.04,11.171666666666667
2025-12-09 22:00:00+00:00,t2,1,0.9433333333333334,0.37704913545691277,0.8378452817806588,1.0,0.751884164222874,0.125,10.23,11.121666666666668
2025-12-09 22:00:00+00:00,t2,2,0.9433333333333334,0.555175779315146,0.8268816729718889,1.0,0.8771965174129353,0.04666666666666667,14.04,11.121666666666668
2025-12-09 23:00:00+00:00,t1,1,0.9899999999999999,0.7622267198003668,0.9027429243437761,1.0,0.856132530120482,0.07166666666666667,12.83,14.428333333333333
2025-12-09 23:00:00+00:00,t1,2,0.9899999999999999,0.8478345464852431,0.8984857986004188,1.0,0.856132530120482,0.23833333333333337,12.95,14.428333333333333
2025-12-09 23:00:00+00:00,t2,1,0.9783333333333334,0.7595806563129471,0.9026112146680418,1.0,0.856132530120482,0.075,12.83,14.033333333333333
2025-12-09 23:00:00+00:00,t2,2,0.9783333333333334,0.8268459573836682,0.8983540889246845,1.0,0.856132530120482,0.21833333333333335,12.95,14.033333333333333
2025-12-10 00:00:00+00:00,t1,1,0.9816666666666666,0.9534782816904332,0.9566569525948011,1.0,0.856132530120482,0.02666666666666667,13.0,12.104999999999999
2025-12-10 00:00:00+00:00,t1,2,0.9816666666666666,0.9174023479530478,0.9174023479530478,1.0,0.8120074982958418,0.15666666666666668,12.37,12.104999999999999
2025-12-10 00:00:00+00:00,t2,1,0.975,0.9565252429190668,0.9565252429190668,1.0,0.856132530120482,0.024999999999999998,13.0,12.450000000000001
2025-12-10 00:00:00+00:00,t2,2,0.975,0.9172706382773135,0.9172706382773135,1.0,0.8120074982958418,0.15166666666666667,12.37,12.450000000000001
2025-12-10 01:00:00+00:00,t1,1,0.975,0.9598770182066791,0.981260052290421,1.0,0.8120074982958418,0.01,12.39,11.549999999999999
2025-12-10 01:00:00+00:00,t1,2,0.975,0.9465400085666207,0.9897293683402946,1.0,0.8120074982958418,0.6266666666666666,12.36,11.549999999999999
2025-12-10 01:00:00+00:00,t2,1,0.968,0.9539919846260623,0.9709171039538298,1.0,0.8120074982958418,0.011666666666666667,12.39,11.634
2025-12-10 01:00:00+00:00,t2,2,0.968,0.9654129310200696,0.9788483910325061,1.0,0.8120074982958418,0.6483333333333333,12.36,11.634
2025-12-10 02:00:00+00:00,t1,1,0.9899999999999999,0.7811200626190061,0.9953780269113514,1.0,0.8120074982958418,0.01,12.41,11.943333333333333
2025-12-10 02:00:00+00:00,t1,2,0.9899999999999999,0.7564789445415532,0.9908915519871627,1.0,0.8056408045977012,0.62,11.52,11.943333333333333
2025-12-10 03:00:00+00:00,t1,1,0.98,0.7521580982176082,0.9846375239447323,1.0,0.7513208481965913,0.01,10.98,11.576666666666668
2025-12-10 03:00:00+00:00,t1,2,0.98,0.7175448611461626,0.923905952106927,1.0,0.7759836210712704,0.435,11.33,11.576666666666668
2025-12-10 04:00:00+00:00,t1,1,0.9166666666666666,0.6887487396988019,0.8939577207338494,1.0,0.7513208481965913,0.17666666666666667,10.73,10.93
2025-12-10 04:00:00+00:00,t1,2,0.9166666666666666,0.6835763884303085,0.919053893357315,1.0,0.7759836210712704,0.34,11.36,10.93
2025-12-10 05:00:00+00:00,t1,1,0.79,0.5667079815956881,0.8968270657203206,1.0,0.7513208481965913,0.8283333333333333,10.7,9.743333333333334
2025-12-10 05:00:00+00:00,t1,2,0.79,0.6879475130443855,0.9288212577483672,1.0,0.7759836210712704,0.17833333333333334,11.26,9.743333333333334
2025-12-10 05:00:00+00:00,t2,1,0.6416666666666667,0.6570227339750581,0.9235194463176515,1.0,0.7513208481965913,0.7999999999999999,10.7,9.59
2025-12-10 05:00:00+00:00,t2,2,0.6416666666666667,0.7184428857073397,0.9433459208206708,1.0,0.7759836210712704,0.15666666666666665,11.26,9.59
2025-12-10 06:00:00+00:00,t1,1,0.915,0.686264048372826,0.8898136363972935,1.0,0.7513208481965913,0.915,10.65,10.62
2025-12-10 06:00:00+00:00,t1,2,0.915,0.6888330502253579,0.9215464895642417,1.0,0.7759836210712704,0.011666666666666667,11.3,10.62
2025-12-10 06:00:00+00:00,t2,1,0.93,0.7108691554943186,0.8897663650808053,1.0,0.7513208481965913,0.9083333333333333,10.65,11.068333333333333
2025-12-10 06:00:00+00:00,t2,2,0.93,0.716256537286313,0.9214992182477535,1.0,0.7759836210712704,0.01,11.3,11.068333333333333
2025-12-10 07:00:00+00:00,t1,1,0.9416666666666668,0.6997429441468738,0.8941018055700822,1.0,0.7036149602258147,0.9866666666666667,9.93,10.815
2025-12-10 07:00:00+00:00,t1,2,0.9416666666666668,0.6973333011558025,0.9150202232613784,1.0,0.7759836210712704,0.013333333333333334,11.19,10.815
2025-12-10 07:00:00+00:00,t2,1,0.9466666666666667,0.7181831436882878,0.894054534253594,1.0,0.7036149602258147,0.9716666666666667,9.93,11.256666666666666
2025-12-10 07:00:00+00:00,t2,2,0.9466666666666667,0.707316447907185,0.9149729519448903,1.0,0.7759836210712704,0.01,11.19,11.256666666666666
2025-12-10 08:00:00+00:00,t1,1,0.9316666666666666,0.7001968506593047,0.8961385426867523,1.0,0.7036149602258147,0.9866666666666667,9.87,10.911666666666667
2025-12-10 08:00:00+00:00,t1,2,0.9316666666666666,0.6836140285919661,0.8938189569959515,1.0,0.7513208481965913,0.01,10.8,10.911666666666667
2025-12-10 08:00:00+00:00,t2,1,0.9466666666666667,0.7013966197819642,0.8960912713702641,1.0,0.7036149602258147,0.9700000000000001,9.87,10.916666666666666
2025-12-10 08:00:00+00:00,t2,2,0.9466666666666667,0.6946557381028586,0.8937716856794633,1.0,0.7513208481965913,0.008333333333333333,10.8,10.916666666666666
2025-12-10 09:00:00+00:00,t1,1,0.9666666666666667,0.6985425136418599,0.8937038783269108,1.0,0.7513208481965913,0.9883333333333333,10.68,11.318333333333333
2025-12-10 09:00:00+00:00,t1,2,0.9666666666666667,0.7121843259895557,0.8783880130023313,1.0,0.7513208481965913,0.041666666666666664,10.77,11.318333333333333
2025-12-10 09:00:00+00:00,t2,1,0.9616666666666666,0.7460895265002844,0.8936566070104226,1.0,0.7513208481965913,0.9633333333333333,10.68,11.549999999999999
2025-12-10 09:00:00+00:00,t2,2,0.9616666666666666,0.7319840190938887,0.8783407416858431,1.0,0.7513208481965913,0.04,10.77,11.549999999999999
2025-12-10 10:00:00+00:00,t1,1,0.9766666666666666,0.7315820126888996,0.9277496368152417,1.0,0.7759836210712704,0.98,11.35,11.513333333333334
2025-12-10 10:00:00+00:00,t1,2,0.9766666666666666,0.5977619494859083,0.874299962482002,1.0,0.751884164222874,0.41333333333333333,10.14,11.513333333333334
2025-12-10 10:00:00+00:00,t2,1,0.9700000000000001,0.7721759648660633,0.9277023654987535,1.0,0.7759836210712704,0.9683333333333333,11.35,12.243333333333332
2025-12-10 10:00:00+00:00,t2,2,0.9700000000000001,0.6906884156920166,0.8742526911655139,1.0,0.751884164222874,0.4216666666666667,10.14,12.243333333333332
2025-12-10 11:00:00+00:00,t1,1,0.9899999999999999,0.7492517358149958,0.9705776089317495,1.0,0.8120074982958418,0.9316666666666666,12.17,11.656666666666666
2025-12-10 11:00:00+00:00,t1,2,0.9899999999999999,0.5843856418448303,0.8736663376879399,1.0,0.7513208481965913,0.5133333333333333,10.63,11.656666666666666
2025-12-10 11:00:00+00:00,t2,1,0.9733333333333333,0.8386911234770225,0.9705303376152613,1.0,0.8120074982958418,0.9533333333333333,12.17,11.731666666666667
2025-12-10 11:00:00+00:00,t2,2,0.9733333333333333,0.6006199366196976,0.8736190663714517,1.0,0.7513208481965913,0.5333333333333333,10.63,11.731666666666667
2025-12-10 12:00:00+00:00,t1,1,0.9866666666666667,0.702984889246616,0.9819133438947503,1.0,0.8471455938697318,0.9416666666666668,13.41,12.021666666666667
2025-12-10 12:00:00+00:00,t1,2,0.9866666666666667,0.6292656727007688,0.9028310936665109,1.0,0.8120074982958418,0.30833333333333335,12.24,12.021666666666667
2025-12-10 12:00:00+00:00,t2,1,0.9733333333333333,0.8429772369747506,0.9818660725782621,1.0,0.8471455938697318,0.9533333333333333,13.41,12.151666666666666
2025-12-10 12:00:00+00:00,t2,2,0.9733333333333333,0.6961038330844024,0.9027838223500227,1.0,0.8120074982958418,0.33,12.24,12.151666666666666
2025-12-10 13:00:00+00:00,t1,1,0.9633333333333334,0.8949467625745172,0.9997319350635321,1.0,0.8771965174129353,0.8849999999999999,14.16,11.386666666666668
2025-12-10 13:00:00+00:00,t1,2,0.9633333333333334,0.7462068293111672,0.9708294593632724,1.0,0.8120074982958418,0.7000000000000001,12.5,11.386666666666668
2025-12-10 13:00:00+00:00,t2,1,0.9550000000000001,0.9459671554669877,0.9996002253877978,1.0,0.8771965174129353,0.9,14.16,11.28
2025-12-10 13:00:00+00:00,t2,2,0.9550000000000001,0.8387405750909841,0.9706977496875381,1.0,0.8120074982958418,0.6816666666666666,12.5,11.28
2025-12-10 14:00:00+00:00,t1,1,0.9899999999999999,0.9222290805534415,1.0,1.0,0.856132530120482,0.935,12.55,13.308333333333332
2025-12-10 14:00:00+00:00,t1,2,0.9899999999999999,0.9600447543934021,1.0,1.0,0.8120074982958418,0.9333333333333332,12.45,13.308333333333332
2025-12-10 14:00:00+00:00,t2,1,0.98,0.9602190728279967,1.0,1.0,0.856132530120482,0.9366666666666666,12.55,13.263333333333334
2025-12-10 14:00:00+00:00,t2,2,0.98,0.9730998631843772,1.0,1.0,0.8120074982958418,0.9199999999999999,12.45,13.263333333333334
2025-12-10 15:00:00+00:00,t1,1,0.9899999999999999,0.9537935873315908,0.997784792879547,1.0,0.8120074982958418,0.815,12.2,12.386666666666665
2025-12-10 15:00:00+00:00,t1,2,0.9899999999999999,0.9508267031621342,0.9996543196389769,1.0,0.7759836210712704,0.9550000000000001,11.45,12.386666666666665
2025-12-10 15:00:00+00:00,t2,1,0.98,0.9624025357548397,0.997653083203813,1.0,0.8120074982958418,0.8649999999999999,12.2,12.761666666666665
2025-12-10 15:00:00+00:00,t2,2,0.98,0.968786056977682,0.999522609963242,1.0,0.7759836210712704,0.9466666666666667,11.45,12.761666666666665
2025-12-10 16:00:00+00:00,t1,1,0.9899999999999999,0.951750241743669,0.9859402019494342,1.0,0.7513208481965913,0.5316666666666666,10.94,12.753333333333332
2025-12-10 16:00:00+00:00,t1,2,0.9899999999999999,0.9592284106852003,1.0,1.0,0.751884164222874,0.975,10.36,12.753333333333332
2025-12-10 16:00:00+00:00,t2,1,0.98,0.9641166019846585,0.9858084922736999,1.0,0.7513208481965913,0.5466666666666666,10.94,12.886666666666668
2025-12-10 16:00:00+00:00,t2,2,0.98,0.9685691705393966,1.0,1.0,0.751884164222874,0.96,10.36,12.886666666666668
2025-12-10 17:00:00+00:00,t1,1,0.9899999999999999,0.8299530973087972,0.9957697939273843,1.0,0.6886657154935532,0.165,9.23,12.975
2025-12-10 17:00:00+00:00,t1,2,0.9899999999999999,0.8629390058623609,1.0,1.0,0.6886657154935532,0.8649999999999999,9.13,12.975
2025-12-10 17:00:00+00:00,t2,1,0.98,0.9138018135317765,0.99563808425165,1.0,0.6886657154935532,0.145,9.23,12.701666666666668
2025-12-10 17:00:00+00:00,t2,2,0.98,0.899556998775852,1.0,1.0,0.6886657154935532,0.8533333333333334,9.13,12.701666666666668
2025-12-10 18:00:00+00:00,t1,1,0.9816666666666666,0.6960564431733718,0.9954647434781642,1.0,0.6380866269626422,0.04833333333333334,8.59,12.826666666666668
2025-12-10 18:00:00+00:00,t1,2,0.9816666666666666,0.6837974016654285,1.0,1.0,0.5595838549817422,0.9550000000000001,7.96,12.826666666666668
2025-12-10 18:00:00+00:00,t2,1,0.9700000000000001,0.694324447311135,0.9953330338024299,1.0,0.6380866269626422,0.04,8.59,12.393333333333333
2025-12-10 18:00:00+00:00,t2,2,0.9700000000000001,0.790416915599186,1.0,1.0,0.5595838549817422,0.945,7.96,12.393333333333333
2025-12-10 19:00:00+00:00,t1,1,0.9066666666666666,0.531784146620054,0.9191694353628358,0.9993337539855438,0.5595838549817422,0.34833333333333333,7.86,10.143333333333333
2025-12-10 19:00:00+00:00,t1,2,0.9066666666666666,0.6159115053264929,0.962211016217168,1.0,0.5595838549817422,0.775,7.53,10.143333333333333
2025-12-10 19:00:00+00:00,t2,1,0.9433333333333334,0.5431385865946841,0.9193982711145998,0.9946762150132363,0.5595838549817422,0.33166666666666667,7.86,10.584999999999999
2025-12-10 19:00:00+00:00,t2,2,0.9433333333333334,0.6429050485081509,0.9620793065414337,1.0,0.5595838549817422,0.785,7.53,10.584999999999999
2025-12-10 20:00:00+00:00,t1,1,0.47500000000000003,0.3490910422692964,0.8330296786495517,0.9731985074941056,0.621809413221861,0.6333333333333333,8.16,7.666666666666667
2025-12-10 20:00:00+00:00,t1,2,0.47500000000000003,0.5294310823476598,0.9292418325318464,1.0,0.5595838549817422,0.27999999999999997,7.54,7.666666666666667
2025-12-10 20:00:00+00:00,t2,1,0.48833333333333334,0.3551175586620007,0.8332585144013157,0.971864835605338,0.621809413221861,0.6516666666666667,8.16,8.081666666666667
2025-12-10 20:00:00+00:00,t2,2,0.48833333333333334,0.5727848177408023,0.9294706682836105,1.0,0.5595838549817422,0.2966666666666667,7.54,8.081666666666667
2025-12-10 21:00:00+00:00,t1,1,0.36166666666666664,0.2793399926850219,0.5707893537535932,0.919882287879461,0.46587952084773093,0.7716666666666666,6.75,7.401666666666666
2025-12-10 21:00:00+00:00,t1,2,0.36166666666666664,0.4611764121210638,0.825170837405651,0.9882200516101378,0.5595838549817422,0.14833333333333334,7.82,7.401666666666666
2025-12-10 21:00:00+00:00,t2,1,0.35333333333333333,0.21754727769729776,0.5725933711149194,0.9196454322482368,0.46587952084773093,0.7916666666666666,6.75,7.446666666666666
2025-12-10 21:00:00+00:00,t2,2,0.35333333333333333,0.4794344078335806,0.825399673157415,0.9827819661356322,0.5595838549817422,0.15,7.82,7.446666666666666
2025-12-10 22:00:00+00:00,t1,1,0.09333333333333334,0.09408707599945068,0.4694103978240416,0.7709095450566278,0.40783563748079876,0.9483333333333333,6.18,5.056666666666667
2025-12-10 22:00:00+00:00,t1,2,0.09333333333333334,0.27654111267888065,0.6131727820405748,0.9701923827150364,0.533438938580799,0.12166666666666666,7.41,5.056666666666667
2025-12-10 22:00:00+00:00,t2,1,0.08833333333333333,0.026323401132539892,0.4628804539623441,0.7741251687538975,0.40783563748079876,0.9433333333333334,6.18,5.1499999999999995
2025-12-10 22:00:00+00:00,t2,2,0.08833333333333333,0.2870307971393218,0.6134016177923388,0.967569464018535,0.533438938580799,0.125,7.41,5.1499999999999995
2025-12-10 23:00:00+00:00,t1,1,0.01,0.0,0.17706552419742094,0.38535619056604653,0.24396644031099302,0.9899999999999999,4.99,3.3233333333333337
2025-12-10 23:00:00+00:00,t1,2,0.01,0.12407163655143641,0.3995897565792182,0.8622727889917462,0.40783563748079876,0.07166666666666667,6.43,3.3233333333333337
2025-12-10 23:00:00+00:00,t2,1,0.005,0.0,0.18017413419011413,0.38512196748405675,0.24396644031099302,0.9783333333333334,4.99,3.1233333333333335
2025-12-10 23:00:00+00:00,t2,2,0.005,0.044055906079149595,0.3990308081367266,0.8627407211203804,0.40783563748079876,0.075,6.43,3.1233333333333335
2025-12-11 00:00:00+00:00,t1,1,0.01,0.009535060561803336,0.09108548438879949,0.20549714414475667,0.13303917357062492,0.9816666666666666,2.65,1.6316666666666666
2025-12-11 00:00:00+00:00,t1,2,0.01,0.0,0.17776457253370978,0.4509889806254476,0.24396644031099302,0.02666666666666667,4.52,1.6316666666666666
2025-12-11 00:00:00+00:00,t2,1,0.008333333333333333,0.01005528364076584,0.09419409438149273,0.2051522333494498,0.13303917357062492,0.975,2.65,1.915
2025-12-11 00:00:00+00:00,t2,2,0.008333333333333333,0.0,0.18087318252640297,0.4509889806254476,0.24396644031099302,0.024999999999999998,4.52,1.915
2025-12-11 01:00:00+00:00,t1,1,0.03333333333333333,0.009535060561803336,0.09239026128846888,0.30799141560363735,0.10344010868308474,0.975,1.72,4.466666666666667
2025-12-11 01:00:00+00:00,t1,2,0.03333333333333333,0.008871908369604055,0.18668260475100193,0.3300389424516189,0.0898266827891979,0.01,1.18,4.466666666666667
2025-12-11 01:00:00+00:00,t2,1,0.034999999999999996,0.0423050056965657,0.09183131284597729,0.30799141560363735,0.10344010868308474,0.968,1.72,4.55
2025-12-11 01:00:00+00:00,t2,2,0.034999999999999996,0.04407924176560757,0.18612365630851027,0.3300389424516189,0.0898266827891979,0.011666666666666667,1.18,4.55
2025-12-11 02:00:00+00:00,t1,1,0.01,0.062494349915164074,0.21846703209049836,0.6589937761246438,0.5595838549817422,0.9899999999999999,7.78,5.736666666666667
2025-12-11 02:00:00+00:00,t1,2,0.01,0.0,0.28692378956203357,0.5216974703013654,0.34551812937783266,0.01,5.52,5.736666666666667
2025-12-11 02:00:00+00:00,t2,1,0.01,0.05271261075054813,0.21777772231162085,0.6570022407826323,0.5595838549817422,,7.78,5.6866666666666665
2025-12-11 02:00:00+00:00,t2,2,0.01,0.02046230270628123,0.28766732837732406,0.5216813077272724,0.34551812937783266,0.01,5.52,5.6866666666666665
2025-12-11 03:00:00+00:00,t1,1,0.17666666666666667,0.48794441891030105,0.9007813041304964,0.9861106064307638,0.621809413221861,0.98,8.37,8.293333333333335
2025-12-11 03:00:00+00:00,t1,2,0.17666666666666667,0.12374570059371759,0.49280610879845305,0.9909810031655781,0.621809413221861,0.01,8.17,8.293333333333335
2025-12-11 03:00:00+00:00,t2,1,0.3283333333333333,0.5264876821746127,0.9007340328140082,0.9797895409814349,0.621809413221861,,8.37,8.92
2025-12-11 03:00:00+00:00,t2,2,0.3283333333333333,0.17382384834035433,0.49275883748196464,0.9902925370480566,0.621809413221861,0.01,8.17,8.92
2025-12-11 04:00:00+00:00,t1,1,0.995,0.8474857749199032,0.9824169734111009,1.0,0.6886657154935532,0.9166666666666666,9.13,13.700000000000001
2025-12-11 04:00:00+00:00,t1,2,0.995,0.595209241642275,0.9202967582667833,1.0,0.6886657154935532,0.17666666666666667,9.1,13.700000000000001
2025-12-11 04:00:00+00:00,t2,1,0.98,0.8585767703336424,0.9823697020946127,1.0,0.6886657154935532,0.9099999999999999,9.13,13.641666666666666
2025-12-11 04:00:00+00:00,t2,2,0.98,0.5690769027435625,0.9202494869502951,1.0,0.6886657154935532,0.155,9.1,13.641666666666666
2025-12-11 05:00:00+00:00,t1,1,0.9899999999999999,0.9658514110446824,1.0,1.0,0.7513208481965913,0.79,10.54,15.441666666666668
2025-12-11 05:00:00+00:00,t1,2,0.9899999999999999,0.9689823941052857,1.0,1.0,0.7036149602258147,0.8283333333333333,9.8,15.441666666666668
2025-12-11 05:00:00+00:00,t2,1,0.9,0.9655901476733825,1.0,1.0,0.7513208481965913,0.6416666666666667,10.54,14.285000000000002
2025-12-11 05:00:00+00:00,t2,2,0.9,0.9690795957178495,1.0,1.0,0.7036149602258147,0.7999999999999999,9.8,14.285000000000002
2025-12-11 06:00:00+00:00,t1,1,0.9899999999999999,0.9630850776158979,1.0,1.0,0.8120074982958418,0.915,12.17,15.921666666666667
2025-12-11 06:00:00+00:00,t1,2,0.9899999999999999,0.969032450528077,1.0,1.0,0.7759836210712704,0.915,11.09,15.921666666666667
2025-12-11 07:00:00+00:00,t1,1,0.9883333333333333,0.9631105698744664,1.0,1.0,0.856132530120482,0.9416666666666668,12.78,15.826666666666668
2025-12-11 07:00:00+00:00,t1,2,0.9883333333333333,0.9690127414649978,1.0,1.0,0.8056408045977012,0.9866666666666667,11.71,15.826666666666668
2025-12-11 07:00:00+00:00,t2,1,0.9783333333333334,0.9628568316898136,1.0,1.0,0.856132530120482,0.9466666666666667,12.78,16.058333333333334
2025-12-11 07:00:00+00:00,t2,2,0.9783333333333334,0.9687158057821521,1.0,1.0,0.8056408045977012,0.9716666666666667,11.71,16.058333333333334
2025-12-11 08:00:00+00:00,t1,1,0.9899999999999999,0.9623021296838444,1.0,1.0,0.856132530120482,0.9316666666666666,12.64,16.831666666666667
2025-12-11 08:00:00+00:00,t1,2,0.9899999999999999,0.9677590457919667,1.0,1.0,0.8056408045977012,0.9866666666666667,11.69,16.831666666666667
2025-12-11 08:00:00+00:00,t2,1,0.975,0.9620696459588205,1.0,1.0,0.856132530120482,0.9466666666666667,12.64,17.16
2025-12-11 08:00:00+00:00,t2,2,0.975,0.9674402447752084,1.0,1.0,0.8056408045977012,0.9700000000000001,11.69,17.16
2025-12-11 09:00:00+00:00,t1,1,0.9899999999999999,0.9714863002315594,1.0,1.0,0.8120074982958418,0.9666666666666667,12.24,17.348333333333333
2025-12-11 09:00:00+00:00,t1,2,0.9899999999999999,0.9755960038435498,1.0,1.0,0.7759836210712704,0.9883333333333333,11.49,17.348333333333333
2025-12-11 10:00:00+00:00,t1,1,0.9899999999999999,0.9706375888403089,1.0,1.0,0.8120074982958418,0.9766666666666666,12.05,17.965
2025-12-11 10:00:00+00:00,t1,2,0.9899999999999999,0.9770886471255824,1.0,1.0,0.8056408045977012,0.98,11.7,17.965
2025-12-11 11:00:00+00:00,t1,1,0.9899999999999999,0.9741459018534223,1.0,1.0,0.8056408045977012,0.9899999999999999,11.81,17.09
2025-12-11 11:00:00+00:00,t1,2,0.9899999999999999,0.9824940202019551,1.0,1.0,0.8120074982958418,0.9316666666666666,12.14,17.09
2025-12-11 12:00:00+00:00,t1,1,0.9899999999999999,0.9625055787259933,1.0,1.0,0.8120074982958418,0.9866666666666667,12.13,15.538333333333332
2025-12-11 12:00:00+00:00,t1,2,0.9899999999999999,0.9739302843305027,1.0,1.0,0.856132530120482,0.9416666666666668,12.79,15.538333333333332
2025-12-11 12:00:00+00:00,t2,1,0.98,0.9624612390282783,1.0,1.0,0.8120074982958418,0.9733333333333333,12.13,14.705
2025-12-11 12:00:00+00:00,t2,2,0.98,0.9738969900528069,1.0,1.0,0.856132530120482,0.9533333333333333,12.79,14.705
2025-12-11 13:00:00+00:00,t1,1,0.9899999999999999,0.9651270478808861,1.0,1.0,0.8056408045977012,0.9633333333333334,11.8,12.446666666666667
2025-12-11 13:00:00+00:00,t1,2,0.9899999999999999,0.973911853164775,1.0,1.0,0.856132530120482,0.8849999999999999,12.69,12.446666666666667
2025-12-11 13:00:00+00:00,t2,1,0.9733333333333333,0.9650879542567561,1.0,1.0,0.8056408045977012,0.9550000000000001,11.8,11.993333333333334
2025-12-11 13:00:00+00:00,t2,2,0.9733333333333333,0.9738753326073099,1.0,1.0,0.856132530120482,0.9,12.69,11.993333333333334
2025-12-11 14:00:00+00:00,t1,1,0.9899999999999999,0.965115882582559,1.0,1.0,0.8056408045977012,0.9899999999999999,11.57,13.910000000000002
2025-12-11 14:00:00+00:00,t1,2,0.9899999999999999,0.9739138729585906,1.0,1.0,0.8120074982958418,0.935,12.16,13.910000000000002
2025-12-11 14:00:00+00:00,t2,1,0.975,0.965076788958429,1.0,1.0,0.8056408045977012,0.98,11.57,14.033333333333333
2025-12-11 14:00:00+00:00,t2,2,0.975,0.9738753326073099,1.0,1.0,0.8120074982958418,0.9366666666666666,12.16,14.033333333333333
2025-12-11 15:00:00+00:00,t1,1,0.9899999999999999,0.965115882582559,1.0,1.0,0.8056408045977012,0.9899999999999999,11.6,15.358333333333334
2025-12-11 15:00:00+00:00,t1,2,0.9899999999999999,0.9684849896849015,1.0,1.0,0.8056408045977012,0.815,11.93,15.358333333333334
2025-12-11 15:00:00+00:00,t2,1,0.9766666666666666,0.965076788958429,1.0,1.0,0.8056408045977012,0.98,11.6,15.728333333333333
2025-12-11 15:00:00+00:00,t2,2,0.9766666666666666,0.9684458960607714,1.0,1.0,0.8056408045977012,0.8649999999999999,11.93,15.728333333333333
2025-12-11 16:00:00+00:00,t1,1,0.9899999999999999,0.9651057802575194,1.0,1.0,0.8056408045977012,0.9899999999999999,11.63,16.38
2025-12-11 16:00:00+00:00,t1,2,0.9899999999999999,0.9684893738189773,1.0,1.0,0.8056408045977012,0.5316666666666666,11.96,16.38
2025-12-11 16:00:00+00:00,t2,1,0.98,0.9650666866333893,1.0,1.0,0.8056408045977012,0.98,11.63,15.926666666666668
2025-12-11 16:00:00+00:00,t2,2,0.98,0.9684502801948474,1.0,1.0,0.8056408045977012,0.5466666666666666,11.96,15.926666666666668
2025-12-11 17:00:00+00:00,t1,1,0.9899999999999999,0.9651067037524481,1.0,1.0,0.7759836210712704,0.9899999999999999,11.27,16.906666666666666
2025-12-11 17:00:00+00:00,t1,2,0.9899999999999999,0.9739012530893835,1.0,1.0,0.8120074982958418,0.165,12.02,16.906666666666666
2025-12-11 17:00:00+00:00,t2,1,0.9783333333333334,0.9650676101283181,1.0,1.0,0.7759836210712704,0.98,11.27,16.386666666666667
2025-12-11 17:00:00+00:00,t2,2,0.9783333333333334,0.9738621594652535,1.0,1.0,0.8120074982958418,0.145,12.02,16.386666666666667
2025-12-11 18:00:00+00:00,t1,1,0.9899999999999999,0.9489496752806824,1.0,1.0,0.8056408045977012,0.9816666666666666,11.52,17.900000000000002
2025-12-11 18:00:00+00:00,t1,2,0.9899999999999999,0.9509532825127991,1.0,1.0,0.7759836210712704,0.04833333333333334,11.3,17.900000000000002
2025-12-11 18:00:00+00:00,t2,1,0.98,0.9462315092641389,1.0,1.0,0.8056408045977012,0.9700000000000001,11.52,17.544999999999998
2025-12-11 18:00:00+00:00,t2,2,0.98,0.9518721377719663,1.0,1.0,0.7759836210712704,0.04,11.3,17.544999999999998
2025-12-11 19:00:00+00:00,t1,1,0.9899999999999999,0.9478044912295186,1.0,1.0,0.8056408045977012,0.9066666666666666,11.63,19.236666666666668
2025-12-11 19:00:00+00:00,t1,2,0.9899999999999999,0.9482564016933601,1.0,1.0,0.7759836210712704,0.34833333333333333,11.33,19.236666666666668
2025-12-11 19:00:00+00:00,t2,1,0.98,0.9418204349676865,1.0,1.0,0.8056408045977012,0.9433333333333334,11.63,18.158333333333335
2025-12-11 19:00:00+00:00,t2,2,0.98,0.9429098986919804,1.0,1.0,0.7759836210712704,0.33166666666666667,11.33,18.158333333333335
2025-12-11 20:00:00+00:00,t1,1,0.9899999999999999,0.9468201473191533,1.0,1.0,0.8056408045977012,0.47500000000000003,11.68,20.398333333333333
2025-12-11 20:00:00+00:00,t1,2,0.9899999999999999,0.9508654095700975,1.0,1.0,0.7759836210712704,0.6333333333333333,11.41,20.398333333333333
2025-12-11 20:00:00+00:00,t2,1,0.98,0.9379476350753834,1.0,1.0,0.8056408045977012,0.48833333333333334,11.68,19.406666666666666
2025-12-11 20:00:00+00:00,t2,2,0.98,0.9456060151718497,1.0,1.0,0.7759836210712704,0.6516666666666667,11.41,19.406666666666666
2025-12-11 21:00:00+00:00,t1,1,0.9899999999999999,0.9429386267078288,0.9429386267078288,1.0,0.7759836210712704,0.36166666666666664,11.41,17.69
2025-12-11 21:00:00+00:00,t1,2,0.9899999999999999,0.9505251438007829,0.9831698499534213,1.0,0.7759836210712704,0.7716666666666666,11.16,17.69
2025-12-11 21:00:00+00:00,t2,1,0.98,0.9428069170320945,0.9428069170320945,1.0,0.7759836210712704,0.35333333333333333,11.41,18.023333333333333
2025-12-11 21:00:00+00:00,t2,2,0.98,0.9568061523569151,0.9827210256365551,1.0,0.7759836210712704,0.7916666666666666,11.16,18.023333333333333
2025-12-11 22:00:00+00:00,t1,1,0.9899999999999999,0.9364571554673953,0.9467521699463917,1.0,0.7513208481965913,0.09333333333333334,10.85,17.453333333333333
2025-12-11 22:00:00+00:00,t1,2,0.9899999999999999,0.9355206973098664,0.9355206973098664,1.0,0.7513208481965913,0.9483333333333333,10.94,17.453333333333333
2025-12-11 22:00:00+00:00,t2,1,0.98,0.9463033456295254,0.9463033456295254,1.0,0.7513208481965913,0.08833333333333333,10.85,17.551666666666666
2025-12-11 22:00:00+00:00,t2,2,0.98,0.9350718729930002,0.9350718729930002,1.0,0.7513208481965913,0.9433333333333334,10.94,17.551666666666666
2025-12-11 23:00:00+00:00,t1,1,0.9899999999999999,0.8804823223417892,0.9205961671896279,1.0,0.7513208481965913,0.01,10.68,17.64
2025-12-11 23:00:00+00:00,t1,2,0.9899999999999999,0.9384810853172372,0.9421796794806824,1.0,0.751884164222874,0.9899999999999999,10.42,17.64
2025-12-11 23:00:00+00:00,t2,1,0.98,0.9201473428727617,0.9201473428727617,1.0,0.7513208481965913,0.005,10.68,17.293333333333333
2025-12-11 23:00:00+00:00,t2,2,0.98,0.9417308551638162,0.9417308551638162,1.0,0.751884164222874,0.9783333333333334,10.42,17.293333333333333
2025-12-12 00:00:00+00:00,t1,1,0.9899999999999999,0.8932431542236339,0.9494853386517624,1.0,0.7036149602258147,0.01,9.9,16.868333333333336
2025-12-12 00:00:00+00:00,t1,2,0.9899999999999999,0.8833548143162151,0.9284035213933062,1.0,0.751884164222874,0.9816666666666666,10.17,16.868333333333336
2025-12-12 00:00:00+00:00,t2,1,0.9783333333333334,0.9385508947019489,0.9493536289760282,1.0,0.7036149602258147,0.008333333333333333,9.9,17.12666666666667
2025-12-12 00:00:00+00:00,t2,2,0.9783333333333334,0.92795469707644,0.92795469707644,1.0,0.751884164222874,0.975,10.17,17.12666666666667
2025-12-12 01:00:00+00:00,t1,1,0.9899999999999999,0.8997196961109143,0.966290597285404,1.0,0.6886657154935532,0.03333333333333333,9.34,15.75
2025-12-12 01:00:00+00:00,t1,2,0.9899999999999999,0.8824118933272036,0.9514981686915991,1.0,0.751884164222874,0.975,10.1,15.75
2025-12-12 01:00:00+00:00,t2,1,0.98,0.9094444843776227,0.9661588876096697,1.0,0.6886657154935532,0.034999999999999996,9.34,15.278333333333334
2025-12-12 01:00:00+00:00,t2,2,0.98,0.9448791153626881,0.9510493443747329,1.0,0.751884164222874,0.968,10.1,15.278333333333334
2025-12-12 03:00:00+00:00,t1,1,0.99,0.8998329144603213,0.9569404305966693,1.0,0.751884164222874,0.17666666666666667,10.09,13.26
2025-12-12 03:00:00+00:00,t1,2,0.99,0.7695941545001928,0.9283332816026465,1.0,0.7513208481965913,0.98,10.73,13.26
2025-12-12 03:00:00+00:00,t2,1,0.978,0.93449558229607,0.9568931592801811,1.0,0.751884164222874,0.3283333333333333,10.09,13.55
2025-12-12 03:00:00+00:00,t2,2,0.978,0.8235251794222944,0.9282860102861583,1.0,0.7513208481965913,,10.73,13.55
2025-12-12 04:00:00+00:00,t1,1,0.9899999999999999,0.8931936160242944,0.9316254731232555,1.0,0.751884164222874,0.995,10.06,13.118333333333334
2025-12-12 04:00:00+00:00,t1,2,0.9899999999999999,0.8845293065258168,0.9316694605805071,1.0,0.7759836210712704,0.9166666666666666,11.27,13.118333333333334
2025-12-12 04:00:00+00:00,t2,1,0.9783333333333334,0.8509556378373097,0.9315782018067673,1.0,0.751884164222874,0.98,10.06,12.898333333333333
2025-12-12 04:00:00+00:00,t2,2,0.9783333333333334,0.8615106763292881,0.931622189264019,1.0,0.7759836210712704,0.9099999999999999,11.27,12.898333333333333
2025-12-12 05:00:00+00:00,t1,1,0.9899999999999999,0.920958456050295,0.9364555818525823,1.0,0.7036149602258147,0.9899999999999999,9.84,13.719999999999999
2025-12-12 05:00:00+00:00,t1,2,0.9899999999999999,0.8994915903647294,0.9513119965127019,1.0,0.7513208481965913,0.79,10.8,13.719999999999999
2025-12-12 05:00:00+00:00,t2,1,0.98,0.8577455512194483,0.9364083105360941,1.0,0.7036149602258147,0.9,9.84,13.613333333333335
2025-12-12 05:00:00+00:00,t2,2,0.98,0.9096885074971237,0.9512647251962137,1.0,0.7513208481965913,0.6416666666666667,10.8,13.613333333333335
2025-12-12 06:00:00+00:00,t1,1,0.9899999999999999,0.9048436161581723,0.9452418201245842,1.0,0.7513208481965913,0.9899999999999999,10.81,14.104999999999999
2025-12-12 06:00:00+00:00,t1,2,0.9899999999999999,0.9416836828894732,0.9868602684306569,1.0,0.7513208481965913,0.915,10.98,14.104999999999999
2025-12-12 06:00:00+00:00,t2,1,0.9766666666666666,0.7704989925488035,0.9448539583832102,1.0,0.7513208481965913,0.30666666666666664,10.81,14.273333333333333
2025-12-12 06:00:00+00:00,t2,2,0.9766666666666666,0.9449440136297542,0.9868129971141687,1.0,0.7513208481965913,0.93,10.98,14.273333333333333
2025-12-12 07:00:00+00:00,t1,1,0.9899999999999999,0.9375071353996991,1.0,1.0,0.7513208481965913,0.9883333333333333,10.87,15.598333333333334
2025-12-12 07:00:00+00:00,t1,2,0.9899999999999999,0.958225818725265,1.0,1.0,0.7513208481965913,0.9416666666666668,10.87,15.598333333333334
2025-12-12 07:00:00+00:00,t2,1,0.9766666666666666,0.8809856403130558,1.0,1.0,0.7513208481965913,0.9783333333333334,10.87,15.14
2025-12-12 07:00:00+00:00,t2,2,0.9766666666666666,0.9542033121914999,1.0,1.0,0.7513208481965913,0.9466666666666667,10.87,15.14
2025-12-12 08:00:00+00:00,t1,1,0.9899999999999999,0.9658497114272175,1.0,1.0,0.7036149602258147,0.9899999999999999,9.95,13.133333333333333
2025-12-12 08:00:00+00:00,t1,2,0.9899999999999999,0.9691251657766173,1.0,1.0,0.751884164222874,0.9316666666666666,10.48,13.133333333333333
2025-12-12 08:00:00+00:00,t2,1,0.9716666666666667,0.9660860441863193,1.0,1.0,0.7036149602258147,0.975,9.95,12.946666666666665
2025-12-12 08:00:00+00:00,t2,2,0.9716666666666667,0.9693508871054413,1.0,1.0,0.751884164222874,0.9466666666666667,10.48,12.946666666666665
2025-12-12 09:00:00+00:00,t1,1,0.9899999999999999,0.918209268350906,1.0,1.0,0.7036149602258147,0.9899999999999999,9.91,13.913333333333334
2025-12-12 09:00:00+00:00,t1,2,0.9899999999999999,0.963923548969279,1.0,1.0,0.751884164222874,0.9666666666666667,10.04,13.913333333333334
2025-12-12 09:00:00+00:00,t2,1,0.9783333333333334,0.8544704723341506,1.0,1.0,0.7036149602258147,0.22,9.91,13.530000000000001
2025-12-12 09:00:00+00:00,t2,2,0.9783333333333334,0.9693493027459756,1.0,1.0,0.751884164222874,0.9616666666666666,10.04,13.530000000000001
2025-12-12 10:00:00+00:00,t1,1,0.9883333333333333,0.8177769260110369,1.0,1.0,0.7036149602258147,0.9899999999999999,9.99,12.588333333333333
2025-12-12 10:00:00+00:00,t1,2,0.9883333333333333,0.8584448815094143,1.0,1.0,0.7036149602258147,0.9766666666666666,9.83,12.588333333333333
2025-12-12 10:00:00+00:00,t2,1,0.975,0.8247937117159786,1.0,1.0,0.7036149602258147,,9.99,12.811666666666667
2025-12-12 10:00:00+00:00,t2,2,0.975,0.7558741264725244,1.0,1.0,0.7036149602258147,0.9700000000000001,9.83,12.811666666666667
2025-12-12 11:00:00+00:00,t1,1,0.9899999999999999,0.747491229775904,0.9063533767566215,1.0,0.7036149602258147,0.9899999999999999,9.8,12.589999999999998
2025-12-12 11:00:00+00:00,t1,2,0.9899999999999999,0.7313228858206173,0.8898315940841269,1.0,0.7036149602258147,0.9899999999999999,9.51,12.589999999999998
2025-12-12 11:00:00+00:00,t2,1,0.975,0.6294701034843527,0.9063061054401333,1.0,0.7036149602258147,0.3675,9.8,12.706666666666665
2025-12-12 11:00:00+00:00,t2,2,0.975,0.6055590723015429,0.8894437323427529,1.0,0.7036149602258147,0.9733333333333333,9.51,12.706666666666665
2025-12-12 12:00:00+00:00,t1,1,0.9899999999999999,0.7621596288081951,0.8968958297729964,1.0,0.6380866269626422,0.9899999999999999,8.65,15.013333333333334
2025-12-12 12:00:00+00:00,t1,2,0.9899999999999999,0.7302335102840549,0.8892156404963898,1.0,0.6380866269626422,0.9866666666666667,8.87,15.013333333333334
2025-12-12 12:00:00+00:00,t2,1,0.9733333333333333,0.6203120368741021,0.8968485584565082,1.0,0.6380866269626422,0.98,8.65,14.75
2025-12-12 12:00:00+00:00,t2,2,0.9733333333333333,0.6135418255690246,0.8888277787550157,1.0,0.6380866269626422,0.9733333333333333,8.87,14.75
2025-12-12 13:00:00+00:00,t1,1,0.9899999999999999,0.7173031371396753,0.8906144947798703,1.0,0.6886657154935532,0.9899999999999999,9.37,14.953333333333333
2025-12-12 13:00:00+00:00,t1,2,0.9899999999999999,0.7188217418126881,0.8983125830665821,1.0,0.6380866269626422,0.9633333333333334,8.95,14.953333333333333
2025-12-12 13:00:00+00:00,t2,1,0.9716666666666667,0.6372851822020413,0.8928921868806912,1.0,0.6886657154935532,0.9733333333333333,9.37,15.221666666666666
2025-12-12 13:00:00+00:00,t2,2,0.9716666666666667,0.6523723035566102,0.9002496847425171,1.0,0.6380866269626422,0.9550000000000001,8.95,15.221666666666666
2025-12-12 15:00:00+00:00,t1,1,0.9899999999999999,0.7274027624819859,0.8863673555495215,1.0,0.6886657154935532,0.9899999999999999,9.34,15.203333333333333
2025-12-12 15:00:00+00:00,t1,2,0.9899999999999999,0.6536927653703843,0.8702475439680095,1.0,0.7036149602258147,0.9899999999999999,9.55,15.203333333333333
2025-12-12 15:00:00+00:00,t2,1,0.9766666666666666,0.6229816098949401,0.8886450476503424,1.0,0.6886657154935532,0.9766666666666666,9.34,14.768333333333333
2025-12-12 15:00:00+00:00,t2,2,0.9766666666666666,0.5990664435537743,0.8725252360688304,1.0,0.7036149602258147,0.98,9.55,14.768333333333333
2025-12-12 16:00:00+00:00,t1,1,0.9899999999999999,0.7084398611480541,0.9229658525078431,1.0,0.7036149602258147,0.9899999999999999,9.61,14.1
2025-12-12 16:00:00+00:00,t1,2,0.9899999999999999,0.659195419437768,0.8989222928459577,1.0,0.7036149602258147,0.9899999999999999,9.83,14.1
2025-12-12 16:00:00+00:00,t2,1,0.98,0.5590574480076101,0.925243544608664,1.0,0.7036149602258147,0.98,9.61,13.695
2025-12-12 16:00:00+00:00,t2,2,0.98,0.5571261655097164,0.9011999849467786,1.0,0.7036149602258147,0.98,9.83,13.695
2025-12-12 17:00:00+00:00,t1,1,0.9899999999999999,0.7298952643360636,0.8749322053207846,1.0,0.751884164222874,0.9899999999999999,10.25,13.575000000000001
2025-12-12 17:00:00+00:00,t1,2,0.9899999999999999,0.667582090627433,0.906216302538486,1.0,0.751884164222874,0.9899999999999999,10.1,13.575000000000001
2025-12-12 17:00:00+00:00,t2,1,0.98,0.6400056469246896,0.8772098974216055,1.0,0.751884164222874,0.9783333333333334,10.25,13.525
2025-12-12 17:00:00+00:00,t2,2,0.98,0.5914595572745365,0.9084939946393068,1.0,0.751884164222874,0.98,10.1,13.525
2025-12-12 18:00:00+00:00,t1,1,0.9899999999999999,0.6870131511364612,0.919235823616436,1.0,0.6380866269626422,0.9899999999999999,8.81,12.705
2025-12-12 18:00:00+00:00,t1,2,0.9899999999999999,0.6638021362975417,0.8592790968238312,1.0,0.7036149602258147,0.9816666666666666,9.6,12.705
2025-12-12 18:00:00+00:00,t2,1,0.98,0.4894356159906482,0.9211729252923709,1.0,0.6380866269626422,0.98,8.81,12.81
2025-12-12 18:00:00+00:00,t2,2,0.98,0.44797530476929853,0.8612161984997662,1.0,0.7036149602258147,0.9700000000000001,9.6,12.81
2025-12-12 19:00:00+00:00,t1,1,0.9899999999999999,0.5481509138923331,0.8713130043322297,1.0,0.40783563748079876,0.9899999999999999,6.42,13.1
2025-12-12 19:00:00+00:00,t1,2,0.9899999999999999,0.6431578492579839,0.8447078540088768,1.0,0.621809413221861,0.9066666666666666,8.03,13.1
2025-12-12 19:00:00+00:00,t2,1,0.9783333333333334,0.516918039957613,0.8693219833063145,1.0,0.40783563748079876,0.98,6.42,13.338333333333333
2025-12-12 19:00:00+00:00,t2,2,0.9783333333333334,0.48442346757166527,0.8466449556848118,1.0,0.621809413221861,0.9433333333333334,8.03,13.338333333333333
2025-12-12 20:00:00+00:00,t1,1,0.8983333333333333,0.08866024752904433,0.4538584215627769,0.779790200322266,0.10431543935643564,0.9899999999999999,2.35,10.628333333333334
2025-12-12 20:00:00+00:00,t1,2,0.8983333333333333,0.532549515771227,0.8351586170622228,1.0,0.34551812937783266,0.47500000000000003,5.64,10.628333333333334
2025-12-12 20:00:00+00:00,t2,1,0.9583333333333334,0.05474106880945975,0.4534619414113958,0.7764813710247339,0.10431543935643564,0.98,2.35,11.063333333333333
2025-12-12 20:00:00+00:00,t2,2,0.9583333333333334,0.44713726026086426,0.8370957187381578,1.0,0.34551812937783266,0.48833333333333334,5.64,11.063333333333333
2025-12-12 21:00:00+00:00,t1,1,0.5383333333333333,0.004153895293508155,0.1634042901055993,0.5556200783510915,0.0898266827891979,0.9899999999999999,1.01,7.773333333333333
2025-12-12 21:00:00+00:00,t1,2,0.5383333333333333,0.31656599278349784,0.7152635704946216,0.9867695331022246,0.34551812937783266,0.36166666666666664,5.73,7.773333333333333
2025-12-12 21:00:00+00:00,t2,1,0.5116666666666666,0.016503035958392677,0.16284534166310763,0.5529673315354225,0.0898266827891979,0.98,1.01,7.658333333333334
2025-12-12 21:00:00+00:00,t2,2,0.5116666666666666,0.25121297518601843,0.709379684477245,0.9834473438379789,0.34551812937783266,0.35333333333333333,5.73,7.658333333333334
2025-12-12 22:00:00+00:00,t1,1,0.19333333333333336,0.009535060561803336,0.15102738073819083,0.24309349268350414,0.10344010868308474,0.9899999999999999,1.58,5.34
2025-12-12 22:00:00+00:00,t1,2,0.19333333333333336,0.07652423391809345,0.4409122961062878,0.8327770569034866,0.10431543935643564,0.09333333333333334,2.24,5.34
2025-12-12 22:00:00+00:00,t2,1,0.18000000000000002,0.008119554479540747,0.1504684322956992,0.24309349268350414,0.10344010868308474,0.98,1.58,5.288333333333333
2025-12-12 22:00:00+00:00,t2,2,0.18000000000000002,0.08619079163540073,0.43700692748693964,0.8289825044240712,0.10431543935643564,0.08833333333333333,2.24,5.288333333333333
2025-12-12 23:00:00+00:00,t1,1,0.056666666666666664,0.009535060561803336,0.13321847537987277,0.24330016268729335,0.1459803862401931,0.9899999999999999,3.37,4.495
2025-12-12 23:00:00+00:00,t1,2,0.056666666666666664,0.008639082083603295,0.23432675265120056,0.7058753647585975,0.13303917357062492,0.01,2.98,4.495
2025-12-12 23:00:00+00:00,t2,1,0.05333333333333334,0.007789495690909856,0.13305017096108937,0.24330016268729335,0.1459803862401931,0.98,3.37,4.376666666666666
2025-12-12 23:00:00+00:00,t2,2,0.05333333333333334,0.028043828747067335,0.23816778495034494,0.7028038901832543,0.13303917357062492,0.005,2.98,4.376666666666666
2025-12-13 00:00:00+00:00,t1,1,0.011666666666666667,0.0,0.14464860957038222,0.23938227029259504,0.34551812937783266,0.9899999999999999,5.62,2.9250000000000003
2025-12-13 00:00:00+00:00,t1,2,0.011666666666666667,0.008871908369604055,0.11836580918304883,0.2058234378754085,0.09097294306980487,0.01,0.94,2.9250000000000003
2025-12-13 00:00:00+00:00,t2,1,0.011666666666666667,0.0,0.14956906410658422,0.23921726527911916,0.34551812937783266,0.9783333333333334,5.62,2.7433333333333336
2025-12-13 00:00:00+00:00,t2,2,0.011666666666666667,0.008030406818817717,0.11819750476426544,0.2058234378754085,0.09097294306980487,0.008333333333333333,0.94,2.7433333333333336
2025-12-13 01:00:00+00:00,t1,1,0.02666666666666667,0.009535060561803336,0.1699171649042717,0.2830010232014336,0.1459803862401931,0.9899999999999999,3.34,2.89
2025-12-13 01:00:00+00:00,t1,2,0.02666666666666667,0.008871908369604055,0.12395564635652886,0.18096271188496638,0.10431543935643564,0.03333333333333333,2.07,2.89
2025-12-13 01:00:00+00:00,t2,1,0.011666666666666667,0.009104748318415483,0.1676179255991757,0.2830010232014336,0.1459803862401931,0.98,3.34,2.6799999999999997
2025-12-13 01:00:00+00:00,t2,2,0.011666666666666667,0.008142176460635633,0.12195422295784854,0.18056348378950077,0.10431543935643564,0.034999999999999996,2.07,2.6799999999999997
2025-12-13 02:00:00+00:00,t1,1,0.024999999999999998,0.009535060561803336,0.08270954324873661,0.09237233427626634,0.0898266827891979,0.9899999999999999,1.17,3.1816666666666666
2025-12-13 02:00:00+00:00,t1,2,0.024999999999999998,0.008871908369604055,0.11152243274595518,0.14005487157794153,0.17437129044610378,0.01,3.68,3.1816666666666666
2025-12-13 02:00:00+00:00,t2,1,0.023333333333333334,0.008446566572618155,0.0817040760291186,0.09237233427626634,0.0898266827891979,0.9733333333333333,1.17,2.713333333333333
2025-12-13 02:00:00+00:00,t2,2,0.023333333333333334,0.007854468766587684,0.10921480368281276,0.1398206484959518,0.17437129044610378,0.01,3.68,2.713333333333333
2025-12-13 03:00:00+00:00,t1,1,0.015,0.009535060561803336,0.11159962977918313,0.11159962977918313,0.0898266827891979,0.99,1.15,1.87
2025-12-13 03:00:00+00:00,t1,2,0.015,0.008871908369604055,0.10257671239706588,0.10257671239706588,0.10431543935643564,0.17666666666666667,2.06,1.87
2025-12-13 03:00:00+00:00,t2,1,0.008333333333333333,0.008443514646341086,0.11059416255956513,0.11059416255956513,0.0898266827891979,0.978,1.15,1.54
2025-12-13 03:00:00+00:00,t2,2,0.008333333333333333,0.008092643554777594,0.10026908333392347,0.10026908333392347,0.10431543935643564,0.3283333333333333,2.06,1.54
2025-12-13 04:00:00+00:00,t1,1,0.06666666666666667,0.009535060561803336,0.08084881075138482,0.12902378937984665,0.10277016520894071,0.9899999999999999,0.18,4.0216666666666665
2025-12-13 04:00:00+00:00,t1,2,0.06666666666666667,0.008871908369604055,0.12941911726820557,0.23549352938763216,0.10344010868308474,0.995,1.79,4.0216666666666665
2025-12-13 04:00:00+00:00,t2,1,0.06333333333333334,0.007718955366871031,0.08037430066813936,0.12902378937984665,0.10277016520894071,0.9783333333333334,0.18,4.246666666666667
2025-12-13 04:00:00+00:00,t2,2,0.06333333333333334,0.007786155031862965,0.1289446071849601,0.23549352938763216,0.10344010868308474,0.98,1.79,4.246666666666667
2025-12-13 05:00:00+00:00,t1,1,0.20500000000000002,0.009535060561803336,0.09546947190434954,0.19146261728863345,0.0898266827891979,0.9899999999999999,1.14,6.14
2025-12-13 05:00:00+00:00,t1,2,0.20500000000000002,0.0,0.14873717251384283,0.2375759915407566,0.20381297203510923,0.9899999999999999,4.09,6.14
2025-12-13 05:00:00+00:00,t2,1,0.185,0.008299725656531453,0.09316184284120713,0.19164383431657056,0.0898266827891979,0.98,1.14,6.1425
2025-12-13 05:00:00+00:00,t2,2,0.185,0.0,0.14642954345070033,0.23734176845876687,0.20381297203510923,0.9,4.09,6.1425
2025-12-13 06:00:00+00:00,t1,1,0.15166666666666667,0.010043661856065655,0.1716719132938719,0.46908941666832416,0.20381297203510923,0.9899999999999999,4.02,5.603333333333333
2025-12-13 06:00:00+00:00,t1,2,0.15166666666666667,0.0,0.2866773232849964,0.4863139754516043,0.20381297203510923,0.9899999999999999,4.03,5.603333333333333
2025-12-13 06:00:00+00:00,t2,1,0.049999999999999996,0.0,0.171045473447135,0.4692706336962612,0.20381297203510923,0.9766666666666666,4.02,5.3116666666666665
2025-12-13 06:00:00+00:00,t2,2,0.049999999999999996,0.0,0.28436969422185415,0.48649519247954137,0.20381297203510923,0.30666666666666664,4.03,5.3116666666666665
2025-12-13 07:00:00+00:00,t1,1,0.265,0.0,0.1810247613428711,0.5670828843519017,0.34551812937783266,0.9899999999999999,5.94,6.4750000000000005
2025-12-13 07:00:00+00:00,t1,2,0.265,0.029983737556146146,0.3828237525451711,0.5937010439994936,0.34551812937783266,0.9883333333333333,5.94,6.4750000000000005
2025-12-13 07:00:00+00:00,t2,1,0.2916666666666667,0.0059563191821094645,0.17888717521587277,0.5663584275324851,0.34551812937783266,0.9766666666666666,5.94,6.815
2025-12-13 07:00:00+00:00,t2,2,0.2916666666666667,0.018296385140155143,0.3804313237376028,0.5933382199681468,0.34551812937783266,0.9783333333333334,5.94,6.815
2025-12-13 08:00:00+00:00,t1,1,0.4166666666666667,0.0669311207456022,0.4093332612383348,0.7222638382317116,0.40783563748079876,0.9899999999999999,6.27,7.44
2025-12-13 08:00:00+00:00,t1,2,0.4166666666666667,0.12165919287880936,0.5598645236232023,0.9160890010490154,0.34551812937783266,0.9899999999999999,5.74,7.44
2025-12-13 08:00:00+00:00,t2,1,0.395,0.07377838777461493,0.40719567511133664,0.7212507613800179,0.40783563748079876,0.9716666666666667,6.27,7.496666666666667
2025-12-13 08:00:00+00:00,t2,2,0.395,0.1550541959620861,0.5583446787543153,0.9167408152284104,0.34551812937783266,0.975,5.74,7.496666666666667
2025-12-13 09:00:00+00:00,t1,1,0.44333333333333336,0.2248164629842931,0.674014583330778,0.9192726800727258,0.40783563748079876,0.9899999999999999,6.42,7.635000000000001
2025-12-13 09:00:00+00:00,t1,2,0.44333333333333336,0.3806938701145675,0.6732430661520267,0.9892021971358802,0.533438938580799,0.9899999999999999,7.08,7.635000000000001
2025-12-13 09:00:00+00:00,t2,1,0.44166666666666665,0.21847920641208085,0.681556462402694,0.9185172616174192,0.40783563748079876,0.9783333333333334,6.42,7.665
2025-12-13 09:00:00+00:00,t2,2,0.44166666666666665,0.3407311234291886,0.6728552044106526,0.9874322282911746,0.533438938580799,0.22,7.08,7.665
2025-12-13 10:00:00+00:00,t1,1,0.5366666666666666,0.16038430869004186,0.6509293016247887,0.9714949724167986,0.34551812937783266,0.9883333333333333,5.94,8.191666666666666
2025-12-13 10:00:00+00:00,t1,2,0.5366666666666666,0.3646808645737724,0.7595817646109038,0.9891843027182886,0.533438938580799,0.9899999999999999,7.41,8.191666666666666
2025-12-13 10:00:00+00:00,t2,1,0.5033333333333333,0.17975196118413195,0.6470091203194515,0.9706270040549345,0.34551812937783266,0.975,5.94,8.126666666666667
2025-12-13 10:00:00+00:00,t2,2,0.5033333333333333,0.4002871571889971,0.7556615833055665,0.987767915674958,0.533438938580799,,7.41,8.126666666666667
2025-12-13 11:00:00+00:00,t1,1,0.7383333333333333,0.14410664743167384,0.5337348498680308,0.8666039690755213,0.1459803862401931,0.9899999999999999,3.34,9.278333333333334
2025-12-13 11:00:00+00:00,t1,2,0.7383333333333333,0.1448254115791958,0.6083212816409657,0.9938478920162755,0.533438938580799,0.9899999999999999,7.07,9.278333333333334
2025-12-13 11:00:00+00:00,t2,1,0.7583333333333333,0.10816376965473734,0.5310415883033475,0.8654997582025898,0.1459803862401931,0.975,3.34,9.635
2025-12-13 11:00:00+00:00,t2,2,0.7583333333333333,0.15607777139332646,0.6044011003356284,0.9924666235908667,0.533438938580799,0.3675,7.07,9.635
2025-12-13 12:00:00+00:00,t1,1,0.9166666666666666,0.024209995078091937,0.387225578731316,0.8183610873453184,0.09097294306980487,0.9899999999999999,0.81,10.636666666666667
2025-12-13 12:00:00+00:00,t1,2,0.9166666666666666,0.04073225659242598,0.44185153703531066,0.8940030198608236,0.10277016520894071,0.9899999999999999,0.45,10.636666666666667
2025-12-13 12:00:00+00:00,t2,1,0.93,0.02751989378042875,0.387538852842326,0.8155449893827402,0.09097294306980487,0.9733333333333333,0.81,11.036666666666667
2025-12-13 12:00:00+00:00,t2,2,0.93,0.044400651550191766,0.4433917308869746,0.8914644139762798,0.10277016520894071,0.98,0.45,11.036666666666667
2025-12-13 13:00:00+00:00,t1,1,0.9133333333333334,0.003648701648450166,0.37351142525652326,0.7825257252191018,0.10277016520894071,0.9899999999999999,0.4,10.781666666666666
2025-12-13 13:00:00+00:00,t1,2,0.9133333333333334,0.0033133569065581982,0.3721279283742703,0.7925520607832793,0.10344010868308474,0.9899999999999999,1.86,10.781666666666666
2025-12-13 13:00:00+00:00,t2,1,0.9216666666666667,0.029320490908841246,0.3773524575556676,0.7797096272565236,0.10277016520894071,0.9716666666666667,0.4,10.966666666666667
2025-12-13 13:00:00+00:00,t2,2,0.9216666666666667,0.026448203939759437,0.3705354475366791,0.7962896764697448,0.10344010868308474,0.9733333333333333,1.86,10.966666666666667
2025-12-13 14:00:00+00:00,t1,1,0.88,0.04349638339437132,0.4302162822101781,0.7566854268062536,0.10344010868308474,0.9899999999999999,1.85,10.671666666666667
2025-12-13 14:00:00+00:00,t1,2,0.88,0.014495344101768242,0.3785200558868531,0.807622359533442,0.0898266827891979,0.9899999999999999,1.22,10.671666666666667
2025-12-13 14:00:00+00:00,t2,1,0.875,0.039357237989376334,0.43405731450932244,0.754640614741606,0.10344010868308474,0.98,1.85,10.745
2025-12-13 14:00:00+00:00,t2,2,0.875,0.027182841880470907,0.38459858060368973,0.8044070334753981,0.0898266827891979,0.975,1.22,10.745
2025-12-13 15:00:00+00:00,t1,1,0.9899999999999999,0.052049911326577186,0.4660694416278877,0.7711377225889888,0.10344010868308474,0.9899999999999999,1.73,13.841666666666667
2025-12-13 15:00:00+00:00,t1,2,0.9899999999999999,0.07139353864975355,0.46703341711385316,0.833859712027224,0.1459803862401931,0.9899999999999999,3.19,13.841666666666667
2025-12-13 15:00:00+00:00,t2,1,0.975,0.04465707243979614,0.46991047392703206,0.7683216246264106,0.10344010868308474,0.9766666666666666,1.73,13.956666666666665
2025-12-13 15:00:00+00:00,t2,2,0.975,0.07591487450199248,0.4651222730713554,0.8310436140646458,0.1459803862401931,0.9766666666666666,3.19,13.956666666666665
2025-12-13 16:00:00+00:00,t1,1,0.9166666666666666,0.10864993864382178,0.5310517691855542,0.7829717233187462,0.13303917357062492,0.9899999999999999,2.58,10.796666666666667
2025-12-13 16:00:00+00:00,t1,2,0.9166666666666666,0.05707360312802072,0.5037755052368393,0.9445637170782242,0.20381297203510923,0.9899999999999999,4.4,10.796666666666667
2025-12-13 16:00:00+00:00,t2,1,0.9383333333333334,0.0807255869690065,0.5291406251430565,0.7792636659257485,0.13303917357062492,0.98,2.58,11.098333333333334
2025-12-13 16:00:00+00:00,t2,2,0.9383333333333334,0.06716083251651991,0.4982521646469611,0.9429545431395466,0.20381297203510923,0.98,4.4,11.098333333333334
2025-12-13 17:00:00+00:00,t1,1,0.8666666666666667,0.10187649891618927,0.5224419712230586,0.8670727042227558,0.20381297203510923,0.9899999999999999,4.47,10.578333333333333
2025-12-13 17:00:00+00:00,t1,2,0.8666666666666667,0.1712951859557688,0.7410158046147293,0.9604815125512215,0.24396644031099302,0.9899999999999999,4.65,10.578333333333333
2025-12-13 17:00:00+00:00,t2,1,0.8450000000000001,0.06942902761333093,0.5205308271805608,0.8645109681951401,0.20381297203510923,0.98,4.47,10.751666666666667
2025-12-13 17:00:00+00:00,t2,2,0.8450000000000001,0.19637978626709404,0.7354924640248509,0.956721367210152,0.24396644031099302,0.9783333333333334,4.65,10.751666666666667
2025-12-13 18:00:00+00:00,t1,1,0.31666666666666665,0.08687136736982798,0.587294028127099,0.8694391577234122,0.17437129044610378,0.9899999999999999,3.99,6.626666666666666
2025-12-13 18:00:00+00:00,t1,2,0.31666666666666665,0.23839614351073934,0.6964516486275347,0.9004082602341846,0.40783563748079876,0.9899999999999999,6.24,6.626666666666666
2025-12-13 18:00:00+00:00,t2,1,0.315,0.10774668846962016,0.5817706875372206,0.8672174776730585,0.17437129044610378,0.98,3.99,6.7700000000000005
2025-12-13 18:00:00+00:00,t2,2,0.315,0.2349427988234843,0.6909283080376564,0.895441872134046,0.40783563748079876,0.98,6.24,6.7700000000000005
2025-12-13 19:00:00+00:00,t1,1,0.2866666666666667,0.011216970625829586,0.4933350258469661,0.7321161303320962,0.10431543935643564,0.9899999999999999,2.04,6.245
2025-12-13 19:00:00+00:00,t1,2,0.2866666666666667,0.07323395294045262,0.5128868844277239,0.8840931528999252,0.34551812937783266,0.9899999999999999,5.81,6.245
2025-12-13 19:00:00+00:00,t2,1,0.26333333333333336,0.03751673638968937,0.4878116852570878,0.7284623902392571,0.10431543935643564,0.9783333333333334,2.04,6.294999999999999
2025-12-13 19:00:00+00:00,t2,2,0.26333333333333336,0.0725735966376248,0.5073635438378455,0.8833487822722159,0.34551812937783266,0.98,5.81,6.294999999999999
2025-12-13 20:00:00+00:00,t1,1,0.07666666666666667,0.014497937208761639,0.42904242408325816,0.7068751281104009,0.10431543935643564,0.8983333333333333,2.05,4.158333333333333
2025-12-13 20:00:00+00:00,t1,2,0.07666666666666667,0.008871908369604055,0.3090048158910799,0.6441383152648886,0.10431543935643564,0.9899999999999999,2.19,4.158333333333333
2025-12-13 20:00:00+00:00,t2,1,0.04833333333333333,0.012622719327481742,0.43116355608571616,0.7044376205516514,0.10431543935643564,0.9583333333333334,2.05,4.003333333333333
2025-12-13 20:00:00+00:00,t2,2,0.04833333333333333,0.007246278476058786,0.3026936911069462,0.6431737693497036,0.10431543935643564,0.98,2.19,4.003333333333333
2025-12-13 21:00:00+00:00,t1,1,0.35333333333333333,0.021844702775158202,0.4733878764206598,0.7673892502807883,0.40783563748079876,0.5383333333333333,6.25,6.031666666666666
2025-12-13 21:00:00+00:00,t1,2,0.35333333333333333,0.008871908369604055,0.19799490634608283,0.3007321578434667,0.1459803862401931,0.9899999999999999,3.05,6.031666666666666
2025-12-13 21:00:00+00:00,t2,1,0.38666666666666666,0.013937310584435522,0.4667610777074233,0.7662197542014381,0.40783563748079876,0.5116666666666666,6.25,6.326666666666667
2025-12-13 21:00:00+00:00,t2,2,0.38666666666666666,0.007534495768882472,0.19863328121200152,0.3007321578434667,0.1459803862401931,0.98,3.05,6.326666666666667
2025-12-13 22:00:00+00:00,t1,1,0.7083333333333334,0.0,0.2766966944556434,0.5146445834355761,0.29666767038040753,0.19333333333333336,5.41,9.209999999999999
2025-12-13 22:00:00+00:00,t1,2,0.7083333333333334,0.0,0.35144755910737313,0.6736126591086068,0.20381297203510923,0.9899999999999999,4.21,9.209999999999999
2025-12-13 22:00:00+00:00,t2,1,0.7016666666666667,0.0,0.27849409999046354,0.5146445834355761,0.29666767038040753,0.18000000000000002,5.41,9.28
2025-12-13 22:00:00+00:00,t2,2,0.7016666666666667,0.0,0.3507005635019567,0.6736126591086068,0.20381297203510923,0.98,4.21,9.28
2025-12-13 23:00:00+00:00,t1,1,0.605,0.012016388896285365,0.3344817770416836,0.6786001851585431,0.29666767038040753,0.056666666666666664,5.06,8.596666666666666
2025-12-13 23:00:00+00:00,t1,2,0.605,0.0,0.24626417056266636,0.568913048941094,0.29666767038040753,0.9899999999999999,5.3,8.596666666666666
2025-12-13 23:00:00+00:00,t2,1,0.6316666666666667,0.009978703676283007,0.3369935530678497,0.6786001851585431,0.29666767038040753,0.05333333333333334,5.06,8.753333333333332
2025-12-13 23:00:00+00:00,t2,2,0.6316666666666667,0.0,0.23817845593668935,0.5686626632850112,0.29666767038040753,0.98,5.3,8.753333333333332
2025-12-14 00:00:00+00:00,t1,1,0.35833333333333334,0.04740972479168051,0.5277377240024687,0.8022595480094198,0.24396644031099302,0.011666666666666667,4.57,6.905
2025-12-14 00:00:00+00:00,t1,2,0.35833333333333334,0.0014254382953800757,0.38026269453829786,0.6928454861953688,0.29666767038040753,0.9899999999999999,5.15,6.905
2025-12-14 00:00:00+00:00,t2,1,0.375,0.015528082345950489,0.5214536203995179,0.8004857744574255,0.24396644031099302,0.011666666666666667,4.57,7.251666666666666
2025-12-14 00:00:00+00:00,t2,2,0.375,0.0,0.3741247525556514,0.6924300955258101,0.29666767038040753,0.9783333333333334,5.15,7.251666666666666
2025-12-14 01:00:00+00:00,t1,1,0.305,0.042639496724986334,0.5679837505973458,0.866432831685255,0.29666767038040753,0.02666666666666667,5.48,6.655
2025-12-14 01:00:00+00:00,t1,2,0.305,0.0,0.29998751565391313,0.6982405509372578,0.29666767038040753,0.9899999999999999,5.33,6.655
2025-12-14 01:00:00+00:00,t2,1,0.30833333333333335,0.0022505215455530247,0.5616996469943951,0.8649446118752411,0.29666767038040753,0.011666666666666667,5.48,6.773333333333333
2025-12-14 01:00:00+00:00,t2,2,0.30833333333333335,0.0,0.2953116052176803,0.6974248474614557,0.29666767038040753,0.98,5.33,6.773333333333333
2025-12-14 02:00:00+00:00,t1,1,0.37833333333333335,0.11189528966774293,0.7001976386819742,0.9179706030595741,0.40783563748079876,0.024999999999999998,6.06,7.11
2025-12-14 02:00:00+00:00,t1,2,0.37833333333333335,0.023342250372662306,0.45900420355111843,0.7884180709974746,0.34551812937783266,0.9899999999999999,5.87,7.11
2025-12-14 02:00:00+00:00,t2,1,0.36000000000000004,0.13532500221311464,0.6933232263305853,0.9151997584757888,0.40783563748079876,0.023333333333333334,6.06,7.083333333333333
2025-12-14 02:00:00+00:00,t2,2,0.36000000000000004,0.00147741113661393,0.45402208745042355,0.786336458667097,0.34551812937783266,0.9733333333333333,5.87,7.083333333333333
2025-12-14 03:00:00+00:00,t1,1,0.73,0.16959647069755027,0.6791905597044496,0.9414544154001779,0.40783563748079876,0.015,6.47,9.223333333333333
2025-12-14 03:00:00+00:00,t1,2,0.73,0.041959301982695915,0.4902455465133646,0.9155983333664801,0.40783563748079876,0.99,6.06,9.223333333333333
2025-12-14 03:00:00+00:00,t2,1,0.68,0.1385065018120359,0.6876438712274616,0.9335099770404387,0.40783563748079876,0.008333333333333333,6.47,9.035
2025-12-14 03:00:00+00:00,t2,2,0.68,0.0539391390721585,0.4781998943481357,0.913624890357825,0.40783563748079876,0.978,6.06,9.035
2025-12-14 04:00:00+00:00,t1,1,0.73,0.14111683571299774,0.7019586126307099,0.9297398742543906,0.46587952084773093,0.06666666666666667,6.93,9.218333333333334
2025-12-14 04:00:00+00:00,t1,2,0.73,0.03709262802699015,0.5200334295239071,0.9152139153395347,0.29666767038040753,0.9899999999999999,5.19,9.218333333333334
2025-12-14 04:00:00+00:00,t2,1,0.755,0.1591065561181559,0.7104119241537219,0.9279347237161335,0.46587952084773093,0.06333333333333334,6.93,9.481666666666667
2025-12-14 04:00:00+00:00,t2,2,0.755,0.040960089164360475,0.5131590171725182,0.9123456003631485,0.29666767038040753,0.9783333333333334,5.19,9.481666666666667
2025-12-14 05:00:00+00:00,t1,1,0.8216666666666667,0.09762286536032036,0.5508497776869673,0.93040257777418,0.40783563748079876,0.20500000000000002,6.42,9.889999999999999
2025-12-14 05:00:00+00:00,t1,2,0.8216666666666667,0.06085568240300397,0.5459474187669147,0.9515118243407168,0.17437129044610378,0.9899999999999999,3.94,9.889999999999999
2025-12-14 05:00:00+00:00,t2,1,0.7716666666666666,0.12121529783783205,0.5593030892099793,0.9280787667254201,0.40783563748079876,0.185,6.42,9.686666666666667
2025-12-14 05:00:00+00:00,t2,2,0.7716666666666666,0.06636961184938181,0.5390730064155258,0.9483440747152763,0.17437129044610378,0.98,3.94,9.686666666666667
2025-12-14 06:00:00+00:00,t1,1,0.9166666666666666,0.07881391329713527,0.43070391098078625,0.8701620606142462,0.40783563748079876,0.15166666666666667,6.05,10.485
2025-12-14 06:00:00+00:00,t1,2,0.9166666666666666,0.09328105340190328,0.5543655168953556,0.8264892662576683,0.40783563748079876,0.9899999999999999,6.42,10.485
2025-12-14 06:00:00+00:00,t2,1,0.8916666666666666,0.09481196781290839,0.4310171850917962,0.8678184590865363,0.40783563748079876,0.049999999999999996,6.05,10.448333333333332
2025-12-14 06:00:00+00:00,t2,2,0.8916666666666666,0.1001514100460913,0.5541478338699931,0.8271244433875534,0.40783563748079876,0.9766666666666666,6.42,10.448333333333332
2025-12-14 07:00:00+00:00,t1,1,0.9766666666666666,0.05125098750794273,0.39552399157882345,0.7567809569094172,0.40783563748079876,0.265,6.16,11.243333333333332
2025-12-14 07:00:00+00:00,t1,2,0.9766666666666666,0.04661490569510841,0.42708984943132794,0.7589021729285245,0.46587952084773093,0.9899999999999999,6.79,11.243333333333332
2025-12-14 07:00:00+00:00,t2,1,0.9700000000000001,0.039847979214173775,0.3958372656898334,0.7567647943353242,0.40783563748079876,0.2916666666666667,6.16,11.306666666666667
2025-12-14 07:00:00+00:00,t2,2,0.9700000000000001,0.03347381131338658,0.4287644626566596,0.7577314865149837,0.46587952084773093,0.9766666666666666,6.79,11.306666666666667
2025-12-14 08:00:00+00:00,t1,1,0.9866666666666667,0.025740451727711958,0.2697363320738901,0.7278114760129905,0.29666767038040753,0.4166666666666667,5.18,11.386666666666668
2025-12-14 08:00:00+00:00,t1,2,0.9866666666666667,0.020847432130767417,0.49422801572943886,0.8774681138718929,0.24396644031099302,0.9899999999999999,4.82,11.386666666666668
2025-12-14 08:00:00+00:00,t2,1,0.9733333333333333,0.016212704786417453,0.2704591452990549,0.7278114760129905,0.29666767038040753,0.395,5.18,11.565
2025-12-14 08:00:00+00:00,t2,2,0.9733333333333333,0.011213997115316378,0.49264385732318794,0.87764933089983,0.24396644031099302,0.9716666666666667,4.82,11.565
2025-12-14 09:00:00+00:00,t1,1,0.7600000000000001,0.009535060561803336,0.1843349515473659,0.34611355400324284,0.1459803862401931,0.44333333333333336,3.46,9.458333333333334
2025-12-14 09:00:00+00:00,t1,2,0.7600000000000001,0.008871908369604055,0.27334468610721746,0.49459728579994783,0.1459803862401931,0.9899999999999999,3.16,9.458333333333334
2025-12-14 09:00:00+00:00,t2,1,0.7383333333333333,0.018363540441755123,0.1847663717940576,0.34611355400324284,0.1459803862401931,0.44166666666666665,3.46,9.731666666666667
2025-12-14 09:00:00+00:00,t2,2,0.7383333333333333,0.018587663168433053,0.27176052770096654,0.4947785028278848,0.1459803862401931,0.9783333333333334,3.16,9.731666666666667
2025-12-14 10:00:00+00:00,t1,1,0.2916666666666667,0.009535060561803336,0.13173339478393198,0.18772889480031382,0.10344010868308474,0.5366666666666666,1.57,6.306666666666666
2025-12-14 10:00:00+00:00,t1,2,0.2916666666666667,0.008871908369604055,0.13474289498179118,0.14896002287036209,0.10344010868308474,0.9883333333333333,1.7,6.306666666666666
2025-12-14 10:00:00+00:00,t2,1,0.2966666666666667,0.008876200497740431,0.13072792756431395,0.1874946717183241,0.10344010868308474,0.5033333333333333,1.57,6.580000000000001
2025-12-14 10:00:00+00:00,t2,2,0.2966666666666667,0.009744583389449583,0.13373742776217318,0.14937546298028892,0.10344010868308474,0.975,1.7,6.580000000000001
2025-12-14 11:00:00+00:00,t1,1,0.03,0.009535060561803336,0.12213970724826063,0.2040241059368451,0.0898266827891979,0.7383333333333333,1.5,3.155
2025-12-14 11:00:00+00:00,t1,2,0.03,0.008871908369604055,0.13868566413705796,0.3711415520793246,0.13303917357062492,0.9899999999999999,2.78,3.155
2025-12-14 11:00:00+00:00,t2,1,0.024999999999999998,0.008414580724639952,0.11983207818511823,0.20384420015501412,0.0898266827891979,0.7583333333333333,1.5,3.2283333333333335
2025-12-14 11:00:00+00:00,t2,2,0.024999999999999998,0.0078066867231426,0.13821115405381246,0.3711415520793246,0.13303917357062492,0.975,2.78,3.2283333333333335
2025-12-14 12:00:00+00:00,t1,1,0.03166666666666667,0.009535060561803336,0.11473808786271422,0.275353176817066,0.17437129044610378,0.9166666666666666,3.76,3.223333333333333
2025-12-14 12:00:00+00:00,t1,2,0.03166666666666667,0.0,0.17609148425116927,0.30417757525623756,0.24396644031099302,0.9899999999999999,4.85,3.223333333333333
2025-12-14 12:00:00+00:00,t2,1,0.03,0.010245208586570046,0.1124304587995718,0.275353176817066,0.17437129044610378,0.93,3.76,3.4616666666666664
2025-12-14 12:00:00+00:00,t2,2,0.03,0.0,0.1737838551880268,0.3039271896001547,0.24396644031099302,0.9733333333333333,4.85,3.4616666666666664
2025-12-14 13:00:00+00:00,t1,1,0.24666666666666667,0.04514333407196937,0.3901910584312239,0.7660889044281779,0.29666767038040753,0.9133333333333334,5.08,6.138333333333333
2025-12-14 13:00:00+00:00,t1,2,0.24666666666666667,0.012960571350659596,0.3279215009292323,0.5549938225571333,0.40783563748079876,0.9899999999999999,6.47,6.138333333333333
2025-12-14 13:00:00+00:00,t2,1,0.24166666666666667,0.023464995835844986,0.39069169687377325,0.7656735137586194,0.29666767038040753,0.9216666666666667,5.08,6.1933333333333325
2025-12-14 13:00:00+00:00,t2,2,0.24166666666666667,0.00044576118694405337,0.32553814867914793,0.5545784318875747,0.40783563748079876,0.9716666666666667,6.47,6.1933333333333325
2025-12-14 14:00:00+00:00,t1,1,0.8883333333333333,0.31088068830019394,0.8016938844792806,0.9836941261497181,0.46587952084773093,0.88,6.8,10.770000000000001
2025-12-14 14:00:00+00:00,t1,2,0.8883333333333333,0.1700616808345563,0.7164742400454476,0.9537443297185034,0.46587952084773093,0.9899999999999999,6.84,10.770000000000001
2025-12-14 14:00:00+00:00,t2,1,0.8683333333333333,0.246172237876098,0.7997941864853796,0.9792711925218003,0.46587952084773093,0.875,6.8,10.593333333333334
2025-12-14 14:00:00+00:00,t2,2,0.8683333333333333,0.14922962627861014,0.7166654912889336,0.9523694647544108,0.46587952084773093,0.98,6.84,10.593333333333334
2025-12-14 15:00:00+00:00,t1,1,0.9899999999999999,0.6093267572129225,0.8934310076076772,1.0,0.5595838549817422,0.9899999999999999,7.85,12.573333333333332
2025-12-14 15:00:00+00:00,t1,2,0.9899999999999999,0.4310242552375075,0.8462308878699425,1.0,0.533438938580799,0.9899999999999999,7.49,12.573333333333332
2025-12-14 15:00:00+00:00,t2,1,0.9783333333333334,0.5790182094101239,0.8917493737808252,1.0,0.5595838549817422,0.975,7.85,13.406666666666666
2025-12-14 15:00:00+00:00,t2,2,0.9783333333333334,0.4446403701655782,0.8403470018525658,1.0,0.533438938580799,0.9766666666666666,7.49,13.406666666666666
2025-12-14 16:00:00+00:00,t1,1,0.9899999999999999,0.7289259103146116,0.8907179794411522,1.0,0.6380866269626422,0.9166666666666666,8.65,12.805
2025-12-14 16:00:00+00:00,t1,2,0.9899999999999999,0.645983986006868,0.8640542735150873,1.0,0.5595838549817422,0.9899999999999999,7.84,12.805
2025-12-14 16:00:00+00:00,t2,1,0.9733333333333333,0.5562710580511526,0.892995671541973,1.0,0.6380866269626422,0.9383333333333334,8.65,12.635
2025-12-14 16:00:00+00:00,t2,2,0.9733333333333333,0.5540910800385707,0.8659913751910223,1.0,0.5595838549817422,0.98,7.84,12.635
2025-12-14 17:00:00+00:00,t1,1,0.9899999999999999,0.7783535913739076,0.9160767357971604,1.0,0.7036149602258147,0.8666666666666667,9.57,13.753333333333332
2025-12-14 17:00:00+00:00,t1,2,0.9899999999999999,0.6938366473393887,0.8707042006208779,1.0,0.6380866269626422,0.9899999999999999,8.55,13.753333333333332
2025-12-14 17:00:00+00:00,t2,1,0.9783333333333334,0.7345007619377524,0.9183544278979813,1.0,0.7036149602258147,0.8450000000000001,9.57,13.58
2025-12-14 17:00:00+00:00,t2,2,0.9783333333333334,0.5039834707557231,0.8729818927216988,1.0,0.6380866269626422,0.98,8.55,13.58
2025-12-14 18:00:00+00:00,t1,1,0.9899999999999999,0.795222633526684,0.8942303262036382,1.0,0.7513208481965913,0.31666666666666665,10.55,13.316666666666668
2025-12-14 18:00:00+00:00,t1,2,0.9899999999999999,0.6897376872127468,0.8522655060651362,1.0,0.6380866269626422,0.9899999999999999,8.91,13.316666666666668
2025-12-14 18:00:00+00:00,t2,1,0.98,0.8003559422977882,0.8940986165279039,1.0,0.7513208481965913,0.315,10.55,13.333333333333334
2025-12-14 18:00:00+00:00,t2,2,0.98,0.5453442708915965,0.854543198165957,1.0,0.6380866269626422,0.98,8.91,13.333333333333334
2025-12-14 19:00:00+00:00,t1,1,0.9899999999999999,0.7967200949785,0.9443169920824241,1.0,0.7513208481965913,0.2866666666666667,10.93,12.418333333333335
2025-12-14 19:00:00+00:00,t1,2,0.9899999999999999,0.7596146574291953,0.893003958072275,1.0,0.7036149602258147,0.9899999999999999,9.67,12.418333333333335
2025-12-14 19:00:00+00:00,t2,1,0.9783333333333334,0.7693842298692513,0.9441852824066899,1.0,0.7513208481965913,0.26333333333333336,10.93,13.13
2025-12-14 19:00:00+00:00,t2,2,0.9783333333333334,0.7244545174151491,0.8952816501730958,1.0,0.7036149602258147,0.9783333333333334,9.67,13.13
2025-12-14 20:00:00+00:00,t1,1,0.96,0.7917959006225916,0.9369414632136437,1.0,0.7513208481965913,0.07666666666666667,10.95,11.061666666666667
2025-12-14 20:00:00+00:00,t1,2,0.96,0.7590764947481157,0.9181240879641973,1.0,0.7036149602258147,0.8983333333333333,9.83,11.061666666666667
2025-12-14 20:00:00+00:00,t2,1,0.955,0.7684140328933755,0.9368097535379094,1.0,0.7513208481965913,0.04833333333333333,10.95,11.700000000000001
2025-12-14 20:00:00+00:00,t2,2,0.955,0.730679694883877,0.9204017800650182,1.0,0.7036149602258147,0.9583333333333334,9.83,11.700000000000001
2025-12-14 21:00:00+00:00,t1,1,0.89,0.7142585722341778,0.9164287063055037,1.0,0.7036149602258147,0.35333333333333333,9.91,10.918333333333331
2025-12-14 21:00:00+00:00,t1,2,0.89,0.6669939728193204,0.9066048096184307,1.0,0.7036149602258147,0.5383333333333333,9.87,10.918333333333331
2025-12-14 21:00:00+00:00,t2,1,0.9133333333333332,0.7035919873991698,0.9162969966297694,1.0,0.7036149602258147,0.38666666666666666,9.91,11.078333333333333
2025-12-14 21:00:00+00:00,t2,2,0.9133333333333332,0.6754529178821302,0.9088825017192516,1.0,0.7036149602258147,0.5116666666666666,9.87,11.078333333333333
2025-12-14 22:00:00+00:00,t1,1,0.555,0.527581932582303,0.8651733425601515,1.0,0.6886657154935532,0.7083333333333334,9.22,7.864999999999999
2025-12-14 22:00:00+00:00,t1,2,0.555,0.5064912498491712,0.8642522116678426,0.9900356994421351,0.7036149602258147,0.19333333333333336,9.71,7.864999999999999
2025-12-14 22:00:00+00:00,t2,1,0.5216666666666666,0.5297482958415213,0.8650416328844173,1.0,0.6886657154935532,0.7016666666666667,9.22,7.871666666666667
2025-12-14 22:00:00+00:00,t2,2,0.5216666666666666,0.45629946787106146,0.8648716914433148,0.9840532917363867,0.7036149602258147,0.18000000000000002,9.71,7.871666666666667
2025-12-14 23:00:00+00:00,t1,1,0.2366666666666667,0.12184486041668421,0.3967218870488302,0.8819634856568352,0.533438938580799,0.605,7.48,6.043333333333333
2025-12-14 23:00:00+00:00,t1,2,0.2366666666666667,0.0,0.31425369823734917,0.7911916695519574,0.6380866269626422,0.056666666666666664,8.78,6.043333333333333
2025-12-14 23:00:00+00:00,t2,1,0.19833333333333333,0.07546341507182033,0.3989422700965233,0.8824340828082935,0.533438938580799,0.6316666666666667,7.48,5.836666666666666
2025-12-14 23:00:00+00:00,t2,2,0.19833333333333333,0.0013445047113552835,0.31408539381856576,0.7898266774894389,0.6380866269626422,0.05333333333333334,8.78,5.836666666666666
2025-12-15 00:00:00+00:00,t1,1,0.016666666666666666,0.0,0.30534473894949943,0.5416656273985824,0.40783563748079876,0.35833333333333334,6.26,2.1083333333333334
2025-12-15 00:00:00+00:00,t1,2,0.016666666666666666,0.0,0.2508723536656009,0.4729143341812421,0.5595838549817422,0.011666666666666667,7.88,2.1083333333333334
2025-12-15 00:00:00+00:00,t2,1,0.016666666666666666,0.0,0.30593109300470095,0.5416494648244894,0.40783563748079876,0.375,6.26,2.356666666666667
2025-12-15 00:00:00+00:00,t2,2,0.016666666666666666,0.0,0.24980721254900415,0.4728981716071491,0.5595838549817422,0.011666666666666667,7.88,2.356666666666667
2025-12-15 01:00:00+00:00,t1,1,0.018333333333333333,0.0,0.30773280007754916,0.519113361855123,0.40783563748079876,0.305,6.44,3.111666666666667
2025-12-15 01:00:00+00:00,t1,2,0.018333333333333333,0.00031734508766365077,0.3585918996991464,0.6810726065755636,0.533438938580799,0.02666666666666667,7.4,3.111666666666667
2025-12-15 01:00:00+00:00,t2,1,0.021666666666666667,0.0,0.30457812403538137,0.51909719928103,0.40783563748079876,0.30833333333333335,6.44,3.3166666666666664
2025-12-15 01:00:00+00:00,t2,2,0.021666666666666667,0.0,0.35923027456506507,0.6810564440014706,0.533438938580799,0.011666666666666667,7.4,3.3166666666666664
2025-12-15 02:00:00+00:00,t1,1,0.6433333333333333,0.0,0.2277093973379129,0.6550935668563503,0.7036149602258147,0.37833333333333335,9.95,8.928333333333333
2025-12-15 02:00:00+00:00,t1,2,0.6433333333333333,0.0,0.317623363718699,0.6863016083005442,0.6886657154935532,0.024999999999999998,9.2,8.928333333333333
2025-12-15 02:00:00+00:00,t2,1,0.6566666666666666,0.0,0.22845293615320333,0.6550774042822574,0.7036149602258147,0.36000000000000004,9.95,9.111666666666666
2025-12-15 02:00:00+00:00,t2,2,0.6566666666666666,0.033444700093906404,0.3198289340804031,0.6862854457264513,0.6886657154935532,0.023333333333333334,9.2,9.111666666666666
2025-12-15 03:00:00+00:00,t1,1,0.5750000000000001,0.006735215186856255,0.3433682371801548,0.7745253085539341,0.621809413221861,0.73,8.05,8.318333333333333
2025-12-15 03:00:00+00:00,t1,2,0.5750000000000001,0.10452444156000867,0.4515335935597737,0.8821036636338639,0.8056408045977012,0.015,11.79,8.318333333333333
2025-12-15 03:00:00+00:00,t2,1,0.5833333333333334,0.018068148605050384,0.3433209658636664,0.7742307918981014,0.621809413221861,0.68,8.05,8.475
2025-12-15 03:00:00+00:00,t2,2,0.5833333333333334,0.17783284466039218,0.4521309707547597,0.8792498498016861,0.8056408045977012,0.008333333333333333,11.79,8.475
2025-12-15 04:00:00+00:00,t1,1,0.7599999999999999,0.2817647135206999,0.6947028136706936,0.9867823187906771,0.621809413221861,0.73,8.1,9.623333333333333
2025-12-15 04:00:00+00:00,t1,2,0.7599999999999999,0.31173949479672614,0.8102263677126781,0.9437727177584411,0.8120074982958418,0.06666666666666667,12.05,9.623333333333333
2025-12-15 04:00:00+00:00,t2,1,0.7566666666666667,0.3420146588717702,0.6946555423542055,0.9837157961004678,0.621809413221861,0.755,8.1,9.785
2025-12-15 04:00:00+00:00,t2,2,0.7566666666666667,0.3557579091195902,0.8101790963961899,0.9391659099487427,0.8120074982958418,0.06333333333333334,12.05,9.785
2025-12-15 05:00:00+00:00,t1,1,0.9933333333333333,0.6000463694436394,0.9135148018660499,1.0,0.751884164222874,0.8216666666666667,10.13,11.568333333333333
2025-12-15 05:00:00+00:00,t1,2,0.9933333333333333,0.5101533202508555,0.9467431206798946,0.9945529898721646,0.7759836210712704,0.20500000000000002,11.49,11.568333333333333
2025-12-15 05:00:00+00:00,t2,1,0.98,0.7061104378356059,0.9134675305495618,1.0,0.751884164222874,0.7716666666666666,10.13,11.648333333333333
2025-12-15 05:00:00+00:00,t2,2,0.98,0.6864179000684372,0.9466958493634064,0.994997423281824,0.7759836210712704,0.185,11.49,11.648333333333333
2025-12-15 06:00:00+00:00,t1,1,0.9899999999999999,0.6429881209715521,0.8947481691791253,1.0,0.8409003267973856,0.9166666666666666,14.58,13.401666666666666
2025-12-15 06:00:00+00:00,t1,2,0.9899999999999999,0.7851228705743167,0.9511093653631658,1.0,0.856132530120482,0.15166666666666667,12.62,13.401666666666666
2025-12-15 06:00:00+00:00,t2,1,0.9700000000000001,0.8161356749675827,0.8947008978626371,1.0,0.8409003267973856,0.8916666666666666,14.58,13.516666666666666
2025-12-15 06:00:00+00:00,t2,2,0.9700000000000001,0.8602339333299458,0.9510620940466776,1.0,0.856132530120482,0.049999999999999996,12.62,13.516666666666666
2025-12-15 07:00:00+00:00,t1,1,0.9899999999999999,0.7160214717635704,0.935059274659485,1.0,0.856132530120482,0.9766666666666666,12.61,14.555
2025-12-15 07:00:00+00:00,t1,2,0.9899999999999999,0.9329612171026773,0.9807260729459495,1.0,0.8120074982958418,0.265,12.2,14.555
2025-12-15 07:00:00+00:00,t2,1,0.9716666666666667,0.8424168581392603,0.9350120033429968,1.0,0.856132530120482,0.9700000000000001,12.61,14.615
2025-12-15 07:00:00+00:00,t2,2,0.9716666666666667,0.9489690578018996,0.9806788016294613,1.0,0.8120074982958418,0.2916666666666667,12.2,14.615
2025-12-15 08:00:00+00:00,t1,1,0.9899999999999999,0.7971374640199846,0.9674884373833363,1.0,0.7759836210712704,0.9866666666666667,11.22,14.876666666666667
2025-12-15 08:00:00+00:00,t1,2,0.9899999999999999,0.9194935049105311,0.9941340170378629,1.0,0.8056408045977012,0.4166666666666667,11.8,14.876666666666667
2025-12-15 08:00:00+00:00,t2,1,0.975,0.8529575173330288,0.9674411660668482,1.0,0.7759836210712704,0.9733333333333333,11.22,14.666666666666666
2025-12-15 08:00:00+00:00,t2,2,0.975,0.9684784525253076,0.9940867457213747,1.0,0.8056408045977012,0.395,11.8,14.666666666666666
2025-12-15 09:00:00+00:00,t1,1,0.9899999999999999,0.7988314015664189,1.0,1.0,0.8056408045977012,0.7600000000000001,11.7,13.58
2025-12-15 09:00:00+00:00,t1,2,0.9899999999999999,0.801361196752107,1.0,1.0,0.8120074982958418,0.44333333333333336,12.34,13.58
2025-12-15 09:00:00+00:00,t2,1,0.9766666666666666,0.8883975958959185,1.0,1.0,0.8056408045977012,0.7383333333333333,11.7,13.558333333333332
2025-12-15 09:00:00+00:00,t2,2,0.9766666666666666,0.9347675122754838,1.0,1.0,0.8120074982958418,0.44166666666666665,12.34,13.558333333333332
2025-12-15 10:00:00+00:00,t1,1,0.9899999999999999,0.7906767785733387,0.9785879037375455,1.0,0.8471455938697318,0.2916666666666667,13.2,13.56
2025-12-15 10:00:00+00:00,t1,2,0.9899999999999999,0.8238700956851633,1.0,1.0,0.856132530120482,0.5366666666666666,12.94,13.56
2025-12-15 10:00:00+00:00,t2,1,0.9716666666666667,0.8416201567685022,0.9785406324210573,1.0,0.8471455938697318,0.2966666666666667,13.2,13.660000000000002
2025-12-15 10:00:00+00:00,t2,2,0.9716666666666667,0.9346513738919917,1.0,1.0,0.856132530120482,0.5033333333333333,12.94,13.660000000000002
2025-12-15 11:00:00+00:00,t1,1,0.9899999999999999,0.8048915867683691,0.9619315269672303,1.0,0.856132530120482,0.03,12.79,13.270000000000001
2025-12-15 11:00:00+00:00,t1,2,0.9899999999999999,0.8261919788470748,0.9834093364125023,1.0,0.856132530120482,0.7383333333333333,12.74,13.270000000000001
2025-12-15 11:00:00+00:00,t2,1,0.9733333333333333,0.8211471602869658,0.9618842556507421,1.0,0.856132530120482,0.024999999999999998,12.79,13.623333333333333
2025-12-15 11:00:00+00:00,t2,2,0.9733333333333333,0.944270979858236,0.9833620650960141,1.0,0.856132530120482,0.7583333333333333,12.74,13.623333333333333
2025-12-15 12:00:00+00:00,t1,1,0.9899999999999999,0.7906711541409195,0.9322594030255489,1.0,0.7513208481965913,0.03166666666666667,10.74,13.721666666666666
2025-12-15 12:00:00+00:00,t1,2,0.9899999999999999,0.8237291276722392,0.9702771779994782,1.0,0.8056408045977012,0.9166666666666666,11.65,13.721666666666666
2025-12-15 12:00:00+00:00,t2,1,0.9716666666666667,0.8379264989667349,0.9322121317090607,1.0,0.7513208481965913,0.03,10.74,13.799999999999999
2025-12-15 12:00:00+00:00,t2,2,0.9716666666666667,0.8936225868940477,0.97022990668299,1.0,0.8056408045977012,0.93,11.65,13.799999999999999
2025-12-15 13:00:00+00:00,t1,1,0.9899999999999999,0.5805974972221393,0.9093988077291603,1.0,0.7036149602258147,0.24666666666666667,9.81,13.673333333333334
2025-12-15 13:00:00+00:00,t1,2,0.9899999999999999,0.7982219027320943,0.916657438494699,1.0,0.7513208481965913,0.9133333333333334,10.97,13.673333333333334
2025-12-15 13:00:00+00:00,t2,1,0.9733333333333333,0.648892683868342,0.909267098053426,1.0,0.7036149602258147,0.24166666666666667,9.81,13.354999999999999
2025-12-15 13:00:00+00:00,t2,2,0.9733333333333333,0.8419479171686282,0.9165257288189648,1.0,0.7513208481965913,0.9216666666666667,10.97,13.354999999999999
2025-12-15 14:00:00+00:00,t1,1,0.9899999999999999,0.5524899271526368,0.7871306580899746,0.9928892075227341,0.6886657154935532,0.8883333333333333,9.44,12.443333333333333
2025-12-15 14:00:00+00:00,t1,2,0.9899999999999999,0.5729068423705475,0.9315819468400813,1.0,0.6886657154935532,0.88,9.27,12.443333333333333
2025-12-15 14:00:00+00:00,t2,1,0.9783333333333334,0.571495672480441,0.7906737492386529,0.986790201201809,0.6886657154935532,0.8683333333333333,9.44,12.773333333333333
2025-12-15 14:00:00+00:00,t2,2,0.9783333333333334,0.5867397140734292,0.9351250379887596,1.0,0.6886657154935532,0.875,9.27,12.773333333333333
2025-12-15 15:00:00+00:00,t1,1,0.9783333333333334,0.392685339709242,0.7760897077500597,0.9701209705593986,0.621809413221861,0.9899999999999999,8.45,11.219999999999999
2025-12-15 15:00:00+00:00,t1,2,0.9783333333333334,0.37706786375459816,0.8128664359881259,0.9995598132166031,0.5595838549817422,0.9899999999999999,7.79,11.219999999999999
2025-12-15 15:00:00+00:00,t2,1,0.9700000000000001,0.40013687688152083,0.7763185435018237,0.9698427403720378,0.621809413221861,0.9783333333333334,8.45,11.455
2025-12-15 15:00:00+00:00,t2,2,0.9700000000000001,0.4130854007933944,0.8130952717398899,0.9958690500289755,0.5595838549817422,0.975,7.79,11.455
2025-12-15 16:00:00+00:00,t1,1,0.465,0.23099428926628618,0.5267084155352885,0.849672833225033,0.46587952084773093,0.9899999999999999,6.71,7.635000000000001
2025-12-15 16:00:00+00:00,t1,2,0.465,0.19362050785494242,0.6262329530962204,0.8798808519660146,0.34551812937783266,0.9166666666666666,5.99,7.635000000000001
2025-12-15 16:00:00+00:00,t2,1,0.48333333333333334,0.1751967890267185,0.5269372512870525,0.8509924306217949,0.46587952084773093,0.9733333333333333,6.71,7.866666666666667
2025-12-15 16:00:00+00:00,t2,2,0.48333333333333334,0.15916654868874933,0.6261446742068525,0.8792898840283773,0.34551812937783266,0.9383333333333334,5.99,7.866666666666667
2025-12-15 17:00:00+00:00,t1,1,0.034999999999999996,0.026386646689621637,0.28455603211809893,0.5950217499560629,0.29666767038040753,0.9899999999999999,5.14,3.671666666666667
2025-12-15 17:00:00+00:00,t1,2,0.034999999999999996,0.0437537971681687,0.28739304711536967,0.5928602936575242,0.17437129044610378,0.8666666666666667,3.65,3.671666666666667
2025-12-15 17:00:00+00:00,t2,1,0.041666666666666664,0.010687595648310053,0.28225490974681644,0.5950217499560629,0.29666767038040753,0.9783333333333334,5.14,4.111666666666667
2025-12-15 17:00:00+00:00,t2,2,0.041666666666666664,0.03164383095852703,0.28011708176360267,0.5928270587608624,0.17437129044610378,0.8450000000000001,3.65,4.111666666666667
2025-12-15 18:00:00+00:00,t1,1,0.02666666666666667,0.009535060561803336,0.1066457568056869,0.13086881692641272,0.10431543935643564,0.9899999999999999,2.44,3.533333333333333
2025-12-15 18:00:00+00:00,t1,2,0.02666666666666667,0.008871908369604055,0.027460093283370974,0.1422687541148663,0.0898266827891979,0.31666666666666665,1.02,3.533333333333333
2025-12-15 18:00:00+00:00,t2,1,0.024999999999999998,0.010344519328055404,0.10492332562103736,0.13086881692641272,0.10431543935643564,0.98,2.44,3.6216666666666666
2025-12-15 18:00:00+00:00,t2,2,0.024999999999999998,0.006434337616123747,0.01931154399292254,0.1422687541148663,0.0898266827891979,0.315,1.02,3.6216666666666666
2025-12-15 19:00:00+00:00,t1,1,0.01,0.009535060561803336,0.025772889912397946,0.04757829087360755,0.0898266827891979,0.9899999999999999,1.04,1.3866666666666667
2025-12-15 19:00:00+00:00,t1,2,0.01,0.0,0.03972823614091462,0.03972823614091462,0.0898266827891979,0.2866666666666667,1.47,1.3866666666666667
2025-12-15 19:00:00+00:00,t2,1,0.01,0.008038101219214602,0.02405045872774838,0.04757829087360755,0.0898266827891979,0.9783333333333334,1.04,1.4316666666666666
2025-12-15 19:00:00+00:00,t2,2,0.01,0.0,0.03701905407739423,0.03701905407739423,0.0898266827891979,0.26333333333333336,1.47,1.4316666666666666
2025-12-15 20:00:00+00:00,t1,1,0.01,0.009535060561803336,0.031059283016193904,0.031059283016193904,0.10277016520894071,0.96,0.43,2.685
2025-12-15 20:00:00+00:00,t1,2,0.01,0.008871908369604055,0.0411315056662159,0.09071426075002989,0.10344010868308474,0.07666666666666667,1.8,2.685
2025-12-15 20:00:00+00:00,t2,1,0.01,0.007898672525842922,0.03050033457370231,0.03050033457370231,0.10277016520894071,0.955,0.43,2.94
2025-12-15 20:00:00+00:00,t2,2,0.01,0.00701898703573106,0.04025544258259246,0.09071426075002989,0.10344010868308474,0.04833333333333333,1.8,2.94
2025-12-15 21:00:00+00:00,t1,1,0.011666666666666667,0.00838492938660557,0.023564488550405775,0.023564488550405775,0.09097294306980487,0.89,0.75,3.501666666666667
2025-12-15 21:00:00+00:00,t1,2,0.011666666666666667,0.008871908369604055,0.04854247129408044,0.13660251595859507,0.13303917357062492,0.35333333333333333,3.0,3.501666666666667
2025-12-15 21:00:00+00:00,t2,1,0.008333333333333333,0.007943875295185242,0.02300554010791418,0.02300554010791418,0.09097294306980487,0.9133333333333332,0.75,3.6950000000000003
2025-12-15 21:00:00+00:00,t2,2,0.008333333333333333,0.0072141324268229,0.04766640821045703,0.13660251595859507,0.13303917357062492,0.38666666666666666,3.0,3.6950000000000003
2025-12-15 22:00:00+00:00,t1,1,0.035,0.009535060561803336,0.01376570321839553,0.04587536941776824,0.0898266827891979,0.555,1.03,3.293333333333333
2025-12-15 22:00:00+00:00,t1,2,0.035,0.008871908369604055,0.14382459538277165,0.1623678831145436,0.17437129044610378,0.7083333333333334,3.99,3.293333333333333
2025-12-15 22:00:00+00:00,t2,1,0.05666666666666667,0.00787090854920104,0.013206754775903929,0.04587536941776824,0.0898266827891979,0.5216666666666666,1.03,4.871666666666667
2025-12-15 22:00:00+00:00,t2,2,0.05666666666666667,0.007273829376868197,0.1411154133192512,0.16196865501907798,0.17437129044610378,0.7016666666666667,3.99,4.871666666666667
2025-12-15 23:00:00+00:00,t1,1,0.05833333333333333,0.009535060561803336,0.02795294702332422,0.07149438526687099,0.0898266827891979,0.2366666666666667,1.34,4.058333333333334
2025-12-15 23:00:00+00:00,t1,2,0.05833333333333333,0.0,0.18915833491140602,0.2896687910051342,0.20381297203510923,0.605,4.07,4.058333333333334
2025-12-15 23:00:00+00:00,t2,1,0.05000000000000001,0.00805676740649955,0.02739399858083263,0.07149438526687099,0.0898266827891979,0.19833333333333333,1.34,4.223333333333334
2025-12-15 23:00:00+00:00,t2,2,0.05000000000000001,0.0,0.18644915284788557,0.2962108413405056,0.20381297203510923,0.6316666666666667,4.07,4.223333333333334
2025-12-16 00:00:00+00:00,t1,1,0.3583333333333334,0.009535060561803336,0.15093441292545776,0.16048724314220822,0.17437129044610378,0.016666666666666666,3.61,7.29
2025-12-16 00:00:00+00:00,t1,2,0.3583333333333334,0.0,0.2121439022846102,0.30806913813523923,0.13303917357062492,0.35833333333333334,2.7,7.29
2025-12-16 00:00:00+00:00,t2,1,0.31,0.008263738538463362,0.1482252308619373,0.16048724314220822,0.17437129044610378,0.016666666666666666,3.61,7.031666666666666
2025-12-16 00:00:00+00:00,t2,2,0.31,0.00967686810531697,0.20964131345513695,0.31461118847061065,0.13303917357062492,0.375,2.7,7.031666666666666
2025-12-16 01:00:00+00:00,t1,1,0.43333333333333335,0.015494170549857654,0.21901617113858074,0.35479326329050687,0.20381297203510923,0.018333333333333333,4.38,7.065
2025-12-16 01:00:00+00:00,t1,2,0.43333333333333335,0.007662256489150511,0.1946942681468055,0.4052175973677152,0.10431543935643564,0.305,2.41,7.065
2025-12-16 01:00:00+00:00,t2,1,0.4066666666666667,0.0,0.2163069890750603,0.3543940351950412,0.20381297203510923,0.021666666666666667,4.38,7.191666666666666
2025-12-16 01:00:00+00:00,t2,2,0.4066666666666667,0.0153720249184555,0.19466516652823468,0.4048183692722495,0.10431543935643564,0.30833333333333335,2.41,7.191666666666666
2025-12-16 02:00:00+00:00,t1,1,0.64,0.057913940054750535,0.20732900298947243,0.548845699905796,0.24396644031099302,0.6433333333333333,4.69,8.353333333333333
2025-12-16 02:00:00+00:00,t1,2,0.64,0.039950136243901396,0.25211926962368025,0.4900697988269144,0.13303917357062492,0.37833333333333335,2.76,8.353333333333333
2025-12-16 02:00:00+00:00,t2,1,0.6733333333333333,0.010115558336232112,0.20580915812058545,0.5484303092362374,0.24396644031099302,0.6566666666666666,4.69,8.705
2025-12-16 02:00:00+00:00,t2,2,0.6733333333333333,0.01588222480169656,0.2524917210054876,0.4900697988269144,0.13303917357062492,0.36000000000000004,2.76,8.705
2025-12-16 03:00:00+00:00,t1,1,0.96,0.11151306215472426,0.4526703444163548,0.8356023874930133,0.29666767038040753,0.5750000000000001,5.22,10.986666666666666
2025-12-16 03:00:00+00:00,t1,2,0.96,0.039039144136156625,0.23525091511513138,0.5793642467729351,0.1459803862401931,0.73,3.14,10.986666666666666
2025-12-16 03:00:00+00:00,t2,1,0.9683333333333333,0.08549550362527662,0.4511504995474679,0.8352394172798165,0.29666767038040753,0.5833333333333334,5.22,11.428333333333333
2025-12-16 03:00:00+00:00,t2,2,0.9683333333333333,0.023666598726259543,0.23745648547683554,0.5790858926911955,0.1459803862401931,0.68,3.14,11.428333333333333
2025-12-16 04:00:00+00:00,t1,1,0.9883333333333333,0.1468280481532361,0.5769218452707467,0.9349388071414277,0.40783563748079876,0.7599999999999999,6.05,11.436666666666667
2025-12-16 04:00:00+00:00,t1,2,0.9883333333333333,0.04437936366172636,0.2999320137704376,0.719509299985878,0.17437129044610378,0.73,3.7,11.436666666666667
2025-12-16 04:00:00+00:00,t2,1,0.9700000000000001,0.19399083783258725,0.5772351193817569,0.9337748081600828,0.40783563748079876,0.7566666666666667,6.05,11.261666666666665
2025-12-16 04:00:00+00:00,t2,2,0.9700000000000001,0.02855395680301972,0.30024528788144755,0.719509299985878,0.17437129044610378,0.755,3.7,11.261666666666665
2025-12-16 05:00:00+00:00,t1,1,0.9383333333333334,0.300576611749221,0.7735914502985356,0.9846902266491974,0.34551812937783266,0.9933333333333333,5.84,10.875
2025-12-16 05:00:00+00:00,t1,2,0.9383333333333334,0.18635987341166382,0.5694391936124227,0.8895073700978073,0.1459803862401931,0.8216666666666667,3.45,10.875
2025-12-16 05:00:00+00:00,t2,1,0.9266666666666666,0.32992208423443914,0.7735441789820474,0.9816597610575729,0.34551812937783266,0.98,5.84,10.873333333333333
2025-12-16 05:00:00+00:00,t2,2,0.9266666666666666,0.1369933162782235,0.5697524677234328,0.8895073700978073,0.1459803862401931,0.7716666666666666,3.45,10.873333333333333
2025-12-16 06:00:00+00:00,t1,1,0.975,0.5018110553880696,0.7964906300626474,0.9976298861795091,0.5595838549817422,0.9899999999999999,7.54,11.641666666666666
2025-12-16 06:00:00+00:00,t1,2,0.975,0.2274419149283296,0.6990220308836902,0.9852757313229011,0.29666767038040753,0.9166666666666666,5.34,11.641666666666666
2025-12-16 06:00:00+00:00,t2,1,0.9716666666666667,0.5365668979254048,0.7964433587461592,0.9937655737332809,0.5595838549817422,0.9700000000000001,7.54,11.87
2025-12-16 06:00:00+00:00,t2,2,0.9716666666666667,0.23844007010361679,0.6993353049947003,0.9826097897186601,0.29666767038040753,0.8916666666666666,5.34,11.87
2025-12-16 07:00:00+00:00,t1,1,0.965,0.546451902031759,0.8245332152485966,0.9969464133726199,0.533438938580799,0.9899999999999999,7.33,11.533333333333333
2025-12-16 07:00:00+00:00,t1,2,0.965,0.2428274349585538,0.7728747603942613,0.9809854046131037,0.29666767038040753,0.9766666666666666,5.19,11.533333333333333
2025-12-16 07:00:00+00:00,t2,1,0.965,0.6299440384410994,0.8248464893596067,0.993243920061703,0.533438938580799,0.9716666666666667,7.33,11.568333333333333
2025-12-16 07:00:00+00:00,t2,2,0.965,0.2428304099568056,0.7731880345052714,0.9781143432981021,0.29666767038040753,0.9700000000000001,5.19,11.568333333333333
2025-12-16 08:00:00+00:00,t1,1,0.9516666666666667,0.3355929972045517,0.7406904088859433,0.9316001768586665,0.34551812937783266,0.9899999999999999,5.89,11.093333333333334
2025-12-16 08:00:00+00:00,t1,2,0.9516666666666667,0.16442310926591414,0.6224190610026743,0.9307314848060668,0.24396644031099302,0.9866666666666667,4.9,11.093333333333334
2025-12-16 08:00:00+00:00,t2,1,0.945,0.31105505302247666,0.7410036829969534,0.9315913283813784,0.34551812937783266,0.975,5.89,11.06
2025-12-16 08:00:00+00:00,t2,2,0.945,0.13124843918298884,0.6227323351136844,0.930164080387296,0.24396644031099302,0.9733333333333333,4.9,11.06
2025-12-16 09:00:00+00:00,t1,1,0.88,0.12992467553952852,0.451118711710999,0.8024669305028617,0.20381297203510923,0.9899999999999999,4.32,10.483333333333333
2025-12-16 09:00:00+00:00,t1,2,0.88,0.07347682395234219,0.4252942372689111,0.8442779127224256,0.20381297203510923,0.7600000000000001,4.37,10.483333333333333
2025-12-16 09:00:00+00:00,t2,1,0.9566666666666667,0.03404743105970793,0.45063365234595604,0.8024669305028617,0.20381297203510923,0.9766666666666666,4.32,11.018333333333333
2025-12-16 09:00:00+00:00,t2,2,0.9566666666666667,0.017167332917614103,0.42560751137992103,0.8429146260361196,0.20381297203510923,0.7383333333333333,4.37,11.018333333333333
2025-12-16 10:00:00+00:00,t1,1,0.7600000000000001,0.07826749784092957,0.3316747200110794,0.4784264666901174,0.13303917357062492,0.9899999999999999,2.96,9.586666666666666
2025-12-16 10:00:00+00:00,t1,2,0.7600000000000001,0.03045267035770073,0.35849263803649595,0.7383083119065692,0.20381297203510923,0.2916666666666667,4.22,9.586666666666666
2025-12-16 10:00:00+00:00,t2,1,0.9016666666666667,0.030625178045526218,0.3295736841819842,0.47860768371805446,0.13303917357062492,0.9716666666666667,2.96,10.44
2025-12-16 10:00:00+00:00,t2,2,0.9016666666666667,0.00968852707208541,0.355529404435267,0.7380299578248296,0.20381297203510923,0.2966666666666667,4.22,10.44
2025-12-16 11:00:00+00:00,t1,1,0.6883333333333334,0.07015054393436676,0.28655079880644185,0.5432149325723383,0.1459803862401931,0.9899999999999999,3.34,9.055
2025-12-16 11:00:00+00:00,t1,2,0.6883333333333334,0.0,0.25146353667639115,0.6111096724783371,0.20381297203510923,0.03,4.23,9.055
2025-12-16 11:00:00+00:00,t2,1,0.7583333333333333,0.02999946244486299,0.28444976297734664,0.5432149325723383,0.1459803862401931,0.9733333333333333,3.34,9.625
2025-12-16 11:00:00+00:00,t2,2,0.7583333333333333,0.0,0.24666718409526525,0.6110125354245347,0.20381297203510923,0.024999999999999998,4.23,9.625
2025-12-16 12:00:00+00:00,t1,1,0.4583333333333333,0.004058157799542817,0.11194217881207541,0.27951483177467795,0.29666767038040753,0.9899999999999999,5.06,7.091666666666666
2025-12-16 12:00:00+00:00,t1,2,0.4583333333333333,0.021171418907805644,0.11146084960201076,0.3084936242303832,0.17437129044610378,0.03166666666666667,3.98,7.091666666666666
2025-12-16 12:00:00+00:00,t2,1,0.4666666666666666,0.0,0.10980459268507715,0.2791156036792123,0.29666767038040753,0.9716666666666667,5.06,7.248333333333334
2025-12-16 12:00:00+00:00,t2,2,0.4666666666666666,0.012992627070315397,0.1093232634750125,0.3080943961349175,0.17437129044610378,0.03,3.98,7.248333333333334
2025-12-16 13:00:00+00:00,t1,1,0.115,0.008547449704201383,0.07921489810544445,0.32745521724495547,0.24396644031099302,0.9899999999999999,4.52,4.721666666666667
2025-12-16 13:00:00+00:00,t1,2,0.115,0.0,0.1446172715400434,0.40467496892354504,0.20381297203510923,0.24666666666666667,4.21,4.721666666666667
2025-12-16 13:00:00+00:00,t2,1,0.06166666666666667,0.0,0.07667575897806823,0.3270559891494898,0.24396644031099302,0.9733333333333333,4.52,4.67
2025-12-16 13:00:00+00:00,t2,2,0.06166666666666667,0.0,0.1420781324126671,0.4042757408280794,0.20381297203510923,0.24166666666666667,4.21,4.67
2025-12-16 14:00:00+00:00,t1,1,0.011666666666666667,0.01334383755376943,0.1858025869705574,0.4096333511808447,0.20381297203510923,0.9899999999999999,4.11,1.843333333333333
2025-12-16 14:00:00+00:00,t1,2,0.011666666666666667,0.0,0.13814921024031898,0.4892792218443516,0.29666767038040753,0.8883333333333333,5.24,1.843333333333333
2025-12-16 14:00:00+00:00,t2,1,0.011666666666666667,0.000127593740887548,0.18060468138905345,0.40923412308537904,0.20381297203510923,0.9783333333333334,4.11,1.7316666666666667
2025-12-16 14:00:00+00:00,t2,2,0.011666666666666667,0.0,0.13561007111294268,0.48886383117479293,0.29666767038040753,0.8683333333333333,5.24,1.7316666666666667
2025-12-16 15:00:00+00:00,t1,1,0.011666666666666667,0.02809990271886808,0.21549309493813293,0.4204538044752175,0.17437129044610378,0.9783333333333334,3.73,2.5900000000000003
2025-12-16 15:00:00+00:00,t1,2,0.011666666666666667,0.02462231446373591,0.26268796137495437,0.6540409473466988,0.34551812937783266,0.9899999999999999,5.66,2.5900000000000003
2025-12-16 15:00:00+00:00,t2,1,0.015,0.020890814222191377,0.21029518935662897,0.42005457637975185,0.17437129044610378,0.9700000000000001,3.73,3.078333333333333
2025-12-16 15:00:00+00:00,t2,2,0.015,0.025052046245684245,0.26014882224757824,0.6536255566771402,0.34551812937783266,0.9783333333333334,5.66,3.078333333333333
2025-12-16 16:00:00+00:00,t1,1,0.09999999999999999,0.012432922564313477,0.1808744047419228,0.3872092001815225,0.1459803862401931,0.465,3.44,5.201666666666667
2025-12-16 16:00:00+00:00,t1,2,0.09999999999999999,0.046509285252848975,0.3419031488718696,0.7517674725075417,0.34551812937783266,0.9899999999999999,5.86,5.201666666666667
2025-12-16 16:00:00+00:00,t2,1,0.08333333333333333,0.01757401860478744,0.17567649916041883,0.38680997208605683,0.1459803862401931,0.48333333333333334,3.44,5.04
2025-12-16 16:00:00+00:00,t2,2,0.08333333333333333,0.031938367442032,0.33936400974449343,0.7501739505324454,0.34551812937783266,0.9733333333333333,5.86,5.04
2025-12-16 17:00:00+00:00,t1,1,0.01,0.01749530439518058,0.15995495156212378,0.39023390452355133,0.13303917357062492,0.034999999999999996,2.96,2.518333333333333
2025-12-16 17:00:00+00:00,t1,2,0.01,0.02988090254386873,0.34068503263549066,0.6470462060842882,0.29666767038040753,0.9899999999999999,5.3,2.518333333333333
2025-12-16 17:00:00+00:00,t2,1,0.008333333333333333,0.017844766561850647,0.15475704598061982,0.38983467642808567,0.13303917357062492,0.041666666666666664,2.96,2.66
2025-12-16 17:00:00+00:00,t2,2,0.008333333333333333,0.03209344302434166,0.3381458935081146,0.6457574667155619,0.29666767038040753,0.9783333333333334,5.3,2.66
2025-12-16 18:00:00+00:00,t1,1,0.01,0.0,0.10311621685299843,0.42957907445061116,0.20381297203510923,0.02666666666666667,4.05,2.0616666666666665
2025-12-16 18:00:00+00:00,t1,2,0.01,3.375113829771903e-07,0.1927801432779491,0.5405026349581962,0.20381297203510923,0.9899999999999999,4.19,2.0616666666666665
2025-12-16 18:00:00+00:00,t2,1,0.008333333333333333,0.0,0.10277793844306775,0.4291798463551455,0.20381297203510923,0.024999999999999998,4.05,2.533333333333333
2025-12-16 18:00:00+00:00,t2,2,0.008333333333333333,0.0,0.19244186486801834,0.5401034068627305,0.20381297203510923,0.98,4.19,2.533333333333333
2025-12-16 19:00:00+00:00,t1,1,0.01,0.0,0.06326982575419753,0.3513511551452613,0.20381297203510923,0.01,4.21,1.0583333333333333
2025-12-16 19:00:00+00:00,t1,2,0.01,0.011060078206541186,0.15872965884397955,0.3962028921789271,0.1459803862401931,0.9899999999999999,3.36,1.0583333333333333
2025-12-16 19:00:00+00:00,t2,1,0.01,0.0,0.06293154734426684,0.3509519270497956,0.20381297203510923,0.01,4.21,1.0916666666666666
2025-12-16 19:00:00+00:00,t2,2,0.01,0.011120153466542297,0.1583913804340488,0.39580366408346146,0.1459803862401931,0.9783333333333334,3.36,1.0916666666666666
2025-12-16 20:00:00+00:00,t1,1,0.01,0.015771944666750134,0.13856778483029522,0.36352530663357663,0.17437129044610378,0.01,3.82,2.19
2025-12-16 20:00:00+00:00,t1,2,0.01,0.005155947961091475,0.15213505969055555,0.3740669371897573,0.17437129044610378,0.96,3.72,2.19
2025-12-16 20:00:00+00:00,t2,1,0.01,0.021007975058602156,0.13336987924879126,0.36312607853811096,0.17437129044610378,0.01,3.82,1.9933333333333332
2025-12-16 20:00:00+00:00,t2,2,0.01,0.012701295826778045,0.1517967812806248,0.37366770909429164,0.17437129044610378,0.955,3.72,1.9933333333333332
2025-12-16 21:00:00+00:00,t1,1,0.08666666666666667,0.009535060561803336,0.057692708467540134,0.24041533551757674,0.0898266827891979,0.011666666666666667,1.46,4.903333333333333
2025-12-16 21:00:00+00:00,t1,2,0.08666666666666667,0.0,0.20359641196192213,0.4988228491249715,0.20381297203510923,0.89,4.07,4.903333333333333
2025-12-16 21:00:00+00:00,t2,1,0.085,0.008452374487640508,0.05498352640401982,0.24001610742211107,0.0898266827891979,0.008333333333333333,1.46,5.105
2025-12-16 21:00:00+00:00,t2,2,0.085,0.0,0.19839850638041817,0.4984236210295058,0.20381297203510923,0.9133333333333332,4.07,5.105
2025-12-16 22:00:00+00:00,t1,1,0.18000000000000002,0.009535060561803336,0.0285741771190141,0.14589504399142092,0.09097294306980487,0.035,0.79,5.635000000000001
2025-12-16 22:00:00+00:00,t1,2,0.18000000000000002,0.0071098221725803615,0.22033812223951119,0.482699388050862,0.1459803862401931,0.555,3.25,5.635000000000001
2025-12-16 22:00:00+00:00,t2,1,0.16166666666666665,0.007892112375237377,0.028015228676522504,0.14589504399142092,0.09097294306980487,0.05666666666666667,0.79,5.765000000000001
2025-12-16 22:00:00+00:00,t2,2,0.16166666666666665,0.012733157317888646,0.21762894017599074,0.4820218058736566,0.1459803862401931,0.5216666666666666,3.25,5.765000000000001
2025-12-16 23:00:00+00:00,t1,1,0.011666666666666667,0.009535060561803336,0.03392199859656506,0.13563138573128122,0.13303917357062492,0.05833333333333333,2.77,2.046666666666667
2025-12-16 23:00:00+00:00,t1,2,0.011666666666666667,0.008871908369604055,0.12091252746095438,0.3184101639595842,0.09097294306980487,0.2366666666666667,0.95,2.046666666666667
2025-12-16 23:00:00+00:00,t2,1,0.008333333333333333,0.007465458337966717,0.025858249050542615,0.13563138573128122,0.13303917357062492,0.05000000000000001,2.77,1.8766666666666667
2025-12-16 23:00:00+00:00,t2,2,0.008333333333333333,0.007316412450515878,0.12003646437733088,0.3184101639595842,0.09097294306980487,0.19833333333333333,0.95,1.8766666666666667
2025-12-17 00:00:00+00:00,t1,1,0.01,0.0,0.05697349575345992,0.1623071146214481,0.24396644031099302,0.3583333333333334,4.72,0.91
2025-12-17 00:00:00+00:00,t1,2,0.01,0.008871908369604055,0.02918150023489382,0.08779106472332943,0.10431543935643564,0.016666666666666666,2.09,0.91
2025-12-17 00:00:00+00:00,t2,1,0.01,0.0,0.05525106456881036,0.1623071146214481,0.24396644031099302,0.31,4.72,1.24
2025-12-17 00:00:00+00:00,t2,2,0.01,0.007172185898948047,0.027459069050244284,0.08792283484014354,0.10431543935643564,0.016666666666666666,2.09,1.24
2025-12-17 01:00:00+00:00,t1,1,0.060000000000000005,0.009535060561803336,0.10017756291488085,0.22811484156756334,0.17437129044610378,0.43333333333333335,3.77,4.463333333333334
2025-12-17 01:00:00+00:00,t1,2,0.060000000000000005,0.008871908369604055,0.013922580572238165,0.13115576878887814,0.1459803862401931,0.018333333333333333,3.32,4.463333333333334
2025-12-17 01:00:00+00:00,t2,1,0.07,0.007218508100738296,0.09845513173023131,0.22771561347209773,0.17437129044610378,0.4066666666666667,3.77,4.861666666666667
2025-12-17 01:00:00+00:00,t2,2,0.07,0.007434181675141023,0.01220014938758862,0.13115576878887814,0.1459803862401931,0.021666666666666667,3.32,4.861666666666667
2025-12-17 02:00:00+00:00,t1,1,0.10833333333333334,0.0,0.10434950267913418,0.25853951688809773,0.20381297203510923,0.64,4.23,5.403333333333333
2025-12-17 02:00:00+00:00,t1,2,0.10833333333333334,0.008871908369604055,0.024807592166154774,0.046723421300678095,0.13303917357062492,0.6433333333333333,2.66,5.403333333333333
2025-12-17 02:00:00+00:00,t2,1,0.10833333333333334,0.0,0.1030286244948626,0.25814028879263207,0.20381297203510923,0.6733333333333333,4.23,5.486666666666667
2025-12-17 02:00:00+00:00,t2,2,0.10833333333333334,0.007401673962349671,0.023486713981883192,0.04655841628720221,0.13303917357062492,0.6566666666666666,2.66,5.486666666666667
2025-12-17 03:00:00+00:00,t1,1,0.13,0.0,0.09943652766012494,0.19942696139424548,0.24396644031099302,0.96,4.68,5.45
2025-12-17 03:00:00+00:00,t1,2,0.13,0.008871908369604055,0.031678486564834185,0.049699232737874244,0.0898266827891979,0.5750000000000001,1.43,5.45
2025-12-17 03:00:00+00:00,t2,1,0.12833333333333333,0.0,0.09811564947585336,0.19919273831225576,0.24396644031099302,0.9683333333333333,4.68,5.631666666666667
2025-12-17 03:00:00+00:00,t2,2,0.12833333333333333,0.007292105086494855,0.030357608380562597,0.049534227724398375,0.0898266827891979,0.5833333333333334,1.43,5.631666666666667
2025-12-17 04:00:00+00:00,t1,1,0.055,0.0,0.0969819540230141,0.21289856038499913,0.20381297203510923,0.9883333333333333,4.14,4.286666666666666
2025-12-17 04:00:00+00:00,t1,2,0.055,0.008871908369604055,0.049103272259442624,0.11426643139022823,0.0898266827891979,0.7599999999999999,1.32,4.286666666666666
2025-12-17 04:00:00+00:00,t2,1,0.055,0.0,0.09650744393976864,0.21289856038499913,0.20381297203510923,0.9700000000000001,4.14,4.5249999999999995
2025-12-17 04:00:00+00:00,t2,2,0.055,0.006853891540993045,0.04862876217619715,0.11426643139022823,0.0898266827891979,0.7566666666666667,1.32,4.5249999999999995
2025-12-17 05:00:00+00:00,t1,1,0.01,0.0,0.1553749534307693,0.3186449862724693,0.24396644031099302,0.9383333333333334,4.7,1.4516666666666669
2025-12-17 05:00:00+00:00,t1,2,0.01,0.008871908369604055,0.03964949969458593,0.07005941855246416,0.0898266827891979,0.9933333333333333,1.35,1.4516666666666669
2025-12-17 05:00:00+00:00,t2,1,0.01,0.0,0.1549004433475238,0.3186449862724693,0.24396644031099302,0.9266666666666666,4.7,1.5433333333333332
2025-12-17 05:00:00+00:00,t2,2,0.01,0.006821366295207231,0.03917498961134046,0.07005941855246416,0.0898266827891979,0.98,1.35,1.5433333333333332
2025-12-17 06:00:00+00:00,t1,1,0.01,0.0,0.1373572147164738,0.33218873475038746,0.20381297203510923,0.975,4.15,1.4533333333333331
2025-12-17 06:00:00+00:00,t1,2,0.01,0.008871908369604055,0.05068518475876604,0.1265572330980671,0.0898266827891979,0.9899999999999999,1.43,1.4533333333333331
2025-12-17 06:00:00+00:00,t2,1,0.008333333333333333,0.0,0.1368827046332283,0.33218873475038746,0.20381297203510923,0.9716666666666667,4.15,1.3116666666666665
2025-12-17 06:00:00+00:00,t2,2,0.008333333333333333,0.006812944668703138,0.05021067467552057,0.1265572330980671,0.0898266827891979,0.9700000000000001,1.43,1.3116666666666665
2025-12-17 07:00:00+00:00,t1,1,0.01,0.025385347934198887,0.20726343452530824,0.5332299088729451,0.20381297203510923,0.965,4.37,2.22
2025-12-17 07:00:00+00:00,t1,2,0.01,0.008871908369604055,0.09001954840909525,0.20300782894138722,0.09097294306980487,0.9899999999999999,0.89,2.22
2025-12-17 07:00:00+00:00,t2,1,0.01,0.0034860540951256666,0.20798624775047309,0.5332299088729451,0.20381297203510923,0.965,4.37,2.283333333333333
2025-12-17 07:00:00+00:00,t2,2,0.01,0.008677711826418731,0.08954503832584979,0.20300782894138722,0.09097294306980487,0.9716666666666667,0.89,2.283333333333333
2025-12-17 08:00:00+00:00,t1,1,0.01,0.038628588792660686,0.39634497603374297,0.7031560755450813,0.29666767038040753,0.9516666666666667,5.04,1.5266666666666666
2025-12-17 08:00:00+00:00,t1,2,0.01,0.008871908369604055,0.1238638681385247,0.30777582717638363,0.09097294306980487,0.9899999999999999,0.6,1.5266666666666666
2025-12-17 08:00:00+00:00,t2,1,0.01,0.017783285041970534,0.3966582501447529,0.7041300840518545,0.29666767038040753,0.945,5.04,1.4483333333333333
2025-12-17 08:00:00+00:00,t2,2,0.01,0.006928697225383832,0.12749794581844212,0.30777582717638363,0.09097294306980487,0.975,0.6,1.4483333333333333
2025-12-17 09:00:00+00:00,t1,1,0.01,0.14729920165900198,0.5986617871293364,0.8805513222582897,0.46587952084773093,0.88,6.55,1.3783333333333332
2025-12-17 09:00:00+00:00,t1,2,0.01,0.008871908369604055,0.18965551618367968,0.5689569049816768,0.0898266827891979,0.9899999999999999,1.32,1.3783333333333332
2025-12-17 09:00:00+00:00,t2,1,0.01,0.16311815347696199,0.5989750612403465,0.8775157680670641,0.46587952084773093,0.9566666666666667,6.55,1.31
2025-12-17 09:00:00+00:00,t2,2,0.01,0.007465840483195934,0.18918100610043417,0.5667386008499331,0.0898266827891979,0.9766666666666666,1.32,1.31
2025-12-17 10:00:00+00:00,t1,1,0.01,0.261292138961041,0.7016352880324593,0.9182922638963349,0.621809413221861,0.7600000000000001,8.22,1.38
2025-12-17 10:00:00+00:00,t1,2,0.01,0.017084860588589806,0.2731212030037548,0.6629706479549706,0.17437129044610378,0.9899999999999999,3.85,1.38
2025-12-17 10:00:00+00:00,t2,1,0.01,0.3283734790331401,0.7019485621434695,0.9144827165356746,0.621809413221861,0.9016666666666667,8.22,1.4516666666666669
2025-12-17 10:00:00+00:00,t2,2,0.01,0.01615795469837192,0.2654590064581103,0.6602479491746007,0.17437129044610378,0.9716666666666667,3.85,1.4516666666666669
2025-12-17 11:00:00+00:00,t1,1,0.01,0.3288446588311451,0.7066538473628774,0.911218160296212,0.5595838549817422,0.6883333333333334,7.62,1.37
2025-12-17 11:00:00+00:00,t1,2,0.01,0.0,0.38010900203107234,0.7958745374576898,0.24396644031099302,0.9899999999999999,4.94,1.37
2025-12-17 11:00:00+00:00,t2,1,0.01,0.4543106567684192,0.7069671214738875,0.9063012110588565,0.5595838549817422,0.7583333333333333,7.62,1.3550000000000002
2025-12-17 11:00:00+00:00,t2,2,0.01,0.0,0.3796344919478269,0.792568524198991,0.24396644031099302,0.9733333333333333,4.94,1.3550000000000002
2025-12-17 12:00:00+00:00,t1,1,0.065,0.3595492506385437,0.779535844911881,0.9306230539025402,0.5595838549817422,0.4583333333333333,7.93,3.018333333333333
2025-12-17 12:00:00+00:00,t1,2,0.065,0.07720262482941483,0.5090675941128161,0.8581769376833277,0.40783563748079876,0.9899999999999999,6.35,3.018333333333333
2025-12-17 12:00:00+00:00,t2,1,0.06333333333333334,0.3834291661905609,0.7798491190228911,0.9287193788240484,0.5595838549817422,0.4666666666666666,7.93,3.0383333333333336
2025-12-17 12:00:00+00:00,t2,2,0.06333333333333334,0.0574127769487979,0.5081808131227931,0.8551429627024518,0.40783563748079876,0.9716666666666667,6.35,3.0383333333333336
2025-12-17 13:00:00+00:00,t1,1,0.21999999999999997,0.38154476183129604,0.7251166456192512,0.9620440107902053,0.5595838549817422,0.115,7.89,5.466666666666666
2025-12-17 13:00:00+00:00,t1,2,0.21999999999999997,0.10830141812115546,0.5696916485692155,0.9105280883568034,0.40783563748079876,0.9899999999999999,6.06,5.466666666666666
2025-12-17 13:00:00+00:00,t2,1,0.25166666666666665,0.4607260949129626,0.7286597367679294,0.9566871493328089,0.5595838549817422,0.06166666666666667,7.89,5.8500000000000005
2025-12-17 13:00:00+00:00,t2,2,0.25166666666666665,0.08817428592220254,0.5729176250767618,0.9074182899464441,0.40783563748079876,0.9733333333333333,6.06,5.8500000000000005
2025-12-17 14:00:00+00:00,t1,1,0.19499999999999998,0.3947500494561964,0.6963986292297801,0.9826966789101856,0.621809413221861,0.011666666666666667,8.14,5.515000000000001
2025-12-17 14:00:00+00:00,t1,2,0.19499999999999998,0.10403952347352324,0.6021409919101155,0.9560771904926841,0.34551812937783266,0.9899999999999999,5.6,5.515000000000001
2025-12-17 14:00:00+00:00,t2,1,0.25666666666666665,0.4169507042066075,0.6999417203784584,0.9797514819550242,0.621809413221861,0.011666666666666667,8.14,6.061666666666667
2025-12-17 14:00:00+00:00,t2,2,0.25666666666666665,0.09136169535472641,0.6053669684176618,0.9531363390428033,0.34551812937783266,0.9783333333333334,5.6,6.061666666666667
2025-12-17 15:00:00+00:00,t1,1,0.39166666666666666,0.41293920139609397,0.7608446494114788,0.9858769774584202,0.621809413221861,0.011666666666666667,8.39,7.338333333333334
2025-12-17 15:00:00+00:00,t1,2,0.39166666666666666,0.13527221885049762,0.6269327060909059,0.9757024147640367,0.34551812937783266,0.9783333333333334,5.58,7.338333333333334
2025-12-17 15:00:00+00:00,t2,1,0.405,0.4777265186708878,0.7610734851632428,0.9795498970609872,0.621809413221861,0.015,8.39,7.396666666666666
2025-12-17 15:00:00+00:00,t2,2,0.405,0.10181176073469986,0.626844427201538,0.9727615633141559,0.34551812937783266,0.9700000000000001,5.58,7.396666666666666
2025-12-17 16:00:00+00:00,t1,1,0.425,0.4005143704039758,0.7719029962463796,0.9778461145287357,0.621809413221861,0.09999999999999999,8.2,7.47
2025-12-17 16:00:00+00:00,t1,2,0.425,0.0869120227748795,0.5615606755846153,0.9410157548605332,0.29666767038040753,0.465,5.48,7.47
2025-12-17 16:00:00+00:00,t2,1,0.4283333333333333,0.4441164039442063,0.7721318319981436,0.9744407583592294,0.621809413221861,0.08333333333333333,8.2,7.613333333333333
2025-12-17 16:00:00+00:00,t2,2,0.4283333333333333,0.07485572560515814,0.5614723966952474,0.9395470801824822,0.29666767038040753,0.48333333333333334,5.48,7.613333333333333
2025-12-17 17:00:00+00:00,t1,1,0.5,0.30047452489130305,0.695178396482981,0.9461671506399,0.533438938580799,0.01,7.4,8.013333333333334
2025-12-17 17:00:00+00:00,t1,2,0.5,0.058335919629466174,0.4906174709732125,0.8802274704144953,0.24396644031099302,0.034999999999999996,4.67,8.013333333333334
2025-12-17 17:00:00+00:00,t2,1,0.5133333333333333,0.3360794243284024,0.695407232234745,0.9423815482643086,0.533438938580799,0.008333333333333333,7.4,8.095
2025-12-17 17:00:00+00:00,t2,2,0.5133333333333333,0.031674059501558306,0.4833415056214455,0.8799491163327559,0.24396644031099302,0.041666666666666664,4.67,8.095
2025-12-17 18:00:00+00:00,t1,1,0.7166666666666667,0.24305288862628505,0.6981394158395624,0.966493683542622,0.46587952084773093,0.01,6.63,9.446666666666667
2025-12-17 18:00:00+00:00,t1,2,0.7166666666666667,0.0,0.29581537346861797,0.422303733154382,0.24396644031099302,0.02666666666666667,4.95,9.446666666666667
2025-12-17 18:00:00+00:00,t2,1,0.7116666666666666,0.22173502013998314,0.6983682515913264,0.9657650004926087,0.46587952084773093,0.008333333333333333,6.63,9.458333333333334
2025-12-17 18:00:00+00:00,t2,2,0.7116666666666666,0.0,0.29493931038499455,0.422303733154382,0.24396644031099302,0.024999999999999998,4.95,9.458333333333334
2025-12-17 19:00:00+00:00,t1,1,0.8533333333333334,0.11870372480925245,0.5486178192561124,0.8420955672537249,0.34551812937783266,0.01,5.53,10.135
2025-12-17 19:00:00+00:00,t1,2,0.8533333333333334,0.008871908369604055,0.17374041493997336,0.30473552420233385,0.17437129044610378,0.01,3.93,10.135
2025-12-17 19:00:00+00:00,t2,1,0.835,0.07668130332749801,0.5485295403667445,0.8415510517190242,0.34551812937783266,0.01,5.53,10.208333333333334
2025-12-17 19:00:00+00:00,t2,2,0.835,0.011491423814445628,0.1720179837553238,0.3043362961068682,0.17437129044610378,0.01,3.93,10.208333333333334
2025-12-17 20:00:00+00:00,t1,1,0.6533333333333333,0.054644188980777914,0.4205339778100023,0.764928856378867,0.24396644031099302,0.01,4.92,8.716666666666667
2025-12-17 20:00:00+00:00,t1,2,0.6533333333333333,0.008871908369604055,0.11055835835915734,0.25112268939766436,0.1459803862401931,0.01,3.4,8.716666666666667
2025-12-17 20:00:00+00:00,t2,1,0.6533333333333333,0.024452676537870185,0.41907922353974586,0.7705134849489498,0.24396644031099302,0.01,4.92,8.975
2025-12-17 20:00:00+00:00,t2,2,0.6533333333333333,0.00861089023291319,0.1088359271745078,0.25072346130219886,0.1459803862401931,0.01,3.4,8.975
2025-12-17 21:00:00+00:00,t1,1,0.55,0.0,0.2675407618504679,0.49777057114593437,0.20381297203510923,0.08666666666666667,4.14,8.165
2025-12-17 21:00:00+00:00,t1,2,0.55,0.008871908369604055,0.059173653654292654,0.16448841051910343,0.13303917357062492,0.011666666666666667,2.87,8.165
2025-12-17 21:00:00+00:00,t2,1,0.5883333333333334,0.0,0.2658183306658184,0.4973713430504687,0.20381297203510923,0.085,4.14,8.531666666666666
2025-12-17 21:00:00+00:00,t2,2,0.5883333333333334,0.007378677962658514,0.057451222469643105,0.1642541874371137,0.13303917357062492,0.008333333333333333,2.87,8.531666666666666
2025-12-17 22:00:00+00:00,t1,1,0.335,0.009535060561803336,0.19401863821496892,0.26696966115369153,0.1459803862401931,0.18000000000000002,3.41,6.94
2025-12-17 22:00:00+00:00,t1,2,0.335,0.008871908369604055,0.045401547414960663,0.1368231416070707,0.10431543935643564,0.035,2.35,6.94
2025-12-17 22:00:00+00:00,t2,1,0.38000000000000006,0.0075599352877697545,0.19229620703031935,0.26657043305822586,0.1459803862401931,0.16166666666666665,3.41,7.375
2025-12-17 22:00:00+00:00,t2,2,0.38000000000000006,0.007336987338978846,0.043679116230311114,0.13658891852508098,0.10431543935643564,0.05666666666666667,2.35,7.375
2025-12-17 23:00:00+00:00,t1,1,0.4633333333333334,0.009535060561803336,0.09492003867669155,0.2624336433641052,0.1459803862401931,0.011666666666666667,3.18,7.583333333333333
2025-12-17 23:00:00+00:00,t1,2,0.4633333333333334,0.008871908369604055,0.03932694723282941,0.1912379209672369,0.10344010868308474,0.05833333333333333,1.82,7.583333333333333
2025-12-17 23:00:00+00:00,t2,1,0.4533333333333333,0.007858913785699874,0.093197607492042,0.2620344152686395,0.1459803862401931,0.008333333333333333,3.18,7.739999999999999
2025-12-17 23:00:00+00:00,t2,2,0.4533333333333333,0.007758432498006234,0.03760451604817986,0.19100369788524718,0.10344010868308474,0.05000000000000001,1.82,7.739999999999999
2025-12-18 00:00:00+00:00,t1,1,0.605,0.009535060561803336,0.11182986152791317,0.2798043460073105,0.1459803862401931,0.01,3.4,8.776666666666666
2025-12-18 00:00:00+00:00,t1,2,0.605,0.0,0.12822755907757913,0.26745437972029396,0.20381297203510923,0.3583333333333334,4.49,8.776666666666666
2025-12-18 00:00:00+00:00,t2,1,0.61,0.010305502819340622,0.11010743034326363,0.27940511791184486,0.1459803862401931,0.01,3.4,8.635
2025-12-18 00:00:00+00:00,t2,2,0.61,0.0,0.12735149599395565,0.26745437972029396,0.20381297203510923,0.31,4.49,8.635
2025-12-18 01:00:00+00:00,t1,1,0.48666666666666664,0.009535060561803336,0.07717270581854936,0.1951149822631971,0.17437129044610378,0.060000000000000005,3.75,7.845
2025-12-18 01:00:00+00:00,t1,2,0.48666666666666664,0.008871908369604055,0.08191729211402239,0.20045644591134484,0.17437129044610378,0.43333333333333335,3.73,7.845
2025-12-18 01:00:00+00:00,t2,1,0.4633333333333334,0.007560357399898009,0.07545027463389982,0.1951149822631971,0.17437129044610378,0.07,3.75,7.7
2025-12-18 01:00:00+00:00,t2,2,0.4633333333333334,0.006584824031617448,0.08019486092937285,0.20045644591134484,0.17437129044610378,0.4066666666666667,3.73,7.7
2025-12-18 02:00:00+00:00,t1,1,0.225,0.009535060561803336,0.08783240909552624,0.15674302396374015,0.17437129044610378,0.10833333333333334,3.85,6.2250000000000005
2025-12-18 02:00:00+00:00,t1,2,0.225,0.008871908369604055,0.06397061889880334,0.14739641648688656,0.13303917357062492,0.64,2.56,6.2250000000000005
2025-12-18 02:00:00+00:00,t2,1,0.21333333333333335,0.0074952079982317284,0.08651153091125466,0.15674302396374015,0.17437129044610378,0.10833333333333334,3.85,6.291666666666667
2025-12-18 02:00:00+00:00,t2,2,0.21333333333333335,0.007513854142578212,0.06264974071453176,0.14699718839142095,0.13303917357062492,0.6733333333333333,2.56,6.291666666666667
2025-12-18 03:00:00+00:00,t1,1,0.165,0.009535060561803336,0.07774783096742316,0.14659952106281848,0.17437129044610378,0.13,3.59,5.796666666666667
2025-12-18 03:00:00+00:00,t1,2,0.165,0.008871908369604055,0.030183356723858225,0.10973495688223354,0.10431543935643564,0.96,2.3,5.796666666666667
2025-12-18 03:00:00+00:00,t2,1,0.18000000000000002,0.006958887221442492,0.0772733208841777,0.14659952106281848,0.17437129044610378,0.12833333333333333,3.59,6.044999999999999
2025-12-18 03:00:00+00:00,t2,2,0.18000000000000002,0.0073355843930501905,0.02886247853958664,0.10933572878676794,0.10431543935643564,0.9683333333333333,2.3,6.044999999999999
2025-12-18 04:00:00+00:00,t1,1,0.16833333333333333,0.009535060561803336,0.11063005715727793,0.21731235430442414,0.17437129044610378,0.055,3.83,5.798333333333333
2025-12-18 04:00:00+00:00,t1,2,0.16833333333333333,0.008871908369604055,0.06117527267383581,0.12851920300132003,0.13303917357062492,0.9883333333333333,2.81,5.798333333333333
2025-12-18 04:00:00+00:00,t2,1,0.17333333333333334,0.006843966003510776,0.11000949106968487,0.21731235430442414,0.17437129044610378,0.055,3.83,6.0683333333333325
2025-12-18 04:00:00+00:00,t2,2,0.17333333333333334,0.007659432667060805,0.05985439448956422,0.12870042002925713,0.13303917357062492,0.9700000000000001,2.81,6.0683333333333325
2025-12-18 05:00:00+00:00,t1,1,0.17833333333333334,0.009535060561803336,0.1107990173338097,0.23410943191049718,0.17437129044610378,0.01,3.64,5.853333333333333
2025-12-18 05:00:00+00:00,t1,2,0.17833333333333334,0.008871908369604055,0.04236964095948396,0.128836290102515,0.10344010868308474,0.9383333333333334,1.76,5.853333333333333
2025-12-18 05:00:00+00:00,t2,1,0.18166666666666667,0.007714374551183638,0.11123043758050147,0.23410943191049718,0.17437129044610378,0.01,3.64,6.016666666666667
2025-12-18 05:00:00+00:00,t2,2,0.18166666666666667,0.007408855985790002,0.041048762775212376,0.128836290102515,0.10344010868308474,0.9266666666666666,1.76,6.016666666666667
2025-12-18 06:00:00+00:00,t1,1,0.14,0.02077653052991158,0.17139756834992567,0.47027727562592014,0.24396644031099302,0.01,4.78,5.586666666666667
2025-12-18 06:00:00+00:00,t1,2,0.14,0.008871908369604055,0.04628073641965779,0.11090782819197705,0.13303917357062492,0.975,2.66,5.586666666666667
2025-12-18 06:00:00+00:00,t2,1,0.145,0.0,0.17212038157509052,0.4702611130518271,0.24396644031099302,0.008333333333333333,4.78,5.793333333333333
2025-12-18 06:00:00+00:00,t2,2,0.145,0.007809163256002097,0.04580622633641232,0.11090782819197705,0.13303917357062492,0.9716666666666667,2.66,5.793333333333333
2025-12-18 07:00:00+00:00,t1,1,0.285,0.035638508856313596,0.22690032351228606,0.6168637101252795,0.34551812937783266,0.01,5.59,6.703333333333333
2025-12-18 07:00:00+00:00,t1,2,0.285,0.008871908369604055,0.0820633703551085,0.2417265668595946,0.1459803862401931,0.965,3.4,6.703333333333333
2025-12-18 07:00:00+00:00,t2,1,0.27,0.010493214520052259,0.2276231367374509,0.615955931078159,0.34551812937783266,0.01,5.59,6.7250000000000005
2025-12-18 07:00:00+00:00,t2,2,0.27,0.00845373340790029,0.0827861835802734,0.2417265668595946,0.1459803862401931,0.965,3.4,6.7250000000000005
2025-12-18 08:00:00+00:00,t1,1,0.6649999999999999,0.16550206241915044,0.4594388605125609,0.8708967629795263,0.533438938580799,0.01,7.32,8.731666666666667
2025-12-18 08:00:00+00:00,t1,2,0.6649999999999999,0.0,0.14930885574718386,0.4608792897402524,0.20381297203510923,0.9516666666666667,4.09,8.731666666666667
2025-12-18 08:00:00+00:00,t2,1,0.695,0.16720101319746908,0.45975213462357084,0.8706599073483023,0.533438938580799,0.01,7.32,9.286666666666667
2025-12-18 08:00:00+00:00,t2,2,0.695,0.0,0.1500316689723487,0.4608792897402524,0.20381297203510923,0.945,4.09,9.286666666666667
2025-12-18 09:00:00+00:00,t1,1,0.6966666666666667,0.2836026401869666,0.7369486963551318,0.9449960001868458,0.533438938580799,0.01,7.44,8.963333333333333
2025-12-18 09:00:00+00:00,t1,2,0.6966666666666667,0.060074019248772106,0.2877011550342896,0.6858667013629864,0.40783563748079876,0.88,6.04,8.963333333333333
2025-12-18 09:00:00+00:00,t2,1,0.68,0.3856227407644088,0.737261970466142,0.9419387940120086,0.533438938580799,0.01,7.44,9.098333333333334
2025-12-18 09:00:00+00:00,t2,2,0.68,0.0307323927431742,0.28842396825945443,0.6849755593653759,0.40783563748079876,0.9566666666666667,6.04,9.098333333333334
2025-12-18 10:00:00+00:00,t1,1,0.89,0.5058222848056524,0.8359788097439593,0.9604011180991876,0.5595838549817422,0.01,7.88,10.375
2025-12-18 10:00:00+00:00,t1,2,0.89,0.1936577644341722,0.5564451784243799,0.9087401516563552,0.5595838549817422,0.7600000000000001,7.69,10.375
2025-12-18 10:00:00+00:00,t2,1,0.8833333333333333,0.5628696181381743,0.8362920838549694,0.9544838579725208,0.5595838549817422,0.01,7.88,10.488333333333333
2025-12-18 10:00:00+00:00,t2,2,0.8833333333333333,0.21217923367943503,0.5571679916495449,0.9085083525879286,0.5595838549817422,0.9016666666666667,7.69,10.488333333333333
2025-12-18 11:00:00+00:00,t1,1,0.93,0.639891228823507,0.8748631623721701,1.0,0.6886657154935532,0.01,9.17,10.49
2025-12-18 11:00:00+00:00,t1,2,0.93,0.5369498412771965,0.7788183291388371,0.9665574031689594,0.6886657154935532,0.6883333333333334,9.13,10.49
2025-12-18 11:00:00+00:00,t2,1,0.8966666666666666,0.711513460606524,0.8748158910556819,1.0,0.6886657154935532,0.01,9.17,10.463333333333333
2025-12-18 11:00:00+00:00,t2,2,0.8966666666666666,0.4905373546261795,0.7787710578223489,0.9629478438988275,0.6886657154935532,0.7583333333333333,9.13,10.463333333333333
2025-12-18 12:00:00+00:00,t1,1,0.9483333333333333,0.6832275901911554,0.8664314590786818,1.0,0.6886657154935532,0.065,9.46,10.844999999999999
2025-12-18 12:00:00+00:00,t1,2,0.9483333333333333,0.6440318370803262,0.8263700597091092,1.0,0.7036149602258147,0.4583333333333333,9.78,10.844999999999999
2025-12-18 12:00:00+00:00,t2,1,0.9333333333333332,0.79832012880465,0.8663841877621936,1.0,0.6886657154935532,0.06333333333333334,9.46,10.736666666666666
2025-12-18 12:00:00+00:00,t2,2,0.9333333333333332,0.7334549517950135,0.826322788392621,1.0,0.7036149602258147,0.4666666666666666,9.78,10.736666666666666
2025-12-18 13:00:00+00:00,t1,1,0.9683333333333333,0.6991941351864402,0.8894088287349677,1.0,0.7036149602258147,0.21999999999999997,9.7,11.056666666666667
2025-12-18 13:00:00+00:00,t1,2,0.9683333333333333,0.6427546246071085,0.8740618081009949,1.0,0.7036149602258147,0.115,9.69,11.056666666666667
2025-12-18 13:00:00+00:00,t2,1,0.945,0.8001260320524682,0.8892771190592335,1.0,0.7036149602258147,0.25166666666666665,9.7,11.008333333333333
2025-12-18 13:00:00+00:00,t2,2,0.945,0.732096885954761,0.8739300984252606,1.0,0.7036149602258147,0.06166666666666667,9.69,11.008333333333333
2025-12-18 14:00:00+00:00,t1,1,0.9899999999999999,0.7146968785963566,0.904885756495237,1.0,0.751884164222874,0.19499999999999998,10.25,11.771666666666667
2025-12-18 14:00:00+00:00,t1,2,0.9899999999999999,0.6599680000814001,0.8638170611889541,1.0,0.7036149602258147,0.011666666666666667,9.64,11.771666666666667
2025-12-18 14:00:00+00:00,t2,1,0.975,0.7975460273388328,0.9047540468195027,1.0,0.751884164222874,0.25666666666666665,10.25,11.455
2025-12-18 14:00:00+00:00,t2,2,0.975,0.7562684366977275,0.8636853515132198,1.0,0.7036149602258147,0.011666666666666667,9.64,11.455
2025-12-18 15:00:00+00:00,t1,1,0.9883333333333333,0.6740610849728407,0.8973497287445281,1.0,0.7036149602258147,0.39166666666666666,9.97,11.351666666666667
2025-12-18 15:00:00+00:00,t1,2,0.9883333333333333,0.6449421419734191,0.8794406233220602,1.0,0.7036149602258147,0.011666666666666667,9.62,11.351666666666667
2025-12-18 15:00:00+00:00,t2,1,0.9683333333333333,0.757927095743884,0.8972180190687938,1.0,0.7036149602258147,0.405,9.97,11.219999999999999
2025-12-18 15:00:00+00:00,t2,2,0.9683333333333333,0.7512941007500691,0.8793089136463259,1.0,0.7036149602258147,0.015,9.62,11.219999999999999
2025-12-18 16:00:00+00:00,t1,1,0.9833333333333334,0.6940314077377878,0.8947298176482714,1.0,0.7036149602258147,0.425,9.62,11.553333333333333
2025-12-18 16:00:00+00:00,t1,2,0.9833333333333334,0.6228222389621134,0.8820802081216996,1.0,0.6886657154935532,0.09999999999999999,9.45,11.553333333333333
2025-12-18 16:00:00+00:00,t2,1,0.9766666666666666,0.7700786168396089,0.8945981079725371,1.0,0.7036149602258147,0.4283333333333333,9.62,11.446666666666667
2025-12-18 16:00:00+00:00,t2,2,0.9766666666666666,0.7247472463194451,0.8819484984459653,1.0,0.6886657154935532,0.08333333333333333,9.45,11.446666666666667
2025-12-18 17:00:00+00:00,t1,1,0.9166666666666666,0.6775243320532115,0.8745026266074669,1.0,0.6886657154935532,0.5,9.09,10.391666666666667
2025-12-18 17:00:00+00:00,t1,2,0.9166666666666666,0.6258266548255271,0.8775793179360842,0.9991337484133709,0.6380866269626422,0.01,8.58,10.391666666666667
2025-12-18 17:00:00+00:00,t2,1,0.9333333333333332,0.7242927257717338,0.8743709169317326,0.996957937082426,0.6886657154935532,0.5133333333333333,9.09,10.638333333333334
2025-12-18 17:00:00+00:00,t2,2,0.9333333333333332,0.6521040237719009,0.87744760826035,0.9949012146519969,0.6380866269626422,0.008333333333333333,8.58,10.638333333333334
2025-12-18 18:00:00+00:00,t1,1,0.9700000000000001,0.6528664092781286,0.8902542382395756,1.0,0.6380866269626422,0.7166666666666667,8.66,11.026666666666666
2025-12-18 18:00:00+00:00,t1,2,0.9700000000000001,0.5784190067165036,0.8567703624145274,0.9912263428176358,0.6380866269626422,0.01,8.55,11.026666666666666
2025-12-18 18:00:00+00:00,t2,1,0.9633333333333334,0.6695008182953993,0.8901225285638413,1.0,0.6380866269626422,0.7116666666666666,8.66,11.093333333333334
2025-12-18 18:00:00+00:00,t2,2,0.9633333333333334,0.6185583677717426,0.8566386527387931,0.9851645904158335,0.6380866269626422,0.008333333333333333,8.55,11.093333333333334
2025-12-18 19:00:00+00:00,t1,1,0.7399999999999999,0.5020887517759803,0.8380708176083611,1.0,0.621809413221861,0.8533333333333334,8.02,9.265
2025-12-18 19:00:00+00:00,t1,2,0.7399999999999999,0.5058449434150691,0.7983284281331953,0.980672077302442,0.5595838549817422,0.01,7.72,9.265
2025-12-18 19:00:00+00:00,t2,1,0.7583333333333333,0.5437309210716774,0.8379391079326268,1.0,0.621809413221861,0.835,8.02,9.503333333333332
2025-12-18 19:00:00+00:00,t2,2,0.7583333333333333,0.522210077767267,0.7985572638849593,0.9753457611361152,0.5595838549817422,0.01,7.72,9.503333333333332
2025-12-18 20:00:00+00:00,t1,1,0.9833333333333334,0.4309423202438633,0.7445159399963425,0.9802152276263773,0.533438938580799,0.6533333333333333,7.5,11.348333333333334
2025-12-18 20:00:00+00:00,t1,2,0.9833333333333334,0.41918887294807794,0.7120525184321842,0.9744956298884168,0.533438938580799,0.01,7.32,11.348333333333334
2025-12-18 20:00:00+00:00,t2,1,0.975,0.46088488255816124,0.7447447757481065,0.9776183897188895,0.533438938580799,0.6533333333333333,7.5,11.523333333333333
2025-12-18 20:00:00+00:00,t2,2,0.975,0.44246333793408554,0.7122813541839482,0.971898791980929,0.533438938580799,0.01,7.32,11.523333333333333
2025-12-18 21:00:00+00:00,t1,1,0.9899999999999999,0.31371561960241456,0.7413784638838965,0.945506362538093,0.533438938580799,0.55,7.39,11.653333333333334
2025-12-18 21:00:00+00:00,t1,2,0.9899999999999999,0.2881659831527674,0.6298640990272715,0.9712602943758738,0.533438938580799,0.08666666666666667,7.06,11.653333333333334
2025-12-18 21:00:00+00:00,t2,1,0.98,0.2742977224492255,0.7416072996356605,0.9444256315607352,0.533438938580799,0.5883333333333334,7.39,11.561666666666667
2025-12-18 21:00:00+00:00,t2,2,0.98,0.2722961814218897,0.6300929347790355,0.9681136633285751,0.533438938580799,0.085,7.06,11.561666666666667
2025-12-18 22:00:00+00:00,t1,1,0.9700000000000001,0.2647992254039858,0.6515467297354554,0.9117619722353199,0.533438938580799,0.335,7.07,10.901666666666666
2025-12-18 22:00:00+00:00,t1,2,0.9700000000000001,0.19563348151867335,0.5095596087259989,0.8673413955633013,0.46587952084773093,0.18000000000000002,6.51,10.901666666666666
2025-12-18 22:00:00+00:00,t2,1,0.9533333333333333,0.2300839222669142,0.6514584508460874,0.9113244995325062,0.533438938580799,0.38000000000000006,7.07,10.723333333333334
2025-12-18 22:00:00+00:00,t2,2,0.9533333333333333,0.1713645084021149,0.509788444477763,0.8668261858503375,0.46587952084773093,0.16166666666666665,6.51,10.723333333333334
2025-12-18 23:00:00+00:00,t1,1,0.9383333333333334,0.13154234064369275,0.4685755017390396,0.8134171728612348,0.46587952084773093,0.4633333333333334,6.73,10.538333333333334
2025-12-18 23:00:00+00:00,t1,2,0.9383333333333334,0.061183226037894625,0.3614680469394239,0.7450972456755247,0.29666767038040753,0.011666666666666667,5.44,10.538333333333334
2025-12-18 23:00:00+00:00,t2,1,0.9133333333333332,0.1082632693095934,0.46889676196382646,0.8164643944846447,0.46587952084773093,0.4533333333333333,6.73,10.538333333333332
2025-12-18 23:00:00+00:00,t2,2,0.9133333333333332,0.021948144994359806,0.3618150288268695,0.7482800697491915,0.29666767038040753,0.008333333333333333,5.44,10.538333333333332
2025-12-19 00:00:00+00:00,t1,1,0.5666666666666667,0.06388575989336681,0.33628035628551095,0.7223176924905109,0.29666767038040753,0.605,5.49,8.331666666666665
2025-12-19 00:00:00+00:00,t1,2,0.5666666666666667,0.03955832986027112,0.38316618347733644,0.7282951256151162,0.29666767038040753,0.01,5.09,8.331666666666665
2025-12-19 00:00:00+00:00,t2,1,0.615,0.020427056631309302,0.3348256020152545,0.7316458232430542,0.29666767038040753,0.61,5.49,8.806666666666667
2025-12-19 00:00:00+00:00,t2,2,0.615,0.0,0.38086506110605395,0.7304687132885702,0.29666767038040753,0.01,5.09,8.806666666666667
2025-12-19 01:00:00+00:00,t1,1,0.13499999999999998,0.009535060561803336,0.2082184437888401,0.4321903312058054,0.17437129044610378,0.48666666666666664,3.91,4.883333333333334
2025-12-19 01:00:00+00:00,t1,2,0.13499999999999998,0.008871908369604055,0.1601016842598769,0.2545939671039875,0.13303917357062492,0.060000000000000005,2.84,4.883333333333334
2025-12-19 01:00:00+00:00,t2,1,0.15666666666666668,0.0123722713631723,0.20649601260419054,0.43179110311033975,0.17437129044610378,0.4633333333333334,3.91,4.7700000000000005
2025-12-19 01:00:00+00:00,t2,2,0.15666666666666668,0.007914889270782191,0.15837925307522732,0.25419473900852185,0.13303917357062492,0.07,2.84,4.7700000000000005
2025-12-19 02:00:00+00:00,t1,1,0.01,0.009535060561803336,0.06182998880053918,0.0936643400132087,0.10431543935643564,0.225,2.29,2.3666666666666667
2025-12-19 02:00:00+00:00,t1,2,0.01,0.008871908369604055,0.019478981876919155,0.1262371544371397,0.10344010868308474,0.10833333333333334,1.87,2.3666666666666667
2025-12-19 02:00:00+00:00,t2,1,0.008333333333333333,0.008181279120902161,0.060509110616267604,0.09331942921790184,0.10431543935643564,0.21333333333333335,2.29,2.7733333333333334
2025-12-19 02:00:00+00:00,t2,2,0.008333333333333333,0.006687887546741609,0.01900447179367369,0.1262371544371397,0.10344010868308474,0.10833333333333334,1.87,2.7733333333333334
2025-12-19 03:00:00+00:00,t1,1,0.011666666666666667,0.009535060561803336,0.04942953379963689,0.07702397447677514,0.0898266827891979,0.165,1.2,3.8200000000000003
2025-12-19 03:00:00+00:00,t1,2,0.011666666666666667,0.008871908369604055,0.06064960518343012,0.08339063049345381,0.13303917357062492,0.13,2.91,3.8200000000000003
2025-12-19 03:00:00+00:00,t2,1,0.011666666666666667,0.0076455736032827164,0.04895502371639142,0.07702397447677514,0.0898266827891979,0.18000000000000002,1.2,4.495
2025-12-19 03:00:00+00:00,t2,2,0.011666666666666667,0.00653684473713731,0.06017509510018464,0.08339063049345381,0.13303917357062492,0.12833333333333333,2.91,4.495
2025-12-19 04:00:00+00:00,t1,1,0.03166666666666667,0.009535060561803336,0.1328732800622598,0.1328732800622598,0.1459803862401931,0.16833333333333333,3.5,4.288333333333333
2025-12-19 04:00:00+00:00,t1,2,0.03166666666666667,0.0,0.1336999079841922,0.17130777481667028,0.24396644031099302,0.055,4.62,4.288333333333333
2025-12-19 04:00:00+00:00,t2,1,0.02666666666666667,0.007825198553830062,0.1323987699790143,0.1323987699790143,0.1459803862401931,0.17333333333333334,3.5,4.36
2025-12-19 04:00:00+00:00,t2,2,0.02666666666666667,0.0,0.13322539790094676,0.17130777481667028,0.24396644031099302,0.055,4.62,4.36
2025-12-19 05:00:00+00:00,t1,1,0.01,0.009535060561803336,0.14905283997686142,0.21669691675639996,0.17437129044610378,0.17833333333333334,3.94,2.8033333333333332
2025-12-19 05:00:00+00:00,t1,2,0.01,0.0,0.19311493211972947,0.28682296789378264,0.20381297203510923,0.01,4.16,2.8033333333333332
2025-12-19 05:00:00+00:00,t2,1,0.01,0.011106026324612541,0.14843227388926836,0.21669691675639996,0.17437129044610378,0.18166666666666667,3.94,3.266666666666667
2025-12-19 05:00:00+00:00,t2,2,0.01,0.0,0.19262987275468652,0.28682296789378264,0.20381297203510923,0.01,4.16,3.266666666666667
2025-12-19 06:00:00+00:00,t1,1,0.08666666666666667,0.024478926635260453,0.19095083348077427,0.5032617232566527,0.29666767038040753,0.14,5.33,4.96
2025-12-19 06:00:00+00:00,t1,2,0.08666666666666667,0.0,0.1846987817778363,0.3750838406600668,0.17437129044610378,0.01,4.0,4.96
2025-12-19 06:00:00+00:00,t2,1,0.09999999999999999,0.0023492996779610406,0.19026152370189675,0.5032455606825598,0.29666767038040753,0.145,5.33,5.203333333333333
2025-12-19 06:00:00+00:00,t2,2,0.09999999999999999,0.0,0.18542159500300115,0.3750838406600668,0.17437129044610378,0.008333333333333333,4.0,5.203333333333333
2025-12-19 07:00:00+00:00,t1,1,0.24,0.09576866862992153,0.41706604535528724,0.8139517823360428,0.46587952084773093,0.285,6.81,6.378333333333334
2025-12-19 07:00:00+00:00,t1,2,0.24,0.06522615320841668,0.35787098282517954,0.661726163148326,0.29666767038040753,0.01,5.12,6.378333333333334
2025-12-19 07:00:00+00:00,t2,1,0.26833333333333337,0.0833394257902833,0.41744014263411133,0.8149257908428159,0.46587952084773093,0.27,6.81,6.668333333333333
2025-12-19 07:00:00+00:00,t2,2,0.26833333333333337,0.017255847453865054,0.3584683600201656,0.661710000574233,0.29666767038040753,0.01,5.12,6.668333333333333
2025-12-19 08:00:00+00:00,t1,1,0.48666666666666664,0.162429322915293,0.641941534776692,0.9294512332450667,0.5595838549817422,0.6649999999999999,7.74,7.735
2025-12-19 08:00:00+00:00,t1,2,0.48666666666666664,0.1839633726081671,0.5906274662106972,0.8247597733641895,0.40783563748079876,0.01,6.15,7.735
2025-12-19 08:00:00+00:00,t2,1,0.51,0.16881461730104153,0.641054753786669,0.9284872087846765,0.5595838549817422,0.695,7.74,8.148333333333333
2025-12-19 08:00:00+00:00,t2,2,0.51,0.12569867294970233,0.5912248434056834,0.8163607398356548,0.40783563748079876,0.01,6.15,8.148333333333333
2025-12-19 09:00:00+00:00,t1,1,0.7366666666666667,0.3924773833354109,0.7924887673842311,0.9954615923540828,0.5595838549817422,0.6966666666666667,7.84,9.27
2025-12-19 09:00:00+00:00,t1,2,0.7366666666666667,0.2736957523242661,0.703334686468586,0.9429909686585249,0.46587952084773093,0.01,6.6,9.27
2025-12-19 09:00:00+00:00,t2,1,0.7616666666666667,0.3719697293208175,0.7928020414952412,0.9943366542692361,0.5595838549817422,0.68,7.84,9.568333333333333
2025-12-19 09:00:00+00:00,t2,2,0.7616666666666667,0.24865177292533763,0.7039320636635722,0.9426164179586158,0.46587952084773093,0.01,6.6,9.568333333333333
2025-12-19 10:00:00+00:00,t1,1,0.8666666666666667,0.5014232401672822,0.8744444572202901,1.0,0.621809413221861,0.89,8.1,9.818333333333333
2025-12-19 10:00:00+00:00,t1,2,0.8666666666666667,0.3099412214119608,0.7614985724743145,0.9871963756000556,0.533438938580799,0.01,7.49,9.818333333333333
2025-12-19 10:00:00+00:00,t2,1,0.8983333333333333,0.5556322178928836,0.8743971859038019,1.0,0.621809413221861,0.8833333333333333,8.1,10.38
2025-12-19 10:00:00+00:00,t2,2,0.8983333333333333,0.27789470036624647,0.7566406067714847,0.9866637281008278,0.533438938580799,0.01,7.49,10.38
2025-12-19 11:00:00+00:00,t1,1,0.9866666666666667,0.6117594448041178,0.910360563484463,0.9999650314011487,0.5595838549817422,0.93,7.55,11.168333333333335
2025-12-19 11:00:00+00:00,t1,2,0.9866666666666667,0.4477496798663017,0.886794662352215,1.0,0.533438938580799,0.01,7.49,11.168333333333335
2025-12-19 11:00:00+00:00,t2,1,0.9666666666666667,0.6493327295520975,0.9103132921679749,0.9989029542485277,0.5595838549817422,0.8966666666666666,7.55,11.068333333333333
2025-12-19 11:00:00+00:00,t2,2,0.9666666666666667,0.4258143148885092,0.8867473910357269,1.0,0.533438938580799,0.01,7.49,11.068333333333333
2025-12-19 12:00:00+00:00,t1,1,0.9866666666666667,0.6702784874092551,0.8731276248380612,1.0,0.5595838549817422,0.9483333333333333,7.65,11.508333333333333
2025-12-19 12:00:00+00:00,t1,2,0.9866666666666667,0.6738015949392671,0.8974436849028843,1.0,0.5595838549817422,0.065,7.87,11.508333333333333
2025-12-19 12:00:00+00:00,t2,1,0.975,0.6769379523311804,0.873080353521573,1.0,0.5595838549817422,0.9333333333333332,7.65,11.428333333333333
2025-12-19 12:00:00+00:00,t2,2,0.975,0.660904430940045,0.8973964135863961,1.0,0.5595838549817422,0.06333333333333334,7.87,11.428333333333333
2025-12-19 13:00:00+00:00,t1,1,0.9899999999999999,0.7151912528970338,0.9213462210650761,1.0,0.5595838549817422,0.9683333333333333,7.77,13.573333333333332
2025-12-19 13:00:00+00:00,t1,2,0.9899999999999999,0.6985042043418035,0.8984168909348484,1.0,0.621809413221861,0.21999999999999997,8.02,13.573333333333332
2025-12-19 13:00:00+00:00,t2,1,0.9783333333333334,0.7376181980089148,0.9208973967482099,1.0,0.5595838549817422,0.945,7.77,12.941666666666668
2025-12-19 13:00:00+00:00,t2,2,0.9783333333333334,0.6701776842726812,0.8979680666179822,1.0,0.621809413221861,0.25166666666666665,8.02,12.941666666666668
2025-12-19 14:00:00+00:00,t1,1,0.9899999999999999,0.7263572765011892,0.9458182377999337,1.0,0.621809413221861,0.9899999999999999,8.12,13.030000000000001
2025-12-19 14:00:00+00:00,t1,2,0.9899999999999999,0.6846451325990502,0.9505779681169847,1.0,0.5595838549817422,0.19499999999999998,7.94,13.030000000000001
2025-12-19 14:00:00+00:00,t2,1,0.98,0.7341504006797905,0.9456865281241994,1.0,0.621809413221861,0.975,8.12,12.464999999999998
2025-12-19 14:00:00+00:00,t2,2,0.98,0.633785769826401,0.9501291438001185,1.0,0.5595838549817422,0.25666666666666665,7.94,12.464999999999998
2025-12-19 15:00:00+00:00,t1,1,0.9883333333333333,0.8229199702886102,0.9406713035425526,1.0,0.6380866269626422,0.9883333333333333,8.55,11.450000000000001
2025-12-19 15:00:00+00:00,t1,2,0.9883333333333333,0.6946275295948362,0.9463622349794212,1.0,0.533438938580799,0.39166666666666666,7.45,11.450000000000001
2025-12-19 15:00:00+00:00,t2,1,0.975,0.8585941497374179,0.9405395938668183,1.0,0.6380866269626422,0.9683333333333333,8.55,11.148333333333333
2025-12-19 15:00:00+00:00,t2,2,0.975,0.6336319771802703,0.945913410662555,1.0,0.533438938580799,0.405,7.45,11.148333333333333
2025-12-19 16:00:00+00:00,t1,1,0.9116666666666666,0.8446674402341984,0.9958158720475521,1.0,0.621809413221861,0.9833333333333334,8.47,10.878333333333332
2025-12-19 16:00:00+00:00,t1,2,0.9116666666666666,0.7218665379621995,0.9606181264069625,1.0,0.533438938580799,0.425,7.38,10.878333333333332
2025-12-19 16:00:00+00:00,t2,1,0.895,0.8748529621378706,0.9956841623718178,1.0,0.621809413221861,0.9766666666666666,8.47,10.656666666666666
2025-12-19 16:00:00+00:00,t2,2,0.895,0.6493558847992086,0.9601693020900963,1.0,0.533438938580799,0.4283333333333333,7.38,10.656666666666666
2025-12-19 17:00:00+00:00,t1,1,0.9783333333333334,0.7844009896575461,0.9758674722044246,1.0,0.621809413221861,0.9166666666666666,8.28,11.12
2025-12-19 17:00:00+00:00,t1,2,0.9783333333333334,0.644980940322734,0.916651653738787,1.0,0.533438938580799,0.5,7.1,11.12
2025-12-19 17:00:00+00:00,t2,1,0.9716666666666667,0.8405615237687181,0.9757357625286903,1.0,0.621809413221861,0.9333333333333332,8.28,11.246666666666668
2025-12-19 17:00:00+00:00,t2,2,0.9716666666666667,0.6109378226931724,0.9165199440630527,1.0,0.533438938580799,0.5133333333333333,7.1,11.246666666666668
2025-12-19 18:00:00+00:00,t1,1,0.9899999999999999,0.8524042210508482,0.9106319574458175,1.0,0.6380866269626422,0.9700000000000001,8.58,12.123333333333333
2025-12-19 18:00:00+00:00,t1,2,0.9899999999999999,0.5639326978056818,0.899746032678865,1.0,0.5595838549817422,0.7166666666666667,7.78,12.123333333333333
2025-12-19 18:00:00+00:00,t2,1,0.9733333333333333,0.8585849574308189,0.9105002477700832,1.0,0.6380866269626422,0.9633333333333334,8.58,11.895000000000001
2025-12-19 18:00:00+00:00,t2,2,0.9733333333333333,0.5976888202388859,0.8992972083619988,1.0,0.5595838549817422,0.7116666666666666,7.78,11.895000000000001
2025-12-19 19:00:00+00:00,t1,1,0.9899999999999999,0.8104899930996464,0.9035349129118845,1.0,0.6380866269626422,0.7399999999999999,8.61,11.626666666666667
2025-12-19 19:00:00+00:00,t1,2,0.9899999999999999,0.6362698514354523,0.8956093299318411,1.0,0.5595838549817422,0.8533333333333334,7.94,11.626666666666667
2025-12-19 19:00:00+00:00,t2,1,0.9783333333333334,0.8211823270143324,0.9034032032361502,1.0,0.6380866269626422,0.7583333333333333,8.61,11.916666666666666
2025-12-19 19:00:00+00:00,t2,2,0.9783333333333334,0.6715591435974729,0.8951605056149748,1.0,0.5595838549817422,0.835,7.94,11.916666666666666
2025-12-19 20:00:00+00:00,t1,1,0.945,0.736802271370209,0.9070339970663429,1.0,0.621809413221861,0.9833333333333334,8.42,10.353333333333333
2025-12-19 20:00:00+00:00,t1,2,0.945,0.6438970506961971,0.8846601035150162,1.0,0.5595838549817422,0.6533333333333333,7.82,10.353333333333333
2025-12-19 20:00:00+00:00,t2,1,0.9566666666666667,0.768845537091862,0.9069022873906086,1.0,0.621809413221861,0.975,8.42,10.683333333333332
2025-12-19 20:00:00+00:00,t2,2,0.9566666666666667,0.6544881108098698,0.88421127919815,1.0,0.5595838549817422,0.6533333333333333,7.82,10.683333333333332
2025-12-19 21:00:00+00:00,t1,1,0.9833333333333334,0.6741606242279816,0.8703418192012109,1.0,0.621809413221861,0.9899999999999999,8.18,10.775
2025-12-19 21:00:00+00:00,t1,2,0.9833333333333334,0.6138720879936995,0.8328367034942841,1.0,0.5595838549817422,0.55,7.63,10.775
2025-12-19 21:00:00+00:00,t2,1,0.9666666666666667,0.7009187702108971,0.8698929948843447,1.0,0.621809413221861,0.98,8.18,10.788333333333334
2025-12-19 21:00:00+00:00,t2,2,0.9666666666666667,0.5543326477260619,0.8323878791774179,1.0,0.5595838549817422,0.5883333333333334,7.63,10.788333333333334
2025-12-19 22:00:00+00:00,t1,1,0.98,0.550144648517716,0.7666594270066519,1.0,0.46587952084773093,0.9700000000000001,6.9,10.976666666666667
2025-12-19 22:00:00+00:00,t1,2,0.98,0.49318691674802395,0.73721526742244,1.0,0.46587952084773093,0.335,6.92,10.976666666666667
2025-12-19 22:00:00+00:00,t2,1,0.9716666666666667,0.490968298013299,0.7662106026897857,0.995403548925332,0.46587952084773093,0.9533333333333333,6.9,10.951666666666668
2025-12-19 22:00:00+00:00,t2,2,0.9716666666666667,0.42943435268449026,0.7367664431055738,0.9986418626355034,0.46587952084773093,0.38000000000000006,6.92,10.951666666666668
2025-12-19 23:00:00+00:00,t1,1,0.7433333333333333,0.3263134388013971,0.5806977836932143,0.9322049106160908,0.34551812937783266,0.9383333333333334,5.85,9.616666666666667
2025-12-19 23:00:00+00:00,t1,2,0.7433333333333333,0.32392322835240733,0.6132405069419858,0.9518487337300834,0.40783563748079876,0.4633333333333334,6.31,9.616666666666667
2025-12-19 23:00:00+00:00,t2,1,0.8416666666666667,0.2719696806437493,0.5878381097647523,0.9296332498208322,0.34551812937783266,0.9133333333333332,5.85,10.354999999999999
2025-12-19 23:00:00+00:00,t2,2,0.8416666666666667,0.25642547919636705,0.6127916826251196,0.9492770729348248,0.40783563748079876,0.4533333333333333,6.31,10.354999999999999
2025-12-20 00:00:00+00:00,t1,1,0.5,0.18836232405670825,0.4640826139855459,0.9040233784927743,0.34551812937783266,0.5666666666666667,5.58,8.526666666666667
2025-12-20 00:00:00+00:00,t1,2,0.5,0.17333038702247217,0.440950696434204,0.8794011125586434,0.29666767038040753,0.605,5.41,8.526666666666667
2025-12-20 00:00:00+00:00,t2,1,0.535,0.1700791271899859,0.4639943350961779,0.9034500249659332,0.34551812937783266,0.615,5.58,8.840000000000002
2025-12-20 00:00:00+00:00,t2,2,0.535,0.12798780453044795,0.4405018721173376,0.8790574440110135,0.29666767038040753,0.61,5.41,8.840000000000002
2025-12-20 01:00:00+00:00,t1,1,0.12833333333333333,0.11748380588839319,0.37757079747145283,0.8237275438451237,0.29666767038040753,0.13499999999999998,5.3,5.958333333333333
2025-12-20 01:00:00+00:00,t1,2,0.12833333333333333,0.0943968421344728,0.34277928366828425,0.8050415214735083,0.29666767038040753,0.48666666666666664,5.15,5.958333333333333
2025-12-20 01:00:00+00:00,t2,1,0.11166666666666668,0.08545342823547378,0.37937481483277896,0.8236590902877595,0.29666767038040753,0.15666666666666668,5.3,5.948333333333333
2025-12-20 01:00:00+00:00,t2,2,0.11166666666666668,0.08286320067394908,0.3445833010296104,0.8049730679161441,0.29666767038040753,0.4633333333333334,5.15,5.948333333333333
2025-12-20 02:00:00+00:00,t1,1,0.09000000000000001,0.06428971385660225,0.2931473356427093,0.7181992561018107,0.24396644031099302,0.01,4.91,6.890000000000001
2025-12-20 02:00:00+00:00,t1,2,0.09000000000000001,0.03119090821523282,0.3302385576364029,0.7249930416043928,0.24396644031099302,0.225,4.7,6.890000000000001
2025-12-20 02:00:00+00:00,t2,1,0.08666666666666667,0.034322194436227665,0.2953529060044134,0.7181308025444465,0.24396644031099302,0.008333333333333333,4.91,6.91
2025-12-20 02:00:00+00:00,t2,2,0.08666666666666667,0.021096914303643792,0.331445236769563,0.7249930416043928,0.24396644031099302,0.21333333333333335,4.7,6.91
2025-12-20 03:00:00+00:00,t1,1,0.19666666666666666,0.0477186074113127,0.25676254875215254,0.6717973599186499,0.24396644031099302,0.011666666666666667,4.8,6.901666666666666
2025-12-20 03:00:00+00:00,t1,2,0.19666666666666666,0.0,0.14419290650136682,0.6029704725351921,0.24396644031099302,0.165,4.64,6.901666666666666
2025-12-20 03:00:00+00:00,t2,1,0.18499999999999997,0.019683182596965262,0.25896811911385664,0.6717973599186499,0.24396644031099302,0.011666666666666667,4.8,6.9366666666666665
2025-12-20 03:00:00+00:00,t2,2,0.18499999999999997,0.0,0.14388843935426546,0.6029704725351921,0.24396644031099302,0.18000000000000002,4.64,6.9366666666666665
2025-12-20 04:00:00+00:00,t1,1,0.105,0.0772760843768418,0.359623989911057,0.7760721283928259,0.24396644031099302,0.03166666666666667,4.82,5.756666666666667
2025-12-20 04:00:00+00:00,t1,2,0.105,0.008746331369518183,0.26531729480200983,0.6501521954190416,0.20381297203510923,0.16833333333333333,4.16,5.756666666666667
2025-12-20 04:00:00+00:00,t2,1,0.125,0.06820368268284435,0.35993726402206694,0.7760721283928259,0.24396644031099302,0.02666666666666667,4.82,6.2250000000000005
2025-12-20 04:00:00+00:00,t2,2,0.125,0.001801943613127733,0.26652397393516997,0.6501521954190416,0.20381297203510923,0.17333333333333334,4.16,6.2250000000000005
2025-12-20 05:00:00+00:00,t1,1,0.11666666666666668,0.0919814887800862,0.5309903616784799,0.8586457076398214,0.24396644031099302,0.01,4.74,6.403333333333333
2025-12-20 05:00:00+00:00,t1,2,0.11666666666666668,0.012716435126383069,0.38522570553066376,0.7864586170922238,0.20381297203510923,0.17833333333333334,4.47,6.403333333333333
2025-12-20 05:00:00+00:00,t2,1,0.13,0.14318635166509705,0.53130363578949,0.8581266616716854,0.24396644031099302,0.01,4.74,6.726666666666667
2025-12-20 05:00:00+00:00,t2,2,0.13,0.06745185205721753,0.38517843421417536,0.7852643232125932,0.20381297203510923,0.18166666666666667,4.47,6.726666666666667
2025-12-20 06:00:00+00:00,t1,1,0.145,0.22048943005055463,0.6063888009587968,0.9274846139384835,0.46587952084773093,0.08666666666666667,6.69,6.895
2025-12-20 06:00:00+00:00,t1,2,0.145,0.21590255799058466,0.5808388243247019,0.9386809087586665,0.40783563748079876,0.14,6.07,6.895
2025-12-20 06:00:00+00:00,t2,1,0.16666666666666666,0.21407771975503748,0.6063415296423086,0.9269556667698654,0.46587952084773093,0.09999999999999999,6.69,7.166666666666667
2025-12-20 06:00:00+00:00,t2,2,0.16666666666666666,0.225219269744307,0.5807915530082137,0.9365305478444864,0.40783563748079876,0.145,6.07,7.166666666666667
2025-12-20 07:00:00+00:00,t1,1,0.21,0.13865464332803357,0.6417635649430476,0.9006628712663677,0.533438938580799,0.24,7.07,7.255
2025-12-20 07:00:00+00:00,t1,2,0.21,0.22337156946526965,0.5802586894188921,0.9455392734013368,0.46587952084773093,0.285,6.67,7.255
2025-12-20 07:00:00+00:00,t2,1,0.2866666666666667,0.11782283283372899,0.6417162936265595,0.8999442411715127,0.533438938580799,0.26833333333333337,7.07,8.09
2025-12-20 07:00:00+00:00,t2,2,0.2866666666666667,0.20517159364805773,0.580211418102404,0.9435379528584269,0.46587952084773093,0.27,6.67,8.09
2025-12-20 08:00:00+00:00,t1,1,0.3833333333333333,0.10133463036658788,0.6390033329989943,0.8810285381045375,0.46587952084773093,0.48666666666666664,6.89,8.191666666666668
2025-12-20 08:00:00+00:00,t1,2,0.3833333333333333,0.1524145567338885,0.5227966644809985,0.9449448964795448,0.40783563748079876,0.6649999999999999,6.44,8.191666666666668
2025-12-20 08:00:00+00:00,t2,1,0.395,0.1369521327016899,0.6389560616825061,0.8796225312125416,0.46587952084773093,0.51,6.89,8.241666666666667
2025-12-20 08:00:00+00:00,t2,2,0.395,0.16547786809022416,0.5227493931645103,0.9432601639736026,0.40783563748079876,0.695,6.44,8.241666666666667
2025-12-20 09:00:00+00:00,t1,1,0.26333333333333336,0.02837418342822194,0.5457939936776055,0.7649979777329357,0.46587952084773093,0.7366666666666667,6.62,7.1066666666666665
2025-12-20 09:00:00+00:00,t1,2,0.26333333333333336,0.1383949530453557,0.551888101497602,0.9335608508855844,0.46587952084773093,0.6966666666666667,6.63,7.1066666666666665
2025-12-20 09:00:00+00:00,t2,1,0.295,0.02644259821309363,0.5449072126875825,0.7649818151588428,0.46587952084773093,0.7616666666666667,6.62,7.256666666666667
2025-12-20 09:00:00+00:00,t2,2,0.295,0.1251019061905859,0.5518408301811139,0.9319866359723951,0.46587952084773093,0.68,6.63,7.256666666666667
2025-12-20 10:00:00+00:00,t1,1,0.24666666666666667,0.034167974201395404,0.34880814030140905,0.6383374477472994,0.34551812937783266,0.8666666666666667,5.79,6.830000000000001
2025-12-20 10:00:00+00:00,t1,2,0.24666666666666667,0.01997788440469385,0.42515497729384594,0.7404409681139583,0.34551812937783266,0.89,5.56,6.830000000000001
2025-12-20 10:00:00+00:00,t2,1,0.26666666666666666,0.010875244632325434,0.3502993401717672,0.6383374477472994,0.34551812937783266,0.8983333333333333,5.79,7.005
2025-12-20 10:00:00+00:00,t2,2,0.26666666666666666,0.017744923618044833,0.42510770597735753,0.7391135487270586,0.34551812937783266,0.8833333333333333,5.56,7.005
2025-12-20 11:00:00+00:00,t1,1,0.11,0.0,0.20694544688319483,0.5542973392244239,0.20381297203510923,0.9866666666666667,4.18,5.3116666666666665
2025-12-20 11:00:00+00:00,t1,2,0.11,0.022273207901660236,0.25223371412756784,0.6060112759089342,0.24396644031099302,0.93,4.92,5.3116666666666665
2025-12-20 11:00:00+00:00,t2,1,0.09000000000000001,0.0,0.20463781782005236,0.554478556252361,0.20381297203510923,0.9666666666666667,4.18,5.1866666666666665
2025-12-20 11:00:00+00:00,t2,2,0.09000000000000001,0.0,0.2511441339629615,0.6057770528269445,0.24396644031099302,0.8966666666666666,4.92,5.1866666666666665
2025-12-20 12:00:00+00:00,t1,1,0.01,0.009535060561803336,0.12311157112970904,0.31087616827981956,0.10344010868308474,0.9866666666666667,1.66,2.231666666666667
2025-12-20 12:00:00+00:00,t1,2,0.01,0.008871908369604055,0.13131162504142382,0.28139692893630436,0.13303917357062492,0.9483333333333333,2.73,2.231666666666667
2025-12-20 12:00:00+00:00,t2,1,0.01,0.008127798569853425,0.12263706104646355,0.31087616827981956,0.10344010868308474,0.975,1.66,1.9983333333333333
2025-12-20 12:00:00+00:00,t2,2,0.01,0.011821589717582378,0.12900399597828136,0.2811627058543146,0.13303917357062492,0.9333333333333332,2.73,1.9983333333333333
2025-12-20 13:00:00+00:00,t1,1,0.01,0.0,0.1031203735765224,0.3705002274657742,0.20381297203510923,0.9899999999999999,4.42,1.2466666666666666
2025-12-20 13:00:00+00:00,t1,2,0.01,0.008871908369604055,0.18751612694254852,0.34486732806577963,0.10277016520894071,0.9683333333333333,0.45,1.2466666666666666
2025-12-20 13:00:00+00:00,t2,1,0.008333333333333333,0.0,0.10836529501137772,0.3705002274657742,0.20381297203510923,0.9783333333333334,4.42,1.2616666666666667
2025-12-20 13:00:00+00:00,t2,2,0.008333333333333333,0.00824058618385076,0.18695717850005686,0.34486732806577963,0.10277016520894071,0.945,0.45,1.2616666666666667
2025-12-20 14:00:00+00:00,t1,1,0.01,0.0,0.17164811354300144,0.2710672573409087,0.29666767038040753,0.9899999999999999,5.03,0.7883333333333334
2025-12-20 14:00:00+00:00,t1,2,0.01,0.0,0.20455173660984863,0.4683515192872898,0.24396644031099302,0.9899999999999999,5.0,0.7883333333333334
2025-12-20 14:00:00+00:00,t2,1,0.01,0.0,0.1762591808801402,0.27105109476681566,0.29666767038040753,0.98,5.03,0.9366666666666666
2025-12-20 14:00:00+00:00,t2,2,0.01,0.0,0.20268066047610914,0.46833535671319676,0.24396644031099302,0.975,5.0,0.9366666666666666
2025-12-20 15:00:00+00:00,t1,1,0.01,0.0,0.20390327300611,0.3951219707569573,0.29666767038040753,0.9883333333333333,5.45,0.6116666666666667
2025-12-20 15:00:00+00:00,t1,2,0.01,0.0,0.32565322194044866,0.5587903679282031,0.40783563748079876,0.9883333333333333,6.33,0.6116666666666667
2025-12-20 15:00:00+00:00,t2,1,0.01,0.0021185500542756017,0.20335303973592245,0.3951219707569573,0.29666767038040753,0.975,5.45,0.5516666666666666
2025-12-20 15:00:00+00:00,t2,2,0.01,0.0,0.31792167179458797,0.55877420535411,0.40783563748079876,0.9683333333333333,6.33,0.5516666666666666
2025-12-20 16:00:00+00:00,t1,1,0.01,0.06249560830450515,0.42342181536384915,0.7166219761224788,0.20381297203510923,0.9116666666666666,4.5,1.205
2025-12-20 16:00:00+00:00,t1,2,0.01,0.02543977071845214,0.3175823381746948,0.6735523184918227,0.34551812937783266,0.9833333333333334,5.84,1.205
2025-12-20 16:00:00+00:00,t2,1,0.01,0.022831998085704568,0.42023449767305704,0.7162227480270131,0.20381297203510923,0.895,4.5,1.0783333333333334
2025-12-20 16:00:00+00:00,t2,2,0.01,0.0,0.30773829115787615,0.6735361559177296,0.34551812937783266,0.9766666666666666,5.84,1.0783333333333334
2025-12-20 17:00:00+00:00,t1,1,0.01,0.05978063459819209,0.3431301501809364,0.6676420332462961,0.17437129044610378,0.9783333333333334,4.0,1.9183333333333332
2025-12-20 17:00:00+00:00,t1,2,0.01,0.03517056538149914,0.3358663907289174,0.7299941785299225,0.34551812937783266,0.9166666666666666,5.55,1.9183333333333332
2025-12-20 17:00:00+00:00,t2,1,0.008333333333333333,0.03538572079989008,0.3415934109550088,0.6672428051508305,0.17437129044610378,0.9716666666666667,4.0,2.0383333333333336
2025-12-20 17:00:00+00:00,t2,2,0.008333333333333333,0.014684246473784718,0.33593784466970783,0.7299780159558296,0.34551812937783266,0.9333333333333332,5.55,2.0383333333333336
2025-12-20 18:00:00+00:00,t1,1,0.05833333333333333,0.03759211263988046,0.28983814676126873,0.5859943560105875,0.29666767038040753,0.9899999999999999,5.33,4.9816666666666665
2025-12-20 18:00:00+00:00,t1,2,0.05833333333333333,0.027104998782489752,0.382302914868425,0.7048351824905829,0.29666767038040753,0.9700000000000001,5.24,4.9816666666666665
2025-12-20 18:00:00+00:00,t2,1,0.06,0.02458058363939089,0.2899096007020592,0.5859781934364944,0.29666767038040753,0.9733333333333333,5.33,5.003333333333333
2025-12-20 18:00:00+00:00,t2,2,0.06,0.0156246580757467,0.3791155971776329,0.7044197918210241,0.29666767038040753,0.9633333333333334,5.24,5.003333333333333
2025-12-20 19:00:00+00:00,t1,1,0.04,0.04513262144676826,0.34856765261372924,0.7218636352732358,0.34551812937783266,0.9899999999999999,5.66,4.221666666666667
2025-12-20 19:00:00+00:00,t1,2,0.04,0.020123877030346453,0.2765263073113564,0.737394628787738,0.40783563748079876,0.7399999999999999,6.15,4.221666666666667
2025-12-20 19:00:00+00:00,t2,1,0.03,0.021694948802849556,0.3486391065545197,0.7218474726991428,0.34551812937783266,0.9783333333333334,5.66,3.765
2025-12-20 19:00:00+00:00,t2,2,0.03,0.0024908229916130245,0.2733389896205643,0.7369792381181793,0.40783563748079876,0.7583333333333333,6.15,3.765
2025-12-20 20:00:00+00:00,t1,1,0.08166666666666668,0.1601400315077436,0.5299891018675953,0.9288392740550094,0.5595838549817422,0.945,7.55,5.178333333333334
2025-12-20 20:00:00+00:00,t1,2,0.08166666666666668,0.1490303847232687,0.5354667937526462,0.9293643888921785,0.5595838549817422,0.9833333333333334,7.91,5.178333333333334
2025-12-20 20:00:00+00:00,t2,1,0.08333333333333333,0.1499867625757541,0.5309009001438215,0.9281543119095647,0.5595838549817422,0.9566666666666667,7.55,5.364999999999999
2025-12-20 20:00:00+00:00,t2,2,0.08333333333333333,0.15008584487363996,0.5360692048298092,0.9290014186789819,0.5595838549817422,0.975,7.91,5.364999999999999
2025-12-20 21:00:00+00:00,t1,1,0.29833333333333334,0.2402703350885404,0.60861381684512,0.9656118158164355,0.621809413221861,0.9833333333333334,8.37,6.863333333333333
2025-12-20 21:00:00+00:00,t1,2,0.29833333333333334,0.30174470848847107,0.667387686013775,0.9867330987769907,0.7036149602258147,0.9899999999999999,9.82,6.863333333333333
2025-12-20 21:00:00+00:00,t2,1,0.30333333333333334,0.23664552595802368,0.6076333188706521,0.9652998388184637,0.621809413221861,0.9666666666666667,8.37,7.010000000000001
2025-12-20 21:00:00+00:00,t2,2,0.30333333333333334,0.3164518934025362,0.6664071880393071,0.9847360233731979,0.7036149602258147,0.98,9.82,7.010000000000001
2025-12-20 22:00:00+00:00,t1,1,0.22833333333333336,0.3846432995288721,0.7200369448057354,0.9594574754696693,0.6886657154935532,0.98,9.14,6.406666666666666
2025-12-20 22:00:00+00:00,t1,2,0.22833333333333336,0.289765326305129,0.6932100582277159,0.9675256489767503,0.751884164222874,0.9700000000000001,10.09,6.406666666666666
2025-12-20 22:00:00+00:00,t2,1,0.23,0.3468678007107178,0.7190564468312676,0.9586244523708178,0.6886657154935532,0.9716666666666667,9.14,6.458333333333333
2025-12-20 22:00:00+00:00,t2,2,0.23,0.3033998756086697,0.6918690148257497,0.9656844710773467,0.751884164222874,0.9533333333333333,10.09,6.458333333333333
2025-12-20 23:00:00+00:00,t1,1,0.7166666666666667,0.4803757378693072,0.7865615075431959,0.9844446055854775,0.751884164222874,0.7433333333333333,10.23,9.293333333333335
2025-12-20 23:00:00+00:00,t1,2,0.7166666666666667,0.4595515129035077,0.8320523269434527,0.9941787673877434,0.751884164222874,0.9383333333333334,10.39,9.293333333333335
2025-12-20 23:00:00+00:00,t2,1,0.7383333333333333,0.48603634048814814,0.7864297978674616,0.9819881807817077,0.751884164222874,0.8416666666666667,10.23,9.5
2025-12-20 23:00:00+00:00,t2,2,0.7383333333333333,0.4367026500949773,0.8319206172677184,0.9907034896361275,0.751884164222874,0.9133333333333332,10.39,9.5
2025-12-21 00:00:00+00:00,t1,1,0.9983333333333334,0.6169389092843499,0.8266164882103776,1.0,0.751884164222874,0.5,10.15,12.555
2025-12-21 00:00:00+00:00,t1,2,0.9983333333333334,0.5957110481901098,0.8778726049345339,1.0,0.7759836210712704,0.5666666666666667,11.21,12.555
2025-12-21 00:00:00+00:00,t2,1,0.98,0.6930530564968291,0.8264847785346433,1.0,0.751884164222874,0.535,10.15,12.268333333333333
2025-12-21 00:00:00+00:00,t2,2,0.98,0.6077219660391766,0.8777408952587996,1.0,0.7759836210712704,0.615,11.21,12.268333333333333
2025-12-21 01:00:00+00:00,t1,1,0.8633333333333333,0.6101533754496206,0.8525001083804454,1.0,0.751884164222874,0.12833333333333333,10.24,10.406666666666666
2025-12-21 01:00:00+00:00,t1,2,0.8633333333333333,0.603949736709074,0.8905051215845099,1.0,0.751884164222874,0.13499999999999998,10.49,10.406666666666666
2025-12-21 01:00:00+00:00,t2,1,0.8416666666666667,0.6711106644539367,0.8523683987047111,1.0,0.751884164222874,0.11166666666666668,10.24,10.041666666666666
2025-12-21 01:00:00+00:00,t2,2,0.8416666666666667,0.6678291519944068,0.8903734119087756,1.0,0.751884164222874,0.15666666666666668,10.49,10.041666666666666
2025-12-21 02:00:00+00:00,t1,1,0.325,0.579955093036165,0.8150697935638965,1.0,0.7036149602258147,0.09000000000000001,9.6,6.833333333333333
2025-12-21 02:00:00+00:00,t1,2,0.325,0.5987130020653264,0.8134224589623902,1.0,0.7036149602258147,0.01,9.83,6.833333333333333
2025-12-21 02:00:00+00:00,t2,1,0.32,0.6296123395665161,0.8150225222474083,1.0,0.7036149602258147,0.08666666666666667,9.6,6.890000000000001
2025-12-21 02:00:00+00:00,t2,2,0.32,0.6356027702545277,0.813375187645902,1.0,0.7036149602258147,0.008333333333333333,9.83,6.890000000000001
2025-12-21 03:00:00+00:00,t1,1,0.305,0.4968024180601075,0.7405849738890826,0.9993700906942864,0.6886657154935532,0.19666666666666666,9.4,6.846666666666667
2025-12-21 03:00:00+00:00,t1,2,0.305,0.538067921821004,0.7665559317347023,1.0,0.6886657154935532,0.011666666666666667,9.28,6.846666666666667
2025-12-21 03:00:00+00:00,t2,1,0.31,0.5642362247668806,0.7405377025725944,0.994906216567319,0.6886657154935532,0.18499999999999997,9.4,6.9366666666666665
2025-12-21 03:00:00+00:00,t2,2,0.31,0.5685318633813878,0.7665086604182141,1.0,0.6886657154935532,0.011666666666666667,9.28,6.9366666666666665
2025-12-21 04:00:00+00:00,t1,1,0.325,0.40519581425125484,0.7346677310579562,1.0,0.621809413221861,0.105,8.31,6.9316666666666675
2025-12-21 04:00:00+00:00,t1,2,0.325,0.5055223163754698,0.7307885617295038,0.9837088848174436,0.6380866269626422,0.03166666666666667,8.76,6.9316666666666675
2025-12-21 04:00:00+00:00,t2,1,0.32666666666666666,0.427612381301456,0.7346204597414681,0.9979940881678909,0.621809413221861,0.125,8.31,7.036666666666666
2025-12-21 04:00:00+00:00,t2,2,0.32666666666666666,0.4826165926113339,0.7307412904130156,0.9801123279714965,0.6380866269626422,0.02666666666666667,8.76,7.036666666666666
2025-12-21 05:00:00+00:00,t1,1,0.37166666666666665,0.30686870185821036,0.6766804834779863,0.9656759625602159,0.5595838549817422,0.11666666666666668,7.84,7.278333333333333
2025-12-21 05:00:00+00:00,t1,2,0.37166666666666665,0.4202245341781998,0.6895124268883518,0.9717335559314835,0.621809413221861,0.01,8.32,7.278333333333333
2025-12-21 05:00:00+00:00,t2,1,0.37833333333333335,0.37452843605639996,0.6769937575889964,0.9615783730599026,0.5595838549817422,0.13,7.84,7.316666666666666
2025-12-21 05:00:00+00:00,t2,2,0.37833333333333335,0.3963605605683145,0.6894651555718636,0.9696675151876237,0.621809413221861,0.01,8.32,7.316666666666666
2025-12-21 06:00:00+00:00,t1,1,0.37833333333333335,0.25469724836800056,0.5227322634494561,0.9625554762437705,0.46587952084773093,0.145,6.75,7.263333333333333
2025-12-21 06:00:00+00:00,t1,2,0.37833333333333335,0.4481786383852294,0.6938003976508978,1.0,0.533438938580799,0.08666666666666667,7.45,7.263333333333333
2025-12-21 06:00:00+00:00,t2,1,0.38833333333333336,0.26592353329189133,0.5230455375604662,0.9596299277280717,0.46587952084773093,0.16666666666666666,6.75,7.368333333333333
2025-12-21 06:00:00+00:00,t2,2,0.38833333333333336,0.4204392131240881,0.6937531263344097,0.9969536706428447,0.533438938580799,0.09999999999999999,7.45,7.368333333333333
2025-12-21 07:00:00+00:00,t1,1,0.31166666666666665,0.21965953440859115,0.5301663161519939,0.9312214016404337,0.46587952084773093,0.21,6.89,6.8116666666666665
2025-12-21 07:00:00+00:00,t1,2,0.31166666666666665,0.45722511751179307,0.6698629614559494,1.0,0.533438938580799,0.24,7.43,6.8116666666666665
2025-12-21 07:00:00+00:00,t2,1,0.3233333333333333,0.22250536068579213,0.5304795902630041,0.9280907884905694,0.46587952084773093,0.2866666666666667,6.89,7.07
2025-12-21 07:00:00+00:00,t2,2,0.3233333333333333,0.4783835839322582,0.6698156901394612,0.9983723953967859,0.533438938580799,0.26833333333333337,7.43,7.07
2025-12-21 08:00:00+00:00,t1,1,0.30666666666666664,0.206222816994567,0.5158024869215561,0.942522024676848,0.46587952084773093,0.3833333333333333,6.56,6.91
2025-12-21 08:00:00+00:00,t1,2,0.30666666666666664,0.459859144829251,0.7085699082098031,1.0,0.5595838549817422,0.48666666666666664,7.72,6.91
2025-12-21 08:00:00+00:00,t2,1,0.35000000000000003,0.23604936590354408,0.5161157610325662,0.939053334570836,0.46587952084773093,0.395,6.56,7.294999999999999
2025-12-21 08:00:00+00:00,t2,2,0.35000000000000003,0.4911617362368791,0.708522636893315,0.9958584180737432,0.5595838549817422,0.51,7.72,7.294999999999999
2025-12-21 09:00:00+00:00,t1,1,0.3283333333333333,0.18949651822186736,0.5401715619759664,0.9387382716444701,0.34551812937783266,0.26333333333333336,5.7,7.043333333333333
2025-12-21 09:00:00+00:00,t1,2,0.3283333333333333,0.4251845149875469,0.6444139463267367,0.9844101968557895,0.5595838549817422,0.7366666666666667,7.72,7.043333333333333
2025-12-21 09:00:00+00:00,t2,1,0.3116666666666667,0.16866995804396256,0.5404848360869765,0.9383690433960438,0.34551812937783266,0.295,5.7,7.123333333333334
2025-12-21 09:00:00+00:00,t2,2,0.3116666666666667,0.49749451356880425,0.6443666750102485,0.9783749878493178,0.5595838549817422,0.7616666666666667,7.72,7.123333333333334
2025-12-21 10:00:00+00:00,t1,1,0.5,0.18839048903604763,0.5863639759843815,0.94190135545005,0.29666767038040753,0.24666666666666667,5.42,7.853333333333333
2025-12-21 10:00:00+00:00,t1,2,0.5,0.4002627496193753,0.6288027895831839,0.9631909315457536,0.533438938580799,0.8666666666666667,7.37,7.853333333333333
2025-12-21 10:00:00+00:00,t2,1,0.5216666666666666,0.16007238795025155,0.5866772500953916,0.9422327095377003,0.29666767038040753,0.26666666666666666,5.42,8.278333333333334
2025-12-21 10:00:00+00:00,t2,2,0.5216666666666666,0.4207281435378159,0.6287555182666957,0.9616085686821052,0.533438938580799,0.8983333333333333,7.37,8.278333333333334
2025-12-21 11:00:00+00:00,t1,1,0.4166666666666667,0.28147809113493766,0.6681864015602204,0.9457026629839486,0.40783563748079876,0.11,6.41,7.593333333333334
2025-12-21 11:00:00+00:00,t1,2,0.4166666666666667,0.4315025045286415,0.6796570258463485,0.9748409136528265,0.533438938580799,0.9866666666666667,7.39,7.593333333333334
2025-12-21 11:00:00+00:00,t2,1,0.39999999999999997,0.27562117288121707,0.6684996756712305,0.9447864451564761,0.40783563748079876,0.09000000000000001,6.41,7.551666666666667
2025-12-21 11:00:00+00:00,t2,2,0.39999999999999997,0.44134626706467256,0.6796097545298603,0.9737325044464863,0.533438938580799,0.9666666666666667,7.39,7.551666666666667
2025-12-21 12:00:00+00:00,t1,1,0.4666666666666666,0.35129348959307594,0.7031421812699934,0.9790370015966414,0.46587952084773093,0.01,6.97,7.408333333333334
2025-12-21 12:00:00+00:00,t1,2,0.4666666666666666,0.44900249908852374,0.8096368655264461,0.9988879249543572,0.5595838549817422,0.9866666666666667,7.6,7.408333333333334
2025-12-21 12:00:00+00:00,t2,1,0.4683333333333333,0.35950097545973386,0.7034554553810035,0.9778321637368919,0.46587952084773093,0.01,6.97,7.776666666666666
2025-12-21 12:00:00+00:00,t2,2,0.4683333333333333,0.4897546330080599,0.8095895942099579,0.9986631363248324,0.5595838549817422,0.975,7.6,7.776666666666666
2025-12-21 13:00:00+00:00,t1,1,0.5633333333333334,0.3866035630668136,0.778366627292572,0.9848901967296066,0.5595838549817422,0.01,7.52,8.213333333333333
2025-12-21 13:00:00+00:00,t1,2,0.5633333333333334,0.3441777741515269,0.7237167842478354,0.9921800011588743,0.533438938580799,0.9899999999999999,7.34,8.213333333333333
2025-12-21 13:00:00+00:00,t2,1,0.58,0.41632965497145885,0.7819097184412502,0.9831537840109159,0.5595838549817422,0.008333333333333333,7.52,8.496666666666668
2025-12-21 13:00:00+00:00,t2,2,0.58,0.37886710605127044,0.7272598753965136,0.9917767056961851,0.533438938580799,0.9783333333333334,7.34,8.496666666666668
2025-12-21 14:00:00+00:00,t1,1,0.7516666666666666,0.45149559931092365,0.7357990532444336,0.9687058887816699,0.5595838549817422,0.01,7.74,9.57
2025-12-21 14:00:00+00:00,t1,2,0.7516666666666666,0.3156937414373152,0.6639949645910557,0.9852240661801208,0.533438938580799,0.9899999999999999,7.39,9.57
2025-12-21 14:00:00+00:00,t2,1,0.7666666666666666,0.46422025458214833,0.7393421443931119,0.9675755536710974,0.5595838549817422,0.01,7.74,9.674999999999999
2025-12-21 14:00:00+00:00,t2,2,0.7666666666666666,0.3179524077584558,0.6675380557397339,0.9838222043022384,0.533438938580799,0.98,7.39,9.674999999999999
2025-12-21 15:00:00+00:00,t1,1,0.6883333333333334,0.377164711244906,0.6549590157180634,0.9725320979996239,0.5595838549817422,0.01,7.75,9.128333333333332
2025-12-21 15:00:00+00:00,t1,2,0.6883333333333334,0.3221924478245002,0.638754788683311,0.9669777967418873,0.533438938580799,0.9883333333333333,7.14,9.128333333333332
2025-12-21 15:00:00+00:00,t2,1,0.6833333333333332,0.3908433607354813,0.6551878514698274,0.9727208614974017,0.5595838549817422,0.01,7.75,9.055
2025-12-21 15:00:00+00:00,t2,2,0.6833333333333332,0.30299939415488214,0.6393931635492299,0.9665453806018709,0.533438938580799,0.975,7.14,9.055
2025-12-21 16:00:00+00:00,t1,1,0.6733333333333333,0.3273611072978992,0.5754472309567712,0.9369293433425555,0.533438938580799,0.01,7.17,8.781666666666666
2025-12-21 16:00:00+00:00,t1,2,0.6733333333333333,0.25033425799632397,0.6158965272988818,0.9394834097737325,0.46587952084773093,0.9116666666666666,6.65,8.781666666666666
2025-12-21 16:00:00+00:00,t2,1,0.62,0.3269543259733987,0.5756760667085352,0.9369061466093441,0.533438938580799,0.01,7.17,8.78
2025-12-21 16:00:00+00:00,t2,2,0.62,0.2252413181227093,0.6165349021648007,0.9390625741204286,0.46587952084773093,0.895,6.65,8.78
2025-12-21 17:00:00+00:00,t1,1,0.5033333333333333,0.21794125736346762,0.5444411445079386,0.9050786942020937,0.46587952084773093,0.01,6.8,7.968333333333334
2025-12-21 17:00:00+00:00,t1,2,0.5033333333333333,0.16156596041459045,0.4803391839841955,0.8200794589074949,0.40783563748079876,0.9783333333333334,6.12,7.968333333333334
2025-12-21 17:00:00+00:00,t2,1,0.5083333333333333,0.19257154737535245,0.5446699802597026,0.9047985175618444,0.46587952084773093,0.008333333333333333,6.8,8.065
2025-12-21 17:00:00+00:00,t2,2,0.5083333333333333,0.10137882025731712,0.48097755885011423,0.8232789200306716,0.40783563748079876,0.9716666666666667,6.12,8.065
2025-12-21 18:00:00+00:00,t1,1,0.57,0.1419657695478056,0.46957931239058587,0.8446455985284654,0.46587952084773093,0.05833333333333333,6.93,8.261666666666667
2025-12-21 18:00:00+00:00,t1,2,0.57,0.10739366950289461,0.5281811661516821,0.8357936352692558,0.40783563748079876,0.9899999999999999,6.18,8.261666666666667
2025-12-21 18:00:00+00:00,t2,1,0.58,0.11370074392844295,0.4688055642524621,0.8476928201518752,0.46587952084773093,0.06,6.93,8.621666666666668
2025-12-21 18:00:00+00:00,t2,2,0.58,0.08210025854076289,0.528819541017601,0.8389930963924325,0.40783563748079876,0.9733333333333333,6.18,8.621666666666668
2025-12-21 19:00:00+00:00,t1,1,0.6566666666666666,0.12238862759510769,0.5726346828113614,0.7648092995614426,0.46587952084773093,0.04,6.54,9.028333333333334
2025-12-21 19:00:00+00:00,t1,2,0.6566666666666666,0.08994674682795624,0.530075775690727,0.7758476722749499,0.40783563748079876,0.9899999999999999,6.12,9.028333333333334
2025-12-21 19:00:00+00:00,t2,1,0.64,0.05393634625733437,0.571860934673238,0.7680087606846193,0.46587952084773093,0.03,6.54,8.893333333333333
2025-12-21 19:00:00+00:00,t2,2,0.64,0.03099806003107082,0.5307141505566457,0.7790471333981266,0.40783563748079876,0.9783333333333334,6.12,8.893333333333333
2025-12-21 20:00:00+00:00,t1,1,0.48166666666666663,0.09215060533613523,0.4065885625136074,0.733306244834764,0.40783563748079876,0.08166666666666668,6.2,7.945
2025-12-21 20:00:00+00:00,t1,2,0.48166666666666663,0.05586783986081437,0.39126677101261087,0.619540495963653,0.29666767038040753,0.945,5.48,7.945
2025-12-21 20:00:00+00:00,t2,1,0.46666666666666673,0.03992746310667589,0.4058148143754837,0.7365057059579407,0.40783563748079876,0.08333333333333333,6.2,7.898333333333333
2025-12-21 20:00:00+00:00,t2,2,0.46666666666666673,0.014884592647579797,0.3915880312373977,0.6240421726508326,0.29666767038040753,0.9566666666666667,5.48,7.898333333333333
2025-12-21 21:00:00+00:00,t1,1,0.17833333333333334,0.051658124600851424,0.27593883926470386,0.5753321137236497,0.34551812937783266,0.29833333333333334,5.66,5.633333333333333
2025-12-21 21:00:00+00:00,t1,2,0.17833333333333334,0.0,0.176855011064111,0.33810212037439935,0.24396644031099302,0.9833333333333334,4.56,5.633333333333333
2025-12-21 21:00:00+00:00,t2,1,0.17166666666666666,0.0024437825801781957,0.2765979397207482,0.5785477374209194,0.34551812937783266,0.30333333333333334,5.66,5.811666666666667
2025-12-21 21:00:00+00:00,t2,2,0.17166666666666666,0.0,0.17597894798048752,0.33810212037439935,0.24396644031099302,0.9666666666666667,4.56,5.811666666666667
2025-12-21 22:00:00+00:00,t1,1,0.01,0.0,0.20754126093807945,0.37368087842743103,0.24396644031099302,0.22833333333333336,4.78,1.75
2025-12-21 22:00:00+00:00,t1,2,0.01,0.008871908369604055,0.11909412566050888,0.1692651336521794,0.13303917357062492,0.98,2.95,1.75
2025-12-21 22:00:00+00:00,t2,1,0.01,0.0,0.20666519785445597,0.37368087842743103,0.24396644031099302,0.23,4.78,1.695
2025-12-21 22:00:00+00:00,t2,2,0.01,0.007917622648303596,0.11737169447585934,0.16903091057018968,0.13303917357062492,0.9716666666666667,2.95,1.695
2025-12-21 23:00:00+00:00,t1,1,0.015,0.009535060561803336,0.093965967436749,0.12262964895325651,0.1459803862401931,0.7166666666666667,3.18,3.8066666666666666
2025-12-21 23:00:00+00:00,t1,2,0.015,0.008871908369604055,0.06277251623350324,0.06277251623350324,0.10344010868308474,0.7433333333333333,1.75,3.8066666666666666
2025-12-21 23:00:00+00:00,t2,1,0.011666666666666667,0.008467336896873527,0.09308990435312557,0.12262964895325651,0.1459803862401931,0.7383333333333333,3.18,4.451666666666667
2025-12-21 23:00:00+00:00,t2,2,0.011666666666666667,0.007871820327700457,0.06105008504885371,0.06105008504885371,0.10344010868308474,0.8416666666666667,1.75,4.451666666666667
2025-12-22 00:00:00+00:00,t1,1,0.09500000000000001,0.009535060561803336,0.0489015005244114,0.06534675381240301,0.10431543935643564,0.9983333333333334,2.01,5.291666666666667
2025-12-22 00:00:00+00:00,t1,2,0.09500000000000001,0.008871908369604055,0.0521486070502549,0.0521486070502549,0.10431543935643564,0.5,2.15,5.291666666666667
2025-12-22 00:00:00+00:00,t2,1,0.08666666666666667,0.0079561829281123,0.0483425520819198,0.06534675381240301,0.10431543935643564,0.98,2.01,5.2749999999999995
2025-12-22 00:00:00+00:00,t2,2,0.08666666666666667,0.00733024291622344,0.05127254396663147,0.05127254396663147,0.10431543935643564,0.535,2.15,5.2749999999999995
2025-12-22 01:00:00+00:00,t1,1,0.19999999999999998,0.009535060561803336,0.04972966741747932,0.04972966741747932,0.0898266827891979,0.8633333333333333,1.12,6.295000000000001
2025-12-22 01:00:00+00:00,t1,2,0.19999999999999998,0.008871908369604055,0.05001916896488753,0.0613877586191799,0.09097294306980487,0.12833333333333333,0.56,6.295000000000001
2025-12-22 01:00:00+00:00,t2,1,0.17,0.007898111867247292,0.04917071897498773,0.04917071897498773,0.0898266827891979,0.8416666666666667,1.12,6.06
2025-12-22 01:00:00+00:00,t2,2,0.17,0.007464285807327742,0.04946022052239594,0.0613877586191799,0.09097294306980487,0.11166666666666668,0.56,6.06
2025-12-22 02:00:00+00:00,t1,1,0.13333333333333333,0.009535060561803336,0.09427733222279716,0.1149704598928544,0.0898266827891979,0.325,1.01,5.516666666666667
2025-12-22 02:00:00+00:00,t1,2,0.13333333333333333,0.008871908369604055,0.12196285843220254,0.2625892326541529,0.13303917357062492,0.09000000000000001,2.98,5.516666666666667
2025-12-22 02:00:00+00:00,t2,1,0.125,0.008467376760937092,0.0938028221395517,0.1149704598928544,0.0898266827891979,0.32,1.01,5.358333333333333
2025-12-22 02:00:00+00:00,t2,2,0.125,0.01093571941668515,0.12148834834895708,0.2625892326541529,0.13303917357062492,0.08666666666666667,2.98,5.358333333333333
2025-12-22 03:00:00+00:00,t1,1,0.18166666666666667,0.026412317613907464,0.23501854482007425,0.4472630508840322,0.24396644031099302,0.305,4.54,5.808333333333334
2025-12-22 03:00:00+00:00,t1,2,0.18166666666666667,0.021329172101176325,0.27535351642677847,0.6370283107599458,0.29666767038040753,0.19666666666666666,5.28,5.808333333333334
2025-12-22 03:00:00+00:00,t2,1,0.145,0.0,0.23026247087214471,0.44724688830993914,0.24396644031099302,0.31,4.54,5.628333333333333
2025-12-22 03:00:00+00:00,t2,2,0.145,0.01268888973591055,0.27755908678848257,0.6369598572025816,0.29666767038040753,0.18499999999999997,5.28,5.628333333333333
2025-12-22 04:00:00+00:00,t1,1,0.5533333333333333,0.11512812724555879,0.41949672347732836,0.8086581205841591,0.29666767038040753,0.325,5.47,8.219999999999999
2025-12-22 04:00:00+00:00,t1,2,0.5533333333333333,0.16188380730634985,0.4520075609085866,0.9196243721053595,0.24396644031099302,0.105,4.9,8.219999999999999
2025-12-22 04:00:00+00:00,t2,1,0.5333333333333333,0.09797637367133315,0.41797687860844146,0.8085735044527019,0.29666767038040753,0.32666666666666666,5.47,8.373333333333333
2025-12-22 04:00:00+00:00,t2,2,0.5333333333333333,0.09073285964884288,0.4523208350195966,0.9184275875320813,0.24396644031099302,0.125,4.9,8.373333333333333
2025-12-22 05:00:00+00:00,t1,1,0.965,0.3710525331791713,0.6907234667676492,0.9759420433644501,0.34551812937783266,0.37166666666666665,5.64,11.534999999999998
2025-12-22 05:00:00+00:00,t1,2,0.965,0.38430439446747894,0.7564727367048705,1.0,0.29666767038040753,0.11666666666666668,5.37,11.534999999999998
2025-12-22 05:00:00+00:00,t2,1,0.96,0.3386066982847117,0.690676195451161,0.9736765875463368,0.34551812937783266,0.37833333333333335,5.64,11.495
2025-12-22 05:00:00+00:00,t2,2,0.96,0.324984850595368,0.7567860108158806,0.9987266687158284,0.29666767038040753,0.13,5.37,11.495
2025-12-22 06:00:00+00:00,t1,1,0.975,0.5869186340743587,0.8785770598385413,1.0,0.533438938580799,0.37833333333333335,7.36,11.67
2025-12-22 06:00:00+00:00,t1,2,0.975,0.5865853343503195,0.8512833173557657,1.0,0.5595838549817422,0.145,7.58,11.67
2025-12-22 06:00:00+00:00,t2,1,0.9700000000000001,0.6407305869404538,0.8785297885220531,0.9999731256464681,0.533438938580799,0.38833333333333336,7.36,11.503333333333332
2025-12-22 06:00:00+00:00,t2,2,0.9700000000000001,0.5814136580513595,0.8512360460392775,1.0,0.5595838549817422,0.16666666666666666,7.58,11.503333333333332
2025-12-22 07:00:00+00:00,t1,1,0.9866666666666667,0.7009854555435033,0.9762045080528067,1.0,0.621809413221861,0.31166666666666665,8.21,12.048333333333332
2025-12-22 07:00:00+00:00,t1,2,0.9866666666666667,0.7706787147134355,0.9873800266778912,1.0,0.6380866269626422,0.21,8.69,12.048333333333332
2025-12-22 07:00:00+00:00,t2,1,0.9783333333333334,0.8075077428236572,0.9761572367363185,1.0,0.621809413221861,0.3233333333333333,8.21,11.948333333333332
2025-12-22 07:00:00+00:00,t2,2,0.9783333333333334,0.7783227384524709,0.987332755361403,1.0,0.6380866269626422,0.2866666666666667,8.69,11.948333333333332
2025-12-22 08:00:00+00:00,t1,1,0.9566666666666667,0.6988813418588643,0.9633596721491706,1.0,0.621809413221861,0.30666666666666664,8.09,11.326666666666668
2025-12-22 08:00:00+00:00,t1,2,0.9566666666666667,0.8018353613782692,1.0,1.0,0.6380866269626422,0.3833333333333333,8.62,11.326666666666668
2025-12-22 08:00:00+00:00,t2,1,0.9716666666666667,0.7482431021493097,0.9633124008326824,1.0,0.621809413221861,0.35000000000000003,8.09,11.575000000000001
2025-12-22 08:00:00+00:00,t2,2,0.9716666666666667,0.8848364778118547,1.0,1.0,0.6380866269626422,0.395,8.62,11.575000000000001
2025-12-22 09:00:00+00:00,t1,1,0.9883333333333333,0.6999899942173369,0.9825305597986396,1.0,0.5595838549817422,0.3283333333333333,7.66,11.788333333333334
2025-12-22 09:00:00+00:00,t1,2,0.9883333333333333,0.8017686542913021,1.0,1.0,0.6380866269626422,0.26333333333333336,8.52,11.788333333333334
2025-12-22 09:00:00+00:00,t2,1,0.98,0.7446637153201197,0.9828438339096497,1.0,0.5595838549817422,0.3116666666666667,7.66,12.045
2025-12-22 09:00:00+00:00,t2,2,0.98,0.8501250909596749,1.0,1.0,0.6380866269626422,0.295,8.52,12.045
2025-12-22 10:00:00+00:00,t1,1,0.9883333333333333,0.5916961331673902,0.9776609770111503,1.0,0.533438938580799,0.5,7.34,12.13
2025-12-22 10:00:00+00:00,t1,2,0.9883333333333333,0.713062879459212,1.0,1.0,0.5595838549817422,0.24666666666666667,7.85,12.13
2025-12-22 10:00:00+00:00,t2,1,0.9783333333333334,0.6548561015825352,0.9779742511221604,1.0,0.533438938580799,0.5216666666666666,7.34,12.168333333333335
2025-12-22 10:00:00+00:00,t2,2,0.9783333333333334,0.7459911508784409,1.0,1.0,0.5595838549817422,0.26666666666666666,7.85,12.168333333333335
2025-12-22 11:00:00+00:00,t1,1,0.9899999999999999,0.5125352135030967,0.9182202949383048,1.0,0.533438938580799,0.4166666666666667,7.36,11.973333333333334
2025-12-22 11:00:00+00:00,t1,2,0.9899999999999999,0.6646312750694447,0.9948303091744494,1.0,0.621809413221861,0.11,8.1,11.973333333333334
2025-12-22 11:00:00+00:00,t2,1,0.9766666666666666,0.5223217051390835,0.9185335690493149,0.9996106082300694,0.533438938580799,0.39999999999999997,7.36,12.201666666666666
2025-12-22 11:00:00+00:00,t2,2,0.9766666666666666,0.6743360885745227,0.9947830378579612,1.0,0.621809413221861,0.09000000000000001,8.1,12.201666666666666
2025-12-22 12:00:00+00:00,t1,1,0.9899999999999999,0.38947285886387323,0.8709722750492523,0.9822828584658772,0.46587952084773093,0.4666666666666666,6.86,12.42
2025-12-22 12:00:00+00:00,t1,2,0.9899999999999999,0.5518280806096744,0.9272021036573181,1.0,0.5595838549817422,0.01,7.69,12.42
2025-12-22 12:00:00+00:00,t2,1,0.9733333333333333,0.3494958156594577,0.8712855491602625,0.9819758108882727,0.46587952084773093,0.4683333333333333,6.86,12.408333333333333
2025-12-22 12:00:00+00:00,t2,2,0.9733333333333333,0.510395511556396,0.9275153777683283,1.0,0.5595838549817422,0.01,7.69,12.408333333333333
2025-12-22 13:00:00+00:00,t1,1,0.975,0.21847947574805693,0.7308619371697964,0.8865355432699339,0.34551812937783266,0.5633333333333334,5.96,11.806666666666667
2025-12-22 13:00:00+00:00,t1,2,0.975,0.46677892589084474,0.8802037416824119,0.9959184874130053,0.533438938580799,0.01,7.33,11.806666666666667
2025-12-22 13:00:00+00:00,t2,1,0.9566666666666667,0.16191733777791967,0.7301674590411853,0.8853687282867965,0.34551812937783266,0.58,5.96,11.808333333333332
2025-12-22 13:00:00+00:00,t2,2,0.9566666666666667,0.4149260200213975,0.8834297181899582,0.9946807685766672,0.533438938580799,0.008333333333333333,7.33,11.808333333333332
2025-12-22 14:00:00+00:00,t1,1,0.5850000000000001,0.1432261317406978,0.5669037496182866,0.7959298917613613,0.29666767038040753,0.7516666666666666,5.29,8.38
2025-12-22 14:00:00+00:00,t1,2,0.5850000000000001,0.3091119657921152,0.840105692163471,0.9831189083448784,0.46587952084773093,0.01,6.94,8.38
2025-12-22 14:00:00+00:00,t2,1,0.5833333333333334,0.0724912494559015,0.5617058440367826,0.7958614382039971,0.29666767038040753,0.7666666666666666,5.29,8.58
2025-12-22 14:00:00+00:00,t2,2,0.5833333333333334,0.26291411178383656,0.8433316686710173,0.9816600679829777,0.46587952084773093,0.01,6.94,8.58
2025-12-22 15:00:00+00:00,t1,1,0.11499999999999999,0.10131826948340837,0.39018117103424654,0.5956855889421111,0.20381297203510923,0.6883333333333334,4.41,5.413333333333334
2025-12-22 15:00:00+00:00,t1,2,0.11499999999999999,0.1741187400708986,0.7248533756422294,0.871017373459113,0.40783563748079876,0.01,6.28,5.413333333333334
2025-12-22 15:00:00+00:00,t2,1,0.09833333333333334,0.02348584491777484,0.38498326545274275,0.5952863608466454,0.20381297203510923,0.6833333333333332,4.41,5.305
2025-12-22 15:00:00+00:00,t2,2,0.09833333333333334,0.15356556441108707,0.7266573930035556,0.870732140256066,0.40783563748079876,0.01,6.28,5.305
2025-12-22 16:00:00+00:00,t1,1,0.17333333333333334,0.05868608389853788,0.34411169352553467,0.34411169352553467,0.1459803862401931,0.6733333333333333,3.22,6.105
2025-12-22 16:00:00+00:00,t1,2,0.17333333333333334,0.11823906492566238,0.5187355366947736,0.7389772491623576,0.29666767038040753,0.01,5.21,6.105
2025-12-22 16:00:00+00:00,t2,1,0.13833333333333334,0.016885918750176525,0.3414025114620144,0.3414025114620144,0.1459803862401931,0.62,3.22,5.638333333333333
2025-12-22 16:00:00+00:00,t2,2,0.13833333333333334,0.05378916326660789,0.5135376311132696,0.7431377916777618,0.29666767038040753,0.01,5.21,5.638333333333333
2025-12-22 17:00:00+00:00,t1,1,0.11166666666666665,0.009535060561803336,0.27742770983194703,0.27742770983194703,0.10344010868308474,0.5033333333333333,1.76,5.218333333333333
2025-12-22 17:00:00+00:00,t1,2,0.11166666666666665,0.06257886739002602,0.32891304317934766,0.5442286403838048,0.20381297203510923,0.01,4.49,5.218333333333333
2025-12-22 17:00:00+00:00,t2,1,0.09833333333333334,0.010492333613729086,0.27263685453688313,0.27263685453688313,0.10344010868308474,0.5083333333333333,1.76,5.171666666666667
2025-12-22 17:00:00+00:00,t2,2,0.09833333333333334,0.010753060901822382,0.32371513759784387,0.5442286403838048,0.20381297203510923,0.008333333333333333,4.49,5.171666666666667
2025-12-22 18:00:00+00:00,t1,1,0.075,0.009535060561803336,0.20984517638381495,0.20984517638381495,0.0898266827891979,0.57,1.43,4.565
2025-12-22 18:00:00+00:00,t1,2,0.075,0.052919611244185386,0.2706989113596721,0.4073637856978469,0.17437129044610378,0.05833333333333333,3.92,4.565
2025-12-22 18:00:00+00:00,t2,1,0.06666666666666667,0.008958289077759038,0.20505432108875096,0.20505432108875096,0.0898266827891979,0.58,1.43,4.38
2025-12-22 18:00:00+00:00,t2,2,0.06666666666666667,0.022246651071420886,0.2659080560646082,0.4073637856978469,0.17437129044610378,0.06,3.92,4.38
2025-12-22 19:00:00+00:00,t1,1,0.023333333333333334,0.009535060561803336,0.16477823798060628,0.17699088494579238,0.09097294306980487,0.6566666666666666,0.91,3.1683333333333334
2025-12-22 19:00:00+00:00,t1,2,0.023333333333333334,0.04640177580720564,0.2786540631024222,0.4344376480212083,0.17437129044610378,0.04,3.76,3.1683333333333334
2025-12-22 19:00:00+00:00,t2,1,0.01,0.008013130964071693,0.1639021748969828,0.17699088494579238,0.09097294306980487,0.64,0.91,2.47
2025-12-22 19:00:00+00:00,t2,2,0.01,0.01773538923555947,0.2738632078073583,0.4344376480212083,0.17437129044610378,0.03,3.76,2.47
2025-12-22 20:00:00+00:00,t1,1,0.01,0.009535060561803336,0.18823079215963398,0.18823079215963398,0.10277016520894071,0.48166666666666663,0.5,1.3533333333333335
2025-12-22 20:00:00+00:00,t1,2,0.01,0.008871908369604055,0.27685868850411416,0.42639068621370174,0.1459803862401931,0.08166666666666668,3.15,1.3533333333333335
2025-12-22 20:00:00+00:00,t2,1,0.01,0.007880458660972275,0.18767184371714232,0.18767184371714232,0.10277016520894071,0.46666666666666673,0.5,1.0466666666666666
2025-12-22 20:00:00+00:00,t2,2,0.01,0.016370340937864807,0.27529480893828717,0.42659899178168104,0.1459803862401931,0.08333333333333333,3.15,1.0466666666666666
2025-12-22 21:00:00+00:00,t1,1,0.01,0.009535060561803336,0.17660277861195556,0.17660277861195556,0.10277016520894071,0.17833333333333334,0.49,2.5416666666666665
2025-12-22 21:00:00+00:00,t1,2,0.01,0.008871908369604055,0.22350175527392405,0.3203852256841111,0.13303917357062492,0.29833333333333334,2.53,2.5416666666666665
2025-12-22 21:00:00+00:00,t2,1,0.01,0.007606760044712701,0.1760438301694639,0.1760438301694639,0.10277016520894071,0.17166666666666666,0.49,2.2016666666666667
2025-12-22 21:00:00+00:00,t2,2,0.01,0.007341542133712834,0.2207925732104036,0.3203852256841111,0.13303917357062492,0.30333333333333334,2.53,2.2016666666666667
2025-12-22 22:00:00+00:00,t1,1,0.015,0.009535060561803336,0.17648630377012509,0.17648630377012509,0.09097294306980487,0.01,0.64,3.391666666666667
2025-12-22 22:00:00+00:00,t1,2,0.015,0.008871908369604055,0.07616373027201016,0.20641377702892486,0.10344010868308474,0.22833333333333336,1.8,3.391666666666667
2025-12-22 22:00:00+00:00,t2,1,0.01,0.00780925607999367,0.17592735532763343,0.17592735532763343,0.09097294306980487,0.01,0.64,3.2616666666666667
2025-12-22 22:00:00+00:00,t2,2,0.01,0.007422994203611545,0.07345454820848979,0.20641377702892486,0.10344010868308474,0.23,1.8,3.2616666666666667
2025-12-22 23:00:00+00:00,t1,1,0.01,0.009535060561803336,0.14880737412880027,0.16799247526856181,0.09097294306980487,0.015,0.83,1.86
2025-12-22 23:00:00+00:00,t1,2,0.01,0.008871908369604055,0.06746293215591227,0.18328541471658813,0.09097294306980487,0.7166666666666667,0.89,1.86
2025-12-22 23:00:00+00:00,t2,1,0.008333333333333333,0.007552385391195538,0.1482484256863086,0.16799247526856181,0.09097294306980487,0.011666666666666667,0.83,1.95
2025-12-22 23:00:00+00:00,t2,2,0.008333333333333333,0.0069142595975041615,0.06690398371342068,0.18328541471658813,0.09097294306980487,0.7383333333333333,0.89,1.95
2025-12-23 00:00:00+00:00,t1,1,0.01,0.009535060561803336,0.17716636959495302,0.17716636959495302,0.0898266827891979,0.09500000000000001,1.3,2.856666666666667
2025-12-23 00:00:00+00:00,t1,2,0.01,0.008871908369604055,0.10586749681651672,0.15968555356745603,0.10431543935643564,0.9983333333333334,2.11,2.856666666666667
2025-12-23 00:00:00+00:00,t2,1,0.006666666666666667,0.007532580921171905,0.17660742115246136,0.17660742115246136,0.0898266827891979,0.08666666666666667,1.3,3.171666666666667
2025-12-23 00:00:00+00:00,t2,2,0.006666666666666667,0.007377355712402311,0.10530854837402513,0.15968555356745603,0.10431543935643564,0.98,2.11,3.171666666666667
2025-12-23 01:00:00+00:00,t1,1,0.01,0.009535060561803336,0.21033612324708578,0.21033612324708578,0.0898266827891979,0.19999999999999998,1.45,3.8349999999999995
2025-12-23 01:00:00+00:00,t1,2,0.01,0.008871908369604055,0.17124210776686272,0.19619403146805756,0.10431543935643564,0.8633333333333333,2.47,3.8349999999999995
2025-12-23 01:00:00+00:00,t2,1,0.01,0.0078058849396538555,0.20977717480459412,0.20977717480459412,0.0898266827891979,0.17,1.45,4.216666666666667
2025-12-23 01:00:00+00:00,t2,2,0.01,0.007978465460713008,0.16951967658221315,0.19595980838606783,0.10431543935643564,0.8416666666666667,2.47,4.216666666666667
2025-12-23 02:00:00+00:00,t1,1,0.01,0.009535060561803336,0.20353062368234479,0.20353062368234479,0.10344010868308474,0.13333333333333333,1.55,3.151666666666667
2025-12-23 02:00:00+00:00,t1,2,0.01,0.008871908369604055,0.10571447353530272,0.1523840517396321,0.10431543935643564,0.325,2.22,3.151666666666667
2025-12-23 02:00:00+00:00,t2,1,0.011666666666666667,0.007811446610893552,0.20305611359909928,0.20305611359909928,0.10344010868308474,0.125,1.55,3.6333333333333333
2025-12-23 02:00:00+00:00,t2,2,0.011666666666666667,0.007705131537635955,0.10439359535103114,0.1523840517396321,0.10431543935643564,0.32,2.22,3.6333333333333333
2025-12-23 03:00:00+00:00,t1,1,0.034999999999999996,0.009535060561803336,0.13249646871992546,0.13249646871992546,0.0898266827891979,0.18166666666666667,1.3,5.033333333333334
2025-12-23 03:00:00+00:00,t1,2,0.034999999999999996,0.008871908369604055,0.10281492322507163,0.11676108552401845,0.10344010868308474,0.305,1.95,5.033333333333334
2025-12-23 03:00:00+00:00,t2,1,0.021666666666666667,0.007841296447760148,0.13202195863667998,0.13202195863667998,0.0898266827891979,0.145,1.3,4.826666666666667
2025-12-23 03:00:00+00:00,t2,2,0.021666666666666667,0.006692085230780057,0.10234041314182617,0.11676108552401845,0.10344010868308474,0.31,1.95,4.826666666666667
2025-12-23 04:00:00+00:00,t1,1,0.021666666666666667,0.009535060561803336,0.10658191203953231,0.10658191203953231,0.09097294306980487,0.5533333333333333,0.96,4.043333333333333
2025-12-23 04:00:00+00:00,t1,2,0.021666666666666667,0.008871908369604055,0.08601812383589062,0.08601812383589062,0.10344010868308474,0.325,1.94,4.043333333333333
2025-12-23 04:00:00+00:00,t2,1,0.01,0.008047950746550429,0.10610740195628685,0.10610740195628685,0.09097294306980487,0.5333333333333333,0.96,3.7183333333333333
2025-12-23 04:00:00+00:00,t2,2,0.01,0.007011814307600351,0.08382716148651298,0.08382716148651298,0.10344010868308474,0.32666666666666666,1.94,3.7183333333333333
2025-12-23 05:00:00+00:00,t1,1,0.01,0.009535060561803336,0.08585111818109249,0.08585111818109249,0.09097294306980487,0.965,0.87,1.5383333333333333
2025-12-23 05:00:00+00:00,t1,2,0.01,0.008871908369604055,0.07573281334470065,0.08231839043904891,0.10344010868308474,0.37166666666666665,1.61,1.5383333333333333
2025-12-23 05:00:00+00:00,t2,1,0.01,0.008257845767747659,0.08537660809784703,0.08537660809784703,0.09097294306980487,0.96,0.87,1.5866666666666667
2025-12-23 05:00:00+00:00,t2,2,0.01,0.006786824434447667,0.07645562656986557,0.08231839043904891,0.10344010868308474,0.37833333333333335,1.61,1.5866666666666667
2025-12-23 06:00:00+00:00,t1,1,0.01,0.009535060561803336,0.08081377224200229,0.08081377224200229,0.0898266827891979,0.975,1.35,1.2783333333333333
2025-12-23 06:00:00+00:00,t1,2,0.01,0.008871908369604055,0.0911280198338075,0.10080745450745317,0.0898266827891979,0.37833333333333335,1.32,1.2783333333333333
2025-12-23 06:00:00+00:00,t2,1,0.01,0.007897515511474442,0.08033926215875682,0.08033926215875682,0.0898266827891979,0.9700000000000001,1.35,1.1333333333333333
2025-12-23 06:00:00+00:00,t2,2,0.01,0.006813034241576943,0.09065350975056204,0.10080745450745317,0.0898266827891979,0.38833333333333336,1.32,1.1333333333333333
2025-12-23 07:00:00+00:00,t1,1,0.01,0.009535060561803336,0.10443157738928668,0.10443157738928668,0.10431543935643564,0.9866666666666667,2.17,1.4633333333333332
2025-12-23 07:00:00+00:00,t1,2,0.01,0.008871908369604055,0.08468016449706814,0.08468016449706814,0.10431543935643564,0.31166666666666665,2.01,1.4633333333333332
2025-12-23 07:00:00+00:00,t2,1,0.01,0.007649634916418168,0.10395706730604122,0.10395706730604122,0.10431543935643564,0.9783333333333334,2.17,1.4683333333333335
2025-12-23 07:00:00+00:00,t2,2,0.01,0.007111068167741078,0.08540297772223306,0.08540297772223306,0.10431543935643564,0.3233333333333333,2.01,1.4683333333333335
2025-12-23 08:00:00+00:00,t1,1,0.01,0.009535060561803336,0.08121828625401105,0.08121828625401105,0.10344010868308474,0.9566666666666667,1.86,1.9799999999999998
2025-12-23 08:00:00+00:00,t1,2,0.01,0.008871908369604055,0.09868428020486993,0.09868428020486993,0.10431543935643564,0.30666666666666664,2.4,1.9799999999999998
2025-12-23 08:00:00+00:00,t2,1,0.01,0.008093684237863259,0.08074377617076559,0.08074377617076559,0.10344010868308474,0.9716666666666667,1.86,2.125
2025-12-23 08:00:00+00:00,t2,2,0.01,0.007883080659100693,0.09940709343003482,0.09940709343003482,0.10431543935643564,0.35000000000000003,2.4,2.125
2025-12-23 09:00:00+00:00,t1,1,0.01,0.009535060561803336,0.09737226553048232,0.09737226553048232,0.10431543935643564,0.9883333333333333,2.02,1.8416666666666668
2025-12-23 09:00:00+00:00,t1,2,0.01,0.008871908369604055,0.10158916596702171,0.12395333868978219,0.13303917357062492,0.3283333333333333,2.88,1.8416666666666668
2025-12-23 09:00:00+00:00,t2,1,0.01,0.008398240918204574,0.09689775544723686,0.09689775544723686,0.10431543935643564,0.98,2.02,1.95
2025-12-23 09:00:00+00:00,t2,2,0.01,0.008557504319876537,0.10231197919218663,0.12395333868978219,0.13303917357062492,0.3116666666666667,2.88,1.95
2025-12-23 10:00:00+00:00,t1,1,0.01,0.009535060561803336,0.09191546366076439,0.09191546366076439,0.10431543935643564,0.9883333333333333,2.25,1.305
2025-12-23 10:00:00+00:00,t1,2,0.01,0.008871908369604055,0.11589436933751561,0.13363678626243433,0.1459803862401931,0.5,3.01,1.305
2025-12-23 10:00:00+00:00,t2,1,0.01,0.008908723352194519,0.09144095357751893,0.09144095357751893,0.10431543935643564,0.9783333333333334,2.25,1.2583333333333333
2025-12-23 10:00:00+00:00,t2,2,0.01,0.008148668378342659,0.1166171825626805,0.13363678626243433,0.1459803862401931,0.5216666666666666,3.01,1.2583333333333333
2025-12-23 11:00:00+00:00,t1,1,0.01,0.009535060561803336,0.09403180580345744,0.09403180580345744,0.13303917357062492,0.9899999999999999,2.53,0.9633333333333334
2025-12-23 11:00:00+00:00,t1,2,0.01,0.008871908369604055,0.10728689681048513,0.1131847880163255,0.10431543935643564,0.4166666666666667,2.5,0.9633333333333334
2025-12-23 11:00:00+00:00,t2,1,0.01,0.00789655553526473,0.09355729572021197,0.09355729572021197,0.13303917357062492,0.9766666666666666,2.53,1.015
2025-12-23 11:00:00+00:00,t2,2,0.01,0.007916344813602904,0.10588121888178761,0.11295056493433575,0.10431543935643564,0.39999999999999997,2.5,1.015
2025-12-23 12:00:00+00:00,t1,1,0.01,0.009535060561803336,0.09793256879652222,0.11392355680291177,0.13303917357062492,0.9899999999999999,2.73,1.0933333333333333
2025-12-23 12:00:00+00:00,t1,2,0.01,0.008871908369604055,0.11803064781814407,0.13161350168726205,0.13303917357062492,0.4666666666666666,2.7,1.0933333333333333
2025-12-23 12:00:00+00:00,t2,1,0.01,0.00951032502260976,0.09661169061225064,0.11392355680291177,0.13303917357062492,0.9733333333333333,2.73,1.18
2025-12-23 12:00:00+00:00,t2,2,0.01,0.008655466852263047,0.1175561377348986,0.13161350168726205,0.13303917357062492,0.4683333333333333,2.7,1.18
2025-12-23 13:00:00+00:00,t1,1,0.01,0.009535060561803336,0.11520601957075595,0.12858889056310865,0.10431543935643564,0.975,2.46,1.0516666666666665
2025-12-23 13:00:00+00:00,t1,2,0.01,0.008871908369604055,0.11897864221397735,0.11897864221397735,0.10431543935643564,0.5633333333333334,2.2,1.0516666666666665
2025-12-23 13:00:00+00:00,t2,1,0.01,0.009118732619571522,0.11432995648713254,0.12858889056310865,0.10431543935643564,0.9566666666666667,2.46,1.4766666666666666
2025-12-23 13:00:00+00:00,t2,2,0.01,0.008744871534803468,0.11725621102932782,0.11725621102932782,0.10431543935643564,0.58,2.2,1.4766666666666666
2025-12-23 14:00:00+00:00,t1,1,0.01,0.009535060561803336,0.12051084657873104,0.12051084657873104,0.10431543935643564,0.5850000000000001,2.22,1.5833333333333333
2025-12-23 14:00:00+00:00,t1,2,0.01,0.008871908369604055,0.1006556885714747,0.1006556885714747,0.10344010868308474,0.7516666666666666,1.55,1.5833333333333333
2025-12-23 14:00:00+00:00,t2,1,0.01,0.00918439387742631,0.11878841539408151,0.11878841539408151,0.10431543935643564,0.5833333333333334,2.22,1.415
2025-12-23 14:00:00+00:00,t2,2,0.01,0.00818843311865682,0.09893325738682517,0.09893325738682517,0.10344010868308474,0.7666666666666666,1.55,1.415
2025-12-23 15:00:00+00:00,t1,1,0.01,0.009535060561803336,0.119193116525294,0.119193116525294,0.10344010868308474,0.11499999999999999,1.82,1.55
2025-12-23 15:00:00+00:00,t1,2,0.01,0.008871908369604055,0.10190252268930938,0.10190252268930938,0.09097294306980487,0.6883333333333334,0.65,1.55
2025-12-23 15:00:00+00:00,t2,1,0.01,0.008201348894033228,0.1183170534416706,0.1183170534416706,0.10344010868308474,0.09833333333333334,1.82,1.2333333333333334
2025-12-23 15:00:00+00:00,t2,2,0.01,0.007409967616025059,0.1013435742468178,0.1013435742468178,0.09097294306980487,0.6833333333333332,0.65,1.2333333333333334
2025-12-23 16:00:00+00:00,t1,1,0.01,0.009535060561803336,0.09312204017417319,0.09312204017417319,0.0898266827891979,0.17333333333333334,1.3,1.345
2025-12-23 16:00:00+00:00,t1,2,0.01,0.008871908369604055,0.09599598572807835,0.09599598572807835,0.09097294306980487,0.6733333333333333,0.53,1.345
2025-12-23 16:00:00+00:00,t2,1,0.01,0.008557074168764481,0.09139960898952364,0.09139960898952364,0.0898266827891979,0.13833333333333334,1.3,1.4283333333333335
2025-12-23 16:00:00+00:00,t2,2,0.01,0.007793905328992252,0.09543703728558676,0.09543703728558676,0.09097294306980487,0.62,0.53,1.4283333333333335
2025-12-23 17:00:00+00:00,t1,1,0.008333333333333333,0.009535060561803336,0.09815360730668655,0.09815360730668655,0.09097294306980487,0.11166666666666665,0.81,2.606666666666667
2025-12-23 17:00:00+00:00,t1,2,0.008333333333333333,0.008871908369604055,0.09183858854005289,0.09183858854005289,0.10344010868308474,0.5033333333333333,1.98,2.606666666666667
2025-12-23 17:00:00+00:00,t2,1,0.01,0.008333800667584152,0.09759465886419497,0.09759465886419497,0.09097294306980487,0.09833333333333334,0.81,2.2716666666666665
2025-12-23 17:00:00+00:00,t2,2,0.01,0.0077903291553078815,0.08912940647653252,0.08912940647653252,0.10344010868308474,0.5083333333333333,1.98,2.2716666666666665
2025-12-23 18:00:00+00:00,t1,1,0.07833333333333332,0.009535060561803336,0.1481719582773414,0.1481719582773414,0.10344010868308474,0.075,1.63,5.161666666666666
2025-12-23 18:00:00+00:00,t1,2,0.07833333333333332,0.008871908369604055,0.08738898747874312,0.08738898747874312,0.13303917357062492,0.57,2.88,5.161666666666666
2025-12-23 18:00:00+00:00,t2,1,0.09166666666666667,0.008375467466805316,0.14546277621382095,0.14546277621382095,0.10344010868308474,0.06666666666666667,1.63,5.733333333333333
2025-12-23 18:00:00+00:00,t2,2,0.09166666666666667,0.00791057380422955,0.08467980541522274,0.08467980541522274,0.13303917357062492,0.58,2.88,5.733333333333333
2025-12-23 19:00:00+00:00,t1,1,0.18000000000000002,0.009535060561803336,0.22426606664717771,0.2691600409018005,0.1459803862401931,0.023333333333333334,3.06,6.183333333333334
2025-12-23 19:00:00+00:00,t1,2,0.18000000000000002,0.008871908369604055,0.17742468261696673,0.17742468261696673,0.17437129044610378,0.6566666666666666,3.61,6.183333333333334
2025-12-23 19:00:00+00:00,t2,1,0.165,0.008084517455782292,0.22339000356355423,0.2691600409018005,0.1459803862401931,0.01,3.06,6.196666666666666
2025-12-23 19:00:00+00:00,t2,2,0.165,0.007929997162562636,0.17471550055344628,0.17471550055344628,0.17437129044610378,0.64,3.61,6.196666666666666
2025-12-23 20:00:00+00:00,t1,1,0.305,0.023775103672169555,0.2830929214578039,0.3265617500622842,0.17437129044610378,0.01,3.88,6.9433333333333325
2025-12-23 20:00:00+00:00,t1,2,0.305,0.0,0.21557547001761732,0.26114968211428435,0.20381297203510923,0.48166666666666663,4.17,6.9433333333333325
2025-12-23 20:00:00+00:00,t2,1,0.29333333333333333,0.013830707937416817,0.2825339730153123,0.3265617500622842,0.17437129044610378,0.01,3.88,7.145
2025-12-23 20:00:00+00:00,t2,2,0.29333333333333333,0.0,0.21286628795409687,0.2607504540188187,0.20381297203510923,0.46666666666666673,4.17,7.145
2025-12-23 21:00:00+00:00,t1,1,0.735,0.03886234518242208,0.3231103686138587,0.6183969491370892,0.20381297203510923,0.01,4.12,9.511666666666667
2025-12-23 21:00:00+00:00,t1,2,0.735,0.006545273745456048,0.23174892411139184,0.434939608535372,0.20381297203510923,0.17833333333333334,4.36,9.511666666666667
2025-12-23 21:00:00+00:00,t2,1,0.7616666666666667,0.0,0.3230220897244907,0.6183969491370892,0.20381297203510923,0.01,4.12,9.623333333333333
2025-12-23 21:00:00+00:00,t2,2,0.7616666666666667,0.0,0.2290397420478714,0.43454038043990634,0.20381297203510923,0.17166666666666666,4.36,9.623333333333333
2025-12-23 22:00:00+00:00,t1,1,0.6533333333333333,0.047417379433947804,0.3051037533257254,0.6926338921888171,0.24396644031099302,0.015,4.61,8.846666666666666
2025-12-23 22:00:00+00:00,t1,2,0.6533333333333333,0.03753077894574608,0.3068518217131752,0.5281484898413807,0.17437129044610378,0.01,3.83,8.846666666666666
2025-12-23 22:00:00+00:00,t2,1,0.6716666666666667,0.0018471176384796915,0.30318235545646055,0.6926338921888171,0.24396644031099302,0.01,4.61,9.068333333333333
2025-12-23 22:00:00+00:00,t2,2,0.6716666666666667,0.01433497755114498,0.3016539161316714,0.5277492617459151,0.17437129044610378,0.01,3.83,9.068333333333333
2025-12-23 23:00:00+00:00,t1,1,0.5683333333333334,0.05403842965403262,0.3551996445668317,0.6910172676089148,0.20381297203510923,0.01,4.35,8.513333333333334
2025-12-23 23:00:00+00:00,t1,2,0.5683333333333334,0.03637515233521062,0.3002034464213609,0.5523671173217249,0.17437129044610378,0.015,3.87,8.513333333333334
2025-12-23 23:00:00+00:00,t2,1,0.6866666666666666,0.006793504246753703,0.3532782466975668,0.6910172676089148,0.20381297203510923,0.008333333333333333,4.35,9.286666666666667
2025-12-23 23:00:00+00:00,t2,2,0.6866666666666666,0.01004489884285324,0.2974094646134146,0.5519678892262593,0.17437129044610378,0.011666666666666667,3.87,9.286666666666667
2025-12-24 00:00:00+00:00,t1,1,0.7633333333333333,0.06459988707086238,0.4152898391507066,0.7601044465843281,0.24396644031099302,0.01,4.68,9.821666666666667
2025-12-24 00:00:00+00:00,t1,2,0.7633333333333333,0.0221941335093278,0.37522246609205506,0.6229222687348882,0.24396644031099302,0.09500000000000001,4.97,9.821666666666667
2025-12-24 00:00:00+00:00,t2,1,0.8383333333333334,0.012460931516638348,0.41336844128144173,0.7596890559147694,0.24396644031099302,0.006666666666666667,4.68,10.211666666666668
2025-12-24 00:00:00+00:00,t2,2,0.8383333333333334,0.0,0.37002456051055127,0.6144189982421374,0.24396644031099302,0.08666666666666667,4.97,10.211666666666668
2025-12-24 01:00:00+00:00,t1,1,0.8833333333333333,0.07475505896691508,0.5322396917497108,0.7355786173875668,0.29666767038040753,0.01,5.09,10.595
2025-12-24 01:00:00+00:00,t1,2,0.8833333333333333,0.04147793723199454,0.426706287103228,0.6767268293879535,0.29666767038040753,0.19999999999999998,5.44,10.595
2025-12-24 01:00:00+00:00,t2,1,0.935,0.0380353921801798,0.5303182938804457,0.7354940012561096,0.29666767038040753,0.01,5.09,10.888333333333334
2025-12-24 01:00:00+00:00,t2,2,0.935,0.021969909023327787,0.42391230529528173,0.6686061499411584,0.29666767038040753,0.17,5.44,10.888333333333334
2025-12-24 02:00:00+00:00,t1,1,0.5833333333333334,0.12354738775397883,0.47543461867168957,0.8122282449678636,0.34551812937783266,0.01,5.91,8.501666666666667
2025-12-24 02:00:00+00:00,t1,2,0.5833333333333334,0.08817085796451973,0.4157396013392282,0.870381738048438,0.40783563748079876,0.13333333333333333,6.11,8.501666666666667
2025-12-24 02:00:00+00:00,t2,1,0.6616666666666666,0.10542212101356124,0.4758070700534968,0.8121436288364065,0.34551812937783266,0.011666666666666667,5.91,9.103333333333333
2025-12-24 02:00:00+00:00,t2,2,0.6616666666666666,0.08990410376530701,0.413638565510133,0.8702971219169808,0.40783563748079876,0.125,6.11,9.103333333333333
2025-12-24 03:00:00+00:00,t1,1,0.6816666666666666,0.12294843372468617,0.4935436968809636,0.8779345713039495,0.40783563748079876,0.034999999999999996,6.07,9.08
2025-12-24 03:00:00+00:00,t1,2,0.6816666666666666,0.08159737723494351,0.5006817680462695,0.8999692176903104,0.40783563748079876,0.18166666666666667,6.29,9.08
2025-12-24 03:00:00+00:00,t2,1,0.7783333333333333,0.11146627538159959,0.49385697099197357,0.8778499551724923,0.40783563748079876,0.021666666666666667,6.07,9.67
2025-12-24 03:00:00+00:00,t2,2,0.7783333333333333,0.09841634774791674,0.5009950421572795,0.8997323620590862,0.40783563748079876,0.145,6.29,9.67
2025-12-24 04:00:00+00:00,t1,1,0.5583333333333333,0.07889060222139677,0.4492473325526584,0.8807477810951214,0.29666767038040753,0.021666666666666667,5.19,8.405
2025-12-24 04:00:00+00:00,t1,2,0.5583333333333333,0.06486410541274645,0.46981417756610155,0.922771821592635,0.29666767038040753,0.5533333333333333,5.15,8.405
2025-12-24 04:00:00+00:00,t2,1,0.5366666666666666,0.06229356650933579,0.44876227318761547,0.8726432642224193,0.29666767038040753,0.01,5.19,8.441666666666666
2025-12-24 04:00:00+00:00,t2,2,0.5366666666666666,0.07790085995160612,0.4693291182010586,0.9227033680352709,0.29666767038040753,0.5333333333333333,5.15,8.441666666666666
2025-12-24 05:00:00+00:00,t1,1,0.4583333333333333,0.06093355992855873,0.4053107370140915,0.7442532791378781,0.20381297203510923,0.01,4.27,8.043333333333333
2025-12-24 05:00:00+00:00,t1,2,0.4583333333333333,0.10683900204352173,0.39919511935529256,0.902167468329017,0.24396644031099302,0.965,4.72,8.043333333333333
2025-12-24 05:00:00+00:00,t2,1,0.435,0.028121135228933253,0.40562401112510144,0.7442532791378781,0.20381297203510923,0.01,4.27,7.94
2025-12-24 05:00:00+00:00,t2,2,0.435,0.06828210491508754,0.3987100599902496,0.902167468329017,0.24396644031099302,0.96,4.72,7.94
2025-12-24 06:00:00+00:00,t1,1,0.27166666666666667,0.1301876533876912,0.42392325672249637,0.8406634896275719,0.29666767038040753,0.01,5.06,6.763333333333333
2025-12-24 06:00:00+00:00,t1,2,0.27166666666666667,0.11571668220342496,0.3747180652673124,0.7807443703008301,0.24396644031099302,0.975,4.94,6.763333333333333
2025-12-24 06:00:00+00:00,t2,1,0.265,0.08145180541911427,0.4242365308335063,0.841637498134345,0.29666767038040753,0.01,5.06,6.8933333333333335
2025-12-24 06:00:00+00:00,t2,2,0.265,0.03832408821090147,0.37503133937832234,0.7817345413816962,0.24396644031099302,0.9700000000000001,4.94,6.8933333333333335
2025-12-24 07:00:00+00:00,t1,1,0.21333333333333335,0.16647370899959468,0.6407296507850756,0.8798713150675745,0.29666767038040753,0.01,5.32,6.3566666666666665
2025-12-24 07:00:00+00:00,t1,2,0.21333333333333335,0.130403007477254,0.5014556911972875,0.7797350119878277,0.24396644031099302,0.9866666666666667,4.93,6.3566666666666665
2025-12-24 07:00:00+00:00,t2,1,0.23,0.1011011459959382,0.6410429248960857,0.8804486655470218,0.29666767038040753,0.01,5.32,6.8
2025-12-24 07:00:00+00:00,t2,2,0.23,0.03939650422131516,0.5017689653082974,0.7807251830686938,0.24396644031099302,0.9783333333333334,4.93,6.8
2025-12-24 08:00:00+00:00,t1,1,0.22999999999999998,0.18684870027652434,0.6879386479432149,0.8539233750520604,0.29666767038040753,0.01,5.28,6.465
2025-12-24 08:00:00+00:00,t1,2,0.22999999999999998,0.09251709097789836,0.5630266608410472,0.7672757576786965,0.24396644031099302,0.9566666666666667,4.59,6.465
2025-12-24 08:00:00+00:00,t2,1,0.25166666666666665,0.1166252306747749,0.688251922054225,0.8546190294770939,0.29666767038040753,0.01,5.28,6.736666666666667
2025-12-24 08:00:00+00:00,t2,2,0.25166666666666665,0.034996235658595935,0.5633399349520574,0.7672757576786965,0.24396644031099302,0.9716666666666667,4.59,6.736666666666667
2025-12-24 09:00:00+00:00,t1,1,0.23500000000000001,0.1932368449532272,0.7421571676122397,0.8666085008166654,0.29666767038040753,0.01,5.38,6.428333333333334
2025-12-24 09:00:00+00:00,t1,2,0.23500000000000001,0.07915471895222466,0.47475870287803423,0.7269940950672243,0.24396644031099302,0.9883333333333333,4.61,6.428333333333334
2025-12-24 09:00:00+00:00,t2,1,0.2316666666666667,0.12454389133488569,0.7424704417232498,0.8673041552416989,0.29666767038040753,0.01,5.38,6.581666666666667
2025-12-24 09:00:00+00:00,t2,2,0.2316666666666667,0.035962224237275256,0.4750719769890442,0.7269779324931314,0.24396644031099302,0.98,4.61,6.581666666666667
2025-12-24 10:00:00+00:00,t1,1,0.20833333333333334,0.1886037545026395,0.7035739491044746,0.8054171195928105,0.34551812937783266,0.01,5.57,6.326666666666667
2025-12-24 10:00:00+00:00,t1,2,0.20833333333333334,0.10255822881328885,0.48415113968350226,0.7549111558392528,0.29666767038040753,0.9883333333333333,5.21,6.326666666666667
2025-12-24 10:00:00+00:00,t2,1,0.225,0.12934316517292968,0.7038872232154847,0.8063911280995836,0.34551812937783266,0.01,5.57,6.505
2025-12-24 10:00:00+00:00,t2,2,0.225,0.05062867779747811,0.4844644137945122,0.7558851643460259,0.29666767038040753,0.9783333333333334,5.21,6.505
2025-12-24 11:00:00+00:00,t1,1,0.26,0.16582267881892895,0.6305375282575945,0.876924932931674,0.34551812937783266,0.01,5.97,6.7250000000000005
2025-12-24 11:00:00+00:00,t1,2,0.26,0.12792556743281505,0.6567809027456548,0.8127883147652368,0.29666767038040753,0.9899999999999999,5.48,6.7250000000000005
2025-12-24 11:00:00+00:00,t2,1,0.2916666666666667,0.1135396598230917,0.6308508023686046,0.8765619627184772,0.34551812937783266,0.01,5.97,7.013333333333333
2025-12-24 11:00:00+00:00,t2,2,0.2916666666666667,0.09412152988622582,0.6570941768566649,0.8169326947065481,0.29666767038040753,0.9766666666666666,5.48,7.013333333333333
2025-12-24 12:00:00+00:00,t1,1,0.295,0.17397122363787043,0.6488613205462526,0.8821375707390966,0.34551812937783266,0.01,5.77,6.908333333333334
2025-12-24 12:00:00+00:00,t1,2,0.295,0.1239984491397356,0.6172105867620676,0.8374251731536575,0.34551812937783266,0.9899999999999999,5.74,6.908333333333334
2025-12-24 12:00:00+00:00,t2,1,0.35333333333333333,0.10455005071705414,0.6473414756773656,0.8820529546076394,0.34551812937783266,0.01,5.77,7.32
2025-12-24 12:00:00+00:00,t2,2,0.35333333333333333,0.07104751457924652,0.6156907418931806,0.8415695530949687,0.34551812937783266,0.9733333333333333,5.74,7.32
2025-12-24 13:00:00+00:00,t1,1,0.24833333333333332,0.16488748137974335,0.6165935527128679,0.8521810023416163,0.34551812937783266,0.01,5.84,6.596666666666667
2025-12-24 13:00:00+00:00,t1,2,0.24833333333333332,0.13758153967189568,0.6405749893057345,0.8639847785730468,0.40783563748079876,0.975,6.04,6.596666666666667
2025-12-24 13:00:00+00:00,t2,1,0.2333333333333333,0.10322363152473575,0.6140909638833946,0.8516971581146935,0.34551812937783266,0.01,5.84,6.746666666666666
2025-12-24 13:00:00+00:00,t2,2,0.2333333333333333,0.08973840399188528,0.6419678468333837,0.8639001624415896,0.40783563748079876,0.9566666666666667,6.04,6.746666666666666
2025-12-24 14:00:00+00:00,t1,1,0.2866666666666667,0.19456181886630766,0.6782381022033892,0.9053029046579519,0.40783563748079876,0.01,6.11,6.721666666666667
2025-12-24 14:00:00+00:00,t1,2,0.2866666666666667,0.16761814474276934,0.6717521432177096,0.9107876633979948,0.40783563748079876,0.5850000000000001,6.14,6.721666666666667
2025-12-24 14:00:00+00:00,t2,1,0.29333333333333333,0.14820488058349351,0.6757355133739159,0.9052067080397824,0.40783563748079876,0.01,6.11,6.829999999999999
2025-12-24 14:00:00+00:00,t2,2,0.29333333333333333,0.13699267944203375,0.6717230415991386,0.9106914667798253,0.40783563748079876,0.5833333333333334,6.14,6.829999999999999
2025-12-24 15:00:00+00:00,t1,1,0.5516666666666666,0.21036013816326474,0.6927120089818843,0.9776480290253732,0.46587952084773093,0.01,6.85,8.356666666666667
2025-12-24 15:00:00+00:00,t1,2,0.5516666666666666,0.20361409208734702,0.7606229047474805,0.9847987119551888,0.46587952084773093,0.11499999999999999,6.8,8.356666666666667
2025-12-24 15:00:00+00:00,t2,1,0.48833333333333334,0.1836927206248433,0.6926829073633134,0.9771866440818455,0.46587952084773093,0.01,6.85,8.145
2025-12-24 15:00:00+00:00,t2,2,0.48833333333333334,0.1624003741353959,0.7605346258581126,0.984339892523608,0.46587952084773093,0.09833333333333334,6.8,8.145
2025-12-24 16:00:00+00:00,t1,1,0.5616666666666666,0.2981862456072473,0.7653464437359834,0.9977121339586599,0.5595838549817422,0.01,7.58,8.828333333333333
2025-12-24 16:00:00+00:00,t1,2,0.5616666666666666,0.3546185024557894,0.8072352154034611,0.9734056038341045,0.533438938580799,0.17333333333333334,7.47,8.828333333333333
2025-12-24 16:00:00+00:00,t2,1,0.5316666666666666,0.337247931258593,0.7648976194191172,0.9969483297727201,0.5595838549817422,0.01,7.58,8.718333333333334
2025-12-24 16:00:00+00:00,t2,2,0.5316666666666666,0.34641584524353813,0.8067863910865949,0.972717719707896,0.533438938580799,0.13833333333333334,7.47,8.718333333333334
2025-12-24 17:00:00+00:00,t1,1,0.365,0.5793607239401238,0.859588042612647,1.0,0.5595838549817422,0.008333333333333333,7.98,7.721666666666667
2025-12-24 17:00:00+00:00,t1,2,0.365,0.5482160317753104,0.8878654115817582,1.0,0.5595838549817422,0.11166666666666665,7.63,7.721666666666667
2025-12-24 17:00:00+00:00,t2,1,0.38833333333333336,0.5721743738176801,0.8591392182957808,1.0,0.5595838549817422,0.01,7.98,8.138333333333334
2025-12-24 17:00:00+00:00,t2,2,0.38833333333333336,0.550872758336993,0.887416587264892,1.0,0.5595838549817422,0.09833333333333334,7.63,8.138333333333334
2025-12-24 18:00:00+00:00,t1,1,0.5433333333333333,0.5848379964276649,0.8521416950939051,1.0,0.621809413221861,0.07833333333333332,8.03,9.166666666666666
2025-12-24 18:00:00+00:00,t1,2,0.5433333333333333,0.6296239452366121,0.8976447368624203,1.0,0.621809413221861,0.075,8.16,9.166666666666666
2025-12-24 18:00:00+00:00,t2,1,0.5016666666666666,0.5610702079190133,0.851352280352153,1.0,0.621809413221861,0.09166666666666667,8.03,8.818333333333333
2025-12-24 18:00:00+00:00,t2,2,0.5016666666666666,0.5944549583529186,0.8971959125455541,1.0,0.621809413221861,0.06666666666666667,8.16,8.818333333333333
2025-12-24 19:00:00+00:00,t1,1,0.4716666666666667,0.6194341745960856,0.8787016546211069,1.0,0.621809413221861,0.18000000000000002,8.22,8.848333333333334
2025-12-24 19:00:00+00:00,t1,2,0.4716666666666667,0.6865468468118425,0.928565025714907,1.0,0.621809413221861,0.023333333333333334,8.48,8.848333333333334
2025-12-24 19:00:00+00:00,t2,1,0.4266666666666667,0.6460581215780871,0.8782528303042407,1.0,0.621809413221861,0.165,8.22,8.528333333333334
2025-12-24 19:00:00+00:00,t2,2,0.4266666666666667,0.6866588342899378,0.9281162013980407,1.0,0.621809413221861,0.01,8.48,8.528333333333334
2025-12-24 20:00:00+00:00,t1,1,0.47333333333333333,0.7146893139355213,0.9193591835041734,1.0,0.621809413221861,0.305,8.27,9.358333333333333
2025-12-24 20:00:00+00:00,t1,2,0.47333333333333333,0.7660832607130448,0.9343638245985537,1.0,0.6380866269626422,0.01,8.6,9.358333333333333
2025-12-24 20:00:00+00:00,t2,1,0.41333333333333333,0.6678071762140972,0.9189103591873072,1.0,0.621809413221861,0.29333333333333333,8.27,8.83
2025-12-24 20:00:00+00:00,t2,2,0.41333333333333333,0.6894828235683181,0.9339150002816875,1.0,0.6380866269626422,0.01,8.6,8.83
2025-12-24 21:00:00+00:00,t1,1,0.6716666666666667,0.7916308880529939,0.910193815479706,1.0,0.6380866269626422,0.735,8.52,11.348333333333334
2025-12-24 21:00:00+00:00,t1,2,0.6716666666666667,0.766699564749201,0.909267709337364,1.0,0.6886657154935532,0.01,9.01,11.348333333333334
2025-12-24 21:00:00+00:00,t2,1,0.6533333333333333,0.748241975267039,0.9097449911628398,1.0,0.6380866269626422,0.7616666666666667,8.52,11.168333333333335
2025-12-24 21:00:00+00:00,t2,2,0.6533333333333333,0.7482772300319731,0.9088188850204978,1.0,0.6886657154935532,0.01,9.01,11.168333333333335
2025-12-24 22:00:00+00:00,t1,1,0.43333333333333335,0.7923053068420679,0.883755597504837,1.0,0.6380866269626422,0.6533333333333333,8.8,8.933333333333334
2025-12-24 22:00:00+00:00,t1,2,0.43333333333333335,0.7855626718574584,0.9253116797369271,1.0,0.6886657154935532,0.015,9.19,8.933333333333334
2025-12-24 22:00:00+00:00,t2,1,0.58,0.7518642341114422,0.8833067731879708,1.0,0.6380866269626422,0.6716666666666667,8.8,10.341666666666667
2025-12-24 22:00:00+00:00,t2,2,0.58,0.775029503654767,0.9248628554200609,1.0,0.6886657154935532,0.01,9.19,10.341666666666667
2025-12-24 23:00:00+00:00,t1,1,0.565,0.7807328890841987,0.8698502715740964,1.0,0.6380866269626422,0.5683333333333334,8.88,10.471666666666666
2025-12-24 23:00:00+00:00,t1,2,0.565,0.7958864092018205,0.8647241415474207,1.0,0.6886657154935532,0.01,9.14,10.471666666666666
2025-12-24 23:00:00+00:00,t2,1,0.63,0.7232838353428176,0.8694014472572302,1.0,0.6380866269626422,0.6866666666666666,8.88,10.966666666666667
2025-12-24 23:00:00+00:00,t2,2,0.63,0.725060230545324,0.8642753172305545,1.0,0.6886657154935532,0.008333333333333333,9.14,10.966666666666667
2025-12-25 00:00:00+00:00,t1,1,0.555,0.7997542181729043,0.8689052224106458,1.0,0.6886657154935532,0.7633333333333333,9.16,10.626666666666667
2025-12-25 00:00:00+00:00,t1,2,0.555,0.7335443720071677,0.8329390357096711,1.0,0.621809413221861,0.01,8.49,10.626666666666667
2025-12-25 00:00:00+00:00,t2,1,0.5766666666666667,0.7730641300941591,0.8684563980937796,1.0,0.6886657154935532,0.8383333333333334,9.16,10.493333333333334
2025-12-25 00:00:00+00:00,t2,2,0.5766666666666667,0.6716739374865035,0.8324902113928049,1.0,0.621809413221861,0.006666666666666667,8.49,10.493333333333334
2025-12-25 01:00:00+00:00,t1,1,0.39666666666666667,0.7982346541220895,0.8717354037655335,1.0,0.6886657154935532,0.8833333333333333,9.16,8.845
2025-12-25 01:00:00+00:00,t1,2,0.39666666666666667,0.7234457493725659,0.830449463380639,1.0,0.621809413221861,0.01,8.46,8.845
2025-12-25 01:00:00+00:00,t2,1,0.47000000000000003,0.7646394369885514,0.8712865794486673,1.0,0.6886657154935532,0.935,9.16,9.503333333333332
2025-12-25 01:00:00+00:00,t2,2,0.47000000000000003,0.6819735692029814,0.8300006390637727,1.0,0.621809413221861,0.01,8.46,9.503333333333332
2025-12-25 02:00:00+00:00,t1,1,0.43,0.7953324648975938,0.856773165894221,1.0,0.6886657154935532,0.5833333333333334,9.08,9.043333333333335
2025-12-25 02:00:00+00:00,t1,2,0.43,0.7487866345339633,0.8389274232792366,1.0,0.621809413221861,0.01,8.5,9.043333333333335
2025-12-25 02:00:00+00:00,t2,1,0.46,0.7249758580885943,0.8567258945777328,1.0,0.6886657154935532,0.6616666666666666,9.08,9.508333333333333
2025-12-25 02:00:00+00:00,t2,2,0.46,0.6884366312645978,0.8388801519627485,1.0,0.621809413221861,0.011666666666666667,8.5,9.508333333333333
2025-12-25 03:00:00+00:00,t1,1,0.3983333333333334,0.7913410888932887,0.8349319159000579,1.0,0.6380866269626422,0.6816666666666666,8.98,9.056666666666667
2025-12-25 03:00:00+00:00,t1,2,0.3983333333333334,0.7427470800819251,0.8328223744942285,1.0,0.621809413221861,0.034999999999999996,8.49,9.056666666666667
2025-12-25 03:00:00+00:00,t2,1,0.2733333333333334,0.7064980726556589,0.8348846445835697,1.0,0.6380866269626422,0.7783333333333333,8.98,8.101666666666667
2025-12-25 03:00:00+00:00,t2,2,0.2733333333333334,0.693630378195192,0.8327751031777403,1.0,0.621809413221861,0.021666666666666667,8.49,8.101666666666667
2025-12-25 04:00:00+00:00,t1,1,0.17333333333333334,0.7881071138485372,0.8243963619437028,1.0,0.6886657154935532,0.5583333333333333,9.09,7.098333333333334
2025-12-25 04:00:00+00:00,t1,2,0.17333333333333334,0.6798131211842087,0.7913853862142662,1.0,0.621809413221861,0.021666666666666667,8.4,7.098333333333334
2025-12-25 04:00:00+00:00,t2,1,0.19833333333333333,0.7271188500627123,0.8243490906272146,1.0,0.6886657154935532,0.5366666666666666,9.09,7.6883333333333335
2025-12-25 04:00:00+00:00,t2,2,0.19833333333333333,0.6230649390225109,0.791338114897778,1.0,0.621809413221861,0.01,8.4,7.6883333333333335
2025-12-25 05:00:00+00:00,t1,1,0.14833333333333334,0.7394269428118727,0.873465469999761,1.0,0.621809413221861,0.4583333333333333,8.33,6.79
2025-12-25 05:00:00+00:00,t1,2,0.14833333333333334,0.7931938484777039,0.8643331502660897,1.0,0.6380866269626422,0.01,8.85,6.79
2025-12-25 05:00:00+00:00,t2,1,0.26666666666666666,0.7137317297412343,0.8734181986832729,1.0,0.621809413221861,0.435,8.33,8.25
2025-12-25 05:00:00+00:00,t2,2,0.26666666666666666,0.7654109682000836,0.8642858789496015,1.0,0.6380866269626422,0.01,8.85,8.25
2025-12-25 06:00:00+00:00,t1,1,0.205,0.8209603095812087,0.8715940008398311,1.0,0.6380866269626422,0.27166666666666667,8.61,7.215
2025-12-25 06:00:00+00:00,t1,2,0.205,0.7816020872580067,0.8637793616422911,1.0,0.6380866269626422,0.01,8.65,7.215
2025-12-25 06:00:00+00:00,t2,1,0.21333333333333335,0.8094088848062297,0.8715467295233429,1.0,0.6380866269626422,0.265,8.61,7.431666666666666
2025-12-25 06:00:00+00:00,t2,2,0.21333333333333335,0.7718170232907551,0.8637320903258029,1.0,0.6380866269626422,0.01,8.65,7.431666666666666
2025-12-25 07:00:00+00:00,t1,1,0.125,0.8039493264940852,0.874426968499604,1.0,0.6886657154935532,0.21333333333333335,9.21,6.055
2025-12-25 07:00:00+00:00,t1,2,0.125,0.7902543562142348,0.8680793586974729,1.0,0.6886657154935532,0.01,9.08,6.055
2025-12-25 07:00:00+00:00,t2,1,0.17,0.777262062059719,0.8743796971831158,1.0,0.6886657154935532,0.23,9.21,6.698333333333333
2025-12-25 07:00:00+00:00,t2,2,0.17,0.7496223512225064,0.8680320873809847,1.0,0.6886657154935532,0.01,9.08,6.698333333333333
2025-12-25 08:00:00+00:00,t1,1,0.20333333333333334,0.7507541015796585,0.8776595136282873,1.0,0.6886657154935532,0.22999999999999998,9.19,6.741666666666667
2025-12-25 08:00:00+00:00,t1,2,0.20333333333333334,0.7552022441225017,0.8710571584201203,1.0,0.6886657154935532,0.01,9.01,6.741666666666667
2025-12-25 08:00:00+00:00,t2,1,0.20833333333333334,0.7907586010556455,0.8776122423117991,1.0,0.6886657154935532,0.25166666666666665,9.19,6.758333333333333
2025-12-25 08:00:00+00:00,t2,2,0.20833333333333334,0.7669948983414938,0.8710098871036321,1.0,0.6886657154935532,0.01,9.01,6.758333333333333
2025-12-25 09:00:00+00:00,t1,1,0.16166666666666665,0.7192581583999313,0.8609433318274511,1.0,0.6380866269626422,0.23500000000000001,8.94,5.923333333333333
2025-12-25 09:00:00+00:00,t1,2,0.16166666666666665,0.675328467029547,0.8520486092589185,1.0,0.6380866269626422,0.01,8.77,5.923333333333333
2025-12-25 09:00:00+00:00,t2,1,0.18500000000000003,0.7518533576305231,0.8608960605109629,1.0,0.6380866269626422,0.2316666666666667,8.94,6.336666666666667
2025-12-25 09:00:00+00:00,t2,2,0.18500000000000003,0.7107939510165107,0.8520013379424303,1.0,0.6380866269626422,0.01,8.77,6.336666666666667
2025-12-25 10:00:00+00:00,t1,1,0.19666666666666666,0.7364968466209876,0.8950332608448773,1.0,0.6380866269626422,0.20833333333333334,8.62,6.2250000000000005
2025-12-25 10:00:00+00:00,t1,2,0.19666666666666666,0.6826332513682003,0.8658948692401705,1.0,0.6380866269626422,0.01,8.6,6.2250000000000005
2025-12-25 10:00:00+00:00,t2,1,0.24,0.7742868262289144,0.8949859895283891,1.0,0.6380866269626422,0.225,8.62,6.5566666666666675
2025-12-25 10:00:00+00:00,t2,2,0.24,0.692014300140277,0.8658475979236823,1.0,0.6380866269626422,0.01,8.6,6.5566666666666675
2025-12-25 11:00:00+00:00,t1,1,0.19166666666666665,0.7125705451335558,0.8713591299376265,1.0,0.5595838549817422,0.26,7.91,5.821666666666666
2025-12-25 11:00:00+00:00,t1,2,0.19166666666666665,0.6551858440030294,0.8641424837006492,1.0,0.621809413221861,0.01,8.11,5.821666666666666
2025-12-25 11:00:00+00:00,t2,1,0.22666666666666666,0.7505138367515717,0.8713118586211384,1.0,0.5595838549817422,0.2916666666666667,7.91,6.390000000000001
2025-12-25 11:00:00+00:00,t2,2,0.22666666666666666,0.6600091658917322,0.864095212384161,1.0,0.621809413221861,0.01,8.11,6.390000000000001
2025-12-25 12:00:00+00:00,t1,1,0.14833333333333332,0.660480819433511,0.807952405580005,1.0,0.5595838549817422,0.295,7.56,5.223333333333334
2025-12-25 12:00:00+00:00,t1,2,0.14833333333333332,0.5701111637578962,0.8374693571122017,1.0,0.621809413221861,0.01,8.07,5.223333333333334
2025-12-25 12:00:00+00:00,t2,1,0.125,0.6421009025409615,0.8079051342635168,1.0,0.5595838549817422,0.35333333333333333,7.56,5.373333333333334
2025-12-25 12:00:00+00:00,t2,2,0.125,0.6004699617463398,0.8374220857957135,1.0,0.621809413221861,0.01,8.07,5.373333333333334
2025-12-25 13:00:00+00:00,t1,1,0.15166666666666667,0.649764877975182,0.8087947156251882,1.0,0.5595838549817422,0.24833333333333332,7.91,5.255
2025-12-25 13:00:00+00:00,t1,2,0.15166666666666667,0.5361325061535709,0.7653369777975111,1.0,0.621809413221861,0.01,8.25,5.255
2025-12-25 13:00:00+00:00,t2,1,0.19666666666666666,0.6856394105691443,0.8074536722232221,1.0,0.5595838549817422,0.2333333333333333,7.91,6.058333333333334
2025-12-25 13:00:00+00:00,t2,2,0.19666666666666666,0.5623071695352426,0.7639959343955449,1.0,0.621809413221861,0.01,8.25,6.058333333333334
2025-12-25 14:00:00+00:00,t1,1,0.35333333333333333,0.6158970576487204,0.7873534842092652,1.0,0.621809413221861,0.2866666666666667,8.19,6.641666666666667
2025-12-25 14:00:00+00:00,t1,2,0.35333333333333333,0.5058368777801414,0.7978951377559229,1.0,0.621809413221861,0.01,8.24,6.641666666666667
2025-12-25 14:00:00+00:00,t2,1,0.38833333333333336,0.6609355062242676,0.786012440807299,1.0,0.621809413221861,0.29333333333333333,8.19,7.066666666666666
2025-12-25 14:00:00+00:00,t2,2,0.38833333333333336,0.5390473628311376,0.7965540943539567,1.0,0.621809413221861,0.01,8.24,7.066666666666666
2025-12-25 15:00:00+00:00,t1,1,0.7666666666666666,0.5680529170609291,0.7930214978173222,1.0,0.621809413221861,0.5516666666666666,8.29,9.171666666666667
2025-12-25 15:00:00+00:00,t1,2,0.7666666666666666,0.4997114125091314,0.8163584159420871,1.0,0.5595838549817422,0.01,7.85,9.171666666666667
2025-12-25 15:00:00+00:00,t2,1,0.6666666666666666,0.5775787034986876,0.7916804544153561,1.0,0.621809413221861,0.48833333333333334,8.29,8.828333333333333
2025-12-25 15:00:00+00:00,t2,2,0.6666666666666666,0.5265944796555816,0.8147079853410578,1.0,0.5595838549817422,0.01,7.85,8.828333333333333
2025-12-25 16:00:00+00:00,t1,1,0.85,0.5035564896517774,0.7827883252506463,1.0,0.621809413221861,0.5616666666666666,8.08,9.963333333333333
2025-12-25 16:00:00+00:00,t1,2,0.85,0.5182532739317083,0.7571204840948893,1.0,0.5595838549817422,0.01,7.61,9.963333333333333
2025-12-25 16:00:00+00:00,t2,1,0.7966666666666667,0.5518271681555377,0.781137894649617,0.9972286351265274,0.621809413221861,0.5316666666666666,8.08,9.453333333333333
2025-12-25 16:00:00+00:00,t2,2,0.7966666666666667,0.49114187910998564,0.7593981761957102,1.0,0.5595838549817422,0.01,7.61,9.453333333333333
2025-12-25 17:00:00+00:00,t1,1,0.455,0.47352471517023886,0.725211153259108,0.9964139116164603,0.5595838549817422,0.365,7.67,7.526666666666666
2025-12-25 17:00:00+00:00,t1,2,0.455,0.47578850283284846,0.7283545574887147,1.0,0.533438938580799,0.008333333333333333,7.5,7.526666666666666
2025-12-25 17:00:00+00:00,t2,1,0.43166666666666664,0.48364804767421243,0.7232693296796056,0.9931802923454917,0.5595838549817422,0.38833333333333336,7.67,7.446666666666666
2025-12-25 17:00:00+00:00,t2,2,0.43166666666666664,0.47212367805080485,0.7302916591646497,1.0,0.533438938580799,0.01,7.5,7.446666666666666
2025-12-25 18:00:00+00:00,t1,1,0.25333333333333335,0.3824659455990725,0.5305197646405861,0.9419984332205961,0.533438938580799,0.5433333333333333,7.2,6.285
2025-12-25 18:00:00+00:00,t1,2,0.25333333333333335,0.4062302025291863,0.5191531489876443,0.966618764376869,0.5595838549817422,0.07833333333333332,7.88,6.285
2025-12-25 18:00:00+00:00,t2,1,0.215,0.3359259436345111,0.5240078308773091,0.9392045913443152,0.533438938580799,0.5016666666666666,7.2,6.07
2025-12-25 18:00:00+00:00,t2,2,0.215,0.3528689608685151,0.5195384797622098,0.962905984909426,0.5595838549817422,0.09166666666666667,7.88,6.07
2025-12-25 19:00:00+00:00,t1,1,0.3133333333333333,0.4701269635386706,0.5423368904423307,0.9761580486298916,0.533438938580799,0.4716666666666667,7.4,6.641666666666667
2025-12-25 19:00:00+00:00,t1,2,0.3133333333333333,0.4051095819491455,0.522158166369805,0.9717599591676174,0.533438938580799,0.18000000000000002,7.47,6.641666666666667
2025-12-25 19:00:00+00:00,t2,1,0.295,0.38363737229432965,0.5403458694164155,0.973134907587828,0.533438938580799,0.4266666666666667,7.4,6.708333333333333
2025-12-25 19:00:00+00:00,t2,2,0.295,0.3631245914917421,0.5238038750672669,0.9674428940037568,0.533438938580799,0.165,7.47,6.708333333333333
2025-12-25 20:00:00+00:00,t1,1,0.45166666666666666,0.4808774016335806,0.6384662353862667,0.9894921137552587,0.533438938580799,0.47333333333333333,7.44,7.161666666666666
2025-12-25 20:00:00+00:00,t1,2,0.45166666666666666,0.4404037323953751,0.5307763345164891,0.9991641375676753,0.533438938580799,0.305,7.18,7.161666666666666
2025-12-25 20:00:00+00:00,t2,1,0.465,0.433506375120631,0.6364752143603515,0.9857334284391905,0.533438938580799,0.41333333333333333,7.44,7.411666666666666
2025-12-25 20:00:00+00:00,t2,2,0.465,0.37872754979638434,0.5287853134905739,0.9942545333371158,0.533438938580799,0.29333333333333333,7.18,7.411666666666666
2025-12-25 21:00:00+00:00,t1,1,0.64,0.3745361544578686,0.5429801654268799,0.9708019973178407,0.46587952084773093,0.6716666666666667,6.87,7.821666666666666
2025-12-25 21:00:00+00:00,t1,2,0.64,0.2675868008336776,0.5331705369137202,0.9748908750019587,0.40783563748079876,0.735,6.03,7.821666666666666
2025-12-25 21:00:00+00:00,t2,1,0.5316666666666666,0.349396867640014,0.5406977514224915,0.9665562026666686,0.46587952084773093,0.6533333333333333,6.87,7.43
2025-12-25 21:00:00+00:00,t2,2,0.5316666666666666,0.29277575003306205,0.531179515887805,0.9698133419810819,0.40783563748079876,0.7616666666666667,6.03,7.43
2025-12-25 22:00:00+00:00,t1,1,0.27666666666666667,0.1547104402451154,0.429865643977519,0.9182129660045988,0.34551812937783266,0.43333333333333335,5.54,6.326666666666667
2025-12-25 22:00:00+00:00,t1,2,0.27666666666666667,0.10820040716185328,0.33694095661147583,0.8637884419104802,0.17437129044610378,0.6533333333333333,3.92,6.326666666666667
2025-12-25 22:00:00+00:00,t2,1,0.25666666666666665,0.14798824763530863,0.4274295940959921,0.9150226258514558,0.34551812937783266,0.58,5.54,6.1933333333333325
2025-12-25 22:00:00+00:00,t2,2,0.25666666666666665,0.10221826122009009,0.32844552280574063,0.8619130306491063,0.17437129044610378,0.6716666666666667,3.92,6.1933333333333325
2025-12-25 23:00:00+00:00,t1,1,0.345,0.06318614929014729,0.17963608390725186,0.6942697302321869,0.1459803862401931,0.565,3.39,6.656666666666666
2025-12-25 23:00:00+00:00,t1,2,0.345,0.02116033245681983,0.10661477296992769,0.575680321499053,0.10344010868308474,0.5683333333333334,1.55,6.656666666666666
2025-12-25 23:00:00+00:00,t2,1,0.31833333333333336,0.030254788525803922,0.1772000340257248,0.6912297101716729,0.1459803862401931,0.63,3.39,6.611666666666667
2025-12-25 23:00:00+00:00,t2,2,0.31833333333333336,0.012088717497695004,0.10773701374384168,0.575680321499053,0.10344010868308474,0.6866666666666666,1.55,6.611666666666667
2025-12-26 00:00:00+00:00,t1,1,0.235,0.008246189577160787,0.10166967371693346,0.38027030607411527,0.13303917357062492,0.555,2.75,5.973333333333334
2025-12-26 00:00:00+00:00,t1,2,0.235,0.008871908369604055,0.0986185794619128,0.33305611843541416,0.0898266827891979,0.7633333333333333,1.25,5.973333333333334
2025-12-26 00:00:00+00:00,t2,1,0.20333333333333334,0.011124576356747911,0.09864713359498542,0.3800360829921255,0.13303917357062492,0.5766666666666667,2.75,5.886666666666667
2025-12-26 00:00:00+00:00,t2,2,0.20333333333333334,0.008842438273821392,0.09974082023582678,0.33305611843541416,0.0898266827891979,0.8383333333333334,1.25,5.886666666666667
2025-12-26 01:00:00+00:00,t1,1,0.12,0.03247999525696194,0.12041178723277289,0.5112627007543942,0.10344010868308474,0.39666666666666667,1.63,4.94
2025-12-26 01:00:00+00:00,t1,2,0.12,0.008871908369604055,0.05997455379591812,0.13676250376059912,0.10344010868308474,0.8833333333333333,1.52,4.94
2025-12-26 01:00:00+00:00,t2,1,0.09666666666666668,0.019266272583980046,0.12253291923523087,0.5112627007543942,0.10344010868308474,0.47000000000000003,1.63,4.831666666666666
2025-12-26 01:00:00+00:00,t2,2,0.09666666666666668,0.007519998419479345,0.05941560535342654,0.13676250376059912,0.10344010868308474,0.935,1.52,4.831666666666666
2025-12-26 02:00:00+00:00,t1,1,0.051666666666666666,0.009535060561803336,0.08092723675106187,0.2861763292899544,0.10431543935643564,0.43,2.47,3.67
2025-12-26 02:00:00+00:00,t1,2,0.051666666666666666,0.008871908369604055,0.06440356864550949,0.1766977675939113,0.13303917357062492,0.5833333333333334,2.93,3.67
2025-12-26 02:00:00+00:00,t2,1,0.04,0.008296324603266835,0.08165004997622677,0.2861763292899544,0.10431543935643564,0.46,2.47,3.6783333333333332
2025-12-26 02:00:00+00:00,t2,2,0.04,0.007286494521757754,0.06392905856226402,0.1766977675939113,0.13303917357062492,0.6616666666666666,2.93,3.6783333333333332
2025-12-26 03:00:00+00:00,t1,1,0.02666666666666667,0.009535060561803336,0.08624874149561433,0.30660363052213996,0.1459803862401931,0.3983333333333334,3.32,3.9033333333333338
2025-12-26 03:00:00+00:00,t1,2,0.02666666666666667,0.0,0.10551561548112669,0.1890505631802845,0.20381297203510923,0.6816666666666666,4.45,3.9033333333333338
2025-12-26 03:00:00+00:00,t2,1,0.021666666666666667,0.00860556144759476,0.08697155472077923,0.30660363052213996,0.1459803862401931,0.2733333333333334,3.32,3.8966666666666665
2025-12-26 03:00:00+00:00,t2,2,0.021666666666666667,0.0,0.10504110539788122,0.1890505631802845,0.20381297203510923,0.7783333333333333,4.45,3.8966666666666665
2025-12-26 04:00:00+00:00,t1,1,0.016666666666666666,0.0,0.16448453779581787,0.36053867318459515,0.40783563748079876,0.17333333333333334,6.04,2.4216666666666664
2025-12-26 04:00:00+00:00,t1,2,0.016666666666666666,0.0,0.09030136364438465,0.26238882039568656,0.24396644031099302,0.5583333333333333,4.77,2.4216666666666664
2025-12-26 04:00:00+00:00,t2,1,0.008333333333333333,0.0,0.16350383503846722,0.3605225106105021,0.40783563748079876,0.19833333333333333,6.04,2.1683333333333334
2025-12-26 04:00:00+00:00,t2,2,0.008333333333333333,0.0,0.08982685356113919,0.26238882039568656,0.24396644031099302,0.5366666666666666,4.77,2.1683333333333334
2025-12-26 05:00:00+00:00,t1,1,0.15666666666666668,0.0,0.14448354314635461,0.41362669765376997,0.40783563748079876,0.14833333333333334,6.24,5.501666666666666
2025-12-26 05:00:00+00:00,t1,2,0.15666666666666668,0.0,0.09826290347061319,0.3059694235600383,0.24396644031099302,0.4583333333333333,4.63,5.501666666666666
2025-12-26 05:00:00+00:00,t2,1,0.01,0.0,0.143502840389004,0.41362669765376997,0.40783563748079876,0.26666666666666666,6.24,6.2316666666666665
2025-12-26 05:00:00+00:00,t2,2,0.01,0.0,0.09778839338736772,0.3059694235600383,0.24396644031099302,0.435,4.63,6.2316666666666665
2025-12-26 06:00:00+00:00,t1,1,0.05833333333333333,0.0,0.15316012041137161,0.5150603660806508,0.24396644031099302,0.205,4.87,4.491666666666666
2025-12-26 06:00:00+00:00,t1,2,0.05833333333333333,0.008871908369604055,0.1633103409660779,0.4885247949514644,0.17437129044610378,0.27166666666666667,3.83,4.491666666666666
2025-12-26 06:00:00+00:00,t2,1,0.01,0.0,0.15375749760635768,0.514782011998911,0.24396644031099302,0.21333333333333335,4.87,4.081666666666667
2025-12-26 06:00:00+00:00,t2,2,0.01,0.003419580096827627,0.1628358308828324,0.4882464408697249,0.17437129044610378,0.265,3.83,4.081666666666667
2025-12-26 07:00:00+00:00,t1,1,0.08333333333333333,0.03478050258874816,0.2525634969510194,0.6470463892592558,0.24396644031099302,0.125,4.72,4.705
2025-12-26 07:00:00+00:00,t1,2,0.08333333333333333,0.0,0.22507325999124783,0.7366610519840517,0.20381297203510923,0.21333333333333335,4.25,4.705
2025-12-26 07:00:00+00:00,t2,1,0.01,0.016974894172813275,0.24770553124818953,0.6459372437111413,0.24396644031099302,0.17,4.72,5.088333333333334
2025-12-26 07:00:00+00:00,t2,2,0.01,0.0,0.22515596429159884,0.7336561268130554,0.20381297203510923,0.23,4.25,5.088333333333334
2025-12-26 08:00:00+00:00,t1,1,0.23166666666666666,0.04994425404685349,0.32954464338851086,0.6105622929664474,0.29666767038040753,0.20333333333333334,5.49,5.794999999999999
2025-12-26 08:00:00+00:00,t1,2,0.23166666666666666,0.05713893152982959,0.37967711440263163,0.8387864180705593,0.24396644031099302,0.22999999999999998,4.67,5.794999999999999
2025-12-26 08:00:00+00:00,t2,1,0.235,0.029489001162920282,0.32468667768568094,0.6096545139193269,0.29666767038040753,0.20833333333333334,5.49,5.998333333333334
2025-12-26 08:00:00+00:00,t2,2,0.235,0.05493689229838011,0.3799903885136416,0.8357107357717438,0.24396644031099302,0.25166666666666665,4.67,5.998333333333334
2025-12-26 09:00:00+00:00,t1,1,0.8283333333333333,0.14021531868638373,0.44777127371904935,0.8524771441178561,0.5595838549817422,0.16166666666666665,7.62,10.231666666666667
2025-12-26 09:00:00+00:00,t1,2,0.8283333333333333,0.07222734023400668,0.4223671187500399,0.9081235707187746,0.46587952084773093,0.23500000000000001,6.63,10.231666666666667
2025-12-26 09:00:00+00:00,t2,1,0.7566666666666667,0.15729349906877907,0.4480845478300593,0.8532495824808136,0.5595838549817422,0.18500000000000003,7.62,10.014999999999999
2025-12-26 09:00:00+00:00,t2,2,0.7566666666666667,0.06273276929085055,0.42268039286104986,0.9073249218339561,0.46587952084773093,0.2316666666666667,6.63,10.014999999999999
2025-12-26 10:00:00+00:00,t1,1,0.9916666666666667,0.23472150946509718,0.5388247361179357,0.9401313810233,0.5595838549817422,0.19666666666666666,7.87,12.6
2025-12-26 10:00:00+00:00,t1,2,0.9916666666666667,0.17253220553794815,0.49120568938231507,0.9100080742689283,0.5595838549817422,0.20833333333333334,7.87,12.6
2025-12-26 11:00:00+00:00,t1,1,0.9899999999999999,0.34026670051737534,0.6535708753795381,0.9885078552213452,0.621809413221861,0.19166666666666665,8.24,12.001666666666667
2025-12-26 11:00:00+00:00,t1,2,0.9899999999999999,0.24012049107947514,0.5611117712017554,0.9406733612134714,0.533438938580799,0.26,7.21,12.001666666666667
2025-12-26 12:00:00+00:00,t1,1,0.9899999999999999,0.4184302517594789,0.698143692826568,0.9891678238479984,0.6380866269626422,0.14833333333333332,8.85,12.331666666666669
2025-12-26 12:00:00+00:00,t1,2,0.9899999999999999,0.21730032665175486,0.5443607215562936,0.9573819617261831,0.5595838549817422,0.295,7.83,12.331666666666669
2025-12-26 12:00:00+00:00,t2,1,0.9333333333333332,0.36421611959239214,0.6524264696684339,0.9860594984742359,0.6380866269626422,0.125,8.85,12.401666666666666
2025-12-26 12:00:00+00:00,t2,2,0.9333333333333332,0.18932685605559205,0.5222222630994982,0.9584005813026812,0.5595838549817422,0.35333333333333333,7.83,12.401666666666666
2025-12-26 13:00:00+00:00,t1,1,0.9633333333333334,0.4030923697684933,0.6709128308963868,0.9951411097332944,0.621809413221861,0.15166666666666667,8.1,11.008333333333333
2025-12-26 13:00:00+00:00,t1,2,0.9633333333333334,0.2539321947790017,0.4819456709213894,0.9278235404207383,0.533438938580799,0.24833333333333332,7.23,11.008333333333333
2025-12-26 13:00:00+00:00,t2,1,0.9583333333333334,0.3695867465958571,0.6707811212206525,0.9918969751218352,0.621809413221861,0.19666666666666666,8.1,11.011666666666665
2025-12-26 13:00:00+00:00,t2,2,0.9583333333333334,0.25149356764556985,0.4854887620700674,0.9276965123508221,0.533438938580799,0.2333333333333333,7.23,11.011666666666665
2025-12-26 14:00:00+00:00,t1,1,0.7366666666666667,0.3339795608311427,0.692531405866396,0.9674163427349596,0.621809413221861,0.35333333333333333,8.4,9.121666666666666
2025-12-26 14:00:00+00:00,t1,2,0.7366666666666667,0.22948411022632975,0.5698556233358069,0.9387763616775447,0.46587952084773093,0.2866666666666667,6.61,9.121666666666666
2025-12-26 14:00:00+00:00,t2,1,0.7066666666666667,0.32965284743451123,0.6921083032121886,0.9655718124402894,0.621809413221861,0.38833333333333336,8.4,9.063333333333334
2025-12-26 14:00:00+00:00,t2,2,0.7066666666666667,0.24895766525616186,0.5697239136600726,0.9384911284744978,0.46587952084773093,0.29333333333333333,6.61,9.063333333333334
2025-12-26 15:00:00+00:00,t1,1,0.8516666666666666,0.2761210514467343,0.5558587673385748,0.9338555398251865,0.533438938580799,0.7666666666666666,7.04,9.941666666666668
2025-12-26 15:00:00+00:00,t1,2,0.8516666666666666,0.1508011845921925,0.5099103160503425,0.947907419716195,0.34551812937783266,0.5516666666666666,5.74,9.941666666666668
2025-12-26 15:00:00+00:00,t2,1,0.7916666666666666,0.2774756150788802,0.5590602075259467,0.933844467007019,0.533438938580799,0.6666666666666666,7.04,9.678333333333333
2025-12-26 15:00:00+00:00,t2,2,0.7916666666666666,0.14266225148837597,0.5095306441825015,0.9478389661588308,0.34551812937783266,0.48833333333333334,5.74,9.678333333333333
2025-12-26 16:00:00+00:00,t1,1,0.38833333333333336,0.14265949689928156,0.4986906147214465,0.8771847908011342,0.17437129044610378,0.85,3.65,7.2683333333333335
2025-12-26 16:00:00+00:00,t1,2,0.38833333333333336,0.0834393891264481,0.4793073498188885,0.8269184669947014,0.24396644031099302,0.5616666666666666,4.85,7.2683333333333335
2025-12-26 16:00:00+00:00,t2,1,0.39166666666666666,0.1251546396031555,0.4902283967635094,0.8767855627056685,0.17437129044610378,0.7966666666666667,3.65,7.416666666666667
2025-12-26 16:00:00+00:00,t2,2,0.39166666666666666,0.03936101149157896,0.47803281832335065,0.8260268505216739,0.24396644031099302,0.5316666666666666,4.85,7.416666666666667
2025-12-26 17:00:00+00:00,t1,1,0.2916666666666667,0.09732581998926679,0.4239273104851922,0.5690290472693902,0.1459803862401931,0.455,3.41,6.773333333333333
2025-12-26 17:00:00+00:00,t1,2,0.2916666666666667,0.06580802426077798,0.3066220403264959,0.5916670698863455,0.24396644031099302,0.365,4.71,6.773333333333333
2025-12-26 17:00:00+00:00,t2,1,0.32666666666666666,0.039983316389222666,0.4218064108886283,0.5686298191739245,0.1459803862401931,0.43166666666666664,3.41,7.041666666666667
2025-12-26 17:00:00+00:00,t2,2,0.32666666666666666,0.016680725739282386,0.3066519075728097,0.5916509073122526,0.24396644031099302,0.38833333333333336,4.71,7.041666666666667
2025-12-26 18:00:00+00:00,t1,1,0.21333333333333335,0.009535060561803336,0.18683085854642734,0.3590693827369432,0.13303917357062492,0.25333333333333335,2.71,6.628333333333334
2025-12-26 18:00:00+00:00,t1,2,0.21333333333333335,0.07268902910839649,0.3614126461660795,0.6053092284708373,0.34551812937783266,0.5433333333333333,5.98,6.628333333333334
2025-12-26 18:00:00+00:00,t2,1,0.215,0.010710833892319948,0.18748995900247162,0.3590693827369432,0.13303917357062492,0.215,2.71,6.533333333333334
2025-12-26 18:00:00+00:00,t2,2,0.215,0.030918131469323762,0.3585750847650435,0.6044342490473198,0.34551812937783266,0.5016666666666666,5.98,6.533333333333334
2025-12-26 19:00:00+00:00,t1,1,0.25333333333333335,0.009535060561803336,0.16640687091568873,0.22754131172184203,0.1459803862401931,0.3133333333333333,3.25,6.6433333333333335
2025-12-26 19:00:00+00:00,t1,2,0.25333333333333335,0.04499273587367365,0.30400865796246224,0.5019297389572079,0.24396644031099302,0.4716666666666667,4.91,6.6433333333333335
2025-12-26 19:00:00+00:00,t2,1,0.25166666666666665,0.009540793174089178,0.16584792247319707,0.22754131172184203,0.1459803862401931,0.295,3.25,6.653333333333333
2025-12-26 19:00:00+00:00,t2,2,0.25166666666666665,0.0,0.3046677584185066,0.5051453626544775,0.24396644031099302,0.4266666666666667,4.91,6.653333333333333
2025-12-26 20:00:00+00:00,t1,1,0.18000000000000002,0.009535060561803336,0.1291762421745076,0.20534350023155415,0.1459803862401931,0.45166666666666666,3.34,6.1816666666666675
2025-12-26 20:00:00+00:00,t1,2,0.18000000000000002,0.008871908369604055,0.14814692972441193,0.2845829508205056,0.1459803862401931,0.47333333333333333,3.43,6.1816666666666675
2025-12-26 20:00:00+00:00,t2,1,0.16666666666666666,0.009552075347448128,0.12745381098985806,0.20510927714956442,0.1459803862401931,0.465,3.34,6.166666666666667
2025-12-26 20:00:00+00:00,t2,2,0.16666666666666666,0.010163027248310483,0.14758798128192027,0.2845829508205056,0.1459803862401931,0.41333333333333333,3.43,6.166666666666667
2025-12-26 21:00:00+00:00,t1,1,0.20166666666666666,0.009535060561803336,0.04396587649607502,0.10259986663307988,0.13303917357062492,0.64,2.63,6.489999999999999
2025-12-26 21:00:00+00:00,t1,2,0.20166666666666666,0.008871908369604055,0.1246993312681767,0.1480400013496536,0.10431543935643564,0.6716666666666667,2.32,6.489999999999999
2025-12-26 21:00:00+00:00,t2,1,0.19833333333333333,0.008543100698065157,0.04224344531142547,0.10236564355109012,0.13303917357062492,0.5316666666666666,2.63,6.445
2025-12-26 21:00:00+00:00,t2,2,0.19833333333333333,0.007375074543848713,0.12414038282568511,0.1480400013496536,0.10431543935643564,0.6533333333333333,2.32,6.445
2025-12-26 22:00:00+00:00,t1,1,0.13833333333333334,0.009535060561803336,0.022440054926101013,0.04286119868379549,0.10344010868308474,0.27666666666666667,1.91,5.675
2025-12-26 22:00:00+00:00,t1,2,0.13833333333333334,0.008871908369604055,0.0996093865177188,0.0996093865177188,0.10431543935643564,0.43333333333333335,2.2,5.675
2025-12-26 22:00:00+00:00,t2,1,0.125,0.008263364397100426,0.020717623741451467,0.04286119868379549,0.10344010868308474,0.25666666666666665,1.91,5.746666666666666
2025-12-26 22:00:00+00:00,t2,2,0.125,0.006977183655389621,0.09905043807522722,0.09905043807522722,0.10431543935643564,0.58,2.2,5.746666666666666
2025-12-26 23:00:00+00:00,t1,1,0.018333333333333333,0.009535060561803336,0.02781742031743995,0.02781742031743995,0.0898266827891979,0.345,1.2,2.78
2025-12-26 23:00:00+00:00,t1,2,0.018333333333333333,0.008871908369604055,0.0772892401725929,0.0772892401725929,0.0898266827891979,0.565,1.11,2.78
2025-12-26 23:00:00+00:00,t2,1,0.013333333333333334,0.00812756673226168,0.026094989132790403,0.02633071569491342,0.0898266827891979,0.31833333333333336,1.2,3.026666666666667
2025-12-26 23:00:00+00:00,t2,2,0.013333333333333334,0.007279752859071837,0.0767302917301013,0.0767302917301013,0.0898266827891979,0.63,1.11,3.026666666666667
2025-12-27 00:00:00+00:00,t1,1,0.041666666666666664,0.002009727614241494,0.06424174629564587,0.06424174629564587,0.10344010868308474,0.235,1.58,4.016666666666667
2025-12-27 00:00:00+00:00,t1,2,0.041666666666666664,0.008871908369604055,0.08797302621980402,0.22150926096235501,0.0898266827891979,0.555,1.41,4.016666666666667
2025-12-27 00:00:00+00:00,t2,1,0.03833333333333334,0.0018447226007656144,0.06153256423212546,0.06153256423212546,0.10344010868308474,0.20333333333333334,1.58,4.081666666666667
2025-12-27 00:00:00+00:00,t2,2,0.03833333333333334,0.006996746265997179,0.08526384415628364,0.22134425594887913,0.0898266827891979,0.5766666666666667,1.41,4.081666666666667
2025-12-27 01:00:00+00:00,t1,1,0.11833333333333333,0.009535060561803336,0.10073120727188205,0.29949867829061927,0.17437129044610378,0.12,3.58,5.593333333333334
2025-12-27 01:00:00+00:00,t1,2,0.11833333333333333,0.008871908369604055,0.16846324408785937,0.4741943167504446,0.1459803862401931,0.39666666666666667,3.28,5.593333333333334
2025-12-27 01:00:00+00:00,t2,1,0.12333333333333334,0.007256878249958507,0.09802202520836167,0.29949867829061927,0.17437129044610378,0.09666666666666668,3.58,5.7250000000000005
2025-12-27 01:00:00+00:00,t2,2,0.12333333333333334,0.0067630393296993305,0.16575406202433893,0.4741943167504446,0.1459803862401931,0.47000000000000003,3.28,5.7250000000000005
2025-12-27 02:00:00+00:00,t1,1,0.22333333333333336,0.022136983772243983,0.14198083922321508,0.5503344519126908,0.34551812937783266,0.051666666666666666,5.78,6.396666666666667
2025-12-27 02:00:00+00:00,t1,2,0.22333333333333336,0.03823617917878171,0.2594046947028501,0.8272397357887786,0.29666767038040753,0.43,5.39,6.396666666666667
2025-12-27 02:00:00+00:00,t2,1,0.215,0.0,0.13984325309621676,0.5503182893385978,0.34551812937783266,0.04,5.78,6.38
2025-12-27 02:00:00+00:00,t2,2,0.215,0.0,0.2591002275557488,0.8264007035982452,0.29666767038040753,0.46,5.39,6.38
2025-12-27 03:00:00+00:00,t1,1,0.20666666666666667,0.11958029422698355,0.29113609052734296,0.8664136923063664,0.46587952084773093,0.02666666666666667,6.87,6.181666666666666
2025-12-27 03:00:00+00:00,t1,2,0.20666666666666667,0.0975063764271939,0.36260822589055636,0.9326330059561256,0.46587952084773093,0.3983333333333334,6.65,6.181666666666666
2025-12-27 03:00:00+00:00,t2,1,0.19833333333333333,0.07645655610808182,0.29151018780616705,0.8652082849956467,0.46587952084773093,0.021666666666666667,6.87,6.31
2025-12-27 03:00:00+00:00,t2,2,0.19833333333333333,0.08296786553621988,0.36298232316938045,0.9302864698252239,0.46587952084773093,0.2733333333333334,6.65,6.31
2025-12-27 04:00:00+00:00,t1,1,0.255,0.5117381161419651,0.7205063481828559,1.0,0.6380866269626422,0.016666666666666666,8.61,6.7316666666666665
2025-12-27 04:00:00+00:00,t1,2,0.255,0.33522752994037097,0.6913764882488141,0.998636104755702,0.621809413221861,0.17333333333333334,8.37,6.7316666666666665
2025-12-27 04:00:00+00:00,t2,1,0.25666666666666665,0.45851292477136457,0.7204590768663677,0.9967699146397329,0.6380866269626422,0.008333333333333333,8.61,6.8133333333333335
2025-12-27 04:00:00+00:00,t2,2,0.25666666666666665,0.3277818040585596,0.691329216932326,0.9930933918297846,0.621809413221861,0.19833333333333333,8.37,6.8133333333333335
2025-12-27 05:00:00+00:00,t1,1,0.7483333333333334,0.7378936445268875,0.9064365105942068,1.0,0.621809413221861,0.15666666666666668,8.38,9.968333333333334
2025-12-27 05:00:00+00:00,t1,2,0.7483333333333334,0.7119931693488646,0.8837912082713386,1.0,0.6380866269626422,0.14833333333333334,8.78,9.968333333333334
2025-12-27 05:00:00+00:00,t2,1,0.61,0.7473023406558815,0.9063892392777186,1.0,0.621809413221861,0.01,8.38,9.053333333333333
2025-12-27 05:00:00+00:00,t2,2,0.61,0.7079946375529855,0.8837439369548504,1.0,0.6380866269626422,0.26666666666666666,8.78,9.053333333333333
2025-12-27 06:00:00+00:00,t1,1,0.9700000000000001,0.8317983961789571,0.8884004692667533,1.0,0.7036149602258147,0.05833333333333333,9.6,11.201666666666668
2025-12-27 06:00:00+00:00,t1,2,0.9700000000000001,0.8409714551202239,0.9409343924321634,1.0,0.6886657154935532,0.205,9.38,11.201666666666668
2025-12-27 06:00:00+00:00,t2,1,0.96,0.8579470002811876,0.8883531979502651,1.0,0.7036149602258147,0.01,9.6,11.436666666666667
2025-12-27 06:00:00+00:00,t2,2,0.96,0.9231102393839299,0.9408871211156752,1.0,0.6886657154935532,0.21333333333333335,9.38,11.436666666666667
2025-12-27 07:00:00+00:00,t1,1,0.9066666666666666,0.9052730122936371,0.9052730122936371,1.0,0.7036149602258147,0.08333333333333333,9.59,10.393333333333333
2025-12-27 07:00:00+00:00,t1,2,0.9066666666666666,0.8486571633119353,0.9178768822771328,1.0,0.6886657154935532,0.125,9.17,10.393333333333333
2025-12-27 07:00:00+00:00,t2,1,0.945,0.902828427571854,0.9052257409771489,1.0,0.7036149602258147,0.01,9.59,11.041666666666666
2025-12-27 07:00:00+00:00,t2,2,0.945,0.9178296109606446,0.9178296109606446,1.0,0.6886657154935532,0.17,9.17,11.041666666666666
2025-12-27 08:00:00+00:00,t1,1,0.9116666666666666,0.8105757657156291,0.9133205253240683,1.0,0.6380866269626422,0.23166666666666666,8.75,10.646666666666667
2025-12-27 08:00:00+00:00,t1,2,0.9116666666666666,0.7468867048120269,0.9079105961859066,1.0,0.6380866269626422,0.20333333333333334,8.63,10.646666666666667
2025-12-27 08:00:00+00:00,t2,1,0.895,0.8859981996391474,0.9132732540075801,1.0,0.6380866269626422,0.235,8.75,10.655
2025-12-27 08:00:00+00:00,t2,2,0.895,0.8064559816297017,0.9078633248694185,1.0,0.6380866269626422,0.20833333333333334,8.63,10.655
2025-12-27 09:00:00+00:00,t1,1,0.9249999999999999,0.662529985060471,0.9115223125177995,1.0,0.621809413221861,0.8283333333333333,8.16,10.518333333333333
2025-12-27 09:00:00+00:00,t1,2,0.9249999999999999,0.6215219922861059,0.8816377126660743,1.0,0.621809413221861,0.16166666666666665,8.16,10.518333333333333
2025-12-27 09:00:00+00:00,t2,1,0.89,0.726609381600723,0.9114750412013113,1.0,0.621809413221861,0.7566666666666667,8.16,10.398333333333333
2025-12-27 09:00:00+00:00,t2,2,0.89,0.6564430985867387,0.8815904413495861,0.9993025052879929,0.621809413221861,0.18500000000000003,8.16,10.398333333333333
2025-12-27 10:00:00+00:00,t1,1,0.9133333333333334,0.5896978698775673,0.8962238996271149,0.9981618701969667,0.5595838549817422,0.9916666666666667,7.62,10.571666666666667
2025-12-27 10:00:00+00:00,t1,2,0.9133333333333334,0.570209925184158,0.8692956287268815,1.0,0.5595838549817422,0.19666666666666666,7.73,10.571666666666667
2025-12-27 10:00:00+00:00,t2,1,0.8983333333333333,0.6044590352380363,0.896537173738125,0.9938294583386933,0.5595838549817422,0.01,7.62,10.575000000000001
2025-12-27 10:00:00+00:00,t2,2,0.8983333333333333,0.5977571021805377,0.8692483574103933,0.9973447684903117,0.5595838549817422,0.24,7.73,10.575000000000001
2025-12-27 11:00:00+00:00,t1,1,0.8733333333333334,0.3062458731565363,0.6999351813244622,0.9859242434468384,0.46587952084773093,0.9899999999999999,6.51,10.334999999999999
2025-12-27 11:00:00+00:00,t1,2,0.8733333333333334,0.4560116662581809,0.7449510558042265,0.9992050683247059,0.533438938580799,0.19166666666666665,7.08,10.334999999999999
2025-12-27 11:00:00+00:00,t2,1,0.8966666666666666,0.3038435590953888,0.7002484554354723,0.9834048033565662,0.46587952084773093,0.01,6.51,10.728333333333333
2025-12-27 11:00:00+00:00,t2,2,0.8966666666666666,0.4373183303945334,0.7452643299152366,0.9971012903063975,0.533438938580799,0.22666666666666666,7.08,10.728333333333333
2025-12-27 12:00:00+00:00,t1,1,0.9500000000000001,0.14377604571060826,0.49336105313679346,0.8234177675569451,0.24396644031099302,0.9899999999999999,4.91,11.246666666666668
2025-12-27 12:00:00+00:00,t1,2,0.9500000000000001,0.2163478309381326,0.5879570142578746,0.9319718851341745,0.34551812937783266,0.14833333333333332,5.61,11.246666666666668
2025-12-27 12:00:00+00:00,t2,1,0.9550000000000001,0.10721469450106322,0.49184120826790656,0.8229667229536252,0.24396644031099302,0.9333333333333332,4.91,11.493333333333332
2025-12-27 12:00:00+00:00,t2,2,0.9550000000000001,0.21338734725109434,0.5876640891296415,0.9312140771098367,0.34551812937783266,0.125,5.61,11.493333333333332
2025-12-27 13:00:00+00:00,t1,1,0.9183333333333333,0.08262147421579791,0.4101270341097225,0.742438440632682,0.17437129044610378,0.9633333333333334,3.86,10.833333333333334
2025-12-27 13:00:00+00:00,t1,2,0.9183333333333333,0.08720866875609658,0.45337717278101003,0.8329395149089326,0.20381297203510923,0.15166666666666667,4.31,10.833333333333334
2025-12-27 13:00:00+00:00,t2,1,0.8733333333333334,0.05165485375717408,0.4091411630026385,0.741873939107534,0.17437129044610378,0.9583333333333334,3.86,10.62
2025-12-27 13:00:00+00:00,t2,2,0.8733333333333334,0.061964142160687644,0.45518119014233616,0.8329395149089326,0.20381297203510923,0.19666666666666666,4.31,10.62
2025-12-27 14:00:00+00:00,t1,1,0.6033333333333334,0.0791268282926337,0.2622147223584626,0.5728974630012243,0.1459803862401931,0.7366666666666667,3.42,8.506666666666666
2025-12-27 14:00:00+00:00,t1,2,0.6033333333333334,0.06025228705719224,0.311175818104893,0.6089959714887893,0.17437129044610378,0.35333333333333333,3.92,8.506666666666666
2025-12-27 14:00:00+00:00,t2,1,0.6816666666666666,0.03501068709640181,0.26118672951134786,0.5728974630012243,0.1459803862401931,0.7066666666666667,3.42,9.021666666666667
2025-12-27 14:00:00+00:00,t2,2,0.6816666666666666,0.04718252355143987,0.3122980588788069,0.6089959714887893,0.17437129044610378,0.38833333333333336,3.92,9.021666666666667
2025-12-27 15:00:00+00:00,t1,1,0.27,0.06264139784095077,0.23558249226719488,0.582214182894623,0.1459803862401931,0.8516666666666666,3.42,6.341666666666666
2025-12-27 15:00:00+00:00,t1,2,0.27,0.03032603417697851,0.28172263603947423,0.6229417642236391,0.20381297203510923,0.7666666666666666,4.43,6.341666666666666
2025-12-27 15:00:00+00:00,t2,1,0.29333333333333333,0.028797798457712333,0.23638761839997696,0.582214182894623,0.1459803862401931,0.7916666666666666,3.42,6.614999999999999
2025-12-27 15:00:00+00:00,t2,2,0.29333333333333333,0.017823652298047624,0.28284487681338816,0.6229417642236391,0.20381297203510923,0.6666666666666666,4.43,6.614999999999999
2025-12-27 16:00:00+00:00,t1,1,0.15166666666666667,0.04832909580543929,0.2002321798511854,0.5315951826417333,0.17437129044610378,0.38833333333333336,3.81,5.456666666666667
2025-12-27 16:00:00+00:00,t1,2,0.15166666666666667,0.040672720999107695,0.31399299338675335,0.6335895326737708,0.24396644031099302,0.85,4.89,5.456666666666667
2025-12-27 16:00:00+00:00,t2,1,0.11833333333333333,0.02887895360606478,0.19920418700407053,0.5315951826417333,0.17437129044610378,0.39166666666666666,3.81,5.286666666666666
2025-12-27 16:00:00+00:00,t2,2,0.11833333333333333,0.019043304635138966,0.31479811951953546,0.6330288545649772,0.24396644031099302,0.7966666666666667,4.89,5.286666666666666
2025-12-27 17:00:00+00:00,t1,1,0.39166666666666666,0.036068449149003035,0.2569483085061546,0.5413013374191807,0.20381297203510923,0.2916666666666667,4.35,7.5183333333333335
2025-12-27 17:00:00+00:00,t1,2,0.39166666666666666,0.05640526978552833,0.2684583985515013,0.6345936055681527,0.29666767038040753,0.455,5.17,7.5183333333333335
2025-12-27 17:00:00+00:00,t2,1,0.35833333333333334,0.02233260781576101,0.25592031565903983,0.5413013374191807,0.20381297203510923,0.32666666666666666,4.35,7.461666666666666
2025-12-27 17:00:00+00:00,t2,2,0.35833333333333334,0.03160282360397055,0.267752378404022,0.634049090033452,0.29666767038040753,0.43166666666666664,5.17,7.461666666666666
2025-12-27 18:00:00+00:00,t1,1,0.2783333333333333,0.055008815604908154,0.38894034702712943,0.6574069586582362,0.24396644031099302,0.21333333333333335,4.78,7.146666666666667
2025-12-27 18:00:00+00:00,t1,2,0.2783333333333333,0.06011914894029333,0.3549844828500218,0.7513225498906622,0.24396644031099302,0.25333333333333335,4.78,7.146666666666667
2025-12-27 18:00:00+00:00,t2,1,0.25666666666666665,0.04730262946207889,0.3879123541800147,0.6574069586582362,0.24396644031099302,0.215,4.78,6.955000000000001
2025-12-27 18:00:00+00:00,t2,2,0.25666666666666665,0.047887355933379464,0.3539564900029071,0.7513063873165692,0.24396644031099302,0.215,4.78,6.955000000000001
2025-12-27 19:00:00+00:00,t1,1,0.73,0.11002612485650345,0.42126876714578826,0.8041174138618498,0.29666767038040753,0.25333333333333335,5.02,9.416666666666666
2025-12-27 19:00:00+00:00,t1,2,0.73,0.07063532735504956,0.38294624369577507,0.805575851343169,0.29666767038040753,0.3133333333333333,5.19,9.416666666666666
2025-12-27 19:00:00+00:00,t2,1,0.6833333333333332,0.09643253685671883,0.4202407742986735,0.8033713781272803,0.29666767038040753,0.25166666666666665,5.02,8.991666666666667
2025-12-27 19:00:00+00:00,t2,2,0.6833333333333332,0.06330430573877335,0.3819182508486603,0.8054912352117118,0.29666767038040753,0.295,5.19,8.991666666666667
2025-12-27 20:00:00+00:00,t1,1,0.5983333333333333,0.11355437429906454,0.4561329577454008,0.8387413907010824,0.29666767038040753,0.18000000000000002,5.01,8.25
2025-12-27 20:00:00+00:00,t1,2,0.5983333333333333,0.08859738346386917,0.3430611888796649,0.7602391180054395,0.29666767038040753,0.45166666666666666,5.44,8.25
2025-12-27 20:00:00+00:00,t2,1,0.5966666666666667,0.09118375345753042,0.4526674023850645,0.8377294331738411,0.29666767038040753,0.16666666666666666,5.01,8.49
2025-12-27 20:00:00+00:00,t2,2,0.5966666666666667,0.09198517541852588,0.3418306913846343,0.7598761477922428,0.29666767038040753,0.465,5.44,8.49
2025-12-27 21:00:00+00:00,t1,1,0.8816666666666667,0.13610990245896742,0.4671306227608061,0.872875579753548,0.29666767038040753,0.20166666666666666,5.14,10.183333333333334
2025-12-27 21:00:00+00:00,t1,2,0.8816666666666667,0.12074806482166403,0.41222939976627027,0.8772134325637588,0.34551812937783266,0.64,5.6,10.183333333333334
2025-12-27 21:00:00+00:00,t2,1,0.8816666666666667,0.12396013293871497,0.46395646037894284,0.8716376984710071,0.29666767038040753,0.19833333333333333,5.14,10.528333333333334
2025-12-27 21:00:00+00:00,t2,2,0.8816666666666667,0.11236791568844018,0.4087980415537941,0.8762014750365175,0.34551812937783266,0.5316666666666666,5.6,10.528333333333334
2025-12-27 22:00:00+00:00,t1,1,0.9033333333333333,0.15755850105077457,0.4921074160737438,0.8706546965601841,0.29666767038040753,0.13833333333333334,5.43,10.549999999999999
2025-12-27 22:00:00+00:00,t1,2,0.9033333333333333,0.14300339470369938,0.45698986268118136,0.9377820548173712,0.34551812937783266,0.27666666666666667,5.96,10.549999999999999
2025-12-27 22:00:00+00:00,t2,1,0.875,0.1693011848677522,0.48893325369188056,0.8682892173254024,0.29666767038040753,0.125,5.43,10.305
2025-12-27 22:00:00+00:00,t2,2,0.875,0.13559716973785194,0.4511239708843948,0.9342918756454606,0.34551812937783266,0.25666666666666665,5.96,10.305
2025-12-27 23:00:00+00:00,t1,1,0.9700000000000001,0.2775113530104233,0.5472430030815083,0.9379029009315365,0.34551812937783266,0.018333333333333333,5.85,12.153333333333334
2025-12-27 23:00:00+00:00,t1,2,0.9700000000000001,0.2619021707743384,0.49629014187036,0.9685237026714728,0.40783563748079876,0.345,6.4,12.153333333333334
2025-12-27 23:00:00+00:00,t2,1,0.945,0.26263667499139143,0.5455613692546563,0.9341086737394146,0.34551812937783266,0.013333333333333334,5.85,11.868333333333332
2025-12-27 23:00:00+00:00,t2,2,0.945,0.23409981026767424,0.49431711506503484,0.9654271535234177,0.40783563748079876,0.31833333333333336,6.4,11.868333333333332
2025-12-28 00:00:00+00:00,t1,1,0.89,0.42555118701140415,0.6437476507097144,0.9673642120719165,0.46587952084773093,0.041666666666666664,6.72,12.363333333333335
2025-12-28 00:00:00+00:00,t1,2,0.89,0.34717980052795855,0.5853073339280999,0.9779961198411108,0.46587952084773093,0.235,6.85,12.363333333333335
2025-12-28 00:00:00+00:00,t2,1,0.8983333333333333,0.4147711100201291,0.6420660168828624,0.9634039759114796,0.46587952084773093,0.03833333333333334,6.72,12.0
2025-12-28 00:00:00+00:00,t2,2,0.8983333333333333,0.34117844577590906,0.5836257001012478,0.9736809189602956,0.46587952084773093,0.20333333333333334,6.85,12.0
2025-12-28 01:00:00+00:00,t1,1,0.735,0.47781536262347296,0.666800407811,0.97687932196434,0.533438938580799,0.11833333333333333,7.14,10.763333333333334
2025-12-28 01:00:00+00:00,t1,2,0.735,0.4481184442304691,0.6512245117683728,0.9986611325607406,0.533438938580799,0.12,7.33,10.763333333333334
2025-12-28 01:00:00+00:00,t2,1,0.8566666666666666,0.4625825649362661,0.665118773984148,0.9718116140262958,0.533438938580799,0.12333333333333334,7.14,12.691666666666668
2025-12-28 01:00:00+00:00,t2,2,0.8566666666666666,0.4026073460702777,0.6498834683664066,0.9943494615430323,0.533438938580799,0.09666666666666668,7.33,12.691666666666668
2025-12-28 02:00:00+00:00,t1,1,0.6333333333333333,0.4902086203544459,0.6686308354493232,0.9947994663659874,0.533438938580799,0.22333333333333336,7.1,10.101666666666667
2025-12-28 02:00:00+00:00,t1,2,0.6333333333333333,0.45269827248069067,0.6641612606590573,1.0,0.533438938580799,0.051666666666666666,7.37,10.101666666666667
2025-12-28 02:00:00+00:00,t2,1,0.6983333333333334,0.49113336669619756,0.668583564132835,0.98959334112349,0.533438938580799,0.215,7.1,10.813333333333333
2025-12-28 02:00:00+00:00,t2,2,0.6983333333333334,0.42469682898903416,0.6641139893425692,1.0,0.533438938580799,0.04,7.37,10.813333333333333
2025-12-28 03:00:00+00:00,t1,1,0.6733333333333333,0.46024083939707716,0.6618412600881615,1.0,0.5595838549817422,0.20666666666666667,7.52,10.545
2025-12-28 03:00:00+00:00,t1,2,0.6733333333333333,0.445285061463285,0.6933005794458205,1.0,0.5595838549817422,0.02666666666666667,7.75,10.545
2025-12-28 03:00:00+00:00,t2,1,0.7050000000000001,0.48180639000069514,0.6617939887716733,1.0,0.5595838549817422,0.19833333333333333,7.52,10.756666666666668
2025-12-28 03:00:00+00:00,t2,2,0.7050000000000001,0.42689981613039,0.6932533081293323,1.0,0.5595838549817422,0.021666666666666667,7.75,10.756666666666668
2025-12-28 04:00:00+00:00,t1,1,0.52,0.5903138411110536,0.6479575455654177,1.0,0.533438938580799,0.255,7.2,9.303333333333333
2025-12-28 04:00:00+00:00,t1,2,0.52,0.5237699804451093,0.7501625863181226,1.0,0.5595838549817422,0.016666666666666666,7.94,9.303333333333333
2025-12-28 04:00:00+00:00,t2,1,0.625,0.4433877352675393,0.6479102742489296,1.0,0.533438938580799,0.25666666666666665,7.2,10.206666666666667
2025-12-28 04:00:00+00:00,t2,2,0.625,0.4816221310969738,0.7497747245767485,1.0,0.5595838549817422,0.008333333333333333,7.94,10.206666666666667
2025-12-28 05:00:00+00:00,t1,1,0.6766666666666667,0.5797072743312599,0.7668824069767249,1.0,0.533438938580799,0.7483333333333334,7.26,10.413333333333334
2025-12-28 05:00:00+00:00,t1,2,0.6766666666666667,0.6401695800621552,0.7912182777042056,1.0,0.621809413221861,0.15666666666666668,8.03,10.413333333333334
2025-12-28 05:00:00+00:00,t2,1,0.7566666666666667,0.47791261146208075,0.7668351356602368,1.0,0.533438938580799,0.61,7.26,11.298333333333334
2025-12-28 05:00:00+00:00,t2,2,0.7566666666666667,0.48462750502270774,0.7911710063877174,1.0,0.621809413221861,0.01,8.03,11.298333333333334
2025-12-28 06:00:00+00:00,t1,1,0.8383333333333334,0.6230890169012476,0.8400094572592997,1.0,0.621809413221861,0.9700000000000001,8.13,11.693333333333333
2025-12-28 06:00:00+00:00,t1,2,0.8383333333333334,0.6872593440112544,0.8298426606090045,1.0,0.621809413221861,0.05833333333333333,8.37,11.693333333333333
2025-12-28 06:00:00+00:00,t2,1,0.9233333333333333,0.6227529797033787,0.8399621859428115,1.0,0.621809413221861,0.96,8.13,12.131666666666668
2025-12-28 06:00:00+00:00,t2,2,0.9233333333333333,0.649649683118735,0.8297953892925163,1.0,0.621809413221861,0.01,8.37,12.131666666666668
2025-12-28 07:00:00+00:00,t1,1,0.87,0.6411731064852796,0.8325518321505927,1.0,0.621809413221861,0.9066666666666666,8.5,11.243333333333332
2025-12-28 07:00:00+00:00,t1,2,0.87,0.7366603684367183,0.8174010163187364,1.0,0.621809413221861,0.08333333333333333,8.45,11.243333333333332
2025-12-28 07:00:00+00:00,t2,1,0.8566666666666666,0.564322242495323,0.8325045608341045,1.0,0.621809413221861,0.945,8.5,11.186666666666667
2025-12-28 07:00:00+00:00,t2,2,0.8566666666666666,0.6362380603650006,0.8173537450022482,1.0,0.621809413221861,0.01,8.45,11.186666666666667
2025-12-28 08:00:00+00:00,t1,1,0.8966666666666666,0.6414866446748458,0.8077388424341949,1.0,0.621809413221861,0.9116666666666666,8.46,11.101666666666667
2025-12-28 08:00:00+00:00,t1,2,0.8966666666666666,0.5956084935329604,0.8077962706179533,1.0,0.621809413221861,0.23166666666666666,8.38,11.101666666666667
2025-12-28 08:00:00+00:00,t2,1,0.8666666666666667,0.590020074589975,0.8076915711177067,1.0,0.621809413221861,0.895,8.46,10.896666666666667
2025-12-28 08:00:00+00:00,t2,2,0.8666666666666667,0.5820280342537987,0.8077489993014652,1.0,0.621809413221861,0.235,8.38,10.896666666666667
2025-12-28 09:00:00+00:00,t1,1,0.635,0.5545349947645415,0.7934096884620659,1.0,0.621809413221861,0.9249999999999999,8.32,8.945
2025-12-28 09:00:00+00:00,t1,2,0.635,0.5576524381656132,0.7863917391861693,1.0,0.5595838549817422,0.8283333333333333,7.81,8.945
2025-12-28 09:00:00+00:00,t2,1,0.8166666666666668,0.5510096859937025,0.7933624171455778,1.0,0.621809413221861,0.89,8.32,10.483333333333333
2025-12-28 09:00:00+00:00,t2,2,0.8166666666666668,0.5518103160169903,0.7863444678696812,1.0,0.5595838549817422,0.7566666666666667,7.81,10.483333333333333
2025-12-28 10:00:00+00:00,t1,1,0.8250000000000001,0.6761706616149923,0.8214697524194915,1.0,0.6380866269626422,0.9133333333333334,8.97,10.173333333333334
2025-12-28 10:00:00+00:00,t1,2,0.8250000000000001,0.5395421946940923,0.7548302792130673,1.0,0.5595838549817422,0.9916666666666667,7.93,10.173333333333334
2025-12-28 10:00:00+00:00,t2,1,0.9083333333333333,0.6080596710074405,0.8214224811030033,1.0,0.6380866269626422,0.8983333333333333,8.97,10.771666666666667
2025-12-28 10:00:00+00:00,t2,2,0.9083333333333333,0.5476559442487176,0.7547830078965792,1.0,0.5595838549817422,0.01,7.93,10.771666666666667
2025-12-28 11:00:00+00:00,t1,1,0.8450000000000001,0.5557560026375156,0.7758415490911449,1.0,0.621809413221861,0.8733333333333334,8.14,9.751666666666667
2025-12-28 11:00:00+00:00,t1,2,0.8450000000000001,0.5401520636684517,0.7788423554654985,1.0,0.533438938580799,0.9899999999999999,7.31,9.751666666666667
2025-12-28 11:00:00+00:00,t2,1,0.9,0.5515266927376087,0.7757942777746567,1.0,0.621809413221861,0.8966666666666666,8.14,10.436666666666667
2025-12-28 11:00:00+00:00,t2,2,0.9,0.5411364668491857,0.7784544937241245,1.0,0.533438938580799,0.01,7.31,10.436666666666667
2025-12-28 12:00:00+00:00,t1,1,0.96,0.47152939477757855,0.765847627179442,0.9956968103092511,0.5595838549817422,0.9500000000000001,7.99,11.948333333333332
2025-12-28 12:00:00+00:00,t1,2,0.96,0.51730164312767,0.7284305152347609,1.0,0.46587952084773093,0.9899999999999999,6.93,11.948333333333332
2025-12-28 12:00:00+00:00,t2,1,0.9516666666666667,0.4927182077307405,0.7654597654380679,0.992974455692266,0.5595838549817422,0.9550000000000001,7.99,11.943333333333333
2025-12-28 12:00:00+00:00,t2,2,0.9516666666666667,0.49681819570075547,0.7280426534933868,1.0,0.46587952084773093,0.9333333333333332,6.93,11.943333333333333
2025-12-28 13:00:00+00:00,t1,1,0.6516666666666667,0.46876836507662195,0.6644328531725299,0.9918415906190781,0.5595838549817422,0.9183333333333333,7.67,8.498333333333333
2025-12-28 13:00:00+00:00,t1,2,0.6516666666666667,0.45558698569208245,0.7133592705025117,0.9934782690740157,0.533438938580799,0.9633333333333334,7.05,8.498333333333333
2025-12-28 13:00:00+00:00,t2,1,0.5816666666666667,0.4853605882570122,0.6624418321466147,0.9880082981342473,0.5595838549817422,0.8733333333333334,7.67,8.151666666666666
2025-12-28 13:00:00+00:00,t2,2,0.5816666666666667,0.481892950041517,0.7113682494765965,0.9900155918066027,0.533438938580799,0.9583333333333334,7.05,8.151666666666666
2025-12-28 14:00:00+00:00,t1,1,0.83,0.3594858808622425,0.6564839772172613,0.9717236845492853,0.46587952084773093,0.6033333333333334,6.89,9.915000000000001
2025-12-28 14:00:00+00:00,t1,2,0.83,0.4037436951519298,0.6817271598829164,0.9705190518620088,0.46587952084773093,0.7366666666666667,6.51,9.915000000000001
2025-12-28 14:00:00+00:00,t2,1,0.8333333333333334,0.3825815573281425,0.6544929561913461,0.9683698300547593,0.46587952084773093,0.6816666666666666,6.89,9.963333333333333
2025-12-28 14:00:00+00:00,t2,2,0.8333333333333334,0.40401639210449597,0.6758432738655398,0.9678902074844901,0.46587952084773093,0.7066666666666667,6.51,9.963333333333333
2025-12-28 15:00:00+00:00,t1,1,0.5933333333333334,0.15254850343368892,0.5608013750083617,0.9135174749492757,0.29666767038040753,0.27,5.46,8.313333333333334
2025-12-28 15:00:00+00:00,t1,2,0.5933333333333334,0.22751461051470978,0.6724130944073146,0.942519043817349,0.34551812937783266,0.8516666666666666,5.7,8.313333333333334
2025-12-28 15:00:00+00:00,t2,1,0.4216666666666667,0.15455495411263223,0.554917488990985,0.9091828627888098,0.29666767038040753,0.29333333333333333,5.46,7.498333333333334
2025-12-28 15:00:00+00:00,t2,2,0.4216666666666667,0.2214347833796206,0.6665292083899379,0.9382729379480976,0.34551812937783266,0.7916666666666666,5.7,7.498333333333334
2025-12-28 16:00:00+00:00,t1,1,0.5533333333333333,0.1500226787596678,0.5306878572610415,0.8642263425891505,0.17437129044610378,0.15166666666666667,3.92,8.091666666666667
2025-12-28 16:00:00+00:00,t1,2,0.5533333333333333,0.12071986167681384,0.5679999066658876,0.967360341576546,0.24396644031099302,0.38833333333333336,4.63,8.091666666666667
2025-12-28 16:00:00+00:00,t2,1,0.4533333333333333,0.12893455312403235,0.52487312369269,0.8613004634597619,0.17437129044610378,0.11833333333333333,3.92,7.706666666666667
2025-12-28 16:00:00+00:00,t2,2,0.4533333333333333,0.11358373681796174,0.5648769025124595,0.9644054167020839,0.24396644031099302,0.39166666666666666,4.63,7.706666666666667
2025-12-28 17:00:00+00:00,t1,1,0.26166666666666666,0.07321695508890382,0.3613325828240842,0.7611896438618013,0.17437129044610378,0.39166666666666666,4.0,6.316666666666666
2025-12-28 17:00:00+00:00,t1,2,0.26166666666666666,0.09511163591669354,0.497554932505785,0.875090688964165,0.24396644031099302,0.2916666666666667,4.92,6.316666666666666
2025-12-28 17:00:00+00:00,t2,1,0.26499999999999996,0.045375850121185446,0.3598104819428772,0.7611896438618013,0.17437129044610378,0.35833333333333334,4.0,6.6066666666666665
2025-12-28 17:00:00+00:00,t2,2,0.26499999999999996,0.10199440318316533,0.49203159191590645,0.8704484338691615,0.24396644031099302,0.32666666666666666,4.92,6.6066666666666665
2025-12-28 18:00:00+00:00,t1,1,0.385,0.020739839139659683,0.21485129103098174,0.5355998908796579,0.24396644031099302,0.2783333333333333,4.59,7.1933333333333325
2025-12-28 18:00:00+00:00,t1,2,0.385,0.10810749729285968,0.4636477266426838,0.8275228386333768,0.29666767038040753,0.21333333333333335,5.43,7.1933333333333325
2025-12-28 18:00:00+00:00,t2,1,0.4166666666666667,0.0011237264783147682,0.2120858051809913,0.5353495052235753,0.24396644031099302,0.25666666666666665,4.59,7.486666666666667
2025-12-28 18:00:00+00:00,t2,2,0.4166666666666667,0.10415790727714397,0.46241701873994984,0.8273036765973996,0.29666767038040753,0.215,5.43,7.486666666666667
2025-12-28 19:00:00+00:00,t1,1,0.3416666666666666,0.006275754055073354,0.10251165299689334,0.4565285515441108,0.34551812937783266,0.73,5.79,6.794999999999999
2025-12-28 19:00:00+00:00,t1,2,0.3416666666666666,0.09417367261814395,0.3503210751328116,0.7944885033929722,0.24396644031099302,0.25333333333333335,4.79,6.794999999999999
2025-12-28 19:00:00+00:00,t2,1,0.34833333333333333,0.0,0.10165203252764266,0.4565123889700178,0.34551812937783266,0.6833333333333332,5.79,6.89
2025-12-28 19:00:00+00:00,t2,2,0.34833333333333333,0.08569594386180017,0.34909036723007764,0.7937947586416739,0.24396644031099302,0.25166666666666665,4.79,6.89
2025-12-28 20:00:00+00:00,t1,1,0.3416666666666666,0.00527776799441659,0.10081542187908701,0.5521104315253458,0.40783563748079876,0.5983333333333333,6.06,6.923333333333333
2025-12-28 20:00:00+00:00,t1,2,0.3416666666666666,0.10278097761295388,0.35020118749567675,0.7894661478031273,0.29666767038040753,0.18000000000000002,5.28,6.923333333333333
2025-12-28 20:00:00+00:00,t2,1,0.30666666666666664,0.0019885342483055984,0.09812268242993935,0.5520942689512528,0.40783563748079876,0.5966666666666667,6.06,6.669999999999999
2025-12-28 20:00:00+00:00,t2,2,0.30666666666666664,0.10040404434983072,0.3489704795929428,0.7880549621804203,0.29666767038040753,0.16666666666666666,5.28,6.669999999999999
2025-12-28 21:00:00+00:00,t1,1,0.36000000000000004,0.005738545660822068,0.05324067847001749,0.5642215758480869,0.40783563748079876,0.8816666666666667,6.42,7.066666666666666
2025-12-28 21:00:00+00:00,t1,2,0.36000000000000004,0.09534247315117705,0.31354085965097017,0.7752588351553895,0.40783563748079876,0.20166666666666666,6.15,7.066666666666666
2025-12-28 21:00:00+00:00,t2,1,0.35833333333333334,0.0007942411697648699,0.05047519262002714,0.5638061851785281,0.40783563748079876,0.8816666666666667,6.42,7.223333333333334
2025-12-28 21:00:00+00:00,t2,2,0.35833333333333334,0.06891675562416483,0.31231015174823623,0.7748958649421928,0.40783563748079876,0.19833333333333333,6.15,7.223333333333334
2025-12-28 22:00:00+00:00,t1,1,0.29333333333333333,0.020166770746448813,0.14362916217810479,0.6443603993818297,0.40783563748079876,0.9033333333333333,6.2,6.473333333333333
2025-12-28 22:00:00+00:00,t1,2,0.29333333333333333,0.026512389030341803,0.21774304618384235,0.7073170151749085,0.34551812937783266,0.13833333333333334,5.91,6.473333333333333
2025-12-28 22:00:00+00:00,t2,1,0.36000000000000004,0.0019232328671748913,0.14277304127711757,0.6439450087122709,0.40783563748079876,0.875,6.2,6.995
2025-12-28 22:00:00+00:00,t2,2,0.36000000000000004,0.0,0.21688692528285514,0.7067729741156249,0.34551812937783266,0.125,5.91,6.995
2025-12-28 23:00:00+00:00,t1,1,0.2783333333333333,0.029884030450412075,0.14668727998433495,0.6269026870018305,0.40783563748079876,0.9700000000000001,6.3,6.145
2025-12-28 23:00:00+00:00,t1,2,0.2783333333333333,0.0,0.12282981209265585,0.6135860412021676,0.40783563748079876,0.018333333333333333,6.22,6.145
2025-12-28 23:00:00+00:00,t2,1,0.24333333333333332,0.005046142003264729,0.14356132445104225,0.6262089422505323,0.40783563748079876,0.945,6.3,5.9383333333333335
2025-12-28 23:00:00+00:00,t2,2,0.24333333333333332,0.0,0.12279409864757904,0.6135860412021676,0.40783563748079876,0.013333333333333334,6.22,5.9383333333333335
2025-12-29 00:00:00+00:00,t1,1,0.31,0.10401975152701784,0.395235785383573,0.8332174936338683,0.533438938580799,0.89,7.3,6.656666666666666
2025-12-29 00:00:00+00:00,t1,2,0.31,0.0334834487441736,0.1539253526639324,0.5625280140492369,0.17437129044610378,0.041666666666666664,3.97,6.656666666666666
2025-12-29 00:00:00+00:00,t2,1,0.27666666666666667,0.08664661944364585,0.3921098298502805,0.8322937482975703,0.533438938580799,0.8983333333333333,7.3,6.671666666666667
2025-12-29 00:00:00+00:00,t2,2,0.27666666666666667,0.013596719486870803,0.15360511848165753,0.5625280140492369,0.17437129044610378,0.03833333333333334,3.97,6.671666666666667
2025-12-29 01:00:00+00:00,t1,1,0.49833333333333335,0.1459144229006575,0.38557070987460795,0.8536997751277577,0.533438938580799,0.735,7.22,7.7683333333333335
2025-12-29 01:00:00+00:00,t1,2,0.49833333333333335,0.01284553847647994,0.10660455244484865,0.46348128408113487,0.1459803862401931,0.11833333333333333,3.15,7.7683333333333335
2025-12-29 01:00:00+00:00,t2,1,0.4566666666666667,0.13546663375792908,0.385231857967083,0.8520824320331862,0.533438938580799,0.8566666666666666,7.22,7.6049999999999995
2025-12-29 01:00:00+00:00,t2,2,0.4566666666666667,0.012615724084299689,0.1062156469385012,0.46348128408113487,0.1459803862401931,0.12333333333333334,3.15,7.6049999999999995
2025-12-29 02:00:00+00:00,t1,1,0.6583333333333333,0.18575112046249276,0.3891970821100023,0.867397048817368,0.46587952084773093,0.6333333333333333,6.78,8.316666666666666
2025-12-29 02:00:00+00:00,t1,2,0.6583333333333333,0.024517389975237412,0.10404251250268579,0.5769502286930677,0.1459803862401931,0.22333333333333336,3.31,8.316666666666666
2025-12-29 02:00:00+00:00,t2,1,0.5733333333333334,0.15806172309575317,0.38855202453801535,0.8654436402994373,0.46587952084773093,0.6983333333333334,6.78,8.053333333333333
2025-12-29 02:00:00+00:00,t2,2,0.5733333333333334,0.010120952779533286,0.10341607265594895,0.5769502286930677,0.1459803862401931,0.215,3.31,8.053333333333333
2025-12-29 03:00:00+00:00,t1,1,0.8850000000000001,0.10249309738229773,0.40144806409439004,0.888356603846731,0.46587952084773093,0.6733333333333333,6.65,9.873333333333333
2025-12-29 03:00:00+00:00,t1,2,0.8850000000000001,0.01139226232403305,0.21889439620384482,0.6538484502181432,0.24396644031099302,0.20666666666666667,4.96,9.873333333333333
2025-12-29 03:00:00+00:00,t2,1,0.7916666666666666,0.0986302010386118,0.39561556646018525,0.8852841699208829,0.46587952084773093,0.7050000000000001,6.65,9.291666666666666
2025-12-29 03:00:00+00:00,t2,2,0.7916666666666666,0.0,0.2167568100768465,0.6532877721093494,0.24396644031099302,0.19833333333333333,4.96,9.291666666666666
2025-12-29 04:00:00+00:00,t1,1,0.5499999999999999,0.07896669201817165,0.37798011196503983,0.8801872788469515,0.533438938580799,0.52,7.2,7.9366666666666665
2025-12-29 04:00:00+00:00,t1,2,0.5499999999999999,0.0,0.19180658110403806,0.7078179864717905,0.34551812937783266,0.255,5.6,7.9366666666666665
2025-12-29 04:00:00+00:00,t2,1,0.5316666666666666,0.11440065173570013,0.3776756448179385,0.8775527902069784,0.533438938580799,0.625,7.2,8.043333333333333
2025-12-29 04:00:00+00:00,t2,2,0.5316666666666666,0.0,0.1915021139569367,0.7069789542812572,0.34551812937783266,0.25666666666666665,5.6,8.043333333333333
2025-12-29 05:00:00+00:00,t1,1,0.295,0.1248000253497315,0.42316445725551727,0.956422216585755,0.40783563748079876,0.6766666666666667,6.08,6.551666666666667
2025-12-29 05:00:00+00:00,t1,2,0.295,0.03555990455602004,0.295520619143577,0.8619662596597285,0.29666767038040753,0.7483333333333334,5.46,6.551666666666667
2025-12-29 05:00:00+00:00,t2,1,0.2966666666666667,0.1327715750945477,0.4234777313665272,0.9551149080767678,0.40783563748079876,0.7566666666666667,6.08,6.726666666666667
2025-12-29 05:00:00+00:00,t2,2,0.2966666666666667,0.021618180899178635,0.2952161519964757,0.8594359785798191,0.29666767038040753,0.61,5.46,6.726666666666667
2025-12-29 06:00:00+00:00,t1,1,0.225,0.05969116534149888,0.3514219240983014,0.7800456218046281,0.17437129044610378,0.8383333333333334,3.85,6.218333333333334
2025-12-29 06:00:00+00:00,t1,2,0.225,0.08209991973797161,0.42501509062382975,0.8618772664038165,0.20381297203510923,0.9700000000000001,4.34,6.218333333333334
2025-12-29 06:00:00+00:00,t2,1,0.215,0.05570755373786473,0.3511174569512001,0.7788152227782099,0.17437129044610378,0.9233333333333333,3.85,6.176666666666667
2025-12-29 06:00:00+00:00,t2,2,0.215,0.0748500345122243,0.4253283647348397,0.8593344527958006,0.20381297203510923,0.96,4.34,6.176666666666667
2025-12-29 07:00:00+00:00,t1,1,0.6133333333333333,0.09354669035594267,0.3793990445484965,0.8109397044745358,0.24396644031099302,0.87,4.61,8.466666666666667
2025-12-29 07:00:00+00:00,t1,2,0.6133333333333333,0.10734549536134827,0.4558697542635869,0.9179513433243388,0.34551812937783266,0.9066666666666666,5.64,8.466666666666667
2025-12-29 07:00:00+00:00,t2,1,0.6583333333333333,0.07916035193739493,0.37971231865950644,0.8096786856761442,0.24396644031099302,0.8566666666666666,4.61,9.021666666666667
2025-12-29 07:00:00+00:00,t2,2,0.6583333333333333,0.10113566055366499,0.45618302837459684,0.9171604472019882,0.34551812937783266,0.945,5.64,9.021666666666667
2025-12-29 08:00:00+00:00,t1,1,0.4666666666666666,0.10232113114294267,0.3972057695934624,0.8501727050958695,0.34551812937783266,0.8966666666666666,5.83,7.7
2025-12-29 08:00:00+00:00,t1,2,0.4666666666666666,0.06893053087897752,0.453186746963223,0.9051354549507299,0.46587952084773093,0.9116666666666666,6.52,7.7
2025-12-29 08:00:00+00:00,t2,1,0.5433333333333333,0.09194244045997803,0.39631898860343917,0.849533682223796,0.34551812937783266,0.8666666666666667,5.83,8.216666666666667
2025-12-29 08:00:00+00:00,t2,2,0.5433333333333333,0.062495470207808046,0.4520085729947267,0.9030817426316815,0.46587952084773093,0.895,6.52,8.216666666666667
2025-12-29 09:00:00+00:00,t1,1,0.7599999999999999,0.12305903048073927,0.4647314370721718,0.8448263619674414,0.34551812937783266,0.635,5.64,9.395000000000001
2025-12-29 09:00:00+00:00,t1,2,0.7599999999999999,0.061369583118134105,0.5213709744268193,0.8674766925814101,0.46587952084773093,0.9249999999999999,6.53,9.395000000000001
2025-12-29 09:00:00+00:00,t2,1,0.7433333333333333,0.1153231651929128,0.46504471118318175,0.8450019679876498,0.34551812937783266,0.8166666666666668,5.64,9.584999999999999
2025-12-29 09:00:00+00:00,t2,2,0.7433333333333333,0.044459058343476465,0.5210665072797181,0.8644601262513665,0.46587952084773093,0.89,6.53,9.584999999999999
2025-12-29 10:00:00+00:00,t1,1,0.9333333333333332,0.184458168668245,0.527586407647706,0.9388698648690629,0.34551812937783266,0.8250000000000001,5.97,10.68
2025-12-29 10:00:00+00:00,t1,2,0.9333333333333332,0.09523980638389422,0.5957781094279321,0.8531344930727327,0.46587952084773093,0.9133333333333334,6.8,10.68
2025-12-29 10:00:00+00:00,t2,1,0.9216666666666667,0.15191493309179105,0.5278996817587162,0.9381057690509558,0.34551812937783266,0.9083333333333333,5.97,10.648333333333333
2025-12-29 10:00:00+00:00,t2,2,0.9216666666666667,0.09266672395853992,0.5941790672100744,0.8520253475246182,0.46587952084773093,0.8983333333333333,6.8,10.648333333333333
2025-12-29 11:00:00+00:00,t1,1,0.9566666666666667,0.3297641213064352,0.7330894317505858,0.9613314589888208,0.46587952084773093,0.8450000000000001,6.81,11.018333333333333
2025-12-29 11:00:00+00:00,t1,2,0.9566666666666667,0.185015854863321,0.5668236911240444,0.907467783855422,0.533438938580799,0.8733333333333334,7.3,11.018333333333333
2025-12-29 11:00:00+00:00,t2,1,0.9516666666666667,0.29392859221981454,0.7312090414542005,0.9594616197179049,0.46587952084773093,0.9,6.81,11.025
2025-12-29 11:00:00+00:00,t2,2,0.9516666666666667,0.12408811240898598,0.5648840584813009,0.9051217887368259,0.533438938580799,0.8966666666666666,7.3,11.025
2025-12-29 12:00:00+00:00,t1,1,0.9883333333333333,0.34754660019800665,0.7042295557051633,0.9771971788212911,0.533438938580799,0.96,7.11,11.655000000000001
2025-12-29 12:00:00+00:00,t1,2,0.9883333333333333,0.5001277671738247,0.6707082558068044,1.0,0.6380866269626422,0.9500000000000001,8.72,11.655000000000001
2025-12-29 12:00:00+00:00,t2,1,0.9733333333333333,0.36849910129023195,0.7038416939637893,0.9742953694732077,0.533438938580799,0.9516666666666667,7.11,11.448333333333332
2025-12-29 12:00:00+00:00,t2,2,0.9733333333333333,0.40894038310436825,0.6703203940654303,1.0,0.6380866269626422,0.9550000000000001,8.72,11.448333333333332
2025-12-29 13:00:00+00:00,t1,1,0.9899999999999999,0.5418918942251856,0.7684737755291228,1.0,0.621809413221861,0.6516666666666667,8.47,12.391666666666666
2025-12-29 13:00:00+00:00,t1,2,0.9899999999999999,0.5092197698056244,0.7542501981398971,1.0,0.6886657154935532,0.9183333333333333,9.35,12.391666666666666
2025-12-29 13:00:00+00:00,t2,1,0.9716666666666667,0.47092140866700144,0.7707514676299436,1.0,0.621809413221861,0.5816666666666667,8.47,12.461666666666666
2025-12-29 13:00:00+00:00,t2,2,0.9716666666666667,0.48624558205211205,0.756527890240718,1.0,0.6886657154935532,0.8733333333333334,9.35,12.461666666666666
2025-12-29 14:00:00+00:00,t1,1,0.9899999999999999,0.6961379841415745,0.8003981246486386,1.0,0.6886657154935532,0.83,9.34,14.58
2025-12-29 14:00:00+00:00,t1,2,0.9899999999999999,0.6319959313060404,0.7352652779409767,1.0,0.751884164222874,0.6033333333333334,10.08,14.58
2025-12-29 14:00:00+00:00,t2,1,0.975,0.6262813883772542,0.8026758167494594,1.0,0.6886657154935532,0.8333333333333334,9.34,14.301666666666668
2025-12-29 14:00:00+00:00,t2,2,0.975,0.6194430429401898,0.7375429700417976,1.0,0.751884164222874,0.6816666666666666,10.08,14.301666666666668
2025-12-29 15:00:00+00:00,t1,1,0.9899999999999999,0.6825676680233373,0.813311302369575,1.0,0.751884164222874,0.5933333333333334,10.17,13.358333333333334
2025-12-29 15:00:00+00:00,t1,2,0.9899999999999999,0.6724013629080328,0.8298679936481773,1.0,0.751884164222874,0.27,10.27,13.358333333333334
2025-12-29 15:00:00+00:00,t2,1,0.975,0.6645658380517142,0.8155889944703959,1.0,0.751884164222874,0.4216666666666667,10.17,13.56
2025-12-29 15:00:00+00:00,t2,2,0.975,0.6285343956531086,0.8321456857489982,1.0,0.751884164222874,0.29333333333333333,10.27,13.56
2025-12-29 16:00:00+00:00,t1,1,0.9899999999999999,0.678809008303469,0.8680718653004622,1.0,0.7513208481965913,0.5533333333333333,10.51,13.938333333333333
2025-12-29 16:00:00+00:00,t1,2,0.9899999999999999,0.7963126833482543,0.8856613814703349,1.0,0.7513208481965913,0.15166666666666667,10.66,13.938333333333333
2025-12-29 16:00:00+00:00,t2,1,0.9700000000000001,0.6678754886409424,0.8703495574012831,1.0,0.7513208481965913,0.4533333333333333,10.51,14.200000000000001
2025-12-29 16:00:00+00:00,t2,2,0.9700000000000001,0.6950799130155672,0.8855296717946006,1.0,0.7513208481965913,0.11833333333333333,10.66,14.200000000000001
2025-12-29 17:00:00+00:00,t1,1,0.9899999999999999,0.8214794117206418,0.9004710020849703,1.0,0.751884164222874,0.26166666666666666,10.48,12.421666666666667
2025-12-29 17:00:00+00:00,t1,2,0.9899999999999999,0.7884882515091385,0.8964456791787976,1.0,0.7513208481965913,0.39166666666666666,10.99,12.421666666666667
2025-12-29 17:00:00+00:00,t2,1,0.9733333333333333,0.8139709221956617,0.9027486941857912,1.0,0.751884164222874,0.26499999999999996,10.48,12.785000000000002
2025-12-29 17:00:00+00:00,t2,2,0.9733333333333333,0.797200627937092,0.8987233712796184,1.0,0.7513208481965913,0.35833333333333334,10.99,12.785000000000002
2025-12-29 18:00:00+00:00,t1,1,0.9899999999999999,0.8051908537489554,0.8721230357839312,1.0,0.7759836210712704,0.385,11.06,13.555
2025-12-29 18:00:00+00:00,t1,2,0.9899999999999999,0.7692528225234991,0.8876008768165176,1.0,0.7513208481965913,0.2783333333333333,10.99,13.555
2025-12-29 18:00:00+00:00,t2,1,0.9700000000000001,0.8030426938182945,0.8744007278847521,1.0,0.7759836210712704,0.4166666666666667,11.06,13.208333333333334
2025-12-29 18:00:00+00:00,t2,2,0.9700000000000001,0.7702241248294084,0.8874691671407833,1.0,0.7513208481965913,0.25666666666666665,10.99,13.208333333333334
2025-12-29 19:00:00+00:00,t1,1,0.9899999999999999,0.8292001800175868,0.8991062615777324,1.0,0.8056408045977012,0.3416666666666666,11.83,12.968333333333334
2025-12-29 19:00:00+00:00,t1,2,0.9899999999999999,0.7680412888104062,0.9065078933369297,1.0,0.7513208481965913,0.73,10.77,12.968333333333334
2025-12-29 19:00:00+00:00,t2,1,0.9783333333333334,0.7895801410590604,0.8989745519019982,1.0,0.8056408045977012,0.34833333333333333,11.83,12.423333333333332
2025-12-29 19:00:00+00:00,t2,2,0.9783333333333334,0.7737614156542039,0.9087855854377506,1.0,0.7513208481965913,0.6833333333333332,10.77,12.423333333333332
2025-12-29 20:00:00+00:00,t1,1,0.9899999999999999,0.8206304831901536,0.8936108338808527,1.0,0.8056408045977012,0.3416666666666666,11.74,11.973333333333334
2025-12-29 20:00:00+00:00,t1,2,0.9899999999999999,0.7847068315108938,0.9024556719389811,1.0,0.7513208481965913,0.5983333333333333,10.99,11.973333333333334
2025-12-29 20:00:00+00:00,t2,1,0.98,0.7827944534595657,0.8934791242051184,1.0,0.8056408045977012,0.30666666666666664,11.74,12.251666666666665
2025-12-29 20:00:00+00:00,t2,2,0.98,0.7741704175260717,0.9023239622632468,1.0,0.7513208481965913,0.5966666666666667,10.99,12.251666666666665
2025-12-29 21:00:00+00:00,t1,1,0.9899999999999999,0.832187087000552,0.9177680618129628,1.0,0.8056408045977012,0.36000000000000004,11.53,11.921666666666667
2025-12-29 21:00:00+00:00,t1,2,0.9899999999999999,0.8118220924461266,0.9113102791643366,1.0,0.7513208481965913,0.8816666666666667,10.68,11.921666666666667
2025-12-29 21:00:00+00:00,t2,1,0.98,0.8166574973800573,0.9176363521372285,1.0,0.8056408045977012,0.35833333333333334,11.53,12.173333333333334
2025-12-29 21:00:00+00:00,t2,2,0.98,0.8079072444856219,0.9111785694886023,1.0,0.7513208481965913,0.8816666666666667,10.68,12.173333333333334
2025-12-29 22:00:00+00:00,t1,1,0.9899999999999999,0.8540480102886395,0.9018839938190766,1.0,0.7759836210712704,0.29333333333333333,11.17,12.221666666666666
2025-12-29 22:00:00+00:00,t1,2,0.9899999999999999,0.8348742501630366,0.8854386447430528,1.0,0.751884164222874,0.9033333333333333,10.24,12.221666666666666
2025-12-29 22:00:00+00:00,t2,1,0.98,0.8323627940648541,0.9017522841433423,1.0,0.7759836210712704,0.36000000000000004,11.17,12.673333333333332
2025-12-29 22:00:00+00:00,t2,2,0.98,0.8035199482382875,0.8877163368438736,1.0,0.751884164222874,0.875,10.24,12.673333333333332
2025-12-29 23:00:00+00:00,t1,1,0.9899999999999999,0.8468425193525622,0.8468425193525622,1.0,0.751884164222874,0.2783333333333333,10.47,13.071666666666667
2025-12-29 23:00:00+00:00,t1,2,0.9899999999999999,0.8285200643778106,0.8291582553125436,1.0,0.7036149602258147,0.9700000000000001,9.85,13.071666666666667
2025-12-29 23:00:00+00:00,t2,1,0.98,0.8331222650256581,0.849120211453383,1.0,0.751884164222874,0.24333333333333332,10.47,13.366666666666667
2025-12-29 23:00:00+00:00,t2,2,0.98,0.7443432872827929,0.8314359474133645,1.0,0.7036149602258147,0.945,9.85,13.366666666666667
2025-12-30 00:00:00+00:00,t1,1,0.9899999999999999,0.8265028460441286,0.8464518471977817,1.0,0.751884164222874,0.31,10.45,11.674999999999999
2025-12-30 00:00:00+00:00,t1,2,0.9899999999999999,0.7397413786760363,0.8038833561381858,1.0,0.7036149602258147,0.89,9.97,11.674999999999999
2025-12-30 00:00:00+00:00,t2,1,0.9766666666666666,0.8170455156473377,0.8487295392986025,1.0,0.751884164222874,0.27666666666666667,10.45,11.711666666666666
2025-12-30 00:00:00+00:00,t2,2,0.9766666666666666,0.7332748219418128,0.8061610482390067,1.0,0.7036149602258147,0.8983333333333333,9.97,11.711666666666666
2025-12-30 01:00:00+00:00,t1,1,0.9899999999999999,0.7402417170981663,0.8084391387691368,1.0,0.751884164222874,0.49833333333333335,10.11,11.290000000000001
2025-12-30 01:00:00+00:00,t1,2,0.9899999999999999,0.7191483835292987,0.7960671735063866,1.0,0.7036149602258147,0.735,9.91,11.290000000000001
2025-12-30 01:00:00+00:00,t2,1,0.98,0.7241855384432958,0.8107168308699576,1.0,0.751884164222874,0.4566666666666667,10.11,11.711666666666666
2025-12-30 01:00:00+00:00,t2,2,0.98,0.7179002602740057,0.7983448656072074,1.0,0.7036149602258147,0.8566666666666666,9.91,11.711666666666666
2025-12-30 02:00:00+00:00,t1,1,0.9866666666666667,0.7610146290354467,0.7849022950887342,1.0,0.7036149602258147,0.6583333333333333,9.79,11.191666666666668
2025-12-30 02:00:00+00:00,t1,2,0.9866666666666667,0.7389096357191671,0.7875730936660176,1.0,0.7036149602258147,0.6333333333333333,9.92,11.191666666666668
2025-12-30 02:00:00+00:00,t2,1,0.9716666666666667,0.6770579810691364,0.784855023772246,1.0,0.7036149602258147,0.5733333333333334,9.79,11.776666666666666
2025-12-30 02:00:00+00:00,t2,2,0.9716666666666667,0.7178934543852997,0.7875258223495294,1.0,0.7036149602258147,0.6983333333333334,9.92,11.776666666666666
2025-12-30 03:00:00+00:00,t1,1,0.8649999999999999,0.7211633338600921,0.7626525798483397,1.0,0.621809413221861,0.8850000000000001,8.45,10.358333333333333
2025-12-30 03:00:00+00:00,t1,2,0.8649999999999999,0.7074791940979788,0.7725315423005098,1.0,0.6886657154935532,0.6733333333333333,9.5,10.358333333333333
2025-12-30 03:00:00+00:00,t2,1,0.8450000000000001,0.6756034116035586,0.7626053085318515,1.0,0.621809413221861,0.7916666666666666,8.45,10.435
2025-12-30 03:00:00+00:00,t2,2,0.8450000000000001,0.6368198850137232,0.7724842709840216,1.0,0.6886657154935532,0.7050000000000001,9.5,10.435
2025-12-30 04:00:00+00:00,t1,1,0.945,0.6230814560349135,0.7038047923973184,1.0,0.621809413221861,0.5499999999999999,8.04,11.016666666666666
2025-12-30 04:00:00+00:00,t1,2,0.945,0.6894368840485552,0.7885932018852646,1.0,0.6886657154935532,0.52,9.16,11.016666666666666
2025-12-30 04:00:00+00:00,t2,1,0.9566666666666667,0.5641287722917925,0.7037575210808302,1.0,0.621809413221861,0.5316666666666666,8.04,11.273333333333333
2025-12-30 04:00:00+00:00,t2,2,0.9566666666666667,0.6355883096253914,0.7885459305687764,1.0,0.6886657154935532,0.625,9.16,11.273333333333333
2025-12-30 05:00:00+00:00,t1,1,0.9716666666666667,0.5622615528969722,0.6178494210526272,1.0,0.6380866269626422,0.295,8.84,11.081666666666665
2025-12-30 05:00:00+00:00,t1,2,0.9716666666666667,0.4586045552381628,0.6908448915677482,1.0,0.6886657154935532,0.6766666666666667,9.03,11.081666666666665
2025-12-30 05:00:00+00:00,t2,1,0.9416666666666668,0.4545810356276105,0.617802149736139,1.0,0.6380866269626422,0.2966666666666667,8.84,11.013333333333334
2025-12-30 05:00:00+00:00,t2,2,0.9416666666666668,0.3702114469321916,0.69079762025126,1.0,0.6886657154935532,0.7566666666666667,9.03,11.013333333333334
2025-12-30 06:00:00+00:00,t1,1,0.9283333333333333,0.4644882614428485,0.6682184296978358,0.9923465116788938,0.5595838549817422,0.225,7.88,11.956666666666665
2025-12-30 06:00:00+00:00,t1,2,0.9283333333333333,0.4203468214276208,0.6596262000128467,0.9928451124767932,0.533438938580799,0.8383333333333334,7.29,11.956666666666665
2025-12-30 06:00:00+00:00,t2,1,0.9316666666666666,0.41505735276042766,0.6681711583813477,0.9901143007350957,0.5595838549817422,0.215,7.88,11.948333333333332
2025-12-30 06:00:00+00:00,t2,2,0.9316666666666666,0.3603140809497946,0.6595789286963585,0.9909869925611053,0.533438938580799,0.9233333333333333,7.29,11.948333333333332
2025-12-30 07:00:00+00:00,t1,1,0.9899999999999999,0.25055843261255145,0.5391163432608377,0.9715317290909224,0.29666767038040753,0.6133333333333333,5.04,12.563333333333333
2025-12-30 07:00:00+00:00,t1,2,0.9899999999999999,0.2721190822553597,0.45842912773948724,0.9837522707698969,0.46587952084773093,0.87,6.98,12.563333333333333
2025-12-30 07:00:00+00:00,t2,1,0.9716666666666667,0.20173600798924526,0.5390690719443495,0.9702907473749846,0.29666767038040753,0.6583333333333333,5.04,13.021666666666667
2025-12-30 07:00:00+00:00,t2,2,0.9716666666666667,0.28423430198016175,0.45838185642299883,0.9823289020847232,0.46587952084773093,0.8566666666666666,6.98,13.021666666666667
2025-12-30 08:00:00+00:00,t1,1,0.9516666666666667,0.17292376859242176,0.5648434744412328,0.898496035145505,0.24396644031099302,0.4666666666666666,4.55,11.123333333333333
2025-12-30 08:00:00+00:00,t1,2,0.9516666666666667,0.17517186509342647,0.5227253003783858,0.9576883211795834,0.40783563748079876,0.8966666666666666,6.37,11.123333333333333
2025-12-30 08:00:00+00:00,t2,1,0.96,0.1577003347131618,0.5647962031247447,0.896775324641746,0.24396644031099302,0.5433333333333333,4.55,11.486666666666666
2025-12-30 08:00:00+00:00,t2,2,0.96,0.15274214601157443,0.5226780290618976,0.9565820110732248,0.40783563748079876,0.8666666666666667,6.37,11.486666666666666
2025-12-30 09:00:00+00:00,t1,1,0.9899999999999999,0.07504953535739556,0.491092558236259,0.8277288851776945,0.34551812937783266,0.7599999999999999,5.73,11.958333333333334
2025-12-30 09:00:00+00:00,t1,2,0.9899999999999999,0.08706778795495794,0.47307427426743137,0.9082609486365597,0.46587952084773093,0.635,6.55,11.958333333333334
2025-12-30 09:00:00+00:00,t2,1,0.9700000000000001,0.07692678080853921,0.4910452869197706,0.8263525949914676,0.34551812937783266,0.7433333333333333,5.73,12.085
2025-12-30 09:00:00+00:00,t2,2,0.9700000000000001,0.09200291043367871,0.47302700295094297,0.906356295419205,0.46587952084773093,0.8166666666666668,6.55,12.085
2025-12-30 10:00:00+00:00,t1,1,0.9883333333333333,0.049739177627864964,0.5071253542304933,0.7866987751325002,0.20381297203510923,0.9333333333333332,4.19,12.003333333333332
2025-12-30 10:00:00+00:00,t1,2,0.9883333333333333,0.06549605905933797,0.47252955053267615,0.8274790372196535,0.29666767038040753,0.8250000000000001,5.04,12.003333333333332
2025-12-30 10:00:00+00:00,t2,1,0.9700000000000001,0.024958954453261503,0.505244963934108,0.7857501594803173,0.20381297203510923,0.9216666666666667,4.19,12.246666666666668
2025-12-30 10:00:00+00:00,t2,2,0.9700000000000001,0.028958134772737468,0.4734738574362019,0.8253401609203092,0.29666767038040753,0.9083333333333333,5.04,12.246666666666668
2025-12-30 11:00:00+00:00,t1,1,0.9899999999999999,0.0390716606078033,0.3580219522683827,0.6414808480915666,0.1459803862401931,0.9566666666666667,3.26,12.733333333333334
2025-12-30 11:00:00+00:00,t1,2,0.9899999999999999,0.04298212750363779,0.38632829104202604,0.6790881899549007,0.24396644031099302,0.8450000000000001,4.83,12.733333333333334
2025-12-30 11:00:00+00:00,t2,1,0.9700000000000001,0.026277800197401342,0.36151049382857403,0.6416620651195036,0.1459803862401931,0.9516666666666667,3.26,12.668333333333331
2025-12-30 11:00:00+00:00,t2,2,0.9700000000000001,0.009478673873612613,0.3883548010558038,0.6785756127911713,0.24396644031099302,0.9,4.83,12.668333333333331
2025-12-30 12:00:00+00:00,t1,1,0.9899999999999999,0.014997349355442918,0.26551682014994565,0.40197720006940074,0.29666767038040753,0.9883333333333333,5.19,14.301666666666668
2025-12-30 12:00:00+00:00,t1,2,0.9899999999999999,0.019540666842143006,0.365413245791263,0.6056697314238054,0.24396644031099302,0.96,4.75,14.301666666666668
2025-12-30 12:00:00+00:00,t2,1,0.9700000000000001,0.0,0.2675433301637234,0.4015618093998421,0.29666767038040753,0.9733333333333333,5.19,13.935
2025-12-30 12:00:00+00:00,t2,2,0.9700000000000001,0.0,0.3674397558050407,0.6054193457677227,0.24396644031099302,0.9516666666666667,4.75,13.935
2025-12-30 13:00:00+00:00,t1,1,0.96,0.04328832098130098,0.2907374408898482,0.5207295090924289,0.34551812937783266,0.9899999999999999,5.64,11.908333333333333
2025-12-30 13:00:00+00:00,t1,2,0.96,0.005940980640398448,0.3083132813636721,0.4857509173808499,0.29666767038040753,0.6516666666666667,5.3,11.908333333333333
2025-12-30 13:00:00+00:00,t2,1,0.9516666666666667,0.02210655805687608,0.2919084526741524,0.5197862399376796,0.34551812937783266,0.9716666666666667,5.64,11.801666666666668
2025-12-30 13:00:00+00:00,t2,2,0.9516666666666667,0.0006530585054010107,0.30873663209290864,0.48550053172476704,0.29666767038040753,0.5816666666666667,5.3,11.801666666666668
2025-12-30 14:00:00+00:00,t1,1,0.9566666666666667,0.056010986637422724,0.310667909532731,0.6048312501160326,0.29666767038040753,0.9899999999999999,5.39,11.278333333333334
2025-12-30 14:00:00+00:00,t1,2,0.9566666666666667,0.005903744981614327,0.2058460856143042,0.5237596017205044,0.29666767038040753,0.83,5.44,11.278333333333334
2025-12-30 14:00:00+00:00,t2,1,0.9516666666666667,0.024218023227027624,0.3118389213170352,0.6038879809612832,0.29666767038040753,0.975,5.39,11.275
2025-12-30 14:00:00+00:00,t2,2,0.9516666666666667,0.0,0.20701709739860832,0.5233603736250385,0.29666767038040753,0.8333333333333334,5.44,11.275
2025-12-30 15:00:00+00:00,t1,1,0.5883333333333334,0.03312126480886241,0.27594190577038885,0.5618748986160634,0.29666767038040753,0.9899999999999999,5.13,8.283333333333333
2025-12-30 15:00:00+00:00,t1,2,0.5883333333333334,0.008871908369604055,0.26686763048045503,0.4274253427207379,0.1459803862401931,0.5933333333333334,3.29,8.283333333333333
2025-12-30 15:00:00+00:00,t2,1,0.625,0.02021870108335834,0.2771129175546931,0.5654473826982286,0.29666767038040753,0.975,5.13,8.753333333333332
2025-12-30 15:00:00+00:00,t2,2,0.625,0.015022305820374008,0.26803864226475926,0.42702611462527224,0.1459803862401931,0.4216666666666667,3.29,8.753333333333332
2025-12-30 16:00:00+00:00,t1,1,0.745,0.02565938788383829,0.2913460193559125,0.4476736357601501,0.17437129044610378,0.9899999999999999,3.52,9.163333333333334
2025-12-30 16:00:00+00:00,t1,2,0.745,0.008871908369604055,0.2888830071614471,0.3791013907107304,0.10344010868308474,0.5533333333333333,1.75,9.163333333333334
2025-12-30 16:00:00+00:00,t2,1,0.8266666666666667,0.018882393343358145,0.2925170311402167,0.44727440766468446,0.17437129044610378,0.9700000000000001,3.52,9.901666666666666
2025-12-30 16:00:00+00:00,t2,2,0.8266666666666667,0.010116325909300615,0.2864110800742928,0.3791013907107304,0.10344010868308474,0.4533333333333333,1.75,9.901666666666666
2025-12-30 17:00:00+00:00,t1,1,0.6533333333333333,0.01115612842116869,0.315396802786402,0.4301544406624349,0.13303917357062492,0.9899999999999999,3.0,8.333333333333334
2025-12-30 17:00:00+00:00,t1,2,0.6533333333333333,0.008871908369604055,0.24532351878127398,0.4150755946030862,0.09097294306980487,0.26166666666666666,0.72,8.333333333333334
2025-12-30 17:00:00+00:00,t2,1,0.68,0.0220681504509743,0.3165678145707062,0.42975521256696925,0.13303917357062492,0.9733333333333333,3.0,8.82
2025-12-30 17:00:00+00:00,t2,2,0.68,0.010784235336928872,0.24285159169411966,0.4150755946030862,0.09097294306980487,0.26499999999999996,0.72,8.82
2025-12-30 18:00:00+00:00,t1,1,0.8583333333333334,0.00946839389513667,0.2510012543818779,0.3157141066381685,0.09097294306980487,0.9899999999999999,0.95,10.083333333333334
2025-12-30 18:00:00+00:00,t1,2,0.8583333333333334,0.016378132543243436,0.2202491233277069,0.4324495344217293,0.13303917357062492,0.385,2.97,10.083333333333334
2025-12-30 18:00:00+00:00,t2,1,0.89,0.009889635805647995,0.2504423059393863,0.3157141066381685,0.09097294306980487,0.9700000000000001,0.95,10.571666666666667
2025-12-30 18:00:00+00:00,t2,2,0.89,0.014141894141245477,0.22142013511201097,0.4324495344217293,0.13303917357062492,0.4166666666666667,2.97,10.571666666666667
2025-12-30 19:00:00+00:00,t1,1,0.395,0.00946839389513667,0.19738148904967903,0.2410171766931311,0.0898266827891979,0.9899999999999999,1.23,7.093333333333334
2025-12-30 19:00:00+00:00,t1,2,0.395,0.011534009758191183,0.2572340856137101,0.3497068686631936,0.1459803862401931,0.3416666666666666,3.22,7.093333333333334
2025-12-30 19:00:00+00:00,t2,1,0.375,0.008846620205411439,0.19682254060718737,0.2410171766931311,0.0898266827891979,0.9783333333333334,1.23,7.065
2025-12-30 19:00:00+00:00,t2,2,0.375,0.01918303191160391,0.2564393874444107,0.34930764056772795,0.1459803862401931,0.34833333333333333,3.22,7.065
2025-12-30 20:00:00+00:00,t1,1,0.25666666666666665,0.00946839389513667,0.15285617077601993,0.2282555249290796,0.09097294306980487,0.9899999999999999,0.75,6.163333333333333
2025-12-30 20:00:00+00:00,t1,2,0.25666666666666665,0.008871908369604055,0.2922753914125216,0.30559127994448637,0.0898266827891979,0.3416666666666666,1.5,6.163333333333333
2025-12-30 20:00:00+00:00,t2,1,0.235,0.008644382611693155,0.15229722233352827,0.2282555249290796,0.09097294306980487,0.98,0.75,6.155
2025-12-30 20:00:00+00:00,t2,2,0.235,0.008297771598285654,0.29148069324322223,0.3051920518490207,0.0898266827891979,0.30666666666666664,1.5,6.155
2025-12-30 21:00:00+00:00,t1,1,0.13833333333333334,0.00946839389513667,0.17686849434856416,0.17686849434856416,0.10431543935643564,0.9899999999999999,2.16,5.033333333333333
2025-12-30 21:00:00+00:00,t1,2,0.13833333333333334,0.008871908369604055,0.21605199195386257,0.3796647547079606,0.0898266827891979,0.36000000000000004,1.2,5.033333333333333
2025-12-30 21:00:00+00:00,t2,1,0.125,0.007998426854863525,0.1763095459060725,0.1763095459060725,0.10431543935643564,0.98,2.16,5.033333333333333
2025-12-30 21:00:00+00:00,t2,2,0.125,0.006989609904365547,0.2154930435113709,0.3796647547079606,0.0898266827891979,0.35833333333333334,1.2,5.033333333333333
2025-12-30 22:00:00+00:00,t1,1,0.018333333333333333,0.00946839389513667,0.11323257542630596,0.2036513149242322,0.13303917357062492,0.9899999999999999,2.57,2.73
2025-12-30 22:00:00+00:00,t1,2,0.018333333333333333,0.008871908369604055,0.17586957786671265,0.40120834311657005,0.0898266827891979,0.29333333333333333,1.38,2.73
2025-12-30 22:00:00+00:00,t2,1,0.013333333333333334,0.0077323208235319085,0.11306427100752255,0.2036513149242322,0.13303917357062492,0.98,2.57,2.6316666666666664
2025-12-30 22:00:00+00:00,t2,2,0.013333333333333334,0.007214237934829617,0.175310629424221,0.40120834311657005,0.0898266827891979,0.36000000000000004,1.38,2.6316666666666664
2025-12-30 23:00:00+00:00,t1,1,0.01,0.00946839389513667,0.12218034760275635,0.331885738428988,0.10431543935643564,0.9899999999999999,2.3,2.2933333333333334
2025-12-30 23:00:00+00:00,t1,2,0.01,0.008871908369604055,0.096499037344234,0.3044991858865428,0.10344010868308474,0.2783333333333333,1.8,2.2933333333333334
2025-12-30 23:00:00+00:00,t2,1,0.01,0.008749101766163477,0.12148108604760038,0.331885738428988,0.10431543935643564,0.98,2.3,1.8383333333333332
2025-12-30 23:00:00+00:00,t2,2,0.01,0.007615042761610459,0.09594008890174238,0.3044991858865428,0.10344010868308474,0.24333333333333332,1.8,1.8383333333333332
2025-12-31 00:00:00+00:00,t1,1,0.01,0.0,0.09716428010306899,0.30632767013559026,0.34551812937783266,0.9899999999999999,5.93,1.4783333333333333
2025-12-31 00:00:00+00:00,t1,2,0.01,0.008871908369604055,0.10465268712792744,0.25722164673732023,0.10344010868308474,0.31,1.78,1.4783333333333333
2025-12-31 00:00:00+00:00,t2,1,0.01,0.0,0.08478014577309456,0.24819543862488586,0.34551812937783266,0.9766666666666666,5.93,1.455
2025-12-31 00:00:00+00:00,t2,2,0.01,0.008624656468750031,0.11491426043567085,0.3064396083923057,0.10344010868308474,0.27666666666666667,1.78,1.455
2025-12-31 01:00:00+00:00,t1,1,0.15833333333333333,0.0,0.09764076659242893,0.4070112542811867,0.40783563748079876,0.9899999999999999,6.04,5.04
2025-12-31 01:00:00+00:00,t1,2,0.15833333333333333,0.008805241702937389,0.07141875767939834,0.18409428262899213,0.10344010868308474,0.49833333333333335,1.96,5.04
2025-12-31 02:00:00+00:00,t1,1,0.25833333333333336,0.0,0.1917800450379595,0.4805392328761032,0.40783563748079876,0.9866666666666667,6.26,6.548333333333333
2025-12-31 02:00:00+00:00,t1,2,0.25833333333333336,0.008871908369604055,0.10924387028283226,0.21996649569199195,0.10344010868308474,0.6583333333333333,1.91,6.548333333333333
2025-12-31 03:00:00+00:00,t1,1,0.735,0.0,0.21364215054670482,0.4562007804813805,0.40783563748079876,0.8649999999999999,6.35,9.481666666666667
2025-12-31 03:00:00+00:00,t1,2,0.735,0.0,0.12471229248821486,0.3171827959604482,0.24396644031099302,0.8850000000000001,4.64,9.481666666666667
2025-12-31 04:00:00+00:00,t1,1,0.20333333333333334,0.0,0.23279905439332774,0.43719888561665976,0.29666767038040753,0.945,5.03,6.116666666666667
2025-12-31 04:00:00+00:00,t1,2,0.20333333333333334,0.0,0.18890253152179862,0.39928700473442824,0.29666767038040753,0.5499999999999999,5.08,6.116666666666667
2025-12-31 05:00:00+00:00,t1,1,0.11,0.0,0.12090220196321566,0.3375167415843231,0.20381297203510923,0.9716666666666667,4.06,5.03
2025-12-31 05:00:00+00:00,t1,2,0.11,0.0,0.15166206916855873,0.3419125426053544,0.24396644031099302,0.295,4.8,5.03
2025-12-31 05:00:00+00:00,t2,1,0.115,0.0,0.14940195876596957,0.4332174061906647,0.20381297203510923,0.9416666666666668,4.06,5.108333333333333
2025-12-31 05:00:00+00:00,t2,2,0.115,0.0,0.1406450983510143,0.3129896199452975,0.24396644031099302,0.2966666666666667,4.8,5.108333333333333
2025-12-31 06:00:00+00:00,t1,1,0.08,0.009535060561803336,0.09682081480296478,0.1843588610337068,0.13303917357062492,0.9283333333333333,2.57,4.493333333333333
2025-12-31 06:00:00+00:00,t1,2,0.08,0.008871908369604055,0.0881090019196197,0.28203773537222526,0.13303917357062492,0.225,2.96,4.493333333333333
2025-12-31 06:00:00+00:00,t2,1,0.08666666666666667,0.009870872095009654,0.09634630471971929,0.1843588610337068,0.13303917357062492,0.9316666666666666,2.57,4.8500000000000005
2025-12-31 06:00:00+00:00,t2,2,0.08666666666666667,0.007866875849666518,0.08854042216631146,0.28203773537222526,0.13303917357062492,0.215,2.96,4.8500000000000005
2025-12-31 07:00:00+00:00,t1,1,0.165,0.009535060561803336,0.14445612688193255,0.21000502382133546,0.1459803862401931,0.9899999999999999,3.28,5.301666666666667
2025-12-31 07:00:00+00:00,t1,2,0.165,0.008871908369604055,0.11052579190790393,0.2298944937448725,0.10431543935643564,0.6133333333333333,2.28,5.301666666666667
2025-12-31 07:00:00+00:00,t2,1,0.19000000000000003,0.008038036412222968,0.14398161679868704,0.21000502382133546,0.1459803862401931,0.9716666666666667,3.28,5.760000000000001
2025-12-31 07:00:00+00:00,t2,2,0.19000000000000003,0.006061164346641712,0.11005128182465847,0.2298944937448725,0.10431543935643564,0.6583333333333333,2.28,5.760000000000001
2025-12-31 08:00:00+00:00,t1,1,0.32333333333333336,0.0,0.145882210825058,0.26426711254733704,0.20381297203510923,0.9516666666666667,4.07,6.79
2025-12-31 08:00:00+00:00,t1,2,0.32333333333333336,0.008871908369604055,0.15303352510951898,0.23620287790401404,0.10431543935643564,0.4666666666666666,2.02,6.79
2025-12-31 08:00:00+00:00,t2,1,0.36166666666666664,0.0,0.1454077007418125,0.26426711254733704,0.20381297203510923,0.96,4.07,7.156666666666666
2025-12-31 08:00:00+00:00,t2,2,0.36166666666666664,0.007489286257593245,0.15255901502627348,0.23620287790401404,0.10431543935643564,0.5433333333333333,2.02,7.156666666666666
2025-12-31 09:00:00+00:00,t1,1,0.10000000000000002,0.0,0.16865777577021143,0.3578794775474487,0.24396644031099302,0.9899999999999999,4.62,4.761666666666667
2025-12-31 09:00:00+00:00,t1,2,0.10000000000000002,0.008871908369604055,0.12877967053531233,0.23167185382780772,0.10431543935643564,0.7599999999999999,2.06,4.761666666666667
2025-12-31 09:00:00+00:00,t2,1,0.10166666666666667,0.0,0.16818326568696593,0.35786331497335566,0.24396644031099302,0.9700000000000001,4.62,4.911666666666666
2025-12-31 09:00:00+00:00,t2,2,0.10166666666666667,0.007967180055680057,0.12830516045206686,0.23167185382780772,0.10431543935643564,0.7433333333333333,2.06,4.911666666666666
2025-12-31 10:00:00+00:00,t1,1,0.01,0.0,0.15753043407305226,0.4277398395017746,0.29666767038040753,0.9883333333333333,5.08,2.401666666666667
2025-12-31 10:00:00+00:00,t1,2,0.01,0.008871908369604055,0.11249285260899733,0.24591062227430865,0.10431543935643564,0.9333333333333332,2.07,2.401666666666667
2025-12-31 10:00:00+00:00,t2,1,0.008333333333333333,0.0,0.1563165847692994,0.42772367692768154,0.29666767038040753,0.9700000000000001,5.08,2.9033333333333338
2025-12-31 10:00:00+00:00,t2,2,0.008333333333333333,0.00780639014217002,0.11201834252575187,0.24591062227430865,0.10431543935643564,0.9216666666666667,2.07,2.9033333333333338
2025-12-31 11:00:00+00:00,t1,1,0.01,0.0,0.19909826941199768,0.5349483975130468,0.29666767038040753,0.9899999999999999,5.1,2.56
2025-12-31 11:00:00+00:00,t1,2,0.01,0.008871908369604055,0.13837387544637256,0.30946527497232373,0.10431543935643564,0.9566666666666667,2.09,2.56
2025-12-31 11:00:00+00:00,t2,1,0.005,0.0,0.20531249603367765,0.5351134519668908,0.29666767038040753,0.9700000000000001,5.1,2.776666666666667
2025-12-31 11:00:00+00:00,t2,2,0.005,0.008099940429895645,0.13736840822675456,0.30988071508225057,0.10431543935643564,0.9516666666666667,2.09,2.776666666666667
2025-12-31 12:00:00+00:00,t1,1,0.04,0.017196843440333898,0.16988541843280192,0.542067406571372,0.40783563748079876,0.9899999999999999,6.19,3.6799999999999997
2025-12-31 12:00:00+00:00,t1,2,0.04,0.008871908369604055,0.1603081233361832,0.3085193715145798,0.0898266827891979,0.9883333333333333,1.47,3.6799999999999997
2025-12-31 12:00:00+00:00,t2,1,0.03666666666666667,0.003651179896635451,0.16222322188715743,0.5420512439972791,0.40783563748079876,0.9700000000000001,6.19,3.776666666666667
2025-12-31 12:00:00+00:00,t2,2,0.03666666666666667,0.008033415984084214,0.15591882104149718,0.3083543665011039,0.0898266827891979,0.9733333333333333,1.47,3.776666666666667
2025-12-31 13:00:00+00:00,t1,1,0.051666666666666666,0.019160646472968286,0.2202243889940909,0.7030183485775245,0.5595838549817422,0.96,7.73,3.645
2025-12-31 13:00:00+00:00,t1,2,0.051666666666666666,0.008871908369604055,0.17757194664559361,0.4992489973503675,0.13303917357062492,0.9899999999999999,2.69,3.645
2025-12-31 13:00:00+00:00,t2,1,0.07666666666666667,0.0,0.2112684203629684,0.7030021860034315,0.5595838549817422,0.9516666666666667,7.73,4.18
2025-12-31 13:00:00+00:00,t2,2,0.07666666666666667,0.008451470659463283,0.1683065908154079,0.49908399233689166,0.13303917357062492,0.9716666666666667,2.69,4.18
2025-12-31 14:00:00+00:00,t1,1,0.023333333333333334,0.007350428096564547,0.3148973207477219,0.6796278662162131,0.621809413221861,0.9566666666666667,8.06,3.3800000000000003
2025-12-31 14:00:00+00:00,t1,2,0.023333333333333334,0.0014785929603315963,0.2440239453933744,0.6154846939563561,0.34551812937783266,0.9899999999999999,5.82,3.3800000000000003
2025-12-31 14:00:00+00:00,t2,1,0.013333333333333334,0.012909976229967077,0.3131290385789985,0.67961170364212,0.621809413221861,0.9516666666666667,8.06,2.453333333333333
2025-12-31 14:00:00+00:00,t2,2,0.013333333333333334,0.0,0.2483657087429434,0.615468531382263,0.34551812937783266,0.975,5.82,2.453333333333333
2025-12-31 15:00:00+00:00,t1,1,0.028333333333333335,0.005458279929759849,0.29048509405869594,0.6793554848279199,0.621809413221861,0.5883333333333334,8.16,4.1883333333333335
2025-12-31 15:00:00+00:00,t1,2,0.028333333333333335,0.06788551562596998,0.35989727258721566,0.8491553474620015,0.46587952084773093,0.9899999999999999,6.89,4.1883333333333335
2025-12-31 15:00:00+00:00,t2,1,0.018333333333333333,0.009043913976136637,0.2887168118899725,0.6793393222538268,0.621809413221861,0.625,8.16,3.8016666666666663
2025-12-31 15:00:00+00:00,t2,2,0.018333333333333333,0.04108735638116458,0.3602781137270693,0.8472221694405753,0.46587952084773093,0.975,6.89,3.8016666666666663
2025-12-31 16:00:00+00:00,t1,1,0.03166666666666667,0.05031433241187218,0.2811063338271561,0.6988442988034839,0.6380866269626422,0.745,8.72,3.6649999999999996
2025-12-31 16:00:00+00:00,t1,2,0.03166666666666667,0.08661563954004235,0.3622078252005845,0.892521834113704,0.7036149602258147,0.9899999999999999,9.52,3.6649999999999996
2025-12-31 16:00:00+00:00,t2,1,0.021666666666666667,0.05780527043609758,0.27795165778498826,0.6988281362293909,0.6380866269626422,0.8266666666666667,8.72,3.3433333333333333
2025-12-31 16:00:00+00:00,t2,2,0.021666666666666667,0.042873342715187696,0.36401184256191055,0.8927751771440624,0.7036149602258147,0.9700000000000001,9.52,3.3433333333333333
2025-12-31 17:00:00+00:00,t1,1,0.01,0.06689757177169812,0.34081508820564765,0.7517286122200613,0.7036149602258147,0.6533333333333333,9.92,2.19
2025-12-31 17:00:00+00:00,t1,2,0.01,0.09933212484486649,0.44519246875870644,0.900842556556873,0.7759836210712704,0.9899999999999999,11.45,2.19
2025-12-31 17:00:00+00:00,t2,1,0.006666666666666667,0.08320351634733054,0.34401652839301927,0.7517124496459683,0.7036149602258147,0.68,9.92,1.4933333333333334
2025-12-31 17:00:00+00:00,t2,2,0.006666666666666667,0.1137893021624643,0.4447693661044988,0.8998706072058755,0.7759836210712704,0.9733333333333333,11.45,1.4933333333333334
2025-12-31 18:00:00+00:00,t1,1,0.01,0.07393105586951934,0.4934782671514525,0.8734327027606233,0.856132530120482,0.8583333333333334,12.8,2.1183333333333336
2025-12-31 18:00:00+00:00,t1,2,0.01,0.19476492049787658,0.5747836132914246,0.92085026052437,0.856132530120482,0.9899999999999999,12.51,2.1183333333333336
2025-12-31 18:00:00+00:00,t2,1,0.01,0.09652096859971365,0.4925208502970464,0.8720334152750678,0.856132530120482,0.89,12.8,2.0733333333333333
2025-12-31 18:00:00+00:00,t2,2,0.01,0.18418844262186224,0.5738261964370187,0.9183386649565355,0.856132530120482,0.9700000000000001,12.51,2.0733333333333333
2025-12-31 19:00:00+00:00,t1,1,0.015,0.19143151239468728,0.5298206057026096,0.9010903464916404,0.856132530120482,0.395,12.53,3.08
2025-12-31 19:00:00+00:00,t1,2,0.015,0.2313002571910581,0.5075933468082077,0.9309937098056489,0.8120074982958418,0.9899999999999999,12.18,3.08
2025-12-31 19:00:00+00:00,t2,1,0.015,0.16646642875537615,0.5288631888482037,0.8996693389285868,0.856132530120482,0.375,12.53,2.7466666666666666
2025-12-31 19:00:00+00:00,t2,2,0.015,0.25415957177503185,0.5066359299538018,0.9290021567156556,0.8120074982958418,0.9783333333333334,12.18,2.7466666666666666
2025-12-31 20:00:00+00:00,t1,1,0.16,0.16486788966699117,0.41359081672831205,0.9107465902709718,0.7759836210712704,0.25666666666666665,11.06,5.6049999999999995
2025-12-31 20:00:00+00:00,t1,2,0.16,0.21633689404208023,0.5494787047731975,0.9481193666797576,0.7513208481965913,0.9899999999999999,10.93,5.6049999999999995
2025-12-31 20:00:00+00:00,t2,1,0.16333333333333333,0.20352121705385762,0.412633399873906,0.9092761489794687,0.7759836210712704,0.235,11.06,5.7250000000000005
2025-12-31 20:00:00+00:00,t2,2,0.16333333333333333,0.2883591364268507,0.5485212879187916,0.9466256576668204,0.7513208481965913,0.98,10.93,5.7250000000000005
2025-12-31 21:00:00+00:00,t1,1,0.6366666666666667,0.20792271897825546,0.5683270512056444,0.9279542453938111,0.8056408045977012,0.13833333333333334,11.69,9.161666666666667
2025-12-31 21:00:00+00:00,t1,2,0.6366666666666667,0.21177139667439243,0.5511730962431655,0.9441510318967958,0.751884164222874,0.9899999999999999,10.38,9.161666666666667
2025-12-31 21:00:00+00:00,t2,1,0.63,0.2978321127299274,0.5673696343512385,0.926503269267062,0.8056408045977012,0.125,11.69,9.265
2025-12-31 21:00:00+00:00,t2,2,0.63,0.29479134198119533,0.5502156793887596,0.9427000557700467,0.751884164222874,0.98,10.38,9.265
2025-12-31 22:00:00+00:00,t1,1,0.9883333333333333,0.3234046819141496,0.634880481275563,0.9530260879290382,0.8056408045977012,0.018333333333333333,11.8,12.395000000000001
2025-12-31 22:00:00+00:00,t1,2,0.9883333333333333,0.19232459011563496,0.4982752508767087,0.9269542554183086,0.7513208481965913,0.9899999999999999,10.99,12.395000000000001
2025-12-31 22:00:00+00:00,t2,1,0.9766666666666666,0.40852304350014157,0.6347487715998287,0.9504030549206945,0.8056408045977012,0.013333333333333334,11.8,12.115
2025-12-31 22:00:00+00:00,t2,2,0.9766666666666666,0.22903951660686245,0.4973178340223027,0.9255085606167779,0.7513208481965913,0.98,10.99,12.115
2025-12-31 23:00:00+00:00,t1,1,0.9899999999999999,0.4877642955075474,0.7783477850062286,1.0,0.7513208481965913,0.01,10.99,12.31
2025-12-31 23:00:00+00:00,t1,2,0.9899999999999999,0.19787576671437382,0.5311791619466253,0.9293058725608363,0.7513208481965913,0.9899999999999999,10.88,12.31
2025-12-31 23:00:00+00:00,t2,1,0.98,0.46445511622025515,0.7782160753304943,1.0,0.7513208481965913,0.01,10.99,11.950000000000001
2025-12-31 23:00:00+00:00,t2,2,0.98,0.19630705471490392,0.5302217450922194,0.9278839218280299,0.7513208481965913,0.98,10.88,11.950000000000001
2026-01-01 00:00:00+00:00,t1,1,0.9883333333333333,0.7596365900537821,0.8984538971964317,1.0,0.8056408045977012,0.01,11.7,11.378333333333332
2026-01-01 00:00:00+00:00,t1,2,0.9883333333333333,0.08274708264860453,0.3151805535085783,0.7883550608717951,0.7036149602258147,0.9899999999999999,9.64,11.378333333333332
2026-01-01 00:00:00+00:00,t2,1,0.975,0.8507923336561792,0.8983221875206974,1.0,0.8056408045977012,0.01,11.7,11.24
2026-01-01 00:00:00+00:00,t2,2,0.975,0.0807998059574107,0.3142231366541723,0.7872409755733327,0.7036149602258147,0.9766666666666666,9.64,11.24
2026-01-01 01:00:00+00:00,t1,1,0.9566666666666667,0.7152059310771002,0.8251732730897179,1.0,0.6380866269626422,0.15833333333333333,8.83,11.146666666666667
2026-01-01 01:00:00+00:00,t1,2,0.9566666666666667,0.021232679890388434,0.3047042833194752,0.7793243929263673,0.621809413221861,0.9899999999999999,8.19,11.146666666666667
2026-01-01 01:00:00+00:00,t2,1,0.9566666666666667,0.6621536492988301,0.8250415634139836,1.0,0.6380866269626422,0.01,8.83,11.075000000000001
2026-01-01 01:00:00+00:00,t2,2,0.9566666666666667,0.051953811007126524,0.30374686646506915,0.7793082303522743,0.621809413221861,0.98,8.19,11.075000000000001
2026-01-01 02:00:00+00:00,t1,1,0.8266666666666667,0.38416006161300514,0.7285227518834106,0.987222134260093,0.621809413221861,0.25833333333333336,8.2,9.891666666666667
2026-01-01 02:00:00+00:00,t1,2,0.8266666666666667,0.0069799115567716966,0.26704481565585275,0.7645417128771355,0.40783563748079876,0.9866666666666667,6.25,9.891666666666667
2026-01-01 02:00:00+00:00,t2,1,0.815,0.42011162318192163,0.7288360259944208,0.9794865934620698,0.621809413221861,0.01,8.2,9.901666666666666
2026-01-01 02:00:00+00:00,t2,2,0.815,0.017313020375141056,0.2661718371606928,0.764263358795396,0.40783563748079876,0.9716666666666667,6.25,9.901666666666666
2026-01-01 03:00:00+00:00,t1,1,0.5716666666666667,0.16347399210359478,0.4027018545023323,0.8755830089428012,0.46587952084773093,0.735,6.86,8.200000000000001
2026-01-01 03:00:00+00:00,t1,2,0.5716666666666667,0.0,0.20451988186753478,0.5428844490018722,0.24396644031099302,0.8649999999999999,4.88,8.200000000000001
2026-01-01 03:00:00+00:00,t2,1,0.585,0.19696656933711496,0.40301512861334227,0.8739069864978573,0.46587952084773093,0.01,6.86,8.428333333333333
2026-01-01 03:00:00+00:00,t2,2,0.585,0.0,0.20364690337237484,0.5428844490018722,0.24396644031099302,0.8450000000000001,4.88,8.428333333333333
2026-01-01 04:00:00+00:00,t1,1,0.4083333333333334,0.05063772248453102,0.273119706456027,0.7412490297493867,0.29666767038040753,0.20333333333333334,5.49,7.38
2026-01-01 04:00:00+00:00,t1,2,0.4083333333333334,0.008871908369604055,0.1133005023189827,0.32763277500262666,0.1459803862401931,0.945,3.5,7.38
2026-01-01 04:00:00+00:00,t2,1,0.435,0.03276626977142463,0.27343298056703697,0.7411805761920225,0.29666767038040753,0.06166666666666667,5.49,7.593333333333334
2026-01-01 04:00:00+00:00,t2,2,0.435,0.004969819789284929,0.11242752382382282,0.32763277500262666,0.1459803862401931,0.9566666666666667,3.5,7.593333333333334
2026-01-01 05:00:00+00:00,t1,1,0.33666666666666667,0.028022018466976252,0.20210022691600396,0.6835605729497185,0.20381297203510923,0.11,4.2,6.945
2026-01-01 05:00:00+00:00,t1,2,0.33666666666666667,0.008871908369604055,0.09049933216803875,0.27937963255433834,0.13303917357062492,0.9716666666666667,2.8,6.945
2026-01-01 05:00:00+00:00,t2,1,0.3333333333333333,0.0,0.2028230401411688,0.6835605729497185,0.20381297203510923,0.115,4.2,6.946666666666666
2026-01-01 05:00:00+00:00,t2,2,0.3333333333333333,0.006026575135109389,0.09002482208479329,0.27937963255433834,0.13303917357062492,0.9416666666666668,2.8,6.946666666666666
2026-01-01 06:00:00+00:00,t1,1,0.115,0.009535060561803336,0.1892326220332868,0.3909686428400528,0.17437129044610378,0.08,3.84,5.251666666666667
2026-01-01 06:00:00+00:00,t1,2,0.115,0.008871908369604055,0.03740098141819792,0.2421011637047819,0.10431543935643564,0.9283333333333333,2.23,5.251666666666667
2026-01-01 06:00:00+00:00,t2,1,0.11166666666666668,0.015597984198176679,0.18995543525845165,0.3909686428400528,0.17437129044610378,0.08666666666666667,3.84,5.28
2026-01-01 06:00:00+00:00,t2,2,0.11166666666666668,0.007252665369993977,0.03812379464336278,0.2421011637047819,0.10431543935643564,0.9316666666666666,2.23,5.28
2026-01-01 07:00:00+00:00,t1,1,0.045000000000000005,0.009535060561803336,0.11381405683958672,0.20659593117372346,0.1459803862401931,0.165,3.26,4.1000000000000005
2026-01-01 07:00:00+00:00,t1,2,0.045000000000000005,0.008871908369604055,0.023400906416056074,0.07704998678175337,0.0898266827891979,0.9899999999999999,1.1,4.1000000000000005
2026-01-01 07:00:00+00:00,t2,1,0.05666666666666667,0.009491786300367145,0.1145368700647516,0.20659593117372346,0.1459803862401931,0.19000000000000003,3.26,4.5633333333333335
2026-01-01 07:00:00+00:00,t2,2,0.05666666666666667,0.007810836866487493,0.022926396332810604,0.07704998678175337,0.0898266827891979,0.9716666666666667,1.1,4.5633333333333335
2026-01-01 08:00:00+00:00,t1,1,0.065,0.009535060561803336,0.021736301350589075,0.08641038629789433,0.10431543935643564,0.32333333333333336,2.21,4.405
2026-01-01 08:00:00+00:00,t1,2,0.065,0.008871908369604055,0.03881690926751746,0.07157748507411514,0.0898266827891979,0.9516666666666667,1.11,4.405
2026-01-01 08:00:00+00:00,t2,1,0.06833333333333334,0.007474258513328469,0.022167721597280813,0.08641038629789433,0.10431543935643564,0.36166666666666664,2.21,4.7250000000000005
2026-01-01 08:00:00+00:00,t2,2,0.06833333333333334,0.0077501310913714785,0.03834239918427199,0.07157748507411514,0.0898266827891979,0.96,1.11,4.7250000000000005
2026-01-01 09:00:00+00:00,t1,1,0.018333333333333333,0.0,0.0,0.019652557853802995,0.0898266827891979,0.10000000000000002,1.29,2.8016666666666663
2026-01-01 09:00:00+00:00,t1,2,0.018333333333333333,0.008871908369604055,0.03461828028953381,0.04545910114690897,0.10431543935643564,0.9899999999999999,2.25,2.8016666666666663
2026-01-01 09:00:00+00:00,t2,1,0.021666666666666667,0.0,0.0,0.019652557853802995,0.0898266827891979,0.10166666666666667,1.29,3.4416666666666664
2026-01-01 09:00:00+00:00,t2,2,0.021666666666666667,0.007675446773831996,0.03414377020628835,0.04545910114690897,0.10431543935643564,0.9700000000000001,2.25,3.4416666666666664
2026-01-01 10:00:00+00:00,t1,1,0.01,0.009535060561803336,0.03186755293427626,0.049855375286907484,0.10344010868308474,0.01,1.86,2.5883333333333334
2026-01-01 10:00:00+00:00,t1,2,0.01,0.008871908369604055,0.037084388455017415,0.14043870699979102,0.1459803862401931,0.9883333333333333,3.16,2.5883333333333334
2026-01-01 10:00:00+00:00,t2,1,0.008333333333333333,0.00835832861822411,0.03139304285103079,0.049855375286907484,0.10344010868308474,0.008333333333333333,1.86,2.6233333333333335
2026-01-01 10:00:00+00:00,t2,2,0.008333333333333333,0.0070699811005286595,0.03660987837177196,0.14043870699979102,0.1459803862401931,0.9700000000000001,3.16,2.6233333333333335
2026-01-01 11:00:00+00:00,t1,1,0.01,0.009535060561803336,0.06349504744169046,0.17759113246564825,0.10344010868308474,0.01,1.95,1.7516666666666667
2026-01-01 11:00:00+00:00,t1,2,0.01,0.008871908369604055,0.03805231105116698,0.17178183044117443,0.1459803862401931,0.9899999999999999,3.29,1.7516666666666667
2026-01-01 11:00:00+00:00,t2,1,0.01,0.00892523502844086,0.063020537358445,0.17759113246564825,0.10344010868308474,0.005,1.95,1.905
2026-01-01 11:00:00+00:00,t2,2,0.01,0.01000122934107034,0.03848373129785871,0.17178183044117443,0.1459803862401931,0.9700000000000001,3.29,1.905
2026-01-01 12:00:00+00:00,t1,1,0.011666666666666667,0.009535060561803336,0.07560944244862727,0.26252857245288586,0.1459803862401931,0.04,3.5,2.4
2026-01-01 12:00:00+00:00,t1,2,0.011666666666666667,0.008871908369604055,0.035846290219995615,0.12152583260592638,0.13303917357062492,0.9899999999999999,2.84,2.4
2026-01-01 12:00:00+00:00,t2,1,0.011666666666666667,0.012806014763615826,0.07330181338548485,0.26252857245288586,0.1459803862401931,0.03666666666666667,3.5,2.703333333333333
2026-01-01 12:00:00+00:00,t2,2,0.011666666666666667,0.008429089424638667,0.03353866115685319,0.12149259770926461,0.13303917357062492,0.9700000000000001,2.84,2.703333333333333
2026-01-01 13:00:00+00:00,t1,1,0.023333333333333334,0.009535060561803336,0.1463899475916632,0.31336687727042767,0.13303917357062492,0.051666666666666666,2.61,3.981666666666667
2026-01-01 13:00:00+00:00,t1,2,0.023333333333333334,0.008871908369604055,0.04758142201656177,0.08070319243061537,0.10431543935643564,0.96,2.15,3.981666666666667
2026-01-01 13:00:00+00:00,t2,1,0.023333333333333334,0.011290357463044692,0.14368076552814277,0.312967649174962,0.13303917357062492,0.07666666666666667,2.61,3.9066666666666663
2026-01-01 13:00:00+00:00,t2,2,0.023333333333333334,0.008168776871208967,0.04487223995304137,0.08066995753395363,0.10431543935643564,0.9516666666666667,2.15,3.9066666666666663
2026-01-01 14:00:00+00:00,t1,1,0.02,0.009535060561803336,0.13748917409767306,0.33118214979366717,0.10431543935643564,0.023333333333333334,2.14,3.5750000000000006
2026-01-01 14:00:00+00:00,t1,2,0.02,0.008871908369604055,0.05526995304362194,0.1646981059538775,0.10344010868308474,0.9566666666666667,1.77,3.5750000000000006
2026-01-01 14:00:00+00:00,t2,1,0.018333333333333333,0.01064551539998843,0.1347799920341526,0.33083723899836026,0.10431543935643564,0.013333333333333334,2.14,3.765
2026-01-01 14:00:00+00:00,t2,2,0.018333333333333333,0.007946337583593982,0.05471100460113035,0.1646981059538775,0.10344010868308474,0.9516666666666667,1.77,3.765
2026-01-01 15:00:00+00:00,t1,1,0.07333333333333333,0.009535060561803336,0.11918497035903428,0.3376210475389113,0.0898266827891979,0.028333333333333335,1.34,4.538333333333333
2026-01-01 15:00:00+00:00,t1,2,0.07333333333333333,0.008871908369604055,0.03909693007788926,0.15644832044006501,0.10344010868308474,0.5883333333333334,1.89,4.538333333333333
2026-01-01 15:00:00+00:00,t2,1,0.07666666666666667,0.008954527155217813,0.11647578829551387,0.3372761367436044,0.0898266827891979,0.018333333333333333,1.34,4.828333333333333
2026-01-01 15:00:00+00:00,t2,2,0.07666666666666667,0.007946917373143002,0.038537981635397664,0.15644832044006501,0.10344010868308474,0.625,1.89,4.828333333333333
2026-01-01 16:00:00+00:00,t1,1,0.07666666666666667,0.009535060561803336,0.06606417533815585,0.255643879009338,0.09097294306980487,0.03166666666666667,0.6,4.0616666666666665
2026-01-01 16:00:00+00:00,t1,2,0.07666666666666667,0.008871908369604055,0.012025562040603826,0.06967228120982506,0.10431543935643564,0.745,2.12,4.0616666666666665
2026-01-01 16:00:00+00:00,t2,1,0.065,0.01154493212621339,0.06550522689566426,0.255643879009338,0.09097294306980487,0.021666666666666667,0.6,4.2
2026-01-01 16:00:00+00:00,t2,2,0.065,0.010142758901951167,0.010303130855954275,0.06950727619634921,0.10431543935643564,0.8266666666666667,2.12,4.2
2026-01-01 17:00:00+00:00,t1,1,0.043333333333333335,0.009535060561803336,0.0642594551037222,0.20031384136234057,0.0898266827891979,0.01,1.19,3.1133333333333333
2026-01-01 17:00:00+00:00,t1,2,0.043333333333333335,0.0025020090363267367,0.0025020090363267367,0.09101564533391227,0.10431543935643564,0.6533333333333333,2.47,3.1133333333333333
2026-01-01 17:00:00+00:00,t2,1,0.04,0.008521614186302895,0.06370050666123062,0.20031384136234057,0.0898266827891979,0.006666666666666667,1.19,3.0749999999999997
2026-01-01 17:00:00+00:00,t2,2,0.04,0.0007795778516771944,0.0007795778516771944,0.09085064032043641,0.10431543935643564,0.68,2.47,3.0749999999999997
2026-01-01 18:00:00+00:00,t1,1,0.01,0.009535060561803336,0.029127930868408133,0.11420097679701907,0.09097294306980487,0.01,0.76,1.6433333333333333
2026-01-01 18:00:00+00:00,t1,2,0.01,0.008871908369604055,0.020694895215865552,0.09547270249988904,0.10431543935643564,0.8583333333333334,2.38,1.6433333333333333
2026-01-01 18:00:00+00:00,t2,1,0.008333333333333333,0.008505466530412687,0.028568982425916538,0.11420097679701907,0.09097294306980487,0.01,0.76,1.5183333333333333
2026-01-01 18:00:00+00:00,t2,2,0.008333333333333333,0.008338379106208276,0.018972464031216017,0.09530769748641316,0.10431543935643564,0.89,2.38,1.5183333333333333
2026-01-01 19:00:00+00:00,t1,1,0.011666666666666667,0.009535060561803336,0.010010517492190552,0.11767039949050362,0.09097294306980487,0.015,0.63,3.4716666666666662
2026-01-01 19:00:00+00:00,t1,2,0.011666666666666667,0.008871908369604055,0.01181421308736108,0.11334490118743813,0.10344010868308474,0.395,1.63,3.4716666666666662
2026-01-01 19:00:00+00:00,t2,1,0.008333333333333333,0.007693041067279914,0.009451569049698958,0.11767039949050362,0.09097294306980487,0.015,0.63,3.285
2026-01-01 19:00:00+00:00,t2,2,0.008333333333333333,0.007341914927429702,0.01093815000373765,0.11334490118743813,0.10344010868308474,0.375,1.63,3.285
2026-01-01 20:00:00+00:00,t1,1,0.01,0.009535060561803336,0.012370197914830357,0.125881350854184,0.10277016520894071,0.16,0.49,2.231666666666667
2026-01-01 20:00:00+00:00,t1,2,0.01,0.003914920992982708,0.003914920992982708,0.11013413100677463,0.0898266827891979,0.25666666666666665,1.41,2.231666666666667
2026-01-01 20:00:00+00:00,t2,1,0.008333333333333333,0.007757601870038969,0.011811249472338763,0.125881350854184,0.10277016520894071,0.16333333333333333,0.49,1.91
2026-01-01 20:00:00+00:00,t2,2,0.008333333333333333,0.003355972550491113,0.003355972550491113,0.11013413100677463,0.0898266827891979,0.235,1.41,1.91
2026-01-01 21:00:00+00:00,t1,1,0.01,0.005422254355075594,0.005422254355075594,0.10131068673500765,0.09097294306980487,0.6366666666666667,0.54,1.6450000000000002
2026-01-01 21:00:00+00:00,t1,2,0.01,0.005642466447840315,0.005642466447840315,0.07305478293954741,0.0898266827891979,0.13833333333333334,1.49,1.6450000000000002
2026-01-01 21:00:00+00:00,t2,1,0.01,0.004863305912584,0.004863305912584,0.10131068673500765,0.09097294306980487,0.63,0.54,1.5816666666666668
2026-01-01 21:00:00+00:00,t2,2,0.01,0.003920035263190767,0.003920035263190767,0.07288977792607156,0.0898266827891979,0.125,1.49,1.5816666666666668
2026-01-01 22:00:00+00:00,t1,1,0.011666666666666667,0.007549137958018865,0.007549137958018865,0.08504317731054503,0.10277016520894071,0.9883333333333333,0.5,3.4266666666666663
2026-01-01 22:00:00+00:00,t1,2,0.011666666666666667,0.00595066029911312,0.00595066029911312,0.08284050245624988,0.10344010868308474,0.018333333333333333,1.55,3.4266666666666663
2026-01-01 22:00:00+00:00,t2,1,0.008333333333333333,0.00699018951552727,0.00699018951552727,0.08504317731054503,0.10277016520894071,0.9766666666666666,0.5,3.578333333333333
2026-01-01 22:00:00+00:00,t2,2,0.008333333333333333,0.0011598050040491409,0.0011598050040491409,0.082675497442774,0.10344010868308474,0.013333333333333334,1.55,3.578333333333333
2026-01-01 23:00:00+00:00,t1,1,0.01,0.0,0.0,0.08969241890585794,0.09097294306980487,0.9899999999999999,0.69,2.8166666666666664
2026-01-01 23:00:00+00:00,t1,2,0.01,0.008871908369604055,0.011857588672670736,0.12074411907753729,0.09097294306980487,0.01,0.83,2.8166666666666664
2026-01-01 23:00:00+00:00,t2,1,0.005,0.0,0.0,0.08969241890585794,0.09097294306980487,0.98,0.69,3.0883333333333334
2026-01-01 23:00:00+00:00,t2,2,0.005,0.006783066663589422,0.01129864023017914,0.12074411907753729,0.09097294306980487,0.01,0.83,3.0883333333333334
2026-01-02 00:00:00+00:00,t1,1,0.01,0.009535060561803336,0.012101552089872613,0.05195233212159862,0.0898266827891979,0.9883333333333333,1.25,1.4566666666666668
2026-01-02 00:00:00+00:00,t1,2,0.01,0.00785055525325478,0.011073273743568073,0.011128091630395945,0.0898266827891979,0.01,1.15,1.4566666666666668
2026-01-02 00:00:00+00:00,t2,1,0.01,0.007845608411038827,0.011542603647381019,0.05195233212159862,0.0898266827891979,0.975,1.25,1.4349999999999998
2026-01-02 00:00:00+00:00,t2,2,0.01,0.006282418448504107,0.006282418448504107,0.009941733500570791,0.0898266827891979,0.01,1.15,1.4349999999999998
2026-01-02 01:00:00+00:00,t1,1,0.01,0.0,0.0,0.015330107007127516,0.0898266827891979,0.9566666666666667,1.11,0.61
2026-01-02 01:00:00+00:00,t1,2,0.01,0.008871908369604055,0.013542958921358754,0.017972495027373022,0.09097294306980487,0.15833333333333333,0.59,0.61
2026-01-02 01:00:00+00:00,t2,1,0.01,0.0,0.0,0.015330107007127516,0.0898266827891979,0.9566666666666667,1.11,0.5
2026-01-02 01:00:00+00:00,t2,2,0.01,0.006981762942449796,0.012984010478867158,0.017972495027373022,0.09097294306980487,0.01,0.59,0.5
2026-01-02 02:00:00+00:00,t1,1,0.01,0.0,0.008735272652150136,0.010464939438196664,0.09097294306980487,0.8266666666666667,0.68,0.5850000000000001
2026-01-02 02:00:00+00:00,t1,2,0.01,0.0,0.0,0.08499714471106033,0.09097294306980487,0.25833333333333336,0.9,0.5850000000000001
2026-01-02 02:00:00+00:00,t2,1,0.01,0.0,0.008260762568904671,0.008698144041429082,0.09097294306980487,0.815,0.68,0.47000000000000003
2026-01-02 02:00:00+00:00,t2,2,0.01,0.0,0.0,0.08499714471106033,0.09097294306980487,0.01,0.9,0.47000000000000003
2026-01-02 03:00:00+00:00,t1,1,0.01,0.005190692596253832,0.005190692596253832,0.01740554362519686,0.09097294306980487,0.5716666666666667,0.74,2.0083333333333333
2026-01-02 03:00:00+00:00,t1,2,0.01,0.0,0.0,0.07990739098680914,0.0898266827891979,0.735,1.2,2.0083333333333333
2026-01-02 03:00:00+00:00,t2,1,0.01,0.004716182513008366,0.004716182513008366,0.01740554362519686,0.09097294306980487,0.585,0.74,1.6483333333333334
2026-01-02 03:00:00+00:00,t2,2,0.01,0.0,0.0,0.07990739098680914,0.0898266827891979,0.01,1.2,1.6483333333333334
2026-01-02 04:00:00+00:00,t1,1,0.075,0.0013960564765915754,0.0013960564765915754,0.019844026809756058,0.0898266827891979,0.4083333333333334,1.41,4.65
2026-01-02 04:00:00+00:00,t1,2,0.075,0.0058208468056259,0.0058208468056259,0.17859892442278053,0.10431543935643564,0.20333333333333334,2.03,4.65
2026-01-02 04:00:00+00:00,t2,1,0.07666666666666667,0.0009215463933461118,0.0009215463933461118,0.019844026809756058,0.0898266827891979,0.435,1.41,4.833333333333333
2026-01-02 04:00:00+00:00,t2,2,0.07666666666666667,0.005346336722380436,0.005346336722380436,0.17859892442278053,0.10431543935643564,0.06166666666666667,2.03,4.833333333333333
2026-01-02 05:00:00+00:00,t1,1,0.27999999999999997,0.009535060561803336,0.08472773368859289,0.30785794538258293,0.13303917357062492,0.33666666666666667,2.87,6.756666666666667
2026-01-02 05:00:00+00:00,t1,2,0.27999999999999997,0.008871908369604055,0.10907941532317546,0.36150974862603347,0.1459803862401931,0.11,3.36,6.756666666666667
2026-01-02 05:00:00+00:00,t2,1,0.26666666666666666,0.00963251426448696,0.08395128134507686,0.30785794538258293,0.13303917357062492,0.3333333333333333,2.87,6.753333333333333
2026-01-02 05:00:00+00:00,t2,2,0.26666666666666666,0.008054517956814633,0.1061161817219465,0.36150974862603347,0.1459803862401931,0.115,3.36,6.753333333333333
2026-01-02 06:00:00+00:00,t1,1,0.40499999999999997,0.0033652761769933995,0.23945531104100007,0.5228759903073933,0.24396644031099302,0.115,4.72,7.401666666666666
2026-01-02 06:00:00+00:00,t1,2,0.40499999999999997,0.0060948971111146055,0.2718237136969871,0.5854819535377022,0.29666767038040753,0.08,5.03,7.401666666666666
2026-01-02 06:00:00+00:00,t2,1,0.37666666666666665,0.004138808000858751,0.23897025167595712,0.5228598277333003,0.24396644031099302,0.11166666666666668,4.72,7.376666666666668
2026-01-02 06:00:00+00:00,t2,2,0.37666666666666665,0.0,0.2747542465572772,0.5854657909636092,0.29666767038040753,0.08666666666666667,5.03,7.376666666666668
2026-01-02 07:00:00+00:00,t1,1,0.6466666666666666,0.026846109476150994,0.30618221390915107,0.6169297024720765,0.29666767038040753,0.045000000000000005,5.49,8.693333333333333
2026-01-02 07:00:00+00:00,t1,2,0.6466666666666666,0.02095071351655973,0.2963288218320977,0.6714287236515781,0.29666767038040753,0.165,5.25,8.693333333333333
2026-01-02 07:00:00+00:00,t2,1,0.6766666666666667,0.02275178209502956,0.3069050271343159,0.6232646977754738,0.29666767038040753,0.05666666666666667,5.49,9.09
2026-01-02 07:00:00+00:00,t2,2,0.6766666666666667,0.0,0.29664209594310764,0.6714287236515781,0.29666767038040753,0.19000000000000003,5.25,9.09
2026-01-02 08:00:00+00:00,t1,1,0.8433333333333334,0.03181642412292245,0.35726536307404316,0.6778410885956446,0.24396644031099302,0.065,4.83,9.959999999999999
2026-01-02 08:00:00+00:00,t1,2,0.8433333333333334,0.02341919152480612,0.3395469457262885,0.6606424345184276,0.24396644031099302,0.32333333333333336,4.67,9.959999999999999
2026-01-02 08:00:00+00:00,t2,1,0.8849999999999999,0.009371374408804,0.357988176299208,0.6841760838990419,0.24396644031099302,0.06833333333333334,4.83,10.511666666666667
2026-01-02 08:00:00+00:00,t2,2,0.8849999999999999,0.0,0.33986021983729847,0.6606424345184276,0.24396644031099302,0.36166666666666664,4.67,10.511666666666667
2026-01-02 09:00:00+00:00,t1,1,0.71,0.033482938679880475,0.2842432008744103,0.6173966730732161,0.20381297203510923,0.018333333333333333,4.24,9.303333333333333
2026-01-02 09:00:00+00:00,t1,2,0.71,0.007845981033950102,0.2885495309207763,0.5489012223178068,0.20381297203510923,0.10000000000000002,4.31,9.303333333333333
2026-01-02 09:00:00+00:00,t2,1,0.7450000000000001,0.015923237189467865,0.2849660140995751,0.6173966730732161,0.20381297203510923,0.021666666666666667,4.24,9.59
2026-01-02 09:00:00+00:00,t2,2,0.7450000000000001,0.0,0.2892723441459411,0.5489012223178068,0.20381297203510923,0.10166666666666667,4.31,9.59
2026-01-02 10:00:00+00:00,t1,1,0.5750000000000001,0.027012576749235198,0.27492158593567123,0.5276504376399263,0.20381297203510923,0.01,4.17,8.391666666666667
2026-01-02 10:00:00+00:00,t1,2,0.5750000000000001,0.0,0.21215933511550503,0.45455921334052884,0.20381297203510923,0.01,4.1,8.391666666666667
2026-01-02 10:00:00+00:00,t2,1,0.5816666666666667,0.01099523079505639,0.27564439916083605,0.5276504376399263,0.20381297203510923,0.008333333333333333,4.17,8.436666666666667
2026-01-02 10:00:00+00:00,t2,2,0.5816666666666667,0.0,0.209196101514276,0.45455921334052884,0.20381297203510923,0.008333333333333333,4.1,8.436666666666667
2026-01-02 11:00:00+00:00,t1,1,0.42333333333333334,0.03197100976823261,0.24574416228092313,0.5595753408835589,0.24396644031099302,0.01,4.79,7.5249999999999995
2026-01-02 11:00:00+00:00,t1,2,0.42333333333333334,0.0,0.18332802349122262,0.4265515622850899,0.20381297203510923,0.01,4.5,7.5249999999999995
2026-01-02 11:00:00+00:00,t2,1,0.43333333333333335,0.016684904172394585,0.24525910291588016,0.5595753408835589,0.24396644031099302,0.01,4.79,7.616666666666667
2026-01-02 11:00:00+00:00,t2,2,0.43333333333333335,0.0,0.18399881590567033,0.4265515622850899,0.20381297203510923,0.005,4.5,7.616666666666667
2026-01-02 12:00:00+00:00,t1,1,0.35833333333333334,0.0,0.18030453165359028,0.3652439549939366,0.24396644031099302,0.011666666666666667,4.69,7.006666666666667
2026-01-02 12:00:00+00:00,t1,2,0.35833333333333334,0.008758275167038067,0.2137279130787158,0.4390170599662087,0.20381297203510923,0.04,4.23,7.006666666666667
2026-01-02 12:00:00+00:00,t2,1,0.38000000000000006,0.0011718294522578623,0.17914220508814102,0.3648447268984709,0.24396644031099302,0.011666666666666667,4.69,7.203333333333333
2026-01-02 12:00:00+00:00,t2,2,0.38000000000000006,0.0007346410979941834,0.21256558651326654,0.43861783187074305,0.20381297203510923,0.03666666666666667,4.23,7.203333333333333
2026-01-02 13:00:00+00:00,t1,1,0.425,0.0199114561609795,0.21901520478826392,0.4351296079106637,0.20381297203510923,0.023333333333333334,4.5,7.348333333333334
2026-01-02 13:00:00+00:00,t1,2,0.425,0.0016405645336570497,0.1953913728919163,0.43576430329588556,0.20381297203510923,0.051666666666666666,4.4,7.348333333333334
2026-01-02 13:00:00+00:00,t2,1,0.4466666666666666,0.006015047441209571,0.21745132522243668,0.434730379815198,0.20381297203510923,0.023333333333333334,4.5,7.5249999999999995
2026-01-02 13:00:00+00:00,t2,2,0.4466666666666666,0.0,0.19382749332608906,0.43576430329588556,0.20381297203510923,0.07666666666666667,4.4,7.5249999999999995
2026-01-02 14:00:00+00:00,t1,1,0.445,0.03527110789492627,0.25584824947637624,0.5682501724920376,0.24396644031099302,0.02,4.94,7.521666666666667
2026-01-02 14:00:00+00:00,t1,2,0.445,0.002844152911235024,0.19403236111116715,0.5212802495224993,0.24396644031099302,0.023333333333333334,4.83,7.521666666666667
2026-01-02 14:00:00+00:00,t2,1,0.47,0.017137609946630744,0.2530542676684298,0.5677061314327538,0.24396644031099302,0.018333333333333333,4.94,7.656666666666666
2026-01-02 14:00:00+00:00,t2,2,0.47,0.0,0.1924684815453399,0.5207362084632157,0.24396644031099302,0.013333333333333334,4.83,7.656666666666666
2026-01-02 15:00:00+00:00,t1,1,0.6083333333333333,0.0745509351714709,0.2901495128955256,0.6523642314082392,0.29666767038040753,0.07333333333333333,5.39,8.608333333333333
2026-01-02 15:00:00+00:00,t1,2,0.6083333333333333,0.036031234572841755,0.23738666109901982,0.7138622197521025,0.34551812937783266,0.028333333333333335,5.59,8.608333333333333
2026-01-02 15:00:00+00:00,t2,1,0.66,0.03018030936100982,0.2891886500674762,0.6518201903489554,0.29666767038040753,0.07666666666666667,5.39,8.813333333333334
2026-01-02 15:00:00+00:00,t2,2,0.66,0.011633577077977492,0.23668064095154048,0.7133181786928188,0.34551812937783266,0.018333333333333333,5.59,8.813333333333334
2026-01-02 16:00:00+00:00,t1,1,0.875,0.1077640267030785,0.41403975186796577,0.7833919627700798,0.40783563748079876,0.07666666666666667,6.15,10.035
2026-01-02 16:00:00+00:00,t1,2,0.875,0.0567500958003692,0.2670082910638833,0.7674916195507052,0.40783563748079876,0.03166666666666667,6.24,10.035
2026-01-02 16:00:00+00:00,t2,1,0.8850000000000001,0.06254126153845989,0.4115371630384926,0.7833124032014203,0.40783563748079876,0.065,6.15,10.231666666666667
2026-01-02 16:00:00+00:00,t2,2,0.8850000000000001,0.018374601407174326,0.266302270916404,0.7669475784914215,0.40783563748079876,0.021666666666666667,6.24,10.231666666666667
2026-01-02 17:00:00+00:00,t1,1,0.605,0.15470413242520117,0.33151204384686267,0.8883345736625812,0.46587952084773093,0.043333333333333335,6.71,8.31
2026-01-02 17:00:00+00:00,t1,2,0.605,0.09453128695853233,0.31481353752804636,0.8466678395072275,0.40783563748079876,0.01,6.47,8.31
2026-01-02 17:00:00+00:00,t2,1,0.6649999999999999,0.1320337336452376,0.32839059087656464,0.8882383770444117,0.46587952084773093,0.04,6.71,8.731666666666667
2026-01-02 17:00:00+00:00,t2,2,0.6649999999999999,0.053618047525383114,0.31140069157927525,0.8465832233757703,0.40783563748079876,0.006666666666666667,6.47,8.731666666666667
2026-01-02 18:00:00+00:00,t1,1,0.31666666666666665,0.14177558503751864,0.3327872717526243,0.8234538871863673,0.46587952084773093,0.01,6.82,6.546666666666667
2026-01-02 18:00:00+00:00,t1,2,0.31666666666666665,0.10391710284701758,0.24969100462871366,0.8581707794218872,0.40783563748079876,0.01,6.49,6.546666666666667
2026-01-02 18:00:00+00:00,t2,1,0.295,0.13189367704312913,0.33244899334269373,0.8233692710549101,0.46587952084773093,0.008333333333333333,6.82,6.528333333333333
2026-01-02 18:00:00+00:00,t2,2,0.295,0.07821516322072844,0.24935272621878313,0.8580861632904301,0.40783563748079876,0.01,6.49,6.528333333333333
2026-01-02 19:00:00+00:00,t1,1,0.26166666666666666,0.14359670983708203,0.30251605192074155,0.8670041466362277,0.46587952084773093,0.011666666666666667,6.71,6.166666666666667
2026-01-02 19:00:00+00:00,t1,2,0.26166666666666666,0.10176140508356951,0.24077181007299123,0.8673281561983985,0.46587952084773093,0.015,6.6,6.166666666666667
2026-01-02 19:00:00+00:00,t2,1,0.21166666666666667,0.14082235251435368,0.3021777735108109,0.866395565774657,0.46587952084773093,0.008333333333333333,6.71,5.925
2026-01-02 19:00:00+00:00,t2,2,0.21166666666666667,0.08131555821391599,0.24043353166306053,0.8672435400669414,0.46587952084773093,0.015,6.6,5.925
2026-01-02 20:00:00+00:00,t1,1,0.22166666666666668,0.12783605476053672,0.35034770995566883,0.8007725827776477,0.34551812937783266,0.01,5.61,6.001666666666666
2026-01-02 20:00:00+00:00,t1,2,0.22166666666666668,0.09717957572900446,0.3296162525175551,0.8204004033415754,0.34551812937783266,0.16,5.95,6.001666666666666
2026-01-02 20:00:00+00:00,t2,1,0.19833333333333333,0.13296116020812257,0.3481349191079309,0.8003215381743278,0.34551812937783266,0.008333333333333333,5.61,5.984999999999999
2026-01-02 20:00:00+00:00,t2,2,0.19833333333333333,0.11288598753938167,0.3244183469360513,0.8199165591146526,0.34551812937783266,0.16333333333333333,5.95,5.984999999999999
2026-01-02 21:00:00+00:00,t1,1,0.36166666666666664,0.11740954153884472,0.34220727886966074,0.8145440533846693,0.24396644031099302,0.01,4.58,6.79
2026-01-02 21:00:00+00:00,t1,2,0.36166666666666664,0.0990574181545465,0.33319142915950434,0.7632313690159152,0.29666767038040753,0.6366666666666667,5.34,6.79
2026-01-02 21:00:00+00:00,t2,1,0.31,0.08266185696965098,0.34028588100039586,0.8141448252892036,0.24396644031099302,0.01,4.58,6.638333333333333
2026-01-02 21:00:00+00:00,t2,2,0.31,0.08036414610018618,0.32799352357800055,0.7627803244125952,0.29666767038040753,0.63,5.34,6.638333333333333
2026-01-02 22:00:00+00:00,t1,1,0.17833333333333334,0.10419119799180011,0.30541537985039663,0.7625702622790617,0.24396644031099302,0.011666666666666667,4.75,5.646666666666667
2026-01-02 22:00:00+00:00,t1,2,0.17833333333333334,0.08906060010923147,0.3490462374990195,0.7444760777760977,0.29666767038040753,0.9883333333333333,5.01,5.646666666666667
2026-01-02 22:00:00+00:00,t2,1,0.15833333333333333,0.07948196213076522,0.3032025890026587,0.762154871609503,0.24396644031099302,0.008333333333333333,4.75,5.596666666666667
2026-01-02 22:00:00+00:00,t2,2,0.15833333333333333,0.07497983548209755,0.34224338146489447,0.7440250331727778,0.29666767038040753,0.9766666666666666,5.01,5.596666666666667
2026-01-02 23:00:00+00:00,t1,1,0.21,0.13790446775055654,0.3452644601949078,0.7583063471434905,0.29666767038040753,0.01,5.17,6.033333333333334
2026-01-02 23:00:00+00:00,t1,2,0.21,0.08973661507667499,0.33009117903508034,0.722965018791054,0.24396644031099302,0.9899999999999999,4.95,6.033333333333334
2026-01-02 23:00:00+00:00,t2,1,0.18999999999999997,0.11259268689793583,0.3426911239196715,0.757560785884338,0.29666767038040753,0.005,5.17,5.935
2026-01-02 23:00:00+00:00,t2,2,0.18999999999999997,0.06280105602307161,0.32977068443803653,0.7224978116136411,0.24396644031099302,0.98,4.95,5.935
2026-01-03 00:00:00+00:00,t1,1,0.255,0.137921731229129,0.3844680884673665,0.7677292689118007,0.34551812937783266,0.01,5.95,6.665
2026-01-03 00:00:00+00:00,t1,2,0.255,0.09285357111108639,0.34779925910747783,0.8518415667978219,0.29666767038040753,0.9883333333333333,5.46,6.665
2026-01-03 00:00:00+00:00,t2,1,0.25166666666666665,0.12261516928803007,0.3819289493399904,0.7669670706031382,0.34551812937783266,0.01,5.95,6.708333333333333
2026-01-03 00:00:00+00:00,t2,2,0.25166666666666665,0.07140453460175775,0.3455864682597399,0.851357722570899,0.29666767038040753,0.975,5.46,6.708333333333333
2026-01-03 01:00:00+00:00,t1,1,0.16,0.05353936167321856,0.3286497971627063,0.7393694710058432,0.40783563748079876,0.01,6.02,5.636666666666667
2026-01-03 01:00:00+00:00,t1,2,0.16,0.0797241806173092,0.30123402365606483,0.8137399690795235,0.34551812937783266,0.9566666666666667,5.84,5.636666666666667
2026-01-03 01:00:00+00:00,t2,1,0.14666666666666667,0.04040096735897354,0.3261106580353302,0.7386072726971807,0.40783563748079876,0.01,6.02,5.863333333333333
2026-01-03 01:00:00+00:00,t2,2,0.14666666666666667,0.07044741310872903,0.29603611807456104,0.8132561248526007,0.34551812937783266,0.9566666666666667,5.84,5.863333333333333
2026-01-03 02:00:00+00:00,t1,1,0.26,0.14178232864415666,0.37515055946282677,0.7671797440549823,0.34551812937783266,0.01,5.92,6.419999999999999
2026-01-03 02:00:00+00:00,t1,2,0.26,0.09330696982743267,0.22579465492295064,0.7994230370509092,0.34551812937783266,0.8266666666666667,5.95,6.419999999999999
2026-01-03 02:00:00+00:00,t2,1,0.26,0.12453639654738691,0.3730129733358286,0.76641754574632,0.34551812937783266,0.01,5.92,6.601666666666667
2026-01-03 02:00:00+00:00,t2,2,0.26,0.07387032030415966,0.22365706879595232,0.7993384209194521,0.34551812937783266,0.815,5.95,6.601666666666667
2026-01-03 03:00:00+00:00,t1,1,0.22833333333333336,0.12297547520427402,0.41659259120514763,0.8391283860648184,0.34551812937783266,0.01,5.84,6.118333333333333
2026-01-03 03:00:00+00:00,t1,2,0.22833333333333336,0.06105473217868099,0.21367239060516913,0.8099447385491776,0.40783563748079876,0.5716666666666667,6.06,6.118333333333333
2026-01-03 03:00:00+00:00,t2,1,0.22,0.12997782643535663,0.4165453198886592,0.8390437699333613,0.34551812937783266,0.01,5.84,6.2250000000000005
2026-01-03 03:00:00+00:00,t2,2,0.22,0.050273361171243036,0.21336792345806777,0.8098601224177204,0.40783563748079876,0.585,6.06,6.2250000000000005
2026-01-03 04:00:00+00:00,t1,1,0.165,0.12797281239807787,0.46421051969687865,0.9152206039116486,0.34551812937783266,0.075,5.86,5.503333333333334
2026-01-03 04:00:00+00:00,t1,2,0.165,0.07872059568638874,0.30104586273113726,0.8921187276302598,0.34551812937783266,0.4083333333333334,5.84,5.503333333333334
2026-01-03 04:00:00+00:00,t2,1,0.11833333333333333,0.13436906768219503,0.4645237938078886,0.9149230389546003,0.34551812937783266,0.07666666666666667,5.86,5.288333333333333
2026-01-03 04:00:00+00:00,t2,2,0.11833333333333333,0.08981758621641012,0.3013591368421472,0.8920502740728956,0.34551812937783266,0.435,5.84,5.288333333333333
2026-01-03 05:00:00+00:00,t1,1,0.15166666666666667,0.1142742270737121,0.5446415911816146,0.920034496001801,0.29666767038040753,0.27999999999999997,5.44,5.326666666666667
2026-01-03 05:00:00+00:00,t1,2,0.15166666666666667,0.09393232154864664,0.48046249934058877,0.919733279126529,0.24396644031099302,0.33666666666666667,4.85,5.326666666666667
2026-01-03 05:00:00+00:00,t2,1,0.135,0.11316844099166745,0.5449548652926247,0.9197369310447526,0.29666767038040753,0.26666666666666666,5.44,5.391666666666667
2026-01-03 05:00:00+00:00,t2,2,0.135,0.08170883769571104,0.4807757734515987,0.9196486629950719,0.24396644031099302,0.3333333333333333,4.85,5.391666666666667
2026-01-03 06:00:00+00:00,t1,1,0.07333333333333333,0.1791036024295304,0.5765280956872895,0.9078608153536996,0.29666767038040753,0.40499999999999997,5.45,4.468333333333333
2026-01-03 06:00:00+00:00,t1,2,0.07333333333333333,0.1653358897878259,0.4889864923420809,0.9000290849525318,0.34551812937783266,0.115,5.69,4.468333333333333
2026-01-03 06:00:00+00:00,t2,1,0.06666666666666667,0.14465703453355946,0.5768413697982996,0.9074232182267084,0.29666767038040753,0.37666666666666665,5.45,4.691666666666666
2026-01-03 06:00:00+00:00,t2,2,0.06666666666666667,0.11812524776441433,0.48929976645309087,0.90048304505448,0.34551812937783266,0.11166666666666668,5.69,4.691666666666666
2026-01-03 07:00:00+00:00,t1,1,0.13333333333333333,0.18660402302091386,0.5106366125810943,0.9158529783701161,0.29666767038040753,0.6466666666666666,5.38,5.2683333333333335
2026-01-03 07:00:00+00:00,t1,2,0.13333333333333333,0.1251578059069219,0.4618139657557779,0.9102446307326135,0.34551812937783266,0.045000000000000005,5.87,5.2683333333333335
2026-01-03 07:00:00+00:00,t2,1,0.14333333333333334,0.1332818343124714,0.5109498866921044,0.9152139554980427,0.29666767038040753,0.6766666666666667,5.38,5.603333333333333
2026-01-03 07:00:00+00:00,t2,2,0.14333333333333334,0.09251202900436543,0.46212723986678783,0.9106985908345617,0.34551812937783266,0.05666666666666667,5.87,5.603333333333333
2026-01-03 08:00:00+00:00,t1,1,0.17666666666666667,0.15128328948668027,0.5263698699856355,0.8771449970511053,0.29666767038040753,0.8433333333333334,5.47,5.8183333333333325
2026-01-03 08:00:00+00:00,t1,2,0.17666666666666667,0.1254944022424643,0.5032878136562748,0.8627031087834655,0.34551812937783266,0.065,5.56,5.8183333333333325
2026-01-03 08:00:00+00:00,t2,1,0.16166666666666665,0.1049598607097105,0.5266831440966456,0.876794594211309,0.29666767038040753,0.8849999999999999,5.47,5.78
2026-01-03 08:00:00+00:00,t2,2,0.16166666666666665,0.0907541006200413,0.503601087767285,0.8629094344574962,0.34551812937783266,0.06833333333333334,5.56,5.78
2026-01-03 09:00:00+00:00,t1,1,0.17166666666666666,0.15240353989653654,0.6160254454333539,0.8704858441787788,0.29666767038040753,0.71,5.39,5.765
2026-01-03 09:00:00+00:00,t1,2,0.17166666666666666,0.098590107911156,0.5219619976838851,0.8564425783508427,0.34551812937783266,0.018333333333333333,5.67,5.765
2026-01-03 09:00:00+00:00,t2,1,0.15833333333333333,0.10444456909782562,0.616338719544364,0.8704138157710701,0.29666767038040753,0.7450000000000001,5.39,5.873333333333334
2026-01-03 09:00:00+00:00,t2,2,0.15833333333333333,0.07864837088704385,0.5222752717948952,0.8566489040248735,0.34551812937783266,0.021666666666666667,5.67,5.873333333333334
2026-01-03 10:00:00+00:00,t1,1,0.19666666666666666,0.21902238702613216,0.6065136363447333,0.9237517500103652,0.34551812937783266,0.5750000000000001,5.71,5.971666666666667
2026-01-03 10:00:00+00:00,t1,2,0.19666666666666666,0.11127766993489158,0.48607494261706896,0.8670585141272407,0.34551812937783266,0.01,5.88,5.971666666666667
2026-01-03 10:00:00+00:00,t2,1,0.19666666666666666,0.1575896288870736,0.6068269104557434,0.9231127271382918,0.34551812937783266,0.5816666666666667,5.71,6.073333333333333
2026-01-03 10:00:00+00:00,t2,2,0.19666666666666666,0.09302873984220378,0.4863882167280789,0.8672648398012714,0.34551812937783266,0.008333333333333333,5.88,6.073333333333333
2026-01-03 11:00:00+00:00,t1,1,0.24333333333333332,0.18207083930832532,0.5965353243956063,0.9225101228145891,0.40783563748079876,0.42333333333333334,6.04,6.326666666666667
2026-01-03 11:00:00+00:00,t1,2,0.24333333333333332,0.1248435992469907,0.5656700716252292,0.9238699705827336,0.40783563748079876,0.01,6.24,6.326666666666667
2026-01-03 11:00:00+00:00,t2,1,0.20666666666666667,0.18482069901449677,0.5926151430902691,0.9210299095976304,0.40783563748079876,0.43333333333333335,6.04,6.206666666666667
2026-01-03 11:00:00+00:00,t2,2,0.20666666666666667,0.09621418594585278,0.5641502267563422,0.9237853544512764,0.40783563748079876,0.01,6.24,6.206666666666667
2026-01-03 12:00:00+00:00,t1,1,0.255,0.17497415885642356,0.5871871739662099,0.9218167891748472,0.40783563748079876,0.35833333333333334,6.23,6.31
2026-01-03 12:00:00+00:00,t1,2,0.255,0.14485258090113082,0.5151678121717789,0.8384210928373147,0.34551812937783266,0.011666666666666667,5.84,6.31
2026-01-03 12:00:00+00:00,t2,1,0.2783333333333333,0.13867986710441507,0.5856673290973229,0.9203156331805885,0.40783563748079876,0.38000000000000006,6.23,6.468333333333334
2026-01-03 12:00:00+00:00,t2,2,0.2783333333333333,0.12158038837885421,0.513356574324419,0.8376588945286522,0.34551812937783266,0.011666666666666667,5.84,6.468333333333334
2026-01-03 13:00:00+00:00,t1,1,0.5216666666666666,0.16415170620390007,0.5648773713078254,0.8849152977960175,0.40783563748079876,0.425,6.2,7.6499999999999995
2026-01-03 13:00:00+00:00,t1,2,0.5216666666666666,0.15857072202849992,0.4690271445877608,0.7934102581330175,0.40783563748079876,0.023333333333333334,6.4,7.6499999999999995
2026-01-03 13:00:00+00:00,t2,1,0.5066666666666667,0.1347906275238903,0.5659788358570015,0.8831280872814288,0.40783563748079876,0.4466666666666666,6.2,7.73
2026-01-03 13:00:00+00:00,t2,2,0.5066666666666667,0.1251841454345725,0.463829239006257,0.79186862792528,0.40783563748079876,0.023333333333333334,6.4,7.73
2026-01-03 14:00:00+00:00,t1,1,0.215,0.16715410957391655,0.47661248240758736,0.8211232108082921,0.34551812937783266,0.445,5.82,5.885000000000001
2026-01-03 14:00:00+00:00,t1,2,0.215,0.14754238297303157,0.46818704130488265,0.796036977363217,0.40783563748079876,0.02,6.15,5.885000000000001
2026-01-03 14:00:00+00:00,t2,1,0.245,0.12513357071852466,0.47141457682608356,0.8203610124996297,0.34551812937783266,0.47,5.82,6.2683333333333335
2026-01-03 14:00:00+00:00,t2,2,0.245,0.11513702823411628,0.46298913572337885,0.7952747790545546,0.40783563748079876,0.018333333333333333,6.15,6.2683333333333335
2026-01-03 15:00:00+00:00,t1,1,0.5683333333333334,0.16329605218439283,0.46292488459345404,0.8198547305508995,0.34551812937783266,0.6083333333333333,5.84,8.013333333333334
2026-01-03 15:00:00+00:00,t1,2,0.5683333333333334,0.14398280513647904,0.46585698272519244,0.7847226293579066,0.34551812937783266,0.07333333333333333,5.89,8.013333333333334
2026-01-03 15:00:00+00:00,t2,1,0.48833333333333334,0.12887377482964327,0.45772697901195025,0.8190925322422371,0.34551812937783266,0.66,5.84,7.47
2026-01-03 15:00:00+00:00,t2,2,0.48833333333333334,0.13182518975487093,0.46065907714368864,0.7839770680987541,0.34551812937783266,0.07666666666666667,5.89,7.47
2026-01-03 16:00:00+00:00,t1,1,0.29833333333333334,0.1499613636230503,0.4180144582478174,0.8311055840732217,0.29666767038040753,0.875,5.36,6.623333333333334
2026-01-03 16:00:00+00:00,t1,2,0.29833333333333334,0.14579957026119097,0.45638354097937134,0.8158907166858578,0.34551812937783266,0.07666666666666667,5.68,6.623333333333334
2026-01-03 16:00:00+00:00,t2,1,0.285,0.10299261709928673,0.4128165526663136,0.8303600228140692,0.29666767038040753,0.8850000000000001,5.36,6.588333333333334
2026-01-03 16:00:00+00:00,t2,2,0.285,0.12237316701358125,0.45118563539786755,0.8151451554267053,0.34551812937783266,0.065,5.68,6.588333333333334
2026-01-03 17:00:00+00:00,t1,1,0.19000000000000003,0.10742806160798771,0.3841656172370567,0.7392936237120812,0.29666767038040753,0.605,5.38,5.8116666666666665
2026-01-03 17:00:00+00:00,t1,2,0.19000000000000003,0.14047628529661094,0.42325955070528615,0.7631054823621746,0.34551812937783266,0.043333333333333335,5.92,5.8116666666666665
2026-01-03 17:00:00+00:00,t2,1,0.15833333333333335,0.06656679879413077,0.37896771165555293,0.7388425791087613,0.29666767038040753,0.6649999999999999,5.38,5.668333333333333
2026-01-03 17:00:00+00:00,t2,2,0.15833333333333335,0.11696426340460675,0.41806164512378235,0.7623432840535121,0.34551812937783266,0.04,5.92,5.668333333333333
2026-01-03 18:00:00+00:00,t1,1,0.30833333333333335,0.08280258390124715,0.39308388793614657,0.723887206893925,0.24396644031099302,0.31666666666666665,4.96,6.52
2026-01-03 18:00:00+00:00,t1,2,0.30833333333333335,0.14388448615561472,0.3504159233952767,0.9106641946686213,0.46587952084773093,0.01,6.53,6.52
2026-01-03 18:00:00+00:00,t2,1,0.265,0.06299459248147203,0.3878859823546428,0.7234199997165122,0.24396644031099302,0.295,4.96,6.463333333333334
2026-01-03 18:00:00+00:00,t2,2,0.265,0.11419686005659105,0.3500776449853461,0.909625020225544,0.46587952084773093,0.008333333333333333,6.53,6.463333333333334
2026-01-03 19:00:00+00:00,t1,1,0.23166666666666666,0.08267849423483815,0.33369425566623173,0.6420692568153006,0.29666767038040753,0.26166666666666666,5.21,6.18
2026-01-03 19:00:00+00:00,t1,2,0.23166666666666666,0.15305826777482945,0.414639416769752,0.9435077057232615,0.40783563748079876,0.011666666666666667,6.41,6.18
2026-01-03 19:00:00+00:00,t2,1,0.18333333333333335,0.054344592447418086,0.32849635008472794,0.6411259876605512,0.29666767038040753,0.21166666666666667,5.21,5.831666666666667
2026-01-03 19:00:00+00:00,t2,2,0.18333333333333335,0.11271648300231846,0.41242662592201407,0.9419674838043715,0.40783563748079876,0.008333333333333333,6.41,5.831666666666667
2026-01-03 20:00:00+00:00,t1,1,0.2866666666666667,0.0821407634289562,0.33577204565506347,0.6684947978282095,0.29666767038040753,0.22166666666666668,5.47,6.461666666666666
2026-01-03 20:00:00+00:00,t1,2,0.2866666666666667,0.12344909588951031,0.4271459490389737,0.909679970074754,0.40783563748079876,0.01,6.06,6.461666666666666
2026-01-03 20:00:00+00:00,t2,1,0.26666666666666666,0.0571203265931082,0.3305741400735597,0.6675515286734601,0.29666767038040753,0.19833333333333333,5.47,6.528333333333333
2026-01-03 20:00:00+00:00,t2,2,0.26666666666666666,0.10791345025484084,0.4203430930048487,0.9082919876556309,0.40783563748079876,0.008333333333333333,6.06,6.528333333333333
2026-01-03 21:00:00+00:00,t1,1,0.28,0.07730630095643841,0.35384459878901503,0.8004715542934769,0.34551812937783266,0.36166666666666664,5.54,6.010000000000001
2026-01-03 21:00:00+00:00,t1,2,0.28,0.11102391730351116,0.4754753696887406,0.8927331325794715,0.34551812937783266,0.01,5.65,6.010000000000001
2026-01-03 21:00:00+00:00,t2,1,0.18999999999999997,0.04437512665318037,0.3535241041919712,0.7999877100665541,0.34551812937783266,0.31,5.54,5.476666666666667
2026-01-03 21:00:00+00:00,t2,2,0.18999999999999997,0.09116409439461055,0.4662721772181654,0.8913245124687114,0.34551812937783266,0.01,5.65,5.476666666666667
2026-01-03 22:00:00+00:00,t1,1,0.19000000000000003,0.12420267535407048,0.4005467664557404,0.8129546615996297,0.34551812937783266,0.17833333333333334,5.81,5.913333333333333
2026-01-03 22:00:00+00:00,t1,2,0.19000000000000003,0.12348040630302082,0.4311854644385921,0.9292036355493559,0.40783563748079876,0.011666666666666667,6.2,5.913333333333333
2026-01-03 22:00:00+00:00,t2,1,0.16833333333333333,0.08906670540389057,0.40051766483716966,0.8124708173727069,0.34551812937783266,0.15833333333333333,5.81,5.86
2026-01-03 22:00:00+00:00,t2,2,0.16833333333333333,0.1261313110554103,0.42657233715440396,0.9270883859450619,0.40783563748079876,0.008333333333333333,6.2,5.86
2026-01-03 23:00:00+00:00,t1,1,0.2733333333333334,0.1336308276666135,0.4219894102483807,0.8821892133054963,0.34551812937783266,0.21,5.96,6.396666666666667
2026-01-03 23:00:00+00:00,t1,2,0.2733333333333334,0.10974061815422123,0.4277565219635156,0.9534881614853384,0.46587952084773093,0.01,6.58,6.396666666666667
2026-01-03 23:00:00+00:00,t2,1,0.23333333333333336,0.09454358901940688,0.42196030862981,0.8814808397662699,0.34551812937783266,0.18999999999999997,5.96,6.38
2026-01-03 23:00:00+00:00,t2,2,0.23333333333333336,0.11229602641890751,0.4232042178471415,0.950823973120463,0.46587952084773093,0.005,6.58,6.38
2026-01-04 00:00:00+00:00,t1,1,0.26666666666666666,0.1685637740653458,0.41914871598762315,0.9093943109530144,0.46587952084773093,0.255,6.94,6.206666666666667
2026-01-04 00:00:00+00:00,t1,2,0.26666666666666666,0.1472584724270509,0.47109761618624557,0.9367112474211561,0.40783563748079876,0.01,6.44,6.206666666666667
2026-01-04 00:00:00+00:00,t2,1,0.2283333333333333,0.1163407513689956,0.41882822139057935,0.9090679198869765,0.46587952084773093,0.25166666666666665,6.94,6.109999999999999
2026-01-04 00:00:00+00:00,t2,2,0.2283333333333333,0.15018635722045798,0.4664844889020574,0.9337306174877897,0.40783563748079876,0.01,6.44,6.109999999999999
2026-01-04 01:00:00+00:00,t1,1,0.39166666666666666,0.13812719676777493,0.4113433550885782,0.9203169187788077,0.46587952084773093,0.16,6.88,7.329999999999999
2026-01-04 01:00:00+00:00,t1,2,0.39166666666666666,0.22566751124791395,0.5117881058615344,0.9362123875870575,0.46587952084773093,0.01,6.75,7.329999999999999
2026-01-04 01:00:00+00:00,t2,1,0.37000000000000005,0.12492360002712757,0.4087700188133419,0.9195997687503839,0.46587952084773093,0.14666666666666667,6.88,7.376666666666666
2026-01-04 01:00:00+00:00,t2,2,0.37000000000000005,0.21745854039365078,0.5071058261283209,0.9332723288880778,0.46587952084773093,0.01,6.75,7.376666666666666
2026-01-04 02:00:00+00:00,t1,1,0.30833333333333335,0.19818854733948033,0.4670104252014017,0.9269610211895966,0.46587952084773093,0.26,6.93,6.635000000000001
2026-01-04 02:00:00+00:00,t1,2,0.30833333333333335,0.2695579023028747,0.4751848594805213,0.9436414907358277,0.46587952084773093,0.01,6.78,6.635000000000001
2026-01-04 02:00:00+00:00,t2,1,0.295,0.14476873554056752,0.4651300349050164,0.9260198210007653,0.46587952084773093,0.26,6.93,6.706666666666667
2026-01-04 02:00:00+00:00,t2,2,0.295,0.2610678367811824,0.47090413274768583,0.9414937077340227,0.46587952084773093,0.01,6.78,6.706666666666667
2026-01-04 03:00:00+00:00,t1,1,0.5016666666666666,0.10571867834244643,0.43875885331742787,0.8644250725834804,0.46587952084773093,0.22833333333333336,6.58,7.698333333333333
2026-01-04 03:00:00+00:00,t1,2,0.5016666666666666,0.11490971948105047,0.4526284132962828,0.9399842968510322,0.46587952084773093,0.01,6.94,7.698333333333333
2026-01-04 03:00:00+00:00,t2,1,0.41,0.11087872189930648,0.4391313046992351,0.8637908136291683,0.46587952084773093,0.22,6.58,7.2683333333333335
2026-01-04 03:00:00+00:00,t2,2,0.41,0.10295868878589906,0.45372582717667603,0.9380171359496552,0.46587952084773093,0.01,6.94,7.2683333333333335
2026-01-04 04:00:00+00:00,t1,1,0.07166666666666667,0.02473491163860777,0.33961614694710174,0.6603681105869755,0.20381297203510923,0.165,4.33,3.73
2026-01-04 04:00:00+00:00,t1,2,0.07166666666666667,0.019143045625422267,0.363358717712987,0.7891798699289101,0.40783563748079876,0.075,6.39,3.73
2026-01-04 04:00:00+00:00,t2,1,0.04833333333333333,0.0,0.33845382038165267,0.6601338875049858,0.20381297203510923,0.11833333333333333,4.33,3.658333333333333
2026-01-04 04:00:00+00:00,t2,2,0.04833333333333333,0.01884904423985958,0.36309080086378864,0.780939750605951,0.40783563748079876,0.07666666666666667,6.39,3.658333333333333
2026-01-04 05:00:00+00:00,t1,1,0.07166666666666667,0.009535060561803336,0.09335946909266644,0.13455838679680235,0.1459803862401931,0.15166666666666667,3.43,4.288333333333333
2026-01-04 05:00:00+00:00,t1,2,0.07166666666666667,0.008871908369604055,0.234004006049798,0.4625279496021562,0.1459803862401931,0.27999999999999997,3.27,4.288333333333333
2026-01-04 05:00:00+00:00,t2,1,0.07666666666666667,0.008440528158216947,0.09288495900942098,0.13455838679680235,0.1459803862401931,0.135,3.43,4.721666666666667
2026-01-04 05:00:00+00:00,t2,2,0.07666666666666667,0.007358214252016755,0.23351894668475506,0.4625279496021562,0.1459803862401931,0.26666666666666666,3.27,4.721666666666667
2026-01-04 06:00:00+00:00,t1,1,0.07333333333333333,0.009535060561803336,0.0634363696646655,0.08185584020843781,0.10431543935643564,0.07333333333333333,2.23,4.626666666666667
2026-01-04 06:00:00+00:00,t1,2,0.07333333333333333,0.008871908369604055,0.09552313773469909,0.1301059079857592,0.10344010868308474,0.40499999999999997,1.91,4.626666666666667
2026-01-04 06:00:00+00:00,t2,1,0.06833333333333333,0.007540594830805455,0.06296185958142002,0.08185584020843781,0.10431543935643564,0.06666666666666667,2.23,4.6466666666666665
2026-01-04 06:00:00+00:00,t2,2,0.06833333333333333,0.006538214999451002,0.09504862765145362,0.1301059079857592,0.10344010868308474,0.37666666666666665,1.91,4.6466666666666665
2026-01-04 07:00:00+00:00,t1,1,0.01,0.009535060561803336,0.0592364222860262,0.09205928261002591,0.1459803862401931,0.13333333333333333,3.26,1.9816666666666667
2026-01-04 07:00:00+00:00,t1,2,0.01,0.008871908369604055,0.054954749812488546,0.07565231478820708,0.13303917357062492,0.6466666666666666,2.61,1.9816666666666667
2026-01-04 07:00:00+00:00,t2,1,0.01,0.007447104866985582,0.058761912202780736,0.09205928261002591,0.1459803862401931,0.14333333333333334,3.26,1.875
2026-01-04 07:00:00+00:00,t2,2,0.01,0.007192879689454252,0.054480239729243075,0.07565231478820708,0.13303917357062492,0.6766666666666667,2.61,1.875
2026-01-04 08:00:00+00:00,t1,1,0.01,0.0,0.08117903406561108,0.11338919657501263,0.20381297203510923,0.17666666666666667,4.05,0.71
2026-01-04 08:00:00+00:00,t1,2,0.01,0.008871908369604055,0.1220214176564301,0.13151657913425896,0.17437129044610378,0.8433333333333334,3.59,0.71
2026-01-04 08:00:00+00:00,t2,1,0.01,0.0,0.08070452398236562,0.11338919657501263,0.20381297203510923,0.16166666666666665,4.05,0.7516666666666666
2026-01-04 08:00:00+00:00,t2,2,0.01,0.007405863647080966,0.12154690757318463,0.13151657913425896,0.17437129044610378,0.8849999999999999,3.59,0.7516666666666666
2026-01-04 09:00:00+00:00,t1,1,0.01,0.0,0.126863186812948,0.14307127979594603,0.24396644031099302,0.17166666666666666,4.56,1.4916666666666665
2026-01-04 09:00:00+00:00,t1,2,0.01,0.0,0.14158643656430886,0.2662840098790502,0.20381297203510923,0.71,4.49,1.4916666666666665
2026-01-04 09:00:00+00:00,t2,1,0.01,0.0,0.12638867672970253,0.14307127979594603,0.24396644031099302,0.15833333333333333,4.56,1.3716666666666668
2026-01-04 09:00:00+00:00,t2,2,0.01,0.0,0.14111192648106333,0.2662678473049572,0.20381297203510923,0.7450000000000001,4.49,1.3716666666666668
2026-01-04 10:00:00+00:00,t1,1,0.03333333333333333,0.0,0.146213773012549,0.23543094580444185,0.20381297203510923,0.19666666666666666,4.48,3.966666666666667
2026-01-04 10:00:00+00:00,t1,2,0.03333333333333333,0.0,0.16609108726179705,0.2770315153546734,0.29666767038040753,0.5750000000000001,5.18,3.966666666666667
2026-01-04 10:00:00+00:00,t2,1,0.03166666666666667,0.0,0.1457392629293035,0.23543094580444185,0.20381297203510923,0.19666666666666666,4.48,4.091666666666667
2026-01-04 10:00:00+00:00,t2,2,0.03166666666666667,0.0,0.16561657717855155,0.27701535278058037,0.29666767038040753,0.5816666666666667,5.18,4.091666666666667
2026-01-04 11:00:00+00:00,t1,1,0.25333333333333335,0.0,0.16014756628054894,0.2976053358206148,0.24396644031099302,0.24333333333333332,4.83,6.173333333333333
2026-01-04 11:00:00+00:00,t1,2,0.25333333333333335,0.0,0.16379599938867792,0.35762605158348515,0.29666767038040753,0.42333333333333334,5.14,6.173333333333333
2026-01-04 11:00:00+00:00,t2,1,0.265,0.0,0.15882668809627734,0.2977865528485519,0.24396644031099302,0.20666666666666667,4.83,6.276666666666666
2026-01-04 11:00:00+00:00,t2,2,0.265,0.0,0.16247512120440633,0.3576098890093921,0.29666767038040753,0.43333333333333335,5.14,6.276666666666666
2026-01-04 12:00:00+00:00,t1,1,0.6166666666666666,0.08406642521098161,0.3505340297047361,0.6093715611511825,0.24396644031099302,0.255,4.94,8.555
2026-01-04 12:00:00+00:00,t1,2,0.6166666666666666,0.05190283893231372,0.28425467325913806,0.597053068203783,0.533438938580799,0.35833333333333334,7.12,8.555
2026-01-04 12:00:00+00:00,t2,1,0.5816666666666667,0.032821556909250565,0.3494197447545117,0.6089561704816239,0.24396644031099302,0.2783333333333333,4.94,8.446666666666667
2026-01-04 12:00:00+00:00,t2,2,0.5816666666666667,0.004323217889110685,0.2841518439734025,0.5961452891566625,0.533438938580799,0.38000000000000006,7.12,8.446666666666667
2026-01-04 13:00:00+00:00,t1,1,0.6016666666666667,0.11093844779676632,0.44046588111293505,0.7514040963098036,0.40783563748079876,0.5216666666666666,6.24,8.483333333333333
2026-01-04 13:00:00+00:00,t1,2,0.6016666666666667,0.13522536235044536,0.42301443240737924,0.841614141934727,0.5595838549817422,0.425,7.51,8.483333333333333
2026-01-04 13:00:00+00:00,t2,1,0.62,0.07098082628123623,0.4343599943087011,0.7545869203834704,0.40783563748079876,0.5066666666666667,6.24,8.603333333333333
2026-01-04 13:00:00+00:00,t2,2,0.62,0.14446603441867079,0.4198597563652115,0.8437558170770889,0.5595838549817422,0.4466666666666666,7.51,8.603333333333333
2026-01-04 14:00:00+00:00,t1,1,0.6366666666666667,0.12139419853920591,0.4016492270651313,0.8614147820132013,0.46587952084773093,0.215,6.99,8.615
2026-01-04 14:00:00+00:00,t1,2,0.6366666666666667,0.21639362366065404,0.4544679914968874,0.9199766576428581,0.621809413221861,0.445,8.13,8.615
2026-01-04 14:00:00+00:00,t2,1,0.6566666666666666,0.08578224430109033,0.3955433402608973,0.8635398201060536,0.46587952084773093,0.245,6.99,8.868333333333334
2026-01-04 14:00:00+00:00,t2,2,0.6566666666666666,0.23063216390022423,0.4513133154547196,0.919567663652068,0.621809413221861,0.47,8.13,8.868333333333334
2026-01-04 15:00:00+00:00,t1,1,0.47500000000000003,0.10427441860601586,0.4232485850150893,0.8004609455898087,0.40783563748079876,0.5683333333333334,6.31,7.741666666666667
2026-01-04 15:00:00+00:00,t1,2,0.47500000000000003,0.21192388614879895,0.5467019877078882,0.9251806446440898,0.621809413221861,0.6083333333333333,8.28,7.741666666666667
2026-01-04 15:00:00+00:00,t2,1,0.48666666666666664,0.06295392981268183,0.4171426982108553,0.8026183706891697,0.40783563748079876,0.48833333333333334,6.31,7.831666666666667
2026-01-04 15:00:00+00:00,t2,2,0.48666666666666664,0.23211731637117566,0.5447013924896525,0.9250286305603377,0.621809413221861,0.66,8.28,7.831666666666667
2026-01-04 16:00:00+00:00,t1,1,0.3233333333333333,0.11664561486684061,0.39864447977728507,0.8070650561220787,0.40783563748079876,0.29833333333333334,6.42,6.878333333333334
2026-01-04 16:00:00+00:00,t1,2,0.3233333333333333,0.19673665436867113,0.5168826603011967,0.921518925041028,0.5595838549817422,0.875,7.89,6.878333333333334
2026-01-04 16:00:00+00:00,t2,1,0.3466666666666667,0.05478935555389547,0.3925385929730511,0.8092224812214397,0.40783563748079876,0.285,6.42,6.988333333333333
2026-01-04 16:00:00+00:00,t2,2,0.3466666666666667,0.23255413055592017,0.514882065082961,0.9212987064593138,0.5595838549817422,0.8850000000000001,7.89,6.988333333333333
2026-01-04 17:00:00+00:00,t1,1,0.4683333333333333,0.09602739592852227,0.37450633740691774,0.7884891225754072,0.533438938580799,0.19000000000000003,7.02,7.651666666666666
2026-01-04 17:00:00+00:00,t1,2,0.4683333333333333,0.1900317980407879,0.5032415073629586,0.8985619034640998,0.5595838549817422,0.605,7.84,7.651666666666666
2026-01-04 17:00:00+00:00,t2,1,0.48500000000000004,0.07271420008059704,0.37357169041652366,0.7910457757702338,0.533438938580799,0.15833333333333335,7.02,7.781666666666666
2026-01-04 17:00:00+00:00,t2,2,0.48500000000000004,0.16783465354674815,0.496420170522788,0.8983416848823856,0.5595838549817422,0.6649999999999999,7.84,7.781666666666666
2026-01-04 18:00:00+00:00,t1,1,0.7666666666666666,0.06995663197334408,0.3147587477881067,0.7428083782901133,0.40783563748079876,0.30833333333333335,6.3,9.388333333333334
2026-01-04 18:00:00+00:00,t1,2,0.7666666666666666,0.13874309478154281,0.47297080024295357,0.9248016724395297,0.46587952084773093,0.31666666666666665,6.96,9.388333333333334
2026-01-04 18:00:00+00:00,t2,1,0.8316666666666667,0.03662147497661358,0.3070910428469101,0.7449824404389842,0.40783563748079876,0.265,6.3,9.953333333333333
2026-01-04 18:00:00+00:00,t2,2,0.8316666666666667,0.09530559958426967,0.46559448828023003,0.9274496659674739,0.46587952084773093,0.295,6.96,9.953333333333333
2026-01-04 19:00:00+00:00,t1,1,0.2866666666666667,0.04540958730562461,0.2553456279582628,0.6313655094647543,0.29666767038040753,0.23166666666666666,5.49,6.41
2026-01-04 19:00:00+00:00,t1,2,0.2866666666666667,0.07930880364183363,0.3671191717909459,0.8847667885902363,0.533438938580799,0.26166666666666666,7.07,6.41
2026-01-04 19:00:00+00:00,t2,1,0.27666666666666667,0.013199392237990888,0.2536231967736133,0.6335557341877183,0.29666767038040753,0.18333333333333335,5.49,6.420000000000001
2026-01-04 19:00:00+00:00,t2,2,0.27666666666666667,0.03679001992749352,0.35974285982822235,0.8874147821181803,0.533438938580799,0.21166666666666667,7.07,6.420000000000001
2026-01-04 20:00:00+00:00,t1,1,0.32666666666666666,0.0,0.19796067757819769,0.4446020536151178,0.24396644031099302,0.2866666666666667,4.72,6.691666666666666
2026-01-04 20:00:00+00:00,t1,2,0.32666666666666666,0.05042161893629525,0.36345991420390517,0.8462712578873497,0.533438938580799,0.22166666666666668,7.4,6.691666666666666
2026-01-04 20:00:00+00:00,t2,1,0.33,0.0,0.19623824639354812,0.4442028255196521,0.24396644031099302,0.26666666666666666,4.72,6.733333333333333
2026-01-04 20:00:00+00:00,t2,2,0.33,0.032224618651753176,0.35579220926270855,0.8493184795107596,0.533438938580799,0.19833333333333333,7.4,6.733333333333333
2026-01-04 21:00:00+00:00,t1,1,0.3416666666666666,0.0,0.1120581245267989,0.3723008560387651,0.20381297203510923,0.28,4.17,6.718333333333334
2026-01-04 21:00:00+00:00,t1,2,0.3416666666666666,0.07630376182623609,0.37720307105836826,0.7731514159229649,0.5595838549817422,0.36166666666666664,7.55,6.718333333333334
2026-01-04 21:00:00+00:00,t2,1,0.34500000000000003,0.0,0.11033569334214935,0.37190162794329945,0.20381297203510923,0.18999999999999997,4.17,6.855
2026-01-04 21:00:00+00:00,t2,2,0.34500000000000003,0.021741214167490565,0.37320202691517435,0.7763508770461416,0.5595838549817422,0.31,7.55,6.855
2026-01-04 22:00:00+00:00,t1,1,0.2783333333333334,0.0,0.10177749966171241,0.29421692306916036,0.20381297203510923,0.19000000000000003,4.21,6.38
2026-01-04 22:00:00+00:00,t1,2,0.2783333333333334,0.07727085684217296,0.40042435730493664,0.7862546105241697,0.5595838549817422,0.17833333333333334,7.66,6.38
2026-01-04 22:00:00+00:00,t2,1,0.27666666666666667,0.0,0.10005506847706289,0.2938176949736947,0.20381297203510923,0.16833333333333333,4.21,6.401666666666666
2026-01-04 22:00:00+00:00,t2,2,0.27666666666666667,0.008245398902658255,0.4007663431198491,0.7894540716473464,0.5595838549817422,0.15833333333333333,7.66,6.401666666666666
2026-01-04 23:00:00+00:00,t1,1,0.17,0.0,0.07467609301184945,0.25729125988567314,0.20381297203510923,0.2733333333333334,4.44,5.73
2026-01-04 23:00:00+00:00,t1,2,0.17,0.04391951089416196,0.38235563610747586,0.7780376788928879,0.533438938580799,0.21,7.3,5.73
2026-01-04 23:00:00+00:00,t2,1,0.16,0.0,0.07295366182719992,0.2568920317902075,0.20381297203510923,0.23333333333333336,4.44,5.6883333333333335
2026-01-04 23:00:00+00:00,t2,2,0.16,0.0,0.38269762192238843,0.7812371400160646,0.533438938580799,0.18999999999999997,7.3,5.6883333333333335
2026-01-05 00:00:00+00:00,t1,1,0.12333333333333334,0.0,0.06636981511488914,0.20144529753658874,0.20381297203510923,0.26666666666666666,4.43,5.271666666666667
2026-01-05 00:00:00+00:00,t1,2,0.12333333333333334,0.025764151412008593,0.2833836473682137,0.6374158416010379,0.46587952084773093,0.255,6.6,5.271666666666667
2026-01-05 00:00:00+00:00,t2,1,0.12666666666666668,0.0,0.06464738393023958,0.20121107445459901,0.20381297203510923,0.2283333333333333,4.43,5.43
2026-01-05 00:00:00+00:00,t2,2,0.12666666666666668,0.0,0.2828792650821001,0.6373996790269449,0.46587952084773093,0.25166666666666665,6.6,5.43
2026-01-05 01:00:00+00:00,t1,1,0.045000000000000005,0.009535060561803336,0.08979353293880359,0.115181691212659,0.17437129044610378,0.39166666666666666,3.85,3.7899999999999996
2026-01-05 01:00:00+00:00,t1,2,0.045000000000000005,0.0,0.24928789031302717,0.5073156682829922,0.40783563748079876,0.16,6.4,3.7899999999999996
2026-01-05 01:00:00+00:00,t2,1,0.04833333333333333,0.007806877535895327,0.08807110175415404,0.11500178543082801,0.17437129044610378,0.37000000000000005,3.85,4.21
2026-01-05 01:00:00+00:00,t2,2,0.04833333333333333,0.0,0.24756545912837744,0.5072995057088993,0.40783563748079876,0.14666666666666667,6.4,4.21
2026-01-05 02:00:00+00:00,t1,1,0.01,0.009535060561803336,0.060939473684949806,0.08875807885196255,0.1459803862401931,0.30833333333333335,3.07,1.8483333333333334
2026-01-05 02:00:00+00:00,t1,2,0.01,0.0,0.24356243201495964,0.41580350217559425,0.40783563748079876,0.26,6.03,1.8483333333333334
2026-01-05 02:00:00+00:00,t2,1,0.01,0.008222095507769362,0.05961859550067823,0.08857817307013155,0.1459803862401931,0.295,3.07,2.09
2026-01-05 02:00:00+00:00,t2,2,0.01,0.0,0.24224155383068804,0.4157873396015012,0.40783563748079876,0.26,6.03,2.09
2026-01-05 03:00:00+00:00,t1,1,0.01,0.009535060561803336,0.05489386107728839,0.05489386107728839,0.10431543935643564,0.5016666666666666,2.05,1.43
2026-01-05 03:00:00+00:00,t1,2,0.01,0.0,0.21556189395771475,0.38929446839893045,0.29666767038040753,0.22833333333333336,5.15,1.43
2026-01-05 03:00:00+00:00,t2,1,0.01,0.007951399793928447,0.05357298289301682,0.05357298289301682,0.10431543935643564,0.41,2.05,1.5566666666666666
2026-01-05 03:00:00+00:00,t2,2,0.01,0.0,0.21424101577344315,0.39600152374777775,0.29666767038040753,0.22,5.15,1.5566666666666666
2026-01-05 04:00:00+00:00,t1,1,0.01,0.009535060561803336,0.037851042969807715,0.0593538702355238,0.0898266827891979,0.07166666666666667,1.28,2.0316666666666667
2026-01-05 04:00:00+00:00,t1,2,0.01,0.008871908369604055,0.03142878947846275,0.15549661884620145,0.17437129044610378,0.165,3.82,2.0316666666666667
2026-01-05 04:00:00+00:00,t2,1,0.01,0.007109335732054104,0.037376532886562244,0.0593538702355238,0.0898266827891979,0.04833333333333333,1.28,1.8033333333333335
2026-01-05 04:00:00+00:00,t2,2,0.01,0.00702239775097045,0.030954279395217277,0.15549661884620145,0.17437129044610378,0.11833333333333333,3.82,1.8033333333333335
2026-01-05 05:00:00+00:00,t1,1,0.01,0.0,0.0,0.014468556047618606,0.09097294306980487,0.07166666666666667,0.6,1.915
2026-01-05 05:00:00+00:00,t1,2,0.01,0.006248669593849673,0.006248669593849673,0.12899350605860116,0.1459803862401931,0.15166666666666667,3.15,1.915
2026-01-05 05:00:00+00:00,t2,1,0.006666666666666667,0.0,0.0,0.014468556047618606,0.09097294306980487,0.07666666666666667,0.6,2.0116666666666667
2026-01-05 05:00:00+00:00,t2,2,0.006666666666666667,0.005774159510604197,0.005774159510604197,0.12899350605860116,0.1459803862401931,0.135,3.15,2.0116666666666667
2026-01-05 06:00:00+00:00,t1,1,0.01,0.0,0.0,0.03155552571625891,0.09097294306980487,0.07333333333333333,0.74,1.6383333333333334
2026-01-05 06:00:00+00:00,t1,2,0.01,0.004602851323628564,0.004602851323628564,0.1277979495879182,0.13303917357062492,0.07333333333333333,2.83,1.6383333333333334
2026-01-05 06:00:00+00:00,t2,1,0.008333333333333333,0.0,0.0,0.03155552571625891,0.09097294306980487,0.06833333333333333,0.74,1.655
2026-01-05 06:00:00+00:00,t2,2,0.008333333333333333,0.0041283412403831,0.0041283412403831,0.1277979495879182,0.13303917357062492,0.06666666666666667,2.83,1.655
2026-01-05 07:00:00+00:00,t1,1,0.018333333333333333,0.0,0.0,0.02382966884268275,0.0898266827891979,0.01,1.02,2.91
2026-01-05 07:00:00+00:00,t1,2,0.018333333333333333,0.0,0.0,0.0589329810434152,0.10431543935643564,0.13333333333333333,2.39,2.91
2026-01-05 07:00:00+00:00,t2,1,0.013333333333333334,0.0,0.0,0.02382966884268275,0.0898266827891979,0.01,1.02,3.061666666666667
2026-01-05 07:00:00+00:00,t2,2,0.013333333333333334,0.0,0.0,0.0589329810434152,0.10431543935643564,0.14333333333333334,2.39,3.061666666666667
2026-01-05 08:00:00+00:00,t1,1,0.03166666666666667,0.0007446273137994221,0.0007446273137994221,0.036764085564772175,0.0898266827891979,0.01,1.36,4.075
2026-01-05 08:00:00+00:00,t1,2,0.03166666666666667,0.0011145162019526992,0.0011145162019526992,0.08447972475523417,0.10344010868308474,0.17666666666666667,1.95,4.075
2026-01-05 08:00:00+00:00,t2,1,0.03333333333333333,0.0002701172305539564,0.0002701172305539564,0.036764085564772175,0.0898266827891979,0.01,1.36,4.58
2026-01-05 08:00:00+00:00,t2,2,0.03333333333333333,0.0006400061187072368,0.0006400061187072368,0.08447972475523417,0.10344010868308474,0.16166666666666665,1.95,4.58
2026-01-05 09:00:00+00:00,t1,1,0.01,0.009535060561803336,0.018405262404613983,0.08353324931516318,0.0898266827891979,0.01,1.41,2.856666666666667
2026-01-05 09:00:00+00:00,t1,2,0.01,0.008871908369604055,0.038781076670474084,0.12920328141509535,0.10344010868308474,0.17166666666666666,1.66,2.856666666666667
2026-01-05 09:00:00+00:00,t2,1,0.008333333333333333,0.007663099640201272,0.017930752321368513,0.08353324931516318,0.0898266827891979,0.01,1.41,3.3833333333333333
2026-01-05 09:00:00+00:00,t2,2,0.008333333333333333,0.006597873394558664,0.03830656658722861,0.12920328141509535,0.10344010868308474,0.15833333333333333,1.66,3.3833333333333333
2026-01-05 10:00:00+00:00,t1,1,0.01,0.009535060561803336,0.11560556757124288,0.4624185351099201,0.0898266827891979,0.03333333333333333,1.1,2.4916666666666667
2026-01-05 10:00:00+00:00,t1,2,0.01,0.008871908369604055,0.16077170761086435,0.486273585399587,0.0898266827891979,0.19666666666666666,1.49,2.4916666666666667
2026-01-05 10:00:00+00:00,t2,1,0.006666666666666667,0.008067314827305239,0.11513105748799742,0.4624185351099201,0.0898266827891979,0.03166666666666667,1.1,2.5383333333333336
2026-01-05 10:00:00+00:00,t2,2,0.006666666666666667,0.006324223645512602,0.16029719752761884,0.486273585399587,0.0898266827891979,0.19666666666666666,1.49,2.5383333333333336
2026-01-05 11:00:00+00:00,t1,1,0.02,0.009535060561803336,0.2390893979865326,0.5323146227038895,0.0898266827891979,0.25333333333333335,1.07,3.39
2026-01-05 11:00:00+00:00,t1,2,0.02,0.008871908369604055,0.2674145846912195,0.5591337495650175,0.10431543935643564,0.24333333333333332,2.47,3.39
2026-01-05 11:00:00+00:00,t2,1,0.018333333333333333,0.007396205424816555,0.23861488790328708,0.5323146227038895,0.0898266827891979,0.265,1.07,3.0966666666666662
2026-01-05 11:00:00+00:00,t2,2,0.018333333333333333,0.0068861413996432076,0.26694007460797403,0.5591337495650175,0.10431543935643564,0.20666666666666667,2.47,3.0966666666666662
2026-01-05 12:00:00+00:00,t1,1,0.03666666666666667,0.009535060561803336,0.21491765870824078,0.6135716220559237,0.10344010868308474,0.6166666666666666,1.54,4.111666666666667
2026-01-05 12:00:00+00:00,t1,2,0.03666666666666667,0.008871908369604055,0.2151043540289275,0.6331915240050513,0.10431543935643564,0.255,2.1,4.111666666666667
2026-01-05 12:00:00+00:00,t2,1,0.03333333333333333,0.007555926653634621,0.21261002964509831,0.6134066170424478,0.10344010868308474,0.5816666666666667,1.54,3.9416666666666664
2026-01-05 12:00:00+00:00,t2,2,0.03333333333333333,0.00716330149567034,0.21279672496578503,0.6330265189915754,0.10431543935643564,0.2783333333333333,2.1,3.9416666666666664
2026-01-05 13:00:00+00:00,t1,1,0.06833333333333334,0.009535060561803336,0.15417530421664524,0.6633363924210404,0.1459803862401931,0.6016666666666667,3.08,4.68
2026-01-05 13:00:00+00:00,t1,2,0.06833333333333334,0.008871908369604055,0.2126620976808311,0.7480184570402048,0.17437129044610378,0.5216666666666666,3.6,4.68
2026-01-05 13:00:00+00:00,t2,1,0.07333333333333333,0.009572739668904111,0.15329924113302176,0.6633363924210404,0.1459803862401931,0.62,3.08,4.926666666666667
2026-01-05 13:00:00+00:00,t2,2,0.07333333333333333,0.010359847966082409,0.20995291561731066,0.7476192289447391,0.17437129044610378,0.5066666666666667,3.6,4.926666666666667
2026-01-05 14:00:00+00:00,t1,1,0.08333333333333333,0.0,0.23367575959027992,0.5400359552570849,0.24396644031099302,0.6366666666666667,4.81,4.755
2026-01-05 14:00:00+00:00,t1,2,0.08333333333333333,0.0,0.1795717870382647,0.539036624735685,0.29666767038040753,0.215,5.34,4.755
2026-01-05 14:00:00+00:00,t2,1,0.07166666666666667,0.0005959041743189564,0.23096657752675948,0.5396205645875264,0.24396644031099302,0.6566666666666666,4.81,4.825
2026-01-05 14:00:00+00:00,t2,2,0.07166666666666667,0.0,0.1744141600899572,0.5386212340661263,0.29666767038040753,0.245,5.34,4.825
2026-01-05 15:00:00+00:00,t1,1,0.13166666666666668,0.05232075988879588,0.20285389596748735,0.6905105847699505,0.40783563748079876,0.47500000000000003,6.13,5.2283333333333335
2026-01-05 15:00:00+00:00,t1,2,0.13166666666666668,0.047895751432535674,0.20808190684498604,0.6689846226145124,0.40783563748079876,0.5683333333333334,6.1,5.2283333333333335
2026-01-05 15:00:00+00:00,t2,1,0.12166666666666666,0.013095770006036407,0.19769626901917983,0.6900951941003919,0.40783563748079876,0.48666666666666664,6.13,5.343333333333334
2026-01-05 15:00:00+00:00,t2,2,0.12166666666666666,0.008742895763087628,0.20292427989667852,0.6685692319449538,0.40783563748079876,0.48833333333333334,6.1,5.343333333333334
2026-01-05 16:00:00+00:00,t1,1,0.18833333333333332,0.11481545791736181,0.3755395673804255,0.7962653451414953,0.29666767038040753,0.3233333333333333,5.5,5.8183333333333325
2026-01-05 16:00:00+00:00,t1,2,0.18833333333333332,0.056634052833594406,0.31381638167350606,0.7038646229866526,0.29666767038040753,0.29833333333333334,5.48,5.8183333333333325
2026-01-05 16:00:00+00:00,t2,1,0.15166666666666664,0.07746336918026632,0.3703819404321181,0.7960890797695704,0.29666767038040753,0.3466666666666667,5.5,5.695
2026-01-05 16:00:00+00:00,t2,2,0.15166666666666664,0.018426799004186888,0.30865875472519877,0.7034492323170939,0.29666767038040753,0.285,5.48,5.695
2026-01-05 17:00:00+00:00,t1,1,0.37666666666666665,0.16441754084446902,0.4113542427304463,0.9038720943276766,0.29666767038040753,0.4683333333333333,5.35,6.82
2026-01-05 17:00:00+00:00,t1,2,0.37666666666666665,0.07378682554196637,0.32241154881015954,0.7713405365103838,0.29666767038040753,0.19000000000000003,5.08,6.82
2026-01-05 17:00:00+00:00,t2,1,0.34833333333333333,0.11092120975674774,0.4091414518827083,0.902622207639559,0.29666767038040753,0.48500000000000004,5.35,6.715
2026-01-05 17:00:00+00:00,t2,2,0.34833333333333333,0.04757679991761812,0.31725392186185225,0.7751023254057393,0.29666767038040753,0.15833333333333335,5.08,6.715
2026-01-05 18:00:00+00:00,t1,1,0.4216666666666667,0.12696316257009388,0.2882602835384705,0.842156909534687,0.29666767038040753,0.7666666666666666,5.08,7.151666666666667
2026-01-05 18:00:00+00:00,t1,2,0.4216666666666667,0.14653840030966933,0.4076137334467855,0.880289819207769,0.29666767038040753,0.30833333333333335,5.23,7.151666666666667
2026-01-05 18:00:00+00:00,t2,1,0.37166666666666665,0.08671333528039733,0.2860474926907325,0.8409070228465695,0.29666767038040753,0.8316666666666667,5.08,6.941666666666666
2026-01-05 18:00:00+00:00,t2,2,0.37166666666666665,0.12154280859480074,0.40569233557752055,0.8798221375549392,0.29666767038040753,0.265,5.23,6.941666666666666
2026-01-05 19:00:00+00:00,t1,1,0.375,0.1698067264853136,0.3419430332245071,0.9156281283758286,0.34551812937783266,0.2866666666666667,5.88,6.8950000000000005
2026-01-05 19:00:00+00:00,t1,2,0.375,0.1280238102990267,0.38955319440942077,0.923301428299401,0.24396644031099302,0.23166666666666666,4.95,6.8950000000000005
2026-01-05 19:00:00+00:00,t2,1,0.3466666666666667,0.12770690421701614,0.33732990594031886,0.9141512213245568,0.34551812937783266,0.27666666666666667,5.88,6.836666666666666
2026-01-05 19:00:00+00:00,t2,2,0.3466666666666667,0.1126358266504722,0.38885871628080976,0.922725509260613,0.24396644031099302,0.18333333333333335,4.95,6.836666666666666
2026-01-05 20:00:00+00:00,t1,1,0.31833333333333336,0.16687448013070194,0.3310107725068151,0.9195049150334179,0.34551812937783266,0.32666666666666666,5.87,6.723333333333334
2026-01-05 20:00:00+00:00,t1,2,0.31833333333333336,0.17916958782271244,0.48456968702885994,0.9412158135894967,0.34551812937783266,0.2866666666666667,5.55,6.723333333333334
2026-01-05 20:00:00+00:00,t2,1,0.2966666666666667,0.1608448087664181,0.3263284927736017,0.916765078750464,0.34551812937783266,0.33,5.87,6.6883333333333335
2026-01-05 20:00:00+00:00,t2,2,0.2966666666666667,0.17891696240958374,0.4857083278801457,0.9398995481040394,0.34551812937783266,0.26666666666666666,5.55,6.6883333333333335
2026-01-05 21:00:00+00:00,t1,1,0.8166666666666668,0.2605879971461896,0.43208747827312777,0.9348254755657629,0.34551812937783266,0.3416666666666666,5.9,9.946666666666667
2026-01-05 21:00:00+00:00,t1,2,0.8166666666666668,0.25215549710737883,0.591246647344918,0.9563065136771637,0.29666767038040753,0.28,5.4,9.946666666666667
2026-01-05 21:00:00+00:00,t2,1,0.7400000000000001,0.2714485747362927,0.43163865395626144,0.9335555724030995,0.34551812937783266,0.34500000000000003,5.9,9.55
2026-01-05 21:00:00+00:00,t2,2,0.7400000000000001,0.2019629351209966,0.5923852881962041,0.9550749691680488,0.29666767038040753,0.18999999999999997,5.4,9.55
2026-01-05 22:00:00+00:00,t1,1,0.9866666666666667,0.3001208516084042,0.533452984077471,0.9560189212072118,0.34551812937783266,0.2783333333333334,6.0,13.041666666666666
2026-01-05 22:00:00+00:00,t1,2,0.9866666666666667,0.37603707490967925,0.5970704015413701,0.9816921548242162,0.40783563748079876,0.19000000000000003,6.04,13.041666666666666
2026-01-05 22:00:00+00:00,t2,1,0.9566666666666667,0.3087979979853052,0.5330041597606048,0.95406962607875,0.34551812937783266,0.27666666666666667,6.0,12.844999999999999
2026-01-05 22:00:00+00:00,t2,2,0.9566666666666667,0.29705522939761037,0.5966215772245039,0.979867682193199,0.40783563748079876,0.16833333333333333,6.04,12.844999999999999
2026-01-05 23:00:00+00:00,t1,1,0.8433333333333333,0.4201623501723012,0.6060385123769347,0.9807520525159749,0.533438938580799,0.17,7.05,10.468333333333334
2026-01-05 23:00:00+00:00,t1,2,0.8433333333333333,0.4699597208725276,0.6797897687440517,1.0,0.46587952084773093,0.2733333333333334,6.74,10.468333333333334
2026-01-05 23:00:00+00:00,t2,1,0.7999999999999999,0.4494050643170813,0.6059068027012005,0.9764930018595622,0.533438938580799,0.16,7.05,10.253333333333332
2026-01-05 23:00:00+00:00,t2,2,0.7999999999999999,0.3580381694010837,0.6796580590683174,0.999327207044766,0.46587952084773093,0.23333333333333336,6.74,10.253333333333332
2026-01-06 00:00:00+00:00,t1,1,0.9700000000000001,0.6272742954706351,0.7067926345711681,1.0,0.533438938580799,0.12333333333333334,7.22,10.806666666666667
2026-01-06 00:00:00+00:00,t1,2,0.9700000000000001,0.5703094838184178,0.7348911697330814,1.0,0.533438938580799,0.26666666666666666,7.05,10.806666666666667
2026-01-06 00:00:00+00:00,t2,1,0.9683333333333333,0.5997761597147976,0.7066609248954339,0.9996006935171335,0.533438938580799,0.12666666666666668,7.22,10.995
2026-01-06 00:00:00+00:00,t2,2,0.9683333333333333,0.5312496589055541,0.7347594600573472,1.0,0.533438938580799,0.2283333333333333,7.05,10.995
2026-01-06 01:00:00+00:00,t1,1,0.8766666666666666,0.7478564286822981,0.7925487484603215,1.0,0.621809413221861,0.045000000000000005,8.04,10.026666666666667
2026-01-06 01:00:00+00:00,t1,2,0.8766666666666666,0.6319134481166082,0.7608628787757773,1.0,0.5595838549817422,0.39166666666666666,7.67,10.026666666666667
2026-01-06 01:00:00+00:00,t2,1,0.8783333333333333,0.6359974367000163,0.7924170387845872,1.0,0.621809413221861,0.04833333333333333,8.04,9.966666666666667
2026-01-06 01:00:00+00:00,t2,2,0.8783333333333333,0.5976192727082252,0.760731169100043,1.0,0.5595838549817422,0.37000000000000005,7.67,9.966666666666667
2026-01-06 02:00:00+00:00,t1,1,0.9733333333333333,0.78684901466763,0.8525192731315935,1.0,0.621809413221861,0.01,8.32,11.51
2026-01-06 02:00:00+00:00,t1,2,0.9733333333333333,0.758723492424418,0.8158267276155351,1.0,0.621809413221861,0.30833333333333335,8.16,11.51
2026-01-06 02:00:00+00:00,t2,1,0.9733333333333333,0.7090756266549499,0.8524720018151053,1.0,0.621809413221861,0.01,8.32,11.556666666666667
2026-01-06 02:00:00+00:00,t2,2,0.9733333333333333,0.6823397695861624,0.8157794562990469,1.0,0.621809413221861,0.295,8.16,11.556666666666667
2026-01-06 03:00:00+00:00,t1,1,0.9899999999999999,0.893631799982157,0.9008105484223016,1.0,0.6886657154935532,0.01,9.01,12.325000000000001
2026-01-06 03:00:00+00:00,t1,2,0.9899999999999999,0.7649806955524248,0.8749428050950621,1.0,0.621809413221861,0.5016666666666666,8.25,12.325000000000001
2026-01-06 03:00:00+00:00,t2,1,0.9683333333333333,0.8693142428173712,0.9007632771058134,1.0,0.6886657154935532,0.01,9.01,12.604999999999999
2026-01-06 03:00:00+00:00,t2,2,0.9683333333333333,0.7182894592930733,0.8748955337785739,1.0,0.621809413221861,0.41,8.25,12.604999999999999
2026-01-06 04:00:00+00:00,t1,1,0.9783333333333334,0.8850026601655916,0.9000121626492694,1.0,0.7036149602258147,0.01,9.84,12.238333333333335
2026-01-06 04:00:00+00:00,t1,2,0.9783333333333334,0.7784816833616155,0.8758289965125313,1.0,0.621809413221861,0.07166666666666667,8.13,12.238333333333335
2026-01-06 04:00:00+00:00,t2,1,0.965,0.8999648913327812,0.8999648913327812,1.0,0.7036149602258147,0.01,9.84,12.636666666666665
2026-01-06 04:00:00+00:00,t2,2,0.965,0.7249812817587651,0.8757817251960431,1.0,0.621809413221861,0.04833333333333333,8.13,12.636666666666665
2026-01-06 05:00:00+00:00,t1,1,0.9683333333333333,0.8757517854262667,0.9212782497793879,1.0,0.751884164222874,0.01,10.49,12.82
2026-01-06 05:00:00+00:00,t1,2,0.9683333333333333,0.825398196663254,0.9090735508652064,1.0,0.621809413221861,0.07166666666666667,8.45,12.82
2026-01-06 05:00:00+00:00,t2,1,0.9133333333333334,0.9212309784628997,0.9212309784628997,1.0,0.751884164222874,0.006666666666666667,10.49,12.808333333333332
2026-01-06 05:00:00+00:00,t2,2,0.9133333333333334,0.8171144153533518,0.9090262795487182,1.0,0.621809413221861,0.07666666666666667,8.45,12.808333333333332
2026-01-06 06:00:00+00:00,t1,1,0.9866666666666667,0.8792973677725991,0.9403155078850064,1.0,0.8056408045977012,0.01,11.9,13.106666666666667
2026-01-06 06:00:00+00:00,t1,2,0.9866666666666667,0.8422311887464533,0.936426942452026,1.0,0.7513208481965913,0.07333333333333333,10.78,13.106666666666667
2026-01-06 06:00:00+00:00,t2,1,0.975,0.8959827043103006,0.9402682365685182,1.0,0.8056408045977012,0.008333333333333333,11.9,13.781666666666666
2026-01-06 06:00:00+00:00,t2,2,0.975,0.9207623214485807,0.9363796711355378,1.0,0.7513208481965913,0.06833333333333333,10.78,13.781666666666666
2026-01-06 07:00:00+00:00,t1,1,0.9766666666666666,0.8804858706920875,0.9478960589520457,1.0,0.856132530120482,0.018333333333333333,12.71,12.13
2026-01-06 07:00:00+00:00,t1,2,0.9766666666666666,0.8720847298619374,0.9430762300417496,1.0,0.8056408045977012,0.01,11.6,12.13
2026-01-06 07:00:00+00:00,t2,1,0.9733333333333333,0.8976247116623975,0.9478487876355575,1.0,0.856132530120482,0.013333333333333334,12.71,12.803333333333335
2026-01-06 07:00:00+00:00,t2,2,0.9733333333333333,0.9430289587252614,0.9430289587252614,1.0,0.8056408045977012,0.01,11.6,12.803333333333335
2026-01-06 08:00:00+00:00,t1,1,0.9683333333333333,0.9639581807056057,0.9664145468229232,1.0,0.8120074982958418,0.03166666666666667,12.42,11.373333333333333
2026-01-06 08:00:00+00:00,t1,2,0.9683333333333333,0.9114416169831365,0.9692992856254797,1.0,0.7759836210712704,0.01,11.24,11.373333333333333
2026-01-06 08:00:00+00:00,t2,1,0.9666666666666667,0.9508237248151683,0.966367275506435,1.0,0.8120074982958418,0.03333333333333333,12.42,11.803333333333333
2026-01-06 08:00:00+00:00,t2,2,0.9666666666666667,0.9692520143089915,0.9692520143089915,1.0,0.7759836210712704,0.01,11.24,11.803333333333333
2026-01-06 09:00:00+00:00,t1,1,0.9866666666666667,0.9199813291857638,0.9766367605763875,1.0,0.7759836210712704,0.01,11.1,12.123333333333333
2026-01-06 09:00:00+00:00,t1,2,0.9866666666666667,0.9155173782451178,0.9752892772652116,1.0,0.751884164222874,0.01,10.38,12.123333333333333
2026-01-06 09:00:00+00:00,t2,1,0.9700000000000001,0.9444736777111734,0.9765894892598993,1.0,0.7759836210712704,0.008333333333333333,11.1,12.475
2026-01-06 09:00:00+00:00,t2,2,0.9700000000000001,0.9695016963210197,0.9752420059487235,1.0,0.751884164222874,0.01,10.38,12.475
2026-01-06 10:00:00+00:00,t1,1,0.9899999999999999,0.9080174765715028,1.0,1.0,0.751884164222874,0.01,10.14,12.086666666666666
2026-01-06 10:00:00+00:00,t1,2,0.9899999999999999,0.9041091251590734,0.9962182578911959,1.0,0.751884164222874,0.03333333333333333,10.04,12.086666666666666
2026-01-06 10:00:00+00:00,t2,1,0.965,0.9515958001171535,1.0,1.0,0.751884164222874,0.006666666666666667,10.14,12.18
2026-01-06 10:00:00+00:00,t2,2,0.965,0.970726439281627,0.9961709865747077,1.0,0.751884164222874,0.03166666666666667,10.04,12.18
2026-01-06 11:00:00+00:00,t1,1,0.9883333333333333,0.8948629821688682,1.0,1.0,0.6886657154935532,0.02,9.12,12.583333333333334
2026-01-06 11:00:00+00:00,t1,2,0.9883333333333333,0.9067856580616118,1.0,1.0,0.6886657154935532,0.25333333333333335,9.35,12.583333333333334
2026-01-06 11:00:00+00:00,t2,1,0.9700000000000001,0.8813532401109311,1.0,1.0,0.6886657154935532,0.018333333333333333,9.12,12.358333333333334
2026-01-06 11:00:00+00:00,t2,2,0.9700000000000001,0.8820747340172204,1.0,1.0,0.6886657154935532,0.265,9.35,12.358333333333334
2026-01-06 12:00:00+00:00,t1,1,0.9883333333333333,0.8500933633278797,1.0,1.0,0.621809413221861,0.03666666666666667,8.08,11.39
2026-01-06 12:00:00+00:00,t1,2,0.9883333333333333,0.8376382595291034,0.9867287082366701,1.0,0.621809413221861,0.6166666666666666,8.41,11.39
2026-01-06 12:00:00+00:00,t2,1,0.9700000000000001,0.8419107605794404,1.0,1.0,0.621809413221861,0.03333333333333333,8.08,11.683333333333332
2026-01-06 12:00:00+00:00,t2,2,0.9700000000000001,0.8512292765505329,0.986681436920182,1.0,0.621809413221861,0.5816666666666667,8.41,11.683333333333332
2026-01-06 13:00:00+00:00,t1,1,0.9899999999999999,0.7437141598936312,0.9575769471101204,1.0,0.5595838549817422,0.06833333333333334,7.59,11.575000000000001
2026-01-06 13:00:00+00:00,t1,2,0.9899999999999999,0.7595641358711421,0.9757049790074603,1.0,0.5595838549817422,0.6016666666666667,7.73,11.575000000000001
2026-01-06 13:00:00+00:00,t2,1,0.9700000000000001,0.7094949032196342,0.9567875323683683,1.0,0.5595838549817422,0.07333333333333333,7.59,11.808333333333332
2026-01-06 13:00:00+00:00,t2,2,0.9700000000000001,0.7575441460628554,0.9749155642657082,1.0,0.5595838549817422,0.62,7.73,11.808333333333332
2026-01-06 14:00:00+00:00,t1,1,0.855,0.7094336006466783,0.9276270362280483,1.0,0.5595838549817422,0.08333333333333333,7.56,10.22
2026-01-06 14:00:00+00:00,t1,2,0.855,0.6762117188256895,0.934645693873211,1.0,0.533438938580799,0.6366666666666667,7.38,10.22
2026-01-06 14:00:00+00:00,t2,1,0.8916666666666666,0.6714438527252766,0.9268376214862962,1.0,0.5595838549817422,0.07166666666666667,7.56,10.346666666666666
2026-01-06 14:00:00+00:00,t2,2,0.8916666666666666,0.618169206059031,0.9338562791314589,1.0,0.533438938580799,0.6566666666666666,7.38,10.346666666666666
2026-01-06 15:00:00+00:00,t1,1,0.6966666666666667,0.4894836719824197,0.8511113985848741,0.9991199365216895,0.46587952084773093,0.13166666666666668,6.75,8.935
2026-01-06 15:00:00+00:00,t1,2,0.6966666666666667,0.5585620184989663,0.8529485486174146,1.0,0.46587952084773093,0.47500000000000003,6.51,8.935
2026-01-06 15:00:00+00:00,t2,1,0.635,0.4664996756501103,0.850321983843122,0.9966977277740012,0.46587952084773093,0.12166666666666666,6.75,8.568333333333333
2026-01-06 15:00:00+00:00,t2,2,0.635,0.4855920853543396,0.8482662688842011,1.0,0.46587952084773093,0.48666666666666664,6.51,8.568333333333333
2026-01-06 16:00:00+00:00,t1,1,0.4633333333333333,0.1752159140828525,0.5226288186191388,0.9099097600651114,0.24396644031099302,0.18833333333333332,4.73,7.411666666666666
2026-01-06 16:00:00+00:00,t1,2,0.4633333333333333,0.15804173591784518,0.5651011025683469,0.8921097410637684,0.24396644031099302,0.3233333333333333,4.64,7.411666666666666
2026-01-06 16:00:00+00:00,t2,1,0.48500000000000004,0.1320631945115099,0.5158259625850136,0.9097826795684141,0.24396644031099302,0.15166666666666664,4.73,7.718333333333334
2026-01-06 16:00:00+00:00,t2,2,0.48500000000000004,0.11395201899302113,0.5607793682626316,0.8892837820840522,0.24396644031099302,0.3466666666666667,4.64,7.718333333333334
2026-01-06 17:00:00+00:00,t1,1,0.22999999999999998,0.07707165249767647,0.31677231685097973,0.5924140445125676,0.13303917357062492,0.37666666666666665,2.57,5.796666666666667
2026-01-06 17:00:00+00:00,t1,2,0.22999999999999998,0.09927348726007192,0.3951713912440797,0.7492795849480174,0.13303917357062492,0.4683333333333333,2.63,5.796666666666667
2026-01-06 17:00:00+00:00,t2,1,0.165,0.028627445744036528,0.31731049020284813,0.5924140445125676,0.13303917357062492,0.34833333333333333,2.57,5.543333333333333
2026-01-06 17:00:00+00:00,t2,2,0.165,0.05381042254551392,0.39051876883098335,0.7490012308662779,0.13303917357062492,0.48500000000000004,2.63,5.543333333333333
2026-01-06 18:00:00+00:00,t1,1,0.02,0.009535060561803336,0.1747260244216527,0.26575154267215073,0.10344010868308474,0.4216666666666667,1.63,2.6533333333333333
2026-01-06 18:00:00+00:00,t1,2,0.02,0.03092951422960494,0.18002710167983965,0.3849647674900506,0.10431543935643564,0.7666666666666666,2.05,2.6533333333333333
2026-01-06 18:00:00+00:00,t2,1,0.021666666666666667,0.010188870487424425,0.17416707597916103,0.26575154267215073,0.10344010868308474,0.37166666666666665,1.63,2.671666666666667
2026-01-06 18:00:00+00:00,t2,2,0.021666666666666667,0.009199382170461423,0.179468153237348,0.3849647674900506,0.10431543935643564,0.8316666666666667,2.05,2.671666666666667
2026-01-06 19:00:00+00:00,t1,1,0.01,0.009535060561803336,0.10625935395361433,0.17001405590637803,0.10344010868308474,0.375,1.61,2.8733333333333335
2026-01-06 19:00:00+00:00,t1,2,0.01,0.008871908369604055,0.14487334059551546,0.28036463764483244,0.10431543935643564,0.2866666666666667,2.05,2.8733333333333335
2026-01-06 19:00:00+00:00,t2,1,0.008333333333333333,0.008731914595624111,0.10570040551112274,0.17001405590637803,0.10344010868308474,0.3466666666666667,1.61,2.901666666666667
2026-01-06 19:00:00+00:00,t2,2,0.008333333333333333,0.009230812454528005,0.1443143921530238,0.28036463764483244,0.10431543935643564,0.27666666666666667,2.05,2.901666666666667
2026-01-06 20:00:00+00:00,t1,1,0.028333333333333335,0.009535060561803336,0.0901701453737263,0.1241752573367238,0.10344010868308474,0.31833333333333336,1.95,3.8049999999999997
2026-01-06 20:00:00+00:00,t1,2,0.028333333333333335,0.008871908369604055,0.09396340500676631,0.25576647241194095,0.0898266827891979,0.32666666666666666,1.17,3.8049999999999997
2026-01-06 20:00:00+00:00,t2,1,0.02,0.008609499049481583,0.08929408229010287,0.1241752573367238,0.10344010868308474,0.2966666666666667,1.95,3.625
2026-01-06 20:00:00+00:00,t2,2,0.02,0.007916957736236572,0.09340445656427472,0.25576647241194095,0.0898266827891979,0.33,1.17,3.625
2026-01-06 21:00:00+00:00,t1,1,0.028333333333333332,0.009535060561803336,0.060647154986101855,0.09046558122526765,0.10344010868308474,0.8166666666666668,1.56,3.1983333333333337
2026-01-06 21:00:00+00:00,t1,2,0.028333333333333332,0.008871908369604055,0.0932729587940554,0.16320356394789498,0.10344010868308474,0.3416666666666666,1.59,3.1983333333333337
2026-01-06 21:00:00+00:00,t2,1,0.028333333333333332,0.008317215514140558,0.05977109190247842,0.09046558122526765,0.10344010868308474,0.7400000000000001,1.56,3.2883333333333336
2026-01-06 21:00:00+00:00,t2,2,0.028333333333333332,0.007387005556269284,0.0927140103515638,0.16320356394789498,0.10344010868308474,0.34500000000000003,1.59,3.2883333333333336
2026-01-06 22:00:00+00:00,t1,1,0.01,0.009535060561803336,0.06926647897099236,0.07090987028551049,0.0898266827891979,0.9866666666666667,1.01,2.2083333333333335
2026-01-06 22:00:00+00:00,t1,2,0.01,0.008871908369604055,0.08636519169526903,0.10905040689615814,0.1459803862401931,0.2783333333333334,3.15,2.2083333333333335
2026-01-06 22:00:00+00:00,t2,1,0.008333333333333333,0.00793992384594872,0.06870753052850076,0.07090987028551049,0.0898266827891979,0.9566666666666667,1.01,2.723333333333333
2026-01-06 22:00:00+00:00,t2,2,0.008333333333333333,0.007486821487698381,0.08464276051061949,0.10905040689615814,0.1459803862401931,0.27666666666666667,3.15,2.723333333333333
2026-01-06 23:00:00+00:00,t1,1,0.01,0.009535060561803336,0.07002257882689644,0.07002257882689644,0.17437129044610378,0.8433333333333333,3.65,1.2783333333333333
2026-01-06 23:00:00+00:00,t1,2,0.01,0.008871908369604055,0.037754088425640285,0.10517709659937882,0.17437129044610378,0.17,3.6,1.2783333333333333
2026-01-06 23:00:00+00:00,t2,1,0.01,0.008037461549934679,0.06830014764224687,0.06830014764224687,0.17437129044610378,0.7999999999999999,3.65,1.2416666666666665
2026-01-06 23:00:00+00:00,t2,2,0.01,0.007671150614960797,0.03603165724099074,0.10517709659937882,0.17437129044610378,0.16,3.6,1.2416666666666665
2026-01-07 00:00:00+00:00,t1,1,0.01,0.009535060561803336,0.03830146329284073,0.08351674629859165,0.1459803862401931,0.9700000000000001,3.41,0.9633333333333334
2026-01-07 00:00:00+00:00,t1,2,0.01,0.008871908369604055,0.04680610869795985,0.11068453585198554,0.17437129044610378,0.12333333333333334,3.67,0.9633333333333334
2026-01-07 00:00:00+00:00,t2,1,0.01,0.008018059255434964,0.03657903210819118,0.0832825232166019,0.1459803862401931,0.9683333333333333,3.41,0.895
2026-01-07 00:00:00+00:00,t2,2,0.01,0.007784950406509889,0.0450836775133103,0.11722658618735698,0.17437129044610378,0.12666666666666668,3.67,0.895
2026-01-07 01:00:00+00:00,t1,1,0.01,0.009535060561803336,0.051504486497035845,0.10638408432995719,0.1459803862401931,0.8766666666666666,3.25,0.7383333333333333
2026-01-07 01:00:00+00:00,t1,2,0.01,0.008871908369604055,0.05757739900512397,0.14270370046579378,0.17437129044610378,0.045000000000000005,3.87,0.7383333333333333
2026-01-07 01:00:00+00:00,t2,1,0.01,0.00890028830981252,0.04978205531238631,0.10614986124796746,0.1459803862401931,0.8783333333333333,3.25,0.6883333333333334
2026-01-07 01:00:00+00:00,t2,2,0.01,0.008230326548454016,0.05585496782047442,0.1492457508011652,0.17437129044610378,0.04833333333333333,3.87,0.6883333333333334
2026-01-07 02:00:00+00:00,t1,1,0.01,0.0,0.07840154722775805,0.1682256686301544,0.24396644031099302,0.9733333333333333,4.54,0.8866666666666667
2026-01-07 02:00:00+00:00,t1,2,0.01,0.008871908369604055,0.05814416861543835,0.18497708232050705,0.17437129044610378,0.01,3.85,0.8866666666666667
2026-01-07 02:00:00+00:00,t2,1,0.01,0.0,0.07708066904348647,0.1678264405346888,0.24396644031099302,0.9733333333333333,4.54,0.87
2026-01-07 02:00:00+00:00,t2,2,0.01,0.007865124759988235,0.050481972069793865,0.19151913265587847,0.17437129044610378,0.01,3.85,0.87
2026-01-07 03:00:00+00:00,t1,1,0.01,0.009535060561803336,0.07812622913879498,0.14263740157342622,0.13303917357062492,0.9899999999999999,2.84,1.415
2026-01-07 03:00:00+00:00,t1,2,0.01,0.008871908369604055,0.05142623102320109,0.1790486505823999,0.1459803862401931,0.01,3.39,1.415
2026-01-07 03:00:00+00:00,t2,1,0.01,0.008358289630941604,0.07046403259315052,0.1422381734779606,0.13303917357062492,0.9683333333333333,2.84,1.3733333333333333
2026-01-07 03:00:00+00:00,t2,2,0.01,0.007349024762648851,0.04376403447755663,0.18559070091777133,0.1459803862401931,0.01,3.39,1.3733333333333333
2026-01-07 04:00:00+00:00,t1,1,0.01,0.009535060561803336,0.021871796045329583,0.12286699480838603,0.10431543935643564,0.9783333333333334,2.15,1.0733333333333335
2026-01-07 04:00:00+00:00,t1,2,0.01,0.008871908369604055,0.051050264411754684,0.16344987399190902,0.13303917357062492,0.01,2.67,1.0733333333333335
2026-01-07 04:00:00+00:00,t2,1,0.01,0.006458557328986874,0.02139728596208412,0.12286699480838603,0.10431543935643564,0.965,2.15,1.1183333333333334
2026-01-07 04:00:00+00:00,t2,2,0.01,0.007900396194605938,0.04338806786611022,0.17057236945068316,0.13303917357062492,0.01,2.67,1.1183333333333334
2026-01-07 05:00:00+00:00,t1,1,0.01,0.0005130596321223682,0.0005130596321223682,0.20790954995509428,0.09097294306980487,0.9683333333333333,0.88,0.585
2026-01-07 05:00:00+00:00,t1,2,0.01,0.008871908369604055,0.021374089371159827,0.21294205452321086,0.0898266827891979,0.01,1.1,0.585
2026-01-07 05:00:00+00:00,t2,1,0.01,3.854954887690411e-05,3.854954887690411e-05,0.20790954995509428,0.09097294306980487,0.9133333333333334,0.88,0.5466666666666666
2026-01-07 05:00:00+00:00,t2,2,0.01,0.006621647405756095,0.020899579287914357,0.21294205452321086,0.0898266827891979,0.006666666666666667,1.1,0.5466666666666666
2026-01-07 06:00:00+00:00,t1,1,0.01,0.0066560655205786644,0.0066560655205786644,0.15555784857629631,0.0898266827891979,0.9866666666666667,1.31,1.3683333333333334
2026-01-07 06:00:00+00:00,t1,2,0.01,0.008871908369604055,0.04366974126242616,0.1929342033215109,0.10344010868308474,0.01,1.77,1.3683333333333334
2026-01-07 06:00:00+00:00,t2,1,0.01,0.006181555437333194,0.006181555437333194,0.15555784857629631,0.0898266827891979,0.975,1.31,1.2266666666666668
2026-01-07 06:00:00+00:00,t2,2,0.01,0.006340453295698994,0.04319523117918069,0.1929342033215109,0.10344010868308474,0.008333333333333333,1.77,1.2266666666666668
2026-01-07 07:00:00+00:00,t1,1,0.01,0.009535060561803336,0.041086667279749474,0.15999525024758338,0.10344010868308474,0.9766666666666666,1.91,1.0866666666666667
2026-01-07 07:00:00+00:00,t1,2,0.01,0.008871908369604055,0.037789795646125085,0.20031726960965562,0.10344010868308474,0.018333333333333333,1.98,1.0866666666666667
2026-01-07 07:00:00+00:00,t2,1,0.01,0.0068705638925385575,0.040612157196504,0.15999525024758338,0.10344010868308474,0.9733333333333333,1.91,1.2766666666666666
2026-01-07 07:00:00+00:00,t2,2,0.01,0.006366885777553146,0.037315285562879615,0.20031726960965562,0.10344010868308474,0.013333333333333334,1.98,1.2766666666666666
2026-01-07 08:00:00+00:00,t1,1,0.01,0.009535060561803336,0.028322550716139417,0.16525442922996064,0.10344010868308474,0.9683333333333333,1.65,1.0716666666666665
2026-01-07 08:00:00+00:00,t1,2,0.01,0.008871908369604055,0.03202195587571253,0.23576642420471133,0.0898266827891979,0.03166666666666667,1.25,1.0716666666666665
2026-01-07 08:00:00+00:00,t2,1,0.01,0.006890349606817781,0.027848040632893947,0.16525442922996064,0.10344010868308474,0.9666666666666667,1.65,1.1883333333333332
2026-01-07 08:00:00+00:00,t2,2,0.01,0.00709080801146768,0.03154744579246706,0.23576642420471133,0.0898266827891979,0.03333333333333333,1.25,1.1883333333333332
2026-01-07 09:00:00+00:00,t1,1,0.01,0.009535060561803336,0.01469825637646494,0.18518684375369857,0.09097294306980487,0.9866666666666667,0.51,0.7466666666666667
2026-01-07 09:00:00+00:00,t1,2,0.01,0.008871908369604055,0.046389613426339835,0.22548174613205593,0.0898266827891979,0.01,1.46,0.7466666666666667
2026-01-07 09:00:00+00:00,t2,1,0.01,0.007410189735928946,0.014223746293219477,0.18518684375369857,0.09097294306980487,0.9700000000000001,0.51,0.7883333333333332
2026-01-07 09:00:00+00:00,t2,2,0.01,0.006428251085754128,0.045915103343094364,0.22548174613205593,0.0898266827891979,0.008333333333333333,1.46,0.7883333333333332
2026-01-07 10:00:00+00:00,t1,1,0.01,0.009535060561803336,0.04087604915153636,0.17158031570564983,0.10277016520894071,0.9899999999999999,0.28,1.2383333333333333
2026-01-07 10:00:00+00:00,t1,2,0.01,0.008871908369604055,0.03601830979381418,0.21492826389827613,0.0898266827891979,0.01,1.32,1.2383333333333333
2026-01-07 10:00:00+00:00,t2,1,0.01,0.007146737792183105,0.04040153906829089,0.17158031570564983,0.10277016520894071,0.965,0.28,1.1833333333333333
2026-01-07 10:00:00+00:00,t2,2,0.01,0.007122127803942861,0.0283561132481697,0.21492826389827613,0.0898266827891979,0.006666666666666667,1.32,1.1833333333333333
2026-01-07 11:00:00+00:00,t1,1,0.011666666666666667,0.009535060561803336,0.049216901630504344,0.18786394472594722,0.10277016520894071,0.9883333333333333,0.34,2.763333333333333
2026-01-07 11:00:00+00:00,t1,2,0.011666666666666667,0.008871908369604055,0.09034364349427851,0.25084593649262693,0.0898266827891979,0.02,1.32,2.763333333333333
2026-01-07 11:00:00+00:00,t2,1,0.008333333333333333,0.00704146489918446,0.04874239154725887,0.18786394472594722,0.10277016520894071,0.9700000000000001,0.34,2.5383333333333336
2026-01-07 11:00:00+00:00,t2,2,0.008333333333333333,0.006651438529607341,0.08268144694863407,0.25084593649262693,0.0898266827891979,0.018333333333333333,1.32,2.5383333333333336
2026-01-07 12:00:00+00:00,t1,1,0.028333333333333332,0.009535060561803336,0.05089423158458956,0.1276764154017535,0.09097294306980487,0.9883333333333333,0.64,4.408333333333334
2026-01-07 12:00:00+00:00,t1,2,0.028333333333333332,0.008871908369604055,0.059214271350147486,0.16325253684730892,0.10431543935643564,0.03666666666666667,2.16,4.408333333333334
2026-01-07 12:00:00+00:00,t2,1,0.021666666666666667,0.007219621521050526,0.05041972150134409,0.1276764154017535,0.09097294306980487,0.9700000000000001,0.64,4.321666666666666
2026-01-07 12:00:00+00:00,t2,2,0.021666666666666667,0.00813597007452948,0.05690664228700506,0.16308753183383304,0.10431543935643564,0.03333333333333333,2.16,4.321666666666666
2026-01-07 13:00:00+00:00,t1,1,0.02,0.009535060561803336,0.04946573443376534,0.06343414931456565,0.0898266827891979,0.9899999999999999,1.31,4.121666666666667
2026-01-07 13:00:00+00:00,t1,2,0.02,0.008871908369604055,0.10035024516787824,0.2453293509093376,0.10431543935643564,0.06833333333333334,2.28,4.121666666666667
2026-01-07 13:00:00+00:00,t2,1,0.02,0.007301668983404809,0.04675655237024496,0.06326914430108976,0.0898266827891979,0.9700000000000001,1.31,4.256666666666667
2026-01-07 13:00:00+00:00,t2,2,0.02,0.008689019359729868,0.09764106310435787,0.2452961160126758,0.10431543935643564,0.07333333333333333,2.28,4.256666666666667
2026-01-07 14:00:00+00:00,t1,1,0.011666666666666667,0.009535060561803336,0.04039119909302986,0.1331388310062826,0.13303917357062492,0.855,2.52,2.861666666666667
2026-01-07 14:00:00+00:00,t1,2,0.011666666666666667,0.008871908369604055,0.13030013039937174,0.2912598097770045,0.1459803862401931,0.08333333333333333,3.44,2.861666666666667
2026-01-07 14:00:00+00:00,t2,1,0.008333333333333333,0.009063617827154974,0.037682017029509456,0.13297382599280672,0.13303917357062492,0.8916666666666666,2.52,3.205
2026-01-07 14:00:00+00:00,t2,2,0.008333333333333333,0.010173487528327895,0.1275909483358513,0.29086058168153883,0.1459803862401931,0.07166666666666667,3.44,3.205
2026-01-07 15:00:00+00:00,t1,1,0.01,0.009535060561803336,0.07252196180823436,0.1690778046273932,0.13303917357062492,0.6966666666666667,2.84,1.4316666666666666
2026-01-07 15:00:00+00:00,t1,2,0.01,0.0,0.16186193678002853,0.3063624405883486,0.20381297203510923,0.13166666666666668,4.3,1.4316666666666666
2026-01-07 15:00:00+00:00,t2,1,0.01,0.009186190121129567,0.06981277974471399,0.1689127996139173,0.13303917357062492,0.635,2.84,1.535
2026-01-07 15:00:00+00:00,t2,2,0.01,0.0,0.15915275471650808,0.30596321249288294,0.20381297203510923,0.12166666666666666,4.3,1.535
2026-01-07 16:00:00+00:00,t1,1,0.01,0.009535060561803336,0.06433107204634171,0.1246341566363249,0.13303917357062492,0.4633333333333333,2.77,1.0883333333333334
2026-01-07 16:00:00+00:00,t1,2,0.01,0.027262403408247347,0.20343952299442092,0.3450361934776937,0.17437129044610378,0.18833333333333332,3.97,1.0883333333333334
2026-01-07 16:00:00+00:00,t2,1,0.01,0.009213854820341866,0.06162188998282134,0.12446915162284908,0.13303917357062492,0.48500000000000004,2.77,1.11
2026-01-07 16:00:00+00:00,t2,2,0.01,0.019534221679001488,0.20073034093090047,0.34463696538222804,0.17437129044610378,0.15166666666666664,3.97,1.11
2026-01-07 17:00:00+00:00,t1,1,0.01,0.009535060561803336,0.03807232011563406,0.12725714420701056,0.13303917357062492,0.22999999999999998,2.84,1.16
2026-01-07 17:00:00+00:00,t1,2,0.01,0.02320122468419071,0.18890341150911438,0.4084055958224227,0.17437129044610378,0.37666666666666665,3.86,1.16
2026-01-07 17:00:00+00:00,t2,1,0.01,0.009201806746621464,0.035363138052113656,0.12709213919353468,0.13303917357062492,0.165,2.84,0.7783333333333333
2026-01-07 17:00:00+00:00,t2,2,0.01,0.019518086644957102,0.18619422944559394,0.40800636772695703,0.17437129044610378,0.34833333333333333,3.86,0.7783333333333333
2026-01-07 18:00:00+00:00,t1,1,0.01,0.009535060561803336,0.05200432149471911,0.13382673596925276,0.10344010868308474,0.02,1.98,1.3233333333333335
2026-01-07 18:00:00+00:00,t1,2,0.01,0.008871908369604055,0.12551227442102425,0.2336917488449929,0.17437129044610378,0.4216666666666667,3.9,1.3233333333333335
2026-01-07 18:00:00+00:00,t2,1,0.01,0.007648245405655648,0.04929513943119874,0.13366173095577688,0.10344010868308474,0.021666666666666667,1.98,1.5066666666666666
2026-01-07 18:00:00+00:00,t2,2,0.01,0.013280697666889793,0.12280309235750385,0.2332925207495273,0.17437129044610378,0.37166666666666665,3.9,1.5066666666666666
2026-01-07 19:00:00+00:00,t1,1,0.01,0.009535060561803336,0.02762013294854464,0.10765013498946557,0.0898266827891979,0.01,1.42,0.7933333333333333
2026-01-07 19:00:00+00:00,t1,2,0.01,0.008871908369604055,0.12537660471864534,0.24450505779866022,0.1459803862401931,0.375,3.35,0.7933333333333333
2026-01-07 19:00:00+00:00,t2,1,0.01,0.007492545231978559,0.022829277653480664,0.10775727757475803,0.0898266827891979,0.008333333333333333,1.42,1.0433333333333332
2026-01-07 19:00:00+00:00,t2,2,0.01,0.010804598808415755,0.1226674226551249,0.24410582970319453,0.1459803862401931,0.3466666666666667,3.35,1.0433333333333332
2026-01-07 20:00:00+00:00,t1,1,0.01,0.009535060561803336,0.013441106539286646,0.09039215940644385,0.0898266827891979,0.028333333333333335,1.36,1.5566666666666666
2026-01-07 20:00:00+00:00,t1,2,0.01,0.008871908369604055,0.10657884468500023,0.23046910194285358,0.1459803862401931,0.31833333333333336,3.25,1.5566666666666666
2026-01-07 20:00:00+00:00,t2,1,0.01,0.0070593620165941475,0.010731924475766251,0.09022715439296797,0.0898266827891979,0.02,1.36,1.5916666666666668
2026-01-07 20:00:00+00:00,t2,2,0.01,0.00894309048958788,0.10386966262147979,0.23006987384738797,0.1459803862401931,0.2966666666666667,3.25,1.5916666666666668
2026-01-07 21:00:00+00:00,t1,1,0.01,0.009535060561803336,0.03176804791858436,0.1361888555191248,0.13303917357062492,0.028333333333333332,2.65,1.3549999999999998
2026-01-07 21:00:00+00:00,t1,2,0.01,0.008871908369604055,0.08171576576973252,0.1971943208130872,0.1459803862401931,0.8166666666666668,3.2,1.3549999999999998
2026-01-07 21:00:00+00:00,t2,1,0.01,0.008068358828988821,0.029058865855063953,0.1360238505056489,0.13303917357062492,0.028333333333333332,2.65,1.205
2026-01-07 21:00:00+00:00,t2,2,0.01,0.007075662167067133,0.07900658370621215,0.1970672403163899,0.1459803862401931,0.7400000000000001,3.2,1.205
2026-01-07 22:00:00+00:00,t1,1,0.01,0.009535060561803336,0.0337610742130554,0.17199891121691618,0.10431543935643564,0.01,2.23,2.49
2026-01-07 22:00:00+00:00,t1,2,0.01,0.008871908369604055,0.1514237873712077,0.260557906822788,0.13303917357062492,0.9866666666666667,2.66,2.49
2026-01-07 22:00:00+00:00,t2,1,0.01,0.007934671548595217,0.031051892149534997,0.1716540004216093,0.10431543935643564,0.008333333333333333,2.23,2.4983333333333335
2026-01-07 22:00:00+00:00,t2,2,0.01,0.008100390912963005,0.14871460530768726,0.26015867872732235,0.13303917357062492,0.9566666666666667,2.66,2.4983333333333335
2026-01-07 23:00:00+00:00,t1,1,0.01,0.009535060561803336,0.04789775965169628,0.15979219228811345,0.10344010868308474,0.01,1.59,2.1216666666666666
2026-01-07 23:00:00+00:00,t1,2,0.01,0.008871908369604055,0.16474423623350762,0.2311538417553288,0.1459803862401931,0.8433333333333333,3.15,2.1216666666666666
2026-01-07 23:00:00+00:00,t2,1,0.01,0.007933995669853344,0.045188577588175925,0.15939296419264784,0.10344010868308474,0.01,1.59,2.311666666666667
2026-01-07 23:00:00+00:00,t2,2,0.01,0.009436142391935598,0.16203505416998717,0.2307546136598632,0.1459803862401931,0.7999999999999999,3.15,2.311666666666667
2026-01-08 00:00:00+00:00,t1,1,0.01,0.009535060561803336,0.06828408377392135,0.14025941817421503,0.17437129044610378,0.01,3.66,1.365
2026-01-08 00:00:00+00:00,t1,2,0.01,0.008871908369604055,0.10460564189137583,0.22400525182614753,0.13303917357062492,0.9700000000000001,2.97,1.365
2026-01-08 00:00:00+00:00,t2,1,0.01,0.008812313091838666,0.06557490171040098,0.13986019007874942,0.17437129044610378,0.01,3.66,1.4583333333333333
2026-01-08 00:00:00+00:00,t2,2,0.01,0.008130499059643278,0.10189645982785546,0.22360602373068192,0.13303917357062492,0.9683333333333333,2.97,1.4583333333333333
2026-01-08 01:00:00+00:00,t1,1,0.01,0.009535060561803336,0.0968375293731701,0.2512256974569316,0.10431543935643564,0.01,2.02,2.158333333333333
2026-01-08 01:00:00+00:00,t1,2,0.01,0.008871908369604055,0.1014644791788121,0.19744552180823258,0.17437129044610378,0.8766666666666666,3.84,2.158333333333333
2026-01-08 01:00:00+00:00,t2,1,0.01,0.008375328163475354,0.09596146628954667,0.2512256974569316,0.10431543935643564,0.01,2.02,2.143333333333333
2026-01-08 01:00:00+00:00,t2,2,0.01,0.00991851778277567,0.09875529711529173,0.19704629371276697,0.17437129044610378,0.8783333333333333,3.84,2.143333333333333
2026-01-08 02:00:00+00:00,t1,1,0.01,0.009535060561803336,0.05851919569159454,0.1555247221125858,0.10277016520894071,0.01,0.47,1.78
2026-01-08 02:00:00+00:00,t1,2,0.01,0.008871908369604055,0.057171203951786806,0.28628583771416477,0.17437129044610378,0.9733333333333333,3.81,1.78
2026-01-08 02:00:00+00:00,t2,1,0.01,0.007649974016543671,0.05804468560834908,0.1555247221125858,0.10277016520894071,0.01,0.47,1.4866666666666666
2026-01-08 02:00:00+00:00,t2,2,0.01,0.006271672888564079,0.054863574888644386,0.2858866096186991,0.17437129044610378,0.9733333333333333,3.81,1.4866666666666666
2026-01-08 03:00:00+00:00,t1,1,0.01,0.009535060561803336,0.0450028938902674,0.1366888020419778,0.13303917357062492,0.01,2.95,1.1566666666666667
2026-01-08 03:00:00+00:00,t1,2,0.01,0.008871908369604055,0.0909957886496179,0.17077800170631866,0.17437129044610378,0.9899999999999999,3.87,1.1566666666666667
2026-01-08 03:00:00+00:00,t2,1,0.01,0.008020174278020214,0.04269526482712499,0.1362895739465122,0.13303917357062492,0.01,2.95,1.0883333333333332
2026-01-08 03:00:00+00:00,t2,2,0.01,0.009015484932951423,0.08623971470168844,0.17037877361085305,0.17437129044610378,0.9683333333333333,3.87,1.0883333333333332
2026-01-08 04:00:00+00:00,t1,1,0.01,0.009535060561803336,0.04328356029426921,0.2793459958011986,0.13303917357062492,0.01,2.98,1.3933333333333333
2026-01-08 04:00:00+00:00,t1,2,0.01,0.0,0.1286446047358141,0.4507268493270961,0.24396644031099302,0.9783333333333334,4.85,1.3933333333333333
2026-01-08 04:00:00+00:00,t2,1,0.01,0.01011757071584289,0.040975931231126785,0.2793459958011986,0.13303917357062492,0.01,2.98,1.655
2026-01-08 04:00:00+00:00,t2,2,0.01,0.0,0.12572164976778155,0.4507268493270961,0.24396644031099302,0.965,4.85,1.655
2026-01-08 05:00:00+00:00,t1,1,0.01,0.009535060561803336,0.04879145281129883,0.293882639015323,0.10431543935643564,0.01,2.25,1.7233333333333334
2026-01-08 05:00:00+00:00,t1,2,0.01,0.0,0.11162317729415386,0.5883142504218974,0.20381297203510923,0.9683333333333333,4.34,1.7233333333333334
2026-01-08 05:00:00+00:00,t2,1,0.01,0.007844817274345777,0.04831694272805336,0.293882639015323,0.10431543935643564,0.01,2.25,1.8099999999999998
2026-01-08 05:00:00+00:00,t2,2,0.01,0.0,0.10870022232612135,0.5880358963401578,0.20381297203510923,0.9133333333333334,4.34,1.8099999999999998
2026-01-08 06:00:00+00:00,t1,1,0.01,0.009535060561803336,0.10339226156617445,0.3508803139240118,0.13303917357062492,0.01,2.7,2.315
2026-01-08 06:00:00+00:00,t1,2,0.01,0.0,0.1108277152606687,0.4353754715057624,0.24396644031099302,0.9866666666666667,4.69,2.315
2026-01-08 06:00:00+00:00,t2,1,0.01,0.011075244521024095,0.10046930659814195,0.3508803139240118,0.13303917357062492,0.01,2.7,2.0316666666666667
2026-01-08 06:00:00+00:00,t2,2,0.01,0.0,0.10790476029263617,0.4353754715057624,0.24396644031099302,0.975,4.69,2.0316666666666667
2026-01-08 07:00:00+00:00,t1,1,0.01,0.009535060561803336,0.11070336477229874,0.35119303265394214,0.13303917357062492,0.01,2.98,3.0100000000000002
2026-01-08 07:00:00+00:00,t1,2,0.01,0.01311194848717262,0.2713155331382595,0.564662128542194,0.29666767038040753,0.9766666666666666,5.03,3.0100000000000002
2026-01-08 07:00:00+00:00,t2,1,0.006666666666666667,0.010798789120033894,0.10778040980426623,0.35119303265394214,0.13303917357062492,0.01,2.98,3.2466666666666666
2026-01-08 07:00:00+00:00,t2,2,0.006666666666666667,0.0,0.268392578170227,0.564662128542194,0.29666767038040753,0.9733333333333333,5.03,3.2466666666666666
2026-01-08 08:00:00+00:00,t1,1,0.008333333333333333,0.009535060561803336,0.20359876404448293,0.3590263188177558,0.1459803862401931,0.01,3.41,3.3633333333333333
2026-01-08 08:00:00+00:00,t1,2,0.008333333333333333,0.04338123931878772,0.32927018138389624,0.6502181773688344,0.24396644031099302,0.9683333333333333,4.6,3.3633333333333333
2026-01-08 08:00:00+00:00,t2,1,0.008333333333333333,0.017389653412321245,0.20067580907645036,0.3590263188177558,0.1459803862401931,0.01,3.41,3.4766666666666666
2026-01-08 08:00:00+00:00,t2,2,0.008333333333333333,0.0033989007401988014,0.3263472264158637,0.6502181773688344,0.24396644031099302,0.9666666666666667,4.6,3.4766666666666666
2026-01-08 09:00:00+00:00,t1,1,0.01,0.009535060561803336,0.22428310889587486,0.383082489745169,0.13303917357062492,0.01,3.0,2.75
2026-01-08 09:00:00+00:00,t1,2,0.01,0.04201265285594237,0.39839606266812777,0.6907005028370095,0.20381297203510923,0.9866666666666667,4.44,2.75
2026-01-08 09:00:00+00:00,t2,1,0.013333333333333334,0.021451748130329414,0.22350665655235877,0.383082489745169,0.13303917357062492,0.01,3.0,2.8000000000000003
2026-01-08 09:00:00+00:00,t2,2,0.013333333333333334,0.01626976179382239,0.39547310770009525,0.6907005028370095,0.20381297203510923,0.9700000000000001,4.44,2.8000000000000003
2026-01-08 10:00:00+00:00,t1,1,0.18333333333333335,0.009535060561803336,0.16116884747046104,0.4092665811249797,0.1459803862401931,0.01,3.38,5.9383333333333335
2026-01-08 10:00:00+00:00,t1,2,0.18333333333333335,0.044808713480965434,0.4380468283731075,0.7589559039140042,0.24396644031099302,0.9899999999999999,4.99,5.9383333333333335
2026-01-08 10:00:00+00:00,t2,1,0.18666666666666668,0.019292342002824252,0.15824589250242846,0.4092665811249797,0.1459803862401931,0.01,3.38,5.988333333333333
2026-01-08 10:00:00+00:00,t2,2,0.18666666666666668,0.019745109305570878,0.43806870950564436,0.7589397413399113,0.24396644031099302,0.965,4.99,5.988333333333333
2026-01-08 11:00:00+00:00,t1,1,0.13833333333333334,0.050528723188754676,0.24647822291558444,0.4831658160530598,0.20381297203510923,0.011666666666666667,4.12,5.701666666666667
2026-01-08 11:00:00+00:00,t1,2,0.13833333333333334,0.0874391732224425,0.4687374928193478,0.7022626331573737,0.34551812937783266,0.9883333333333333,5.74,5.701666666666667
2026-01-08 11:00:00+00:00,t2,1,0.135,0.006728165422753139,0.24417059385244197,0.48334703308099686,0.20381297203510923,0.008333333333333333,4.12,5.78
2026-01-08 11:00:00+00:00,t2,2,0.135,0.06589530295204805,0.46394114023822197,0.7026668129088514,0.34551812937783266,0.9700000000000001,5.74,5.78
2026-01-08 12:00:00+00:00,t1,1,0.135,0.07539770311964619,0.3358779423260078,0.5369605042980254,0.17437129044610378,0.028333333333333332,3.83,5.598333333333334
2026-01-08 12:00:00+00:00,t1,2,0.135,0.11597863860521218,0.572782854393223,0.7678757444689616,0.29666767038040753,0.9883333333333333,5.26,5.598333333333334
2026-01-08 12:00:00+00:00,t2,1,0.12666666666666668,0.03562211903957332,0.3335703132628655,0.5365612762025598,0.17437129044610378,0.021666666666666667,3.83,5.5683333333333325
2026-01-08 12:00:00+00:00,t2,2,0.12666666666666668,0.07119333985912163,0.5709716165458628,0.771637533364317,0.29666767038040753,0.9700000000000001,5.26,5.5683333333333325
2026-01-08 13:00:00+00:00,t1,1,0.12,0.07368770152137424,0.35422720014866654,0.5566650581774483,0.17437129044610378,0.02,3.96,4.735
2026-01-08 13:00:00+00:00,t1,2,0.12,0.15573657448068004,0.5579051569843435,0.8351658898012255,0.34551812937783266,0.9899999999999999,5.63,4.735
2026-01-08 13:00:00+00:00,t2,1,0.09999999999999999,0.03448283542528775,0.35151801808514627,0.5562658300819826,0.17437129044610378,0.02,3.96,4.258333333333334
2026-01-08 13:00:00+00:00,t2,2,0.09999999999999999,0.12168302044221466,0.5590066215335195,0.834420328542073,0.34551812937783266,0.9700000000000001,5.63,4.258333333333334
2026-01-08 14:00:00+00:00,t1,1,0.01,0.07105320571343075,0.4112448345786428,0.6557976222362264,0.20381297203510923,0.011666666666666667,4.37,2.045
2026-01-08 14:00:00+00:00,t1,2,0.01,0.1770621219725657,0.6076551449514555,0.9576746897458749,0.40783563748079876,0.855,6.25,2.045
2026-01-08 14:00:00+00:00,t2,1,0.01,0.023647646058049504,0.4085356525151225,0.6553983941407607,0.20381297203510923,0.008333333333333333,4.37,1.7883333333333333
2026-01-08 14:00:00+00:00,t2,2,0.01,0.13830509188504478,0.6087566095006315,0.9563118292508085,0.40783563748079876,0.8916666666666666,6.25,1.7883333333333333
2026-01-08 15:00:00+00:00,t1,1,0.013333333333333334,0.07660613041894122,0.4942076833641143,0.7459405041829225,0.20381297203510923,0.01,4.35,3.1133333333333333
2026-01-08 15:00:00+00:00,t1,2,0.013333333333333334,0.3056079890436014,0.7002394214592127,0.9666390546427764,0.46587952084773093,0.6966666666666667,6.53,3.1133333333333333
2026-01-08 15:00:00+00:00,t2,1,0.008333333333333333,0.036366448457275984,0.4890097777826105,0.7452629220057171,0.20381297203510923,0.01,4.35,2.435
2026-01-08 15:00:00+00:00,t2,2,0.008333333333333333,0.3042940193583835,0.695265748747526,0.9659281907531869,0.46587952084773093,0.635,6.53,2.435
2026-01-08 16:00:00+00:00,t1,1,0.013333333333333334,0.06846563521623929,0.4703913550927995,0.786827823261112,0.20381297203510923,0.01,4.05,1.4116666666666668
2026-01-08 16:00:00+00:00,t1,2,0.013333333333333334,0.3336138059757757,0.721227645936996,0.9708725410172647,0.46587952084773093,0.4633333333333333,6.55,1.4116666666666668
2026-01-08 16:00:00+00:00,t2,1,0.011666666666666667,0.030442037049123814,0.4651934495112957,0.785759962211147,0.20381297203510923,0.01,4.05,1.325
2026-01-08 16:00:00+00:00,t2,2,0.011666666666666667,0.3568458605663508,0.7165453662037824,0.9692418254676048,0.46587952084773093,0.48500000000000004,6.55,1.325
2026-01-08 17:00:00+00:00,t1,1,0.01,0.07278934523891013,0.4695310831621264,0.8142379083156231,0.20381297203510923,0.01,4.39,1.6816666666666666
2026-01-08 17:00:00+00:00,t1,2,0.01,0.368298008210182,0.7158639979130436,0.9959356380812892,0.40783563748079876,0.22999999999999998,6.49,1.6816666666666666
2026-01-08 17:00:00+00:00,t2,1,0.008333333333333333,0.03058580141766202,0.46588833290741194,0.8131538846915654,0.20381297203510923,0.01,4.39,1.795
2026-01-08 17:00:00+00:00,t2,2,0.008333333333333333,0.38052101852268716,0.71118171817983,0.994374577259091,0.40783563748079876,0.165,6.49,1.795
2026-01-08 18:00:00+00:00,t1,1,0.01,0.13838118087714543,0.46512422209589743,0.8329625853887594,0.29666767038040753,0.01,5.19,1.9816666666666667
2026-01-08 18:00:00+00:00,t1,2,0.01,0.34869728085920443,0.6708147838524456,0.9963960033757455,0.40783563748079876,0.02,6.07,1.9816666666666667
2026-01-08 18:00:00+00:00,t2,1,0.008333333333333333,0.12367982718380355,0.46051109481170927,0.8303913366941092,0.29666767038040753,0.01,5.19,2.2983333333333333
2026-01-08 18:00:00+00:00,t2,2,0.008333333333333333,0.3096972148104058,0.6700253691106935,0.9949849047659071,0.40783563748079876,0.021666666666666667,6.07,2.2983333333333333
2026-01-08 19:00:00+00:00,t1,1,0.011666666666666667,0.15576945658954894,0.5421359826083371,0.8182640018883707,0.34551812937783266,0.01,5.53,3.251666666666667
2026-01-08 19:00:00+00:00,t1,2,0.011666666666666667,0.40939508117755646,0.7164426628625339,1.0,0.40783563748079876,0.01,6.5,3.251666666666667
2026-01-08 19:00:00+00:00,t2,1,0.01,0.14908003734719016,0.5378142483026218,0.8149624347897948,0.34551812937783266,0.01,5.53,2.2083333333333335
2026-01-08 19:00:00+00:00,t2,2,0.01,0.3476365450187131,0.7156532481207818,1.0,0.40783563748079876,0.008333333333333333,6.5,2.2083333333333335
2026-01-08 20:00:00+00:00,t1,1,0.01,0.14174014133124874,0.5455153260313184,0.8872483619863203,0.29666767038040753,0.01,5.37,1.78
2026-01-08 20:00:00+00:00,t1,2,0.01,0.4152743150313655,0.7276979539603438,1.0,0.46587952084773093,0.028333333333333335,6.96,1.78
2026-01-08 20:00:00+00:00,t2,1,0.008333333333333333,0.10714345651250826,0.5411935917256031,0.8856879514232349,0.29666767038040753,0.01,5.37,1.2516666666666667
2026-01-08 20:00:00+00:00,t2,2,0.008333333333333333,0.386079208677207,0.7269085392185917,1.0,0.46587952084773093,0.02,6.96,1.2516666666666667
2026-01-08 21:00:00+00:00,t1,1,0.013333333333333334,0.13419520376972857,0.41316973311613264,0.8914904994839326,0.29666767038040753,0.01,5.25,2.638333333333333
2026-01-08 21:00:00+00:00,t1,2,0.013333333333333334,0.44310943053883173,0.7284857246629716,1.0,0.533438938580799,0.028333333333333332,7.21,2.638333333333333
2026-01-08 21:00:00+00:00,t2,1,0.01,0.08745263147367466,0.40884799881041756,0.8896933933113939,0.29666767038040753,0.01,5.25,2.651666666666667
2026-01-08 21:00:00+00:00,t2,2,0.01,0.4162124332639866,0.7276963099212195,1.0,0.533438938580799,0.028333333333333332,7.21,2.651666666666667
2026-01-08 22:00:00+00:00,t1,1,0.01,0.20406876918478908,0.46909753662720305,0.8771176624198599,0.29666767038040753,0.01,5.34,2.9800000000000004
2026-01-08 22:00:00+00:00,t1,2,0.01,0.44492003402079267,0.715904099126417,1.0,0.533438938580799,0.01,7.19,2.9800000000000004
2026-01-08 22:00:00+00:00,t2,1,0.011666666666666667,0.16486626980498986,0.4644152568939896,0.8742511501499138,0.29666767038040753,0.01,5.34,3.0566666666666666
2026-01-08 22:00:00+00:00,t2,2,0.011666666666666667,0.39202073210794036,0.7151146843846649,1.0,0.533438938580799,0.008333333333333333,7.19,3.0566666666666666
2026-01-08 23:00:00+00:00,t1,1,0.01,0.22351058687246556,0.5760156952839613,0.904660976978664,0.34551812937783266,0.01,5.59,2.276666666666667
2026-01-08 23:00:00+00:00,t1,2,0.01,0.4030428189344829,0.6780722144333693,1.0,0.46587952084773093,0.01,6.88,2.276666666666667
2026-01-08 23:00:00+00:00,t2,1,0.01,0.2099890142890305,0.5713334155507478,0.9021175161115698,0.34551812937783266,0.01,5.59,2.23
2026-01-08 23:00:00+00:00,t2,2,0.01,0.36528287501119594,0.6772827996916172,1.0,0.46587952084773093,0.01,6.88,2.23
2026-01-09 00:00:00+00:00,t1,1,0.01,0.09461801925177088,0.3949641250012606,0.7630526512374386,0.40783563748079876,0.01,6.28,1.3533333333333333
2026-01-09 00:00:00+00:00,t1,2,0.01,0.37903372119974316,0.6516934048682138,1.0,0.46587952084773093,0.01,6.92,1.3533333333333333
2026-01-09 00:00:00+00:00,t2,1,0.01,0.07038671061367564,0.39002464943743426,0.7597572581852051,0.40783563748079876,0.01,6.28,1.9183333333333332
2026-01-09 00:00:00+00:00,t2,2,0.01,0.3138232429126277,0.6509039901264617,0.9989507099158067,0.46587952084773093,0.01,6.92,1.9183333333333332
2026-01-09 01:00:00+00:00,t1,1,0.01,0.07537706981764973,0.38169195143126533,0.7182311725187506,0.40783563748079876,0.01,6.26,3.3533333333333335
2026-01-09 01:00:00+00:00,t1,2,0.01,0.3858557474775137,0.6803017102795591,0.991772635830949,0.46587952084773093,0.01,6.82,3.3533333333333335
2026-01-09 01:00:00+00:00,t2,1,0.008333333333333333,0.058951263343966234,0.376752475867439,0.7155532474361188,0.40783563748079876,0.01,6.26,3.611666666666667
2026-01-09 01:00:00+00:00,t2,2,0.008333333333333333,0.29623012211695404,0.6756194305463455,0.9885071890951497,0.46587952084773093,0.01,6.82,3.611666666666667
2026-01-09 02:00:00+00:00,t1,1,0.01,0.06464902459703216,0.3242934540750067,0.6704086782728741,0.34551812937783266,0.01,5.84,2.131666666666667
2026-01-09 02:00:00+00:00,t1,2,0.01,0.3511065511614282,0.6542262334486737,0.9837972773763836,0.46587952084773093,0.01,6.8,2.131666666666667
2026-01-09 02:00:00+00:00,t2,1,0.01,0.0460876812643151,0.31975553151155833,0.6688079990688501,0.34551812937783266,0.01,5.84,2.17
2026-01-09 02:00:00+00:00,t2,2,0.01,0.27872734338269295,0.6499455067158382,0.9809618393005923,0.46587952084773093,0.01,6.8,2.17
2026-01-09 03:00:00+00:00,t1,1,0.01,0.0,0.2458201318865281,0.5328213192821243,0.24396644031099302,0.01,4.81,1.345
2026-01-09 03:00:00+00:00,t1,2,0.01,0.34046930830024336,0.6540462173196889,0.9767441358582625,0.46587952084773093,0.01,6.69,1.345
2026-01-09 03:00:00+00:00,t2,1,0.008333333333333333,0.0,0.24368254575952977,0.5314431547688423,0.24396644031099302,0.01,4.81,1.9649999999999999
2026-01-09 03:00:00+00:00,t2,2,0.008333333333333333,0.2695749539728378,0.6497654905868534,0.9739086977824712,0.46587952084773093,0.01,6.69,1.9649999999999999
2026-01-09 04:00:00+00:00,t1,1,0.01,0.0,0.16846977324935997,0.5167776975572691,0.24396644031099302,0.01,4.61,2.125
2026-01-09 04:00:00+00:00,t1,2,0.01,0.3680791158497214,0.6598777609133428,0.9902829718596989,0.46587952084773093,0.01,7.0,2.125
2026-01-09 04:00:00+00:00,t2,1,0.008333333333333333,0.0,0.16633218712236164,0.516958914585206,0.24396644031099302,0.01,4.61,2.263333333333333
2026-01-09 04:00:00+00:00,t2,2,0.008333333333333333,0.32756572529298006,0.6555970341805073,0.9841159635183733,0.46587952084773093,0.01,7.0,2.263333333333333
2026-01-09 05:00:00+00:00,t1,1,0.01,0.017737631919994883,0.20111027808768808,0.5063612652146687,0.17437129044610378,0.01,3.77,0.9316666666666666
2026-01-09 05:00:00+00:00,t1,2,0.01,0.3108811474300681,0.7235591867898791,1.0,0.34551812937783266,0.01,5.77,0.9316666666666666
2026-01-09 05:00:00+00:00,t2,1,0.01,0.011726113052115223,0.19814704448645906,0.5063612652146687,0.17437129044610378,0.01,3.77,1.2033333333333334
2026-01-09 05:00:00+00:00,t2,2,0.01,0.27209353172041795,0.7238724609008892,1.0,0.34551812937783266,0.01,5.77,1.2033333333333334
2026-01-09 06:00:00+00:00,t1,1,0.01,0.0,0.1851414575055265,0.5174354511522742,0.24396644031099302,0.01,4.88,0.8916666666666666
2026-01-09 06:00:00+00:00,t1,2,0.01,0.20237455742077598,0.5824054958255623,0.9969168386200805,0.34551812937783266,0.01,5.67,0.8916666666666666
2026-01-09 06:00:00+00:00,t2,1,0.01,0.0,0.18483699035842513,0.5174192885781812,0.24396644031099302,0.01,4.88,1.4233333333333331
2026-01-09 06:00:00+00:00,t2,2,0.01,0.18797684303338935,0.5827187699365725,0.9946517450229688,0.34551812937783266,0.01,5.67,1.4233333333333331
2026-01-09 07:00:00+00:00,t1,1,0.01,0.0,0.1825029641336766,0.6092949340174653,0.34551812937783266,0.01,5.84,1.7666666666666666
2026-01-09 07:00:00+00:00,t1,2,0.01,0.15993412018939937,0.49188613844658174,0.9677193987334272,0.40783563748079876,0.01,6.16,1.7666666666666666
2026-01-09 07:00:00+00:00,t2,1,0.01,0.0,0.18219849698657523,0.6090004173616326,0.34551812937783266,0.006666666666666667,5.84,2.066666666666667
2026-01-09 07:00:00+00:00,t2,2,0.01,0.13861038509722204,0.4921994125575917,0.9673046911510564,0.40783563748079876,0.01,6.16,2.066666666666667
2026-01-09 08:00:00+00:00,t1,1,0.011666666666666667,0.004788570252213506,0.3741825720661657,0.6920849451597662,0.40783563748079876,0.008333333333333333,6.44,2.98
2026-01-09 08:00:00+00:00,t1,2,0.011666666666666667,0.13017631798770582,0.520418183217717,0.9214385579170261,0.40783563748079876,0.01,6.19,2.98
2026-01-09 08:00:00+00:00,t2,1,0.006666666666666667,0.0,0.37387810491906437,0.6920687825856732,0.40783563748079876,0.008333333333333333,6.44,3.0383333333333336
2026-01-09 08:00:00+00:00,t2,2,0.006666666666666667,0.12512628889278665,0.5207314573287272,0.9215431322241326,0.40783563748079876,0.01,6.19,3.0383333333333336
2026-01-09 09:00:00+00:00,t1,1,0.01,0.006711980475456535,0.38015677818467314,0.7010816947108945,0.34551812937783266,0.01,5.83,1.37
2026-01-09 09:00:00+00:00,t1,2,0.01,0.0717932534727466,0.5296380058123026,0.8566758415188823,0.24396644031099302,0.01,4.94,1.37
2026-01-09 09:00:00+00:00,t2,1,0.01,0.0,0.37985231103757183,0.7010816947108945,0.34551812937783266,0.013333333333333334,5.83,1.39
2026-01-09 09:00:00+00:00,t2,2,0.01,0.05146656151210258,0.5299512799233127,0.8568983297670061,0.24396644031099302,0.01,4.94,1.39
2026-01-09 10:00:00+00:00,t1,1,0.01,0.000317702307001972,0.2878940707363799,0.5788881252022757,0.24396644031099302,0.18333333333333335,4.81,1.4066666666666665
2026-01-09 10:00:00+00:00,t1,2,0.01,0.08757799430504629,0.417093550171943,0.7197259824759249,0.17437129044610378,0.01,3.66,1.4066666666666665
2026-01-09 10:00:00+00:00,t2,1,0.01,0.0,0.2875896035892786,0.5788881252022757,0.24396644031099302,0.18666666666666668,4.81,1.5116666666666667
2026-01-09 10:00:00+00:00,t2,2,0.01,0.04183219389452353,0.4149925143428478,0.719907199503862,0.17437129044610378,0.01,3.66,1.5116666666666667
2026-01-09 11:00:00+00:00,t1,1,0.02666666666666667,0.009535060561803336,0.18639869493908015,0.36034707614202266,0.1459803862401931,0.13833333333333334,3.4,3.878333333333334
2026-01-09 11:00:00+00:00,t1,2,0.02666666666666667,0.03418829501726839,0.4253378683074529,0.5979560329168953,0.13303917357062492,0.011666666666666667,2.55,3.878333333333334
2026-01-09 11:00:00+00:00,t2,1,0.016666666666666666,0.01440964027147666,0.18409106587593768,0.3605282931699597,0.1459803862401931,0.135,3.4,3.776666666666667
2026-01-09 11:00:00+00:00,t2,2,0.016666666666666666,0.027962407215197483,0.4205415157263271,0.5981372499448323,0.13303917357062492,0.008333333333333333,2.55,3.776666666666667
2026-01-09 12:00:00+00:00,t1,1,0.03,0.009535060561803336,0.17467497739102472,0.2962701649816664,0.13303917357062492,0.135,2.51,4.163333333333333
2026-01-09 12:00:00+00:00,t1,2,0.03,0.037503409505610374,0.2895435403034638,0.47851093514261933,0.1459803862401931,0.028333333333333332,3.11,4.163333333333333
2026-01-09 12:00:00+00:00,t2,1,0.013333333333333334,0.011385661993972502,0.17236734832788225,0.29587093688620075,0.13303917357062492,0.12666666666666668,2.51,3.5116666666666667
2026-01-09 12:00:00+00:00,t2,2,0.013333333333333334,0.02466659229786886,0.284747187722338,0.47811170704715367,0.1459803862401931,0.021666666666666667,3.11,3.5116666666666667
2026-01-09 13:00:00+00:00,t1,1,0.011666666666666667,0.009535060561803336,0.14591918524654113,0.2720022501959061,0.13303917357062492,0.12,2.87,3.638333333333333
2026-01-09 13:00:00+00:00,t1,2,0.011666666666666667,0.039416508782936996,0.2966220687731531,0.5419276266347967,0.1459803862401931,0.02,3.15,3.638333333333333
2026-01-09 13:00:00+00:00,t2,1,0.01,0.01063432139137773,0.14321000318302068,0.2716573394005992,0.13303917357062492,0.09999999999999999,2.87,3.67
2026-01-09 13:00:00+00:00,t2,2,0.01,0.027406533305800996,0.2914241631916493,0.541528398539331,0.1459803862401931,0.02,3.15,3.67
2026-01-09 14:00:00+00:00,t1,1,0.008333333333333333,0.009535060561803336,0.1554205052649944,0.214156804950986,0.1459803862401931,0.01,3.47,2.7066666666666666
2026-01-09 14:00:00+00:00,t1,2,0.008333333333333333,0.03637369019297329,0.301827829102306,0.5486904807705422,0.17437129044610378,0.011666666666666667,3.89,2.7066666666666666
2026-01-09 14:00:00+00:00,t2,1,0.008333333333333333,0.010407294116991846,0.15271132320147396,0.21375757685552038,0.1459803862401931,0.01,3.47,2.855
2026-01-09 14:00:00+00:00,t2,2,0.008333333333333333,0.03293271655713183,0.2966299235208022,0.5482912526750765,0.17437129044610378,0.008333333333333333,3.89,2.855
2026-01-09 15:00:00+00:00,t1,1,0.01,0.009535060561803336,0.20577215464586024,0.30795458942957527,0.17437129044610378,0.013333333333333334,3.6,2.6350000000000002
2026-01-09 15:00:00+00:00,t1,2,0.01,0.020102786834788326,0.2685109666750226,0.5460814727362122,0.20381297203510923,0.01,4.27,2.6350000000000002
2026-01-09 15:00:00+00:00,t2,1,0.008333333333333333,0.010925764144934983,0.2030629725823398,0.3075553613341096,0.17437129044610378,0.008333333333333333,3.6,2.935
2026-01-09 15:00:00+00:00,t2,2,0.008333333333333333,0.007695767527407561,0.2633130610935188,0.5456822446407465,0.20381297203510923,0.01,4.27,2.935
2026-01-09 16:00:00+00:00,t1,1,0.01,0.006185936678202192,0.203692217946171,0.39744538152393605,0.17437129044610378,0.013333333333333334,4.0,1.965
2026-01-09 16:00:00+00:00,t1,2,0.01,0.015349255570596028,0.2915652143861588,0.5109118198506786,0.20381297203510923,0.01,4.39,1.965
2026-01-09 16:00:00+00:00,t2,1,0.01,0.0,0.20098303588265057,0.3970461534284704,0.17437129044610378,0.011666666666666667,4.0,1.9966666666666668
2026-01-09 16:00:00+00:00,t2,2,0.01,0.0028149147241913683,0.286367308804655,0.5105125917552129,0.20381297203510923,0.01,4.39,1.9966666666666668
2026-01-09 17:00:00+00:00,t1,1,0.01,0.009972622396973819,0.2614483729374066,0.5024525599744534,0.20381297203510923,0.01,4.18,2.2283333333333335
2026-01-09 17:00:00+00:00,t1,2,0.01,0.023358758678487093,0.22408337815076387,0.5138263752786786,0.20381297203510923,0.01,4.34,2.2283333333333335
2026-01-09 17:00:00+00:00,t2,1,0.01,0.0008398248043287593,0.25890923381003017,0.5020533318789877,0.20381297203510923,0.008333333333333333,4.18,2.4266666666666663
2026-01-09 17:00:00+00:00,t2,2,0.01,0.007495701198708647,0.22137419608724343,0.5134271471832129,0.20381297203510923,0.01,4.34,2.4266666666666663
2026-01-09 18:00:00+00:00,t1,1,0.01,0.0005713922156009472,0.20453445979224572,0.5167124460414985,0.24396644031099302,0.01,4.94,1.19
2026-01-09 18:00:00+00:00,t1,2,0.01,0.0,0.16209145181981477,0.40327756257149155,0.20381297203510923,0.01,4.34,1.19
2026-01-09 18:00:00+00:00,t2,1,0.01,0.0,0.20419618138231496,0.5153181189541233,0.24396644031099302,0.008333333333333333,4.94,1.2816666666666665
2026-01-09 18:00:00+00:00,t2,2,0.01,0.0,0.15938226975629433,0.4028783344760259,0.20381297203510923,0.01,4.34,1.2816666666666665
2026-01-09 19:00:00+00:00,t1,1,0.01,0.011042274922226925,0.22465657585154325,0.5919930349598964,0.29666767038040753,0.011666666666666667,5.32,0.89
2026-01-09 19:00:00+00:00,t1,2,0.01,0.0,0.19933154636051587,0.5548509308013132,0.24396644031099302,0.01,4.77,0.89
2026-01-09 19:00:00+00:00,t2,1,0.01,0.01236109812566576,0.2243182974416125,0.5905987078725216,0.29666767038040753,0.01,5.32,0.8466666666666667
2026-01-09 19:00:00+00:00,t2,2,0.01,0.0,0.1989932679505851,0.554157186050015,0.24396644031099302,0.01,4.77,0.8466666666666667
2026-01-09 20:00:00+00:00,t1,1,0.01,0.0808997651876714,0.37944754896434024,0.725586554436939,0.29666767038040753,0.01,5.3,1.2533333333333332
2026-01-09 20:00:00+00:00,t1,2,0.01,0.002107361179638608,0.29501753409671966,0.6947253349930645,0.29666767038040753,0.01,5.26,1.2533333333333332
2026-01-09 20:00:00+00:00,t2,1,0.01,0.06521869945797984,0.3758047987096258,0.7241404108417098,0.29666767038040753,0.008333333333333333,5.3,1.1283333333333332
2026-01-09 20:00:00+00:00,t2,2,0.01,0.0074589654639703185,0.29467925568678904,0.6928031294204989,0.29666767038040753,0.01,5.26,1.1283333333333332
2026-01-09 21:00:00+00:00,t1,1,0.01,0.11223352097659922,0.42193082397224163,0.8209373112938346,0.29666767038040753,0.013333333333333334,5.28,0.8516666666666666
2026-01-09 21:00:00+00:00,t1,2,0.01,0.04271472473980398,0.34430829066476876,0.7435771600224211,0.29666767038040753,0.01,5.21,0.8516666666666666
2026-01-09 21:00:00+00:00,t2,1,0.01,0.06769674317492272,0.4185024946886767,0.8182687079614587,0.29666767038040753,0.01,5.28,0.8566666666666668
2026-01-09 21:00:00+00:00,t2,2,0.01,0.02099335630363726,0.3393688151009424,0.742131016427192,0.29666767038040753,0.01,5.21,0.8566666666666668
2026-01-09 22:00:00+00:00,t1,1,0.01,0.12345734167040762,0.4218372772234187,0.8185130455483196,0.29666767038040753,0.01,5.28,0.88
2026-01-09 22:00:00+00:00,t1,2,0.01,0.07678970997138988,0.41279447874237263,0.8192292434252914,0.29666767038040753,0.01,5.1,0.88
2026-01-09 22:00:00+00:00,t2,1,0.01,0.06800004686736266,0.4184089479398537,0.8168809180515684,0.29666767038040753,0.011666666666666667,5.28,0.7966666666666667
2026-01-09 22:00:00+00:00,t2,2,0.01,0.05246852564762923,0.40936614945880767,0.8165489767792431,0.29666767038040753,0.01,5.1,0.7966666666666667
2026-01-09 23:00:00+00:00,t1,1,0.01,0.11920303669268562,0.4356890242225855,0.8255290090334316,0.29666767038040753,0.01,5.32,0.89
2026-01-09 23:00:00+00:00,t1,2,0.01,0.09517944594081912,0.43850225066211135,0.8275835349171464,0.29666767038040753,0.01,5.39,0.89
2026-01-09 23:00:00+00:00,t2,1,0.01,0.06731509405058539,0.43071535151089896,0.8222401898743904,0.29666767038040753,0.01,5.32,0.7833333333333333
2026-01-09 23:00:00+00:00,t2,2,0.01,0.05736115319578264,0.4350739213785464,0.8249032682710982,0.29666767038040753,0.01,5.39,0.7833333333333333
2026-01-10 00:00:00+00:00,t1,1,0.028333333333333332,0.10727246732264714,0.42887582276340436,0.7742953519666301,0.29666767038040753,0.01,5.43,4.185
2026-01-10 00:00:00+00:00,t1,2,0.028333333333333332,0.09160091396924826,0.43294914783600846,0.8352991823012855,0.29666767038040753,0.01,5.37,4.185
2026-01-10 00:00:00+00:00,t2,1,0.016666666666666666,0.07675737336820697,0.4254474934798394,0.7730174154615852,0.29666767038040753,0.01,5.43,3.9600000000000004
2026-01-10 00:00:00+00:00,t2,2,0.016666666666666666,0.05900081164130952,0.4295208185524435,0.8336670548045343,0.29666767038040753,0.01,5.37,3.9600000000000004
2026-01-10 01:00:00+00:00,t1,1,0.06166666666666667,0.10620756712937407,0.4252683705361239,0.7653839143353929,0.29666767038040753,0.01,5.24,4.871666666666667
2026-01-10 01:00:00+00:00,t1,2,0.06166666666666667,0.08906788513966855,0.44013030163580924,0.8175265368517064,0.29666767038040753,0.01,5.39,4.871666666666667
2026-01-10 01:00:00+00:00,t2,1,0.043333333333333335,0.06550654082997821,0.4218400412525589,0.7641034123184011,0.29666767038040753,0.008333333333333333,5.24,4.566666666666666
2026-01-10 01:00:00+00:00,t2,2,0.043333333333333335,0.06113127334369209,0.4367019723522443,0.8158944093549552,0.29666767038040753,0.01,5.39,4.566666666666666
2026-01-10 02:00:00+00:00,t1,1,0.05833333333333334,0.10055781615848383,0.37281353936066025,0.7132479994845035,0.29666767038040753,0.01,5.15,4.305
2026-01-10 02:00:00+00:00,t1,2,0.05833333333333334,0.09725608990348396,0.3941634862823183,0.8022037092758009,0.29666767038040753,0.01,5.46,4.305
2026-01-10 02:00:00+00:00,t2,1,0.034999999999999996,0.06385671394086118,0.3721870995139235,0.7125186007994438,0.29666767038040753,0.01,5.15,4.0616666666666665
2026-01-10 02:00:00+00:00,t2,2,0.034999999999999996,0.07374162033652026,0.3911367099991313,0.8005715817790496,0.29666767038040753,0.01,5.46,4.0616666666666665
2026-01-10 03:00:00+00:00,t1,1,0.051666666666666666,0.08621379776842851,0.39751291488842294,0.712881111853244,0.29666767038040753,0.01,5.06,4.085
2026-01-10 03:00:00+00:00,t1,2,0.051666666666666666,0.08092828511456916,0.4038164757114483,0.7801033027469912,0.34551812937783266,0.01,5.57,4.085
2026-01-10 03:00:00+00:00,t2,1,0.03166666666666667,0.05938451668446415,0.3927165623072971,0.7121355505940913,0.29666767038040753,0.008333333333333333,5.06,3.8200000000000003
2026-01-10 03:00:00+00:00,t2,2,0.03166666666666667,0.08036600396305266,0.4005752784571118,0.7771934502258419,0.34551812937783266,0.01,5.57,3.8200000000000003
2026-01-10 04:00:00+00:00,t1,1,0.11499999999999999,0.08665737269871758,0.4125627442233164,0.7718235209840831,0.29666767038040753,0.01,5.35,5.2683333333333335
2026-01-10 04:00:00+00:00,t1,2,0.11499999999999999,0.0419474200285133,0.401398794575367,0.8607800191149331,0.40783563748079876,0.01,6.18,5.2683333333333335
2026-01-10 04:00:00+00:00,t2,1,0.08,0.07730874491626094,0.4107515063759564,0.771755067426719,0.29666767038040753,0.008333333333333333,5.35,4.793333333333334
2026-01-10 04:00:00+00:00,t2,2,0.08,0.03918609847401916,0.3968608720119186,0.8583862929036924,0.40783563748079876,0.01,6.18,4.793333333333334
2026-01-10 05:00:00+00:00,t1,1,0.07,0.08475154941180389,0.517733536326703,0.8776254143091046,0.24396644031099302,0.01,4.88,4.378333333333333
2026-01-10 05:00:00+00:00,t1,2,0.07,0.08918133764036336,0.5042086032386627,0.9015346677239715,0.40783563748079876,0.01,6.05,4.378333333333333
2026-01-10 05:00:00+00:00,t2,1,0.034999999999999996,0.08366039438831271,0.5180468104377132,0.8780955369851458,0.24396644031099302,0.01,4.88,3.7216666666666662
2026-01-10 05:00:00+00:00,t2,2,0.034999999999999996,0.11250728999071641,0.5041613319221745,0.8994830453889204,0.40783563748079876,0.01,6.05,3.7216666666666662
2026-01-10 06:00:00+00:00,t1,1,0.09000000000000001,0.15138604050662102,0.4796705625126863,0.872952508017531,0.24396644031099302,0.01,4.95,4.746666666666667
2026-01-10 06:00:00+00:00,t1,2,0.09000000000000001,0.08612099241987477,0.5327259915444108,0.9203850980145103,0.29666767038040753,0.01,5.05,4.746666666666667
2026-01-10 06:00:00+00:00,t2,1,0.09000000000000001,0.10427070915292257,0.47998383662369626,0.8731281140377395,0.24396644031099302,0.01,4.95,4.908333333333333
2026-01-10 06:00:00+00:00,t2,2,0.09000000000000001,0.08417393767080031,0.5330392656554209,0.9198601216986424,0.29666767038040753,0.01,5.05,4.908333333333333
2026-01-10 07:00:00+00:00,t1,1,0.05333333333333334,0.17062136498879865,0.5257664295599404,0.8776378782741054,0.29666767038040753,0.01,5.33,4.303333333333334
2026-01-10 07:00:00+00:00,t1,2,0.05333333333333334,0.10343338300498425,0.5741198911931249,0.9252264192834289,0.29666767038040753,0.01,5.22,4.303333333333334
2026-01-10 07:00:00+00:00,t2,1,0.049999999999999996,0.11270547341218293,0.5260797036709505,0.8774015219905145,0.29666767038040753,0.01,5.33,4.206666666666667
2026-01-10 07:00:00+00:00,t2,2,0.049999999999999996,0.09431820095758747,0.574433165304135,0.9249900629998379,0.29666767038040753,0.006666666666666667,5.22,4.206666666666667
2026-01-10 08:00:00+00:00,t1,1,0.21333333333333335,0.12200237950718679,0.5788183090427927,0.8663987425938253,0.29666767038040753,0.011666666666666667,5.33,5.966666666666666
2026-01-10 08:00:00+00:00,t1,2,0.21333333333333335,0.05810087724243028,0.5710774930629409,0.8643961803085144,0.29666767038040753,0.008333333333333333,5.13,5.966666666666666
2026-01-10 08:00:00+00:00,t2,1,0.24333333333333332,0.084436473973225,0.5791315831538029,0.866590511188127,0.29666767038040753,0.006666666666666667,5.33,6.433333333333334
2026-01-10 08:00:00+00:00,t2,2,0.24333333333333332,0.05747621703052569,0.571390767173951,0.8643403144748987,0.29666767038040753,0.008333333333333333,5.13,6.433333333333334
2026-01-10 09:00:00+00:00,t1,1,0.19166666666666665,0.10403046793188843,0.6071941905539318,0.8518024888025815,0.29666767038040753,0.01,5.07,5.915
2026-01-10 09:00:00+00:00,t1,2,0.19166666666666665,0.054430907719707905,0.49461266137682447,0.7780996558641943,0.24396644031099302,0.01,4.8,5.915
2026-01-10 09:00:00+00:00,t2,1,0.18833333333333335,0.075366533165051,0.6075074646649419,0.8517466229689655,0.29666767038040753,0.01,5.07,6.046666666666667
2026-01-10 09:00:00+00:00,t2,2,0.18833333333333335,0.024734282841490388,0.4949259354878344,0.7780996558641943,0.24396644031099302,0.013333333333333334,4.8,6.046666666666667
2026-01-10 10:00:00+00:00,t1,1,0.18833333333333332,0.10315070868417202,0.6581535650833551,0.8678830152833574,0.24396644031099302,0.01,4.94,5.953333333333333
2026-01-10 10:00:00+00:00,t1,2,0.18833333333333332,0.05394614381186713,0.5253327722992598,0.7807934312152234,0.24396644031099302,0.18333333333333335,4.75,5.953333333333333
2026-01-10 10:00:00+00:00,t2,1,0.21,0.08342164869622479,0.6584668391943652,0.8680893409573882,0.24396644031099302,0.01,4.94,6.364999999999999
2026-01-10 10:00:00+00:00,t2,2,0.21,0.02305847950226287,0.5256460464102699,0.7807772686411304,0.24396644031099302,0.18666666666666668,4.75,6.364999999999999
2026-01-10 11:00:00+00:00,t1,1,0.18000000000000002,0.14630500339660193,0.6873656775848714,0.8317989522115974,0.29666767038040753,0.02666666666666667,5.33,5.9433333333333325
2026-01-10 11:00:00+00:00,t1,2,0.18000000000000002,0.048826564664498126,0.5512118726145206,0.7217390407505418,0.29666767038040753,0.13833333333333334,5.11,5.9433333333333325
2026-01-10 11:00:00+00:00,t2,1,0.16666666666666666,0.13623627352347029,0.6858458327159844,0.8317604500054535,0.29666767038040753,0.016666666666666666,5.33,5.921666666666667
2026-01-10 11:00:00+00:00,t2,2,0.16666666666666666,0.04888190451492906,0.5505854327677837,0.7221432205020195,0.29666767038040753,0.135,5.11,5.921666666666667
2026-01-10 12:00:00+00:00,t1,1,0.15166666666666667,0.17376836248169994,0.6739872982193145,0.8682113674007728,0.40783563748079876,0.03,6.23,5.538333333333334
2026-01-10 12:00:00+00:00,t1,2,0.15166666666666667,0.12817989830560753,0.5360709987299999,0.7872238888592702,0.40783563748079876,0.135,6.23,5.538333333333334
2026-01-10 12:00:00+00:00,t2,1,0.16166666666666668,0.15841383240286724,0.6724674533504275,0.8665382034423894,0.40783563748079876,0.013333333333333334,6.23,5.821666666666666
2026-01-10 12:00:00+00:00,t2,2,0.16166666666666668,0.11015647542507387,0.5354445588832629,0.7867400446323475,0.40783563748079876,0.12666666666666668,6.23,5.821666666666666
2026-01-10 13:00:00+00:00,t1,1,0.4166666666666667,0.19946118857880757,0.6677363479075848,0.9223293510759684,0.46587952084773093,0.011666666666666667,6.78,7.561666666666667
2026-01-10 13:00:00+00:00,t1,2,0.4166666666666667,0.15125993100344548,0.5616695794288706,0.8262330191683728,0.46587952084773093,0.12,6.77,7.561666666666667
2026-01-10 13:00:00+00:00,t2,1,0.4466666666666666,0.18457360332216943,0.6667288689987838,0.9194411217008074,0.46587952084773093,0.01,6.78,7.696666666666666
2026-01-10 13:00:00+00:00,t2,2,0.4466666666666666,0.14088826704253007,0.5591304403014943,0.8257491749414498,0.46587952084773093,0.09999999999999999,6.77,7.696666666666666
2026-01-10 14:00:00+00:00,t1,1,0.38833333333333336,0.23777864789581166,0.7063883608772188,0.9243791347747206,0.46587952084773093,0.008333333333333333,6.95,7.251666666666666
2026-01-10 14:00:00+00:00,t1,2,0.38833333333333336,0.1315444680303869,0.45192785588375517,0.8415401443903369,0.46587952084773093,0.01,6.95,7.251666666666666
2026-01-10 14:00:00+00:00,t2,1,0.39166666666666666,0.22474362039504092,0.7017060811440052,0.9216084030226215,0.46587952084773093,0.008333333333333333,6.95,7.435
2026-01-10 14:00:00+00:00,t2,2,0.39166666666666666,0.12358086215388212,0.4493887167563791,0.8406532094470266,0.46587952084773093,0.01,6.95,7.435
2026-01-10 15:00:00+00:00,t1,1,0.54,0.34014963162676565,0.7632031230227222,0.9589636134096481,0.46587952084773093,0.01,6.99,7.571666666666666
2026-01-10 15:00:00+00:00,t1,2,0.54,0.17592343228593296,0.5597215818367848,0.8959156145094813,0.46587952084773093,0.013333333333333334,6.81,7.571666666666666
2026-01-10 15:00:00+00:00,t2,1,0.49833333333333335,0.3592438055331562,0.7585208432895086,0.9559922645859594,0.46587952084773093,0.008333333333333333,6.99,7.585
2026-01-10 15:00:00+00:00,t2,2,0.49833333333333335,0.16812041694349586,0.5571824427094084,0.8940759596162385,0.46587952084773093,0.008333333333333333,6.81,7.585
2026-01-10 16:00:00+00:00,t1,1,0.5750000000000001,0.3576981786689318,0.7473188262256081,0.9609125285879868,0.46587952084773093,0.01,6.8,7.94
2026-01-10 16:00:00+00:00,t1,2,0.5750000000000001,0.1692630480607211,0.5598100401001684,0.9031020646116379,0.46587952084773093,0.013333333333333334,6.58,7.94
2026-01-10 16:00:00+00:00,t2,1,0.5366666666666667,0.41716820645908137,0.7426365464923945,0.9577804513784834,0.46587952084773093,0.01,6.8,7.816666666666666
2026-01-10 16:00:00+00:00,t2,2,0.5366666666666667,0.16827774686487934,0.5563817108166033,0.9012004113860081,0.46587952084773093,0.011666666666666667,6.58,7.816666666666666
2026-01-10 17:00:00+00:00,t1,1,0.345,0.3878416870154689,0.7064054082366575,0.96886043645671,0.46587952084773093,0.01,6.71,6.631666666666667
2026-01-10 17:00:00+00:00,t1,2,0.345,0.1337165524898482,0.5161286430696714,0.8953805037248787,0.40783563748079876,0.01,6.2,6.631666666666667
2026-01-10 17:00:00+00:00,t2,1,0.3066666666666667,0.4474100970304352,0.7056159934949054,0.9641476451147978,0.46587952084773093,0.01,6.71,6.463333333333334
2026-01-10 17:00:00+00:00,t2,2,0.3066666666666667,0.12593657516234297,0.5127003137861063,0.8917519961134759,0.40783563748079876,0.008333333333333333,6.2,6.463333333333334
2026-01-10 18:00:00+00:00,t1,1,0.4083333333333334,0.4701526568769099,0.7005618427435992,0.9752083318582502,0.46587952084773093,0.01,7.0,7.006666666666667
2026-01-10 18:00:00+00:00,t1,2,0.4083333333333334,0.23503150849039112,0.6450659680841846,0.9100388897712337,0.34551812937783266,0.01,5.94,7.006666666666667
2026-01-10 18:00:00+00:00,t2,1,0.45166666666666666,0.39120432056727356,0.6997724280018471,0.9705448294557193,0.46587952084773093,0.01,7.0,7.446666666666666
2026-01-10 18:00:00+00:00,t2,2,0.45166666666666666,0.23759454386450607,0.640383688350971,0.9071580531605915,0.34551812937783266,0.008333333333333333,5.94,7.446666666666666
2026-01-10 19:00:00+00:00,t1,1,0.84,0.4507148568908522,0.7213328075331936,0.9955098831454726,0.5595838549817422,0.01,7.54,9.924999999999999
2026-01-10 19:00:00+00:00,t1,2,0.84,0.2732657432372522,0.5748645585567177,0.9217405415041734,0.40783563748079876,0.011666666666666667,6.19,9.924999999999999
2026-01-10 19:00:00+00:00,t2,1,0.8716666666666667,0.42681821893221406,0.7205433927914415,0.9938701776489871,0.5595838549817422,0.01,7.54,10.226666666666667
2026-01-10 19:00:00+00:00,t2,2,0.8716666666666667,0.2745095544594923,0.5701822788235041,0.9188086536492182,0.40783563748079876,0.01,6.19,10.226666666666667
2026-01-10 20:00:00+00:00,t1,1,0.8983333333333333,0.5137039155493919,0.7752274510808226,1.0,0.5595838549817422,0.01,7.62,10.176666666666668
2026-01-10 20:00:00+00:00,t1,2,0.8983333333333333,0.3592699911033784,0.6790937277163474,0.9840961291445751,0.46587952084773093,0.01,6.84,10.176666666666668
2026-01-10 20:00:00+00:00,t2,1,0.9183333333333333,0.5164372602642802,0.7744380363390705,1.0,0.5595838549817422,0.01,7.62,10.446666666666667
2026-01-10 20:00:00+00:00,t2,2,0.9183333333333333,0.2996745375181666,0.6783043129745953,0.9804488584725336,0.46587952084773093,0.008333333333333333,6.84,10.446666666666667
2026-01-10 21:00:00+00:00,t1,1,0.7116666666666666,0.5160021196090253,0.7421291434287758,1.0,0.533438938580799,0.01,7.3,8.641666666666667
2026-01-10 21:00:00+00:00,t1,2,0.7116666666666666,0.4079274050226273,0.6891218034298299,1.0,0.533438938580799,0.013333333333333334,7.4,8.641666666666667
2026-01-10 21:00:00+00:00,t2,1,0.6933333333333334,0.5079233563175101,0.7413397286870237,0.9998878862832483,0.533438938580799,0.01,7.3,8.785
2026-01-10 21:00:00+00:00,t2,2,0.6933333333333334,0.4258233864247991,0.6883323886880778,0.9974986852239434,0.533438938580799,0.01,7.4,8.785
2026-01-10 22:00:00+00:00,t1,1,0.7716666666666666,0.4967894514077692,0.7142701925455885,1.0,0.46587952084773093,0.01,6.91,9.095
2026-01-10 22:00:00+00:00,t1,2,0.7716666666666666,0.5096829624315341,0.7811776767329258,1.0,0.5595838549817422,0.01,7.67,9.095
2026-01-10 22:00:00+00:00,t2,1,0.6866666666666666,0.43793782754370636,0.7134807778038365,0.9981287770592977,0.46587952084773093,0.01,6.91,8.758333333333333
2026-01-10 22:00:00+00:00,t2,2,0.6866666666666666,0.49369115183146817,0.7803882619911737,1.0,0.5595838549817422,0.011666666666666667,7.67,8.758333333333333
2026-01-10 23:00:00+00:00,t1,1,0.85,0.4639474507669483,0.7054593502132516,0.9892697697545415,0.46587952084773093,0.01,6.58,9.885
2026-01-10 23:00:00+00:00,t1,2,0.85,0.48954257090005715,0.7591357612416755,1.0,0.5595838549817422,0.01,7.67,9.885
2026-01-10 23:00:00+00:00,t2,1,0.8233333333333334,0.3825987992487481,0.7073964518891865,0.984350094776251,0.46587952084773093,0.01,6.58,9.911666666666667
2026-01-10 23:00:00+00:00,t2,2,0.8233333333333334,0.4728133462734744,0.7583463464999234,1.0,0.5595838549817422,0.01,7.67,9.911666666666667
2026-01-11 00:00:00+00:00,t1,1,0.4683333333333333,0.5900038584177976,0.6910737777534717,0.9941447415389517,0.533438938580799,0.028333333333333332,7.2,7.343333333333334
2026-01-11 00:00:00+00:00,t1,2,0.4683333333333333,0.5843980973292909,0.6783039109345461,1.0,0.533438938580799,0.01,7.16,7.343333333333334
2026-01-11 00:00:00+00:00,t2,1,0.48,0.4603164643270942,0.6930108794294066,0.9897712684619973,0.533438938580799,0.016666666666666666,7.2,7.585
2026-01-11 00:00:00+00:00,t2,2,0.48,0.47972883836138225,0.677514496192794,1.0,0.533438938580799,0.01,7.16,7.585
2026-01-11 01:00:00+00:00,t1,1,0.5533333333333333,0.636490078256469,0.6748387575657984,1.0,0.533438938580799,0.06166666666666667,7.29,7.673333333333333
2026-01-11 01:00:00+00:00,t1,2,0.5533333333333333,0.5977271414979983,0.658421270245032,1.0,0.533438938580799,0.01,7.07,7.673333333333333
2026-01-11 01:00:00+00:00,t2,1,0.5533333333333333,0.52386886567563,0.6740493428240463,1.0,0.533438938580799,0.043333333333333335,7.29,7.921666666666667
2026-01-11 01:00:00+00:00,t2,2,0.5533333333333333,0.4859901262403803,0.65763185550328,1.0,0.533438938580799,0.008333333333333333,7.07,7.921666666666667
2026-01-11 02:00:00+00:00,t1,1,0.48666666666666664,0.6063442463948389,0.6620168492076656,1.0,0.533438938580799,0.05833333333333334,7.16,7.56
2026-01-11 02:00:00+00:00,t1,2,0.48666666666666664,0.5420585076660986,0.6348765674887741,1.0,0.46587952084773093,0.01,6.86,7.56
2026-01-11 02:00:00+00:00,t2,1,0.445,0.49890670455469766,0.6616289874662915,1.0,0.533438938580799,0.034999999999999996,7.16,7.3566666666666665
2026-01-11 02:00:00+00:00,t2,2,0.445,0.40618992640343,0.6344887057474,1.0,0.46587952084773093,0.01,6.86,7.3566666666666665
2026-01-11 03:00:00+00:00,t1,1,0.21,0.4396273586376889,0.6268577175397982,1.0,0.46587952084773093,0.051666666666666666,6.69,5.84
2026-01-11 03:00:00+00:00,t1,2,0.21,0.44123289341179706,0.6281254458248212,1.0,0.40783563748079876,0.01,6.46,5.84
2026-01-11 03:00:00+00:00,t2,1,0.21666666666666667,0.3960604649818871,0.6264698557984242,0.9963904321649912,0.46587952084773093,0.03166666666666667,6.69,6.010000000000001
2026-01-11 03:00:00+00:00,t2,2,0.21666666666666667,0.3368285067381264,0.6277375840834472,0.9990393105915677,0.40783563748079876,0.008333333333333333,6.46,6.010000000000001
2026-01-11 04:00:00+00:00,t1,1,0.325,0.4325198130575594,0.6920676553338965,0.985461119872606,0.46587952084773093,0.11499999999999999,6.55,6.4366666666666665
2026-01-11 04:00:00+00:00,t1,2,0.325,0.5200121002567883,0.6852087735981941,1.0,0.46587952084773093,0.01,6.93,6.4366666666666665
2026-01-11 04:00:00+00:00,t2,1,0.3233333333333333,0.42220726498813627,0.6920203840174083,0.9811218256246014,0.46587952084773093,0.08,6.55,6.670000000000001
2026-01-11 04:00:00+00:00,t2,2,0.3233333333333333,0.42532782241279926,0.6851615022817059,1.0,0.46587952084773093,0.008333333333333333,6.93,6.670000000000001
2026-01-11 05:00:00+00:00,t1,1,0.27999999999999997,0.5814080592635439,0.7296060592746152,0.9963543762379973,0.5595838549817422,0.07,7.85,6.473333333333334
2026-01-11 05:00:00+00:00,t1,2,0.27999999999999997,0.5778707546973936,0.7896408866158077,1.0,0.621809413221861,0.01,8.21,6.473333333333334
2026-01-11 05:00:00+00:00,t2,1,0.26333333333333336,0.41051274593029674,0.7292181975332411,0.9930583296089058,0.5595838549817422,0.034999999999999996,7.85,6.3066666666666675
2026-01-11 05:00:00+00:00,t2,2,0.26333333333333336,0.3837219868746792,0.7892530248744336,1.0,0.621809413221861,0.01,8.21,6.3066666666666675
2026-01-11 06:00:00+00:00,t1,1,0.4033333333333333,0.6464068856695327,0.7464832452193548,1.0,0.533438938580799,0.09000000000000001,7.09,7.211666666666666
2026-01-11 06:00:00+00:00,t1,2,0.4033333333333333,0.5041281155031606,0.7843643005748826,1.0,0.533438938580799,0.01,7.31,7.211666666666666
2026-01-11 06:00:00+00:00,t2,1,0.39666666666666667,0.522301527168219,0.7464359739028666,1.0,0.533438938580799,0.09000000000000001,7.09,7.285
2026-01-11 06:00:00+00:00,t2,2,0.39666666666666667,0.451732574056309,0.7843170292583944,1.0,0.533438938580799,0.01,7.31,7.285
2026-01-11 07:00:00+00:00,t1,1,0.5966666666666667,0.6653244248950257,0.7904497487303418,1.0,0.5595838549817422,0.05333333333333334,7.81,8.523333333333333
2026-01-11 07:00:00+00:00,t1,2,0.5966666666666667,0.5186816258133173,0.7665781243956293,1.0,0.5595838549817422,0.01,7.95,8.523333333333333
2026-01-11 07:00:00+00:00,t2,1,0.6766666666666666,0.5803468261778286,0.7904024774138536,1.0,0.5595838549817422,0.049999999999999996,7.81,9.125
2026-01-11 07:00:00+00:00,t2,2,0.6766666666666666,0.5116236849860377,0.7665308530791412,1.0,0.5595838549817422,0.01,7.95,9.125
2026-01-11 08:00:00+00:00,t1,1,0.6,0.688316647463622,0.8187600676552761,1.0,0.621809413221861,0.21333333333333335,8.14,8.459999999999999
2026-01-11 08:00:00+00:00,t1,2,0.6,0.5440826691881051,0.7775477516521297,1.0,0.621809413221861,0.011666666666666667,8.31,8.459999999999999
2026-01-11 08:00:00+00:00,t2,1,0.6016666666666667,0.5702178287190005,0.8187127963387879,1.0,0.621809413221861,0.24333333333333332,8.14,8.6
2026-01-11 08:00:00+00:00,t2,2,0.6016666666666667,0.4696575408556427,0.7775004803356416,1.0,0.621809413221861,0.006666666666666667,8.31,8.6
2026-01-11 09:00:00+00:00,t1,1,0.31333333333333335,0.5961504792595556,0.8943741239316226,1.0,0.6380866269626422,0.19166666666666665,8.63,6.536666666666666
2026-01-11 09:00:00+00:00,t1,2,0.31333333333333335,0.5037776346442664,0.8744484240866687,1.0,0.6380866269626422,0.01,8.99,6.536666666666666
2026-01-11 09:00:00+00:00,t2,1,0.27499999999999997,0.6719537739689729,0.8939862621902486,1.0,0.6380866269626422,0.18833333333333335,8.63,6.531666666666666
2026-01-11 09:00:00+00:00,t2,2,0.27499999999999997,0.5240474882729729,0.8740605623452946,1.0,0.6380866269626422,0.01,8.99,6.531666666666666
2026-01-11 10:00:00+00:00,t1,1,0.21833333333333335,0.42348509529591966,0.8541241098062237,0.9977222262512021,0.40783563748079876,0.18833333333333332,6.43,5.9383333333333335
2026-01-11 10:00:00+00:00,t1,2,0.21833333333333335,0.40863154771231264,0.761008274373143,1.0,0.5595838549817422,0.01,7.53,5.9383333333333335
2026-01-11 10:00:00+00:00,t2,1,0.22999999999999998,0.42632381018219073,0.8498433830733881,0.9961986929146487,0.40783563748079876,0.21,6.43,6.204999999999999
2026-01-11 10:00:00+00:00,t2,2,0.22999999999999998,0.47189233143069126,0.7609610030566548,1.0,0.5595838549817422,0.01,7.53,6.204999999999999
2026-01-11 11:00:00+00:00,t1,1,0.27999999999999997,0.3004565130958393,0.7765674152189729,0.9644970331511864,0.40783563748079876,0.18000000000000002,6.13,6.321666666666666
2026-01-11 11:00:00+00:00,t1,2,0.27999999999999997,0.3358867311374791,0.784180908771865,0.9954630178125152,0.46587952084773093,0.02666666666666667,6.57,6.321666666666666
2026-01-11 11:00:00+00:00,t2,1,0.2283333333333333,0.3239054891781797,0.7722866884861374,0.9629609538761086,0.40783563748079876,0.16666666666666666,6.13,6.098333333333334
2026-01-11 11:00:00+00:00,t2,2,0.2283333333333333,0.37852511307183173,0.7811541324886778,0.9938303903881123,0.46587952084773093,0.016666666666666666,6.57,6.098333333333334
2026-01-11 12:00:00+00:00,t1,1,0.2316666666666667,0.17471672231041918,0.656907951505263,0.9279312720512704,0.34551812937783266,0.15166666666666667,5.84,5.815
2026-01-11 12:00:00+00:00,t1,2,0.2316666666666667,0.142688015807643,0.5796867880186214,0.9404782475177795,0.34551812937783266,0.03,5.94,5.815
2026-01-11 12:00:00+00:00,t2,1,0.19000000000000003,0.15492444570425487,0.6538811752220759,0.927326712029671,0.34551812937783266,0.16166666666666668,5.84,5.81
2026-01-11 12:00:00+00:00,t2,2,0.19000000000000003,0.13464575564691728,0.5764455907642848,0.9388962457888926,0.34551812937783266,0.013333333333333334,5.94,5.81
2026-01-11 13:00:00+00:00,t1,1,0.445,0.1362745096472114,0.5457624749326534,0.8980944155087688,0.34551812937783266,0.4166666666666667,5.86,7.29
2026-01-11 13:00:00+00:00,t1,2,0.445,0.11416440230201386,0.5511437782272707,0.8862989783607532,0.34551812937783266,0.011666666666666667,5.66,7.29
2026-01-11 13:00:00+00:00,t2,1,0.4583333333333333,0.12587507320663519,0.5408229993688268,0.8975287596129935,0.34551812937783266,0.4466666666666666,5.86,7.493333333333333
2026-01-11 13:00:00+00:00,t2,2,0.4583333333333333,0.11356443747485592,0.5462043026634441,0.8857333224649777,0.34551812937783266,0.01,5.66,7.493333333333333
2026-01-11 14:00:00+00:00,t1,1,0.45166666666666666,0.11422457651291734,0.5273096266068972,0.8665271046109961,0.34551812937783266,0.38833333333333336,5.57,7.0566666666666675
2026-01-11 14:00:00+00:00,t1,2,0.45166666666666666,0.09371773886765154,0.5048802351756297,0.8822124031601618,0.34551812937783266,0.008333333333333333,5.77,7.0566666666666675
2026-01-11 14:00:00+00:00,t2,1,0.46166666666666667,0.1065666181801469,0.5236668763521826,0.8661599403429313,0.34551812937783266,0.39166666666666666,5.57,7.301666666666667
2026-01-11 14:00:00+00:00,t2,2,0.46166666666666667,0.08666648103319176,0.4999407596118029,0.8818596960899777,0.34551812937783266,0.008333333333333333,5.77,7.301666666666667
2026-01-11 15:00:00+00:00,t1,1,0.27499999999999997,0.10560937146297951,0.421633707605446,0.8089915937167769,0.29666767038040753,0.54,5.18,5.901666666666666
2026-01-11 15:00:00+00:00,t1,2,0.27499999999999997,0.09511871656028079,0.48147782116941445,0.8365667790833999,0.29666767038040753,0.01,5.27,5.901666666666666
2026-01-11 15:00:00+00:00,t2,1,0.2866666666666667,0.09739683942579924,0.41799095735073155,0.8080858532153069,0.29666767038040753,0.49833333333333335,5.18,6.241666666666667
2026-01-11 15:00:00+00:00,t2,2,0.2866666666666667,0.08869580165722435,0.4778350709147,0.8356610385819297,0.29666767038040753,0.008333333333333333,5.27,6.241666666666667
2026-01-11 16:00:00+00:00,t1,1,0.6066666666666667,0.10611954749555852,0.4307918154457388,0.7814164107466052,0.29666767038040753,0.5750000000000001,5.43,8.008333333333333
2026-01-11 16:00:00+00:00,t1,2,0.6066666666666667,0.09917798766011576,0.4782279515780501,0.8314434697673966,0.34551812937783266,0.01,5.52,8.008333333333333
2026-01-11 16:00:00+00:00,t2,1,0.4916666666666667,0.09589563972558875,0.42585233988191246,0.7809495627452957,0.29666767038040753,0.5366666666666667,5.43,7.503333333333333
2026-01-11 16:00:00+00:00,t2,2,0.4916666666666667,0.08995565638745213,0.47458520132333565,0.8302748886219212,0.34551812937783266,0.01,5.52,7.503333333333333
2026-01-11 17:00:00+00:00,t1,1,0.5499999999999999,0.15052220831626087,0.44186293656209163,0.7833013612828227,0.40783563748079876,0.345,6.45,8.653333333333332
2026-01-11 17:00:00+00:00,t1,2,0.5499999999999999,0.12165983473764991,0.4651989309078198,0.9082139510020021,0.40783563748079876,0.01,6.42,8.653333333333332
2026-01-11 17:00:00+00:00,t2,1,0.5183333333333334,0.14063947829785878,0.4393237974347155,0.7835210983027812,0.40783563748079876,0.3066666666666667,6.45,8.218333333333334
2026-01-11 17:00:00+00:00,t2,2,0.5183333333333334,0.12291917981067368,0.458964880273237,0.9059819866557844,0.40783563748079876,0.01,6.42,8.218333333333334
2026-01-11 18:00:00+00:00,t1,1,0.33166666666666667,0.09753942631578191,0.36659375476609385,0.8165372433623873,0.46587952084773093,0.4083333333333334,6.75,7.06
2026-01-11 18:00:00+00:00,t1,2,0.33166666666666667,0.1638572626606832,0.4708138885744813,0.9309377552737467,0.533438938580799,0.01,7.33,7.06
2026-01-11 18:00:00+00:00,t2,1,0.33,0.10401047577556874,0.3627600405679613,0.8163136212871303,0.46587952084773093,0.45166666666666666,6.75,7.003333333333333
2026-01-11 18:00:00+00:00,t2,2,0.33,0.1712498575608791,0.4640110325403563,0.9288872171769111,0.533438938580799,0.01,7.33,7.003333333333333
2026-01-11 19:00:00+00:00,t1,1,0.58,0.0741125973322363,0.35332903169514535,0.758501474002712,0.533438938580799,0.84,7.27,8.19
2026-01-11 19:00:00+00:00,t1,2,0.58,0.21023724840559818,0.5086248780886283,0.9316134632600186,0.5595838549817422,0.01,7.54,8.19
2026-01-11 19:00:00+00:00,t2,1,0.49,0.08903280541240298,0.3471547272523553,0.7582778519274549,0.533438938580799,0.8716666666666667,7.27,7.636666666666667
2026-01-11 19:00:00+00:00,t2,2,0.49,0.21475906068788128,0.5037109515687345,0.930421945917856,0.5595838549817422,0.01,7.54,7.636666666666667
2026-01-11 20:00:00+00:00,t1,1,0.4033333333333333,0.06746664805817164,0.329301998317951,0.6627471887249018,0.533438938580799,0.8983333333333333,7.15,6.984999999999999
2026-01-11 20:00:00+00:00,t1,2,0.4033333333333333,0.23008810695936782,0.5015426595271053,0.8774453087232633,0.533438938580799,0.01,7.41,6.984999999999999
2026-01-11 20:00:00+00:00,t2,1,0.3933333333333333,0.09133419385562545,0.32547027490830915,0.6617872825206423,0.533438938580799,0.9183333333333333,7.15,7.218333333333334
2026-01-11 20:00:00+00:00,t2,2,0.3933333333333333,0.23672178360598456,0.4966287330072114,0.875900531245317,0.533438938580799,0.01,7.41,7.218333333333334
2026-01-11 21:00:00+00:00,t1,1,0.06833333333333334,0.017432532578664,0.20447315945290703,0.45657806510387405,0.46587952084773093,0.7116666666666666,6.6,3.831666666666667
2026-01-11 21:00:00+00:00,t1,2,0.06833333333333334,0.15070826982987715,0.45343051634142456,0.8732900489601323,0.46587952084773093,0.01,6.83,3.831666666666667
2026-01-11 21:00:00+00:00,t2,1,0.04666666666666667,0.034647416886326145,0.20064143604326506,0.4563276794477912,0.46587952084773093,0.6933333333333334,6.6,3.716666666666667
2026-01-11 21:00:00+00:00,t2,2,0.04666666666666667,0.14662566556066628,0.4499505602037123,0.8718060467599106,0.46587952084773093,0.01,6.83,3.716666666666667
2026-01-11 22:00:00+00:00,t1,1,0.015,0.0,0.08659220826376313,0.2872420016993474,0.34551812937783266,0.7716666666666666,5.53,1.8766666666666667
2026-01-11 22:00:00+00:00,t1,2,0.015,0.03463388550814044,0.3479258037900373,0.7389391400118219,0.46587952084773093,0.01,6.58,1.8766666666666667
2026-01-11 22:00:00+00:00,t2,1,0.01,0.0,0.08139637995123765,0.2870077786173576,0.34551812937783266,0.6866666666666666,5.53,1.4116666666666664
2026-01-11 22:00:00+00:00,t2,2,0.01,0.011488480950742744,0.34021632789343637,0.7379792338075626,0.46587952084773093,0.01,6.58,1.4116666666666664
2026-01-11 23:00:00+00:00,t1,1,0.023333333333333334,0.009535060561803336,0.0886681798135388,0.2883086576078002,0.1459803862401931,0.85,3.06,3.225
2026-01-11 23:00:00+00:00,t1,2,0.023333333333333334,0.00719310003624328,0.24713113215206528,0.6140565400837689,0.29666767038040753,0.01,5.28,3.225
2026-01-11 23:00:00+00:00,t2,1,0.011666666666666667,0.008440853545789327,0.08373126851412725,0.28807443452581044,0.1459803862401931,0.8233333333333334,3.06,3.22
2026-01-11 23:00:00+00:00,t2,2,0.011666666666666667,0.0,0.24473337912460502,0.6131294335031124,0.29666767038040753,0.01,5.28,3.22
2026-01-12 00:00:00+00:00,t1,1,0.01,0.009535060561803336,0.06497126704168966,0.0886191444873887,0.10344010868308474,0.4683333333333333,1.63,1.2216666666666667
2026-01-12 00:00:00+00:00,t1,2,0.01,0.008871908369604055,0.11653655562753373,0.23595906158004265,0.13303917357062492,0.028333333333333332,2.57,1.2216666666666667
2026-01-12 00:00:00+00:00,t2,1,0.01,0.008755849954982664,0.060180411746625695,0.08838492140539894,0.10344010868308474,0.48,1.63,1.0283333333333333
2026-01-12 00:00:00+00:00,t2,2,0.01,0.00848171426102542,0.11174570033246978,0.23572483849805292,0.13303917357062492,0.016666666666666666,2.57,1.0283333333333333
2026-01-12 01:00:00+00:00,t1,1,0.01,0.009535060561803336,0.04632246024243314,0.08499324107765108,0.10344010868308474,0.5533333333333333,1.8,0.735
2026-01-12 01:00:00+00:00,t1,2,0.01,0.008871908369604055,0.06663772044863016,0.08186730800055093,0.10431543935643564,0.06166666666666667,2.41,0.735
2026-01-12 01:00:00+00:00,t2,1,0.01,0.00845941086501798,0.041531604947369155,0.08475901799566132,0.10344010868308474,0.5533333333333333,1.8,1.0433333333333332
2026-01-12 01:00:00+00:00,t2,2,0.01,0.00755138104915397,0.06184686515356621,0.08163308491856118,0.10431543935643564,0.043333333333333335,2.41,1.0433333333333332
2026-01-12 02:00:00+00:00,t1,1,0.01,0.009535060561803336,0.03966778701365098,0.03966778701365098,0.1459803862401931,0.48666666666666664,3.48,1.27
2026-01-12 02:00:00+00:00,t1,2,0.01,0.008871908369604055,0.043258674984613374,0.10796897567534708,0.10431543935643564,0.05833333333333334,2.05,1.27
2026-01-12 02:00:00+00:00,t2,1,0.01,0.008016316956953035,0.0383469088293794,0.0383469088293794,0.1459803862401931,0.445,3.48,1.3583333333333334
2026-01-12 02:00:00+00:00,t2,2,0.01,0.007847022381932628,0.04193779680034179,0.11467603102419438,0.10431543935643564,0.034999999999999996,2.05,1.3583333333333334
2026-01-12 03:00:00+00:00,t1,1,0.01,0.0,0.08366464992144025,0.17525033130469814,0.20381297203510923,0.21,4.18,2.5883333333333334
2026-01-12 03:00:00+00:00,t1,2,0.01,0.008871908369604055,0.04400204689458197,0.1206472008074086,0.1459803862401931,0.051666666666666666,3.43,2.5883333333333334
2026-01-12 03:00:00+00:00,t2,1,0.01,0.0,0.08234377173716867,0.17508532629122225,0.20381297203510923,0.21666666666666667,4.18,2.3216666666666668
2026-01-12 03:00:00+00:00,t2,2,0.01,0.007145016364126637,0.042681168710310385,0.12077897092422271,0.1459803862401931,0.03166666666666667,3.43,2.3216666666666668
2026-01-12 04:00:00+00:00,t1,1,0.01,0.0,0.0931172085835383,0.18305837585962192,0.24396644031099302,0.325,4.64,1.1183333333333334
2026-01-12 04:00:00+00:00,t1,2,0.01,0.0,0.100679913327804,0.1995756312099472,0.29666767038040753,0.11499999999999999,5.16,1.1183333333333334
2026-01-12 04:00:00+00:00,t2,1,0.01,0.0,0.09264269850029283,0.18304221328552886,0.24396644031099302,0.3233333333333333,4.64,1.0516666666666667
2026-01-12 04:00:00+00:00,t2,2,0.01,0.0,0.10020540324455854,0.19955946863585414,0.29666767038040753,0.08,5.16,1.0516666666666667
2026-01-12 05:00:00+00:00,t1,1,0.01,0.0,0.062384891096858915,0.10807665977537326,0.29666767038040753,0.27999999999999997,5.39,1.8116666666666668
2026-01-12 05:00:00+00:00,t1,2,0.01,0.0,0.10366590941792557,0.15566080025791257,0.29666767038040753,0.07,5.47,1.8116666666666668
2026-01-12 05:00:00+00:00,t2,1,0.01,0.0,0.06106401291258732,0.10807665977537326,0.29666767038040753,0.26333333333333336,5.39,1.625
2026-01-12 05:00:00+00:00,t2,2,0.01,0.0,0.10234503123365399,0.15566080025791257,0.29666767038040753,0.034999999999999996,5.47,1.625
2026-01-12 06:00:00+00:00,t1,1,0.01,0.0,0.09159385612385956,0.22396625753650565,0.20381297203510923,0.4033333333333333,4.14,1.5283333333333333
2026-01-12 06:00:00+00:00,t1,2,0.01,0.0,0.10893777834173995,0.22543664213422382,0.20381297203510923,0.09000000000000001,4.06,1.5283333333333333
2026-01-12 06:00:00+00:00,t2,1,0.01,0.0,0.09202527637055133,0.22396625753650565,0.20381297203510923,0.39666666666666667,4.14,1.4466666666666665
2026-01-12 06:00:00+00:00,t2,2,0.01,0.0,0.10846326825849449,0.22543664213422382,0.20381297203510923,0.09000000000000001,4.06,1.4466666666666665
2026-01-12 07:00:00+00:00,t1,1,0.011666666666666667,0.0,0.17029644273392916,0.341207491963779,0.34551812937783266,0.5966666666666667,5.56,2.1766666666666663
2026-01-12 07:00:00+00:00,t1,2,0.011666666666666667,0.0,0.1651332821256681,0.26763440690537993,0.24396644031099302,0.05333333333333334,4.67,2.1766666666666663
2026-01-12 07:00:00+00:00,t2,1,0.008333333333333333,0.0,0.171019255959094,0.34119132938968594,0.34551812937783266,0.6766666666666666,5.56,2.1283333333333334
2026-01-12 07:00:00+00:00,t2,2,0.008333333333333333,0.0,0.16587682094095854,0.2676182443312869,0.24396644031099302,0.049999999999999996,4.67,2.1283333333333334
2026-01-12 08:00:00+00:00,t1,1,0.09666666666666668,0.0007469683322825146,0.25260297978074875,0.5121080843627551,0.40783563748079876,0.6,6.04,4.905
2026-01-12 08:00:00+00:00,t1,2,0.09666666666666668,0.007749917661659146,0.27173597491487617,0.5486248138907608,0.34551812937783266,0.21333333333333335,5.68,4.905
2026-01-12 08:00:00+00:00,t2,1,0.10333333333333333,0.0011593898283996373,0.25191367000187126,0.5120919217886621,0.40783563748079876,0.6016666666666667,6.04,5.18
2026-01-12 08:00:00+00:00,t2,2,0.10333333333333333,0.0,0.2707552721575256,0.5477336718931503,0.34551812937783266,0.24333333333333332,5.68,5.18
2026-01-12 09:00:00+00:00,t1,1,0.16333333333333333,0.0004288203001955766,0.28339377916289443,0.5656672590083126,0.46587952084773093,0.31333333333333335,6.99,5.663333333333334
2026-01-12 09:00:00+00:00,t1,2,0.16333333333333333,0.023704587941954174,0.3902230619898551,0.7254001417917921,0.533438938580799,0.19166666666666665,7.25,5.663333333333334
2026-01-12 09:00:00+00:00,t2,1,0.19000000000000003,0.00743587491577237,0.2827044693840169,0.5656510964342196,0.46587952084773093,0.27499999999999997,6.99,6.026666666666667
2026-01-12 09:00:00+00:00,t2,2,0.19000000000000003,0.031563831211370734,0.3890448880213588,0.7258541018937403,0.533438938580799,0.18833333333333335,7.25,6.026666666666667
2026-01-12 10:00:00+00:00,t1,1,0.05666666666666667,0.025442189069732397,0.29745536761933217,0.6156499865143022,0.5595838549817422,0.21833333333333335,7.97,3.8000000000000003
2026-01-12 10:00:00+00:00,t1,2,0.05666666666666667,0.06774538297683097,0.46796639534931295,0.8481462831493563,0.7036149602258147,0.18833333333333332,9.65,3.8000000000000003
2026-01-12 10:00:00+00:00,t2,1,0.06666666666666667,0.0038560901024537048,0.2964746648619815,0.6156222434534969,0.5595838549817422,0.22999999999999998,7.97,4.181666666666667
2026-01-12 10:00:00+00:00,t2,2,0.06666666666666667,0.10050615171688594,0.4670934168541531,0.8473227191849493,0.7036149602258147,0.21,9.65,4.181666666666667
2026-01-12 11:00:00+00:00,t1,1,0.15333333333333332,0.0428924853829801,0.31777852212189944,0.6354348327935795,0.5595838549817422,0.27999999999999997,7.54,4.805
2026-01-12 11:00:00+00:00,t1,2,0.15333333333333332,0.09242862420828413,0.4286336566174145,0.7464438991640925,0.6886657154935532,0.18000000000000002,9.35,4.805
2026-01-12 11:00:00+00:00,t2,1,0.13666666666666666,0.054217836425655114,0.31690554362673956,0.6354186702194865,0.5595838549817422,0.2283333333333333,7.54,4.523333333333333
2026-01-12 11:00:00+00:00,t2,2,0.13666666666666666,0.09787559102553474,0.4277606781222546,0.7469542221014889,0.6886657154935532,0.16666666666666666,9.35,4.523333333333333
2026-01-12 12:00:00+00:00,t1,1,0.545,0.11236496560299564,0.44052562740332335,0.775569454717931,0.46587952084773093,0.2316666666666667,6.89,8.23
2026-01-12 12:00:00+00:00,t1,2,0.545,0.09569967798845685,0.39614153189618634,0.7141834711771464,0.46587952084773093,0.15166666666666667,6.72,8.23
2026-01-12 12:00:00+00:00,t2,1,0.5816666666666667,0.10672106419693879,0.43965264890816347,0.7758227977482894,0.46587952084773093,0.19000000000000003,6.89,8.391666666666667
2026-01-12 12:00:00+00:00,t2,2,0.5816666666666667,0.08517702133469274,0.3944221853000004,0.7132923291795359,0.46587952084773093,0.16166666666666668,6.72,8.391666666666667
2026-01-12 13:00:00+00:00,t1,1,0.615,0.09052667201697773,0.35502437905878065,0.7198755270367447,0.34551812937783266,0.445,5.73,8.358333333333333
2026-01-12 13:00:00+00:00,t1,2,0.615,0.068707669197125,0.3076387413523002,0.7109292364528532,0.46587952084773093,0.4166666666666667,6.55,8.358333333333333
2026-01-12 13:00:00+00:00,t2,1,0.6233333333333334,0.04725918913962082,0.35321714812970517,0.7189677479896243,0.34551812937783266,0.4583333333333333,5.73,8.556666666666667
2026-01-12 13:00:00+00:00,t2,2,0.6233333333333334,0.02510990958349086,0.3063642098567623,0.7100380944552427,0.46587952084773093,0.4466666666666666,6.55,8.556666666666667
2026-01-12 14:00:00+00:00,t1,1,0.58,0.1184907343124861,0.44517825680915746,0.7288601169057553,0.34551812937783266,0.45166666666666666,5.58,8.315
2026-01-12 14:00:00+00:00,t1,2,0.58,0.048091796066861994,0.30430849245520347,0.6031495350335552,0.46587952084773093,0.38833333333333336,6.98,8.315
2026-01-12 14:00:00+00:00,t2,1,0.59,0.06593388684293892,0.44366241885855506,0.7275531097631691,0.34551812937783266,0.46166666666666667,5.58,8.488333333333333
2026-01-12 14:00:00+00:00,t2,2,0.59,0.014249864106765556,0.3049675929112478,0.6031333724594622,0.46587952084773093,0.39166666666666666,6.98,8.488333333333333
2026-01-12 15:00:00+00:00,t1,1,0.5633333333333334,0.1230538565090302,0.3912745199082107,0.7318669480629535,0.29666767038040753,0.27499999999999997,5.19,8.209999999999999
2026-01-12 15:00:00+00:00,t1,2,0.5633333333333334,0.0,0.23015208374498325,0.5674629554192309,0.46587952084773093,0.54,6.8,8.209999999999999
2026-01-12 15:00:00+00:00,t2,1,0.5683333333333334,0.03834590126804377,0.3897586819576083,0.7314515573933947,0.29666767038040753,0.2866666666666667,5.19,8.354999999999999
2026-01-12 15:00:00+00:00,t2,2,0.5683333333333334,0.0,0.2304940695598957,0.5674467928451379,0.46587952084773093,0.49833333333333335,6.8,8.354999999999999
2026-01-12 16:00:00+00:00,t1,1,0.285,0.07916583237447133,0.2936635145833176,0.5364452961866963,0.533438938580799,0.6066666666666667,7.33,6.473333333333334
2026-01-12 16:00:00+00:00,t1,2,0.285,0.0,0.2785859565309902,0.4746374855392085,0.40783563748079876,0.5750000000000001,6.1,6.473333333333334
2026-01-12 16:00:00+00:00,t2,1,0.285,0.025334868793898006,0.2923889830877797,0.5364291336126034,0.533438938580799,0.4916666666666667,7.33,6.5249999999999995
2026-01-12 16:00:00+00:00,t2,2,0.285,0.010426659524191188,0.2789279423459027,0.47462132296511544,0.40783563748079876,0.5366666666666667,6.1,6.5249999999999995
2026-01-12 17:00:00+00:00,t1,1,0.26333333333333336,0.05799109013190791,0.23592388398738082,0.5384818596030707,0.621809413221861,0.5499999999999999,8.3,6.373333333333334
2026-01-12 17:00:00+00:00,t1,2,0.26333333333333336,0.0,0.3056734457483332,0.5357092118103909,0.34551812937783266,0.345,5.61,6.373333333333334
2026-01-12 17:00:00+00:00,t2,1,0.26666666666666666,0.04297926591972377,0.2365829844434251,0.5384818596030707,0.621809413221861,0.5183333333333334,8.3,6.4433333333333325
2026-01-12 17:00:00+00:00,t2,2,0.26666666666666666,0.006469855640153295,0.29882774510084675,0.5356930492362979,0.34551812937783266,0.3066666666666667,5.61,6.4433333333333325
2026-01-12 18:00:00+00:00,t1,1,0.11833333333333333,0.0,0.18348491786370613,0.4953619238340233,0.24396644031099302,0.33166666666666667,4.87,5.041666666666667
2026-01-12 18:00:00+00:00,t1,2,0.11833333333333333,0.0,0.27066112171723733,0.4733793130184623,0.46587952084773093,0.4083333333333334,6.55,5.041666666666667
2026-01-12 18:00:00+00:00,t2,1,0.115,0.016757866312482668,0.17527511231333603,0.4953619238340233,0.24396644031099302,0.33,4.87,5.113333333333333
2026-01-12 18:00:00+00:00,t2,2,0.115,0.0,0.2696390026292664,0.4733793130184623,0.46587952084773093,0.45166666666666666,6.55,5.113333333333333
2026-01-12 19:00:00+00:00,t1,1,0.2233333333333333,0.009535060561803336,0.11053443876000299,0.20038413916377937,0.1459803862401931,0.58,3.43,5.965
2026-01-12 19:00:00+00:00,t1,2,0.2233333333333333,0.0,0.19034654914617066,0.5128295771630804,0.20381297203510923,0.84,4.33,5.965
2026-01-12 19:00:00+00:00,t2,1,0.22166666666666668,0.009786772051792255,0.102324633209633,0.20038413916377937,0.1459803862401931,0.49,3.43,6.086666666666666
2026-01-12 19:00:00+00:00,t2,2,0.22166666666666668,0.0,0.1896415446993314,0.5128295771630804,0.20381297203510923,0.8716666666666667,4.33,6.086666666666666
2026-01-12 20:00:00+00:00,t1,1,0.13833333333333334,0.0,0.09550547699519948,0.3195290166543547,0.20381297203510923,0.4033333333333333,4.12,5.171666666666667
2026-01-12 20:00:00+00:00,t1,2,0.13833333333333334,0.008871908369604055,0.19848094408521405,0.38071361919666474,0.17437129044610378,0.8983333333333333,3.8,5.171666666666667
2026-01-12 20:00:00+00:00,t2,1,0.13833333333333334,0.0,0.09378304581054994,0.3195290166543547,0.20381297203510923,0.3933333333333333,4.12,5.218333333333334
2026-01-12 20:00:00+00:00,t2,2,0.13833333333333334,0.012586071750743952,0.19027113853484395,0.3803143911011991,0.17437129044610378,0.9183333333333333,3.8,5.218333333333334
2026-01-12 21:00:00+00:00,t1,1,0.14833333333333334,0.009535060561803336,0.06784498172533193,0.21343043624056457,0.17437129044610378,0.06833333333333334,3.96,5.306666666666667
2026-01-12 21:00:00+00:00,t1,2,0.14833333333333334,0.0,0.13176625131455857,0.3756863423694309,0.24396644031099302,0.7116666666666666,4.55,5.306666666666667
2026-01-12 21:00:00+00:00,t2,1,0.145,0.009229206977236911,0.06696891864170851,0.21343043624056457,0.17437129044610378,0.04666666666666667,3.96,5.391666666666667
2026-01-12 21:00:00+00:00,t2,2,0.145,0.0,0.12964535171799457,0.3752871142739652,0.24396644031099302,0.6933333333333334,4.55,5.391666666666667
2026-01-12 22:00:00+00:00,t1,1,0.22833333333333336,0.009535060561803336,0.06069961500887589,0.10649721221341465,0.13303917357062492,0.015,2.63,6.011666666666667
2026-01-12 22:00:00+00:00,t1,2,0.22833333333333336,0.0,0.12512410793697312,0.3078685439399184,0.24396644031099302,0.7716666666666666,4.7,6.011666666666667
2026-01-12 22:00:00+00:00,t2,1,0.22333333333333336,0.009092777589223859,0.059823551925252474,0.10649721221341465,0.13303917357062492,0.01,2.63,6.171666666666667
2026-01-12 22:00:00+00:00,t2,2,0.22333333333333336,0.0,0.12340167675232361,0.30763432085792863,0.24396644031099302,0.6866666666666666,4.7,6.171666666666667
2026-01-12 23:00:00+00:00,t1,1,0.17666666666666667,0.009535060561803336,0.046211925642240866,0.09202084841097652,0.13303917357062492,0.023333333333333334,2.82,5.621666666666666
2026-01-12 23:00:00+00:00,t1,2,0.17666666666666667,0.0,0.16367468061881713,0.3196580432848142,0.24396644031099302,0.85,4.6,5.621666666666666
2026-01-12 23:00:00+00:00,t2,1,0.17166666666666666,0.008867314938020754,0.04533586255861743,0.09202084841097652,0.13303917357062492,0.011666666666666667,2.82,5.633333333333333
2026-01-12 23:00:00+00:00,t2,2,0.17166666666666666,0.0,0.16195224943416756,0.3196580432848142,0.24396644031099302,0.8233333333333334,4.6,5.633333333333333
2026-01-13 00:00:00+00:00,t1,1,0.045000000000000005,0.009535060561803336,0.010809148160525863,0.03197175471199111,0.09097294306980487,0.01,0.6,3.7099999999999995
2026-01-13 00:00:00+00:00,t1,2,0.045000000000000005,0.008871908369604055,0.08677788395434893,0.09283854192245916,0.1459803862401931,0.4683333333333333,3.39,3.7099999999999995
2026-01-13 00:00:00+00:00,t2,1,0.04833333333333334,0.008078877240307593,0.010250199718034265,0.03197175471199111,0.09097294306980487,0.01,0.6,3.9333333333333336
2026-01-13 00:00:00+00:00,t2,2,0.04833333333333334,0.00847439010582462,0.08590182087072552,0.09283854192245916,0.1459803862401931,0.48,3.39,3.9333333333333336
2026-01-13 01:00:00+00:00,t1,1,0.01,0.0,0.024363910609059417,0.024363910609059417,0.09097294306980487,0.01,1.0,1.6966666666666665
2026-01-13 01:00:00+00:00,t1,2,0.01,0.008871908369604055,0.049640361548029664,0.07389789283793227,0.13303917357062492,0.5533333333333333,2.67,1.6966666666666665
2026-01-13 01:00:00+00:00,t2,1,0.008333333333333333,0.0,0.02380496216656782,0.02380496216656782,0.09097294306980487,0.01,1.0,1.9266666666666665
2026-01-13 01:00:00+00:00,t2,2,0.008333333333333333,0.007405234623497374,0.047917930363380115,0.07389789283793227,0.13303917357062492,0.5533333333333333,2.67,1.9266666666666665
2026-01-13 02:00:00+00:00,t1,1,0.021666666666666667,0.0,0.03217888279545668,0.03217888279545668,0.09097294306980487,0.01,0.79,3.391666666666667
2026-01-13 02:00:00+00:00,t1,2,0.021666666666666667,0.008871908369604055,0.020106591677715595,0.04899489909173421,0.0898266827891979,0.48666666666666664,1.49,3.391666666666667
2026-01-13 02:00:00+00:00,t2,1,0.021666666666666667,0.0,0.03170437271221121,0.03170437271221121,0.09097294306980487,0.01,0.79,3.615
2026-01-13 02:00:00+00:00,t2,2,0.021666666666666667,0.007485997294491028,0.019632081594470125,0.04899489909173421,0.0898266827891979,0.445,1.49,3.615
2026-01-13 03:00:00+00:00,t1,1,0.11333333333333334,0.0,0.01906927898754148,0.01906927898754148,0.10431543935643564,0.01,2.16,5.1866666666666665
2026-01-13 03:00:00+00:00,t1,2,0.11333333333333334,0.008871908369604055,0.024869763558421,0.041026954744803015,0.10277016520894071,0.21,0.29,5.1866666666666665
2026-01-13 03:00:00+00:00,t2,1,0.11,0.0,0.018594768904296018,0.018594768904296018,0.10431543935643564,0.01,2.16,5.201666666666667
2026-01-13 03:00:00+00:00,t2,2,0.11,0.007353595646662386,0.024395253475175536,0.041026954744803015,0.10277016520894071,0.21666666666666667,0.29,5.201666666666667
2026-01-13 04:00:00+00:00,t1,1,0.14833333333333334,0.009535060561803336,0.058462825854326494,0.21500706077596615,0.17437129044610378,0.01,3.86,5.358333333333333
2026-01-13 04:00:00+00:00,t1,2,0.14833333333333334,0.008871908369604055,0.022917539256557942,0.022917539256557942,0.09097294306980487,0.325,0.92,5.358333333333333
2026-01-13 04:00:00+00:00,t2,1,0.11166666666666668,0.011657313647095184,0.05798831577108104,0.21500706077596615,0.17437129044610378,0.01,3.86,5.1499999999999995
2026-01-13 04:00:00+00:00,t2,2,0.11166666666666668,0.00734966703405259,0.022443029173312472,0.022443029173312472,0.09097294306980487,0.3233333333333333,0.92,5.1499999999999995
2026-01-13 05:00:00+00:00,t1,1,0.18000000000000002,0.004484734884937242,0.10312551447881074,0.40121432144902425,0.34551812937783266,0.01,5.82,5.56
2026-01-13 05:00:00+00:00,t1,2,0.18000000000000002,0.008871908369604055,0.027690810133164444,0.06968940117955061,0.10431543935643564,0.27999999999999997,2.37,5.56
2026-01-13 05:00:00+00:00,t2,1,0.16833333333333333,0.0,0.10282104733170944,0.4011981588749312,0.34551812937783266,0.01,5.82,5.533333333333334
2026-01-13 05:00:00+00:00,t2,2,0.16833333333333333,0.006775026131587493,0.027216300049918974,0.06968940117955061,0.10431543935643564,0.26333333333333336,2.37,5.533333333333334
2026-01-13 06:00:00+00:00,t1,1,0.2333333333333333,0.054699831021555456,0.31495414693199486,0.6827302979446735,0.34551812937783266,0.01,5.73,6.0683333333333325
2026-01-13 06:00:00+00:00,t1,2,0.2333333333333333,0.0,0.13562910681253268,0.38142166393339216,0.24396644031099302,0.4033333333333333,4.55,6.0683333333333325
2026-01-13 06:00:00+00:00,t2,1,0.2333333333333333,0.035172499525575475,0.3142648371531173,0.6746096184978785,0.34551812937783266,0.01,5.73,6.3500000000000005
2026-01-13 06:00:00+00:00,t2,2,0.2333333333333333,0.0,0.13532463966543132,0.3814055013592991,0.24396644031099302,0.39666666666666667,4.55,6.3500000000000005
2026-01-13 07:00:00+00:00,t1,1,0.515,0.13424825443467256,0.5695444114296604,0.8164362765193951,0.40783563748079876,0.011666666666666667,6.06,7.901666666666667
2026-01-13 07:00:00+00:00,t1,2,0.515,0.022380377837994903,0.20061254495373584,0.5119723333990713,0.34551812937783266,0.5966666666666667,5.96,7.901666666666667
2026-01-13 07:00:00+00:00,t2,1,0.5033333333333333,0.14455618182930385,0.5698576855406705,0.8166426021934259,0.40783563748079876,0.008333333333333333,6.06,8.023333333333333
2026-01-13 07:00:00+00:00,t2,2,0.5033333333333333,0.0,0.20030807780663448,0.5119561708249784,0.34551812937783266,0.6766666666666666,5.96,8.023333333333333
2026-01-13 08:00:00+00:00,t1,1,0.64,0.21986696974234568,0.6792560526304481,0.8850683322848664,0.34551812937783266,0.09666666666666668,5.96,8.68
2026-01-13 08:00:00+00:00,t1,2,0.64,0.07797047075406294,0.4697066253590789,0.7719954751255705,0.34551812937783266,0.6,5.98,8.68
2026-01-13 08:00:00+00:00,t2,1,0.7066666666666667,0.22116445080163794,0.6795693267414582,0.8855222923868146,0.34551812937783266,0.10333333333333333,5.96,9.063333333333334
2026-01-13 08:00:00+00:00,t2,2,0.7066666666666667,0.06590703875594564,0.46852845139058263,0.7719234467178617,0.34551812937783266,0.6016666666666667,5.98,9.063333333333334
2026-01-13 09:00:00+00:00,t1,1,0.7833333333333333,0.2648033931376659,0.710026647736319,0.9548796432678922,0.40783563748079876,0.16333333333333333,6.31,9.741666666666667
2026-01-13 09:00:00+00:00,t1,2,0.7833333333333333,0.20337915969161138,0.6783857983049411,0.9439236136246665,0.34551812937783266,0.31333333333333335,5.91,9.741666666666667
2026-01-13 09:00:00+00:00,t2,1,0.8166666666666668,0.2555731090176054,0.7103399218473291,0.9541825392954264,0.40783563748079876,0.19000000000000003,6.31,10.23
2026-01-13 09:00:00+00:00,t2,2,0.8166666666666668,0.23725955011683286,0.6786990724159512,0.9433130100169133,0.34551812937783266,0.27499999999999997,5.91,10.23
2026-01-13 10:00:00+00:00,t1,1,0.985,0.5192261491627768,0.8437544964077909,0.9919386555284472,0.533438938580799,0.05666666666666667,7.03,11.83
2026-01-13 10:00:00+00:00,t1,2,0.985,0.42271622173447215,0.8106776945178847,0.9811601332562572,0.46587952084773093,0.21833333333333335,6.7,11.83
2026-01-13 10:00:00+00:00,t2,1,0.9833333333333334,0.5700939909956177,0.8437072250913027,0.9893235929331105,0.533438938580799,0.06666666666666667,7.03,12.17
2026-01-13 10:00:00+00:00,t2,2,0.9833333333333334,0.44787613644271057,0.8106304232013966,0.97860272120819,0.46587952084773093,0.22999999999999998,6.7,12.17
2026-01-13 11:00:00+00:00,t1,1,0.9899999999999999,0.5973846865696911,0.9513383993394035,1.0,0.5595838549817422,0.15333333333333332,7.68,12.063333333333333
2026-01-13 11:00:00+00:00,t1,2,0.9899999999999999,0.5528475723417131,0.8510525539718673,1.0,0.533438938580799,0.27999999999999997,7.5,12.063333333333333
2026-01-13 11:00:00+00:00,t2,1,0.9883333333333333,0.6275116054695682,0.9485513891805423,1.0,0.5595838549817422,0.13666666666666666,7.68,11.895000000000001
2026-01-13 11:00:00+00:00,t2,2,0.9883333333333333,0.5167229587816811,0.8482655438130061,1.0,0.533438938580799,0.2283333333333333,7.5,11.895000000000001
2026-01-13 12:00:00+00:00,t1,1,0.9899999999999999,0.75003999344687,0.9157736166310735,1.0,0.6886657154935532,0.545,9.01,12.775
2026-01-13 12:00:00+00:00,t1,2,0.9899999999999999,0.5351100580768313,0.9231700252861645,1.0,0.5595838549817422,0.2316666666666667,7.54,12.775
2026-01-13 12:00:00+00:00,t2,1,0.9899999999999999,0.5636939509066622,0.9157263453145853,1.0,0.6886657154935532,0.5816666666666667,9.01,12.696666666666665
2026-01-13 12:00:00+00:00,t2,2,0.9899999999999999,0.46465358224619163,0.9203830151273034,1.0,0.5595838549817422,0.19000000000000003,7.54,12.696666666666665
2026-01-13 13:00:00+00:00,t1,1,0.9899999999999999,0.6901580596732537,0.9698891387471131,1.0,0.6886657154935532,0.615,9.11,12.621666666666668
2026-01-13 13:00:00+00:00,t1,2,0.9899999999999999,0.530946172482143,0.9035150652878442,1.0,0.5595838549817422,0.445,7.72,12.621666666666668
2026-01-13 13:00:00+00:00,t2,1,0.9899999999999999,0.6866312327055569,0.9694403144302469,1.0,0.6886657154935532,0.6233333333333334,9.11,12.895000000000001
2026-01-13 13:00:00+00:00,t2,2,0.9899999999999999,0.5092993458916412,0.900326502128605,1.0,0.5595838549817422,0.4583333333333333,7.72,12.895000000000001
2026-01-13 14:00:00+00:00,t1,1,0.9899999999999999,0.6722402764733968,0.9592003117032344,1.0,0.621809413221861,0.58,8.41,13.648333333333333
2026-01-13 14:00:00+00:00,t1,2,0.9899999999999999,0.514606910137838,0.8702502264439321,1.0,0.5595838549817422,0.45166666666666666,7.55,13.648333333333333
2026-01-13 14:00:00+00:00,t2,1,0.9916666666666667,0.7239778550541448,0.9587514873863682,1.0,0.621809413221861,0.59,8.41,13.85
2026-01-13 14:00:00+00:00,t2,2,0.9916666666666667,0.5538567605085518,0.8670616632846929,1.0,0.5595838549817422,0.46166666666666667,7.55,13.85
2026-01-13 15:00:00+00:00,t1,1,0.9899999999999999,0.5974210575772221,0.9322358914392337,1.0,0.5595838549817422,0.5633333333333334,7.73,13.770000000000001
2026-01-13 15:00:00+00:00,t1,2,0.9899999999999999,0.5160431631066431,0.8281187638614799,0.9989724704118265,0.533438938580799,0.27499999999999997,7.19,13.770000000000001
2026-01-13 15:00:00+00:00,t2,1,0.995,0.6776928377813969,0.9317870671223675,1.0,0.5595838549817422,0.5683333333333334,7.73,13.753333333333332
2026-01-13 15:00:00+00:00,t2,2,0.995,0.49941025169609754,0.8249302007022407,0.9955664037483652,0.533438938580799,0.2866666666666667,7.19,13.753333333333332
2026-01-13 16:00:00+00:00,t1,1,0.9266666666666666,0.5860436375066327,0.8405890109073667,0.9850817902651919,0.533438938580799,0.285,7.03,11.815
2026-01-13 16:00:00+00:00,t1,2,0.9266666666666666,0.4873111701135502,0.812241117450283,0.9881737189220187,0.46587952084773093,0.6066666666666667,6.61,11.815
2026-01-13 16:00:00+00:00,t2,1,0.9700000000000001,0.5877169368278884,0.8401401865905005,0.9809266583684736,0.533438938580799,0.285,7.03,12.151666666666666
2026-01-13 16:00:00+00:00,t2,2,0.9700000000000001,0.4296994754430677,0.8090525542910438,0.9829794543770625,0.46587952084773093,0.4916666666666667,6.61,12.151666666666666
2026-01-13 17:00:00+00:00,t1,1,0.9516666666666667,0.42495358063906125,0.755636951732837,0.9682878839162181,0.40783563748079876,0.26333333333333336,6.26,10.836666666666666
2026-01-13 17:00:00+00:00,t1,2,0.9516666666666667,0.3820890992218078,0.6831425813109917,0.9656514157137193,0.40783563748079876,0.5499999999999999,6.05,10.836666666666666
2026-01-13 17:00:00+00:00,t2,1,0.9733333333333333,0.4049079024792478,0.7551881274159707,0.964301268315322,0.40783563748079876,0.26666666666666666,6.26,11.056666666666667
2026-01-13 17:00:00+00:00,t2,2,0.9733333333333333,0.32391947184180514,0.6799540181517525,0.9606442213754947,0.40783563748079876,0.5183333333333334,6.05,11.056666666666667
2026-01-13 18:00:00+00:00,t1,1,0.9183333333333333,0.3053856738331897,0.6236307505726509,0.898123146719906,0.29666767038040753,0.11833333333333333,5.5,10.536666666666667
2026-01-13 18:00:00+00:00,t1,2,0.9183333333333333,0.327347348411253,0.5967683920182831,0.9453008528751534,0.40783563748079876,0.33166666666666667,6.12,10.536666666666667
2026-01-13 18:00:00+00:00,t2,1,0.8450000000000001,0.2800226361797222,0.6231819262557847,0.8953906823419184,0.29666767038040753,0.115,5.5,9.729999999999999
2026-01-13 18:00:00+00:00,t2,2,0.8450000000000001,0.29723842666241446,0.5935798288590439,0.9415489798160811,0.40783563748079876,0.33,6.12,9.729999999999999
2026-01-13 19:00:00+00:00,t1,1,0.7583333333333333,0.18160993548795304,0.5486934164586474,0.8878860647295175,0.29666767038040753,0.2233333333333333,5.11,9.146666666666667
2026-01-13 19:00:00+00:00,t1,2,0.7583333333333333,0.3093117175557481,0.6026759408742803,0.9406869376142288,0.34551812937783266,0.58,5.75,9.146666666666667
2026-01-13 19:00:00+00:00,t2,1,0.7000000000000001,0.15969143232813948,0.5455048532994082,0.8851211039259129,0.29666767038040753,0.22166666666666668,5.11,8.756666666666666
2026-01-13 19:00:00+00:00,t2,2,0.7000000000000001,0.26856996447528236,0.5994873777150411,0.9369350645551565,0.34551812937783266,0.49,5.75,8.756666666666666
2026-01-13 20:00:00+00:00,t1,1,0.8383333333333334,0.11676961046711279,0.4772905236515243,0.8390908924138464,0.24396644031099302,0.13833333333333334,4.92,10.331666666666665
2026-01-13 20:00:00+00:00,t1,2,0.8383333333333334,0.259155751329994,0.5853387821986801,0.9334902239511128,0.29666767038040753,0.4033333333333333,5.29,10.331666666666665
2026-01-13 20:00:00+00:00,t2,1,0.79,0.10787217807207575,0.47410196049228515,0.8383052121938519,0.24396644031099302,0.13833333333333334,4.92,10.001666666666667
2026-01-13 20:00:00+00:00,t2,2,0.79,0.2536764328839127,0.5821502190394409,0.9294566932659086,0.29666767038040753,0.3933333333333333,5.29,10.001666666666667
2026-01-13 21:00:00+00:00,t1,1,0.935,0.11142756325159314,0.4201938552718474,0.874159372589574,0.20381297203510923,0.14833333333333334,4.48,11.463333333333333
2026-01-13 21:00:00+00:00,t1,2,0.935,0.10474779272483056,0.4252003277587261,0.8709976083529668,0.24396644031099302,0.06833333333333334,4.96,11.463333333333333
2026-01-13 21:00:00+00:00,t2,1,0.9133333333333332,0.08783890163840552,0.4185927572807605,0.8723614824693975,0.20381297203510923,0.145,4.48,11.073333333333332
2026-01-13 21:00:00+00:00,t2,2,0.9133333333333332,0.12925059388934673,0.42201176459948697,0.8678357321627103,0.24396644031099302,0.04666666666666667,4.96,11.073333333333332
2026-01-13 22:00:00+00:00,t1,1,0.8633333333333333,0.11453197761536779,0.41370799131269864,0.7786722559120329,0.17437129044610378,0.22833333333333336,3.7,10.416666666666666
2026-01-13 22:00:00+00:00,t1,2,0.8633333333333333,0.06080217537113937,0.30446117646078724,0.7587193486730113,0.24396644031099302,0.015,4.71,10.416666666666666
2026-01-13 22:00:00+00:00,t2,1,0.7583333333333333,0.09265172768632565,0.41715302140145955,0.7781077543868848,0.17437129044610378,0.22333333333333336,3.7,9.658333333333333
2026-01-13 22:00:00+00:00,t2,2,0.7583333333333333,0.06176477840370917,0.30163315872904645,0.7569316059583636,0.24396644031099302,0.01,4.71,9.658333333333333
2026-01-13 23:00:00+00:00,t1,1,0.57,0.08979633503485246,0.30808194431744146,0.6774019875699091,0.1459803862401931,0.17666666666666667,3.25,8.426666666666668
2026-01-13 23:00:00+00:00,t1,2,0.57,0.03624560442607465,0.22547756502563665,0.6594815538148745,0.24396644031099302,0.023333333333333334,4.61,8.426666666666668
2026-01-13 23:00:00+00:00,t2,1,0.5,0.057776445714073844,0.3031122072632133,0.676837486044761,0.1459803862401931,0.17166666666666666,3.25,8.098333333333333
2026-01-13 23:00:00+00:00,t2,2,0.5,0.034141587155975955,0.22264954729389577,0.6588039716376692,0.24396644031099302,0.011666666666666667,4.61,8.098333333333333
2026-01-14 00:00:00+00:00,t1,1,0.36000000000000004,0.052156235023167415,0.26484506631502397,0.6803377157908622,0.17437129044610378,0.045000000000000005,3.86,6.711666666666666
2026-01-14 00:00:00+00:00,t1,2,0.36000000000000004,0.0,0.07564307501085102,0.4001957461637098,0.10344010868308474,0.01,1.69,6.711666666666666
2026-01-14 00:00:00+00:00,t2,1,0.3,0.03072508902753181,0.25713559041842304,0.6803377157908622,0.17437129044610378,0.04833333333333334,3.86,6.733333333333333
2026-01-14 00:00:00+00:00,t2,2,0.3,0.009201968849677925,0.07508412656835943,0.4001957461637098,0.10344010868308474,0.01,1.69,6.733333333333333
2026-01-14 01:00:00+00:00,t1,1,0.09166666666666667,0.02514034986520244,0.12895258316842867,0.5260877222387427,0.1459803862401931,0.01,3.27,3.8066666666666666
2026-01-14 01:00:00+00:00,t1,2,0.09166666666666667,0.008871908369604055,0.03071945794134413,0.2650956575697718,0.0898266827891979,0.01,1.43,3.8066666666666666
2026-01-14 01:00:00+00:00,t2,1,0.06333333333333334,0.016162170664325157,0.12124310727182773,0.525688494143277,0.1459803862401931,0.008333333333333333,3.27,3.25
2026-01-14 01:00:00+00:00,t2,2,0.06333333333333334,0.006524519472630112,0.030160509498852527,0.2650956575697718,0.0898266827891979,0.01,1.43,3.25
2026-01-14 02:00:00+00:00,t1,1,0.036666666666666674,0.01590680621956718,0.08030520559441778,0.42758543999093285,0.10344010868308474,0.021666666666666667,1.85,2.0633333333333335
2026-01-14 02:00:00+00:00,t1,2,0.036666666666666674,0.008871908369604055,0.018560861025547083,0.16918992999269705,0.10344010868308474,0.01,1.78,2.0633333333333335
2026-01-14 02:00:00+00:00,t2,1,0.03166666666666667,0.0112281739976145,0.07983069551117232,0.42702093846578476,0.10344010868308474,0.021666666666666667,1.85,2.191666666666667
2026-01-14 02:00:00+00:00,t2,2,0.03166666666666667,0.006523542365258288,0.018086350942301613,0.16918992999269705,0.10344010868308474,0.01,1.78,2.191666666666667
2026-01-14 03:00:00+00:00,t1,1,0.31666666666666665,0.009535060561803336,0.048826878430100445,0.1936161225924853,0.0898266827891979,0.11333333333333334,1.03,7.171666666666667
2026-01-14 03:00:00+00:00,t1,2,0.31666666666666665,0.008871908369604055,0.052762354874677016,0.1768972432698922,0.10431543935643564,0.01,2.19,7.171666666666667
2026-01-14 03:00:00+00:00,t2,1,0.34833333333333333,0.0077325034877072495,0.04835236834685498,0.1936161225924853,0.0898266827891979,0.11,1.03,7.6433333333333335
2026-01-14 03:00:00+00:00,t2,2,0.34833333333333333,0.006539634244121302,0.052287844791431545,0.1768972432698922,0.10431543935643564,0.01,2.19,7.6433333333333335
2026-01-14 04:00:00+00:00,t1,1,0.26,0.009535060561803336,0.07331136777848395,0.21026729048264603,0.10277016520894071,0.14833333333333334,0.45,6.866666666666667
2026-01-14 04:00:00+00:00,t1,2,0.26,0.008871908369604055,0.05652789851079863,0.17802635364192979,0.13303917357062492,0.01,2.73,6.866666666666667
2026-01-14 04:00:00+00:00,t2,1,0.26333333333333336,0.007411199579089282,0.07283685769523848,0.21026729048264603,0.10277016520894071,0.11166666666666668,0.45,6.866666666666667
2026-01-14 04:00:00+00:00,t2,2,0.26333333333333336,0.006712051798209105,0.05605338842755316,0.17802635364192979,0.13303917357062492,0.01,2.73,6.866666666666667
2026-01-14 05:00:00+00:00,t1,1,0.045000000000000005,0.009535060561803336,0.04493249466649466,0.1445720227116813,0.09097294306980487,0.18000000000000002,0.75,4.3950000000000005
2026-01-14 05:00:00+00:00,t1,2,0.045000000000000005,0.008871908369604055,0.047089924084671844,0.21141971447661967,0.10431543935643564,0.01,2.5,4.3950000000000005
2026-01-14 05:00:00+00:00,t2,1,0.05666666666666667,0.00813661834248715,0.04445798458324919,0.1445720227116813,0.09097294306980487,0.16833333333333333,0.75,4.863333333333333
2026-01-14 05:00:00+00:00,t2,2,0.05666666666666667,0.0070801642763058895,0.046615414001426374,0.21141971447661967,0.10431543935643564,0.01,2.5,4.863333333333333
2026-01-14 06:00:00+00:00,t1,1,0.015,0.0,0.01836782813316282,0.01836782813316282,0.09097294306980487,0.2333333333333333,0.83,3.643333333333333
2026-01-14 06:00:00+00:00,t1,2,0.015,0.008871908369604055,0.05548350106728885,0.1929401074297437,0.10431543935643564,0.01,2.22,3.643333333333333
2026-01-14 06:00:00+00:00,t2,1,0.028333333333333332,0.0,0.017893318049917357,0.017893318049917357,0.09097294306980487,0.2333333333333333,0.83,4.364999999999999
2026-01-14 06:00:00+00:00,t2,2,0.028333333333333332,0.007521661696460664,0.05500899098404338,0.1929401074297437,0.10431543935643564,0.01,2.22,4.364999999999999
2026-01-14 07:00:00+00:00,t1,1,0.06333333333333334,0.004861053586592567,0.04027789527870747,0.04027789527870747,0.10344010868308474,0.515,1.51,4.723333333333334
2026-01-14 07:00:00+00:00,t1,2,0.06333333333333334,0.008871908369604055,0.07242375929514108,0.07242375929514108,0.13303917357062492,0.011666666666666667,2.68,4.723333333333334
2026-01-14 07:00:00+00:00,t2,1,0.07,0.004861053586592567,0.039803385195462,0.039803385195462,0.10344010868308474,0.5033333333333333,1.51,5.095
2026-01-14 07:00:00+00:00,t2,2,0.07,0.008345614808222266,0.07194924921189562,0.07194924921189562,0.13303917357062492,0.008333333333333333,2.68,5.095
2026-01-14 08:00:00+00:00,t1,1,0.11333333333333334,0.009535060561803336,0.05106783806062742,0.08107735958358925,0.13303917357062492,0.64,2.6,5.536666666666666
2026-01-14 08:00:00+00:00,t1,2,0.11333333333333334,0.008871908369604055,0.09999810644794746,0.13266334513340947,0.1459803862401931,0.09666666666666668,3.15,5.536666666666666
2026-01-14 08:00:00+00:00,t2,1,0.125,0.00890187859207065,0.05059332797738195,0.08107735958358925,0.13303917357062492,0.7066666666666667,2.6,5.73
2026-01-14 08:00:00+00:00,t2,2,0.125,0.008436330008815806,0.09912512795278758,0.13266334513340947,0.1459803862401931,0.10333333333333333,3.15,5.73
2026-01-14 09:00:00+00:00,t1,1,0.1366666666666667,0.009535060561803336,0.09654434286377299,0.14706639101953778,0.17437129044610378,0.7833333333333333,3.99,5.718333333333334
2026-01-14 09:00:00+00:00,t1,2,0.1366666666666667,0.008871908369604055,0.11236508148220052,0.18040309873364033,0.17437129044610378,0.16333333333333333,3.86,5.718333333333334
2026-01-14 09:00:00+00:00,t2,1,0.1366666666666667,0.00817703416246446,0.09697576311046475,0.14706639101953778,0.17437129044610378,0.8166666666666668,3.99,5.803333333333334
2026-01-14 09:00:00+00:00,t2,2,0.1366666666666667,0.008693009672032818,0.11149210298704064,0.18040309873364033,0.17437129044610378,0.19000000000000003,3.86,5.803333333333334
2026-01-14 10:00:00+00:00,t1,1,0.17,0.0,0.1559518212355199,0.21309548940402023,0.20381297203510923,0.985,4.39,5.993333333333333
2026-01-14 10:00:00+00:00,t1,2,0.17,0.008871908369604055,0.15796484832258972,0.27098028777901184,0.17437129044610378,0.05666666666666667,3.93,5.993333333333333
2026-01-14 10:00:00+00:00,t2,1,0.14833333333333334,0.0,0.15667463446068475,0.21309548940402023,0.20381297203510923,0.9833333333333334,4.39,5.984999999999999
2026-01-14 10:00:00+00:00,t2,2,0.14833333333333334,0.009606698488936737,0.15839626856928143,0.27098028777901184,0.17437129044610378,0.06666666666666667,3.93,5.984999999999999
2026-01-14 11:00:00+00:00,t1,1,0.11499999999999999,0.0,0.1860495657804458,0.2876658338531156,0.20381297203510923,0.9899999999999999,4.27,5.41
2026-01-14 11:00:00+00:00,t1,2,0.11499999999999999,0.0,0.18268303690337379,0.3817082729967239,0.20381297203510923,0.15333333333333332,4.41,5.41
2026-01-14 11:00:00+00:00,t2,1,0.12,0.0,0.17780867804816836,0.2876658338531156,0.20381297203510923,0.9883333333333333,4.27,5.5249999999999995
2026-01-14 11:00:00+00:00,t2,2,0.12,0.0,0.17444214917109635,0.38169211042263085,0.20381297203510923,0.13666666666666666,4.41,5.5249999999999995
2026-01-14 12:00:00+00:00,t1,1,0.155,0.0,0.17280959945279345,0.3798524483550078,0.20381297203510923,0.9899999999999999,4.39,5.765000000000001
2026-01-14 12:00:00+00:00,t1,2,0.155,0.0,0.13683913464168587,0.4424984948706249,0.34551812937783266,0.545,5.57,5.765000000000001
2026-01-14 12:00:00+00:00,t2,1,0.16833333333333333,0.0,0.16456871172051601,0.379602062698925,0.20381297203510923,0.9899999999999999,4.39,6.048333333333333
2026-01-14 12:00:00+00:00,t2,2,0.16833333333333333,0.0,0.12859824690940844,0.4422481092145421,0.34551812937783266,0.5816666666666667,5.57,6.048333333333333
2026-01-14 13:00:00+00:00,t1,1,0.14,0.033319717574818726,0.2094808351834359,0.568198897673217,0.29666767038040753,0.9899999999999999,5.25,5.7
2026-01-14 13:00:00+00:00,t1,2,0.14,0.01213873199456187,0.26131082975156206,0.6057800797702534,0.40783563748079876,0.615,6.06,5.7
2026-01-14 13:00:00+00:00,t2,1,0.13333333333333333,0.011134666729164772,0.20409716608236306,0.568182735099124,0.29666767038040753,0.9899999999999999,5.25,5.805
2026-01-14 13:00:00+00:00,t2,2,0.13333333333333333,0.0,0.25266838901890665,0.6057639171961604,0.40783563748079876,0.6233333333333334,6.06,5.805
2026-01-14 14:00:00+00:00,t1,1,0.13333333333333333,0.06629017048266336,0.2645345786494062,0.6455474691109258,0.40783563748079876,0.9899999999999999,6.08,5.5249999999999995
2026-01-14 14:00:00+00:00,t1,2,0.13333333333333333,0.017562029722511537,0.2497444242132947,0.6903398712204996,0.40783563748079876,0.58,6.14,5.5249999999999995
2026-01-14 14:00:00+00:00,t2,1,0.1366666666666667,0.02724963799674105,0.2622334562781237,0.6449867910021321,0.40783563748079876,0.9916666666666667,6.08,5.763333333333333
2026-01-14 14:00:00+00:00,t2,2,0.1366666666666667,0.0,0.2411019834806392,0.6900894855644168,0.40783563748079876,0.59,6.14,5.763333333333333
2026-01-14 15:00:00+00:00,t1,1,0.20000000000000004,0.13545065295219605,0.4393707756688927,0.7686652916817558,0.34551812937783266,0.9899999999999999,5.82,6.198333333333333
2026-01-14 15:00:00+00:00,t1,2,0.20000000000000004,0.055817688473035976,0.31100375335288577,0.7419342183850828,0.40783563748079876,0.5633333333333334,6.22,6.198333333333333
2026-01-14 15:00:00+00:00,t2,1,0.205,0.08021416023530491,0.4403284249291928,0.7681046135729621,0.34551812937783266,0.995,5.82,6.396666666666667
2026-01-14 15:00:00+00:00,t2,2,0.205,0.013823858109836641,0.2972861230287893,0.7415188277155241,0.40783563748079876,0.5683333333333334,6.22,6.396666666666667
2026-01-14 16:00:00+00:00,t1,1,0.36166666666666664,0.14596242146549393,0.4574168376741646,0.8212407375756593,0.34551812937783266,0.9266666666666666,5.87,7.385000000000001
2026-01-14 16:00:00+00:00,t1,2,0.36166666666666664,0.07759321258837466,0.32063519516637407,0.7652856309313252,0.40783563748079876,0.285,6.4,7.385000000000001
2026-01-14 16:00:00+00:00,t2,1,0.3666666666666667,0.08107867969439402,0.4551157153028821,0.8206800594668656,0.34551812937783266,0.9700000000000001,5.87,7.593333333333334
2026-01-14 16:00:00+00:00,t2,2,0.3666666666666667,0.02740660957845692,0.31325888320365053,0.7648702402617665,0.40783563748079876,0.285,6.4,7.593333333333334
2026-01-14 17:00:00+00:00,t1,1,0.24,0.125460977216504,0.45087180252092973,0.7537625213380456,0.34551812937783266,0.9516666666666667,5.87,6.9799999999999995
2026-01-14 17:00:00+00:00,t1,2,0.24,0.07485420013467739,0.3671787192200923,0.7341205124939094,0.40783563748079876,0.26333333333333336,6.08,6.9799999999999995
2026-01-14 17:00:00+00:00,t2,1,0.27666666666666667,0.08309968915353919,0.4518294517812298,0.7528187777078792,0.34551812937783266,0.9733333333333333,5.87,7.426666666666667
2026-01-14 17:00:00+00:00,t2,2,0.27666666666666667,0.023392655177682957,0.3648775968488098,0.7328135053513233,0.40783563748079876,0.26666666666666666,6.08,7.426666666666667
2026-01-14 18:00:00+00:00,t1,1,0.10833333333333334,0.07858028141542085,0.4083397875668785,0.6912141337914859,0.24396644031099302,0.9183333333333333,4.81,5.855
2026-01-14 18:00:00+00:00,t1,2,0.10833333333333334,0.06648830145170048,0.31458465658079365,0.7120982966614122,0.34551812937783266,0.11833333333333333,5.82,5.855
2026-01-14 18:00:00+00:00,t2,1,0.13333333333333333,0.04076735883149535,0.406038665195596,0.6908149056960202,0.24396644031099302,0.8450000000000001,4.81,6.515000000000001
2026-01-14 18:00:00+00:00,t2,2,0.13333333333333333,0.021034459684988502,0.31228353420951116,0.7107912895188261,0.34551812937783266,0.115,5.82,6.515000000000001
2026-01-14 19:00:00+00:00,t1,1,0.04666666666666667,0.050999762772448706,0.18684944502679784,0.5408427252133537,0.24396644031099302,0.7583333333333333,4.62,4.995
2026-01-14 19:00:00+00:00,t1,2,0.04666666666666667,0.03840667808681435,0.29710238832089336,0.6428963831635626,0.34551812937783266,0.2233333333333333,5.52,4.995
2026-01-14 19:00:00+00:00,t2,1,0.06,0.01116697137890834,0.18533360707619548,0.5408427252133537,0.24396644031099302,0.7000000000000001,4.62,5.433333333333334
2026-01-14 19:00:00+00:00,t2,2,0.06,0.02282982329244783,0.29480126594961087,0.6416221756445794,0.34551812937783266,0.22166666666666668,5.52,5.433333333333334
2026-01-14 20:00:00+00:00,t1,1,0.02,0.04143928818851462,0.1781329075420347,0.40266145147631227,0.20381297203510923,0.8383333333333334,4.32,4.41
2026-01-14 20:00:00+00:00,t1,2,0.02,0.0,0.24725352137665846,0.5493601603230146,0.24396644031099302,0.13833333333333334,4.56,4.41
2026-01-14 20:00:00+00:00,t2,1,0.02,0.0012858514242008526,0.1758317851707522,0.40266145147631227,0.20381297203510923,0.79,4.32,4.648333333333333
2026-01-14 20:00:00+00:00,t2,2,0.02,0.0,0.24495239900537613,0.5489609322275489,0.24396644031099302,0.13833333333333334,4.56,4.648333333333333
2026-01-14 21:00:00+00:00,t1,1,0.02,0.009535060561803336,0.1264772687855095,0.26703992449804864,0.1459803862401931,0.935,3.16,4.681666666666667
2026-01-14 21:00:00+00:00,t1,2,0.02,0.008871908369604055,0.09938136139080618,0.21446556047387888,0.1459803862401931,0.14833333333333334,3.46,4.681666666666667
2026-01-14 21:00:00+00:00,t2,1,0.011666666666666667,0.010799608348730885,0.12417614641422697,0.26680570141605886,0.1459803862401931,0.9133333333333332,3.16,4.681666666666667
2026-01-14 21:00:00+00:00,t2,2,0.011666666666666667,0.01002743932297333,0.09786552344020386,0.21423133739188915,0.1459803862401931,0.145,3.46,4.681666666666667
2026-01-14 22:00:00+00:00,t1,1,0.011666666666666667,0.009535060561803336,0.08874056242882973,0.20090557165269055,0.1459803862401931,0.8633333333333333,3.2,4.358333333333333
2026-01-14 22:00:00+00:00,t1,2,0.011666666666666667,0.008871908369604055,0.07342570185030109,0.1881537567412183,0.13303917357062492,0.22833333333333336,2.87,4.358333333333333
2026-01-14 22:00:00+00:00,t2,1,0.011666666666666667,0.009470043390772507,0.08906182265361667,0.20090557165269055,0.1459803862401931,0.7583333333333333,3.2,4.638333333333334
2026-01-14 22:00:00+00:00,t2,2,0.011666666666666667,0.009832246740427321,0.07190986389969876,0.18791953365922856,0.13303917357062492,0.22333333333333336,2.87,4.638333333333334
2026-01-14 23:00:00+00:00,t1,1,0.01,0.009535060561803336,0.05879230745934272,0.16534347018591716,0.13303917357062492,0.57,2.84,3.6799999999999997
2026-01-14 23:00:00+00:00,t1,2,0.01,0.008871908369604055,0.07155764191034458,0.1760463981316472,0.10431543935643564,0.17666666666666667,2.3,3.6799999999999997
2026-01-14 23:00:00+00:00,t2,1,0.01,0.008492806238107197,0.05727646950874035,0.16534347018591716,0.13303917357062492,0.5,2.84,3.9899999999999998
2026-01-14 23:00:00+00:00,t2,2,0.01,0.008579934917254802,0.06975041098126912,0.1756471700361816,0.10431543935643564,0.17166666666666666,2.3,3.9899999999999998
2026-01-15 00:00:00+00:00,t1,1,0.01,0.009535060561803336,0.01606592911755843,0.06417519593589371,0.10431543935643564,0.36000000000000004,2.11,3.1333333333333333
2026-01-15 00:00:00+00:00,t1,2,0.01,0.008871908369604055,0.06519571764421898,0.12620536310440933,0.10431543935643564,0.045000000000000005,2.2,3.1333333333333333
2026-01-15 00:00:00+00:00,t2,1,0.01,0.007992661440139723,0.014343497932908891,0.06394097285390396,0.10431543935643564,0.3,2.11,2.7783333333333338
2026-01-15 00:00:00+00:00,t2,2,0.01,0.007614013897953359,0.06347328645956944,0.12620536310440933,0.10431543935643564,0.04833333333333334,2.2,2.7783333333333338
2026-01-15 01:00:00+00:00,t1,1,0.01,0.009535060561803336,0.019847303391150185,0.02583552685260704,0.10344010868308474,0.09166666666666667,1.81,1.8816666666666666
2026-01-15 01:00:00+00:00,t1,2,0.01,0.008871908369604055,0.08167674040503405,0.08653433651664877,0.10431543935643564,0.01,2.05,1.8816666666666666
2026-01-15 01:00:00+00:00,t2,1,0.01,0.007738980432381673,0.01928835494865859,0.02583552685260704,0.10344010868308474,0.06333333333333334,1.81,1.741666666666667
2026-01-15 01:00:00+00:00,t2,2,0.01,0.0071879672096125165,0.07986950947595858,0.08630011343465904,0.10431543935643564,0.008333333333333333,2.05,1.741666666666667
2026-01-15 02:00:00+00:00,t1,1,0.01,0.008707581061218455,0.008707581061218455,0.015121504556607516,0.0898266827891979,0.036666666666666674,1.4,1.6283333333333332
2026-01-15 02:00:00+00:00,t1,2,0.01,0.008871908369604055,0.054842284793075936,0.12457964921690252,0.17437129044610378,0.021666666666666667,3.55,1.6283333333333332
2026-01-15 02:00:00+00:00,t2,1,0.01,0.008105131395325408,0.00823307097797299,0.015121504556607516,0.0898266827891979,0.03166666666666667,1.4,1.735
2026-01-15 02:00:00+00:00,t2,2,0.01,0.00740459779227161,0.054367774709830466,0.12457964921690252,0.17437129044610378,0.021666666666666667,3.55,1.735
2026-01-15 03:00:00+00:00,t1,1,0.01,0.00942255898420285,0.019267967201117203,0.019267967201117203,0.09097294306980487,0.31666666666666665,0.83,2.2100000000000004
2026-01-15 03:00:00+00:00,t1,2,0.01,0.008871908369604055,0.02883299891750792,0.055682432147408256,0.10431543935643564,0.11333333333333334,2.33,2.2100000000000004
2026-01-15 03:00:00+00:00,t2,1,0.01,0.007610479684878416,0.01879345711787174,0.01879345711787174,0.09097294306980487,0.34833333333333333,0.83,2.231666666666667
2026-01-15 03:00:00+00:00,t2,2,0.01,0.0072456097605782446,0.028358488834262455,0.055682432147408256,0.10431543935643564,0.11,2.33,2.231666666666667
2026-01-15 04:00:00+00:00,t1,1,0.01,0.0,0.0,0.010464939438196664,0.10431543935643564,0.26,2.09,2.245
2026-01-15 04:00:00+00:00,t1,2,0.01,0.008871908369604055,0.020900224577147,0.020900224577147,0.10344010868308474,0.14833333333333334,1.86,2.245
2026-01-15 04:00:00+00:00,t2,1,0.01,0.0,0.0,0.008426957923453387,0.10431543935643564,0.26333333333333336,2.09,2.235
2026-01-15 04:00:00+00:00,t2,2,0.01,0.007119043796148165,0.020425714493901535,0.020425714493901535,0.10344010868308474,0.11166666666666668,1.86,2.235
2026-01-15 05:00:00+00:00,t1,1,0.01,0.0004158642717411356,0.0004158642717411356,0.0357642206000743,0.0898266827891979,0.045000000000000005,1.35,2.3333333333333335
2026-01-15 05:00:00+00:00,t1,2,0.01,0.008871908369604055,0.016226325931516492,0.016226325931516492,0.10344010868308474,0.18000000000000002,1.53,2.3333333333333335
2026-01-15 05:00:00+00:00,t2,1,0.01,0.0008472845184328791,0.0008472845184328791,0.0357642206000743,0.0898266827891979,0.05666666666666667,1.35,2.36
2026-01-15 05:00:00+00:00,t2,2,0.01,0.0071829344302565806,0.015751815848271032,0.015751815848271032,0.10344010868308474,0.16833333333333333,1.53,2.36
2026-01-15 06:00:00+00:00,t1,1,0.01,0.007256003810320638,0.007256003810320638,0.018422620235593504,0.0898266827891979,0.015,1.08,1.2416666666666667
2026-01-15 06:00:00+00:00,t1,2,0.01,0.003885404705041507,0.003885404705041507,0.08716820838315079,0.13303917357062492,0.2333333333333333,2.71,1.2416666666666667
2026-01-15 06:00:00+00:00,t2,1,0.01,0.0067814937270751765,0.0067814937270751765,0.018422620235593504,0.0898266827891979,0.028333333333333332,1.08,1.1116666666666666
2026-01-15 06:00:00+00:00,t2,2,0.01,0.0034108946217960433,0.0034108946217960433,0.08716820838315079,0.13303917357062492,0.2333333333333333,2.71,1.1116666666666666
2026-01-15 07:00:00+00:00,t1,1,0.01,0.0017767874459710857,0.0017767874459710857,0.10812047198406868,0.10344010868308474,0.06333333333333334,1.8,1.5966666666666667
2026-01-15 07:00:00+00:00,t1,2,0.01,0.008871908369604055,0.012041405239015458,0.09247014874664192,0.10344010868308474,0.515,1.66,1.5966666666666667
2026-01-15 07:00:00+00:00,t2,1,0.01,0.001302277362725622,0.001302277362725622,0.10812047198406868,0.10344010868308474,0.07,1.8,1.695
2026-01-15 07:00:00+00:00,t2,2,0.01,0.007466985191902737,0.011566895155769997,0.09247014874664192,0.10344010868308474,0.5033333333333333,1.66,1.695
2026-01-15 08:00:00+00:00,t1,1,0.01,0.0,0.034729138474374345,0.2968026896080643,0.20381297203510923,0.11333333333333334,4.05,2.7083333333333335
2026-01-15 08:00:00+00:00,t1,2,0.01,0.008871908369604055,0.019265199054337562,0.15144329967280692,0.0898266827891979,0.64,1.08,2.7083333333333335
2026-01-15 08:00:00+00:00,t2,1,0.01,0.0,0.03545195169953921,0.2968026896080643,0.20381297203510923,0.125,4.05,2.9033333333333338
2026-01-15 08:00:00+00:00,t2,2,0.01,0.009960290761382695,0.018780139689294647,0.15144329967280692,0.0898266827891979,0.7066666666666667,1.08,2.9033333333333338
2026-01-15 09:00:00+00:00,t1,1,0.01,0.009535060561803336,0.13048187708406628,0.39178930830739533,0.17437129044610378,0.1366666666666667,3.58,3.0533333333333332
2026-01-15 09:00:00+00:00,t1,2,0.01,0.008871908369604055,0.014405455574506338,0.07840893054348821,0.10344010868308474,0.7833333333333333,1.75,3.0533333333333332
2026-01-15 09:00:00+00:00,t2,1,0.005,0.019556622186268496,0.13120469030923113,0.39178930830739533,0.17437129044610378,0.1366666666666667,3.58,3.31
2026-01-15 09:00:00+00:00,t2,2,0.005,0.006933660141993548,0.015128268799671206,0.07840893054348821,0.10344010868308474,0.8166666666666668,1.75,3.31
2026-01-15 10:00:00+00:00,t1,1,0.02,0.03178900355615246,0.16942595128537033,0.5146545833487555,0.20381297203510923,0.17,4.02,4.558333333333334
2026-01-15 10:00:00+00:00,t1,2,0.02,0.008871908369604055,0.022653276384259503,0.06321013923260116,0.0898266827891979,0.985,1.26,4.558333333333334
2026-01-15 10:00:00+00:00,t2,1,0.024999999999999998,0.0010844561151838739,0.16894089192032738,0.5146545833487555,0.20381297203510923,0.14833333333333334,4.02,4.721666666666667
2026-01-15 10:00:00+00:00,t2,2,0.024999999999999998,0.007494687033879758,0.02337608960942438,0.06321013923260116,0.0898266827891979,0.9833333333333334,1.26,4.721666666666667
2026-01-15 11:00:00+00:00,t1,1,0.04,0.003588020984580255,0.16980775912512988,0.47543371751585295,0.29666767038040753,0.11499999999999999,5.17,4.963333333333334
2026-01-15 11:00:00+00:00,t1,2,0.04,0.008871908369604055,0.03328528343003081,0.07121253040613121,0.10344010868308474,0.9899999999999999,1.73,4.963333333333334
2026-01-15 11:00:00+00:00,t2,1,0.04833333333333334,0.004514665787161858,0.16738129439376698,0.47584915762577984,0.29666767038040753,0.12,5.17,5.19
2026-01-15 11:00:00+00:00,t2,2,0.04833333333333334,0.010277810982892667,0.030071034504412435,0.07162797051605804,0.10344010868308474,0.9883333333333333,1.73,5.19
2026-01-15 12:00:00+00:00,t1,1,0.08333333333333333,0.009535060561803336,0.13893435930081707,0.33206919242442406,0.0898266827891979,0.155,1.45,5.878333333333334
2026-01-15 12:00:00+00:00,t1,2,0.08333333333333333,0.008871908369604055,0.06207741016034198,0.3199164590697608,0.10431543935643564,0.9899999999999999,2.36,5.878333333333334
2026-01-15 12:00:00+00:00,t2,1,0.08666666666666667,0.01625719109320268,0.13650789456945417,0.3319041874109482,0.0898266827891979,0.16833333333333333,1.45,5.888333333333333
2026-01-15 12:00:00+00:00,t2,2,0.08666666666666667,0.013296021679619947,0.06280022338550686,0.3199164590697608,0.10431543935643564,0.9899999999999999,2.36,5.888333333333333
2026-01-15 13:00:00+00:00,t1,1,0.09166666666666667,0.009535060561803336,0.14317962195184028,0.32130330605205876,0.09097294306980487,0.14,0.72,5.6883333333333335
2026-01-15 13:00:00+00:00,t1,2,0.09166666666666667,0.008871908369604055,0.11469290672305664,0.4174689543760956,0.13303917357062492,0.9899999999999999,2.84,5.6883333333333335
2026-01-15 13:00:00+00:00,t2,1,0.10333333333333333,0.015072880676218496,0.14702065425098465,0.32130330605205876,0.09097294306980487,0.13333333333333333,0.72,5.983333333333333
2026-01-15 13:00:00+00:00,t2,2,0.10333333333333333,0.012506143843856862,0.11853393902220104,0.4174689543760956,0.13303917357062492,0.9899999999999999,2.84,5.983333333333333
2026-01-15 14:00:00+00:00,t1,1,0.06333333333333334,0.00898642869488548,0.2108007424001432,0.49418538721721955,0.10344010868308474,0.13333333333333333,1.95,5.091666666666667
2026-01-15 14:00:00+00:00,t1,2,0.06333333333333334,0.008871908369604055,0.05843134025446672,0.2774452238747,0.09097294306980487,0.9899999999999999,0.54,5.091666666666667
2026-01-15 14:00:00+00:00,t2,1,0.05666666666666667,0.012426350162973115,0.21464177469928758,0.49418538721721955,0.10344010868308474,0.1366666666666667,1.95,5.091666666666667
2026-01-15 14:00:00+00:00,t2,2,0.05666666666666667,0.006753485115036624,0.0578618425301777,0.2774452238747,0.09097294306980487,0.9916666666666667,0.54,5.091666666666667
2026-01-15 15:00:00+00:00,t1,1,0.11333333333333334,0.017707006230874622,0.2619535164632774,0.5353599981579825,0.10344010868308474,0.20000000000000004,1.51,5.621666666666666
2026-01-15 15:00:00+00:00,t1,2,0.11333333333333334,0.0,0.0,0.18900329844462385,0.13303917357062492,0.9899999999999999,2.59,5.621666666666666
2026-01-15 15:00:00+00:00,t2,1,0.11166666666666665,0.027020514902038842,0.26579454876242176,0.535081644076243,0.10344010868308474,0.205,1.51,5.871666666666666
2026-01-15 15:00:00+00:00,t2,2,0.11166666666666665,0.0,0.0,0.18900329844462385,0.13303917357062492,0.995,2.59,5.871666666666666
2026-01-15 16:00:00+00:00,t1,1,0.20833333333333334,0.009535060561803336,0.14218640046208333,0.3276330701988698,0.0898266827891979,0.36166666666666664,1.48,6.683333333333334
2026-01-15 16:00:00+00:00,t1,2,0.20833333333333334,0.008871908369604055,0.029573184126568803,0.06968796866646887,0.09097294306980487,0.9266666666666666,0.86,6.683333333333334
2026-01-15 16:00:00+00:00,t2,1,0.28833333333333333,0.016809490921379844,0.14162745201959168,0.3276330701988698,0.0898266827891979,0.3666666666666667,1.48,7.255
2026-01-15 16:00:00+00:00,t2,2,0.28833333333333333,0.006915037612760742,0.029014235684077207,0.06968796866646887,0.09097294306980487,0.9700000000000001,0.86,7.255
2026-01-15 17:00:00+00:00,t1,1,0.045000000000000005,0.009535060561803336,0.13200616353382458,0.2669495174473322,0.13303917357062492,0.24,2.58,4.4383333333333335
2026-01-15 17:00:00+00:00,t1,2,0.045000000000000005,0.008871908369604055,0.02537106550046086,0.06358770701850429,0.0898266827891979,0.9516666666666667,1.33,4.4383333333333335
2026-01-15 17:00:00+00:00,t2,1,0.056666666666666664,0.01963616494053167,0.13144721509133292,0.2669495174473322,0.13303917357062492,0.27666666666666667,2.58,4.98
2026-01-15 17:00:00+00:00,t2,2,0.056666666666666664,0.007408745639749704,0.024812117057969263,0.06358770701850429,0.0898266827891979,0.9733333333333333,1.33,4.98
2026-01-15 18:00:00+00:00,t1,1,0.01,0.009535060561803336,0.13364945768905187,0.279932185655177,0.13303917357062492,0.10833333333333334,2.81,1.4749999999999999
2026-01-15 18:00:00+00:00,t1,2,0.01,0.008871908369604055,0.03512553881640701,0.07982330517344854,0.10344010868308474,0.9183333333333333,1.77,1.4749999999999999
2026-01-15 18:00:00+00:00,t2,1,0.006666666666666667,0.018567106206845263,0.13269204083464578,0.279932185655177,0.13303917357062492,0.13333333333333333,2.81,1.5983333333333334
2026-01-15 18:00:00+00:00,t2,2,0.006666666666666667,0.007803059410086558,0.035472520703852616,0.07982330517344854,0.10344010868308474,0.8450000000000001,1.77,1.5983333333333334
2026-01-15 19:00:00+00:00,t1,1,0.09500000000000001,0.009535060561803336,0.14812162545593602,0.3601562973491349,0.17437129044610378,0.04666666666666667,3.95,4.626666666666666
2026-01-15 19:00:00+00:00,t1,2,0.09500000000000001,0.008871908369604055,0.028845531101393245,0.15206252381362453,0.1459803862401931,0.7583333333333333,3.15,4.626666666666666
2026-01-15 19:00:00+00:00,t2,1,0.09833333333333334,0.01964300926033964,0.1487600003218547,0.3601562973491349,0.17437129044610378,0.06,3.95,4.7299999999999995
2026-01-15 19:00:00+00:00,t2,2,0.09833333333333334,0.007945061576338433,0.02828658265890165,0.15206252381362453,0.1459803862401931,0.7000000000000001,3.15,4.7299999999999995
2026-01-15 20:00:00+00:00,t1,1,0.13833333333333334,0.009535060561803336,0.12387374440872385,0.2876538902575419,0.17437129044610378,0.02,3.72,5.991666666666667
2026-01-15 20:00:00+00:00,t1,2,0.13833333333333334,0.0,0.041220391049161344,0.17445344792819642,0.24396644031099302,0.8383333333333334,4.76,5.991666666666667
2026-01-15 20:00:00+00:00,t2,1,0.14,0.009999306793301214,0.1245121192746426,0.2876538902575419,0.17437129044610378,0.02,3.72,6.19
2026-01-15 20:00:00+00:00,t2,2,0.14,0.0,0.04066144260666975,0.17445344792819642,0.24396644031099302,0.79,4.76,6.19
2026-01-15 21:00:00+00:00,t1,1,0.07333333333333333,0.009535060561803336,0.05980605639968385,0.2410326946273489,0.1459803862401931,0.02,3.19,5.41
2026-01-15 21:00:00+00:00,t1,2,0.07333333333333333,0.008871908369604055,0.04103484378052991,0.11805003561200135,0.10431543935643564,0.935,2.36,5.41
2026-01-15 21:00:00+00:00,t2,1,0.08333333333333333,0.0073119656755879555,0.060444431265602616,0.2410326946273489,0.1459803862401931,0.011666666666666667,3.19,5.609999999999999
2026-01-15 21:00:00+00:00,t2,2,0.08333333333333333,0.007535046944817459,0.039312412595880364,0.1178158125300116,0.10431543935643564,0.9133333333333332,2.36,5.609999999999999
2026-01-15 22:00:00+00:00,t1,1,0.049999999999999996,0.009535060561803336,0.08040561259447067,0.2697141521793882,0.17437129044610378,0.011666666666666667,3.98,4.993333333333333
2026-01-15 22:00:00+00:00,t1,2,0.049999999999999996,0.008871908369604055,0.050947874427640344,0.16859727308792344,0.10431543935643564,0.8633333333333333,2.3,4.993333333333333
2026-01-15 22:00:00+00:00,t2,1,0.04833333333333333,0.0077778512245424095,0.08104398746038945,0.2697141521793882,0.17437129044610378,0.011666666666666667,3.98,5.05
2026-01-15 22:00:00+00:00,t2,2,0.04833333333333333,0.007723075576511732,0.04998701159959096,0.16859727308792344,0.10431543935643564,0.7583333333333333,2.3,5.05
2026-01-15 23:00:00+00:00,t1,1,0.04,0.009535060561803336,0.08854361808786539,0.24507274691009176,0.13303917357062492,0.01,2.88,5.016666666666667
2026-01-15 23:00:00+00:00,t1,2,0.04,0.008871908369604055,0.15155665233206692,0.2947789981588035,0.1459803862401931,0.57,3.35,5.016666666666667
2026-01-15 23:00:00+00:00,t2,1,0.03666666666666667,0.009973308788466298,0.08918199295378416,0.24507274691009176,0.13303917357062492,0.01,2.88,5.083333333333333
2026-01-15 23:00:00+00:00,t2,2,0.03666666666666667,0.011575642490445603,0.1521950271979856,0.2947789981588035,0.1459803862401931,0.5,3.35,5.083333333333333
2026-01-16 00:00:00+00:00,t1,1,0.013333333333333334,0.009535060561803336,0.06765317654978917,0.11840498966918442,0.1459803862401931,0.01,3.23,4.446666666666666
2026-01-16 00:00:00+00:00,t1,2,0.013333333333333334,0.008871908369604055,0.07694508386149684,0.29719234389641225,0.1459803862401931,0.36000000000000004,3.49,4.446666666666666
2026-01-16 00:00:00+00:00,t2,1,0.013333333333333334,0.008098776344116038,0.06619842227953283,0.11840498966918442,0.1459803862401931,0.01,3.23,4.5183333333333335
2026-01-16 00:00:00+00:00,t2,2,0.013333333333333334,0.009427110676394528,0.07726634408628379,0.29719234389641225,0.1459803862401931,0.3,3.49,4.5183333333333335
2026-01-16 01:00:00+00:00,t1,1,0.03166666666666667,0.009535060561803336,0.07389942683308377,0.1663201246274601,0.17437129044610378,0.01,3.51,4.766666666666667
2026-01-16 01:00:00+00:00,t1,2,0.03166666666666667,0.0,0.12909632905006735,0.48283144596623434,0.24396644031099302,0.09166666666666667,4.85,4.766666666666667
2026-01-16 01:00:00+00:00,t2,1,0.041666666666666664,0.00814494599503955,0.07453780169900255,0.1663201246274601,0.17437129044610378,0.01,3.51,5.125
2026-01-16 01:00:00+00:00,t2,2,0.041666666666666664,0.0,0.12973470391598604,0.48133029566387653,0.24396644031099302,0.06333333333333334,4.85,5.125
2026-01-16 02:00:00+00:00,t1,1,0.02,0.0,0.08158970179801546,0.27877497773881454,0.20381297203510923,0.01,4.02,4.758333333333334
2026-01-16 02:00:00+00:00,t1,2,0.02,0.0,0.14377563051256753,0.5851027347083841,0.29666767038040753,0.036666666666666674,5.02,4.758333333333334
2026-01-16 02:00:00+00:00,t2,1,0.02666666666666667,0.0,0.08231251502318036,0.27877497773881454,0.20381297203510923,0.01,4.02,5.010000000000001
2026-01-16 02:00:00+00:00,t2,2,0.02666666666666667,0.0,0.1440889046235775,0.5845582191736834,0.29666767038040753,0.03166666666666667,5.02,5.010000000000001
2026-01-16 03:00:00+00:00,t1,1,0.03,0.009535060561803336,0.07397267214682629,0.21052168633789836,0.17437129044610378,0.01,3.86,4.79
2026-01-16 03:00:00+00:00,t1,2,0.03,0.011538334644896661,0.19081054158933988,0.681457789860277,0.20381297203510923,0.31666666666666665,4.45,4.79
2026-01-16 03:00:00+00:00,t2,1,0.018333333333333333,0.008183611943335412,0.0746954853719912,0.21052168633789836,0.17437129044610378,0.01,3.86,4.963333333333334
2026-01-16 03:00:00+00:00,t2,2,0.018333333333333333,0.0,0.19112381570034986,0.681457789860277,0.20381297203510923,0.34833333333333333,4.45,4.963333333333334
2026-01-16 04:00:00+00:00,t1,1,0.07166666666666667,0.009535060561803336,0.08020115324688565,0.2662958205914548,0.13303917357062492,0.01,2.82,5.675
2026-01-16 04:00:00+00:00,t1,2,0.07166666666666667,0.015855228855677424,0.25227891273545,0.7465726390909893,0.24396644031099302,0.26,4.55,5.675
2026-01-16 04:00:00+00:00,t2,1,0.02666666666666667,0.010341243262976764,0.08092396647205055,0.2662958205914548,0.13303917357062492,0.01,2.82,5.328333333333333
2026-01-16 04:00:00+00:00,t2,2,0.02666666666666667,0.0,0.25259218684645995,0.7465726390909893,0.24396644031099302,0.26333333333333336,4.55,5.328333333333333
2026-01-16 05:00:00+00:00,t1,1,0.016666666666666666,0.009535060561803336,0.12769810841300427,0.32424483601142584,0.1459803862401931,0.01,3.25,3.9316666666666666
2026-01-16 05:00:00+00:00,t1,2,0.016666666666666666,0.011252708689020003,0.09950142730995927,0.6330716933946783,0.17437129044610378,0.045000000000000005,3.94,3.9316666666666666
2026-01-16 05:00:00+00:00,t2,1,0.02666666666666667,0.011946949328459884,0.12842092163816912,0.32424483601142584,0.1459803862401931,0.01,3.25,4.506666666666667
2026-01-16 05:00:00+00:00,t2,2,0.02666666666666667,0.014957935279281086,0.0998147014209693,0.6330716933946783,0.17437129044610378,0.05666666666666667,3.94,4.506666666666667
2026-01-16 06:00:00+00:00,t1,1,0.04833333333333333,0.009535060561803336,0.12380175797964808,0.3176313629146187,0.13303917357062492,0.01,2.97,4.6883333333333335
2026-01-16 06:00:00+00:00,t1,2,0.04833333333333333,0.01779115567991328,0.149004577616006,0.7649953477346475,0.20381297203510923,0.015,4.33,4.6883333333333335
2026-01-16 06:00:00+00:00,t2,1,0.024999999999999998,0.011460015832152231,0.12452457120481296,0.3176313629146187,0.13303917357062492,0.01,2.97,4.333333333333333
2026-01-16 06:00:00+00:00,t2,2,0.024999999999999998,0.0,0.14931785172701598,0.7621909130857416,0.20381297203510923,0.028333333333333332,4.33,4.333333333333333
2026-01-16 07:00:00+00:00,t1,1,0.04,0.04137020576151726,0.19589451911773345,0.4795265811991114,0.1459803862401931,0.01,3.01,4.6466666666666665
2026-01-16 07:00:00+00:00,t1,2,0.04,0.021262040122352686,0.1883213047918911,0.708561255399379,0.20381297203510923,0.06333333333333334,4.41,4.6466666666666665
2026-01-16 07:00:00+00:00,t2,1,0.03666666666666667,0.018342292168142364,0.1966173323428983,0.4795265811991114,0.1459803862401931,0.01,3.01,4.4383333333333335
2026-01-16 07:00:00+00:00,t2,2,0.03666666666666667,0.0,0.18863457890290108,0.7082829013176393,0.20381297203510923,0.07,4.41,4.4383333333333335
2026-01-16 08:00:00+00:00,t1,1,0.09000000000000001,0.06274347898810578,0.19654806844931702,0.5823479441573142,0.13303917357062492,0.01,2.89,5.571666666666666
2026-01-16 08:00:00+00:00,t1,2,0.09000000000000001,0.040057399713757186,0.30262275584168086,0.7784471849561253,0.20381297203510923,0.11333333333333334,4.25,5.571666666666666
2026-01-16 08:00:00+00:00,t2,1,0.105,0.02769949379117182,0.19727088167448187,0.5823479441573142,0.13303917357062492,0.01,2.89,5.8183333333333325
2026-01-16 08:00:00+00:00,t2,2,0.105,0.008216652750580339,0.3029360299526908,0.7772690536505876,0.20381297203510923,0.125,4.25,5.8183333333333325
2026-01-16 09:00:00+00:00,t1,1,0.22999999999999998,0.04326661445530745,0.27259684046001226,0.6758930196817756,0.24396644031099302,0.01,4.76,6.866666666666667
2026-01-16 09:00:00+00:00,t1,2,0.22999999999999998,0.09883779439906001,0.39927481010013294,0.8564817874687787,0.24396644031099302,0.1366666666666667,4.84,6.866666666666667
2026-01-16 09:00:00+00:00,t2,1,0.215,0.023453373661978014,0.2733196536851771,0.6758930196817756,0.24396644031099302,0.005,4.76,6.778333333333333
2026-01-16 09:00:00+00:00,t2,2,0.215,0.0690330720340512,0.3995880842111429,0.8530638015074307,0.24396644031099302,0.1366666666666667,4.84,6.778333333333333
2026-01-16 10:00:00+00:00,t1,1,0.3833333333333333,0.11025885695745893,0.4140778438216945,0.784282639960969,0.20381297203510923,0.02,4.41,7.668333333333333
2026-01-16 10:00:00+00:00,t1,2,0.3833333333333333,0.11497480730760565,0.39525294397994765,0.8793874808866886,0.34551812937783266,0.17,5.92,7.668333333333333
2026-01-16 10:00:00+00:00,t2,1,0.4283333333333333,0.08742328798222544,0.41439111793270444,0.784282639960969,0.20381297203510923,0.024999999999999998,4.41,8.005
2026-01-16 10:00:00+00:00,t2,2,0.4283333333333333,0.07527729468036629,0.3955662180909576,0.8760288404819336,0.34551812937783266,0.14833333333333334,5.92,8.005
2026-01-16 11:00:00+00:00,t1,1,0.375,0.13808142106227086,0.48686354495895723,0.8714683693673263,0.24396644031099302,0.04,4.79,7.636666666666667
2026-01-16 11:00:00+00:00,t1,2,0.375,0.12444818949627695,0.4723376411147665,0.8858817221344845,0.34551812937783266,0.11499999999999999,5.94,7.636666666666667
2026-01-16 11:00:00+00:00,t2,1,0.455,0.10766838173316459,0.4871768190699672,0.8703497466943816,0.24396644031099302,0.04833333333333334,4.79,8.19
2026-01-16 11:00:00+00:00,t2,2,0.455,0.12061380500693344,0.47265091522577646,0.8819605084438786,0.34551812937783266,0.12,5.94,8.19
2026-01-16 12:00:00+00:00,t1,1,0.4466666666666667,0.24690936714017225,0.5816272143313042,0.9239867615179143,0.34551812937783266,0.08333333333333333,5.82,7.8933333333333335
2026-01-16 12:00:00+00:00,t1,2,0.4466666666666667,0.13230096578798967,0.5206272485560123,0.9370162928741169,0.29666767038040753,0.155,5.05,7.8933333333333335
2026-01-16 12:00:00+00:00,t2,1,0.45,0.18876405829424825,0.5819404884423143,0.9211614985089365,0.34551812937783266,0.08666666666666667,5.82,8.106666666666667
2026-01-16 12:00:00+00:00,t2,2,0.45,0.12002829610257029,0.5209405226670224,0.9334296126217674,0.29666767038040753,0.16833333333333333,5.05,8.106666666666667
2026-01-16 13:00:00+00:00,t1,1,0.605,0.24402660765392992,0.6036461007627677,0.9248857649043319,0.40783563748079876,0.09166666666666667,6.06,8.546666666666667
2026-01-16 13:00:00+00:00,t1,2,0.605,0.21163367263648128,0.5890912439627352,0.9505928465695567,0.29666767038040753,0.14,5.25,8.546666666666667
2026-01-16 13:00:00+00:00,t2,1,0.6716666666666667,0.20478645260880934,0.6071891919114459,0.9208122393931447,0.40783563748079876,0.10333333333333333,6.06,9.200000000000001
2026-01-16 13:00:00+00:00,t2,2,0.6716666666666667,0.18876506424122896,0.5926343351114134,0.9450115087971274,0.29666767038040753,0.13333333333333333,5.25,9.200000000000001
2026-01-16 14:00:00+00:00,t1,1,0.7666666666666666,0.3505603263743971,0.6679938882329252,0.9426139905982431,0.46587952084773093,0.06333333333333334,6.56,9.708333333333334
2026-01-16 14:00:00+00:00,t1,2,0.7666666666666666,0.2971006484328395,0.6391814074643626,0.9572957294336415,0.40783563748079876,0.13333333333333333,6.07,9.708333333333334
2026-01-16 14:00:00+00:00,t2,1,0.7916666666666666,0.2655527631321133,0.6715369793816034,0.9370051871123778,0.46587952084773093,0.05666666666666667,6.56,9.9
2026-01-16 14:00:00+00:00,t2,2,0.7916666666666666,0.2246829570606399,0.6427244986130408,0.9523064400329511,0.40783563748079876,0.1366666666666667,6.07,9.9
2026-01-16 15:00:00+00:00,t1,1,0.9716666666666667,0.39359411226751206,0.787479514198532,0.9561314160225898,0.46587952084773093,0.11333333333333334,6.71,10.956666666666669
2026-01-16 15:00:00+00:00,t1,2,0.9716666666666667,0.3306509688066547,0.8050463722966568,0.9756236409902981,0.34551812937783266,0.20000000000000004,5.99,10.956666666666669
2026-01-16 15:00:00+00:00,t2,1,0.91,0.3162678006260362,0.787708349950296,0.9506275294752556,0.46587952084773093,0.11166666666666665,6.71,10.871666666666668
2026-01-16 15:00:00+00:00,t2,2,0.91,0.26035877256342826,0.8049146626209225,0.9699074804370269,0.34551812937783266,0.205,5.99,10.871666666666668
2026-01-16 16:00:00+00:00,t1,1,0.9283333333333333,0.49836600841502054,0.8132780885649473,0.9985725771909186,0.533438938580799,0.20833333333333334,7.5,10.65
2026-01-16 16:00:00+00:00,t1,2,0.9283333333333333,0.3805535017200967,0.8311808342610402,0.9861536528357616,0.40783563748079876,0.36166666666666664,6.09,10.65
2026-01-16 16:00:00+00:00,t2,1,0.8883333333333333,0.40861860603502576,0.813146378889213,0.9963308924508756,0.533438938580799,0.28833333333333333,7.5,10.523333333333333
2026-01-16 16:00:00+00:00,t2,2,0.8883333333333333,0.30764933121576704,0.8310491245853059,0.9822903594555198,0.40783563748079876,0.3666666666666667,6.09,10.523333333333333
2026-01-16 17:00:00+00:00,t1,1,0.8766666666666666,0.6100975915907004,0.8484297881010768,1.0,0.5595838549817422,0.045000000000000005,7.7,10.276666666666666
2026-01-16 17:00:00+00:00,t1,2,0.8766666666666666,0.4867987317832764,0.82934175887754,0.9792864257517743,0.533438938580799,0.24,7.07,10.276666666666666
2026-01-16 17:00:00+00:00,t2,1,0.9233333333333333,0.5501730388091399,0.8482980784253425,1.0,0.5595838549817422,0.056666666666666664,7.7,10.955
2026-01-16 17:00:00+00:00,t2,2,0.9233333333333333,0.44154605562107646,0.8292100492018057,0.9755576308764409,0.533438938580799,0.27666666666666667,7.07,10.955
2026-01-16 18:00:00+00:00,t1,1,0.85,0.7611930371188897,0.8882372791748531,1.0,0.6380866269626422,0.01,8.94,10.213333333333333
2026-01-16 18:00:00+00:00,t1,2,0.85,0.6589659583257549,0.8754397277964653,1.0,0.5595838549817422,0.10833333333333334,7.94,10.213333333333333
2026-01-16 18:00:00+00:00,t2,1,0.7833333333333333,0.6105956717083997,0.8881055694991188,1.0,0.6380866269626422,0.006666666666666667,8.94,9.695
2026-01-16 18:00:00+00:00,t2,2,0.7833333333333333,0.5868008268526145,0.875308018120731,1.0,0.5595838549817422,0.13333333333333333,7.94,9.695
2026-01-16 19:00:00+00:00,t1,1,0.9683333333333334,0.7781293411058829,0.9827389969598814,1.0,0.7036149602258147,0.09500000000000001,9.68,11.29
2026-01-16 19:00:00+00:00,t1,2,0.9683333333333334,0.7238156978188741,0.9075122671954031,1.0,0.6380866269626422,0.04666666666666667,8.57,11.29
2026-01-16 19:00:00+00:00,t2,1,0.9199999999999999,0.8109257948852479,0.9826072872841471,1.0,0.7036149602258147,0.09833333333333334,9.68,10.891666666666666
2026-01-16 19:00:00+00:00,t2,2,0.9199999999999999,0.6279540459126343,0.9073805575196688,1.0,0.6380866269626422,0.06,8.57,10.891666666666666
2026-01-16 20:00:00+00:00,t1,1,0.96,0.9222957833003683,0.9632509801696019,1.0,0.751884164222874,0.13833333333333334,10.2,11.388333333333334
2026-01-16 20:00:00+00:00,t1,2,0.96,0.6817922790866837,0.9255810958525926,1.0,0.6380866269626422,0.02,8.51,11.388333333333334
2026-01-16 20:00:00+00:00,t2,1,0.9683333333333333,0.937122114598668,0.9631192704938676,1.0,0.751884164222874,0.14,10.2,11.92
2026-01-16 20:00:00+00:00,t2,2,0.9683333333333333,0.65127682363969,0.9254493861768583,1.0,0.6380866269626422,0.02,8.51,11.92
2026-01-16 21:00:00+00:00,t1,1,0.895,0.8770295448508354,0.960340224228237,1.0,0.7036149602258147,0.07333333333333333,9.98,10.448333333333332
2026-01-16 21:00:00+00:00,t1,2,0.895,0.7160557918331873,0.9370691465195886,1.0,0.6886657154935532,0.02,9.07,10.448333333333332
2026-01-16 21:00:00+00:00,t2,1,0.8966666666666666,0.9170052929199922,0.9602085145525027,1.0,0.7036149602258147,0.08333333333333333,9.98,10.64
2026-01-16 21:00:00+00:00,t2,2,0.8966666666666666,0.7142271538900684,0.9369374368438543,1.0,0.6886657154935532,0.011666666666666667,9.07,10.64
2026-01-16 22:00:00+00:00,t1,1,0.8250000000000001,0.8721235740865045,0.956780718526785,1.0,0.7513208481965913,0.049999999999999996,10.9,9.971666666666666
2026-01-16 22:00:00+00:00,t1,2,0.8250000000000001,0.9204020639804356,0.9662740272722357,1.0,0.7513208481965913,0.011666666666666667,10.6,9.971666666666666
2026-01-16 22:00:00+00:00,t2,1,0.7949999999999999,0.9120052633948155,0.9566490088510508,1.0,0.7513208481965913,0.04833333333333333,10.9,9.895
2026-01-16 22:00:00+00:00,t2,2,0.7949999999999999,0.9412813550613817,0.9661423175965014,1.0,0.7513208481965913,0.011666666666666667,10.6,9.895
2026-01-16 23:00:00+00:00,t1,1,0.8166666666666665,0.9163543241393061,0.9724926177285865,1.0,0.7513208481965913,0.04,10.98,9.94
2026-01-16 23:00:00+00:00,t1,2,0.8166666666666665,0.9471545184428631,0.983291159811528,1.0,0.751884164222874,0.01,10.43,9.94
2026-01-16 23:00:00+00:00,t2,1,0.7400000000000001,0.940109903555932,0.9723609080528522,1.0,0.7513208481965913,0.03666666666666667,10.98,9.584999999999999
2026-01-16 23:00:00+00:00,t2,2,0.7400000000000001,0.9711797126176251,0.9831594501357938,1.0,0.751884164222874,0.01,10.43,9.584999999999999
2026-01-17 00:00:00+00:00,t1,1,0.9033333333333333,0.8228680200561175,0.9766131474983034,1.0,0.7513208481965913,0.013333333333333334,10.6,10.743333333333334
2026-01-17 00:00:00+00:00,t1,2,0.9033333333333333,0.9047903449231973,0.9945479950724203,1.0,0.8056408045977012,0.01,11.67,10.743333333333334
2026-01-17 00:00:00+00:00,t2,1,0.9349999999999999,0.9024904132324492,0.9764814378225691,1.0,0.7513208481965913,0.013333333333333334,10.6,11.275
2026-01-17 00:00:00+00:00,t2,2,0.9349999999999999,0.9346207435161871,0.994416285396686,1.0,0.8056408045977012,0.01,11.67,11.275
2026-01-17 01:00:00+00:00,t1,1,0.7000000000000001,0.8965526385736263,0.9809148276041845,1.0,0.751884164222874,0.03166666666666667,10.34,9.36
2026-01-17 01:00:00+00:00,t1,2,0.7000000000000001,0.9524548013488705,0.9562779329436831,1.0,0.7759836210712704,0.01,11.33,9.36
2026-01-17 01:00:00+00:00,t2,1,0.7983333333333333,0.9191138054152407,0.9807831179284502,1.0,0.751884164222874,0.041666666666666664,10.34,9.993333333333334
2026-01-17 01:00:00+00:00,t2,2,0.7983333333333333,0.9561462232679488,0.9561462232679488,1.0,0.7759836210712704,0.01,11.33,9.993333333333334
2026-01-17 02:00:00+00:00,t1,1,0.62,0.9014185526617182,0.9292737461982986,1.0,0.751884164222874,0.02,10.22,8.691666666666668
2026-01-17 02:00:00+00:00,t1,2,0.62,0.9379689293742639,0.9398243988683097,1.0,0.7513208481965913,0.01,10.93,8.691666666666668
2026-01-17 02:00:00+00:00,t2,1,0.535,0.9080505077853104,0.9292264748818104,1.0,0.751884164222874,0.02666666666666667,10.22,8.321666666666667
2026-01-17 02:00:00+00:00,t2,2,0.535,0.9397771275518215,0.9397771275518215,1.0,0.7513208481965913,0.01,10.93,8.321666666666667
2026-01-17 03:00:00+00:00,t1,1,0.4083333333333334,0.7598191529016703,0.9083748748274879,1.0,0.7036149602258147,0.03,9.99,7.598333333333333
2026-01-17 03:00:00+00:00,t1,2,0.4083333333333334,0.9087431909150931,0.9735194977768967,1.0,0.751884164222874,0.01,10.43,7.598333333333333
2026-01-17 03:00:00+00:00,t2,1,0.38833333333333336,0.9009119717712223,0.9083276035109997,1.0,0.7036149602258147,0.018333333333333333,9.99,7.611666666666667
2026-01-17 03:00:00+00:00,t2,2,0.38833333333333336,0.9690589641388649,0.9734722264604085,1.0,0.751884164222874,0.01,10.43,7.611666666666667
2026-01-17 04:00:00+00:00,t1,1,0.4183333333333333,0.7284973239090201,0.9842669853364469,1.0,0.6380866269626422,0.07166666666666667,8.92,7.771666666666667
2026-01-17 04:00:00+00:00,t1,2,0.4183333333333333,0.7715158726316296,0.982884683629129,1.0,0.6886657154935532,0.01,9.39,7.771666666666667
2026-01-17 04:00:00+00:00,t2,1,0.36333333333333334,0.7410563443448691,0.9842197140199587,1.0,0.6380866269626422,0.02666666666666667,8.92,7.528333333333333
2026-01-17 04:00:00+00:00,t2,2,0.36333333333333334,0.8807155759091361,0.9828374123126408,1.0,0.6886657154935532,0.01,9.39,7.528333333333333
2026-01-17 05:00:00+00:00,t1,1,0.2833333333333333,0.4816151354729936,0.8166765204476887,0.9827462067962217,0.533438938580799,0.016666666666666666,7.19,7.086666666666666
2026-01-17 05:00:00+00:00,t1,2,0.2833333333333333,0.5202868645379193,0.9660207012052868,1.0,0.621809413221861,0.01,8.19,7.086666666666666
2026-01-17 05:00:00+00:00,t2,1,0.225,0.47285137863492893,0.8169897945586988,0.9782282675181336,0.533438938580799,0.02666666666666667,7.19,6.845
2026-01-17 05:00:00+00:00,t2,2,0.225,0.5826027309969277,0.9659734298887986,1.0,0.621809413221861,0.01,8.19,6.845
2026-01-17 06:00:00+00:00,t1,1,0.13166666666666668,0.2238779988702632,0.6378826238463189,0.9506373126617179,0.34551812937783266,0.04833333333333333,5.83,6.035
2026-01-17 06:00:00+00:00,t1,2,0.13166666666666668,0.40525403216472505,0.8194175954372259,0.9781750588970958,0.533438938580799,0.01,7.43,6.035
2026-01-17 06:00:00+00:00,t2,1,0.11833333333333333,0.23751779185948024,0.638195897957329,0.9477490258220509,0.34551812937783266,0.024999999999999998,5.83,6.166666666666667
2026-01-17 06:00:00+00:00,t2,2,0.11833333333333333,0.4346839398081787,0.819730869548236,0.9757349501212498,0.533438938580799,0.01,7.43,6.166666666666667
2026-01-17 07:00:00+00:00,t1,1,0.051666666666666666,0.1738216432948768,0.5348130105924874,0.8440254583213248,0.24396644031099302,0.04,4.96,5.176666666666667
2026-01-17 07:00:00+00:00,t1,2,0.051666666666666666,0.19838377364661136,0.5436521067328683,0.9385898974155855,0.40783563748079876,0.01,6.31,5.176666666666667
2026-01-17 07:00:00+00:00,t2,1,0.018333333333333333,0.1392208055288128,0.5351262847034975,0.8433611518489132,0.24396644031099302,0.03666666666666667,4.96,4.985
2026-01-17 07:00:00+00:00,t2,2,0.018333333333333333,0.19645154256276054,0.5439653808438785,0.9352821635965709,0.40783563748079876,0.01,6.31,4.985
2026-01-17 08:00:00+00:00,t1,1,0.06333333333333334,0.09015162921140335,0.35283370770101713,0.6660998327199806,0.20381297203510923,0.09000000000000001,4.37,5.216666666666667
2026-01-17 08:00:00+00:00,t1,2,0.06333333333333334,0.03831099873950718,0.3201768968251722,0.7791354767686731,0.24396644031099302,0.01,4.7,5.216666666666667
2026-01-17 08:00:00+00:00,t2,1,0.05333333333333334,0.030735779447985508,0.35355652092618195,0.6660998327199806,0.20381297203510923,0.105,4.37,5.126666666666667
2026-01-17 08:00:00+00:00,t2,2,0.05333333333333334,0.003957213851560622,0.32019877795770907,0.7782676489264524,0.24396644031099302,0.01,4.7,5.126666666666667
2026-01-17 09:00:00+00:00,t1,1,0.08833333333333333,0.09226120137615232,0.26338068241127643,0.5332114033489099,0.17437129044610378,0.22999999999999998,3.69,5.31
2026-01-17 09:00:00+00:00,t1,2,0.08833333333333333,0.05630522343581311,0.16716398062249788,0.5120426137290963,0.17437129044610378,0.01,3.98,5.31
2026-01-17 09:00:00+00:00,t2,1,0.08666666666666667,0.038786265668361006,0.2641034956364413,0.5332114033489099,0.17437129044610378,0.215,3.69,5.531666666666666
2026-01-17 09:00:00+00:00,t2,2,0.08666666666666667,0.024505290662238336,0.16629100212733794,0.5120426137290963,0.17437129044610378,0.005,3.98,5.531666666666666
2026-01-17 10:00:00+00:00,t1,1,0.05333333333333334,0.009535060561803336,0.1991438454926289,0.34534662696895413,0.1459803862401931,0.3833333333333333,3.05,5.056666666666667
2026-01-17 10:00:00+00:00,t1,2,0.05333333333333334,0.008871908369604055,0.1453944457423676,0.3731712702549579,0.1459803862401931,0.02,3.39,5.056666666666667
2026-01-17 10:00:00+00:00,t2,1,0.05333333333333334,0.02225551847877468,0.19986665871779377,0.34534662696895413,0.1459803862401931,0.4283333333333333,3.05,5.26
2026-01-17 10:00:00+00:00,t2,2,0.05333333333333334,0.013527519174541496,0.14452146724720766,0.3731712702549579,0.1459803862401931,0.024999999999999998,3.39,5.26
2026-01-17 11:00:00+00:00,t1,1,0.03333333333333333,0.009535060561803336,0.2054581418024898,0.27476132671932746,0.13303917357062492,0.375,2.91,4.61
2026-01-17 11:00:00+00:00,t1,2,0.03333333333333333,0.008871908369604055,0.20114926529709148,0.3382324531878044,0.1459803862401931,0.04,3.04,4.61
2026-01-17 11:00:00+00:00,t2,1,0.04,0.014123398205297509,0.20618095502765463,0.27476132671932746,0.13303917357062492,0.455,2.91,4.836666666666667
2026-01-17 11:00:00+00:00,t2,2,0.04,0.01380127414801405,0.20027628680193155,0.3382324531878044,0.1459803862401931,0.04833333333333334,3.04,4.836666666666667
2026-01-17 12:00:00+00:00,t1,1,0.01,0.009535060561803336,0.19858492457429866,0.21339010689339472,0.10431543935643564,0.4466666666666667,2.44,3.5366666666666666
2026-01-17 12:00:00+00:00,t1,2,0.01,0.008871908369604055,0.23254596885407813,0.23254596885407813,0.10431543935643564,0.08333333333333333,2.38,3.5366666666666666
2026-01-17 12:00:00+00:00,t2,1,0.01,0.011522538665082868,0.19771194607913872,0.21339010689339472,0.10431543935643564,0.45,2.44,2.981666666666667
2026-01-17 12:00:00+00:00,t2,2,0.01,0.012173553120750443,0.2316729903589182,0.2316729903589182,0.10431543935643564,0.08666666666666667,2.38,2.981666666666667
2026-01-17 13:00:00+00:00,t1,1,0.01,0.009535060561803336,0.22187999725556423,0.22187999725556423,0.10431543935643564,0.605,2.08,3.5400000000000005
2026-01-17 13:00:00+00:00,t1,2,0.01,0.008871908369604055,0.2618188932748077,0.2618188932748077,0.10344010868308474,0.09166666666666667,1.75,3.5400000000000005
2026-01-17 13:00:00+00:00,t2,1,0.013333333333333334,0.011470332474606904,0.221174992808725,0.221174992808725,0.10431543935643564,0.6716666666666667,2.08,3.7383333333333333
2026-01-17 13:00:00+00:00,t2,2,0.013333333333333334,0.010041514185352257,0.2608614764204016,0.2608614764204016,0.10344010868308474,0.10333333333333333,1.75,3.7383333333333333
2026-01-17 14:00:00+00:00,t1,1,0.028333333333333332,0.009535060561803336,0.21144377553986687,0.21144377553986687,0.13303917357062492,0.7666666666666666,2.69,4.72
2026-01-17 14:00:00+00:00,t1,2,0.028333333333333332,0.008871908369604055,0.263753349412195,0.263753349412195,0.10344010868308474,0.06333333333333334,1.71,4.72
2026-01-17 14:00:00+00:00,t2,1,0.03,0.011728884078273086,0.21073877109302758,0.21073877109302758,0.13303917357062492,0.7916666666666666,2.69,4.963333333333334
2026-01-17 14:00:00+00:00,t2,2,0.03,0.009658629802996014,0.2630483449653558,0.2630483449653558,0.10344010868308474,0.05666666666666667,1.71,4.963333333333334
2026-01-17 15:00:00+00:00,t1,1,0.013333333333333334,0.009535060561803336,0.2441593819851252,0.2441593819851252,0.13303917357062492,0.9716666666666667,2.91,4.663333333333333
2026-01-17 15:00:00+00:00,t1,2,0.013333333333333334,0.008871908369604055,0.2762160055922358,0.2762160055922358,0.10431543935643564,0.11333333333333334,2.06,4.663333333333333
2026-01-17 15:00:00+00:00,t2,1,0.011666666666666667,0.01182511141885484,0.24345437753828597,0.24345437753828597,0.13303917357062492,0.91,2.91,4.510000000000001
2026-01-17 15:00:00+00:00,t2,2,0.011666666666666667,0.009947547178802968,0.27525858873782977,0.27525858873782977,0.10431543935643564,0.11166666666666665,2.06,4.510000000000001
2026-01-17 16:00:00+00:00,t1,1,0.01,0.009535060561803336,0.23927588789984577,0.23927588789984577,0.10431543935643564,0.9283333333333333,2.46,5.16
2026-01-17 16:00:00+00:00,t1,2,0.01,0.008871908369604055,0.24966604774141124,0.24966604774141124,0.10344010868308474,0.20833333333333334,1.87,5.16
2026-01-17 16:00:00+00:00,t2,1,0.01,0.011744997095435148,0.23857088345300653,0.23857088345300653,0.10431543935643564,0.8883333333333333,2.46,4.773333333333333
2026-01-17 16:00:00+00:00,t2,2,0.01,0.008631312945519552,0.24910709929891958,0.24910709929891958,0.10344010868308474,0.28833333333333333,1.87,4.773333333333333
2026-01-17 17:00:00+00:00,t1,1,0.01,0.009535060561803336,0.17459113562787412,0.17459113562787412,0.10431543935643564,0.8766666666666666,2.12,3.733333333333333
2026-01-17 17:00:00+00:00,t1,2,0.01,0.008871908369604055,0.2463953290910508,0.2463953290910508,0.10344010868308474,0.045000000000000005,1.55,3.733333333333333
2026-01-17 17:00:00+00:00,t2,1,0.01,0.00928859088789565,0.17403218718538246,0.17403218718538246,0.10431543935643564,0.9233333333333333,2.12,3.768333333333333
2026-01-17 17:00:00+00:00,t2,2,0.01,0.009941010141220336,0.24583638064855914,0.24583638064855914,0.10344010868308474,0.056666666666666664,1.55,3.768333333333333
2026-01-17 18:00:00+00:00,t1,1,0.01,0.009535060561803336,0.14413361623708185,0.14413361623708185,0.0898266827891979,0.85,1.39,3.045
2026-01-17 18:00:00+00:00,t1,2,0.01,0.008871908369604055,0.1491380639370431,0.15957659221692977,0.0898266827891979,0.01,1.1,3.045
2026-01-17 18:00:00+00:00,t2,1,0.01,0.01005658894892904,0.1435746677945902,0.1435746677945902,0.0898266827891979,0.7833333333333333,1.39,3.188333333333333
2026-01-17 18:00:00+00:00,t2,2,0.01,0.008836831396058073,0.14857911549455144,0.15957659221692977,0.0898266827891979,0.006666666666666667,1.1,3.188333333333333
2026-01-17 19:00:00+00:00,t1,1,0.01,0.009535060561803336,0.11038502573214835,0.11038502573214835,0.0898266827891979,0.9683333333333334,1.25,0.7883333333333334
2026-01-17 19:00:00+00:00,t1,2,0.01,0.008871908369604055,0.12640040600620758,0.18945219113672157,0.10344010868308474,0.09500000000000001,1.59,0.7883333333333334
2026-01-17 19:00:00+00:00,t2,1,0.01,0.009155428920525793,0.10982607728965676,0.10982607728965676,0.0898266827891979,0.9199999999999999,1.25,0.7966666666666667
2026-01-17 19:00:00+00:00,t2,2,0.01,0.00842558089582955,0.12584145756371595,0.18945219113672157,0.10344010868308474,0.09833333333333334,1.59,0.7966666666666667
2026-01-17 20:00:00+00:00,t1,1,0.01,0.009535060561803336,0.11265729543871326,0.11265729543871326,0.0898266827891979,0.96,1.33,0.8683333333333333
2026-01-17 20:00:00+00:00,t1,2,0.01,0.008871908369604055,0.15917071885918252,0.1779636809478441,0.0898266827891979,0.13833333333333334,1.25,0.8683333333333333
2026-01-17 20:00:00+00:00,t2,1,0.01,0.00894828107919471,0.11209834699622168,0.11209834699622168,0.0898266827891979,0.9683333333333333,1.33,0.8783333333333333
2026-01-17 20:00:00+00:00,t2,2,0.01,0.008183281537460682,0.15861177041669086,0.1779636809478441,0.0898266827891979,0.14,1.25,0.8783333333333333
2026-01-17 21:00:00+00:00,t1,1,0.01,0.009535060561803336,0.11950944499894314,0.11950944499894314,0.10277016520894071,0.895,0.4,0.7083333333333334
2026-01-17 21:00:00+00:00,t1,2,0.01,0.008871908369604055,0.1543738668683513,0.1563845674686539,0.09097294306980487,0.07333333333333333,0.65,0.7083333333333334
2026-01-17 21:00:00+00:00,t2,1,0.01,0.00971024268817386,0.11895049655645155,0.11895049655645155,0.10277016520894071,0.8966666666666666,0.4,0.66
2026-01-17 21:00:00+00:00,t2,2,0.01,0.00875313584716689,0.15381491842585965,0.1563845674686539,0.09097294306980487,0.08333333333333333,0.65,0.66
2026-01-17 22:00:00+00:00,t1,1,0.01,0.009535060561803336,0.09955334439144845,0.09955334439144845,0.10277016520894071,0.8250000000000001,0.3,1.22
2026-01-17 22:00:00+00:00,t1,2,0.01,0.008871908369604055,0.13471337342402673,0.14748267909971982,0.09097294306980487,0.049999999999999996,0.61,1.22
2026-01-17 22:00:00+00:00,t2,1,0.01,0.009822801561098224,0.09899439594895686,0.09899439594895686,0.10277016520894071,0.7949999999999999,0.3,1.1300000000000001
2026-01-17 22:00:00+00:00,t2,2,0.01,0.008672603189821939,0.1341544249815351,0.14748267909971982,0.09097294306980487,0.04833333333333333,0.61,1.1300000000000001
2026-01-17 23:00:00+00:00,t1,1,0.01,0.009535060561803336,0.13889710024040833,0.13889710024040833,0.10277016520894071,0.8166666666666665,0.3,1.445
2026-01-17 23:00:00+00:00,t1,2,0.01,0.008871908369604055,0.1312855143229874,0.1698177796753436,0.09097294306980487,0.04,0.51,1.445
2026-01-17 23:00:00+00:00,t2,1,0.01,0.010148952139039125,0.1383381517979167,0.1383381517979167,0.10277016520894071,0.7400000000000001,0.3,1.4749999999999999
2026-01-17 23:00:00+00:00,t2,2,0.01,0.00888354000196579,0.13072656588049578,0.1698177796753436,0.09097294306980487,0.03666666666666667,0.51,1.4749999999999999
2026-01-18 00:00:00+00:00,t1,1,0.01,0.006015021429484119,0.11771755164052003,0.11771755164052003,0.09097294306980487,0.9033333333333333,0.99,2.0
2026-01-18 00:00:00+00:00,t1,2,0.01,0.008871908369604055,0.1402864613577899,0.1402864613577899,0.0898266827891979,0.013333333333333334,1.15,2.0
2026-01-18 00:00:00+00:00,t2,1,0.01,0.006015021429484119,0.1168414885568966,0.1168414885568966,0.09097294306980487,0.9349999999999999,0.99,2.4966666666666666
2026-01-18 00:00:00+00:00,t2,2,0.01,0.009463770298403626,0.13667065943179355,0.13667065943179355,0.0898266827891979,0.013333333333333334,1.15,2.4966666666666666
2026-01-18 01:00:00+00:00,t1,1,0.013333333333333334,0.0,0.11447710874693856,0.11447710874693856,0.10344010868308474,0.7000000000000001,1.67,4.251666666666666
2026-01-18 01:00:00+00:00,t1,2,0.013333333333333334,0.008871908369604055,0.13889598232000727,0.13889598232000727,0.0898266827891979,0.03166666666666667,1.35,4.251666666666666
2026-01-18 01:00:00+00:00,t2,1,0.01,0.0,0.10942733643876068,0.10942733643876068,0.10344010868308474,0.7983333333333333,1.67,4.185
2026-01-18 01:00:00+00:00,t2,2,0.01,0.009143799061625225,0.1352801803940109,0.1352801803940109,0.0898266827891979,0.041666666666666664,1.35,4.185
2026-01-18 02:00:00+00:00,t1,1,0.01,0.0,0.08481370946110477,0.08481370946110477,0.0898266827891979,0.62,1.3,5.706666666666667
2026-01-18 02:00:00+00:00,t1,2,0.01,0.008871908369604055,0.10031491559799953,0.12469313050724994,0.09097294306980487,0.02,1.0,5.706666666666667
2026-01-18 02:00:00+00:00,t2,1,0.016666666666666666,0.0,0.08159946053548642,0.08159946053548642,0.0898266827891979,0.535,1.3,5.885000000000001
2026-01-18 02:00:00+00:00,t2,2,0.016666666666666666,0.008790387162916786,0.09984040551475407,0.12469313050724994,0.09097294306980487,0.02666666666666667,1.0,5.885000000000001
2026-01-18 03:00:00+00:00,t1,1,0.011666666666666667,0.009535060561803336,0.08136134954731462,0.10147462161133411,0.0898266827891979,0.4083333333333334,1.17,5.001666666666667
2026-01-18 03:00:00+00:00,t1,2,0.011666666666666667,0.008871908369604055,0.08960984265988191,0.15671696127674634,0.0898266827891979,0.03,1.36,5.001666666666667
2026-01-18 03:00:00+00:00,t2,1,0.011666666666666667,0.005441556513825146,0.07814710062169627,0.10130961659785825,0.0898266827891979,0.38833333333333336,1.17,4.961666666666667
2026-01-18 03:00:00+00:00,t2,2,0.011666666666666667,0.005472474759744802,0.08639559373426356,0.15655195626327045,0.0898266827891979,0.018333333333333333,1.36,4.961666666666667
2026-01-18 04:00:00+00:00,t1,1,0.09666666666666668,0.009535060561803336,0.07206849259122686,0.16325612522481306,0.10344010868308474,0.4183333333333333,1.78,5.543333333333333
2026-01-18 04:00:00+00:00,t1,2,0.09666666666666668,0.008871908369604055,0.0992532869354114,0.2507350461638486,0.10431543935643564,0.07166666666666667,2.02,5.543333333333333
2026-01-18 04:00:00+00:00,t2,1,0.085,0.008301152434198754,0.0715939825079814,0.16325612522481306,0.10344010868308474,0.36333333333333334,1.78,5.426666666666667
2026-01-18 04:00:00+00:00,t2,2,0.085,0.003258905975880573,0.09460506762761148,0.2507350461638486,0.10431543935643564,0.02666666666666667,2.02,5.426666666666667
2026-01-18 05:00:00+00:00,t1,1,0.051666666666666666,0.009535060561803336,0.07541755745947816,0.2725578786454926,0.10344010868308474,0.2833333333333333,1.96,4.905
2026-01-18 05:00:00+00:00,t1,2,0.051666666666666666,0.008871908369604055,0.04805715331997804,0.3265362691943684,0.13303917357062492,0.016666666666666666,2.65,4.905
2026-01-18 05:00:00+00:00,t2,1,0.04666666666666667,0.007843810446637582,0.07584897770616993,0.2725578786454926,0.10344010868308474,0.225,1.96,4.925
2026-01-18 05:00:00+00:00,t2,2,0.04666666666666667,0.006988014680168823,0.045134198351945536,0.3265362691943684,0.13303917357062492,0.02666666666666667,2.65,4.925
2026-01-18 06:00:00+00:00,t1,1,0.15333333333333335,0.009535060561803336,0.051063016328511665,0.32332734635049437,0.1459803862401931,0.13166666666666668,3.12,6.075
2026-01-18 06:00:00+00:00,t1,2,0.15333333333333335,0.0,0.09792655368049155,0.5609566460156962,0.24396644031099302,0.04833333333333333,4.84,6.075
2026-01-18 06:00:00+00:00,t2,1,0.14333333333333334,0.0072261597297811715,0.048140061360479144,0.32332734635049437,0.1459803862401931,0.11833333333333333,3.12,6.243333333333333
2026-01-18 06:00:00+00:00,t2,2,0.14333333333333334,0.0,0.10185202433888213,0.5609404834416032,0.24396644031099302,0.024999999999999998,4.84,6.243333333333333
2026-01-18 07:00:00+00:00,t1,1,0.2333333333333333,0.0,0.09124065523160929,0.37048840897854174,0.20381297203510923,0.051666666666666666,4.28,6.633333333333333
2026-01-18 07:00:00+00:00,t1,2,0.2333333333333333,0.019696029022270488,0.2564011171088897,0.6856648009447205,0.34551812937783266,0.04,5.77,6.633333333333333
2026-01-18 07:00:00+00:00,t2,1,0.2383333333333333,0.0,0.08831770026357678,0.37048840897854174,0.20381297203510923,0.018333333333333333,4.28,7.010000000000001
2026-01-18 07:00:00+00:00,t2,2,0.2383333333333333,0.0,0.2593316499691798,0.6856486383706275,0.34551812937783266,0.03666666666666667,5.77,7.010000000000001
2026-01-18 08:00:00+00:00,t1,1,0.3516666666666666,0.019371266439243112,0.1317910295473603,0.3720594506869206,0.24396644031099302,0.06333333333333334,4.74,7.373333333333332
2026-01-18 08:00:00+00:00,t1,2,0.3516666666666666,0.038214793536642255,0.324602927414519,0.7069640454828543,0.40783563748079876,0.09000000000000001,6.03,7.373333333333332
2026-01-18 08:00:00+00:00,t2,1,0.38999999999999996,0.009686205068027531,0.13251384277252515,0.3720594506869206,0.24396644031099302,0.05333333333333334,4.74,7.72
2026-01-18 08:00:00+00:00,t2,2,0.38999999999999996,0.014848594754874725,0.3237161464244958,0.7069478829087613,0.40783563748079876,0.105,6.03,7.72
2026-01-18 09:00:00+00:00,t1,1,0.375,0.019279771434456743,0.15011326264926844,0.38810777702135896,0.24396644031099302,0.08833333333333333,4.67,7.441666666666666
2026-01-18 09:00:00+00:00,t1,2,0.375,0.03611194371725669,0.34072377366097034,0.7186592926439714,0.34551812937783266,0.22999999999999998,5.92,7.441666666666666
2026-01-18 09:00:00+00:00,t2,1,0.4383333333333333,0.010696929680848927,0.1508360758744333,0.38810777702135896,0.24396644031099302,0.08666666666666667,4.67,7.988333333333333
2026-01-18 09:00:00+00:00,t2,2,0.4383333333333333,0.020319992632725666,0.34144658688613516,0.7186431300698785,0.34551812937783266,0.215,5.92,7.988333333333333
2026-01-18 10:00:00+00:00,t1,1,0.23166666666666666,0.0,0.19751608310738278,0.41096324123247674,0.20381297203510923,0.05333333333333334,4.49,6.581666666666667
2026-01-18 10:00:00+00:00,t1,2,0.23166666666666666,0.049132110120300845,0.32554882002870134,0.6988767422415899,0.34551812937783266,0.3833333333333333,5.55,6.581666666666667
2026-01-18 10:00:00+00:00,t2,1,0.25666666666666665,0.010674681002120684,0.19823889633254763,0.41096324123247674,0.20381297203510923,0.05333333333333334,4.49,7.036666666666666
2026-01-18 10:00:00+00:00,t2,2,0.25666666666666665,0.023669488713584375,0.32627163325386616,0.6988605796674969,0.34551812937783266,0.4283333333333333,5.55,7.036666666666666
2026-01-18 11:00:00+00:00,t1,1,0.16833333333333333,0.0,0.1512922266181552,0.4311048376319451,0.20381297203510923,0.03333333333333333,4.32,6.276666666666666
2026-01-18 11:00:00+00:00,t1,2,0.16833333333333333,0.038944987276655935,0.32392818000737894,0.6853688723950102,0.29666767038040753,0.375,5.34,6.276666666666666
2026-01-18 11:00:00+00:00,t2,1,0.19499999999999998,0.009004471260916205,0.1517236468648469,0.4311048376319451,0.20381297203510923,0.04,4.32,6.691666666666666
2026-01-18 11:00:00+00:00,t2,2,0.19499999999999998,0.006319936308898759,0.3209205243158078,0.685772577671071,0.29666767038040753,0.455,5.34,6.691666666666666
2026-01-18 12:00:00+00:00,t1,1,0.12,0.0,0.21454277246151773,0.4407077871639787,0.20381297203510923,0.01,4.09,5.91
2026-01-18 12:00:00+00:00,t1,2,0.12,0.03823238158120035,0.32372853780064875,0.6479872582545245,0.24396644031099302,0.4466666666666667,4.85,5.91
2026-01-18 12:00:00+00:00,t2,1,0.12833333333333333,0.0007559034642417514,0.21132852353589934,0.440308559068513,0.20381297203510923,0.01,4.09,6.175
2026-01-18 12:00:00+00:00,t2,2,0.12833333333333333,0.01531109754680672,0.318025565357047,0.651765209723973,0.24396644031099302,0.45,4.85,6.175
2026-01-18 13:00:00+00:00,t1,1,0.19166666666666665,0.009535060561803336,0.2016802170962305,0.38427015891610605,0.1459803862401931,0.01,3.3,6.53
2026-01-18 13:00:00+00:00,t1,2,0.19166666666666665,0.02915844929193777,0.2554817559884131,0.5664270863150821,0.24396644031099302,0.605,4.71,6.53
2026-01-18 13:00:00+00:00,t2,1,0.18666666666666668,0.012207340501100733,0.19806441517023413,0.3838709308206404,0.1459803862401931,0.013333333333333334,3.3,6.658333333333334
2026-01-18 13:00:00+00:00,t2,2,0.18666666666666668,0.011383569428095541,0.24937723054443334,0.5660278582196164,0.24396644031099302,0.6716666666666667,4.71,6.658333333333334
2026-01-18 14:00:00+00:00,t1,1,0.20333333333333334,0.009535060561803336,0.22563810977409424,0.3471944060363416,0.17437129044610378,0.028333333333333332,3.51,6.47
2026-01-18 14:00:00+00:00,t1,2,0.20333333333333334,0.008250380629539956,0.23571375860620658,0.4636383024294983,0.24396644031099302,0.7666666666666666,4.83,6.47
2026-01-18 14:00:00+00:00,t2,1,0.18166666666666667,0.010032170445149749,0.22202230784809787,0.34679517794087594,0.17437129044610378,0.03,3.51,6.498333333333334
2026-01-18 14:00:00+00:00,t2,2,0.18166666666666667,0.008807642472265148,0.2296092331622267,0.4674162538989468,0.24396644031099302,0.7916666666666666,4.83,6.498333333333334
2026-01-18 15:00:00+00:00,t1,1,0.2916666666666667,0.0,0.2623247593994521,0.43839845138811456,0.20381297203510923,0.013333333333333334,4.1,6.8133333333333335
2026-01-18 15:00:00+00:00,t1,2,0.2916666666666667,0.013374220075575871,0.1890054207109407,0.47957428905808736,0.24396644031099302,0.9716666666666667,4.93,6.8133333333333335
2026-01-18 15:00:00+00:00,t2,1,0.24166666666666667,0.0,0.2587089574734559,0.4379992232926489,0.20381297203510923,0.011666666666666667,4.1,6.696666666666666
2026-01-18 15:00:00+00:00,t2,2,0.24166666666666667,0.0019512713845392798,0.18290089526696082,0.48333607795344286,0.24396644031099302,0.91,4.93,6.696666666666666
2026-01-18 16:00:00+00:00,t1,1,0.3066666666666667,0.05275156890070963,0.33478137236154826,0.5335324713348719,0.24396644031099302,0.01,4.85,6.75
2026-01-18 16:00:00+00:00,t1,2,0.3066666666666667,0.02613687250908625,0.17881455403008215,0.525804569704494,0.29666767038040753,0.9283333333333333,5.22,6.75
2026-01-18 16:00:00+00:00,t2,1,0.25333333333333335,0.010013881022041572,0.33108077069112607,0.5372942602302274,0.24396644031099302,0.01,4.85,6.616666666666667
2026-01-18 16:00:00+00:00,t2,2,0.25333333333333335,0.013388409091401592,0.17271002858610227,0.5295663585998494,0.29666767038040753,0.8883333333333333,5.22,6.616666666666667
2026-01-18 17:00:00+00:00,t1,1,0.31666666666666665,0.05433910548371716,0.3273833476286408,0.5876892226366751,0.34551812937783266,0.01,5.61,6.875
2026-01-18 17:00:00+00:00,t1,2,0.31666666666666665,0.04217896665795491,0.29718939024161284,0.5939283518509036,0.34551812937783266,0.8766666666666666,5.92,6.875
2026-01-18 17:00:00+00:00,t2,1,0.2916666666666667,0.023757077561644156,0.3236827459582186,0.5914510115320306,0.34551812937783266,0.01,5.61,6.783333333333334
2026-01-18 17:00:00+00:00,t2,2,0.2916666666666667,0.06361662820121626,0.2923096608695792,0.5976735036967492,0.34551812937783266,0.9233333333333333,5.92,6.783333333333334
2026-01-18 18:00:00+00:00,t1,1,0.225,0.07529662637287858,0.4120353006804776,0.7549345117911977,0.40783563748079876,0.01,6.14,6.376666666666666
2026-01-18 18:00:00+00:00,t1,2,0.225,0.05828448590083028,0.34772584871256507,0.7517501645211461,0.40783563748079876,0.85,6.06,6.376666666666666
2026-01-18 18:00:00+00:00,t2,1,0.2333333333333333,0.07141156049506044,0.4086260919885285,0.7544673046137849,0.40783563748079876,0.01,6.14,6.543333333333333
2026-01-18 18:00:00+00:00,t2,2,0.2333333333333333,0.06861671368836258,0.34504698005797696,0.7512663202942232,0.40783563748079876,0.7833333333333333,6.06,6.543333333333333
2026-01-18 19:00:00+00:00,t1,1,0.3566666666666667,0.11623493107580413,0.4318698939927519,0.8808516897778501,0.40783563748079876,0.01,6.25,7.148333333333333
2026-01-18 19:00:00+00:00,t1,2,0.3566666666666667,0.09441742541483718,0.34192838596416886,0.831779673935622,0.40783563748079876,0.9683333333333334,6.16,7.148333333333333
2026-01-18 19:00:00+00:00,t2,1,0.35000000000000003,0.1390094911885524,0.4290418762610111,0.8801433162386237,0.40783563748079876,0.01,6.25,7.2749999999999995
2026-01-18 19:00:00+00:00,t2,2,0.35000000000000003,0.12450512418452797,0.338808975253955,0.8310174756269597,0.40783563748079876,0.9199999999999999,6.16,7.2749999999999995
2026-01-18 20:00:00+00:00,t1,1,0.6150000000000001,0.1503983733705039,0.4867110683845088,0.9003387859979052,0.46587952084773093,0.01,6.71,8.673333333333334
2026-01-18 20:00:00+00:00,t1,2,0.6150000000000001,0.09564280282922072,0.3865682824756139,0.9057120773515254,0.40783563748079876,0.96,6.21,8.673333333333334
2026-01-18 20:00:00+00:00,t2,1,0.505,0.2031010187376078,0.48352250522526946,0.8990327014592501,0.46587952084773093,0.01,6.71,7.84
2026-01-18 20:00:00+00:00,t2,2,0.505,0.13296962019498632,0.38337971931637477,0.9039904363012732,0.40783563748079876,0.9683333333333333,6.21,7.84
2026-01-18 21:00:00+00:00,t1,1,0.535,0.3348539474770869,0.543131397857584,0.952029770189582,0.46587952084773093,0.01,6.8,8.101666666666667
2026-01-18 21:00:00+00:00,t1,2,0.535,0.20612745303191077,0.4716094835049484,0.960008064405808,0.40783563748079876,0.895,6.42,8.101666666666667
2026-01-18 21:00:00+00:00,t2,1,0.5033333333333333,0.31086372277108,0.5399428346983448,0.9494859251274239,0.46587952084773093,0.01,6.8,7.878333333333334
2026-01-18 21:00:00+00:00,t2,2,0.5033333333333333,0.25734557460712615,0.46842092034570926,0.9562163120793656,0.40783563748079876,0.8966666666666666,6.42,7.878333333333334
2026-01-18 22:00:00+00:00,t1,1,0.39166666666666666,0.4313787889958032,0.6030119675434635,0.969146540030615,0.46587952084773093,0.01,6.94,7.203333333333333
2026-01-18 22:00:00+00:00,t1,2,0.39166666666666666,0.29773395511420275,0.55198813896079,0.9753278723977454,0.40783563748079876,0.8250000000000001,6.47,7.203333333333333
2026-01-18 22:00:00+00:00,t2,1,0.36999999999999994,0.3711975213054831,0.5998234043842243,0.9667439856884943,0.46587952084773093,0.01,6.94,7.321666666666666
2026-01-18 22:00:00+00:00,t2,2,0.36999999999999994,0.315542863943075,0.5487995758015508,0.9720718668012737,0.40783563748079876,0.7949999999999999,6.47,7.321666666666666
2026-01-18 23:00:00+00:00,t1,1,0.3383333333333333,0.47800959760951817,0.6649976766482465,0.976248735010573,0.46587952084773093,0.01,6.91,6.971666666666667
2026-01-18 23:00:00+00:00,t1,2,0.3383333333333333,0.39667185811175076,0.5988596699651892,0.9771093567102312,0.46587952084773093,0.8166666666666665,6.51,6.971666666666667
2026-01-18 23:00:00+00:00,t2,1,0.345,0.43125860528359283,0.6618091134890073,0.9712948801128872,0.46587952084773093,0.01,6.91,7.21
2026-01-18 23:00:00+00:00,t2,2,0.345,0.30330256063619304,0.59567110680595,0.9738417706270471,0.46587952084773093,0.7400000000000001,6.51,7.21
2026-01-19 00:00:00+00:00,t1,1,0.47,0.4208998517899329,0.6046480864682686,0.9880209510875693,0.46587952084773093,0.01,6.91,7.623333333333334
2026-01-19 00:00:00+00:00,t1,2,0.47,0.4408526064027101,0.6455556526716874,0.976098457036749,0.533438938580799,0.9033333333333333,7.09,7.623333333333334
2026-01-19 00:00:00+00:00,t2,1,0.5033333333333333,0.4141949549030217,0.6041992621514024,0.9846919063603676,0.46587952084773093,0.01,6.91,7.991666666666667
2026-01-19 00:00:00+00:00,t2,2,0.5033333333333333,0.428253859286335,0.6451068283548211,0.9735591274970132,0.533438938580799,0.9349999999999999,7.09,7.991666666666667
2026-01-19 01:00:00+00:00,t1,1,0.34833333333333333,0.4415937918812223,0.6269377034198056,0.9854376454294591,0.533438938580799,0.013333333333333334,7.04,7.111666666666667
2026-01-19 01:00:00+00:00,t1,2,0.34833333333333333,0.46327466246559634,0.6159640746253725,0.9856128735045498,0.533438938580799,0.7000000000000001,7.23,7.111666666666667
2026-01-19 01:00:00+00:00,t2,1,0.33666666666666667,0.4681285773284623,0.6264888791029394,0.9820468582512726,0.533438938580799,0.01,7.04,7.308333333333334
2026-01-19 01:00:00+00:00,t2,2,0.33666666666666667,0.4852666890521794,0.6155152503085063,0.981174736330119,0.533438938580799,0.7983333333333333,7.23,7.308333333333334
2026-01-19 02:00:00+00:00,t1,1,0.135,0.44799198378871036,0.5729171044975571,0.9660768625824815,0.533438938580799,0.01,7.14,5.425
2026-01-19 02:00:00+00:00,t1,2,0.135,0.475312833210912,0.5884950620928963,0.9763422264285225,0.533438938580799,0.62,7.31,5.425
2026-01-19 02:00:00+00:00,t2,1,0.13666666666666666,0.4906721804958074,0.5728698331810689,0.9626480639155736,0.533438938580799,0.016666666666666666,7.14,5.666666666666667
2026-01-19 02:00:00+00:00,t2,2,0.13666666666666666,0.47096362491756266,0.5884477907764081,0.9740499649339767,0.533438938580799,0.535,7.31,5.666666666666667
2026-01-19 03:00:00+00:00,t1,1,0.26666666666666666,0.41712924178868677,0.5984105523781159,0.9693429894459278,0.46587952084773093,0.011666666666666667,6.95,6.48
2026-01-19 03:00:00+00:00,t1,2,0.26666666666666666,0.5098682829745208,0.6165964414215058,0.9725664955281865,0.533438938580799,0.4083333333333334,7.04,6.48
2026-01-19 03:00:00+00:00,t2,1,0.21333333333333335,0.44053671144633827,0.5983632810616277,0.96637189936743,0.46587952084773093,0.011666666666666667,6.95,6.211666666666667
2026-01-19 03:00:00+00:00,t2,2,0.21333333333333335,0.4558519831579526,0.6165491701050176,0.9702742340336407,0.533438938580799,0.38833333333333336,7.04,6.211666666666667
2026-01-19 04:00:00+00:00,t1,1,0.315,0.427405344123903,0.5150028416297047,0.967356511991627,0.5595838549817422,0.09666666666666668,7.83,6.945
2026-01-19 04:00:00+00:00,t1,2,0.315,0.5234878646758677,0.7084872046489006,0.9678322397009094,0.533438938580799,0.4183333333333333,7.39,6.945
2026-01-19 04:00:00+00:00,t2,1,0.3116666666666667,0.3879350383259982,0.5122158314708435,0.965287719211162,0.5595838549817422,0.085,7.83,7.123333333333334
2026-01-19 04:00:00+00:00,t2,2,0.3116666666666667,0.444654561765507,0.7084399333324124,0.9656751010499695,0.533438938580799,0.36333333333333334,7.39,7.123333333333334
2026-01-19 05:00:00+00:00,t1,1,0.33166666666666667,0.5764662960726761,0.6831372322815316,0.9743752313176037,0.5595838549817422,0.051666666666666666,7.89,7.196666666666666
2026-01-19 05:00:00+00:00,t1,2,0.33166666666666667,0.547045832092706,0.7182724076611261,0.9642611056012934,0.533438938580799,0.2833333333333333,7.26,7.196666666666666
2026-01-19 05:00:00+00:00,t2,1,0.22666666666666668,0.46409086888167933,0.6803502221226704,0.9725626956181238,0.5595838549817422,0.04666666666666667,7.89,6.805
2026-01-19 05:00:00+00:00,t2,2,0.22666666666666668,0.4687120223614109,0.7182251363446379,0.9629433199069385,0.533438938580799,0.225,7.26,6.805
2026-01-19 06:00:00+00:00,t1,1,0.2866666666666667,0.5130533133502085,0.691713350663802,0.9745136054694338,0.5595838549817422,0.15333333333333335,7.99,7.048333333333333
2026-01-19 06:00:00+00:00,t1,2,0.2866666666666667,0.4131801086477256,0.6348106046780765,0.9564893582049825,0.621809413221861,0.13166666666666668,8.21,7.048333333333333
2026-01-19 06:00:00+00:00,t2,1,0.3016666666666667,0.5349206516340655,0.6916660793473138,0.9714922727603605,0.5595838549817422,0.14333333333333334,7.99,7.233333333333333
2026-01-19 06:00:00+00:00,t2,2,0.3016666666666667,0.43080964454270676,0.6347633333615883,0.9555755840279037,0.621809413221861,0.11833333333333333,8.21,7.233333333333333
2026-01-19 07:00:00+00:00,t1,1,0.36999999999999994,0.5488953697648054,0.7137538503313732,0.9689890069865532,0.621809413221861,0.2333333333333333,8.49,7.316666666666666
2026-01-19 07:00:00+00:00,t1,2,0.36999999999999994,0.4447897344260079,0.712935946868163,0.9672947595772654,0.6380866269626422,0.051666666666666666,8.69,7.316666666666666
2026-01-19 07:00:00+00:00,t2,1,0.3333333333333333,0.5708106036804729,0.713706579014885,0.9650549613945126,0.621809413221861,0.2383333333333333,8.49,7.418333333333333
2026-01-19 07:00:00+00:00,t2,2,0.3333333333333333,0.4645525595256725,0.7132492209791731,0.9659083734145204,0.6380866269626422,0.018333333333333333,8.69,7.418333333333333
2026-01-19 08:00:00+00:00,t1,1,0.3566666666666667,0.44168317336622454,0.7786934209708529,0.964993182865729,0.621809413221861,0.3516666666666666,8.45,7.258333333333333
2026-01-19 08:00:00+00:00,t1,2,0.3566666666666667,0.37423231289126585,0.663771017778354,0.9752693487716197,0.6380866269626422,0.06333333333333334,8.73,7.258333333333333
2026-01-19 08:00:00+00:00,t2,1,0.2916666666666667,0.4916989251377477,0.779006695081863,0.960378960239679,0.621809413221861,0.38999999999999996,8.45,7.136666666666667
2026-01-19 08:00:00+00:00,t2,2,0.2916666666666667,0.38048226307149663,0.6640842918893641,0.9734347004861306,0.6380866269626422,0.05333333333333334,8.73,7.136666666666667
2026-01-19 09:00:00+00:00,t1,1,0.3133333333333333,0.31886125098270585,0.6932262109568098,0.9555830787028016,0.5595838549817422,0.375,7.96,7.041666666666667
2026-01-19 09:00:00+00:00,t1,2,0.3133333333333333,0.2837811359657849,0.6662748974059387,0.9600998149899624,0.621809413221861,0.08833333333333333,8.37,7.041666666666667
2026-01-19 09:00:00+00:00,t2,1,0.305,0.40724085148121386,0.6935394850678199,0.9517818855461329,0.5595838549817422,0.4383333333333333,7.96,7.2316666666666665
2026-01-19 09:00:00+00:00,t2,2,0.305,0.2902109009833273,0.6665881715169488,0.959278543474321,0.621809413221861,0.08666666666666667,8.37,7.2316666666666665
2026-01-19 10:00:00+00:00,t1,1,0.28833333333333333,0.2451318882852574,0.6864290289610098,0.9251031996413025,0.5595838549817422,0.23166666666666666,7.74,6.891666666666667
2026-01-19 10:00:00+00:00,t1,2,0.28833333333333333,0.2076337275563909,0.6431084046393883,0.9366087107171855,0.5595838549817422,0.05333333333333334,7.64,6.891666666666667
2026-01-19 10:00:00+00:00,t2,1,0.27999999999999997,0.27993938873948104,0.6867423030720199,0.9237312715292849,0.5595838549817422,0.25666666666666665,7.74,7.1866666666666665
2026-01-19 10:00:00+00:00,t2,2,0.27999999999999997,0.24100636111575902,0.6434216787503985,0.936497353468733,0.5595838549817422,0.05333333333333334,7.64,7.1866666666666665
2026-01-19 11:00:00+00:00,t1,1,0.2633333333333333,0.22971784534978149,0.6844791442869683,0.9296114066078441,0.533438938580799,0.16833333333333333,7.2,6.760000000000001
2026-01-19 11:00:00+00:00,t1,2,0.2633333333333333,0.19640848149092477,0.6529567074444189,0.9239753848023421,0.5595838549817422,0.03333333333333333,7.98,6.760000000000001
2026-01-19 11:00:00+00:00,t2,1,0.16833333333333333,0.24746431386115375,0.6820526795556054,0.9282210507088765,0.533438938580799,0.19499999999999998,7.2,6.43
2026-01-19 11:00:00+00:00,t2,2,0.16833333333333333,0.25150644933734945,0.653269981555429,0.9239312619836821,0.5595838549817422,0.04,7.98,6.43
2026-01-19 12:00:00+00:00,t1,1,0.22833333333333336,0.05362338099897,0.42052947865817303,0.6644658447878674,0.40783563748079876,0.12,6.11,6.585
2026-01-19 12:00:00+00:00,t1,2,0.22833333333333336,0.16337168262599272,0.6188192180423537,0.8995390914218424,0.533438938580799,0.01,7.07,6.585
2026-01-19 12:00:00+00:00,t2,1,0.30666666666666664,0.06580675087647432,0.4148265062145713,0.6640504541183088,0.40783563748079876,0.12833333333333333,6.11,7.185
2026-01-19 12:00:00+00:00,t2,2,0.30666666666666664,0.17963363766285415,0.6131162455987519,0.8995108381258334,0.533438938580799,0.01,7.07,7.185
2026-01-19 13:00:00+00:00,t1,1,0.4216666666666667,0.0,0.19073448259887674,0.42557101637623435,0.29666767038040753,0.19166666666666665,5.24,7.343333333333334
2026-01-19 13:00:00+00:00,t1,2,0.4216666666666667,0.03178355080541318,0.2631708375407609,0.5952596285191846,0.34551812937783266,0.01,5.77,7.343333333333334
2026-01-19 13:00:00+00:00,t2,1,0.4816666666666667,0.0,0.18585475322684297,0.4251717882807687,0.29666767038040753,0.18666666666666668,5.24,7.756666666666667
2026-01-19 13:00:00+00:00,t2,2,0.4816666666666667,0.04710327903666889,0.25829110816872713,0.5948442378496259,0.34551812937783266,0.013333333333333334,5.77,7.756666666666667
2026-01-19 14:00:00+00:00,t1,1,0.36166666666666664,0.0,0.18688457098422806,0.2810203456780567,0.24396644031099302,0.20333333333333334,4.66,7.056666666666666
2026-01-19 14:00:00+00:00,t1,2,0.36166666666666664,0.0,0.10325204837767611,0.4175299964080751,0.29666767038040753,0.028333333333333332,5.23,7.056666666666666
2026-01-19 14:00:00+00:00,t2,1,0.295,0.0,0.1820048416121943,0.28062111758259106,0.24396644031099302,0.18166666666666667,4.66,6.796666666666667
2026-01-19 14:00:00+00:00,t2,2,0.295,0.0,0.09837231900564239,0.4171307683126094,0.29666767038040753,0.03,5.23,6.796666666666667
2026-01-19 15:00:00+00:00,t1,1,0.32666666666666666,0.009535060561803336,0.17830643051640968,0.17830643051640968,0.17437129044610378,0.2916666666666667,3.97,6.738333333333333
2026-01-19 15:00:00+00:00,t1,2,0.32666666666666666,0.0,0.05766594508878903,0.2865331083728052,0.29666767038040753,0.013333333333333334,5.05,6.738333333333333
2026-01-19 15:00:00+00:00,t2,1,0.24833333333333332,0.009616372285553178,0.17342670114437592,0.17342670114437592,0.17437129044610378,0.24166666666666667,3.97,6.375
2026-01-19 15:00:00+00:00,t2,2,0.24833333333333332,0.0,0.05278621571675527,0.28613388027733955,0.29666767038040753,0.011666666666666667,5.05,6.375
2026-01-19 16:00:00+00:00,t1,1,0.03333333333333333,0.009535060561803336,0.1917862900765289,0.1917862900765289,0.1459803862401931,0.3066666666666667,3.38,3.5700000000000003
2026-01-19 16:00:00+00:00,t1,2,0.03333333333333333,0.0,0.09188181012014866,0.22112040720668438,0.20381297203510923,0.01,4.38,3.5700000000000003
2026-01-19 16:00:00+00:00,t2,1,0.018333333333333333,0.007530365590502236,0.18673651776835098,0.18673651776835098,0.1459803862401931,0.25333333333333335,3.38,2.9716666666666662
2026-01-19 16:00:00+00:00,t2,2,0.018333333333333333,0.0,0.08700208074811494,0.22072117911121877,0.20381297203510923,0.01,4.38,2.9716666666666662
2026-01-19 17:00:00+00:00,t1,1,0.07,0.009535060561803336,0.13914837667885036,0.1439349775190537,0.13303917357062492,0.31666666666666665,2.75,5.385000000000001
2026-01-19 17:00:00+00:00,t1,2,0.07,0.008871908369604055,0.08717235692811048,0.1525055587169037,0.17437129044610378,0.01,3.76,5.385000000000001
2026-01-19 17:00:00+00:00,t2,1,0.06,0.008684966650697996,0.13409860437067245,0.1435357494235881,0.13303917357062492,0.2916666666666667,2.75,5.235
2026-01-19 17:00:00+00:00,t2,2,0.06,0.007150714805596965,0.08229262755607676,0.15210633062143808,0.17437129044610378,0.01,3.76,5.235
2026-01-19 18:00:00+00:00,t1,1,0.015,0.009535060561803336,0.11044553070786985,0.15292210607251577,0.1459803862401931,0.225,3.01,2.5816666666666666
2026-01-19 18:00:00+00:00,t1,2,0.015,0.008871908369604055,0.1621029648103292,0.17532523686737608,0.17437129044610378,0.01,3.74,2.5816666666666666
2026-01-19 18:00:00+00:00,t2,1,0.02,0.0071635045969147175,0.10539575839969197,0.15252287797705016,0.1459803862401931,0.2333333333333333,3.01,3.171666666666667
2026-01-19 18:00:00+00:00,t2,2,0.02,0.0075681443088294244,0.159424096155741,0.17492600877191047,0.17437129044610378,0.01,3.74,3.171666666666667
2026-01-19 19:00:00+00:00,t1,1,0.01,0.009535060561803336,0.13063609984435462,0.1653439850006834,0.1459803862401931,0.3566666666666667,3.07,2.48
2026-01-19 19:00:00+00:00,t1,2,0.01,0.008871908369604055,0.2671690218229549,0.29260531359021785,0.17437129044610378,0.01,3.94,2.48
2026-01-19 19:00:00+00:00,t2,1,0.01,0.005578299781196463,0.12558632753617677,0.1649447569052178,0.1459803862401931,0.35000000000000003,3.07,2.17
2026-01-19 19:00:00+00:00,t2,2,0.01,0.0027924001632280357,0.26449015316836677,0.2922060854947522,0.17437129044610378,0.01,3.94,2.17
2026-01-19 20:00:00+00:00,t1,1,0.01,0.009535060561803336,0.13045537635810484,0.17273081040491303,0.1459803862401931,0.6150000000000001,3.02,1.3716666666666668
2026-01-19 20:00:00+00:00,t1,2,0.01,0.0,0.2651514621942798,0.35795492011817737,0.20381297203510923,0.01,4.12,1.3716666666666668
2026-01-19 20:00:00+00:00,t2,1,0.01,0.005406653097508182,0.12683957443210847,0.17233158230944742,0.1459803862401931,0.505,3.02,1.2
2026-01-19 20:00:00+00:00,t2,2,0.01,0.0,0.2624725935396917,0.3575556920227117,0.20381297203510923,0.01,4.12,1.2
2026-01-19 21:00:00+00:00,t1,1,0.01,0.009535060561803336,0.12874674460868885,0.2257664859865185,0.13303917357062492,0.535,2.8,2.183333333333333
2026-01-19 21:00:00+00:00,t1,2,0.01,0.0,0.20093117686838435,0.3631648959541153,0.20381297203510923,0.01,4.05,2.183333333333333
2026-01-19 21:00:00+00:00,t2,1,0.008333333333333333,0.00613519635674916,0.12513094268269254,0.22536725789105289,0.13303917357062492,0.5033333333333333,2.8,2.2833333333333337
2026-01-19 21:00:00+00:00,t2,2,0.008333333333333333,0.0,0.1960514474963506,0.3627656678586496,0.20381297203510923,0.01,4.05,2.2833333333333337
2026-01-19 22:00:00+00:00,t1,1,0.01,0.009535060561803336,0.10619134404216925,0.23775345327310504,0.10431543935643564,0.39166666666666666,2.07,0.9833333333333333
2026-01-19 22:00:00+00:00,t1,2,0.01,0.0,0.20681421183194323,0.3407545826491632,0.20381297203510923,0.01,4.03,0.9833333333333333
2026-01-19 22:00:00+00:00,t2,1,0.01,0.007887687534969134,0.10257554211617294,0.23735422517763943,0.10431543935643564,0.36999999999999994,2.07,1.0233333333333332
2026-01-19 22:00:00+00:00,t2,2,0.01,0.0,0.20193448245990947,0.34035535455369753,0.20381297203510923,0.01,4.03,1.0233333333333332
2026-01-19 23:00:00+00:00,t1,1,0.013333333333333334,0.009535060561803336,0.15563832377916734,0.2730148439847752,0.0898266827891979,0.3383333333333333,1.4,1.7833333333333332
2026-01-19 23:00:00+00:00,t1,2,0.013333333333333334,0.008871908369604055,0.2210937729531937,0.2804424314464725,0.17437129044610378,0.01,3.53,1.7833333333333332
2026-01-19 23:00:00+00:00,t2,1,0.011666666666666667,0.007771357112473671,0.15202252185317097,0.2732231495527545,0.0898266827891979,0.345,1.4,1.6716666666666666
2026-01-19 23:00:00+00:00,t2,2,0.011666666666666667,0.0,0.21621404358115995,0.28004320335100685,0.17437129044610378,0.01,3.53,1.6716666666666666
2026-01-20 00:00:00+00:00,t1,1,0.10833333333333334,0.009535060561803336,0.08933662604731771,0.29214273533469876,0.10431543935643564,0.47,2.1,5.308333333333334
2026-01-20 00:00:00+00:00,t1,2,0.10833333333333334,0.0,0.1015481006634873,0.23539278432247357,0.17437129044610378,0.01,3.54,5.308333333333334
2026-01-20 00:00:00+00:00,t2,1,0.075,0.007152473666462464,0.0857208241213214,0.29214273533469876,0.10431543935643564,0.5033333333333333,2.1,4.998333333333334
2026-01-20 00:00:00+00:00,t2,2,0.075,0.0007158657217983758,0.09666837129145357,0.234993556227008,0.17437129044610378,0.01,3.54,4.998333333333334
2026-01-20 01:00:00+00:00,t1,1,0.034999999999999996,0.009535060561803336,0.052823503902212486,0.14099215197137344,0.10344010868308474,0.34833333333333333,1.58,3.035
2026-01-20 01:00:00+00:00,t1,2,0.034999999999999996,0.008871908369604055,0.10604558093346081,0.15399484372809635,0.1459803862401931,0.013333333333333334,3.37,3.035
2026-01-20 01:00:00+00:00,t2,1,0.02,0.007908293775119606,0.04920770197621618,0.14064724117606656,0.10344010868308474,0.33666666666666667,1.58,2.538333333333333
2026-01-20 01:00:00+00:00,t2,2,0.02,0.00133715873967581,0.10099580862528294,0.15359561563263074,0.1459803862401931,0.01,3.37,2.538333333333333
2026-01-20 02:00:00+00:00,t1,1,0.01,0.009535060561803336,0.06432693361029838,0.16889304317549594,0.09097294306980487,0.135,1.0,1.2183333333333335
2026-01-20 02:00:00+00:00,t1,2,0.01,0.008871908369604055,0.10476200709482646,0.15532108788434987,0.13303917357062492,0.01,2.98,1.2183333333333335
2026-01-20 02:00:00+00:00,t2,1,0.01,0.007943606389113378,0.06385242352705289,0.16889304317549594,0.09097294306980487,0.13666666666666666,1.0,1.2666666666666666
2026-01-20 02:00:00+00:00,t2,2,0.01,0.0015451199590911608,0.10011378778702654,0.15532108788434987,0.13303917357062492,0.016666666666666666,2.98,1.2666666666666666
2026-01-20 03:00:00+00:00,t1,1,0.01,0.0,0.0,0.08495462245801194,0.09097294306980487,0.26666666666666666,0.7,2.266666666666667
2026-01-20 03:00:00+00:00,t1,2,0.01,0.008871908369604055,0.03722917840362196,0.19090138618229366,0.0898266827891979,0.011666666666666667,1.31,2.266666666666667
2026-01-20 03:00:00+00:00,t2,1,0.008333333333333333,0.0,0.0,0.08495462245801194,0.09097294306980487,0.21333333333333335,0.7,3.0666666666666664
2026-01-20 03:00:00+00:00,t2,2,0.008333333333333333,0.007437506430692376,0.03283987610893594,0.19050215808682805,0.0898266827891979,0.011666666666666667,1.31,3.0666666666666664
2026-01-20 04:00:00+00:00,t1,1,0.01,0.009535060561803336,0.03319726779606055,0.0490387243811027,0.10277016520894071,0.315,0.25,1.6533333333333333
2026-01-20 04:00:00+00:00,t1,2,0.01,0.008871908369604055,0.028790766142873094,0.12498859282560122,0.10277016520894071,0.09666666666666668,0.36,1.6533333333333333
2026-01-20 04:00:00+00:00,t2,1,0.008333333333333333,0.007944724281316632,0.032722757712815076,0.0490387243811027,0.10277016520894071,0.3116666666666667,0.25,1.9433333333333334
2026-01-20 04:00:00+00:00,t2,2,0.008333333333333333,0.007239000870848831,0.028316256059627624,0.12498859282560122,0.10277016520894071,0.085,0.36,1.9433333333333334
2026-01-20 05:00:00+00:00,t1,1,0.018333333333333333,0.009535060561803336,0.02253181101562335,0.02253181101562335,0.10344010868308474,0.33166666666666667,1.55,2.905
2026-01-20 05:00:00+00:00,t1,2,0.018333333333333333,0.0,0.0,0.03359601661827036,0.0898266827891979,0.051666666666666666,1.03,2.905
2026-01-20 05:00:00+00:00,t2,1,0.02,0.007630271956021775,0.022057300932377885,0.022057300932377885,0.10344010868308474,0.22666666666666668,1.55,2.9116666666666666
2026-01-20 05:00:00+00:00,t2,2,0.02,0.0,0.0,0.03359601661827036,0.0898266827891979,0.04666666666666667,1.03,2.9116666666666666
2026-01-20 06:00:00+00:00,t1,1,0.051666666666666666,0.0,0.04255787307179955,0.04255787307179955,0.13303917357062492,0.2866666666666667,2.61,4.8950000000000005
2026-01-20 06:00:00+00:00,t1,2,0.051666666666666666,0.008871908369604055,0.032419223322719515,0.0942023062856966,0.10344010868308474,0.15333333333333335,1.8,4.8950000000000005
2026-01-20 06:00:00+00:00,t2,1,0.06,0.0,0.042083362988554085,0.042083362988554085,0.13303917357062492,0.3016666666666667,2.61,5.1433333333333335
2026-01-20 06:00:00+00:00,t2,2,0.06,0.007295406865036968,0.03194471323947405,0.0942023062856966,0.10344010868308474,0.14333333333333334,1.8,5.1433333333333335
2026-01-20 07:00:00+00:00,t1,1,0.018333333333333333,0.009535060561803336,0.03717595961144424,0.03717595961144424,0.13303917357062492,0.36999999999999994,2.61,3.9683333333333333
2026-01-20 07:00:00+00:00,t1,2,0.018333333333333333,0.008871908369604055,0.02292729076036239,0.07545362735021355,0.10431543935643564,0.2333333333333333,2.18,3.9683333333333333
2026-01-20 07:00:00+00:00,t2,1,0.011666666666666667,0.007916544985043331,0.036701449528198773,0.036701449528198773,0.13303917357062492,0.3333333333333333,2.61,3.763333333333333
2026-01-20 07:00:00+00:00,t2,2,0.011666666666666667,0.0073626581432707835,0.02245278067711693,0.07545362735021355,0.10431543935643564,0.2383333333333333,2.18,3.763333333333333
2026-01-20 08:00:00+00:00,t1,1,0.03,0.009535060561803336,0.038881685896436244,0.038881685896436244,0.13303917357062492,0.3566666666666667,2.79,4.126666666666666
2026-01-20 08:00:00+00:00,t1,2,0.03,0.008871908369604055,0.039382743248785414,0.0712979434412982,0.13303917357062492,0.3516666666666666,2.96,4.126666666666666
2026-01-20 08:00:00+00:00,t2,1,0.03333333333333333,0.008125722575617307,0.03840717581319078,0.03840717581319078,0.13303917357062492,0.2916666666666667,2.79,4.405
2026-01-20 08:00:00+00:00,t2,2,0.03333333333333333,0.007025476027168092,0.03890823316553995,0.0712979434412982,0.13303917357062492,0.38999999999999996,2.96,4.405
2026-01-20 09:00:00+00:00,t1,1,0.09333333333333334,0.009535060561803336,0.03528413543534791,0.03528413543534791,0.13303917357062492,0.3133333333333333,2.57,5.183333333333334
2026-01-20 09:00:00+00:00,t1,2,0.09333333333333334,0.008871908369604055,0.052408248884510227,0.052408248884510227,0.13303917357062492,0.375,2.68,5.183333333333334
2026-01-20 09:00:00+00:00,t2,1,0.08333333333333333,0.00865140671949983,0.03480962535210245,0.03480962535210245,0.13303917357062492,0.305,2.57,5.266666666666667
2026-01-20 09:00:00+00:00,t2,2,0.08333333333333333,0.00787740473845948,0.051087370700238645,0.051087370700238645,0.13303917357062492,0.4383333333333333,2.68,5.266666666666667
2026-01-20 10:00:00+00:00,t1,1,0.034999999999999996,0.009535060561803336,0.021558069641332715,0.0527062024382458,0.10431543935643564,0.28833333333333333,2.3,4.413333333333333
2026-01-20 10:00:00+00:00,t1,2,0.034999999999999996,0.008871908369604055,0.02078717459909771,0.0496125066518365,0.13303917357062492,0.23166666666666666,2.67,4.413333333333333
2026-01-20 10:00:00+00:00,t2,1,0.04,0.009277953700322328,0.021083559558087255,0.0527062024382458,0.10431543935643564,0.27999999999999997,2.3,4.58
2026-01-20 10:00:00+00:00,t2,2,0.04,0.0077790740920714915,0.020312664515852247,0.0496125066518365,0.13303917357062492,0.25666666666666665,2.67,4.58
2026-01-20 11:00:00+00:00,t1,1,0.013333333333333334,0.0010398547919790839,0.014483823343434711,0.014483823343434711,0.10431543935643564,0.2633333333333333,2.39,2.8466666666666662
2026-01-20 11:00:00+00:00,t1,2,0.013333333333333334,0.008871908369604055,0.06061988118682837,0.06061988118682837,0.1459803862401931,0.16833333333333333,3.48,2.8466666666666662
2026-01-20 11:00:00+00:00,t2,1,0.016666666666666666,0.0008056317099893464,0.013162945159163133,0.013162945159163133,0.10431543935643564,0.16833333333333333,2.39,3.025
2026-01-20 11:00:00+00:00,t2,2,0.016666666666666666,0.007987310059990144,0.05929900300255679,0.06310640040961112,0.1459803862401931,0.19499999999999998,3.48,3.025
2026-01-20 12:00:00+00:00,t1,1,0.01,0.009535060561803336,0.015243116336646446,0.018300384868690865,0.10344010868308474,0.22833333333333336,1.99,2.5683333333333334
2026-01-20 12:00:00+00:00,t1,2,0.01,0.008871908369604055,0.03373754877439837,0.03373754877439837,0.10431543935643564,0.12,2.12,2.5683333333333334
2026-01-20 12:00:00+00:00,t2,1,0.008333333333333333,0.008816496959224348,0.013922238152374861,0.018300384868690865,0.10344010868308474,0.30666666666666664,1.99,2.215
2026-01-20 12:00:00+00:00,t2,2,0.008333333333333333,0.008109151658776176,0.03241667059012679,0.03269217849897156,0.10431543935643564,0.12833333333333333,2.12,2.215
2026-01-20 13:00:00+00:00,t1,1,0.01,0.0,0.07866945761638845,0.07866945761638845,0.0898266827891979,0.4216666666666667,1.43,1.7316666666666667
2026-01-20 13:00:00+00:00,t1,2,0.01,0.008871908369604055,0.036642692641321216,0.04177109023240953,0.0898266827891979,0.19166666666666665,1.46,1.7316666666666667
2026-01-20 13:00:00+00:00,t2,1,0.01,0.0,0.07694702643173891,0.07694702643173891,0.0898266827891979,0.4816666666666667,1.43,1.125
2026-01-20 13:00:00+00:00,t2,2,0.01,0.008027269421295167,0.033026890715324886,0.04177109023240953,0.0898266827891979,0.18666666666666668,1.46,1.125
2026-01-20 14:00:00+00:00,t1,1,0.01,0.009535060561803336,0.07468833143113437,0.07468833143113437,0.0898266827891979,0.36166666666666664,1.04,0.9583333333333334
2026-01-20 14:00:00+00:00,t1,2,0.01,0.008871908369604055,0.08203178283734223,0.08203178283734223,0.10344010868308474,0.20333333333333334,1.73,0.9583333333333334
2026-01-20 14:00:00+00:00,t2,1,0.01,0.008685824246068312,0.07107252950513807,0.07107252950513807,0.0898266827891979,0.295,1.04,0.52
2026-01-20 14:00:00+00:00,t2,2,0.01,0.008015452757827184,0.07841598091134593,0.07841598091134593,0.10344010868308474,0.18166666666666667,1.73,0.52
2026-01-20 15:00:00+00:00,t1,1,0.01,0.009535060561803336,0.08208352071319563,0.08208352071319563,0.10344010868308474,0.32666666666666666,1.61,0.7966666666666667
2026-01-20 15:00:00+00:00,t1,2,0.01,0.008871908369604055,0.09004866152304124,0.09004866152304124,0.10431543935643564,0.2916666666666667,2.41,0.7966666666666667
2026-01-20 15:00:00+00:00,t2,1,0.01,0.008700631051095144,0.07846771878719933,0.07846771878719933,0.10344010868308474,0.24833333333333332,1.61,0.6066666666666666
2026-01-20 15:00:00+00:00,t2,2,0.01,0.007949364682826974,0.08643285959704493,0.08643285959704493,0.10431543935643564,0.24166666666666667,2.41,0.6066666666666666
2026-01-20 16:00:00+00:00,t1,1,0.01,0.009535060561803336,0.08257115059857585,0.147783288890836,0.13303917357062492,0.03333333333333333,2.87,2.0616666666666665
2026-01-20 16:00:00+00:00,t1,2,0.01,0.008871908369604055,0.03451556359351353,0.16227570547966444,0.1459803862401931,0.3066666666666667,3.11,2.0616666666666665
2026-01-20 16:00:00+00:00,t2,1,0.01,0.009175123612334116,0.07895534867257954,0.14761828387736012,0.13303917357062492,0.018333333333333333,2.87,1.3383333333333336
2026-01-20 16:00:00+00:00,t2,2,0.01,0.008341963458165192,0.030899761667517216,0.16898276082851174,0.1459803862401931,0.25333333333333335,3.11,1.3383333333333336
2026-01-20 17:00:00+00:00,t1,1,0.041666666666666664,0.0,0.12635024955193808,0.2978895743626937,0.24396644031099302,0.07,4.6,4.476666666666667
2026-01-20 17:00:00+00:00,t1,2,0.041666666666666664,0.0,0.1011009059667269,0.2406324988363344,0.20381297203510923,0.31666666666666665,4.31,4.476666666666667
2026-01-20 17:00:00+00:00,t2,1,0.034999999999999996,0.0,0.12264964788151576,0.2975446635673868,0.24396644031099302,0.06,4.6,4.6033333333333335
2026-01-20 17:00:00+00:00,t2,2,0.034999999999999996,0.0,0.09748510404073059,0.24038211318025163,0.20381297203510923,0.2916666666666667,4.31,4.6033333333333335
2026-01-20 18:00:00+00:00,t1,1,0.18333333333333335,0.0019736067798476163,0.20684408049288588,0.5114168370116963,0.24396644031099302,0.015,4.61,6.405
2026-01-20 18:00:00+00:00,t1,2,0.18333333333333335,0.008730419949607097,0.2929867539913575,0.5480794274916645,0.29666767038040753,0.225,5.45,6.405
2026-01-20 18:00:00+00:00,t2,1,0.16,0.011723036121769927,0.20590835901183915,0.5110014463421376,0.24396644031099302,0.02,4.61,6.285
2026-01-20 18:00:00+00:00,t2,2,0.16,0.009478147656192919,0.2905162545630545,0.5471361583369151,0.29666767038040753,0.2333333333333333,5.45,6.285
2026-01-20 19:00:00+00:00,t1,1,0.2733333333333333,0.07320502564246646,0.41170931949809497,0.7389035308989398,0.40783563748079876,0.01,6.07,6.823333333333333
2026-01-20 19:00:00+00:00,t1,2,0.2733333333333333,0.0806719834096061,0.4351287584225768,0.7473076212539971,0.34551812937783266,0.3566666666666667,5.6,6.823333333333333
2026-01-20 19:00:00+00:00,t2,1,0.26333333333333336,0.089586491018588,0.4088813017663542,0.7379087658025849,0.40783563748079876,0.01,6.07,6.88
2026-01-20 19:00:00+00:00,t2,2,0.26333333333333336,0.10621163747693194,0.43419303694153016,0.7468404140765842,0.34551812937783266,0.35000000000000003,5.6,6.88
2026-01-20 20:00:00+00:00,t1,1,0.26,0.21316096915544286,0.5904045136458917,0.8879204064020343,0.46587952084773093,0.01,6.59,6.716666666666666
2026-01-20 20:00:00+00:00,t1,2,0.26,0.1388920928764901,0.5445154634307436,0.8758120783339878,0.40783563748079876,0.6150000000000001,6.05,6.716666666666666
2026-01-20 20:00:00+00:00,t2,1,0.2966666666666667,0.22820229479544268,0.5875764959141508,0.8846567190288862,0.46587952084773093,0.01,6.59,7.07
2026-01-20 20:00:00+00:00,t2,2,0.2966666666666667,0.12249964683593434,0.5413269002715044,0.8735207048511361,0.40783563748079876,0.505,6.05,7.07
2026-01-20 21:00:00+00:00,t1,1,0.39166666666666666,0.47912924345133456,0.7138973441526879,0.9936496414972054,0.533438938580799,0.01,7.26,7.266666666666667
2026-01-20 21:00:00+00:00,t1,2,0.39166666666666666,0.41163757990247424,0.6453251564254525,0.9735713299393414,0.46587952084773093,0.535,6.85,7.266666666666667
2026-01-20 21:00:00+00:00,t2,1,0.44,0.4267484134725729,0.7107087809934487,0.987693602983887,0.533438938580799,0.008333333333333333,7.26,7.68
2026-01-20 21:00:00+00:00,t2,2,0.44,0.26320578760937346,0.6421365932662133,0.9695046012159592,0.46587952084773093,0.5033333333333333,6.85,7.68
2026-01-20 22:00:00+00:00,t1,1,0.6733333333333333,0.6025421142903925,0.8617192436245735,1.0,0.5595838549817422,0.01,7.99,8.885
2026-01-20 22:00:00+00:00,t1,2,0.6733333333333333,0.48704329972913973,0.7989253780910808,1.0,0.533438938580799,0.39166666666666666,7.47,8.885
2026-01-20 22:00:00+00:00,t2,1,0.6516666666666667,0.5019282283350943,0.8585306804653343,1.0,0.5595838549817422,0.01,7.99,8.881666666666666
2026-01-20 22:00:00+00:00,t2,2,0.6516666666666667,0.4061585182217309,0.7957368149318416,1.0,0.533438938580799,0.36999999999999994,7.47,8.881666666666666
2026-01-20 23:00:00+00:00,t1,1,0.8016666666666667,0.7497045484813354,0.8668603013795987,1.0,0.6380866269626422,0.013333333333333334,8.61,9.678333333333333
2026-01-20 23:00:00+00:00,t1,2,0.8016666666666667,0.6879510856086501,0.8714262351965449,1.0,0.5595838549817422,0.3383333333333333,7.98,9.678333333333333
2026-01-20 23:00:00+00:00,t2,1,0.835,0.6376331727986178,0.8664114770627325,1.0,0.6380866269626422,0.011666666666666667,8.61,10.095
2026-01-20 23:00:00+00:00,t2,2,0.835,0.5785279754128377,0.8682376720373057,1.0,0.5595838549817422,0.345,7.98,10.095
2026-01-21 00:00:00+00:00,t1,1,0.9466666666666667,0.7626219312138538,0.9042926915419667,1.0,0.6380866269626422,0.10833333333333334,8.77,10.386666666666667
2026-01-21 00:00:00+00:00,t1,2,0.9466666666666667,0.7573484282895104,0.8652895149297911,1.0,0.6886657154935532,0.47,9.09,10.386666666666667
2026-01-21 00:00:00+00:00,t2,1,0.945,0.6798990972587855,0.9038438672251005,1.0,0.6380866269626422,0.075,8.77,10.601666666666667
2026-01-21 00:00:00+00:00,t2,2,0.945,0.63117317846874,0.8648406906129249,1.0,0.6886657154935532,0.5033333333333333,9.09,10.601666666666667
2026-01-21 01:00:00+00:00,t1,1,0.8866666666666667,0.7451716059001732,0.8867175427812252,1.0,0.6380866269626422,0.034999999999999996,8.71,11.138333333333334
2026-01-21 01:00:00+00:00,t1,2,0.8866666666666667,0.7520351818987159,0.8762952576775094,1.0,0.6380866269626422,0.34833333333333333,8.78,11.138333333333334
2026-01-21 01:00:00+00:00,t2,1,0.8866666666666667,0.6346144045244915,0.886268718464359,1.0,0.6380866269626422,0.02,8.71,11.245
2026-01-21 01:00:00+00:00,t2,2,0.8866666666666667,0.6538920580075052,0.8758464333606432,1.0,0.6380866269626422,0.33666666666666667,8.78,11.245
2026-01-21 02:00:00+00:00,t1,1,0.9933333333333333,0.7726932194983978,0.8961701960430604,1.0,0.6380866269626422,0.01,8.91,13.01
2026-01-21 02:00:00+00:00,t1,2,0.9933333333333333,0.7712217612005234,0.8707307838627695,1.0,0.6380866269626422,0.135,8.89,13.01
2026-01-21 02:00:00+00:00,t2,1,0.9816666666666666,0.6864401879957144,0.8961229247265722,1.0,0.6380866269626422,0.01,8.91,13.366666666666667
2026-01-21 02:00:00+00:00,t2,2,0.9816666666666666,0.6823995425824589,0.8706835125462813,1.0,0.6380866269626422,0.13666666666666666,8.89,13.366666666666667
2026-01-21 03:00:00+00:00,t1,1,0.9899999999999999,0.7600876824936054,0.8649644048106904,1.0,0.6380866269626422,0.01,8.86,12.323333333333332
2026-01-21 03:00:00+00:00,t1,2,0.9899999999999999,0.7664784847400394,0.8973614920161732,1.0,0.6380866269626422,0.26666666666666666,8.8,12.323333333333332
2026-01-21 03:00:00+00:00,t2,1,0.9866666666666667,0.7031616070039579,0.8649171334942022,1.0,0.6380866269626422,0.008333333333333333,8.86,12.635
2026-01-21 03:00:00+00:00,t2,2,0.9866666666666667,0.7177922007530035,0.897314220699685,1.0,0.6380866269626422,0.21333333333333335,8.8,12.635
2026-01-21 04:00:00+00:00,t1,1,0.9899999999999999,0.6980230175743924,0.8498873027389187,1.0,0.6380866269626422,0.01,8.71,12.515
2026-01-21 04:00:00+00:00,t1,2,0.9899999999999999,0.7602875805830558,0.8594682810977542,1.0,0.6886657154935532,0.315,9.08,12.515
2026-01-21 04:00:00+00:00,t2,1,0.9899999999999999,0.6093531785807319,0.8498400314224305,1.0,0.6380866269626422,0.008333333333333333,8.71,12.593333333333334
2026-01-21 04:00:00+00:00,t2,2,0.9899999999999999,0.6305052262136854,0.856681270938893,1.0,0.6886657154935532,0.3116666666666667,9.08,12.593333333333334
2026-01-21 05:00:00+00:00,t1,1,0.9466666666666667,0.7010293256358657,0.853896386689218,1.0,0.751884164222874,0.018333333333333333,10.02,10.963333333333333
2026-01-21 05:00:00+00:00,t1,2,0.9466666666666667,0.7413235882456772,0.8868114229329794,1.0,0.6886657154935532,0.33166666666666667,9.4,10.963333333333333
2026-01-21 05:00:00+00:00,t2,1,0.9333333333333332,0.681474397388421,0.8511093765303568,1.0,0.751884164222874,0.02,10.02,11.121666666666668
2026-01-21 05:00:00+00:00,t2,2,0.9333333333333332,0.6922030664020307,0.8840244127741183,1.0,0.6886657154935532,0.22666666666666668,9.4,11.121666666666668
2026-01-21 06:00:00+00:00,t1,1,0.9899999999999999,0.7384232928503922,0.8729425926832465,1.0,0.7513208481965913,0.051666666666666666,10.88,12.649999999999999
2026-01-21 06:00:00+00:00,t1,2,0.9899999999999999,0.7814157377783839,0.8950621257162868,1.0,0.6886657154935532,0.2866666666666667,9.17,12.649999999999999
2026-01-21 06:00:00+00:00,t2,1,0.9883333333333333,0.695800218449121,0.8701555825243853,1.0,0.7513208481965913,0.06,10.88,13.011666666666665
2026-01-21 06:00:00+00:00,t2,2,0.9883333333333333,0.7065991603850579,0.8950148543997987,1.0,0.6886657154935532,0.3016666666666667,9.17,13.011666666666665
2026-01-21 07:00:00+00:00,t1,1,0.9899999999999999,0.7510494366934746,0.9147379992164494,1.0,0.7036149602258147,0.018333333333333333,9.93,12.601666666666667
2026-01-21 07:00:00+00:00,t1,2,0.9899999999999999,0.7420144682897156,0.8770300420827214,1.0,0.7036149602258147,0.36999999999999994,9.67,12.601666666666667
2026-01-21 07:00:00+00:00,t2,1,0.9899999999999999,0.7806935584006935,0.9146907278999612,1.0,0.7036149602258147,0.011666666666666667,9.93,13.086666666666666
2026-01-21 07:00:00+00:00,t2,2,0.9899999999999999,0.7348445825679883,0.8769827707662332,1.0,0.7036149602258147,0.3333333333333333,9.67,13.086666666666666
2026-01-21 08:00:00+00:00,t1,1,0.9883333333333333,0.8224320205007979,0.9237852100144158,1.0,0.751884164222874,0.03,10.15,12.428333333333333
2026-01-21 08:00:00+00:00,t1,2,0.9883333333333333,0.8166334561611728,0.9729966285281375,1.0,0.7513208481965913,0.3566666666666667,10.71,12.428333333333333
2026-01-21 08:00:00+00:00,t2,1,0.9899999999999999,0.8255662299125666,0.9237379386979276,1.0,0.751884164222874,0.03333333333333333,10.15,12.656666666666666
2026-01-21 08:00:00+00:00,t2,2,0.9899999999999999,0.8518295335904138,0.9729493572116493,1.0,0.7513208481965913,0.2916666666666667,10.71,12.656666666666666
2026-01-21 09:00:00+00:00,t1,1,0.9883333333333333,0.8183968964484426,1.0,1.0,0.7036149602258147,0.09333333333333334,9.95,11.888333333333334
2026-01-21 09:00:00+00:00,t1,2,0.9883333333333333,0.743457115993462,1.0,1.0,0.7036149602258147,0.3133333333333333,9.83,11.888333333333334
2026-01-21 09:00:00+00:00,t2,1,0.9866666666666667,0.7535098467465856,1.0,1.0,0.7036149602258147,0.08333333333333333,9.95,12.186666666666667
2026-01-21 09:00:00+00:00,t2,2,0.9866666666666667,0.8478804926659314,1.0,1.0,0.7036149602258147,0.305,9.83,12.186666666666667
2026-01-21 10:00:00+00:00,t1,1,0.9583333333333334,0.786575725165251,0.9471301950106078,1.0,0.6886657154935532,0.034999999999999996,9.36,11.121666666666668
2026-01-21 10:00:00+00:00,t1,2,0.9583333333333334,0.698072800461498,1.0,1.0,0.7036149602258147,0.28833333333333333,9.51,11.121666666666668
2026-01-21 10:00:00+00:00,t2,1,0.975,0.7432764179889582,0.9470829236941196,1.0,0.6886657154935532,0.04,9.36,11.556666666666667
2026-01-21 10:00:00+00:00,t2,2,0.975,0.6718709991557703,1.0,1.0,0.7036149602258147,0.27999999999999997,9.51,11.556666666666667
2026-01-21 11:00:00+00:00,t1,1,0.9883333333333333,0.638716787243261,0.9407706408038896,1.0,0.621809413221861,0.013333333333333334,8.33,11.678333333333333
2026-01-21 11:00:00+00:00,t1,2,0.9883333333333333,0.6132052359216207,0.9309558520329541,1.0,0.6380866269626422,0.2633333333333333,8.64,11.678333333333333
2026-01-21 11:00:00+00:00,t2,1,0.985,0.7015952763216504,0.9407233694874014,1.0,0.621809413221861,0.016666666666666666,8.33,11.831666666666665
2026-01-21 11:00:00+00:00,t2,2,0.985,0.597224272800372,0.9309085807164659,1.0,0.6380866269626422,0.16833333333333333,8.64,11.831666666666665
2026-01-21 12:00:00+00:00,t1,1,0.98,0.584431037256971,0.8861720365366633,1.0,0.533438938580799,0.01,7.2,11.733333333333334
2026-01-21 12:00:00+00:00,t1,2,0.98,0.5932240377505962,0.9132730405703516,1.0,0.621809413221861,0.22833333333333336,8.03,11.733333333333334
2026-01-21 12:00:00+00:00,t2,1,0.9866666666666667,0.5938339549847155,0.8833850263778021,1.0,0.533438938580799,0.008333333333333333,7.2,11.775
2026-01-21 12:00:00+00:00,t2,2,0.9866666666666667,0.6211106615462856,0.9104860304114905,1.0,0.621809413221861,0.30666666666666664,8.03,11.775
2026-01-21 13:00:00+00:00,t1,1,0.36166666666666664,0.44862552476972695,0.870788643508826,0.999937819401137,0.40783563748079876,0.01,6.33,6.636666666666667
2026-01-21 13:00:00+00:00,t1,2,0.36166666666666664,0.5369841308638776,0.84812046839191,1.0,0.533438938580799,0.4216666666666667,7.32,6.636666666666667
2026-01-21 13:00:00+00:00,t2,1,0.2816666666666667,0.39184520417288765,0.8663984740654237,0.995683450068882,0.40783563748079876,0.01,6.33,6.234999999999999
2026-01-21 13:00:00+00:00,t2,2,0.2816666666666667,0.5113902888568556,0.8476584216503579,1.0,0.533438938580799,0.4816666666666667,7.32,6.234999999999999
2026-01-21 14:00:00+00:00,t1,1,0.06,0.4166190837414892,0.7560811497140754,0.9698178637612267,0.46587952084773093,0.01,6.7,4.088333333333334
2026-01-21 14:00:00+00:00,t1,2,0.06,0.5394013710084862,0.8267720494897063,1.0,0.621809413221861,0.36166666666666664,8.04,4.088333333333334
2026-01-21 14:00:00+00:00,t2,1,0.05333333333333334,0.3403664514358508,0.751690980270673,0.9661976827077291,0.46587952084773093,0.01,6.7,4.341666666666666
2026-01-21 14:00:00+00:00,t2,2,0.05333333333333334,0.48181930094600484,0.8263100027481541,1.0,0.621809413221861,0.295,8.04,4.341666666666666
2026-01-21 15:00:00+00:00,t1,1,0.21666666666666667,0.4243119899698726,0.7738252039517596,0.9830105333099548,0.5595838549817422,0.01,7.87,6.185
2026-01-21 15:00:00+00:00,t1,2,0.21666666666666667,0.5842444262588509,0.7938988842457609,1.0,0.6380866269626422,0.32666666666666666,8.93,6.185
2026-01-21 15:00:00+00:00,t2,1,0.17166666666666666,0.3664331416136783,0.7694350345083573,0.979364950476782,0.5595838549817422,0.01,7.87,5.873333333333334
2026-01-21 15:00:00+00:00,t2,2,0.17166666666666666,0.45499607790950153,0.7934368375042088,1.0,0.6380866269626422,0.24833333333333332,8.93,5.873333333333334
2026-01-21 16:00:00+00:00,t1,1,0.18666666666666668,0.42194761557340593,0.8244967336372967,0.9999168987002588,0.621809413221861,0.01,8.43,6.101666666666667
2026-01-21 16:00:00+00:00,t1,2,0.18666666666666668,0.6420934762115293,0.8218272980860328,1.0,0.6886657154935532,0.03333333333333333,9.24,6.101666666666667
2026-01-21 16:00:00+00:00,t2,1,0.19999999999999998,0.39819457212564546,0.8201065641938944,0.996880406186382,0.621809413221861,0.01,8.43,6.07
2026-01-21 16:00:00+00:00,t2,2,0.19999999999999998,0.533885132834838,0.8213652513444807,1.0,0.6886657154935532,0.018333333333333333,9.24,6.07
2026-01-21 17:00:00+00:00,t1,1,0.17833333333333334,0.38553905856343534,0.8092161131919792,1.0,0.621809413221861,0.041666666666666664,8.41,5.8133333333333335
2026-01-21 17:00:00+00:00,t1,2,0.17833333333333334,0.45568095478086107,0.8259558399953076,1.0,0.5595838549817422,0.07,7.91,5.8133333333333335
2026-01-21 17:00:00+00:00,t2,1,0.15833333333333333,0.39274176350134066,0.8073200960682455,1.0,0.621809413221861,0.034999999999999996,8.41,5.691666666666666
2026-01-21 17:00:00+00:00,t2,2,0.15833333333333333,0.4332911855436547,0.8254937932537555,1.0,0.5595838549817422,0.06,7.91,5.691666666666666
2026-01-21 18:00:00+00:00,t1,1,0.3283333333333333,0.3441920889204197,0.7791698373563258,0.9906600760219215,0.621809413221861,0.18333333333333335,8.39,7.1433333333333335
2026-01-21 18:00:00+00:00,t1,2,0.3283333333333333,0.6534028271488377,0.8250459662208967,1.0,0.6380866269626422,0.015,8.72,7.1433333333333335
2026-01-21 18:00:00+00:00,t2,1,0.315,0.34549649580575453,0.7806069700956983,0.9884498443786088,0.621809413221861,0.16,8.39,7.145
2026-01-21 18:00:00+00:00,t2,2,0.315,0.49495103878480723,0.8245839194793445,1.0,0.6380866269626422,0.02,8.72,7.145
2026-01-21 19:00:00+00:00,t1,1,0.44,0.35354746153132033,0.7914331413851614,0.9844506900724217,0.5595838549817422,0.2733333333333333,7.94,7.455000000000001
2026-01-21 19:00:00+00:00,t1,2,0.44,0.579869955022245,0.8615095337950692,1.0,0.621809413221861,0.01,8.21,7.455000000000001
2026-01-21 19:00:00+00:00,t2,1,0.4749999999999999,0.3560661454573592,0.7928702741245339,0.9821147038907128,0.5595838549817422,0.26333333333333336,7.94,7.721666666666667
2026-01-21 19:00:00+00:00,t2,2,0.4749999999999999,0.4902707165789116,0.8610474870535171,1.0,0.621809413221861,0.01,8.21,7.721666666666667
2026-01-21 20:00:00+00:00,t1,1,0.5483333333333333,0.3600743741952508,0.7472585514234499,0.9950303256836059,0.5595838549817422,0.26,7.91,7.773333333333333
2026-01-21 20:00:00+00:00,t1,2,0.5483333333333333,0.46601693580458337,0.8338372252018638,1.0,0.5595838549817422,0.01,7.76,7.773333333333333
2026-01-21 20:00:00+00:00,t2,1,0.52,0.31991967675156663,0.7408416215623543,0.9918103703237646,0.5595838549817422,0.2966666666666667,7.91,7.838333333333334
2026-01-21 20:00:00+00:00,t2,2,0.52,0.390007696901132,0.8333751784603116,1.0,0.5595838549817422,0.01,7.76,7.838333333333334
2026-01-21 21:00:00+00:00,t1,1,0.3983333333333334,0.14188648707867876,0.552816954455185,0.9347174448227046,0.46587952084773093,0.39166666666666666,6.99,6.883333333333333
2026-01-21 21:00:00+00:00,t1,2,0.3983333333333334,0.3690016102272614,0.7049565562299865,0.9993241105636153,0.533438938580799,0.01,7.02,6.883333333333333
2026-01-21 21:00:00+00:00,t2,1,0.385,0.0835262256993413,0.5485312858164476,0.9327022269910825,0.46587952084773093,0.44,6.99,6.916666666666667
2026-01-21 21:00:00+00:00,t2,2,0.385,0.2937889179159702,0.6960454740492223,0.9947333694197605,0.533438938580799,0.008333333333333333,7.02,6.916666666666667
2026-01-21 22:00:00+00:00,t1,1,0.4566666666666667,0.016115348237353493,0.37381533056269745,0.8289795891507451,0.29666767038040753,0.6733333333333333,5.27,7.258333333333333
2026-01-21 22:00:00+00:00,t1,2,0.4566666666666667,0.06167821540274522,0.46310897207739765,0.9104226811193132,0.24396644031099302,0.01,4.9,7.258333333333333
2026-01-21 22:00:00+00:00,t2,1,0.4283333333333334,0.0,0.37104313308982523,0.8279458251670463,0.29666767038040753,0.6516666666666667,5.27,7.343333333333334
2026-01-21 22:00:00+00:00,t2,2,0.4283333333333334,0.0667522648176287,0.4621666387698451,0.9088444679280393,0.24396644031099302,0.01,4.9,7.343333333333334
2026-01-21 23:00:00+00:00,t1,1,0.27499999999999997,0.014961929679765243,0.1697290476094482,0.575560580666058,0.10431543935643564,0.8016666666666667,2.46,6.576666666666667
2026-01-21 23:00:00+00:00,t1,2,0.27499999999999997,0.008871908369604055,0.11165000508192939,0.6759156261445051,0.0898266827891979,0.013333333333333334,1.3,6.576666666666667
2026-01-21 23:00:00+00:00,t2,1,0.15166666666666667,0.009236835004486356,0.1695010847932415,0.5751613525705923,0.10431543935643564,0.835,2.46,5.801666666666667
2026-01-21 23:00:00+00:00,t2,2,0.15166666666666667,0.004312412548088152,0.11305676659304136,0.6735715177679638,0.0898266827891979,0.011666666666666667,1.3,5.801666666666667
2026-01-22 00:00:00+00:00,t1,1,0.43166666666666664,0.009535060561803336,0.1586688188062509,0.4190402668526388,0.0898266827891979,0.9466666666666667,1.11,7.513333333333333
2026-01-22 00:00:00+00:00,t1,2,0.43166666666666664,0.0,0.16672023050502793,0.6871249352859322,0.09097294306980487,0.10833333333333334,0.67,7.513333333333333
2026-01-22 00:00:00+00:00,t2,1,0.29833333333333334,0.007007318196110954,0.15809932108196179,0.4190402668526388,0.0898266827891979,0.945,1.11,6.976666666666667
2026-01-22 00:00:00+00:00,t2,2,0.29833333333333334,0.01015980818948494,0.16616128206253628,0.685285221558017,0.09097294306980487,0.075,0.67,6.976666666666667
2026-01-22 01:00:00+00:00,t1,1,0.09499999999999999,0.0,0.1978894536319773,0.45588146705167054,0.29666767038040753,0.8866666666666667,5.26,3.5133333333333336
2026-01-22 01:00:00+00:00,t1,2,0.09499999999999999,0.008871908369604055,0.1644019920202601,0.5917487082114588,0.0898266827891979,0.034999999999999996,1.01,3.5133333333333336
2026-01-22 01:00:00+00:00,t2,1,0.09000000000000001,0.0,0.1961994592693569,0.4554822389562049,0.29666767038040753,0.8866666666666667,5.26,4.361666666666666
2026-01-22 01:00:00+00:00,t2,2,0.09000000000000001,0.006920227861962039,0.16384304357776844,0.5909491673097497,0.0898266827891979,0.02,1.01,4.361666666666666
2026-01-22 02:00:00+00:00,t1,1,0.03333333333333333,0.009535060561803336,0.13607708420614295,0.4060558356916654,0.1459803862401931,0.9933333333333333,3.01,3.73
2026-01-22 02:00:00+00:00,t1,2,0.03333333333333333,0.008871908369604055,0.1877343828620907,0.5457044557758887,0.0898266827891979,0.01,1.18,3.73
2026-01-22 02:00:00+00:00,t2,1,0.02666666666666667,0.006605220948661877,0.13271677927617695,0.40582161260967564,0.1459803862401931,0.9816666666666666,3.01,3.841666666666667
2026-01-22 02:00:00+00:00,t2,2,0.02666666666666667,0.007589168432793241,0.1872598727788452,0.545426101694149,0.0898266827891979,0.01,1.18,3.841666666666667
2026-01-22 03:00:00+00:00,t1,1,0.01,0.009535060561803336,0.0906727478558526,0.35059703031845457,0.13303917357062492,0.9899999999999999,2.79,2.3249999999999997
2026-01-22 03:00:00+00:00,t1,2,0.01,0.008871908369604055,0.12004903314075284,0.4019797620560505,0.10344010868308474,0.01,1.51,2.3249999999999997
2026-01-22 03:00:00+00:00,t2,1,0.01,0.0,0.08799023850165628,0.3504699498217572,0.13303917357062492,0.9866666666666667,2.79,2.123333333333333
2026-01-22 03:00:00+00:00,t2,2,0.01,0.006254014093713673,0.11957452305750738,0.4019797620560505,0.10344010868308474,0.008333333333333333,1.51,2.123333333333333
2026-01-22 04:00:00+00:00,t1,1,0.03333333333333333,0.0,0.23224098859241382,0.7436872487731796,0.34551812937783266,0.9899999999999999,5.63,3.0583333333333336
2026-01-22 04:00:00+00:00,t1,2,0.03333333333333333,0.0,0.2240544022877386,0.6622443391916706,0.40783563748079876,0.01,6.16,3.0583333333333336
2026-01-22 04:00:00+00:00,t2,1,0.028333333333333335,0.0,0.23099244962039908,0.7462826024791106,0.34551812937783266,0.9899999999999999,5.63,2.973333333333333
2026-01-22 04:00:00+00:00,t2,2,0.028333333333333335,0.0,0.2208401533621202,0.6627753868443184,0.40783563748079876,0.008333333333333333,6.16,2.973333333333333
2026-01-22 05:00:00+00:00,t1,1,0.016666666666666666,0.0,0.2860831244269277,0.8585777527101183,0.24396644031099302,0.9466666666666667,4.92,2.9466666666666668
2026-01-22 05:00:00+00:00,t1,2,0.016666666666666666,0.0,0.15344604414400725,0.7676149039583073,0.40783563748079876,0.018333333333333333,6.37,2.9466666666666668
2026-01-22 05:00:00+00:00,t2,1,0.016666666666666666,0.0,0.2848345854549131,0.8572013942384185,0.24396644031099302,0.9333333333333332,4.92,2.9966666666666666
2026-01-22 05:00:00+00:00,t2,2,0.016666666666666666,0.0,0.15076353478981092,0.7645062703016386,0.40783563748079876,0.02,6.37,2.9966666666666666
2026-01-22 06:00:00+00:00,t1,1,0.011666666666666667,0.009535060561803336,0.24196426419510703,0.6850655670380121,0.10431543935643564,0.9899999999999999,2.06,2.7983333333333333
2026-01-22 06:00:00+00:00,t1,2,0.011666666666666667,0.06992213889849322,0.5809648205249103,0.978805017528361,0.17437129044610378,0.051666666666666666,3.94,2.7983333333333333
2026-01-22 06:00:00+00:00,t2,1,0.01,0.0008320103815231915,0.242277538306117,0.6847872129562727,0.10431543935643564,0.9883333333333333,2.06,2.9283333333333332
2026-01-22 06:00:00+00:00,t2,2,0.01,0.05592252934580959,0.5785383557935474,0.978805017528361,0.17437129044610378,0.06,3.94,2.9283333333333332
2026-01-22 07:00:00+00:00,t1,1,0.01,0.0,0.2902964137067872,0.5787985379723883,0.20381297203510923,0.9899999999999999,4.24,1.5666666666666667
2026-01-22 07:00:00+00:00,t1,2,0.01,0.01848443131165381,0.35750031640825614,0.6048835117460736,0.10431543935643564,0.018333333333333333,2.13,1.5666666666666667
2026-01-22 07:00:00+00:00,t2,1,0.008333333333333333,0.0,0.29002849685758886,0.5787985379723883,0.20381297203510923,0.9899999999999999,4.24,1.6483333333333334
2026-01-22 07:00:00+00:00,t2,2,0.008333333333333333,0.00950842374280037,0.35822312963342096,0.6048835117460736,0.10431543935643564,0.011666666666666667,2.13,1.6483333333333334
2026-01-22 08:00:00+00:00,t1,1,0.15666666666666665,0.009535060561803336,0.3838701333563285,0.471529600379834,0.13303917357062492,0.9883333333333333,2.61,5.455000000000001
2026-01-22 08:00:00+00:00,t1,2,0.15666666666666665,0.008871908369604055,0.3054434481941045,0.4716184322569279,0.1459803862401931,0.03,3.26,5.455000000000001
2026-01-22 08:00:00+00:00,t2,1,0.14833333333333334,0.017192536375565004,0.3860757037180326,0.471529600379834,0.13303917357062492,0.9899999999999999,2.61,5.361666666666667
2026-01-22 08:00:00+00:00,t2,2,0.14833333333333334,0.009715713569140827,0.3061662614192694,0.4716184322569279,0.1459803862401931,0.03333333333333333,3.26,5.361666666666667
2026-01-22 09:00:00+00:00,t1,1,0.32,0.009535060561803336,0.27221094214506786,0.48653036291842044,0.13303917357062492,0.9883333333333333,2.77,7.255
2026-01-22 09:00:00+00:00,t1,2,0.32,0.0,0.48562896720937865,0.7843522802455796,0.24396644031099302,0.09333333333333334,4.63,7.255
2026-01-22 09:00:00+00:00,t2,1,0.3283333333333333,0.012675141323451659,0.27293375537023273,0.48653036291842044,0.13303917357062492,0.9866666666666667,2.77,7.515000000000001
2026-01-22 09:00:00+00:00,t2,2,0.3283333333333333,0.0,0.48442473338133857,0.7835365767697773,0.24396644031099302,0.08333333333333333,4.63,7.515000000000001
2026-01-22 10:00:00+00:00,t1,1,0.3016666666666667,0.03794515200991939,0.5019355247301204,0.7867442958865938,0.34551812937783266,0.9583333333333334,5.72,7.071666666666666
2026-01-22 10:00:00+00:00,t1,2,0.3016666666666667,0.04287804837588832,0.49098136898738176,0.9080393920156187,0.34551812937783266,0.034999999999999996,5.75,7.071666666666666
2026-01-22 10:00:00+00:00,t2,1,0.32166666666666666,0.02949615534481318,0.5022487988411303,0.7852431455842361,0.34551812937783266,0.975,5.72,7.291666666666667
2026-01-22 10:00:00+00:00,t2,2,0.32166666666666666,0.014583401150928071,0.49318693934908586,0.9072236885398166,0.34551812937783266,0.04,5.75,7.291666666666667
2026-01-22 11:00:00+00:00,t1,1,0.5083333333333333,0.09354824347496925,0.6288456548859719,1.0,0.24396644031099302,0.9883333333333333,4.68,8.275
2026-01-22 11:00:00+00:00,t1,2,0.5083333333333333,0.11045748800948035,0.6456504767441994,0.9928945831380588,0.34551812937783266,0.013333333333333334,5.51,8.275
2026-01-22 11:00:00+00:00,t2,1,0.49499999999999994,0.08542484308658946,0.621971242534583,1.0,0.24396644031099302,0.985,4.68,8.231666666666667
2026-01-22 11:00:00+00:00,t2,2,0.49499999999999994,0.10457638444163472,0.6387760643928105,0.9909024853525664,0.34551812937783266,0.016666666666666666,5.51,8.231666666666667
2026-01-22 12:00:00+00:00,t1,1,0.4716666666666667,0.3397861744509607,0.7099109481443989,0.9780597419512019,0.6380866269626422,0.98,8.56,7.96
2026-01-22 12:00:00+00:00,t1,2,0.4716666666666667,0.25146261134845205,0.7297721435910871,0.9902110506337599,0.46587952084773093,0.01,6.65,7.96
2026-01-22 12:00:00+00:00,t2,1,0.5116666666666666,0.2716373058079054,0.710224222255409,0.9743323280582133,0.6380866269626422,0.9866666666666667,8.56,8.196666666666667
2026-01-22 12:00:00+00:00,t2,2,0.5116666666666666,0.2592768599380997,0.7378649096866008,0.984683514560851,0.46587952084773093,0.008333333333333333,6.65,8.196666666666667
2026-01-22 13:00:00+00:00,t1,1,0.45166666666666666,0.415564444941836,0.8350991974881153,1.0,0.6380866269626422,0.36166666666666664,8.52,7.831666666666667
2026-01-22 13:00:00+00:00,t1,2,0.45166666666666666,0.3287881413858971,0.7857166149413682,1.0,0.533438938580799,0.01,7.13,7.831666666666667
2026-01-22 13:00:00+00:00,t2,1,0.4683333333333333,0.4220804979316447,0.8347835066791938,1.0,0.6380866269626422,0.2816666666666667,8.52,7.978333333333334
2026-01-22 13:00:00+00:00,t2,2,0.4683333333333333,0.3115250306857762,0.7840661843403389,1.0,0.533438938580799,0.01,7.13,7.978333333333334
2026-01-22 14:00:00+00:00,t1,1,0.7066666666666667,0.4531382071339503,0.8480035237023827,1.0,0.46587952084773093,0.06,6.94,9.031666666666666
2026-01-22 14:00:00+00:00,t1,2,0.7066666666666667,0.40269607853620726,0.8036589772393499,1.0,0.533438938580799,0.01,7.32,9.031666666666666
2026-01-22 14:00:00+00:00,t2,1,0.7733333333333333,0.41105342823381735,0.8544931305133553,1.0,0.46587952084773093,0.05333333333333334,6.94,9.531666666666666
2026-01-22 14:00:00+00:00,t2,2,0.7733333333333333,0.4045631228736822,0.8020085466383206,1.0,0.533438938580799,0.01,7.32,9.531666666666666
2026-01-22 15:00:00+00:00,t1,1,0.7583333333333333,0.6419074627185156,0.8261734885769356,1.0,0.6886657154935532,0.21666666666666667,9.28,9.448333333333332
2026-01-22 15:00:00+00:00,t1,2,0.7583333333333333,0.43791615923388216,0.8289887062409906,1.0,0.533438938580799,0.01,7.23,9.448333333333332
2026-01-22 15:00:00+00:00,t2,1,0.8183333333333334,0.4589339906149617,0.8260417789012013,1.0,0.6886657154935532,0.17166666666666666,9.28,9.866666666666667
2026-01-22 15:00:00+00:00,t2,2,0.8183333333333334,0.4681058773987734,0.8273382756399613,1.0,0.533438938580799,0.01,7.23,9.866666666666667
2026-01-22 16:00:00+00:00,t1,1,0.6983333333333333,0.7209529015264171,0.9236411416462542,1.0,0.7036149602258147,0.18666666666666668,9.77,9.104999999999999
2026-01-22 16:00:00+00:00,t1,2,0.6983333333333333,0.7001061512160196,0.867532571068281,1.0,0.751884164222874,0.01,10.01,9.104999999999999
2026-01-22 16:00:00+00:00,t2,1,0.6983333333333334,0.7380128926337918,0.9235094319705199,1.0,0.7036149602258147,0.19999999999999998,9.77,9.228333333333333
2026-01-22 16:00:00+00:00,t2,2,0.6983333333333334,0.6176436431105585,0.8674008613925467,1.0,0.751884164222874,0.01,10.01,9.228333333333333
2026-01-22 17:00:00+00:00,t1,1,0.9700000000000001,0.7068406424005279,0.9235578360699381,1.0,0.6886657154935532,0.17833333333333334,9.09,10.908333333333333
2026-01-22 17:00:00+00:00,t1,2,0.9700000000000001,0.6307349666920488,0.9442831823090034,1.0,0.621809413221861,0.041666666666666664,8.43,10.908333333333333
2026-01-22 17:00:00+00:00,t2,1,0.965,0.7248548198864062,0.9234261263942039,1.0,0.6886657154935532,0.15833333333333333,9.09,10.89
2026-01-22 17:00:00+00:00,t2,2,0.965,0.6374660945108876,0.9429421389070373,1.0,0.621809413221861,0.034999999999999996,8.43,10.89
2026-01-22 18:00:00+00:00,t1,1,0.9883333333333333,0.7130388608445197,0.9115600610269976,1.0,0.6886657154935532,0.3283333333333333,9.13,11.393333333333333
2026-01-22 18:00:00+00:00,t1,2,0.9883333333333333,0.7051179400396999,0.8919543536566584,1.0,0.7036149602258147,0.18333333333333335,9.6,11.393333333333333
2026-01-22 18:00:00+00:00,t2,1,0.9783333333333334,0.6685099641454662,0.9114283513512633,1.0,0.6886657154935532,0.315,9.13,11.385
2026-01-22 18:00:00+00:00,t2,2,0.9783333333333334,0.6280368282710245,0.8918226439809241,1.0,0.7036149602258147,0.16,9.6,11.385
2026-01-22 19:00:00+00:00,t1,1,0.9899999999999999,0.7397937825258765,0.9072559681058833,1.0,0.7513208481965913,0.44,10.62,11.988333333333335
2026-01-22 19:00:00+00:00,t1,2,0.9899999999999999,0.7172484604683489,0.874448598287984,1.0,0.6886657154935532,0.2733333333333333,9.24,11.988333333333335
2026-01-22 19:00:00+00:00,t2,1,0.9816666666666666,0.6899038132403481,0.907124258430149,1.0,0.7513208481965913,0.4749999999999999,10.62,12.086666666666666
2026-01-22 19:00:00+00:00,t2,2,0.9816666666666666,0.6156955415355445,0.8743168886122498,1.0,0.6886657154935532,0.26333333333333336,9.24,12.086666666666666
2026-01-22 20:00:00+00:00,t1,1,0.9899999999999999,0.5788428266563496,0.9687242591454254,1.0,0.6886657154935532,0.5483333333333333,9.31,12.641666666666666
2026-01-22 20:00:00+00:00,t1,2,0.9899999999999999,0.6406363033817082,0.873024509915918,1.0,0.6886657154935532,0.26,9.1,12.641666666666666
2026-01-22 20:00:00+00:00,t2,1,0.985,0.5825651835250567,0.9685925494696911,1.0,0.6886657154935532,0.52,9.31,12.805
2026-01-22 20:00:00+00:00,t2,2,0.985,0.5675256924293981,0.8728928002401837,1.0,0.6886657154935532,0.2966666666666667,9.1,12.805
2026-01-22 21:00:00+00:00,t1,1,0.985,0.6011529037043113,0.87194468878284,1.0,0.6886657154935532,0.3983333333333334,9.15,11.281666666666666
2026-01-22 21:00:00+00:00,t1,2,0.985,0.5055214367449732,0.8113795963468342,1.0,0.621809413221861,0.39166666666666666,8.26,11.281666666666666
2026-01-22 21:00:00+00:00,t2,1,0.9816666666666666,0.5639752090698812,0.8718129791071058,1.0,0.6886657154935532,0.385,9.15,11.343333333333334
2026-01-22 21:00:00+00:00,t2,2,0.9816666666666666,0.48487079302522446,0.8112478866710999,0.9960836561826485,0.621809413221861,0.44,8.26,11.343333333333334
2026-01-22 22:00:00+00:00,t1,1,0.8333333333333334,0.5582222465593044,0.8243556248452376,1.0,0.621809413221861,0.4566666666666667,8.04,9.790000000000001
2026-01-22 22:00:00+00:00,t1,2,0.8333333333333334,0.4258326848955233,0.6726236802289727,0.9898607958705465,0.5595838549817422,0.6733333333333333,7.91,9.790000000000001
2026-01-22 22:00:00+00:00,t2,1,0.8316666666666667,0.5851741230077842,0.8242239151695033,1.0,0.621809413221861,0.4283333333333334,8.04,9.871666666666666
2026-01-22 22:00:00+00:00,t2,2,0.8316666666666667,0.4098351071862369,0.6724919705532384,0.9867236936290738,0.5595838549817422,0.6516666666666667,7.91,9.871666666666666
2026-01-22 23:00:00+00:00,t1,1,0.4566666666666667,0.553195981426763,0.7513126424520301,1.0,0.6380866269626422,0.27499999999999997,8.68,7.803333333333334
2026-01-22 23:00:00+00:00,t1,2,0.4566666666666667,0.23902734097446932,0.5392921187332016,0.9478144570395708,0.533438938580799,0.8016666666666667,7.03,7.803333333333334
2026-01-22 23:00:00+00:00,t2,1,0.4666666666666666,0.49031460359472345,0.7511809327762958,0.9978555201309154,0.6380866269626422,0.15166666666666667,8.68,7.9316666666666675
2026-01-22 23:00:00+00:00,t2,2,0.4666666666666666,0.19628666492143435,0.5391604090574673,0.945928140750366,0.533438938580799,0.835,7.03,7.9316666666666675
2026-01-23 00:00:00+00:00,t1,1,0.42333333333333334,0.30171982887682036,0.5985071124592367,0.9637877731006235,0.5595838549817422,0.43166666666666664,7.53,7.636666666666667
2026-01-23 00:00:00+00:00,t1,2,0.42333333333333334,0.17912011942140077,0.4747778643504727,0.9759390876553493,0.46587952084773093,0.9466666666666667,6.68,7.636666666666667
2026-01-23 00:00:00+00:00,t2,1,0.43333333333333335,0.29031589878663666,0.5983754027835024,0.961172937657106,0.5595838549817422,0.29833333333333334,7.53,7.888333333333333
2026-01-23 00:00:00+00:00,t2,2,0.43333333333333335,0.15854220746746556,0.47464615467473814,0.9732291514828142,0.46587952084773093,0.945,6.68,7.888333333333333
2026-01-23 01:00:00+00:00,t1,1,0.4566666666666667,0.21266234306210682,0.5314571297397471,0.9535516479938553,0.5595838549817422,0.09499999999999999,7.7,7.738333333333333
2026-01-23 01:00:00+00:00,t1,2,0.4566666666666667,0.07673598334738456,0.41983082140877265,0.9229826877173674,0.40783563748079876,0.8866666666666667,6.39,7.738333333333333
2026-01-23 01:00:00+00:00,t2,1,0.4666666666666666,0.16217401003875948,0.5313254200640128,0.9510170258600006,0.5595838549817422,0.09000000000000001,7.7,7.805
2026-01-23 01:00:00+00:00,t2,2,0.4666666666666666,0.03759671741615349,0.4219519534112306,0.9212131091952603,0.40783563748079876,0.8866666666666667,6.39,7.805
2026-01-23 02:00:00+00:00,t1,1,0.3,0.15239284671546316,0.5036031376608252,0.9329772806564519,0.533438938580799,0.03333333333333333,7.18,6.7683333333333335
2026-01-23 02:00:00+00:00,t1,2,0.3,0.02727708199311299,0.3621183814358459,0.8898984541186263,0.34551812937783266,0.9933333333333333,5.78,6.7683333333333335
2026-01-23 02:00:00+00:00,t2,1,0.3116666666666667,0.11195907136028341,0.503555866344337,0.9313384145570776,0.533438938580799,0.02666666666666667,7.18,6.995
2026-01-23 02:00:00+00:00,t2,2,0.3116666666666667,0.0,0.3609141476078058,0.8882160698837143,0.34551812937783266,0.9816666666666666,5.78,6.995
2026-01-23 03:00:00+00:00,t1,1,0.7200000000000001,0.10267952048400511,0.46809811590089073,0.9431907722439237,0.40783563748079876,0.01,6.38,9.086666666666666
2026-01-23 03:00:00+00:00,t1,2,0.7200000000000001,0.017289196117183964,0.20008135400555385,0.8014146107187612,0.40783563748079876,0.9899999999999999,6.17,9.086666666666666
2026-01-23 03:00:00+00:00,t2,1,0.71,0.08955937346876482,0.4680508445844023,0.9413077709374218,0.40783563748079876,0.01,6.38,9.043333333333333
2026-01-23 03:00:00+00:00,t2,2,0.71,0.0,0.19887712017751377,0.8011362566370215,0.40783563748079876,0.9866666666666667,6.17,9.043333333333333
2026-01-23 04:00:00+00:00,t1,1,0.8333333333333334,0.021549281990368013,0.32737073371503866,0.860466279006802,0.34551812937783266,0.03333333333333333,5.69,9.776666666666666
2026-01-23 04:00:00+00:00,t1,2,0.8333333333333334,0.0,0.1779007901293422,0.606516318371493,0.24396644031099302,0.9899999999999999,4.69,9.776666666666666
2026-01-23 04:00:00+00:00,t2,1,0.8483333333333333,0.0,0.3261664998869986,0.8588000573459829,0.34551812937783266,0.028333333333333335,5.69,9.941666666666666
2026-01-23 04:00:00+00:00,t2,2,0.8483333333333333,0.0,0.17862360335450705,0.606516318371493,0.24396644031099302,0.9899999999999999,4.69,9.941666666666666
2026-01-23 05:00:00+00:00,t1,1,0.9049999999999999,0.004450990793567207,0.2676546672103294,0.7319768362473634,0.29666767038040753,0.016666666666666666,5.04,10.296666666666667
2026-01-23 05:00:00+00:00,t1,2,0.9049999999999999,0.008871908369604055,0.1375917947992461,0.3951500104442805,0.1459803862401931,0.9466666666666667,3.06,10.296666666666667
2026-01-23 05:00:00+00:00,t2,1,0.9199999999999999,0.005752190871135265,0.2698602375720335,0.7319606736732706,0.29666767038040753,0.016666666666666666,5.04,10.59
2026-01-23 05:00:00+00:00,t2,2,0.9199999999999999,0.010286561597276174,0.13802321504593787,0.3951500104442805,0.1459803862401931,0.9333333333333332,3.06,10.59
2026-01-23 06:00:00+00:00,t1,1,0.5033333333333333,0.1422787115248356,0.3579467678463326,0.8763143455615092,0.46587952084773093,0.011666666666666667,6.6,8.123333333333333
2026-01-23 06:00:00+00:00,t1,2,0.5033333333333333,0.008871908369604055,0.11452779415657655,0.34790524593134897,0.17437129044610378,0.9899999999999999,3.52,8.123333333333333
2026-01-23 06:00:00+00:00,t2,1,0.47666666666666674,0.11205005925039924,0.35826004195734257,0.8761176504863997,0.46587952084773093,0.01,6.6,7.84
2026-01-23 06:00:00+00:00,t2,2,0.47666666666666674,0.008562836446980372,0.11525060738174145,0.34790524593134897,0.17437129044610378,0.9883333333333333,3.52,7.84
2026-01-23 07:00:00+00:00,t1,1,0.23333333333333336,0.1047921870729209,0.2977024884638873,0.8315552543536636,0.40783563748079876,0.01,6.16,6.498333333333334
2026-01-23 07:00:00+00:00,t1,2,0.23333333333333336,0.008871908369604055,0.10441892743917992,0.3375056856457084,0.13303917357062492,0.9899999999999999,2.75,6.498333333333334
2026-01-23 07:00:00+00:00,t2,1,0.25,0.051426176081717026,0.29801576257489726,0.8314431880538021,0.40783563748079876,0.008333333333333333,6.16,6.829999999999999
2026-01-23 07:00:00+00:00,t2,2,0.25,0.008278512629632131,0.10514174066434483,0.3375056856457084,0.13303917357062492,0.9899999999999999,2.75,6.829999999999999
2026-01-23 08:00:00+00:00,t1,1,0.125,0.07728034157537388,0.20819456882256096,0.7097387911409645,0.34551812937783266,0.15666666666666665,5.96,5.579999999999999
2026-01-23 08:00:00+00:00,t1,2,0.125,0.008871908369604055,0.09619498531527158,0.4091125075992012,0.13303917357062492,0.9883333333333333,2.9,5.579999999999999
2026-01-23 08:00:00+00:00,t2,1,0.12833333333333333,0.03214772028586183,0.2089173820477258,0.708847174667937,0.34551812937783266,0.14833333333333334,5.96,5.815
2026-01-23 08:00:00+00:00,t2,2,0.12833333333333333,0.009900424740093809,0.09691779854043649,0.4091125075992012,0.13303917357062492,0.9899999999999999,2.9,5.815
2026-01-23 09:00:00+00:00,t1,1,0.17166666666666666,0.07001878626879962,0.1842967546289926,0.7382459416085817,0.17437129044610378,0.32,3.89,5.945
2026-01-23 09:00:00+00:00,t1,2,0.17166666666666666,0.008871908369604055,0.1278038678919198,0.42592427759200924,0.1459803862401931,0.9883333333333333,3.23,5.945
2026-01-23 09:00:00+00:00,t2,1,0.16833333333333333,0.03531062026891898,0.18461002874000257,0.7382459416085817,0.17437129044610378,0.3283333333333333,3.89,6.183333333333334
2026-01-23 09:00:00+00:00,t2,2,0.16833333333333333,0.01174207816574858,0.12852668111708465,0.42592427759200924,0.1459803862401931,0.9866666666666667,3.23,6.183333333333334
2026-01-23 10:00:00+00:00,t1,1,0.3016666666666667,0.05440622486478361,0.19650725387103976,0.5861667325810777,0.1459803862401931,0.3016666666666667,3.43,6.91
2026-01-23 10:00:00+00:00,t1,2,0.3016666666666667,0.008871908369604055,0.15508956108264246,0.4478642300618362,0.13303917357062492,0.9583333333333334,2.55,6.91
2026-01-23 10:00:00+00:00,t2,1,0.315,0.029634027022477395,0.1972300670962046,0.5861667325810777,0.1459803862401931,0.32166666666666666,3.43,7.163333333333334
2026-01-23 10:00:00+00:00,t2,2,0.315,0.011072836475799359,0.1558123743078073,0.4478642300618362,0.13303917357062492,0.975,2.55,7.163333333333334
2026-01-23 11:00:00+00:00,t1,1,0.65,0.049563710126453345,0.2017282147215825,0.5502288110377006,0.10431543935643564,0.5083333333333333,2.41,8.733333333333333
2026-01-23 11:00:00+00:00,t1,2,0.65,0.05018712140634851,0.16548044473345125,0.6505503571272403,0.17437129044610378,0.9883333333333333,3.51,8.733333333333333
2026-01-23 11:00:00+00:00,t2,1,0.6533333333333333,0.010742934627634143,0.20245102794674735,0.5502288110377006,0.10431543935643564,0.49499999999999994,2.41,8.938333333333333
2026-01-23 11:00:00+00:00,t2,2,0.6533333333333333,0.0248383798871125,0.16940591539184177,0.6505503571272403,0.17437129044610378,0.985,3.51,8.938333333333333
2026-01-23 12:00:00+00:00,t1,1,0.5233333333333333,0.0402827087203049,0.22837639556016487,0.6342074517465299,0.29666767038040753,0.4716666666666667,5.04,8.168333333333333
2026-01-23 12:00:00+00:00,t1,2,0.5233333333333333,0.052356783884569685,0.3509251415877167,0.7054469475429281,0.40783563748079876,0.98,6.14,8.168333333333333
2026-01-23 12:00:00+00:00,t2,1,0.5433333333333333,0.005831857828088302,0.22880781580685658,0.6336629362118292,0.29666767038040753,0.5116666666666666,5.04,8.253333333333332
2026-01-23 12:00:00+00:00,t2,2,0.5433333333333333,0.033487383797229875,0.3516479548128815,0.7045558055453176,0.40783563748079876,0.9866666666666667,6.14,8.253333333333332
2026-01-23 13:00:00+00:00,t1,1,0.36333333333333334,0.049503005184203114,0.29277189817693045,0.6599078061327582,0.20381297203510923,0.45166666666666666,4.44,7.28
2026-01-23 13:00:00+00:00,t1,2,0.36333333333333334,0.10751451309224275,0.4568675851100526,0.8647964353737225,0.46587952084773093,0.36166666666666664,6.84,7.28
2026-01-23 13:00:00+00:00,t2,1,0.3833333333333333,0.0024756233494259844,0.29331007152879884,0.6598916435586653,0.20381297203510923,0.4683333333333333,4.44,7.496666666666667
2026-01-23 13:00:00+00:00,t2,2,0.3833333333333333,0.0802794918842945,0.4586716024713787,0.864701006123371,0.46587952084773093,0.2816666666666667,6.84,7.496666666666667
2026-01-23 14:00:00+00:00,t1,1,0.15166666666666667,0.03817806371786823,0.23480354329025835,0.6073320852747329,0.40783563748079876,0.7066666666666667,6.25,5.915
2026-01-23 14:00:00+00:00,t1,2,0.15166666666666667,0.1610679013791662,0.4471557727809116,0.9289209585582241,0.533438938580799,0.06,7.19,5.915
2026-01-23 14:00:00+00:00,t2,1,0.15333333333333335,0.007365181835339692,0.23352901179472046,0.6073159227006399,0.40783563748079876,0.7733333333333333,6.25,6.07
2026-01-23 14:00:00+00:00,t2,2,0.15333333333333335,0.12535222736294965,0.44927690478336957,0.9287973117716503,0.533438938580799,0.05333333333333334,7.19,6.07
2026-01-23 15:00:00+00:00,t1,1,0.07333333333333333,0.04217508872344427,0.24846708016853616,0.6606265624685216,0.40783563748079876,0.7583333333333333,6.23,4.4816666666666665
2026-01-23 15:00:00+00:00,t1,2,0.07333333333333333,0.15674330693441574,0.5405434167157211,0.921727069098436,0.46587952084773093,0.21666666666666667,6.62,4.4816666666666665
2026-01-23 15:00:00+00:00,t2,1,0.07166666666666667,0.009268849641327424,0.24719254867299828,0.6606103998944286,0.40783563748079876,0.8183333333333334,6.23,4.753333333333333
2026-01-23 15:00:00+00:00,t2,2,0.07166666666666667,0.13599656678336802,0.5408646769405081,0.9208359271008255,0.46587952084773093,0.17166666666666666,6.62,4.753333333333333
2026-01-23 16:00:00+00:00,t1,1,0.023333333333333334,0.04470615015567969,0.24200066774408963,0.7030217614139339,0.34551812937783266,0.6983333333333333,5.96,3.025
2026-01-23 16:00:00+00:00,t1,2,0.023333333333333334,0.05716806508452643,0.3510299966670694,0.8673437711661018,0.40783563748079876,0.18666666666666668,6.43,3.025
2026-01-23 16:00:00+00:00,t2,1,0.023333333333333334,0.010738491751728113,0.23884599170192178,0.7021306194163234,0.34551812937783266,0.6983333333333334,5.96,2.8816666666666664
2026-01-23 16:00:00+00:00,t2,2,0.023333333333333334,0.024539213435417588,0.35135125689185626,0.8664526291684913,0.40783563748079876,0.19999999999999998,6.43,2.8816666666666664
2026-01-23 17:00:00+00:00,t1,1,0.03833333333333334,0.0593006504699581,0.16106865667259004,0.6147431165450448,0.34551812937783266,0.9700000000000001,5.54,4.1866666666666665
2026-01-23 17:00:00+00:00,t1,2,0.03833333333333334,0.038433106133684905,0.27362036877163776,0.8203080700304459,0.46587952084773093,0.17833333333333334,6.7,4.1866666666666665
2026-01-23 17:00:00+00:00,t2,1,0.03833333333333334,0.021907162208121563,0.1616550107277916,0.614199075485761,0.34551812937783266,0.965,5.54,4.3933333333333335
2026-01-23 17:00:00+00:00,t2,2,0.03833333333333334,0.005966636424047322,0.27284662063351406,0.8197640289711622,0.46587952084773093,0.15833333333333333,6.7,4.3933333333333335
2026-01-23 18:00:00+00:00,t1,1,0.01,0.0,0.16443029793521885,0.4649721537620204,0.29666767038040753,0.9883333333333333,5.24,1.2133333333333334
2026-01-23 18:00:00+00:00,t1,2,0.01,0.0437379197949717,0.3112150201840796,0.8385755329806373,0.46587952084773093,0.3283333333333333,6.64,1.2133333333333334
2026-01-23 18:00:00+00:00,t2,1,0.01,0.0,0.16508939839126313,0.4649721537620204,0.29666767038040753,0.9783333333333334,5.24,1.035
2026-01-23 18:00:00+00:00,t2,2,0.01,0.0035263557897958694,0.31185339504999826,0.8380314919213535,0.46587952084773093,0.315,6.64,1.035
2026-01-23 19:00:00+00:00,t1,1,0.01,0.0,0.1279443332582008,0.2842554551742885,0.20381297203510923,0.9899999999999999,4.49,2.31
2026-01-23 19:00:00+00:00,t1,2,0.01,0.022848846717479193,0.159295201749808,0.7102381377286283,0.40783563748079876,0.44,6.4,2.31
2026-01-23 19:00:00+00:00,t2,1,0.01,0.0,0.1270682701745773,0.2842554551742885,0.20381297203510923,0.9816666666666666,4.49,2.3033333333333332
2026-01-23 19:00:00+00:00,t2,2,0.01,0.0,0.15993357661572669,0.7102219751545353,0.40783563748079876,0.4749999999999999,6.4,2.3033333333333332
2026-01-23 20:00:00+00:00,t1,1,0.01,0.009535060561803336,0.078269371897992,0.23640561227687398,0.13303917357062492,0.9899999999999999,3.0,5.341666666666666
2026-01-23 20:00:00+00:00,t1,2,0.01,0.0,0.11835354599683653,0.5677399983438027,0.29666767038040753,0.5483333333333333,5.44,5.341666666666666
2026-01-23 20:00:00+00:00,t2,1,0.011666666666666667,0.007839724733479008,0.07654694071334246,0.23640561227687398,0.13303917357062492,0.985,3.0,5.48
2026-01-23 20:00:00+00:00,t2,2,0.011666666666666667,0.0,0.11764854154999735,0.5677399983438027,0.29666767038040753,0.52,5.44,5.48
2026-01-23 21:00:00+00:00,t1,1,0.01,0.009535060561803336,0.04479156924311434,0.17615072672222193,0.0898266827891979,0.985,1.22,5.995
2026-01-23 21:00:00+00:00,t1,2,0.01,0.0,0.13550271084377197,0.4103127791797184,0.24396644031099302,0.3983333333333334,4.57,5.995
2026-01-23 21:00:00+00:00,t2,1,0.01,0.007454281119499579,0.0439155061594909,0.17615072672222193,0.0898266827891979,0.9816666666666666,1.22,6.383333333333333
2026-01-23 21:00:00+00:00,t2,2,0.01,0.0,0.13494376240128034,0.4103127791797184,0.24396644031099302,0.385,4.57,6.383333333333333
2026-01-23 22:00:00+00:00,t1,1,0.01,0.009535060561803336,0.06938380941691687,0.19868780066915623,0.10277016520894071,0.8333333333333334,0.45,6.448333333333333
2026-01-23 22:00:00+00:00,t1,2,0.01,0.008871908369604055,0.04050327807607151,0.2915037626458025,0.17437129044610378,0.4566666666666667,3.86,6.448333333333333
2026-01-23 22:00:00+00:00,t2,1,0.01,0.007198767251237238,0.06882486097442528,0.19868780066915623,0.10277016520894071,0.8316666666666667,0.45,6.233333333333333
2026-01-23 22:00:00+00:00,t2,2,0.01,0.006274849464923092,0.03994432963357991,0.2915037626458025,0.17437129044610378,0.4283333333333334,3.86,6.233333333333333
2026-01-23 23:00:00+00:00,t1,1,0.01,0.0065501301258617155,0.2498327868528981,0.6363687897990834,0.1459803862401931,0.4566666666666667,3.1,6.005
2026-01-23 23:00:00+00:00,t1,2,0.01,0.008871908369604055,0.09725895752411698,0.3011662988896776,0.1459803862401931,0.27499999999999997,3.04,6.005
2026-01-23 23:00:00+00:00,t2,1,0.01,0.0,0.24927383841040643,0.6363687897990834,0.1459803862401931,0.4666666666666666,3.1,6.1000000000000005
2026-01-23 23:00:00+00:00,t2,2,0.01,0.005781737206601288,0.09670000908162539,0.3011662988896776,0.1459803862401931,0.15166666666666667,3.04,6.1000000000000005
2026-01-24 00:00:00+00:00,t1,1,0.01,0.04570179763950416,0.39967920995808576,0.8496294206961943,0.40783563748079876,0.42333333333333334,6.25,6.551666666666667
2026-01-24 00:00:00+00:00,t1,2,0.01,0.0,0.21217072093876468,0.6181935220922742,0.13303917357062492,0.43166666666666664,2.51,6.551666666666667
2026-01-24 00:00:00+00:00,t2,1,0.01,0.041813771739645504,0.39685119222634496,0.8495173543963328,0.40783563748079876,0.43333333333333335,6.25,6.398333333333333
2026-01-24 00:00:00+00:00,t2,2,0.01,0.007665317629926073,0.2123995566905285,0.6179151680105347,0.13303917357062492,0.29833333333333334,2.51,6.398333333333333
2026-01-24 01:00:00+00:00,t1,1,0.03333333333333333,0.06664193127725425,0.47402576237849947,0.9205699900243706,0.29666767038040753,0.4566666666666667,5.49,7.523333333333333
2026-01-24 01:00:00+00:00,t1,2,0.03333333333333333,0.008226595059727296,0.3258258038644228,0.8764801999685417,0.17437129044610378,0.09499999999999999,3.88,7.523333333333333
2026-01-24 01:00:00+00:00,t2,1,0.018333333333333333,0.06164304479472353,0.474410481428755,0.9179271544059039,0.29666767038040753,0.4666666666666666,5.49,7.079999999999999
2026-01-24 01:00:00+00:00,t2,2,0.018333333333333333,0.0,0.3332686840504563,0.8950922386821469,0.17437129044610378,0.09000000000000001,3.88,7.079999999999999
2026-01-24 04:00:00+00:00,t1,1,0.9716666666666667,0.5647041762087098,0.6969252679454444,0.9940988674480318,0.533438938580799,0.8333333333333334,7.31,12.876666666666665
2026-01-24 04:00:00+00:00,t1,2,0.9716666666666667,0.33154508542691524,0.5619018590524831,0.9959649133948545,0.46587952084773093,0.03333333333333333,6.69,12.876666666666665
2026-01-24 05:00:00+00:00,t1,1,0.9899999999999999,0.7316708164619052,0.8505364137325624,1.0,0.5595838549817422,0.9049999999999999,7.91,12.963333333333333
2026-01-24 05:00:00+00:00,t1,2,0.9899999999999999,0.6499946064008144,0.8424690332759142,1.0,0.621809413221861,0.016666666666666666,8.31,12.963333333333333
2026-01-24 06:00:00+00:00,t1,1,0.9899999999999999,0.9121049037153617,0.9121049037153617,1.0,0.6380866269626422,0.5033333333333333,8.97,13.76
2026-01-24 06:00:00+00:00,t1,2,0.9899999999999999,0.932533174617989,0.932533174617989,1.0,0.7036149602258147,0.011666666666666667,9.73,13.76
2026-01-24 06:00:00+00:00,t2,1,0.98,0.7661004588265167,0.8589326291325863,1.0,0.6380866269626422,0.47666666666666674,8.97,14.068333333333333
2026-01-24 06:00:00+00:00,t2,2,0.98,0.7493372655468242,0.8516075337026169,1.0,0.7036149602258147,0.01,9.73,14.068333333333333
2026-01-24 07:00:00+00:00,t1,1,0.8533333333333334,0.9310714654575823,0.9310714654575823,1.0,0.7036149602258147,0.23333333333333336,9.57,14.285000000000002
2026-01-24 07:00:00+00:00,t1,2,0.8533333333333334,0.9494530361420729,0.9494530361420729,1.0,0.7513208481965913,0.01,10.82,14.285000000000002
2026-01-24 08:00:00+00:00,t1,1,0.9899999999999999,0.9322086539954709,0.9322086539954709,1.0,0.6886657154935532,0.125,9.31,14.540000000000001
2026-01-24 08:00:00+00:00,t1,2,0.9899999999999999,0.9550585550425246,0.9550585550425246,1.0,0.7759836210712704,0.15666666666666665,11.01,14.540000000000001
2026-01-24 08:00:00+00:00,t2,1,0.98,0.9321613826789827,0.9321613826789827,1.0,0.6886657154935532,0.12833333333333333,9.31,15.525
2026-01-24 08:00:00+00:00,t2,2,0.98,0.951234181378652,0.951234181378652,1.0,0.7759836210712704,0.14833333333333334,11.01,15.525
2026-01-24 09:00:00+00:00,t1,1,0.9899999999999999,0.8229933176000157,0.9379816188463533,1.0,0.6380866269626422,0.17166666666666666,8.67,14.606666666666667
2026-01-24 09:00:00+00:00,t1,2,0.9899999999999999,0.9590204824890869,0.9647831042865609,1.0,0.751884164222874,0.32,10.45,14.606666666666667
2026-01-24 09:00:00+00:00,t2,1,0.9816666666666666,0.838458258044844,0.9379343475298652,1.0,0.6380866269626422,0.16833333333333333,8.67,14.915
2026-01-24 09:00:00+00:00,t2,2,0.9816666666666666,0.9632755712770014,0.9647358329700727,1.0,0.751884164222874,0.3283333333333333,10.45,14.915
2026-01-24 10:00:00+00:00,t1,1,0.9866666666666667,0.8002170871783624,0.9353694619073252,1.0,0.621809413221861,0.3016666666666667,8.48,13.791666666666666
2026-01-24 10:00:00+00:00,t1,2,0.9866666666666667,0.9529578474308138,0.9529578474308138,1.0,0.7036149602258147,0.3016666666666667,9.98,13.791666666666666
2026-01-24 10:00:00+00:00,t2,1,0.9899999999999999,0.8036608742584965,0.935322190590837,1.0,0.621809413221861,0.315,8.48,13.868333333333334
2026-01-24 10:00:00+00:00,t2,2,0.9899999999999999,0.9127704088977733,0.9529105761143256,1.0,0.7036149602258147,0.32166666666666666,9.98,13.868333333333334
2026-01-24 11:00:00+00:00,t1,1,0.9883333333333333,0.823795885645737,0.9735165130523814,1.0,0.6380866269626422,0.65,8.85,13.54
2026-01-24 11:00:00+00:00,t1,2,0.9883333333333333,0.8596831212569449,0.9476773435655852,1.0,0.7036149602258147,0.5083333333333333,9.94,13.54
2026-01-24 11:00:00+00:00,t2,1,0.985,0.743554274480064,0.9734692417358932,1.0,0.6380866269626422,0.6533333333333333,8.85,13.511666666666665
2026-01-24 11:00:00+00:00,t2,2,0.985,0.896146956355274,0.947630072249097,1.0,0.7036149602258147,0.49499999999999994,9.94,13.511666666666665
2026-01-24 12:00:00+00:00,t1,1,0.9899999999999999,0.8130080212426112,0.9487617034312192,1.0,0.6886657154935532,0.5233333333333333,9.48,14.531666666666666
2026-01-24 12:00:00+00:00,t1,2,0.9899999999999999,0.796769914716384,0.9218017534274929,1.0,0.7036149602258147,0.4716666666666667,9.95,14.531666666666666
2026-01-24 12:00:00+00:00,t2,1,0.9899999999999999,0.7388124341924244,0.948714432114731,1.0,0.6886657154935532,0.5433333333333333,9.48,14.280000000000001
2026-01-24 12:00:00+00:00,t2,2,0.9899999999999999,0.7222514156666404,0.9217544821110047,1.0,0.7036149602258147,0.5116666666666666,9.95,14.280000000000001
2026-01-24 13:00:00+00:00,t1,1,0.9899999999999999,0.8061832741366743,0.932279616694375,1.0,0.6380866269626422,0.36333333333333334,8.88,13.651666666666666
2026-01-24 13:00:00+00:00,t1,2,0.9899999999999999,0.8049508464601807,0.9446977392544353,1.0,0.7036149602258147,0.45166666666666666,9.79,13.651666666666666
2026-01-24 13:00:00+00:00,t2,1,0.9899999999999999,0.6838698797379594,0.9321479070186407,1.0,0.6380866269626422,0.3833333333333333,8.88,13.335
2026-01-24 13:00:00+00:00,t2,2,0.9899999999999999,0.6695868115700638,0.9445660295787011,1.0,0.7036149602258147,0.4683333333333333,9.79,13.335
2026-01-24 14:00:00+00:00,t1,1,0.9483333333333333,0.7941631960794687,0.9180822502747346,1.0,0.6886657154935532,0.15166666666666667,9.04,12.034999999999998
2026-01-24 14:00:00+00:00,t1,2,0.9483333333333333,0.8274347861448381,0.965094707107343,1.0,0.7036149602258147,0.7066666666666667,9.58,12.034999999999998
2026-01-24 14:00:00+00:00,t2,1,0.9899999999999999,0.6794878101888594,0.9176334259578683,1.0,0.6886657154935532,0.15333333333333335,9.04,13.163333333333334
2026-01-24 14:00:00+00:00,t2,2,0.9899999999999999,0.6874060567250022,0.9649629974316087,1.0,0.7036149602258147,0.7733333333333333,9.58,13.163333333333334
2026-01-24 15:00:00+00:00,t1,1,0.9700000000000001,0.8293690781550082,0.9513861757879886,1.0,0.6886657154935532,0.07333333333333333,9.24,10.931666666666667
2026-01-24 15:00:00+00:00,t1,2,0.9700000000000001,0.8479648177881305,0.8911400655885179,1.0,0.6886657154935532,0.7583333333333333,9.43,10.931666666666667
2026-01-24 15:00:00+00:00,t2,1,0.955,0.7607165816042356,0.9509373514711223,1.0,0.6886657154935532,0.07166666666666667,9.24,10.811666666666667
2026-01-24 15:00:00+00:00,t2,2,0.955,0.7365670894229046,0.8910083559127836,1.0,0.6886657154935532,0.8183333333333334,9.43,10.811666666666667
2026-01-24 16:00:00+00:00,t1,1,0.9899999999999999,0.8403238028779596,0.9195543072807153,1.0,0.6380866269626422,0.023333333333333334,8.68,12.658333333333333
2026-01-24 16:00:00+00:00,t1,2,0.9899999999999999,0.801287379897341,0.8861244302328017,1.0,0.6380866269626422,0.6983333333333333,8.94,12.658333333333333
2026-01-24 16:00:00+00:00,t2,1,0.9899999999999999,0.7242721905153363,0.9191054829638491,1.0,0.6380866269626422,0.023333333333333334,8.68,12.585
2026-01-24 16:00:00+00:00,t2,2,0.9899999999999999,0.7209245030387672,0.8859927205570675,1.0,0.6380866269626422,0.6983333333333334,8.94,12.585
2026-01-24 17:00:00+00:00,t1,1,0.96,0.756813054394253,0.9127243349300302,1.0,0.621809413221861,0.03833333333333334,8.14,11.251666666666667
2026-01-24 17:00:00+00:00,t1,2,0.96,0.7297188838840445,0.8915704488733347,1.0,0.6380866269626422,0.9700000000000001,8.6,11.251666666666667
2026-01-24 17:00:00+00:00,t2,1,0.9899999999999999,0.6729526186530372,0.912275510613164,1.0,0.621809413221861,0.03833333333333334,8.14,12.008333333333333
2026-01-24 17:00:00+00:00,t2,2,0.9899999999999999,0.6972959163032202,0.8911216245564685,1.0,0.6380866269626422,0.965,8.6,12.008333333333333
2026-01-24 18:00:00+00:00,t1,1,0.9716666666666667,0.5899838725441763,0.8460531710496013,1.0,0.5595838549817422,0.01,7.55,10.41
2026-01-24 18:00:00+00:00,t1,2,0.9716666666666667,0.6462472043860943,0.8625038819684628,1.0,0.621809413221861,0.9883333333333333,8.27,10.41
2026-01-24 18:00:00+00:00,t2,1,0.9883333333333333,0.484631724444178,0.8456043467327351,1.0,0.5595838549817422,0.01,7.55,11.221666666666666
2026-01-24 18:00:00+00:00,t2,2,0.9883333333333333,0.6204973254401314,0.8620550576515966,1.0,0.621809413221861,0.9783333333333334,8.27,11.221666666666666
2026-01-24 19:00:00+00:00,t1,1,0.9766666666666666,0.5597162560330766,0.7889935001537369,1.0,0.5595838549817422,0.01,7.56,11.616666666666667
2026-01-24 19:00:00+00:00,t1,2,0.9766666666666666,0.5734417987987228,0.8704526500740962,1.0,0.621809413221861,0.9899999999999999,8.1,11.616666666666667
2026-01-24 19:00:00+00:00,t2,1,0.965,0.4634041912801748,0.7858049369944977,1.0,0.5595838549817422,0.01,7.56,11.410000000000002
2026-01-24 19:00:00+00:00,t2,2,0.965,0.4697208347094852,0.87000382575723,1.0,0.621809413221861,0.9816666666666666,8.1,11.410000000000002
2026-01-24 20:00:00+00:00,t1,1,0.6383333333333333,0.5750760813640734,0.7569123074981594,0.9933819275772421,0.533438938580799,0.01,7.4,8.868333333333334
2026-01-24 20:00:00+00:00,t1,2,0.6383333333333333,0.5565786088475202,0.8424404180782105,1.0,0.5595838549817422,0.9899999999999999,7.9,8.868333333333334
2026-01-24 20:00:00+00:00,t2,1,0.5499999999999999,0.49337413082206705,0.7537237443389202,0.9896305413627314,0.533438938580799,0.011666666666666667,7.4,8.526666666666666
2026-01-24 20:00:00+00:00,t2,2,0.5499999999999999,0.47148442408274605,0.8419915937613442,1.0,0.5595838549817422,0.985,7.9,8.526666666666666
2026-01-24 21:00:00+00:00,t1,1,0.295,0.46177313585048313,0.721656757354833,0.9945274264702053,0.533438938580799,0.01,7.24,6.371666666666667
2026-01-24 21:00:00+00:00,t1,2,0.295,0.4720629403358593,0.7425340489880686,1.0,0.5595838549817422,0.985,7.58,6.371666666666667
2026-01-24 21:00:00+00:00,t2,1,0.23833333333333337,0.3713785055810115,0.7172845821320207,0.9908413416200363,0.533438938580799,0.01,7.24,6.103333333333333
2026-01-24 21:00:00+00:00,t2,2,0.23833333333333337,0.41029692484361097,0.7384532667437295,1.0,0.5595838549817422,0.9816666666666666,7.58,6.103333333333333
2026-01-24 22:00:00+00:00,t1,1,0.49500000000000005,0.2999723497307105,0.6010296413605661,0.9516470819568726,0.46587952084773093,0.01,6.71,7.826666666666667
2026-01-24 22:00:00+00:00,t1,2,0.49500000000000005,0.4023376412529446,0.6872830392688986,1.0,0.533438938580799,0.8333333333333334,7.04,7.826666666666667
2026-01-24 22:00:00+00:00,t2,1,0.49,0.2233503626265066,0.5952576929034324,0.947757178199219,0.46587952084773093,0.01,6.71,8.09
2026-01-24 22:00:00+00:00,t2,2,0.49,0.33057733875250456,0.6817682866423779,0.9980795646919717,0.533438938580799,0.8316666666666667,7.04,8.09
2026-01-24 23:00:00+00:00,t1,1,0.5533333333333333,0.14293061698660864,0.5773422495055761,0.8700797328541101,0.40783563748079876,0.01,6.07,8.193333333333333
2026-01-24 23:00:00+00:00,t1,2,0.5533333333333333,0.27337390317570986,0.6224799297111332,0.9847033708441398,0.40783563748079876,0.4566666666666667,6.41,8.193333333333333
2026-01-24 23:00:00+00:00,t2,1,0.595,0.06395951494195774,0.5715703010484424,0.8681439046813613,0.40783563748079876,0.01,6.07,8.495
2026-01-24 23:00:00+00:00,t2,2,0.595,0.20291643406660234,0.6138782347294321,0.9794573035835487,0.40783563748079876,0.4666666666666666,6.41,8.495
2026-01-25 00:00:00+00:00,t1,1,0.13166666666666668,0.0,0.19562294772683023,0.6259634661289775,0.34551812937783266,0.01,5.96,5.253333333333333
2026-01-25 00:00:00+00:00,t1,2,0.13166666666666668,0.02924442490058104,0.35944887782239276,0.8988095387831841,0.34551812937783266,0.42333333333333334,5.52,5.253333333333333
2026-01-25 00:00:00+00:00,t2,1,0.1416666666666667,0.0,0.18985099926969642,0.6249297021452787,0.34551812937783266,0.01,5.96,5.614999999999999
2026-01-25 00:00:00+00:00,t2,2,0.1416666666666667,0.0,0.35367692936525913,0.8951348677647624,0.34551812937783266,0.43333333333333335,5.52,5.614999999999999
2026-01-25 01:00:00+00:00,t1,1,0.023333333333333334,0.009535060561803336,0.1777338819459784,0.42955330944603026,0.0898266827891979,0.03333333333333333,1.1,3.02
2026-01-25 01:00:00+00:00,t1,2,0.023333333333333334,0.0,0.17161416859992526,0.6200102324943951,0.1459803862401931,0.4566666666666667,3.44,3.02
2026-01-25 01:00:00+00:00,t2,1,0.023333333333333334,0.00673141081587388,0.17800312136004812,0.42955330944603026,0.0898266827891979,0.018333333333333333,1.1,2.9
2026-01-25 01:00:00+00:00,t2,2,0.023333333333333334,0.002298136438050032,0.16967955589033445,0.6188114634972204,0.1459803862401931,0.4666666666666666,3.44,2.9
2026-01-25 02:00:00+00:00,t1,1,0.35833333333333334,0.009535060561803336,0.03700960406197012,0.11390665896786126,0.17437129044610378,0.10833333333333332,3.61,7.31
2026-01-25 02:00:00+00:00,t1,2,0.35833333333333334,0.008871908369604055,0.10850523792456143,0.33538656361321184,0.10277016520894071,0.3,0.4,7.31
2026-01-25 02:00:00+00:00,t2,1,0.37333333333333335,0.007865598960358275,0.03653509397872465,0.11390665896786126,0.17437129044610378,0.03666666666666667,3.61,7.510000000000001
2026-01-25 02:00:00+00:00,t2,2,0.37333333333333335,0.007202464932371677,0.10971191705772154,0.33538656361321184,0.10277016520894071,0.3116666666666667,0.4,7.510000000000001
2026-01-25 03:00:00+00:00,t1,1,0.35333333333333333,0.009535060561803336,0.05245587868544393,0.05467408162248362,0.1459803862401931,0.71,3.49,7.208333333333333
2026-01-25 03:00:00+00:00,t1,2,0.35333333333333333,0.008871908369604055,0.040063016786961315,0.11760751767012356,0.10431543935643564,0.7200000000000001,2.14,7.208333333333333
2026-01-25 03:00:00+00:00,t2,1,0.37000000000000005,0.007651995561919698,0.05198136860219845,0.05467408162248362,0.1459803862401931,0.115,3.49,7.4433333333333325
2026-01-25 03:00:00+00:00,t2,2,0.37000000000000005,0.007057928255633039,0.039588506703715845,0.11760751767012356,0.10431543935643564,0.71,2.14,7.4433333333333325
2026-01-25 04:00:00+00:00,t1,1,0.14666666666666667,0.00332118233794175,0.00332118233794175,0.013108113764425246,0.10431543935643564,0.9716666666666667,2.49,6.0683333333333325
2026-01-25 04:00:00+00:00,t1,2,0.14666666666666667,0.008871908369604055,0.03857365363815475,0.1621645247333494,0.10431543935643564,0.8333333333333334,2.39,6.0683333333333325
2026-01-25 04:00:00+00:00,t2,1,0.13166666666666668,0.002000304153670175,0.002000304153670175,0.013108113764425246,0.10431543935643564,0.01,2.49,6.02
2026-01-25 04:00:00+00:00,t2,2,0.13166666666666668,0.0075314387031218104,0.03725277545388317,0.1619303016513597,0.10431543935643564,0.8483333333333333,2.39,6.02
2026-01-25 05:00:00+00:00,t1,1,0.06666666666666667,0.0040540384415769315,0.0040540384415769315,0.04681243719397493,0.0898266827891979,0.9899999999999999,1.25,4.72
2026-01-25 05:00:00+00:00,t1,2,0.06666666666666667,0.008871908369604055,0.028099056397044676,0.15100478151991786,0.0898266827891979,0.9049999999999999,1.1,4.72
2026-01-25 05:00:00+00:00,t2,1,0.06999999999999999,0.0035795283583314654,0.0035795283583314654,0.04681243719397493,0.0898266827891979,0.44,1.25,5.34
2026-01-25 05:00:00+00:00,t2,2,0.06999999999999999,0.007484534589012106,0.023709754102358656,0.15077055843792814,0.0898266827891979,0.9199999999999999,1.1,5.34
2026-01-25 06:00:00+00:00,t1,1,0.008333333333333333,0.0,0.0,0.06491254198462529,0.09097294306980487,0.9899999999999999,0.9,2.625
2026-01-25 06:00:00+00:00,t1,2,0.008333333333333333,0.008871908369604055,0.07660375051682115,0.1869703627090388,0.10344010868308474,0.5033333333333333,1.59,2.625
2026-01-25 06:00:00+00:00,t2,1,0.005,0.0,0.0,0.06491254198462529,0.09097294306980487,0.98,0.9,3.5549999999999997
2026-01-25 06:00:00+00:00,t2,2,0.005,0.007430058517740841,0.07612924043357569,0.1869703627090388,0.10344010868308474,0.47666666666666674,1.59,3.5549999999999997
2026-01-25 07:00:00+00:00,t1,1,0.01,0.009535060561803336,0.0669975021426834,0.0669975021426834,0.10344010868308474,0.8533333333333334,1.84,3.098333333333333
2026-01-25 07:00:00+00:00,t1,2,0.01,0.008871908369604055,0.13551953130536837,0.20226319661912145,0.13303917357062492,0.23333333333333336,2.62,3.098333333333333
2026-01-25 07:00:00+00:00,t2,1,0.01,0.007539096229361679,0.06742892238937516,0.06742892238937516,0.10344010868308474,0.6233333333333334,1.84,3.6383333333333336
2026-01-25 07:00:00+00:00,t2,2,0.01,0.006532981653619188,0.13595095155206008,0.20226319661912145,0.13303917357062492,0.25,2.62,3.6383333333333336
2026-01-25 08:00:00+00:00,t1,1,0.01,0.009535060561803336,0.1175764929148434,0.1175764929148434,0.10431543935643564,0.9899999999999999,2.45,2.6166666666666667
2026-01-25 08:00:00+00:00,t1,2,0.01,0.008871908369604055,0.08101218010386703,0.13354310109870884,0.10344010868308474,0.125,1.69,2.6166666666666667
2026-01-25 08:00:00+00:00,t2,1,0.008333333333333333,0.008873097687851423,0.11829930614000826,0.11829930614000826,0.10431543935643564,0.98,2.45,2.7883333333333336
2026-01-25 08:00:00+00:00,t2,2,0.008333333333333333,0.00912325741888925,0.08074426325466878,0.13354310109870884,0.10344010868308474,0.12833333333333333,1.69,2.7883333333333336
2026-01-25 09:00:00+00:00,t1,1,0.01,0.009535060561803336,0.11679583793976128,0.11679583793976128,0.10344010868308474,0.9899999999999999,1.78,1.8533333333333335
2026-01-25 09:00:00+00:00,t1,2,0.01,0.008871908369604055,0.1302009585934568,0.18616757405892068,0.10431543935643564,0.17166666666666666,2.12,1.8533333333333335
2026-01-25 09:00:00+00:00,t2,1,0.01,0.009157954930347918,0.11751865116492619,0.11751865116492619,0.10344010868308474,0.9816666666666666,1.78,1.9483333333333333
2026-01-25 09:00:00+00:00,t2,2,0.01,0.009707280928979907,0.1299330417442586,0.18616757405892068,0.10431543935643564,0.16833333333333333,2.12,1.9483333333333333
2026-01-25 10:00:00+00:00,t1,1,0.01,0.009535060561803336,0.13769242647826221,0.20463139949355855,0.10431543935643564,0.9866666666666667,2.3,2.901666666666667
2026-01-25 10:00:00+00:00,t1,2,0.01,0.008871908369604055,0.13310832488934657,0.26540787132863064,0.1459803862401931,0.3016666666666667,3.15,2.901666666666667
2026-01-25 10:00:00+00:00,t2,1,0.01,0.009277897309187015,0.1384152397034271,0.20463139949355855,0.10431543935643564,0.9899999999999999,2.3,3.3066666666666666
2026-01-25 10:00:00+00:00,t2,2,0.01,0.009506067488368386,0.13120875551844208,0.26540787132863064,0.1459803862401931,0.315,3.15,3.3066666666666666
2026-01-25 11:00:00+00:00,t1,1,0.01,0.0,0.18604551730164642,0.3968231325806975,0.29666767038040753,0.9883333333333333,5.02,1.8983333333333334
2026-01-25 11:00:00+00:00,t1,2,0.01,0.0,0.15902358709424066,0.48869715322031476,0.24396644031099302,0.65,4.98,1.8983333333333334
2026-01-25 11:00:00+00:00,t2,1,0.01,0.0,0.18493123235142203,0.39700434960863457,0.29666767038040753,0.985,5.02,1.8983333333333334
2026-01-25 11:00:00+00:00,t2,2,0.01,0.0,0.15156798378264336,0.488446767564232,0.24396644031099302,0.6533333333333333,4.98,1.8983333333333334
2026-01-25 12:00:00+00:00,t1,1,0.01,0.0,0.1744875652078458,0.4394005402101173,0.20381297203510923,0.9899999999999999,4.2,2.1366666666666667
2026-01-25 12:00:00+00:00,t1,2,0.01,0.0,0.1369018168372929,0.4097133404730259,0.34551812937783266,0.5233333333333333,5.67,2.1366666666666667
2026-01-25 12:00:00+00:00,t2,1,0.01,0.0,0.17229660285846815,0.43916631712812754,0.20381297203510923,0.9899999999999999,4.2,1.635
2026-01-25 12:00:00+00:00,t2,2,0.01,0.0,0.1292396202916484,0.4094791173910361,0.34551812937783266,0.5433333333333333,5.67,1.635
2026-01-25 13:00:00+00:00,t1,1,0.01,0.0,0.1581771249760454,0.44183702175675926,0.20381297203510923,0.9899999999999999,4.23,2.1133333333333333
2026-01-25 13:00:00+00:00,t1,2,0.01,0.008871908369604055,0.1451010577462541,0.4995057801148591,0.17437129044610378,0.36333333333333334,3.74,2.1133333333333333
2026-01-25 13:00:00+00:00,t2,1,0.01,0.0,0.15645469379139584,0.4416027986747695,0.20381297203510923,0.9899999999999999,4.23,1.9833333333333334
2026-01-25 13:00:00+00:00,t2,2,0.01,0.010863102935170241,0.1370373082002316,0.4995057801148591,0.17437129044610378,0.3833333333333333,3.74,1.9833333333333334
2026-01-25 14:00:00+00:00,t1,1,0.03666666666666667,0.009535060561803336,0.13525661133724667,0.3681079072530432,0.17437129044610378,0.9483333333333333,3.73,3.361666666666667
2026-01-25 14:00:00+00:00,t1,2,0.03666666666666667,0.008871908369604055,0.05386817118208306,0.25553745624215224,0.10431543935643564,0.15166666666666667,2.24,3.361666666666667
2026-01-25 14:00:00+00:00,t2,1,0.03333333333333333,0.01012297820089269,0.1335341801525971,0.3681079072530432,0.17437129044610378,0.9899999999999999,3.73,3.5933333333333333
2026-01-25 14:00:00+00:00,t2,2,0.03333333333333333,0.008991836309627103,0.052145739997433514,0.25553745624215224,0.10431543935643564,0.15333333333333335,2.24,3.5933333333333333
2026-01-25 15:00:00+00:00,t1,1,0.14833333333333334,0.009535060561803336,0.06220746468267087,0.23594998770388084,0.17437129044610378,0.9700000000000001,3.54,5.835
2026-01-25 15:00:00+00:00,t1,2,0.14833333333333334,0.008871908369604055,0.05709291372434779,0.17756430094822565,0.10431543935643564,0.07333333333333333,2.02,5.835
2026-01-25 15:00:00+00:00,t2,1,0.13333333333333333,0.00877207688173517,0.06133140159904745,0.23594998770388084,0.17437129044610378,0.955,3.54,5.736666666666667
2026-01-25 15:00:00+00:00,t2,2,0.13333333333333333,0.0077692820581044,0.0565339652818562,0.17756430094822565,0.10431543935643564,0.07166666666666667,2.02,5.736666666666667
2026-01-25 16:00:00+00:00,t1,1,0.20166666666666666,0.009535060561803336,0.03972632012525056,0.1687691888349365,0.13303917357062492,0.9899999999999999,2.99,6.1866666666666665
2026-01-25 16:00:00+00:00,t1,2,0.20166666666666666,0.008871908369604055,0.03115149629406266,0.13961054906018117,0.1459803862401931,0.023333333333333334,3.08,6.1866666666666665
2026-01-25 16:00:00+00:00,t2,1,0.215,0.008699190309728788,0.038850257041627125,0.1687691888349365,0.13303917357062492,0.9899999999999999,2.99,6.25
2026-01-25 16:00:00+00:00,t2,2,0.215,0.007574598599569519,0.030592547851571065,0.13961054906018117,0.1459803862401931,0.023333333333333334,3.08,6.25
2026-01-25 17:00:00+00:00,t1,1,0.33666666666666667,0.009535060561803336,0.030875512840244472,0.21743232388852934,0.10344010868308474,0.96,1.7,6.8500000000000005
2026-01-25 17:00:00+00:00,t1,2,0.33666666666666667,0.008871908369604055,0.027926903543103135,0.11007676729968545,0.10431543935643564,0.03833333333333334,2.48,6.8500000000000005
2026-01-25 17:00:00+00:00,t2,1,0.32666666666666666,0.008835956881423175,0.02999944975662104,0.21743232388852934,0.10344010868308474,0.9899999999999999,1.7,6.968333333333334
2026-01-25 17:00:00+00:00,t2,2,0.32666666666666666,0.00787886225194852,0.026204472358453593,0.11007676729968545,0.10431543935643564,0.03833333333333334,2.48,6.968333333333334
2026-01-25 18:00:00+00:00,t1,1,0.61,0.009535060561803336,0.01741050162363183,0.22963665312761755,0.09097294306980487,0.9716666666666667,0.52,8.146666666666667
2026-01-25 18:00:00+00:00,t1,2,0.61,0.008871908369604055,0.018338088058264482,0.22322427097284775,0.0898266827891979,0.01,1.19,8.146666666666667
2026-01-25 18:00:00+00:00,t2,1,0.5416666666666666,0.008142074691462673,0.016851553181140233,0.22963665312761755,0.09097294306980487,0.9883333333333333,0.52,7.871666666666667
2026-01-25 18:00:00+00:00,t2,2,0.5416666666666666,0.007549686953044888,0.010274338512242034,0.22305926595937187,0.0898266827891979,0.01,1.19,7.871666666666667
2026-01-25 19:00:00+00:00,t1,1,0.26833333333333337,0.009535060561803336,0.051694491690963205,0.28025424955297423,0.10344010868308474,0.9766666666666666,1.54,6.398333333333333
2026-01-25 19:00:00+00:00,t1,2,0.26833333333333337,0.008871908369604055,0.06999383367540161,0.31989788869251207,0.09097294306980487,0.01,0.67,6.398333333333333
2026-01-25 19:00:00+00:00,t2,1,0.22,0.007806402234352765,0.05113554324847161,0.28025424955297423,0.10344010868308474,0.965,1.54,6.22
2026-01-25 19:00:00+00:00,t2,2,0.22,0.007046099511585207,0.06943488523291003,0.31989788869251207,0.09097294306980487,0.01,0.67,6.22
2026-01-25 20:00:00+00:00,t1,1,0.22833333333333336,0.0,0.17874722959266018,0.5921091951522026,0.10431543935643564,0.6383333333333333,2.25,6.141666666666667
2026-01-25 20:00:00+00:00,t1,2,0.22833333333333336,0.0,0.1362704194092133,0.46913190881633143,0.1459803862401931,0.01,3.38,6.141666666666667
2026-01-25 20:00:00+00:00,t2,1,0.18166666666666667,0.011917936785923256,0.1819797542721996,0.5921091951522026,0.10431543935643564,0.5499999999999999,2.25,6.051666666666667
2026-01-25 20:00:00+00:00,t2,2,0.18166666666666667,0.0036116241997347313,0.13539435632558983,0.46913190881633143,0.1459803862401931,0.011666666666666667,3.38,6.051666666666667
2026-01-25 21:00:00+00:00,t1,1,0.295,0.00040444883884700885,0.16768342729671368,0.6723892078895992,0.17437129044610378,0.295,3.6,6.653333333333333
2026-01-25 21:00:00+00:00,t1,2,0.295,0.00979011804068742,0.1386002760413236,0.6149135500827586,0.17437129044610378,0.01,3.77,6.653333333333333
2026-01-25 21:00:00+00:00,t2,1,0.30666666666666664,0.0,0.17120734495472623,0.6723892078895992,0.17437129044610378,0.23833333333333337,3.6,6.7749999999999995
2026-01-25 21:00:00+00:00,t2,2,0.30666666666666664,0.003913715035655545,0.13766455456027687,0.6149135500827586,0.17437129044610378,0.01,3.77,6.7749999999999995
2026-01-25 22:00:00+00:00,t1,1,0.30666666666666664,0.036723988426367586,0.3184404749118001,0.8087743971591873,0.24396644031099302,0.49500000000000005,4.92,6.5566666666666675
2026-01-25 22:00:00+00:00,t1,2,0.30666666666666664,0.04047928846811241,0.32282496108213643,0.8616442271362917,0.17437129044610378,0.01,3.78,6.5566666666666675
2026-01-25 22:00:00+00:00,t2,1,0.31833333333333336,0.04751226273499516,0.3156124571800593,0.8082797398133701,0.24396644031099302,0.49,4.92,6.6933333333333325
2026-01-25 22:00:00+00:00,t2,2,0.31833333333333336,0.034966966502781416,0.31999694335039564,0.8613658730545521,0.17437129044610378,0.01,3.78,6.6933333333333325
2026-01-25 23:00:00+00:00,t1,1,0.27666666666666667,0.048719707833293935,0.3563887555311218,0.8907856463586196,0.29666767038040753,0.5533333333333333,5.18,6.611666666666667
2026-01-25 23:00:00+00:00,t1,2,0.27666666666666667,0.045949115540071334,0.4134491130958832,0.974695887777539,0.20381297203510923,0.01,4.46,6.611666666666667
2026-01-25 23:00:00+00:00,t2,1,0.22,0.05353488071354415,0.353560737799381,0.8897996861054716,0.29666767038040753,0.595,5.18,6.3116666666666665
2026-01-25 23:00:00+00:00,t2,2,0.22,0.03251576031267275,0.41062109536414243,0.9732796300975517,0.20381297203510923,0.01,4.46,6.3116666666666665
2026-01-26 00:00:00+00:00,t1,1,0.6033333333333334,0.05401494761643506,0.38162802935920037,0.9135751160148662,0.34551812937783266,0.13166666666666668,5.78,8.241666666666667
2026-01-26 00:00:00+00:00,t1,2,0.6033333333333334,0.0704583048269252,0.36749227450226774,0.938050255046744,0.46587952084773093,0.01,6.82,8.241666666666667
2026-01-26 00:00:00+00:00,t2,1,0.5299999999999999,0.05029446229680945,0.3788000116274596,0.9125750842241551,0.34551812937783266,0.1416666666666667,5.78,8.048333333333334
2026-01-26 00:00:00+00:00,t2,2,0.5299999999999999,0.060125683775391583,0.36323028638834537,0.9367539028525691,0.46587952084773093,0.01,6.82,8.048333333333334
2026-01-26 01:00:00+00:00,t1,1,0.2916666666666667,0.07498867398463072,0.44228828648551793,0.8914560007208404,0.46587952084773093,0.023333333333333334,6.51,6.488333333333333
2026-01-26 01:00:00+00:00,t1,2,0.2916666666666667,0.09705518864259424,0.4726146433634746,0.9351369842566977,0.40783563748079876,0.03333333333333333,6.39,6.488333333333333
2026-01-26 01:00:00+00:00,t2,1,0.27,0.08021935443046091,0.43946026875377714,0.8903221309060708,0.46587952084773093,0.023333333333333334,6.51,6.421666666666667
2026-01-26 01:00:00+00:00,t2,2,0.27,0.05827574203531137,0.46942608020423543,0.9323657873076051,0.40783563748079876,0.018333333333333333,6.39,6.421666666666667
2026-01-26 02:00:00+00:00,t1,1,0.2733333333333334,0.08825880880102514,0.40611327250087365,0.9155323423423262,0.46587952084773093,0.35833333333333334,6.81,6.378333333333334
2026-01-26 02:00:00+00:00,t1,2,0.2733333333333334,0.17583606220472975,0.4185043770084025,0.9296593086323551,0.46587952084773093,0.10833333333333332,6.75,6.378333333333334
2026-01-26 02:00:00+00:00,t2,1,0.20166666666666666,0.12370184116530925,0.4036868077695108,0.9100238412173679,0.46587952084773093,0.37333333333333335,6.81,6.165
2026-01-26 02:00:00+00:00,t2,2,0.20166666666666666,0.1326497138736044,0.4157173668495413,0.9266599478866154,0.46587952084773093,0.03666666666666667,6.75,6.165
2026-01-26 03:00:00+00:00,t1,1,0.3133333333333333,0.15293124707176922,0.42614499805063877,0.9168915391972813,0.46587952084773093,0.35333333333333333,6.95,6.666666666666667
2026-01-26 03:00:00+00:00,t1,2,0.3133333333333333,0.13711200548826244,0.47230582584167524,0.9543508164511522,0.46587952084773093,0.71,6.89,6.666666666666667
2026-01-26 03:00:00+00:00,t2,1,0.18666666666666668,0.15050792663444446,0.4233579878917776,0.9137276607624103,0.46587952084773093,0.37000000000000005,6.95,6.028333333333333
2026-01-26 03:00:00+00:00,t2,2,0.18666666666666668,0.1832956331977036,0.46951881568281406,0.9488332329793662,0.46587952084773093,0.115,6.89,6.028333333333333
2026-01-26 04:00:00+00:00,t1,1,0.2383333333333333,0.19340410052202023,0.5317771795442418,0.9748429829804927,0.5595838549817422,0.14666666666666667,7.63,6.341666666666666
2026-01-26 04:00:00+00:00,t1,2,0.2383333333333333,0.18220710029133652,0.4904953133540637,0.9870029617328759,0.533438938580799,0.9716666666666667,7.49,6.341666666666666
2026-01-26 04:00:00+00:00,t2,1,0.24,0.2932133924110562,0.5289901693853806,0.9698240332268575,0.5595838549817422,0.13166666666666668,7.63,6.4799999999999995
2026-01-26 04:00:00+00:00,t2,2,0.24,0.2713254245455063,0.4877083031952025,0.9821043096006582,0.533438938580799,0.01,7.49,6.4799999999999995
2026-01-26 05:00:00+00:00,t1,1,0.24333333333333332,0.5508575454940328,0.5896880290387073,1.0,0.6886657154935532,0.06666666666666667,9.03,6.3500000000000005
2026-01-26 05:00:00+00:00,t1,2,0.24333333333333332,0.38482609973115006,0.6376891194285542,0.9814185632856243,0.6380866269626422,0.9899999999999999,8.51,6.3500000000000005
2026-01-26 05:00:00+00:00,t2,1,0.245,0.45101215292366803,0.5869010188798461,0.9922261406340189,0.6886657154935532,0.06999999999999999,9.03,6.473333333333334
2026-01-26 05:00:00+00:00,t2,2,0.245,0.36771467523118856,0.634902109269693,0.9759147724758379,0.6380866269626422,0.44,8.51,6.473333333333334
2026-01-26 06:00:00+00:00,t1,1,0.4766666666666666,0.4452319973487093,0.7106989830384618,1.0,0.533438938580799,0.008333333333333333,7.02,7.658333333333334
2026-01-26 06:00:00+00:00,t1,2,0.4766666666666666,0.21077195835153964,0.5194462961705392,0.9837757668279509,0.46587952084773093,0.9899999999999999,6.79,7.658333333333334
2026-01-26 06:00:00+00:00,t2,1,0.5083333333333333,0.40085736016064993,0.7106517117219736,1.0,0.533438938580799,0.005,7.02,8.045
2026-01-26 06:00:00+00:00,t2,2,0.5083333333333333,0.20024741984835664,0.519399024854051,0.9811576953954462,0.46587952084773093,0.98,6.79,8.045
2026-01-26 07:00:00+00:00,t1,1,0.7983333333333333,0.5356889114690236,0.6907267772385912,1.0,0.5595838549817422,0.01,7.76,9.691666666666666
2026-01-26 07:00:00+00:00,t1,2,0.7983333333333333,0.2939146265716449,0.5738230864748249,0.9913649657992293,0.533438938580799,0.8533333333333334,7.43,9.691666666666666
2026-01-26 07:00:00+00:00,t2,1,0.8466666666666667,0.4464301602495276,0.690679505922103,1.0,0.5595838549817422,0.01,7.76,10.23
2026-01-26 07:00:00+00:00,t2,2,0.8466666666666667,0.2539786710924279,0.5737758151583368,0.9869898282911268,0.533438938580799,0.6233333333333334,7.43,10.23
2026-01-26 08:00:00+00:00,t1,1,0.7933333333333333,0.5782412963086109,0.8491144087715017,1.0,0.621809413221861,0.01,8.34,9.578333333333333
2026-01-26 08:00:00+00:00,t1,2,0.7933333333333333,0.4904117572137577,0.7777312290749308,1.0,0.621809413221861,0.9899999999999999,8.28,9.578333333333333
2026-01-26 08:00:00+00:00,t2,1,0.7966666666666667,0.5695842112645878,0.8490671374550135,1.0,0.621809413221861,0.008333333333333333,8.34,9.866666666666665
2026-01-26 08:00:00+00:00,t2,2,0.7966666666666667,0.5166110917909039,0.7776839577584426,1.0,0.621809413221861,0.98,8.28,9.866666666666665
2026-01-26 09:00:00+00:00,t1,1,0.7600000000000001,0.557473526928904,0.8943500790847376,1.0,0.5595838549817422,0.01,7.94,9.436666666666667
2026-01-26 09:00:00+00:00,t1,2,0.7600000000000001,0.5766545591093097,0.8667094270116136,1.0,0.6380866269626422,0.9899999999999999,8.55,9.436666666666667
2026-01-26 09:00:00+00:00,t2,1,0.75,0.624903172941498,0.8943028077682494,1.0,0.5595838549817422,0.01,7.94,9.61
2026-01-26 09:00:00+00:00,t2,2,0.75,0.5899733547571075,0.8666621556951254,1.0,0.6380866269626422,0.9816666666666666,8.55,9.61
2026-01-26 10:00:00+00:00,t1,1,0.6716666666666667,0.5366017292043732,0.8706509546546225,1.0,0.621809413221861,0.01,8.25,9.006666666666666
2026-01-26 10:00:00+00:00,t1,2,0.6716666666666667,0.580287888167091,0.8601382658111,1.0,0.6380866269626422,0.9866666666666667,8.77,9.006666666666666
2026-01-26 10:00:00+00:00,t2,1,0.7383333333333333,0.5727133265957467,0.8706036833381343,1.0,0.621809413221861,0.01,8.25,9.523333333333333
2026-01-26 10:00:00+00:00,t2,2,0.7383333333333333,0.6023748224392111,0.8600909944946118,1.0,0.6380866269626422,0.9899999999999999,8.77,9.523333333333333
2026-01-26 11:00:00+00:00,t1,1,0.6133333333333333,0.5202420409898872,0.8207543797431488,1.0,0.5595838549817422,0.01,7.96,8.663333333333332
2026-01-26 11:00:00+00:00,t1,2,0.6133333333333333,0.5756330834658498,0.856164727392213,1.0,0.621809413221861,0.9883333333333333,8.05,8.663333333333332
2026-01-26 11:00:00+00:00,t2,1,0.7016666666666667,0.5311715647766244,0.8179673695842876,1.0,0.5595838549817422,0.01,7.96,9.195
2026-01-26 11:00:00+00:00,t2,2,0.7016666666666667,0.5895060728475081,0.8533777172333519,1.0,0.621809413221861,0.985,8.05,9.195
2026-01-26 12:00:00+00:00,t1,1,0.39999999999999997,0.42467093917213844,0.7992021006462581,1.0,0.533438938580799,0.01,7.42,7.071666666666666
2026-01-26 12:00:00+00:00,t1,2,0.39999999999999997,0.46993687999987077,0.8035682858774763,1.0,0.5595838549817422,0.9899999999999999,7.62,7.071666666666666
2026-01-26 12:00:00+00:00,t2,1,0.48333333333333334,0.45991400242463976,0.7964150904873969,0.9980697054549101,0.533438938580799,0.01,7.42,7.989999999999999
2026-01-26 12:00:00+00:00,t2,2,0.48333333333333334,0.5218292722512515,0.8007812757186151,1.0,0.5595838549817422,0.9899999999999999,7.62,7.989999999999999
2026-01-26 13:00:00+00:00,t1,1,0.5,0.295444304753789,0.7150318140440652,1.0,0.533438938580799,0.01,7.21,7.585
2026-01-26 13:00:00+00:00,t1,2,0.5,0.38032455667571496,0.6687530299663015,1.0,0.533438938580799,0.9899999999999999,7.17,7.585
2026-01-26 13:00:00+00:00,t2,1,0.62,0.29399779347802907,0.711843250884826,1.0,0.533438938580799,0.01,7.21,8.526666666666666
2026-01-26 13:00:00+00:00,t2,2,0.62,0.36708056659981747,0.6625787255235113,1.0,0.533438938580799,0.9899999999999999,7.17,8.526666666666666
2026-01-26 14:00:00+00:00,t1,1,0.775,0.26748526865682287,0.6768014019784918,1.0,0.533438938580799,0.03666666666666667,7.32,9.248333333333333
2026-01-26 14:00:00+00:00,t1,2,0.775,0.14891925575505285,0.5965755315842117,0.9909529347523488,0.533438938580799,0.9483333333333333,7.12,9.248333333333333
2026-01-26 14:00:00+00:00,t2,1,0.8716666666666667,0.2989039483796159,0.6736128388192526,0.9990452102390165,0.533438938580799,0.03333333333333333,7.32,10.468333333333334
2026-01-26 14:00:00+00:00,t2,2,0.8716666666666667,0.1468861833499059,0.591695802212178,0.9867421494830686,0.533438938580799,0.9899999999999999,7.12,10.468333333333334
2026-01-26 15:00:00+00:00,t1,1,0.29833333333333334,0.27048491821671106,0.665914821489414,1.0,0.533438938580799,0.14833333333333334,7.47,6.1433333333333335
2026-01-26 15:00:00+00:00,t1,2,0.29833333333333334,0.11028974072928871,0.4848176698957768,0.952646323110189,0.533438938580799,0.9700000000000001,7.05,6.1433333333333335
2026-01-26 15:00:00+00:00,t2,1,0.3666666666666667,0.2830003588836555,0.6612922879479933,1.0,0.533438938580799,0.13333333333333333,7.47,6.916666666666667
2026-01-26 15:00:00+00:00,t2,2,0.3666666666666667,0.16262080221341688,0.47993794052374317,0.9493180174853437,0.533438938580799,0.955,7.05,6.916666666666667
2026-01-26 16:00:00+00:00,t1,1,0.16833333333333333,0.23705012332726,0.630759051364856,0.9966566511214562,0.5595838549817422,0.20166666666666666,7.78,4.911666666666666
2026-01-26 16:00:00+00:00,t1,2,0.16833333333333333,0.10531495463374543,0.3605417631706692,0.912530803078154,0.46587952084773093,0.9899999999999999,6.96,4.911666666666666
2026-01-26 16:00:00+00:00,t2,1,0.16666666666666666,0.24328969905602665,0.6261365178234353,0.9945129611138086,0.5595838549817422,0.215,7.78,5.043333333333333
2026-01-26 16:00:00+00:00,t2,2,0.16666666666666666,0.1597834281780272,0.3556620337986356,0.9086419179259964,0.46587952084773093,0.9899999999999999,6.96,5.043333333333333
2026-01-26 17:00:00+00:00,t1,1,0.6983333333333333,0.21127028731615818,0.650248054069667,0.9821992316374591,0.5595838549817422,0.33666666666666667,7.8,8.488333333333333
2026-01-26 17:00:00+00:00,t1,2,0.6983333333333333,0.05334927720523212,0.30974669681314104,0.7792741488994174,0.40783563748079876,0.96,6.16,8.488333333333333
2026-01-26 17:00:00+00:00,t2,1,0.6766666666666666,0.2403490070092658,0.6453341275497732,0.9792119752656284,0.5595838549817422,0.32666666666666666,7.8,8.626666666666667
2026-01-26 17:00:00+00:00,t2,2,0.6766666666666666,0.06540801692046558,0.3048669674411074,0.7777788591048843,0.40783563748079876,0.9899999999999999,6.16,8.626666666666667
2026-01-26 18:00:00+00:00,t1,1,0.9,0.2754186633501303,0.5463614974179856,0.9409585482838855,0.5595838549817422,0.61,7.95,9.941666666666668
2026-01-26 18:00:00+00:00,t1,2,0.9,0.0,0.3157459467906172,0.7759822981922,0.24396644031099302,0.9716666666666667,4.54,9.941666666666668
2026-01-26 18:00:00+00:00,t2,1,0.9266666666666666,0.23795301479554615,0.5401871929751954,0.9375799158554877,0.5595838549817422,0.5416666666666666,7.95,10.450000000000001
2026-01-26 18:00:00+00:00,t2,2,0.9266666666666666,0.0,0.31359691310987703,0.7730020202562221,0.24396644031099302,0.9883333333333333,4.54,10.450000000000001
2026-01-26 19:00:00+00:00,t1,1,0.65,0.23714567802981423,0.5107454136807542,0.9097980040627536,0.5595838549817422,0.26833333333333337,7.75,8.461666666666666
2026-01-26 19:00:00+00:00,t1,2,0.65,0.0,0.24649823809154867,0.6781967646744688,0.20381297203510923,0.9766666666666666,4.14,8.461666666666666
2026-01-26 19:00:00+00:00,t2,1,0.7050000000000001,0.23351765594028678,0.508066545026166,0.9072114485339167,0.5595838549817422,0.22,7.75,8.961666666666666
2026-01-26 19:00:00+00:00,t2,2,0.7050000000000001,0.0,0.24434920441080843,0.6752164867384909,0.20381297203510923,0.965,4.14,8.961666666666666
2026-01-26 20:00:00+00:00,t1,1,0.6233333333333334,0.13295594685523215,0.41181018842510275,0.8989338055846156,0.46587952084773093,0.22833333333333336,6.92,8.306666666666667
2026-01-26 20:00:00+00:00,t1,2,0.6233333333333334,0.0022967764666718972,0.25571837830498884,0.7130605805871078,0.17437129044610378,0.6383333333333333,3.66,8.306666666666667
2026-01-26 20:00:00+00:00,t2,1,0.6266666666666666,0.13273792297284717,0.40913131977051465,0.8946569488195217,0.46587952084773093,0.18166666666666667,6.92,8.581666666666667
2026-01-26 20:00:00+00:00,t2,2,0.6266666666666666,0.01113362319814233,0.2535693446242487,0.7109602347102426,0.17437129044610378,0.5499999999999999,3.66,8.581666666666667
2026-01-26 21:00:00+00:00,t1,1,0.48,0.0560016157091108,0.4153661354266007,0.834887250633024,0.34551812937783266,0.295,5.75,7.666666666666667
2026-01-26 21:00:00+00:00,t1,2,0.48,0.0,0.12260358238142434,0.6189731051742032,0.1459803862401931,0.295,3.32,7.666666666666667
2026-01-26 21:00:00+00:00,t2,1,0.49,0.045610880608923585,0.41343152271701006,0.8326818633956679,0.34551812937783266,0.30666666666666664,5.75,7.836666666666667
2026-01-26 21:00:00+00:00,t2,2,0.49,0.0,0.11898778045542803,0.6172513497011667,0.1459803862401931,0.23833333333333337,3.32,7.836666666666667
2026-01-26 22:00:00+00:00,t1,1,0.935,0.052024456450414425,0.33722503983631785,0.7830901558017956,0.24396644031099302,0.30666666666666664,4.9,10.598333333333333
2026-01-26 22:00:00+00:00,t1,2,0.935,0.0,0.10997629096148816,0.6070043422470056,0.13303917357062492,0.49500000000000005,2.96,10.598333333333333
2026-01-26 22:00:00+00:00,t2,1,0.935,0.03700023192243865,0.3352904271267272,0.7800306111895592,0.24396644031099302,0.31833333333333336,4.9,11.051666666666668
2026-01-26 22:00:00+00:00,t2,2,0.935,0.0012270744327468322,0.10636048903549185,0.6031527425722453,0.13303917357062492,0.49,2.96,11.051666666666668
2026-01-26 23:00:00+00:00,t1,1,0.6849999999999999,0.016117023998008885,0.20771538490226027,0.7184121307242964,0.20381297203510923,0.27666666666666667,4.14,8.873333333333333
2026-01-26 23:00:00+00:00,t1,2,0.6849999999999999,0.008871908369604055,0.14622990531787414,0.4739298851205043,0.10344010868308474,0.5533333333333333,1.85,8.873333333333333
2026-01-26 23:00:00+00:00,t2,1,0.6733333333333333,0.0,0.20578077219266946,0.7180129026288308,0.20381297203510923,0.22,4.14,8.993333333333334
2026-01-26 23:00:00+00:00,t2,2,0.6733333333333333,0.006048418450826837,0.14261410339187777,0.47142077173048696,0.10344010868308474,0.595,1.85,8.993333333333334
2026-01-27 00:00:00+00:00,t1,1,0.4066666666666667,0.0,0.022338635411125095,0.34325630014783176,0.24396644031099302,0.6033333333333334,4.63,7.111666666666667
2026-01-27 00:00:00+00:00,t1,2,0.4066666666666667,0.008871908369604055,0.08822847313218544,0.41146537427137864,0.0898266827891979,0.13166666666666668,1.12,7.111666666666667
2026-01-27 00:00:00+00:00,t2,1,0.28833333333333333,0.0,0.01745890603909135,0.3428570720523661,0.24396644031099302,0.5299999999999999,4.63,6.376666666666666
2026-01-27 00:00:00+00:00,t2,2,0.28833333333333333,0.007269219833877202,0.08766952468969386,0.41118702018963904,0.0898266827891979,0.1416666666666667,1.12,6.376666666666666
2026-01-27 01:00:00+00:00,t1,1,0.03166666666666667,0.009535060561803336,0.06672709872085554,0.1629037726345149,0.17437129044610378,0.2916666666666667,3.72,3.408333333333333
2026-01-27 01:00:00+00:00,t1,2,0.03166666666666667,0.008871908369604055,0.0632350935287145,0.29868897393888344,0.10344010868308474,0.023333333333333334,1.56,3.408333333333333
2026-01-27 01:00:00+00:00,t2,1,0.028333333333333332,0.0,0.06184736934882184,0.16250454453904928,0.17437129044610378,0.27,3.72,3.6799999999999997
2026-01-27 01:00:00+00:00,t2,2,0.028333333333333332,0.006119881169623265,0.05517134398269211,0.29852396892540756,0.10344010868308474,0.023333333333333334,1.56,3.6799999999999997
2026-01-27 02:00:00+00:00,t1,1,0.013333333333333334,0.009535060561803336,0.04018346911492281,0.14265502106406094,0.10431543935643564,0.2733333333333334,2.3,2.155
2026-01-27 02:00:00+00:00,t1,2,0.013333333333333334,0.008871908369604055,0.03905506433006356,0.1758052919739525,0.10344010868308474,0.35833333333333334,1.71,2.155
2026-01-27 02:00:00+00:00,t2,1,0.013333333333333334,0.006907524807407801,0.03579416682023679,0.14265502106406094,0.10431543935643564,0.20166666666666666,2.3,2.2600000000000002
2026-01-27 02:00:00+00:00,t2,2,0.013333333333333334,0.00702427203571703,0.031392867784419076,0.1754060638784869,0.10344010868308474,0.37333333333333335,1.71,2.2600000000000002
2026-01-27 03:00:00+00:00,t1,1,0.01,0.00944603179966477,0.00944603179966477,0.15014412226986426,0.09097294306980487,0.3133333333333333,0.66,0.785
2026-01-27 03:00:00+00:00,t1,2,0.01,0.008871908369604055,0.0539252163183572,0.1492875627984815,0.0898266827891979,0.35333333333333333,1.36,0.785
2026-01-27 03:00:00+00:00,t2,1,0.01,0.007212301435474377,0.008971521716419307,0.15014412226986426,0.09097294306980487,0.18666666666666668,0.66,0.815
2026-01-27 03:00:00+00:00,t2,2,0.01,0.006709605787700726,0.046263019772712716,0.14888833470301588,0.0898266827891979,0.37000000000000005,1.36,0.815
2026-01-27 04:00:00+00:00,t1,1,0.01,0.009535060561803336,0.016641199543928065,0.11571930648566894,0.10277016520894071,0.2383333333333333,0.22,2.21
2026-01-27 04:00:00+00:00,t1,2,0.01,0.008871908369604055,0.025086534707079146,0.1261383343068038,0.0898266827891979,0.14666666666666667,1.22,2.21
2026-01-27 04:00:00+00:00,t2,1,0.008333333333333333,0.007030717287417336,0.0161666894606826,0.11571930648566894,0.10277016520894071,0.24,0.22,1.7933333333333337
2026-01-27 04:00:00+00:00,t2,2,0.008333333333333333,0.006238023161325264,0.017424338161434672,0.12655377441673063,0.0898266827891979,0.13166666666666668,1.22,1.7933333333333337
2026-01-27 05:00:00+00:00,t1,1,0.01,0.009535060561803336,0.010693621900775996,0.07687119950408347,0.09097294306980487,0.24333333333333332,0.75,1.8033333333333335
2026-01-27 05:00:00+00:00,t1,2,0.01,0.008386671482830212,0.008386671482830212,0.18907668246174889,0.0898266827891979,0.06666666666666667,1.35,1.8033333333333335
2026-01-27 05:00:00+00:00,t2,1,0.01,0.006606981158565526,0.010219111817530527,0.07687119950408347,0.09097294306980487,0.245,0.75,1.79
2026-01-27 05:00:00+00:00,t2,2,0.01,0.006102169209641057,0.007912161399584745,0.18907668246174889,0.0898266827891979,0.06999999999999999,1.35,1.79
2026-01-27 06:00:00+00:00,t1,1,0.01,0.009535060561803336,0.036425852432181195,0.06925550274075282,0.09097294306980487,0.4766666666666666,0.51,1.49
2026-01-27 06:00:00+00:00,t1,2,0.01,0.008871908369604055,0.03369494342787755,0.09346726397726078,0.09097294306980487,0.008333333333333333,0.99,1.49
2026-01-27 06:00:00+00:00,t2,1,0.01,0.007442788398820491,0.035951342348935725,0.06925550274075282,0.09097294306980487,0.5083333333333333,0.51,1.3966666666666665
2026-01-27 06:00:00+00:00,t2,2,0.01,0.0068864512065545756,0.033220433344632094,0.09346726397726078,0.09097294306980487,0.005,0.99,1.3966666666666665
2026-01-27 07:00:00+00:00,t1,1,0.01,0.009535060561803336,0.04261466563317779,0.07066479269627729,0.09097294306980487,0.7983333333333333,0.94,2.0883333333333334
2026-01-27 07:00:00+00:00,t1,2,0.01,0.008871908369604055,0.03887004062857453,0.0683460129128144,0.09097294306980487,0.01,0.69,2.0883333333333334
2026-01-27 07:00:00+00:00,t2,1,0.01,0.00780516929855791,0.04214015554993232,0.07066479269627729,0.09097294306980487,0.8466666666666667,0.94,1.8933333333333333
2026-01-27 07:00:00+00:00,t2,2,0.01,0.006641824488066338,0.03839553054532906,0.0683460129128144,0.09097294306980487,0.01,0.69,1.8933333333333333
2026-01-27 08:00:00+00:00,t1,1,0.01,0.009535060561803336,0.04327530078367496,0.0643960307860261,0.09097294306980487,0.7933333333333333,0.51,1.5899999999999999
2026-01-27 08:00:00+00:00,t1,2,0.01,0.008871908369604055,0.02683108314177517,0.09939153601066943,0.0898266827891979,0.01,1.07,1.5899999999999999
2026-01-27 08:00:00+00:00,t2,1,0.01,0.008335931007799677,0.04280079070042949,0.0643960307860261,0.09097294306980487,0.7966666666666667,0.51,1.5966666666666667
2026-01-27 08:00:00+00:00,t2,2,0.01,0.007020467085484509,0.0263565730585297,0.09939153601066943,0.0898266827891979,0.008333333333333333,1.07,1.5966666666666667
2026-01-27 09:00:00+00:00,t1,1,0.01,0.009535060561803336,0.036918696980470136,0.055267175712986547,0.10277016520894071,0.7600000000000001,0.18,1.0066666666666666
2026-01-27 09:00:00+00:00,t1,2,0.01,0.008871908369604055,0.03558019279711521,0.11113620264605256,0.0898266827891979,0.01,1.02,1.0066666666666666
2026-01-27 09:00:00+00:00,t2,1,0.01,0.008825727436207494,0.036444186897224666,0.055267175712986547,0.10277016520894071,0.75,0.18,0.915
2026-01-27 09:00:00+00:00,t2,2,0.01,0.008070454858259043,0.03510568271386974,0.11113620264605256,0.0898266827891979,0.01,1.02,0.915
2026-01-27 10:00:00+00:00,t1,1,0.01,0.009535060561803336,0.057544342940492654,0.07991671258709851,0.10277016520894071,0.6716666666666667,0.4,1.085
2026-01-27 10:00:00+00:00,t1,2,0.01,0.008871908369604055,0.05438403879492943,0.07889236056693605,0.10277016520894071,0.01,0.21,1.085
2026-01-27 10:00:00+00:00,t2,1,0.01,0.00890722698763321,0.057069832857247184,0.07991671258709851,0.10277016520894071,0.7383333333333333,0.4,0.89
2026-01-27 10:00:00+00:00,t2,2,0.01,0.008259575288551807,0.05390952871168396,0.07889236056693605,0.10277016520894071,0.01,0.21,0.89
2026-01-27 11:00:00+00:00,t1,1,0.01,0.009535060561803336,0.04764286512859946,0.19487223472592963,0.09097294306980487,0.6133333333333333,0.99,0.9383333333333335
2026-01-27 11:00:00+00:00,t1,2,0.01,0.008871908369604055,0.08931205480158283,0.11204945990229163,0.09097294306980487,0.01,0.65,0.9383333333333335
2026-01-27 11:00:00+00:00,t2,1,0.01,0.009062216821030986,0.04716835504535399,0.19487223472592963,0.09097294306980487,0.7016666666666667,0.99,0.945
2026-01-27 11:00:00+00:00,t2,2,0.01,0.008291084227596926,0.08883754471833737,0.11204945990229163,0.09097294306980487,0.01,0.65,0.945
2026-01-27 12:00:00+00:00,t1,1,0.01,0.009535060561803336,0.06743246684239647,0.20951860190444102,0.1459803862401931,0.39999999999999997,3.33,0.685
2026-01-27 12:00:00+00:00,t1,2,0.01,0.008871908369604055,0.02519602461078456,0.13959160641671672,0.09097294306980487,0.01,0.76,0.685
2026-01-27 12:00:00+00:00,t2,1,0.01,0.009709442790856995,0.06611158865812489,0.2091193738089754,0.1459803862401931,0.48333333333333334,3.33,0.73
2026-01-27 12:00:00+00:00,t2,2,0.01,0.008249273765975335,0.024721514527539096,0.13959160641671672,0.09097294306980487,0.01,0.76,0.73
2026-01-27 13:00:00+00:00,t1,1,0.01,0.009535060561803336,0.11382006757423874,0.26347210563772155,0.17437129044610378,0.5,3.51,0.555
2026-01-27 13:00:00+00:00,t1,2,0.01,0.008871908369604055,0.039889584898952155,0.13809340375452625,0.0898266827891979,0.01,1.21,0.555
2026-01-27 13:00:00+00:00,t2,1,0.01,0.01081224680756311,0.1120976363895892,0.2632378825557318,0.17437129044610378,0.62,3.51,0.6749999999999999
2026-01-27 13:00:00+00:00,t2,2,0.01,0.008042393357180195,0.03933063645646056,0.13809340375452625,0.0898266827891979,0.01,1.21,0.6749999999999999
2026-01-27 14:00:00+00:00,t1,1,0.01,0.009535060561803336,0.13281140405644073,0.29545051946003276,0.17437129044610378,0.775,3.83,1.3499999999999999
2026-01-27 14:00:00+00:00,t1,2,0.01,0.008871908369604055,0.03803612592970674,0.19851876109137231,0.0898266827891979,0.03666666666666667,1.3,1.3499999999999999
2026-01-27 14:00:00+00:00,t2,1,0.01,0.015329929261303991,0.13108897287179117,0.295216296378043,0.17437129044610378,0.8716666666666667,3.83,1.4799999999999998
2026-01-27 14:00:00+00:00,t2,2,0.01,0.008325577611719941,0.03631369474505719,0.19851876109137231,0.0898266827891979,0.03333333333333333,1.3,1.4799999999999998
2026-01-27 15:00:00+00:00,t1,1,0.016666666666666666,0.0,0.11512166154627868,0.31338068800941443,0.20381297203510923,0.29833333333333334,4.45,4.111666666666667
2026-01-27 15:00:00+00:00,t1,2,0.016666666666666666,0.008871908369604055,0.03794385716656442,0.18051928619878316,0.10344010868308474,0.14833333333333334,1.69,4.111666666666667
2026-01-27 15:00:00+00:00,t2,1,0.013333333333333334,0.0,0.11339923036162913,0.31314646492742465,0.20381297203510923,0.3666666666666667,4.45,4.295
2026-01-27 15:00:00+00:00,t2,2,0.013333333333333334,0.008384669737760813,0.03622142598191487,0.18065105631559727,0.10344010868308474,0.13333333333333333,1.69,4.295
2026-01-27 16:00:00+00:00,t1,1,0.008333333333333333,0.0,0.13068431443185974,0.3213195238156627,0.24396644031099302,0.16833333333333333,4.52,3.24
2026-01-27 16:00:00+00:00,t1,2,0.008333333333333333,0.008871908369604055,0.06313452582339789,0.2283037773866351,0.10344010868308474,0.20166666666666666,1.86,3.24
2026-01-27 16:00:00+00:00,t2,1,0.006666666666666667,0.0,0.12896188324721017,0.3210853007336729,0.24396644031099302,0.16666666666666666,4.52,2.7883333333333336
2026-01-27 16:00:00+00:00,t2,2,0.006666666666666667,0.008183990090330858,0.061412094638748346,0.2284355475034492,0.10344010868308474,0.215,1.86,2.7883333333333336
2026-01-27 17:00:00+00:00,t1,1,0.01,0.0,0.14632449716782026,0.357755117586328,0.20381297203510923,0.6983333333333333,4.15,3.185
2026-01-27 17:00:00+00:00,t1,2,0.01,0.008871908369604055,0.0606356810620188,0.23005999411702077,0.10344010868308474,0.33666666666666667,1.92,3.185
2026-01-27 17:00:00+00:00,t2,1,0.008333333333333333,0.0,0.14460206598317069,0.3575208945043382,0.20381297203510923,0.6766666666666666,4.15,3.1166666666666667
2026-01-27 17:00:00+00:00,t2,2,0.008333333333333333,0.008362415496903813,0.05891324987736925,0.23002675922035898,0.10344010868308474,0.32666666666666666,1.92,3.1166666666666667
2026-01-27 18:00:00+00:00,t1,1,0.01,0.0,0.10726528500809204,0.30868371483585627,0.24396644031099302,0.9,4.59,1.2416666666666667
2026-01-27 18:00:00+00:00,t1,2,0.01,0.008871908369604055,0.0626372416862616,0.1922226081314806,0.13303917357062492,0.61,2.91,1.2416666666666667
2026-01-27 18:00:00+00:00,t2,1,0.01,0.0,0.1055428538234425,0.3084494917538665,0.24396644031099302,0.9266666666666666,4.59,1.2783333333333333
2026-01-27 18:00:00+00:00,t2,2,0.01,0.00847915274229843,0.060914810501612036,0.1923543782482947,0.13303917357062492,0.5416666666666666,2.91,1.2783333333333333
2026-01-27 19:00:00+00:00,t1,1,0.01,0.0,0.11579153156290214,0.2827474069135861,0.20381297203510923,0.65,4.1,1.2983333333333333
2026-01-27 19:00:00+00:00,t1,2,0.01,0.008871908369604055,0.11037697465441519,0.2331450384460511,0.1459803862401931,0.26833333333333337,3.35,1.2983333333333333
2026-01-27 19:00:00+00:00,t2,1,0.01,0.0,0.1140691003782526,0.2825131838315963,0.20381297203510923,0.7050000000000001,4.1,1.2416666666666667
2026-01-27 19:00:00+00:00,t2,2,0.01,0.008321697555674789,0.10865454346976565,0.23327680856286523,0.1459803862401931,0.22,3.35,1.2416666666666667
2026-01-27 20:00:00+00:00,t1,1,0.01,0.0,0.0897487257074714,0.29253773476428196,0.20381297203510923,0.6233333333333334,4.37,1.2616666666666667
2026-01-27 20:00:00+00:00,t1,2,0.01,0.008871908369604055,0.14640964276521784,0.2557367579998672,0.17437129044610378,0.22833333333333336,3.68,1.2616666666666667
2026-01-27 20:00:00+00:00,t2,1,0.01,0.0,0.08802629452282186,0.2923035116822922,0.20381297203510923,0.6266666666666666,4.37,1.3766666666666667
2026-01-27 20:00:00+00:00,t2,2,0.01,0.008344897972667189,0.14468721158056827,0.26244381334871425,0.17437129044610378,0.18166666666666667,3.68,1.3766666666666667
2026-01-27 21:00:00+00:00,t1,1,0.01,0.0,0.09347384728536749,0.2503247697498435,0.24396644031099302,0.48,4.75,0.5783333333333333
2026-01-27 21:00:00+00:00,t1,2,0.01,0.0,0.10250256530702932,0.21899807363332116,0.20381297203510923,0.295,4.14,0.5783333333333333
2026-01-27 21:00:00+00:00,t2,1,0.01,0.0,0.09175141610071795,0.2500905466678538,0.24396644031099302,0.49,4.75,0.8850000000000001
2026-01-27 21:00:00+00:00,t2,2,0.01,0.0,0.10078013412237978,0.21876385055133143,0.20381297203510923,0.30666666666666664,4.14,0.8850000000000001
2026-01-27 22:00:00+00:00,t1,1,0.01,0.0,0.09995076044731441,0.2651087940837412,0.24396644031099302,0.935,4.88,1.0316666666666665
2026-01-27 22:00:00+00:00,t1,2,0.01,0.0,0.10859743542667746,0.24050203691664707,0.24396644031099302,0.30666666666666664,4.67,1.0316666666666665
2026-01-27 22:00:00+00:00,t2,1,0.01,0.0,0.09822832926266487,0.26485840842765834,0.24396644031099302,0.935,4.88,0.9400000000000001
2026-01-27 22:00:00+00:00,t2,2,0.01,0.0,0.10687500424202792,0.2402516512605643,0.24396644031099302,0.31833333333333336,4.67,0.9400000000000001
2026-01-27 23:00:00+00:00,t1,1,0.01,0.0,0.07031816298492512,0.22691052794935454,0.29666767038040753,0.6849999999999999,5.17,0.7966666666666667
2026-01-27 23:00:00+00:00,t1,2,0.01,0.0,0.15084614926006282,0.33382445253935944,0.34551812937783266,0.27666666666666667,5.6,0.7966666666666667
2026-01-27 23:00:00+00:00,t2,1,0.01,0.0,0.06859573180027558,0.22667630486736481,0.29666767038040753,0.6733333333333333,5.17,0.86
2026-01-27 23:00:00+00:00,t2,2,0.01,0.0,0.14912371807541325,0.3335740668832767,0.34551812937783266,0.22,5.6,0.86
2026-01-28 00:00:00+00:00,t1,1,0.01,0.0,0.1248184670674135,0.3670528066905667,0.20381297203510923,0.4066666666666667,4.03,1.1966666666666665
2026-01-28 00:00:00+00:00,t1,2,0.01,0.0,0.1514937405876548,0.43132415500381416,0.40783563748079876,0.6033333333333334,6.41,1.1966666666666665
2026-01-28 00:00:00+00:00,t2,1,0.01,0.0,0.12309603588276401,0.3668185836085769,0.20381297203510923,0.28833333333333333,4.03,1.14
2026-01-28 00:00:00+00:00,t2,2,0.01,0.0,0.14342999104163234,0.4310737693477314,0.40783563748079876,0.5299999999999999,6.41,1.14
2026-01-28 01:00:00+00:00,t1,1,0.01,0.0,0.10240203823812513,0.36357850388635105,0.20381297203510923,0.03166666666666667,4.16,2.478333333333333
2026-01-28 01:00:00+00:00,t1,2,0.01,0.0,0.15462339466381442,0.43992157630105855,0.29666767038040753,0.2916666666666667,5.32,2.478333333333333
2026-01-28 01:00:00+00:00,t2,1,0.008333333333333333,0.0,0.10010091586684268,0.3631792757908854,0.20381297203510923,0.028333333333333332,4.16,2.6983333333333337
2026-01-28 01:00:00+00:00,t2,2,0.008333333333333333,0.0,0.15290096347916485,0.4395061856314998,0.29666767038040753,0.27,5.32,2.6983333333333337
2026-01-28 02:00:00+00:00,t1,1,0.03666666666666667,0.0,0.09163127976154166,0.3560737358997505,0.20381297203510923,0.013333333333333334,4.47,4.235
2026-01-28 02:00:00+00:00,t1,2,0.03666666666666667,0.0,0.09771374963796813,0.2986899540856777,0.34551812937783266,0.2733333333333334,5.65,4.235
2026-01-28 02:00:00+00:00,t2,1,0.03,0.0,0.09299048202221971,0.35567450780428483,0.20381297203510923,0.013333333333333334,4.47,4.833333333333333
2026-01-28 02:00:00+00:00,t2,2,0.03,0.0,0.09639287145369654,0.2982745634161191,0.34551812937783266,0.20166666666666666,5.65,4.833333333333333
2026-01-28 03:00:00+00:00,t1,1,0.04,0.0,0.07746000714252356,0.40814504452013595,0.20381297203510923,0.01,4.26,3.9916666666666667
2026-01-28 03:00:00+00:00,t1,2,0.04,0.0,0.12381946395172755,0.3433278025200723,0.34551812937783266,0.3133333333333333,5.84,3.9916666666666667
2026-01-28 03:00:00+00:00,t2,1,0.03166666666666667,0.0,0.07247789104182874,0.4077458164246703,0.20381297203510923,0.01,4.26,3.4950000000000006
2026-01-28 03:00:00+00:00,t2,2,0.03166666666666667,0.0,0.12249858576745595,0.3429124118505135,0.34551812937783266,0.18666666666666668,5.84,3.4950000000000006
2026-01-28 04:00:00+00:00,t1,1,0.01,0.009535060561803336,0.07492475517358632,0.4024914063571395,0.17437129044610378,0.01,3.77,1.5250000000000001
2026-01-28 04:00:00+00:00,t1,2,0.01,0.0,0.09289574342733388,0.33063962350944104,0.29666767038040753,0.2383333333333333,5.17,1.5250000000000001
2026-01-28 04:00:00+00:00,t2,1,0.01,0.011699651188030858,0.0699426390728915,0.4024914063571395,0.17437129044610378,0.008333333333333333,3.77,1.24
2026-01-28 04:00:00+00:00,t2,2,0.01,0.0,0.0915748652430623,0.3308208405373781,0.29666767038040753,0.24,5.17,1.24
2026-01-28 05:00:00+00:00,t1,1,0.01,0.009535060561803336,0.10717896831096406,0.315689830693243,0.13303917357062492,0.01,2.63,0.81
2026-01-28 05:00:00+00:00,t1,2,0.01,0.008871908369604055,0.062156879920316356,0.2068809913612474,0.1459803862401931,0.24333333333333332,3.37,0.81
2026-01-28 05:00:00+00:00,t2,1,0.01,0.01394860906811377,0.10938453867266824,0.315689830693243,0.13303917357062492,0.01,2.63,0.9483333333333333
2026-01-28 05:00:00+00:00,t2,2,0.01,0.005988329376190859,0.06083600173604476,0.2068809913612474,0.1459803862401931,0.245,3.37,0.9483333333333333
2026-01-28 06:00:00+00:00,t1,1,0.01,0.009535060561803336,0.03713019252682869,0.13387546687598362,0.1459803862401931,0.01,3.2,1.0333333333333334
2026-01-28 06:00:00+00:00,t1,2,0.01,0.008871908369604055,0.04415537290379023,0.17148212263247367,0.13303917357062492,0.4766666666666666,2.53,1.0333333333333334
2026-01-28 06:00:00+00:00,t2,1,0.01,0.007733841507799282,0.03785300575199355,0.13387546687598362,0.1459803862401931,0.01,3.2,1.025
2026-01-28 06:00:00+00:00,t2,2,0.01,0.006659886155668347,0.04368086282054476,0.17148212263247367,0.13303917357062492,0.5083333333333333,2.53,1.025
2026-01-28 07:00:00+00:00,t1,1,0.01,0.009535060561803336,0.0680838188645034,0.18866503063850876,0.10431543935643564,0.01,2.42,1.1816666666666666
2026-01-28 07:00:00+00:00,t1,2,0.01,0.008871908369604055,0.03621115940855525,0.14500271351067867,0.10344010868308474,0.7983333333333333,1.85,1.1816666666666666
2026-01-28 07:00:00+00:00,t2,1,0.01,0.008817883782101894,0.06703061759462503,0.18866503063850876,0.10431543935643564,0.01,2.42,1.1816666666666666
2026-01-28 07:00:00+00:00,t2,2,0.01,0.007314509898347142,0.03573664932530978,0.14500271351067867,0.10344010868308474,0.8466666666666667,1.85,1.1816666666666666
2026-01-28 08:00:00+00:00,t1,1,0.01,0.009535060561803336,0.06569259373184497,0.11219037067603205,0.10344010868308474,0.01,1.69,2.37
2026-01-28 08:00:00+00:00,t1,2,0.01,0.008871908369604055,0.019607859648269197,0.12275000691528562,0.10344010868308474,0.7933333333333333,1.87,2.37
2026-01-28 08:00:00+00:00,t2,1,0.01,0.008739256674420307,0.0645783087816206,0.11219037067603205,0.10344010868308474,0.01,1.69,2.3866666666666667
2026-01-28 08:00:00+00:00,t2,2,0.01,0.007380861171500582,0.018286981463997622,0.12275000691528562,0.10344010868308474,0.7966666666666667,1.87,2.3866666666666667
2026-01-28 09:00:00+00:00,t1,1,0.01,0.009535060561803336,0.05481027883129538,0.10560282455187558,0.10344010868308474,0.01,1.56,1.7149999999999999
2026-01-28 09:00:00+00:00,t1,2,0.01,0.008871908369604055,0.058564395334358,0.13677105500854708,0.0898266827891979,0.7600000000000001,1.12,1.7149999999999999
2026-01-28 09:00:00+00:00,t2,1,0.01,0.008758265347780082,0.053695993881071005,0.10560282455187558,0.10344010868308474,0.01,1.56,1.6199999999999999
2026-01-28 09:00:00+00:00,t2,2,0.01,0.008645107407518117,0.05899581558104974,0.13677105500854708,0.0898266827891979,0.75,1.12,1.6199999999999999
2026-01-28 10:00:00+00:00,t1,1,0.01,0.009535060561803336,0.07212449591409258,0.09326395207873603,0.10277016520894071,0.01,0.25,4.428333333333334
2026-01-28 10:00:00+00:00,t1,2,0.01,0.008871908369604055,0.09655482024851515,0.13569023225157525,0.0898266827891979,0.6716666666666667,1.2,4.428333333333334
2026-01-28 10:00:00+00:00,t2,1,0.051666666666666666,0.007807244361685993,0.07163943654904968,0.09326395207873603,0.10277016520894071,0.01,0.25,4.816666666666666
2026-01-28 10:00:00+00:00,t2,2,0.051666666666666666,0.008787488310532667,0.09727763347368006,0.13569023225157525,0.0898266827891979,0.7383333333333333,1.2,4.816666666666666
2026-01-28 11:00:00+00:00,t1,1,0.01,0.009535060561803336,0.06062187504476696,0.34079053350289146,0.0898266827891979,0.01,1.36,5.96
2026-01-28 11:00:00+00:00,t1,2,0.01,0.008871908369604055,0.05021279233875115,0.18467665795719337,0.10344010868308474,0.6133333333333333,1.71,5.96
2026-01-28 11:00:00+00:00,t2,1,0.125,0.012531021705067735,0.056232572750080916,0.3412438981295968,0.0898266827891979,0.01,1.36,5.895
2026-01-28 11:00:00+00:00,t2,2,0.125,0.00830880910337095,0.05093560556391602,0.18467665795719337,0.10344010868308474,0.7016666666666667,1.71,5.895
2026-01-28 12:00:00+00:00,t1,1,0.07833333333333334,0.0,0.16821994805648982,0.45455361876280626,0.29666767038040753,0.01,5.19,6.066666666666666
2026-01-28 12:00:00+00:00,t1,2,0.07833333333333334,0.008871908369604055,0.08491743263713862,0.27403538231152685,0.10431543935643564,0.39999999999999997,2.29,6.066666666666666
2026-01-28 12:00:00+00:00,t2,1,0.20833333333333334,0.0,0.1647170312463831,0.4545374561887132,0.29666767038040753,0.01,5.19,6.616666666666667
2026-01-28 12:00:00+00:00,t2,2,0.20833333333333334,0.012414540051524972,0.08170318371152027,0.2736361542160612,0.10431543935643564,0.48333333333333334,2.29,6.616666666666667
2026-01-28 13:00:00+00:00,t1,1,0.17166666666666666,0.02426028051564927,0.23463253375277543,0.6368203526634973,0.533438938580799,0.01,7.04,6.13
2026-01-28 13:00:00+00:00,t1,2,0.17166666666666666,0.0,0.1554115203182611,0.361018994583151,0.24396644031099302,0.5,4.55,6.13
2026-01-28 13:00:00+00:00,t2,1,0.14833333333333334,0.009027163898221363,0.23263193853453967,0.6362596745547037,0.533438938580799,0.01,7.04,5.913333333333334
2026-01-28 13:00:00+00:00,t2,2,0.14833333333333334,0.0,0.15179571839226474,0.36060360391359236,0.24396644031099302,0.62,4.55,5.913333333333334
2026-01-28 14:00:00+00:00,t1,1,0.49500000000000005,0.12462213603000072,0.3648644236814551,0.8164225828119761,0.533438938580799,0.01,7.19,8.16
2026-01-28 14:00:00+00:00,t1,2,0.49500000000000005,0.0,0.0948004386651429,0.4436089696119805,0.29666767038040753,0.775,5.41,8.16
2026-01-28 14:00:00+00:00,t2,1,0.47833333333333333,0.12934034234194441,0.3599846943094215,0.8161098994405248,0.533438938580799,0.01,7.19,8.108333333333333
2026-01-28 14:00:00+00:00,t2,2,0.47833333333333333,0.0,0.08992070929310918,0.44319357894242184,0.29666767038040753,0.8716666666666667,5.41,8.108333333333333
2026-01-28 15:00:00+00:00,t1,1,0.7183333333333333,0.1184191361094461,0.4079369413731565,0.8730953973766251,0.40783563748079876,0.016666666666666666,6.2,9.228333333333333
2026-01-28 15:00:00+00:00,t1,2,0.7183333333333333,0.0,0.22582465020599518,0.6260839005530484,0.40783563748079876,0.29833333333333334,6.3,9.228333333333333
2026-01-28 15:00:00+00:00,t2,1,0.7033333333333333,0.15651645664835664,0.4030572120011229,0.8723834859097082,0.40783563748079876,0.013333333333333334,6.2,9.365
2026-01-28 15:00:00+00:00,t2,2,0.7033333333333333,0.016675761994794404,0.22094492083396142,0.6253901558017502,0.40783563748079876,0.3666666666666667,6.3,9.365
2026-01-28 16:00:00+00:00,t1,1,0.4583333333333333,0.1724092967165173,0.4836023961766868,0.8100739664023097,0.29666767038040753,0.008333333333333333,5.46,7.648333333333333
2026-01-28 16:00:00+00:00,t1,2,0.4583333333333333,0.06424924363466764,0.4214133135167025,0.7744793149996874,0.46587952084773093,0.16833333333333333,6.98,7.648333333333333
2026-01-28 16:00:00+00:00,t2,1,0.49333333333333335,0.16207986306937305,0.4774978707327071,0.8095793090564924,0.29666767038040753,0.006666666666666667,5.46,8.113333333333333
2026-01-28 16:00:00+00:00,t2,2,0.49333333333333335,0.04822504631157745,0.4165335841446689,0.7737855702483891,0.46587952084773093,0.16666666666666666,6.98,8.113333333333333
2026-01-28 17:00:00+00:00,t1,1,0.3183333333333333,0.18672673230548628,0.4966840813727862,0.8753867801316062,0.34551812937783266,0.01,5.6,6.848333333333334
2026-01-28 17:00:00+00:00,t1,2,0.3183333333333333,0.06999131155414137,0.35901532994450025,0.8339938533106773,0.46587952084773093,0.6983333333333333,6.71,6.848333333333334
2026-01-28 17:00:00+00:00,t2,1,0.34,0.16122499941909557,0.49180435200075256,0.8749963597500051,0.34551812937783266,0.008333333333333333,5.6,7.216666666666666
2026-01-28 17:00:00+00:00,t2,2,0.34,0.05558580891900412,0.3541356005724666,0.8321038105382227,0.46587952084773093,0.6766666666666666,6.71,7.216666666666666
2026-01-28 18:00:00+00:00,t1,1,0.2283333333333333,0.11493903958278909,0.35564636904029706,0.8186802363433461,0.46587952084773093,0.01,6.86,6.05
2026-01-28 18:00:00+00:00,t1,2,0.2283333333333333,0.005938286998256707,0.23910320848888117,0.6802216495477948,0.40783563748079876,0.9,6.02,6.05
2026-01-28 18:00:00+00:00,t2,1,0.20333333333333334,0.11057353755944951,0.35296750038570895,0.8184159305437176,0.46587952084773093,0.01,6.86,6.206666666666667
2026-01-28 18:00:00+00:00,t2,2,0.20333333333333334,0.0015440257253832614,0.23642433983429303,0.6790067179765271,0.40783563748079876,0.9266666666666666,6.02,6.206666666666667
2026-01-28 19:00:00+00:00,t1,1,0.27166666666666667,0.024419113858067366,0.2918037062970869,0.6406986855306924,0.29666767038040753,0.01,5.24,6.596666666666667
2026-01-28 19:00:00+00:00,t1,2,0.27166666666666667,0.0,0.15841527858856586,0.5321180717064293,0.29666767038040753,0.65,5.27,6.596666666666667
2026-01-28 19:00:00+00:00,t2,1,0.26499999999999996,0.03310984629204851,0.2856991808531072,0.639771578950036,0.29666767038040753,0.01,5.24,6.696666666666666
2026-01-28 19:00:00+00:00,t2,2,0.26499999999999996,0.0,0.15573640993397764,0.5317188436109637,0.29666767038040753,0.7050000000000001,5.27,6.696666666666666
2026-01-28 20:00:00+00:00,t1,1,0.13999999999999999,0.0215289301790896,0.13808256148178708,0.4440476493735261,0.13303917357062492,0.01,2.85,5.653333333333333
2026-01-28 20:00:00+00:00,t1,2,0.13999999999999999,0.0,0.1511904320958421,0.3955902563496681,0.13303917357062492,0.6233333333333334,2.66,5.653333333333333
2026-01-28 20:00:00+00:00,t2,1,0.14,0.016281083851126157,0.13438882798108312,0.4442559549415054,0.13303917357062492,0.01,2.85,5.698333333333333
2026-01-28 20:00:00+00:00,t2,2,0.14,0.011857784413634028,0.14757463016984573,0.39519102825420244,0.13303917357062492,0.6266666666666666,2.66,5.698333333333333
2026-01-28 21:00:00+00:00,t1,1,0.19999999999999998,0.009535060561803336,0.08875686547011093,0.3154115106828203,0.10431543935643564,0.01,2.07,6.303333333333334
2026-01-28 21:00:00+00:00,t1,2,0.19999999999999998,0.008871908369604055,0.057643312406589486,0.35017532092330034,0.0898266827891979,0.48,1.1,6.303333333333334
2026-01-28 21:00:00+00:00,t2,1,0.19499999999999998,0.008815953752793837,0.08396601017504697,0.3154115106828203,0.10431543935643564,0.01,2.07,6.260000000000001
2026-01-28 21:00:00+00:00,t2,2,0.19499999999999998,0.007545477254683927,0.05708436396409792,0.35017532092330034,0.0898266827891979,0.49,1.1,6.260000000000001
2026-01-28 22:00:00+00:00,t1,1,0.23666666666666666,0.009535060561803336,0.07425842779986168,0.303733115694165,0.10431543935643564,0.01,2.25,6.3
2026-01-28 22:00:00+00:00,t1,2,0.23666666666666666,0.008871908369604055,0.022458881387793908,0.3151592436217101,0.0898266827891979,0.935,1.43,6.3
2026-01-28 22:00:00+00:00,t2,1,0.20833333333333334,0.008372413961664058,0.07064262587386537,0.3039414212621443,0.10431543935643564,0.01,2.25,6.138333333333333
2026-01-28 22:00:00+00:00,t2,2,0.20833333333333334,0.006590205008522431,0.021899932945302313,0.3151592436217101,0.0898266827891979,0.935,1.43,6.138333333333333
2026-01-28 23:00:00+00:00,t1,1,0.17,0.009535060561803336,0.08654985524772009,0.31980425525234746,0.09097294306980487,0.01,0.94,5.971666666666667
2026-01-28 23:00:00+00:00,t1,2,0.17,0.0,0.031581656884367135,0.3527147067229297,0.10344010868308474,0.6849999999999999,1.95,5.971666666666667
2026-01-28 23:00:00+00:00,t2,1,0.15666666666666665,0.008055311680041867,0.0859909068052285,0.31980425525234746,0.09097294306980487,0.01,0.94,5.84
2026-01-28 23:00:00+00:00,t2,2,0.15666666666666665,0.0034131462344975053,0.027965854958370787,0.35231547862746404,0.10344010868308474,0.6733333333333333,1.95,5.84
2026-01-29 00:00:00+00:00,t1,1,0.043333333333333335,0.0,0.08618921174134121,0.3252857241768321,0.20381297203510923,0.01,4.49,4.123333333333334
2026-01-29 00:00:00+00:00,t1,2,0.043333333333333335,0.0,0.04429883020634703,0.28489716748369626,0.13303917357062492,0.4066666666666667,2.56,4.123333333333334
2026-01-29 00:00:00+00:00,t2,1,0.03,0.0,0.0825734098153449,0.32488649608136644,0.20381297203510923,0.01,4.49,3.685
2026-01-29 00:00:00+00:00,t2,2,0.03,0.0028184377327692186,0.0406830282803507,0.2844979393882306,0.13303917357062492,0.28833333333333333,2.56,3.685
2026-01-29 01:00:00+00:00,t1,1,0.015,0.0,0.11086512838264695,0.314608545414491,0.20381297203510923,0.01,4.23,3.356666666666667
2026-01-29 01:00:00+00:00,t1,2,0.015,0.0,0.08948251933702636,0.28686344021963456,0.1459803862401931,0.03166666666666667,3.17,3.356666666666667
2026-01-29 01:00:00+00:00,t2,1,0.01,0.0,0.10724932645665064,0.31420931731902535,0.20381297203510923,0.008333333333333333,4.23,3.078333333333333
2026-01-29 01:00:00+00:00,t2,2,0.01,0.00442852928440206,0.08586671741103005,0.2864642121241689,0.1459803862401931,0.028333333333333332,3.17,3.078333333333333
2026-01-29 02:00:00+00:00,t1,1,0.011666666666666667,0.0055688321848036985,0.07010870392017007,0.21580481969741735,0.1459803862401931,0.03666666666666667,3.04,2.4583333333333335
2026-01-29 02:00:00+00:00,t1,2,0.011666666666666667,0.0,0.08518268603157367,0.290873122359753,0.13303917357062492,0.013333333333333334,2.92,2.4583333333333335
2026-01-29 02:00:00+00:00,t2,1,0.011666666666666667,0.007361798483155544,0.06689445499455172,0.21540559160195175,0.1459803862401931,0.03,3.04,2.435
2026-01-29 02:00:00+00:00,t2,2,0.011666666666666667,0.006164530891628467,0.08196843710595532,0.29074604186305564,0.13303917357062492,0.013333333333333334,2.92,2.435
2026-01-29 03:00:00+00:00,t1,1,0.01,0.009535060561803336,0.06752810962698952,0.19754587217152098,0.10431543935643564,0.04,2.22,1.64
2026-01-29 03:00:00+00:00,t1,2,0.01,0.011174489875133956,0.12159694925017907,0.4103732183187127,0.1459803862401931,0.01,3.3,1.64
2026-01-29 03:00:00+00:00,t2,1,0.01,0.008072716334066426,0.06313880733230352,0.19741879167482368,0.10431543935643564,0.03166666666666667,2.22,1.5633333333333332
2026-01-29 03:00:00+00:00,t2,2,0.01,0.006720726663213083,0.11863371564895007,0.4103732183187127,0.1459803862401931,0.01,3.3,1.5633333333333332
2026-01-29 04:00:00+00:00,t1,1,0.024999999999999998,0.0,0.11028516308148315,0.38891199008892036,0.13303917357062492,0.01,2.79,3.955
2026-01-29 04:00:00+00:00,t1,2,0.024999999999999998,0.008326899856735251,0.1183723712578877,0.4861119145964126,0.13303917357062492,0.01,2.71,3.955
2026-01-29 04:00:00+00:00,t2,1,0.02,0.009705879735448652,0.10980010371644025,0.38891199008892036,0.13303917357062492,0.01,2.79,3.775
2026-01-29 04:00:00+00:00,t2,2,0.02,0.008051084808759193,0.1186856453688977,0.4861119145964126,0.13303917357062492,0.008333333333333333,2.71,3.775
2026-01-29 05:00:00+00:00,t1,1,0.03833333333333334,0.06409861439077237,0.15575465421103155,0.5896313605799578,0.20381297203510923,0.01,4.13,4.206666666666667
2026-01-29 05:00:00+00:00,t1,2,0.03833333333333334,0.06986595415416456,0.10865778554161591,0.6793242819972766,0.17437129044610378,0.01,3.76,4.206666666666667
2026-01-29 05:00:00+00:00,t2,1,0.04,0.006033277748642596,0.1552695948459886,0.5896313605799578,0.20381297203510923,0.01,4.13,4.233333333333333
2026-01-29 05:00:00+00:00,t2,2,0.04,0.00895393330877788,0.10897105965262593,0.6793242819972766,0.17437129044610378,0.01,3.76,4.233333333333333
2026-01-29 06:00:00+00:00,t1,1,0.016666666666666666,0.09482138488601953,0.3028657895044929,0.6466210552296745,0.29666767038040753,0.01,5.02,2.6733333333333333
2026-01-29 06:00:00+00:00,t1,2,0.016666666666666666,0.1240237143496831,0.4170944587718849,0.8236008515990363,0.29666767038040753,0.01,5.06,2.6733333333333333
2026-01-29 06:00:00+00:00,t2,1,0.011666666666666667,0.029255768651945555,0.30317906361550284,0.6468273809037053,0.29666767038040753,0.01,5.02,2.686666666666667
2026-01-29 06:00:00+00:00,t2,2,0.011666666666666667,0.10355459088473334,0.41740773288289484,0.8232104312174352,0.29666767038040753,0.01,5.06,2.686666666666667
2026-01-29 07:00:00+00:00,t1,1,0.2133333333333333,0.15062649887726404,0.5125935746413042,0.7824763528238975,0.34551812937783266,0.01,5.7,4.66
2026-01-29 07:00:00+00:00,t1,2,0.2133333333333333,0.20103433861805636,0.5380994602898125,0.8883372400528311,0.34551812937783266,0.01,5.63,4.66
2026-01-29 07:00:00+00:00,t2,1,0.20166666666666666,0.09228062519411881,0.5129068487523142,0.7826826784979283,0.34551812937783266,0.01,5.7,4.823333333333333
2026-01-29 07:00:00+00:00,t2,2,0.20166666666666666,0.1611704328636082,0.5384127344008226,0.88794681967123,0.34551812937783266,0.01,5.63,4.823333333333333
2026-01-29 08:00:00+00:00,t1,1,0.655,0.2032254536888938,0.5927241414837223,0.8597312503373483,0.34551812937783266,0.01,5.82,8.746666666666668
2026-01-29 08:00:00+00:00,t1,2,0.655,0.2315704579437407,0.6107924349584329,0.9233861832668839,0.34551812937783266,0.01,5.55,8.746666666666668
2026-01-29 08:00:00+00:00,t2,1,0.725,0.1278697610951235,0.5930374155947324,0.8596191840374868,0.34551812937783266,0.01,5.82,9.346666666666666
2026-01-29 08:00:00+00:00,t2,2,0.725,0.19126718035324586,0.6111057090694431,0.9232741169670224,0.34551812937783266,0.01,5.55,9.346666666666666
2026-01-29 09:00:00+00:00,t1,1,0.8666666666666667,0.17954430320358672,0.5600338715649386,0.8666892109397989,0.34551812937783266,0.01,5.85,10.14
2026-01-29 09:00:00+00:00,t1,2,0.8666666666666667,0.2405125268849877,0.7031684739525712,0.9341862912991737,0.34551812937783266,0.01,5.67,10.14
2026-01-29 09:00:00+00:00,t2,1,0.8516666666666667,0.15538818562255427,0.5603471456759487,0.8665771446399374,0.34551812937783266,0.01,5.85,10.185
2026-01-29 09:00:00+00:00,t2,2,0.8516666666666667,0.21486409224868103,0.7034817480635813,0.9340742249993123,0.34551812937783266,0.01,5.67,10.185
2026-01-29 10:00:00+00:00,t1,1,0.8333333333333334,0.18944967066611823,0.611818248887632,0.8681846152796874,0.29666767038040753,0.01,5.48,10.015
2026-01-29 10:00:00+00:00,t1,2,0.8333333333333334,0.18410481246613702,0.6310938378480052,0.9222045211042115,0.29666767038040753,0.01,5.31,10.015
2026-01-29 10:00:00+00:00,t2,1,0.8766666666666666,0.16971443993373034,0.6121315229986422,0.8677941948980864,0.29666767038040753,0.051666666666666666,5.48,10.28
2026-01-29 10:00:00+00:00,t2,2,0.8766666666666666,0.1672997800388828,0.6314071119590153,0.92209245480435,0.29666767038040753,0.01,5.31,10.28
2026-01-29 11:00:00+00:00,t1,1,0.9366666666666666,0.18298629574130604,0.7013533123952187,0.9513718051408948,0.34551812937783266,0.01,5.57,10.741666666666667
2026-01-29 11:00:00+00:00,t1,2,0.9366666666666666,0.18681591532989109,0.645754209270541,0.8854502412866385,0.34551812937783266,0.01,5.9,10.741666666666667
2026-01-29 11:00:00+00:00,t2,1,0.9616666666666666,0.17556473717623425,0.7016665865062288,0.950167381686509,0.34551812937783266,0.125,5.57,11.01
2026-01-29 11:00:00+00:00,t2,2,0.9616666666666666,0.18187393478979705,0.6460674833815511,0.8851136456744735,0.34551812937783266,0.01,5.9,11.01
2026-01-29 12:00:00+00:00,t1,1,0.9583333333333334,0.2202362562213651,0.6148787473900743,0.9776178097654863,0.46587952084773093,0.07833333333333334,6.64,10.921666666666667
2026-01-29 12:00:00+00:00,t1,2,0.9583333333333334,0.22950526707730956,0.647706501755848,0.963033776697128,0.46587952084773093,0.01,6.71,10.921666666666667
2026-01-29 12:00:00+00:00,t2,1,0.9700000000000001,0.22716255819209075,0.6120917372312131,0.9758644842278148,0.46587952084773093,0.20833333333333334,6.64,10.94
2026-01-29 12:00:00+00:00,t2,2,0.9700000000000001,0.17939857711644924,0.6452800370244851,0.962178260964098,0.46587952084773093,0.01,6.71,10.94
2026-01-29 13:00:00+00:00,t1,1,0.8883333333333333,0.21098050573840155,0.5673878433071653,0.9815966205091323,0.46587952084773093,0.17166666666666666,6.83,10.283333333333333
2026-01-29 13:00:00+00:00,t1,2,0.8883333333333333,0.1822682046445673,0.6257091819746481,0.973834527500485,0.46587952084773093,0.01,6.66,10.283333333333333
2026-01-29 13:00:00+00:00,t2,1,0.9183333333333333,0.2324718791852185,0.5627653097657446,0.9794048247782373,0.46587952084773093,0.14833333333333334,6.83,10.563333333333334
2026-01-29 13:00:00+00:00,t2,2,0.9183333333333333,0.1790397587899039,0.6247734604936013,0.9720734652864074,0.46587952084773093,0.01,6.66,10.563333333333334
2026-01-29 14:00:00+00:00,t1,1,0.9116666666666666,0.3198814181403241,0.6663005643516994,0.9865049249872533,0.533438938580799,0.49500000000000005,7.47,10.553333333333333
2026-01-29 14:00:00+00:00,t1,2,0.9116666666666666,0.1878717429966047,0.6342730425785903,0.9841836902913688,0.46587952084773093,0.01,6.88,10.553333333333333
2026-01-29 14:00:00+00:00,t2,1,0.9333333333333332,0.38973397806965654,0.6616780308102787,0.9826704062890346,0.533438938580799,0.47833333333333333,7.47,10.853333333333333
2026-01-29 14:00:00+00:00,t2,2,0.9333333333333332,0.17816308572249723,0.6310844794193511,0.982811758910352,0.46587952084773093,0.01,6.88,10.853333333333333
2026-01-29 15:00:00+00:00,t1,1,0.9816666666666666,0.5292866388244664,0.7952875325399773,1.0,0.621809413221861,0.7183333333333333,8.05,11.225
2026-01-29 15:00:00+00:00,t1,2,0.9816666666666666,0.36051466823571626,0.6803944163031006,1.0,0.533438938580799,0.016666666666666666,7.48,11.225
2026-01-29 15:00:00+00:00,t2,1,0.9833333333333334,0.5539739358862352,0.7948387082231111,1.0,0.621809413221861,0.7033333333333333,8.05,11.108333333333334
2026-01-29 15:00:00+00:00,t2,2,0.9833333333333334,0.36679786802111763,0.6757718827616799,0.9991551292975298,0.533438938580799,0.013333333333333334,7.48,11.108333333333334
2026-01-29 16:00:00+00:00,t1,1,0.9899999999999999,0.6247659529358889,0.8292731764681844,1.0,0.621809413221861,0.4583333333333333,8.5,12.216666666666667
2026-01-29 16:00:00+00:00,t1,2,0.9899999999999999,0.44635339200206425,0.7331792187381079,1.0,0.621809413221861,0.008333333333333333,8.3,12.216666666666667
2026-01-29 16:00:00+00:00,t2,1,0.9899999999999999,0.6680778048659929,0.8288243521513182,1.0,0.621809413221861,0.49333333333333335,8.5,12.555
2026-01-29 16:00:00+00:00,t2,2,0.9899999999999999,0.46937220632542864,0.7327303944212417,0.9988202387005103,0.621809413221861,0.006666666666666667,8.3,12.555
2026-01-29 17:00:00+00:00,t1,1,0.9899999999999999,0.6462403916659021,0.8568303964575534,1.0,0.6380866269626422,0.3183333333333333,8.52,12.343333333333334
2026-01-29 17:00:00+00:00,t1,2,0.9899999999999999,0.5098718380851841,0.7608083096816318,0.9943833100204627,0.621809413221861,0.01,8.49,12.343333333333334
2026-01-29 17:00:00+00:00,t2,1,0.9899999999999999,0.6835196041326035,0.8563815721406872,1.0,0.6380866269626422,0.34,8.52,12.549999999999999
2026-01-29 17:00:00+00:00,t2,2,0.9899999999999999,0.49887194984217104,0.7603594853647656,0.9873352320235937,0.621809413221861,0.008333333333333333,8.49,12.549999999999999
2026-01-29 18:00:00+00:00,t1,1,0.9899999999999999,0.5175487151940238,0.7669325852174963,1.0,0.621809413221861,0.2283333333333333,8.17,12.038333333333334
2026-01-29 18:00:00+00:00,t1,2,0.9899999999999999,0.4613712704573745,0.8541142480241394,0.997679222666846,0.621809413221861,0.01,8.33,12.038333333333334
2026-01-29 18:00:00+00:00,t2,1,0.9899999999999999,0.49208064748807745,0.7664837609006301,1.0,0.621809413221861,0.20333333333333334,8.17,11.961666666666666
2026-01-29 18:00:00+00:00,t2,2,0.9899999999999999,0.45940269075282314,0.8509256848649002,0.9903442823048649,0.621809413221861,0.01,8.33,11.961666666666666
2026-01-29 19:00:00+00:00,t1,1,0.8466666666666667,0.5006114425820228,0.7857210468422766,1.0,0.621809413221861,0.27166666666666667,8.31,10.046666666666667
2026-01-29 19:00:00+00:00,t1,2,0.8466666666666667,0.5364350458222444,0.8530919296225525,1.0,0.6380866269626422,0.01,8.64,10.046666666666667
2026-01-29 19:00:00+00:00,t2,1,0.8383333333333334,0.4585298863474579,0.7852722225254104,0.9995202790434633,0.621809413221861,0.26499999999999996,8.31,10.058333333333334
2026-01-29 19:00:00+00:00,t2,2,0.8383333333333334,0.5329785215200649,0.8526431053056863,0.9957562996506315,0.6380866269626422,0.01,8.64,10.058333333333334
2026-01-29 20:00:00+00:00,t1,1,0.6749999999999999,0.4301513786598983,0.8017535164979602,1.0,0.621809413221861,0.13999999999999999,8.37,8.726666666666667
2026-01-29 20:00:00+00:00,t1,2,0.6749999999999999,0.529197234730755,0.8684625216832377,1.0,0.621809413221861,0.01,8.14,8.726666666666667
2026-01-29 20:00:00+00:00,t2,1,0.6833333333333332,0.4659548393556383,0.801304692181094,1.0,0.621809413221861,0.14,8.37,8.998333333333333
2026-01-29 20:00:00+00:00,t2,2,0.6833333333333332,0.47559786789568115,0.8680136973663715,1.0,0.621809413221861,0.01,8.14,8.998333333333333
2026-01-29 21:00:00+00:00,t1,1,0.6966666666666667,0.48575705315256557,0.8621302093068065,1.0,0.621809413221861,0.19999999999999998,8.14,8.841666666666667
2026-01-29 21:00:00+00:00,t1,2,0.6966666666666667,0.5364717598208376,0.8243847947164397,1.0,0.5595838549817422,0.01,7.59,8.841666666666667
2026-01-29 21:00:00+00:00,t2,1,0.665,0.4755895415215776,0.8616813849899403,1.0,0.621809413221861,0.19499999999999998,8.14,8.856666666666667
2026-01-29 21:00:00+00:00,t2,2,0.665,0.47209073842172594,0.8211962315572005,1.0,0.5595838549817422,0.01,7.59,8.856666666666667
2026-01-29 22:00:00+00:00,t1,1,0.4666666666666666,0.5158438164181806,0.8668686351486007,1.0,0.621809413221861,0.23666666666666666,8.21,7.726666666666667
2026-01-29 22:00:00+00:00,t1,2,0.4666666666666666,0.5168089452186813,0.7542892900176849,1.0,0.533438938580799,0.01,7.39,7.726666666666667
2026-01-29 22:00:00+00:00,t2,1,0.5016666666666666,0.5364640202894051,0.8664198108317345,1.0,0.621809413221861,0.20833333333333334,8.21,8.158333333333333
2026-01-29 22:00:00+00:00,t2,2,0.5016666666666666,0.42234664642791264,0.7511007268584456,1.0,0.533438938580799,0.01,7.39,8.158333333333333
2026-01-29 23:00:00+00:00,t1,1,0.40166666666666667,0.5125628409310379,0.843401611104549,1.0,0.621809413221861,0.17,8.26,7.323333333333333
2026-01-29 23:00:00+00:00,t1,2,0.40166666666666667,0.5452770289161379,0.7903680512656366,1.0,0.5595838549817422,0.01,7.63,7.323333333333333
2026-01-29 23:00:00+00:00,t2,1,0.4166666666666667,0.5570525587621905,0.8429527867876828,0.999532239444271,0.621809413221861,0.15666666666666665,8.26,7.449999999999999
2026-01-29 23:00:00+00:00,t2,2,0.4166666666666667,0.4663144644118228,0.7871794881063974,1.0,0.5595838549817422,0.01,7.63,7.449999999999999
2026-01-30 00:00:00+00:00,t1,1,0.7016666666666667,0.6218063809770207,0.8264608177879313,1.0,0.621809413221861,0.043333333333333335,8.47,8.89
2026-01-30 00:00:00+00:00,t1,2,0.7016666666666667,0.43677261404005496,0.6909130392786738,1.0,0.5595838549817422,0.01,7.99,8.89
2026-01-30 00:00:00+00:00,t2,1,0.7599999999999999,0.6090741732749995,0.8263291081121971,1.0,0.621809413221861,0.03,8.47,9.276666666666666
2026-01-30 00:00:00+00:00,t2,2,0.7599999999999999,0.34147024176061064,0.6904642149618075,1.0,0.5595838549817422,0.01,7.99,9.276666666666666
2026-01-30 01:00:00+00:00,t1,1,0.7133333333333334,0.4744827510310855,0.792024225777836,1.0,0.621809413221861,0.015,8.05,9.02
2026-01-30 01:00:00+00:00,t1,2,0.7133333333333334,0.47361847618889985,0.759718884360471,1.0,0.621809413221861,0.01,8.16,9.02
2026-01-30 01:00:00+00:00,t2,1,0.685,0.5108506796887181,0.7918925161021018,1.0,0.621809413221861,0.01,8.05,9.02
2026-01-30 01:00:00+00:00,t2,2,0.685,0.4152867451519944,0.7592700600436048,1.0,0.621809413221861,0.008333333333333333,8.16,9.02
2026-01-30 02:00:00+00:00,t1,1,0.5516666666666666,0.46748694299956506,0.7067810412629357,1.0,0.5595838549817422,0.011666666666666667,7.95,7.881666666666667
2026-01-30 02:00:00+00:00,t1,2,0.5516666666666666,0.5486125064914948,0.7754360244055679,1.0,0.621809413221861,0.03666666666666667,8.25,7.881666666666667
2026-01-30 02:00:00+00:00,t2,1,0.49500000000000005,0.5101310767008645,0.7067337699464475,0.9979949856510251,0.5595838549817422,0.011666666666666667,7.95,7.645
2026-01-30 02:00:00+00:00,t2,2,0.49500000000000005,0.4112742581162175,0.7753887530890797,1.0,0.621809413221861,0.03,8.25,7.645
2026-01-30 03:00:00+00:00,t1,1,0.5716666666666667,0.5361260376826971,0.6728081884648811,1.0,0.621809413221861,0.01,8.15,8.131666666666666
2026-01-30 03:00:00+00:00,t1,2,0.5716666666666667,0.5248066536204836,0.705086896861317,1.0,0.621809413221861,0.04,8.32,8.131666666666666
2026-01-30 03:00:00+00:00,t2,1,0.5233333333333333,0.5724265131088135,0.6727609171483929,1.0,0.621809413221861,0.01,8.15,8.061666666666667
2026-01-30 03:00:00+00:00,t2,2,0.5233333333333333,0.43256590363653225,0.7050396255448287,1.0,0.621809413221861,0.03166666666666667,8.32,8.061666666666667
2026-01-30 04:00:00+00:00,t1,1,0.7983333333333333,0.7290098844778109,0.7917483546251678,1.0,0.621809413221861,0.024999999999999998,8.5,9.643333333333333
2026-01-30 04:00:00+00:00,t1,2,0.7983333333333333,0.634352556843288,0.7753024408076377,1.0,0.621809413221861,0.01,8.43,9.643333333333333
2026-01-30 04:00:00+00:00,t2,1,0.7983333333333333,0.6413534541716188,0.7917010833086796,1.0,0.621809413221861,0.02,8.5,9.743333333333334
2026-01-30 04:00:00+00:00,t2,2,0.7983333333333333,0.5178784506602849,0.7752551694911495,1.0,0.621809413221861,0.01,8.43,9.743333333333334
2026-01-30 05:00:00+00:00,t1,1,0.9416666666666668,0.7675071363885664,0.8803204551496496,1.0,0.6886657154935532,0.03833333333333334,9.05,10.716666666666667
2026-01-30 05:00:00+00:00,t1,2,0.9416666666666668,0.7335550386310923,0.8409651239749006,1.0,0.6380866269626422,0.01,8.68,10.716666666666667
2026-01-30 05:00:00+00:00,t2,1,0.9466666666666667,0.7644503611802161,0.8802731838331614,1.0,0.6886657154935532,0.04,9.05,10.961666666666666
2026-01-30 05:00:00+00:00,t2,2,0.9466666666666667,0.6690393460023139,0.8409178526584125,1.0,0.6380866269626422,0.01,8.68,10.961666666666666
2026-01-30 06:00:00+00:00,t1,1,0.96,0.7680769255766743,0.8608495820584244,1.0,0.7036149602258147,0.016666666666666666,9.7,11.553333333333333
2026-01-30 06:00:00+00:00,t1,2,0.96,0.7625822610827864,0.8863839186620485,1.0,0.6886657154935532,0.01,9.37,11.553333333333333
2026-01-30 06:00:00+00:00,t2,1,0.9716666666666667,0.747672165963273,0.8608023107419362,1.0,0.7036149602258147,0.011666666666666667,9.7,11.950000000000001
2026-01-30 06:00:00+00:00,t2,2,0.9716666666666667,0.7468723829437476,0.8863366473455603,1.0,0.6886657154935532,0.01,9.37,11.950000000000001
2026-01-30 07:00:00+00:00,t1,1,0.975,0.7873241167466226,0.8754221147980198,1.0,0.751884164222874,0.2133333333333333,10.2,11.766666666666666
2026-01-30 07:00:00+00:00,t1,2,0.975,0.7938763732084992,0.9331097664664262,1.0,0.7036149602258147,0.01,9.63,11.766666666666666
2026-01-30 07:00:00+00:00,t2,1,0.9766666666666666,0.7490261737206144,0.8753748434815316,1.0,0.751884164222874,0.20166666666666666,10.2,12.081666666666665
2026-01-30 07:00:00+00:00,t2,2,0.9766666666666666,0.8064434767218158,0.933062495149938,1.0,0.7036149602258147,0.01,9.63,12.081666666666665
2026-01-30 08:00:00+00:00,t1,1,0.9833333333333334,0.7758134588824026,0.9116545774091626,1.0,0.7513208481965913,0.655,10.65,12.433333333333332
2026-01-30 08:00:00+00:00,t1,2,0.9833333333333334,0.8183178048946418,0.933010695147268,1.0,0.7036149602258147,0.01,9.75,12.433333333333332
2026-01-30 08:00:00+00:00,t2,1,0.985,0.7637008814097369,0.9116073060926744,1.0,0.7513208481965913,0.725,10.65,12.506666666666668
2026-01-30 08:00:00+00:00,t2,2,0.985,0.8235137865642563,0.9329634238307798,1.0,0.7036149602258147,0.01,9.75,12.506666666666668
2026-01-30 09:00:00+00:00,t1,1,0.945,0.7800941347145183,0.9195753364173064,1.0,0.751884164222874,0.8666666666666667,10.49,11.431666666666667
2026-01-30 09:00:00+00:00,t1,2,0.945,0.8234186662862597,0.9566359014856316,1.0,0.6886657154935532,0.01,9.39,11.431666666666667
2026-01-30 09:00:00+00:00,t2,1,0.9733333333333333,0.8028469305457464,0.9195280651008182,1.0,0.751884164222874,0.8516666666666667,10.49,11.816666666666665
2026-01-30 09:00:00+00:00,t2,2,0.9733333333333333,0.8374093226115136,0.9565886301691434,1.0,0.6886657154935532,0.01,9.39,11.816666666666665
2026-01-30 10:00:00+00:00,t1,1,0.9633333333333334,0.6053802742208475,0.9335908992135227,1.0,0.751884164222874,0.8333333333333334,10.1,11.25
2026-01-30 10:00:00+00:00,t1,2,0.9633333333333334,0.8202790450598749,0.9664524804189765,1.0,0.6886657154935532,0.01,9.32,11.25
2026-01-30 10:00:00+00:00,t2,1,0.9666666666666667,0.7285325039796854,0.9335436278970345,1.0,0.751884164222874,0.8766666666666666,10.1,11.508333333333333
2026-01-30 10:00:00+00:00,t2,2,0.9666666666666667,0.8371072181528223,0.9664052091024883,1.0,0.6886657154935532,0.051666666666666666,9.32,11.508333333333333
2026-01-30 11:00:00+00:00,t1,1,0.93,0.552486435847891,0.945529861181213,1.0,0.6886657154935532,0.9366666666666666,9.45,11.008333333333333
2026-01-30 11:00:00+00:00,t1,2,0.93,0.7222571572121865,0.9735007599163942,1.0,0.621809413221861,0.01,8.12,11.008333333333333
2026-01-30 11:00:00+00:00,t2,1,0.9683333333333333,0.6920185402665671,0.9454825898647248,1.0,0.6886657154935532,0.9616666666666666,9.45,11.703333333333333
2026-01-30 11:00:00+00:00,t2,2,0.9683333333333333,0.5857334979684785,0.973453488599906,1.0,0.621809413221861,0.125,8.12,11.703333333333333
2026-01-30 12:00:00+00:00,t1,1,0.9616666666666666,0.7082474223616181,0.9288475242642016,1.0,0.6380866269626422,0.9583333333333334,8.74,11.281666666666666
2026-01-30 12:00:00+00:00,t1,2,0.9616666666666666,0.31871591365095875,0.7555654081035516,1.0,0.621809413221861,0.07833333333333334,8.39,11.281666666666666
2026-01-30 12:00:00+00:00,t2,1,0.985,0.6976453159033804,0.9288002529477134,1.0,0.6380866269626422,0.9700000000000001,8.74,11.530000000000001
2026-01-30 12:00:00+00:00,t2,2,0.985,0.3602767264419859,0.7539663658856939,1.0,0.621809413221861,0.20833333333333334,8.39,11.530000000000001
2026-01-30 13:00:00+00:00,t1,1,0.7466666666666667,0.5609084159076447,0.8811835838650687,1.0,0.5595838549817422,0.8883333333333333,7.9,9.478333333333333
2026-01-30 13:00:00+00:00,t1,2,0.7466666666666667,0.25572475657024674,0.8302152024628298,0.9921923390653543,0.533438938580799,0.17166666666666666,7.36,9.478333333333333
2026-01-30 13:00:00+00:00,t2,1,0.7883333333333334,0.6390171619371153,0.8807347595482025,1.0,0.5595838549817422,0.9183333333333333,7.9,9.891666666666667
2026-01-30 13:00:00+00:00,t2,2,0.7883333333333334,0.23518541527896547,0.8330995280090697,0.9879830092793142,0.533438938580799,0.14833333333333334,7.36,9.891666666666667
2026-01-30 14:00:00+00:00,t1,1,0.75,0.5081546201924187,0.8054382304013946,1.0,0.5595838549817422,0.9116666666666666,7.98,9.25
2026-01-30 14:00:00+00:00,t1,2,0.75,0.17970968834546147,0.7345452421368067,0.9632384878598207,0.533438938580799,0.49500000000000005,7.19,9.25
2026-01-30 14:00:00+00:00,t2,1,0.82,0.5359890272073178,0.8049894060845284,1.0,0.5595838549817422,0.9333333333333332,7.98,9.87
2026-01-30 14:00:00+00:00,t2,2,0.82,0.1620342510294321,0.7338392219893275,0.9599210189694584,0.533438938580799,0.47833333333333333,7.19,9.87
2026-01-30 15:00:00+00:00,t1,1,0.5399999999999999,0.45221076061853677,0.7863875071546085,0.9953250243302956,0.621809413221861,0.9816666666666666,8.19,8.048333333333334
2026-01-30 15:00:00+00:00,t1,2,0.5399999999999999,0.16934657059562397,0.6551914488792582,0.9318804261215458,0.533438938580799,0.7183333333333333,7.04,8.048333333333334
2026-01-30 15:00:00+00:00,t2,1,0.6033333333333334,0.483657545760938,0.7814177701003804,0.9895549796356293,0.621809413221861,0.9833333333333334,8.19,8.536666666666667
2026-01-30 15:00:00+00:00,t2,2,0.6033333333333334,0.09981319699631735,0.6503117195072244,0.9290950672343163,0.533438938580799,0.7033333333333333,7.04,8.536666666666667
2026-01-30 16:00:00+00:00,t1,1,0.46166666666666667,0.4127840056580822,0.7624323596790646,0.9696810518420365,0.621809413221861,0.9899999999999999,8.1,7.3933333333333335
2026-01-30 16:00:00+00:00,t1,2,0.46166666666666667,0.11353659711640945,0.47417509002122465,0.8753701339441509,0.46587952084773093,0.4583333333333333,6.52,7.3933333333333335
2026-01-30 16:00:00+00:00,t2,1,0.5783333333333333,0.4057901484852752,0.7604317644608289,0.9646487194503841,0.621809413221861,0.9899999999999999,8.1,8.205
2026-01-30 16:00:00+00:00,t2,2,0.5783333333333333,0.08542767579860167,0.46929536064919103,0.8734916540526948,0.46587952084773093,0.49333333333333335,6.52,8.205
2026-01-30 17:00:00+00:00,t1,1,0.29,0.34739975405032136,0.7261356946135132,0.9837655166189848,0.5595838549817422,0.9899999999999999,7.83,6.62
2026-01-30 17:00:00+00:00,t1,2,0.29,0.01813606343397107,0.3274832044261213,0.8110878934118299,0.34551812937783266,0.3183333333333333,5.6,6.62
2026-01-30 17:00:00+00:00,t2,1,0.26333333333333336,0.3470739687639623,0.7241350993952775,0.9797163937988586,0.5595838549817422,0.9899999999999999,7.83,6.493333333333333
2026-01-30 17:00:00+00:00,t2,2,0.26333333333333336,0.0,0.32260347505408765,0.8076338627538244,0.34551812937783266,0.34,5.6,6.493333333333333
2026-01-30 18:00:00+00:00,t1,1,0.155,0.2017081931179042,0.6825530427162811,0.9173837904443367,0.5595838549817422,0.9899999999999999,7.64,5.596666666666667
2026-01-30 18:00:00+00:00,t1,2,0.155,0.0,0.2508182894097521,0.7822613202041442,0.20381297203510923,0.2283333333333333,4.09,5.596666666666667
2026-01-30 18:00:00+00:00,t2,1,0.145,0.1632066019298108,0.6763787382734909,0.9153720589436702,0.5595838549817422,0.9899999999999999,7.64,5.523333333333333
2026-01-30 18:00:00+00:00,t2,2,0.145,0.0,0.24888367670016143,0.7805628370777906,0.20381297203510923,0.20333333333333334,4.09,5.523333333333333
2026-01-30 19:00:00+00:00,t1,1,0.13833333333333334,0.15904243888452688,0.643739697612216,0.9203080591379657,0.533438938580799,0.8466666666666667,7.48,5.5633333333333335
2026-01-30 19:00:00+00:00,t1,2,0.13833333333333334,0.0,0.1927751733689193,0.7084087828972345,0.24396644031099302,0.27166666666666667,4.52,5.5633333333333335
2026-01-30 19:00:00+00:00,t2,1,0.15333333333333335,0.15618659562496318,0.6375653931694258,0.9170614815977836,0.533438938580799,0.8383333333333334,7.48,5.6933333333333325
2026-01-30 19:00:00+00:00,t2,2,0.15333333333333335,0.0,0.1900963047143311,0.7049385896651361,0.24396644031099302,0.26499999999999996,4.52,5.6933333333333325
2026-01-30 20:00:00+00:00,t1,1,0.14333333333333334,0.130286152830073,0.6771239654219322,0.952984454559051,0.533438938580799,0.6749999999999999,7.3,5.216666666666666
2026-01-30 20:00:00+00:00,t1,2,0.14333333333333334,0.0,0.21844748164784084,0.7462265913564031,0.29666767038040753,0.13999999999999999,5.18,5.216666666666666
2026-01-30 20:00:00+00:00,t2,1,0.11666666666666665,0.12689289178761182,0.670949660979142,0.9489251626320779,0.533438938580799,0.6833333333333332,7.3,5.053333333333334
2026-01-30 20:00:00+00:00,t2,2,0.11666666666666665,0.0,0.2157686129932526,0.7427563981243047,0.29666767038040753,0.14,5.18,5.053333333333334
2026-01-30 21:00:00+00:00,t1,1,0.18666666666666668,0.2071768859047064,0.6661646084062829,0.9509577135487978,0.533438938580799,0.6966666666666667,7.47,5.7316666666666665
2026-01-30 21:00:00+00:00,t1,2,0.18666666666666668,0.025508482344286612,0.3964542856170603,0.851209220811122,0.34551812937783266,0.19999999999999998,5.77,5.7316666666666665
2026-01-30 21:00:00+00:00,t2,1,0.16,0.22560486374291996,0.6599903039634927,0.9460731886923465,0.533438938580799,0.665,7.47,5.595
2026-01-30 21:00:00+00:00,t2,2,0.16,0.0,0.3915745562450267,0.8477390275790236,0.34551812937783266,0.19499999999999998,5.77,5.595
2026-01-30 22:00:00+00:00,t1,1,0.13,0.27362199213757304,0.6637754545082093,0.9470894705371734,0.5595838549817422,0.4666666666666666,7.98,5.151666666666666
2026-01-30 22:00:00+00:00,t1,2,0.13,0.09877794359758102,0.5197239902715751,0.8392396495312311,0.40783563748079876,0.23666666666666666,6.07,5.151666666666666
2026-01-30 22:00:00+00:00,t2,1,0.12166666666666666,0.2706052304485307,0.6576011500654191,0.9405846509302341,0.5595838549817422,0.5016666666666666,7.98,5.085
2026-01-30 22:00:00+00:00,t2,2,0.12166666666666666,0.034276012573523106,0.5148442608995414,0.8354688875494461,0.40783563748079876,0.20833333333333334,6.07,5.085
2026-01-30 23:00:00+00:00,t1,1,0.07833333333333334,0.33089371690459546,0.7130618481471047,0.9620197048512407,0.621809413221861,0.40166666666666667,8.21,4.608333333333333
2026-01-30 23:00:00+00:00,t1,2,0.07833333333333334,0.1011705125612968,0.6051537148776177,0.8694314989453064,0.40783563748079876,0.17,6.35,4.608333333333333
2026-01-30 23:00:00+00:00,t2,1,0.07166666666666667,0.3204044722492138,0.7068875437043145,0.9529570585046552,0.621809413221861,0.4166666666666667,8.21,4.428333333333334
2026-01-30 23:00:00+00:00,t2,2,0.07166666666666667,0.07729272146347495,0.5989794104348275,0.8655385658408205,0.40783563748079876,0.15666666666666665,6.35,4.428333333333334
2026-01-31 00:00:00+00:00,t1,1,0.11166666666666668,0.36961431692906177,0.7592264222734493,1.0,0.621809413221861,0.7016666666666667,8.16,5.031666666666666
2026-01-31 00:00:00+00:00,t1,2,0.11166666666666668,0.238548700194939,0.6772356325265992,0.9475615078334108,0.621809413221861,0.043333333333333335,8.28,5.031666666666666
2026-01-31 00:00:00+00:00,t2,1,0.10666666666666667,0.37973032303306475,0.7546038887320285,1.0,0.621809413221861,0.7599999999999999,8.16,5.258333333333334
2026-01-31 00:00:00+00:00,t2,2,0.10666666666666667,0.1965642309526031,0.671061328083809,0.9386218462167777,0.621809413221861,0.03,8.28,5.258333333333334
2026-01-31 01:00:00+00:00,t1,1,0.145,0.41210899769337206,0.7474761248287238,1.0,0.5595838549817422,0.7133333333333334,7.97,5.27
2026-01-31 01:00:00+00:00,t1,2,0.145,0.306687901755092,0.7587194675477316,0.9704540847337981,0.621809413221861,0.015,8.29,5.27
2026-01-31 01:00:00+00:00,t2,1,0.10333333333333333,0.3344185605289598,0.7428535912873031,0.9935230208228323,0.5595838549817422,0.685,7.97,5.153333333333333
2026-01-31 01:00:00+00:00,t2,2,0.10333333333333333,0.29471260896647483,0.7525451631049414,0.9651294884656914,0.621809413221861,0.01,8.29,5.153333333333333
2026-01-31 02:00:00+00:00,t1,1,0.48,0.520955490853435,0.7018361579247526,1.0,0.621809413221861,0.5516666666666666,8.22,7.44
2026-01-31 02:00:00+00:00,t1,2,0.48,0.33732008612377146,0.7063988520014299,0.9873865604826713,0.621809413221861,0.011666666666666667,8.4,7.44
2026-01-31 02:00:00+00:00,t2,1,0.4716666666666667,0.37136483027657585,0.6976151773837099,1.0,0.621809413221861,0.49500000000000005,8.22,7.661666666666666
2026-01-31 02:00:00+00:00,t2,2,0.4716666666666667,0.32710935263563296,0.7006261005590178,0.9803368005144355,0.621809413221861,0.011666666666666667,8.4,7.661666666666666
2026-01-31 03:00:00+00:00,t1,1,0.5016666666666666,0.5289778245151258,0.7652392386663288,1.0,0.621809413221861,0.5716666666666667,8.38,7.671666666666667
2026-01-31 03:00:00+00:00,t1,2,0.5016666666666666,0.3345365930671171,0.723609228877098,0.9862281173963312,0.6380866269626422,0.01,8.84,7.671666666666667
2026-01-31 03:00:00+00:00,t2,1,0.48,0.4546080089923348,0.7651919673498406,1.0,0.621809413221861,0.5233333333333333,8.38,7.698333333333333
2026-01-31 03:00:00+00:00,t2,2,0.48,0.30656092321427864,0.726895107423716,0.9789793838791787,0.6380866269626422,0.01,8.84,7.698333333333333
2026-01-31 04:00:00+00:00,t1,1,0.5216666666666666,0.7169162446534244,0.7519368016896769,1.0,0.6380866269626422,0.7983333333333333,8.64,7.661666666666666
2026-01-31 04:00:00+00:00,t1,2,0.5216666666666666,0.3381837386576312,0.6770412362270833,0.9887485795874187,0.6886657154935532,0.024999999999999998,9.24,7.661666666666666
2026-01-31 04:00:00+00:00,t2,1,0.6583333333333333,0.6038542326043568,0.7518895303731887,1.0,0.6380866269626422,0.7983333333333333,8.64,8.666666666666666
2026-01-31 04:00:00+00:00,t2,2,0.6583333333333333,0.33600692507407426,0.6803271147737013,0.9813979061521734,0.6886657154935532,0.02,9.24,8.666666666666666
2026-01-31 05:00:00+00:00,t1,1,0.9500000000000001,0.7579361266915345,0.8918464023845294,1.0,0.6380866269626422,0.9416666666666668,8.54,10.761666666666668
2026-01-31 05:00:00+00:00,t1,2,0.9500000000000001,0.40703197275602165,0.7753213697502868,0.99225829995007,0.621809413221861,0.03833333333333334,8.31,10.761666666666668
2026-01-31 05:00:00+00:00,t2,1,0.9383333333333334,0.7101627215981975,0.8917991310680412,1.0,0.6380866269626422,0.9466666666666667,8.54,10.933333333333332
2026-01-31 05:00:00+00:00,t2,2,0.9383333333333334,0.4476252244831766,0.7752740984337987,0.9848024538596578,0.621809413221861,0.04,8.31,10.933333333333332
2026-01-31 06:00:00+00:00,t1,1,0.9583333333333334,0.7898695991653781,0.8994534618928938,1.0,0.6380866269626422,0.96,8.56,11.12
2026-01-31 06:00:00+00:00,t1,2,0.9583333333333334,0.4151392052553783,0.826083875117314,1.0,0.621809413221861,0.016666666666666666,8.47,11.12
2026-01-31 06:00:00+00:00,t2,1,0.9766666666666666,0.7240683002895684,0.8994061905764056,1.0,0.6380866269626422,0.9716666666666667,8.56,11.653333333333334
2026-01-31 06:00:00+00:00,t2,2,0.9766666666666666,0.4602564626416316,0.8260366038008258,1.0,0.621809413221861,0.011666666666666667,8.47,11.653333333333334
2026-01-31 07:00:00+00:00,t1,1,0.9266666666666666,0.7194438889941024,0.8822926275174484,1.0,0.6380866269626422,0.975,8.61,11.118333333333332
2026-01-31 07:00:00+00:00,t1,2,0.9266666666666666,0.3114300022483003,0.8709126124619849,1.0,0.6380866269626422,0.2133333333333333,8.71,11.118333333333332
2026-01-31 07:00:00+00:00,t2,1,0.9683333333333333,0.7068022007188896,0.8822453562009602,1.0,0.6380866269626422,0.9766666666666666,8.61,11.58
2026-01-31 07:00:00+00:00,t2,2,0.9683333333333333,0.3853160794480197,0.8708653411454967,0.9968081449202528,0.6380866269626422,0.20166666666666666,8.71,11.58
2026-01-31 08:00:00+00:00,t1,1,0.945,0.8024891232615732,0.9340665026729253,1.0,0.6380866269626422,0.9833333333333334,8.92,10.805
2026-01-31 08:00:00+00:00,t1,2,0.945,0.3103861987934521,0.9008022545016031,1.0,0.6380866269626422,0.655,8.61,10.805
2026-01-31 08:00:00+00:00,t2,1,0.9766666666666666,0.7809112301466843,0.9340192313564372,1.0,0.6380866269626422,0.985,8.92,11.200000000000001
2026-01-31 08:00:00+00:00,t2,2,0.9766666666666666,0.4106008129901,0.9007549831851149,1.0,0.6380866269626422,0.725,8.61,11.200000000000001
2026-01-31 09:00:00+00:00,t1,1,0.8783333333333333,0.6804525883122057,0.9488830497381774,1.0,0.6380866269626422,0.945,8.6,10.18
2026-01-31 09:00:00+00:00,t1,2,0.8783333333333333,0.36901991843687737,0.8995497853722422,1.0,0.621809413221861,0.8666666666666667,8.17,10.18
2026-01-31 09:00:00+00:00,t2,1,0.8933333333333332,0.673568881633268,0.9488357784216892,1.0,0.6380866269626422,0.9733333333333333,8.6,10.49
2026-01-31 09:00:00+00:00,t2,2,0.8933333333333332,0.4332502903529905,0.899502514055754,1.0,0.621809413221861,0.8516666666666667,8.17,10.49
2026-01-31 10:00:00+00:00,t1,1,0.875,0.6632752412231344,0.9328480681521619,1.0,0.6380866269626422,0.9633333333333334,8.9,10.38
2026-01-31 10:00:00+00:00,t1,2,0.875,0.3398545314781511,0.8563719264347124,1.0,0.621809413221861,0.8333333333333334,8.28,10.38
2026-01-31 10:00:00+00:00,t2,1,0.9,0.6905184009994094,0.9328007968356737,1.0,0.6380866269626422,0.9666666666666667,8.9,10.733333333333334
2026-01-31 10:00:00+00:00,t2,2,0.9,0.42475601102742583,0.8563246551182242,0.9969391295154526,0.621809413221861,0.8766666666666666,8.28,10.733333333333334
2026-01-31 11:00:00+00:00,t1,1,0.8450000000000001,0.6251659800752767,0.943324649465667,1.0,0.6380866269626422,0.93,8.53,10.368333333333334
2026-01-31 11:00:00+00:00,t1,2,0.8450000000000001,0.329775375927226,0.8768146343343568,0.9975543454900826,0.6380866269626422,0.9366666666666666,8.66,10.368333333333334
2026-01-31 11:00:00+00:00,t2,1,0.94,0.6118826408772011,0.9432773781491788,1.0,0.6380866269626422,0.9683333333333333,8.53,10.969999999999999
2026-01-31 11:00:00+00:00,t2,2,0.94,0.3314689764718425,0.8767673630178686,0.9931327983365936,0.6380866269626422,0.9616666666666666,8.66,10.969999999999999
2026-01-31 12:00:00+00:00,t1,1,0.7983333333333333,0.40402173501137906,0.9081399848018125,1.0,0.46587952084773093,0.9616666666666666,6.98,9.813333333333334
2026-01-31 12:00:00+00:00,t1,2,0.7983333333333333,0.43817769510895876,0.8660816417404725,1.0,0.533438938580799,0.9583333333333334,7.04,9.813333333333334
2026-01-31 12:00:00+00:00,t2,1,0.8566666666666666,0.4432872455317938,0.9053529746429513,1.0,0.46587952084773093,0.985,6.98,10.25
2026-01-31 12:00:00+00:00,t2,2,0.8566666666666666,0.4817148916289056,0.8632946315816113,1.0,0.533438938580799,0.9700000000000001,7.04,10.25
2026-01-31 13:00:00+00:00,t1,1,0.81,0.14882267150781295,0.6501660287609707,0.9390320527955855,0.34551812937783266,0.7466666666666667,5.72,9.781666666666666
2026-01-31 13:00:00+00:00,t1,2,0.81,0.15143316925293668,0.5901629592312129,0.9439812224940579,0.34551812937783266,0.8883333333333333,5.58,9.781666666666666
2026-01-31 13:00:00+00:00,t2,1,0.8250000000000001,0.14700763863748967,0.64733919696628,0.9383529409522715,0.34551812937783266,0.7883333333333334,5.72,9.85
2026-01-31 13:00:00+00:00,t2,2,0.8250000000000001,0.17344229281010395,0.5894655848328131,0.9422921864353905,0.34551812937783266,0.9183333333333333,5.58,9.85
2026-01-31 14:00:00+00:00,t1,1,0.8216666666666667,0.03902613853905617,0.27756667801099644,0.6369214198555897,0.20381297203510923,0.75,4.23,9.83
2026-01-31 14:00:00+00:00,t1,2,0.8216666666666667,0.039084138546050654,0.36470067122475436,0.8070795317882987,0.20381297203510923,0.9116666666666666,4.25,9.83
2026-01-31 14:00:00+00:00,t2,1,0.8833333333333333,0.01582674285775277,0.27473984621630576,0.636522191760124,0.20381297203510923,0.82,4.23,10.348333333333334
2026-01-31 14:00:00+00:00,t2,2,0.8833333333333333,0.02566812699368351,0.3618738394300637,0.8066803036928331,0.20381297203510923,0.9333333333333332,4.25,10.348333333333334
2026-01-31 15:00:00+00:00,t1,1,0.3383333333333334,0.009535060561803336,0.14593802694458843,0.24139371087200315,0.10431543935643564,0.5399999999999999,2.49,6.463333333333334
2026-01-31 15:00:00+00:00,t1,2,0.3383333333333334,0.0,0.1412931014365502,0.4197621792403929,0.10431543935643564,0.9816666666666666,2.31,6.463333333333334
2026-01-31 15:00:00+00:00,t2,1,0.3516666666666666,0.010482425289303475,0.14143000593349206,0.2412666303753058,0.10431543935643564,0.6033333333333334,2.49,6.833333333333333
2026-01-31 15:00:00+00:00,t2,2,0.3516666666666666,0.018092968501342396,0.13767729951055382,0.4199704848083722,0.10431543935643564,0.9833333333333334,2.31,6.833333333333333
2026-01-31 16:00:00+00:00,t1,1,0.03,0.009535060561803336,0.16184045631578126,0.23551636844671564,0.0898266827891979,0.46166666666666667,1.15,3.078333333333333
2026-01-31 16:00:00+00:00,t1,2,0.03,0.008871908369604055,0.1341615984040429,0.33583141290649743,0.0898266827891979,0.9899999999999999,1.46,3.078333333333333
2026-01-31 16:00:00+00:00,t2,1,0.02666666666666667,0.014096029266460726,0.15725619425476448,0.2352821453647258,0.0898266827891979,0.5783333333333333,1.15,3.1833333333333336
2026-01-31 16:00:00+00:00,t2,2,0.02666666666666667,0.008898015089587588,0.12937074310897892,0.34237346324186885,0.0898266827891979,0.9899999999999999,1.46,3.1833333333333336
2026-01-31 17:00:00+00:00,t1,1,0.016666666666666666,0.009535060561803336,0.1281084037575243,0.3053191592963266,0.0898266827891979,0.29,1.21,2.4416666666666664
2026-01-31 17:00:00+00:00,t1,2,0.016666666666666666,0.008871908369604055,0.06779890791751822,0.3240917077948283,0.09097294306980487,0.9899999999999999,1.0,2.4416666666666664
2026-01-31 17:00:00+00:00,t2,1,0.02,0.008435837683365826,0.128746778623443,0.3053191592963266,0.0898266827891979,0.26333333333333336,1.21,2.591666666666667
2026-01-31 17:00:00+00:00,t2,2,0.02,0.007830969743698115,0.0669228448338948,0.3240917077948283,0.09097294306980487,0.9899999999999999,1.0,2.591666666666667
2026-01-31 18:00:00+00:00,t1,1,0.19999999999999998,0.009535060561803336,0.07917224129215007,0.09518649910235205,0.09097294306980487,0.155,1.0,6.359999999999999
2026-01-31 18:00:00+00:00,t1,2,0.19999999999999998,0.008871908369604055,0.04990814064490958,0.1565695917228624,0.09097294306980487,0.9899999999999999,0.63,6.359999999999999
2026-01-31 18:00:00+00:00,t2,1,0.19999999999999998,0.00822107483363966,0.07829617820852665,0.09518649910235205,0.09097294306980487,0.145,1.0,6.376666666666666
2026-01-31 18:00:00+00:00,t2,2,0.19999999999999998,0.00791353472935547,0.049349192202417985,0.1565695917228624,0.09097294306980487,0.9899999999999999,0.63,6.376666666666666
