lat,lon,elevation_m,i,j,x_m,y_m
43.590184,78.462733,708.0,0,0,-6000.0,-6000.0
43.590184,78.465837,701.0,1,0,-5750.0,-6000.0
43.590184,78.46894,698.0,2,0,-5500.0,-6000.0
43.590184,78.472044,694.0,3,0,-5250.0,-6000.0
43.590184,78.475147,691.0,4,0,-5000.0,-6000.0
43.590184,78.478251,688.0,5,0,-4750.0,-6000.0
43.590184,78.481354,689.0,6,0,-4500.0,-6000.0
43.590184,78.484457,703.0,7,0,-4250.0,-6000.0
43.590184,78.487561,741.0,8,0,-4000.0,-6000.0
43.590184,78.490664,754.0,9,0,-3750.0,-6000.0
43.590184,78.493768,752.0,10,0,-3500.0,-6000.0
43.590184,78.496871,751.0,11,0,-3250.0,-6000.0
43.590184,78.499975,747.0,12,0,-3000.0,-6000.0
43.590184,78.503078,745.0,13,0,-2750.0,-6000.0
43.590184,78.506182,744.0,14,0,-2500.0,-6000.0
43.590184,78.509285,742.0,15,0,-2250.0,-6000.0
43.590184,78.512388,740.0,16,0,-2000.0,-6000.0
43.590184,78.515492,734.0,17,0,-1750.0,-6000.0
43.590184,78.518595,722.0,18,0,-1500.0,-6000.0
43.590184,78.521699,707.0,19,0,-1250.0,-6000.0
43.590184,78.524802,705.0,20,0,-1000.0,-6000.0
43.590184,78.527906,733.0,21,0,-750.0,-6000.0
43.590184,78.531009,758.0,22,0,-500.0,-6000.0
43.590184,78.534113,748.0,23,0,-250.0,-6000.0
43.590184,78.537216,747.0,24,0,0.0,-6000.0
43.590184,78.540319,749.0,25,0,250.0,-6000.0
43.590184,78.543423,737.0,26,0,500.0,-6000.0
43.590184,78.546526,743.0,27,0,750.0,-6000.0
43.590184,78.54963,731.0,28,0,1000.0,-6000.0
43.590184,78.552733,740.0,29,0,1250.0,-6000.0
43.590184,78.555837,732.0,30,0,1500.0,-6000.0
43.590184,78.55894,726.0,31,0,1750.0,-6000.0
43.590184,78.562044,729.0,32,0,2000.0,-6000.0
43.590184,78.565147,723.0,33,0,2250.0,-6000.0
43.590184,78.56825,719.0,34,0,2500.0,-6000.0
43.590184,78.571354,717.0,35,0,2750.0,-6000.0
43.590184,78.574457,709.0,36,0,3000.0,-6000.0
43.590184,78.577561,704.0,37,0,3250.0,-6000.0
43.590184,78.580664,726.0,38,0,3500.0,-6000.0
43.590184,78.583768,722.0,39,0,3750.0,-6000.0
43.590184,78.586871,733.0,40,0,4000.0,-6000.0
43.590184,78.589975,727.0,41,0,4250.0,-6000.0
43.590184,78.593078,735.0,42,0,4500.0,-6000.0
43.590184,78.596181,737.0,43,0,4750.0,-6000.0
43.590184,78.599285,744.0,44,0,5000.0,-6000.0
43.590184,78.602388,746.0,45,0,5250.0,-6000.0
43.590184,78.605492,746.0,46,0,5500.0,-6000.0
43.590184,78.608595,724.0,47,0,5750.0,-6000.0
43.590184,78.611699,695.0,48,0,6000.0,-6000.0
43.592434,78.462733,697.0,0,1,-6000.0,-5750.0
43.592434,78.465837,695.0,1,1,-5750.0,-5750.0
43.592434,78.46894,692.0,2,1,-5500.0,-5750.0
43.592434,78.472044,688.0,3,1,-5250.0,-5750.0
43.592434,78.475147,686.0,4,1,-5000.0,-5750.0
43.592434,78.478251,685.0,5,1,-4750.0,-5750.0
43.592434,78.481354,684.0,6,1,-4500.0,-5750.0
43.592434,78.484457,696.0,7,1,-4250.0,-5750.0
43.592434,78.487561,725.0,8,1,-4000.0,-5750.0
43.592434,78.490664,749.0,9,1,-3750.0,-5750.0
43.592434,78.493768,748.0,10,1,-3500.0,-5750.0
43.592434,78.496871,747.0,11,1,-3250.0,-5750.0
43.592434,78.499975,742.0,12,1,-3000.0,-5750.0
43.592434,78.503078,741.0,13,1,-2750.0,-5750.0
43.592434,78.506182,741.0,14,1,-2500.0,-5750.0
43.592434,78.509285,739.0,15,1,-2250.0,-5750.0
43.592434,78.512388,737.0,16,1,-2000.0,-5750.0
43.592434,78.515492,730.0,17,1,-1750.0,-5750.0
43.592434,78.518595,728.0,18,1,-1500.0,-5750.0
43.592434,78.521699,706.0,19,1,-1250.0,-5750.0
43.592434,78.524802,695.0,20,1,-1000.0,-5750.0
43.592434,78.527906,742.0,21,1,-750.0,-5750.0
43.592434,78.531009,754.0,22,1,-500.0,-5750.0
43.592434,78.534113,747.0,23,1,-250.0,-5750.0
43.592434,78.537216,730.0,24,1,0.0,-5750.0
43.592434,78.540319,742.0,25,1,250.0,-5750.0
43.592434,78.543423,736.0,26,1,500.0,-5750.0
43.592434,78.546526,723.0,27,1,750.0,-5750.0
43.592434,78.54963,726.0,28,1,1000.0,-5750.0
43.592434,78.552733,732.0,29,1,1250.0,-5750.0
43.592434,78.555837,725.0,30,1,1500.0,-5750.0
43.592434,78.55894,722.0,31,1,1750.0,-5750.0
43.592434,78.562044,721.0,32,1,2000.0,-5750.0
43.592434,78.565147,709.0,33,1,2250.0,-5750.0
43.592434,78.56825,712.0,34,1,2500.0,-5750.0
43.592434,78.571354,709.0,35,1,2750.0,-5750.0
43.592434,78.574457,701.0,36,1,3000.0,-5750.0
43.592434,78.577561,698.0,37,1,3250.0,-5750.0
43.592434,78.580664,716.0,38,1,3500.0,-5750.0
43.592434,78.583768,715.0,39,1,3750.0,-5750.0
43.592434,78.586871,717.0,40,1,4000.0,-5750.0
43.592434,78.589975,724.0,41,1,4250.0,-5750.0
43.592434,78.593078,726.0,42,1,4500.0,-5750.0
43.592434,78.596181,732.0,43,1,4750.0,-5750.0
43.592434,78.599285,731.0,44,1,5000.0,-5750.0
43.592434,78.602388,735.0,45,1,5250.0,-5750.0
43.592434,78.605492,734.0,46,1,5500.0,-5750.0
43.592434,78.608595,729.0,47,1,5750.0,-5750.0
43.592434,78.611699,690.0,48,1,6000.0,-5750.0
43.594683,78.462733,688.0,0,2,-6000.0,-5500.0
43.594683,78.465837,686.0,1,2,-5750.0,-5500.0
43.594683,78.46894,685.0,2,2,-5500.0,-5500.0
43.594683,78.472044,685.0,3,2,-5250.0,-5500.0
43.594683,78.475147,681.0,4,2,-5000.0,-5500.0
43.594683,78.478251,681.0,5,2,-4750.0,-5500.0
43.594683,78.481354,680.0,6,2,-4500.0,-5500.0
43.594683,78.484457,684.0,7,2,-4250.0,-5500.0
43.594683,78.487561,703.0,8,2,-4000.0,-5500.0
43.594683,78.490664,739.0,9,2,-3750.0,-5500.0
43.594683,78.493768,744.0,10,2,-3500.0,-5500.0
43.594683,78.496871,738.0,11,2,-3250.0,-5500.0
43.594683,78.499975,737.0,12,2,-3000.0,-5500.0
43.594683,78.503078,736.0,13,2,-2750.0,-5500.0
43.594683,78.506182,736.0,14,2,-2500.0,-5500.0
43.594683,78.509285,734.0,15,2,-2250.0,-5500.0
43.594683,78.512388,733.0,16,2,-2000.0,-5500.0
43.594683,78.515492,726.0,17,2,-1750.0,-5500.0
43.594683,78.518595,723.0,18,2,-1500.0,-5500.0
43.594683,78.521699,698.0,19,2,-1250.0,-5500.0
43.594683,78.524802,687.0,20,2,-1000.0,-5500.0
43.594683,78.527906,748.0,21,2,-750.0,-5500.0
43.594683,78.531009,747.0,22,2,-500.0,-5500.0
43.594683,78.534113,741.0,23,2,-250.0,-5500.0
43.594683,78.537216,730.0,24,2,0.0,-5500.0
43.594683,78.540319,729.0,25,2,250.0,-5500.0
43.594683,78.543423,730.0,26,2,500.0,-5500.0
43.594683,78.546526,723.0,27,2,750.0,-5500.0
43.594683,78.54963,715.0,28,2,1000.0,-5500.0
43.594683,78.552733,722.0,29,2,1250.0,-5500.0
43.594683,78.555837,717.0,30,2,1500.0,-5500.0
43.594683,78.55894,705.0,31,2,1750.0,-5500.0
43.594683,78.562044,710.0,32,2,2000.0,-5500.0
43.594683,78.565147,703.0,33,2,2250.0,-5500.0
43.594683,78.56825,702.0,34,2,2500.0,-5500.0
43.594683,78.571354,697.0,35,2,2750.0,-5500.0
43.594683,78.574457,689.0,36,2,3000.0,-5500.0
43.594683,78.577561,690.0,37,2,3250.0,-5500.0
43.594683,78.580664,704.0,38,2,3500.0,-5500.0
43.594683,78.583768,706.0,39,2,3750.0,-5500.0
43.594683,78.586871,704.0,40,2,4000.0,-5500.0
43.594683,78.589975,710.0,41,2,4250.0,-5500.0
43.594683,78.593078,710.0,42,2,4500.0,-5500.0
43.594683,78.596181,716.0,43,2,4750.0,-5500.0
43.594683,78.599285,719.0,44,2,5000.0,-5500.0
43.594683,78.602388,720.0,45,2,5250.0,-5500.0
43.594683,78.605492,723.0,46,2,5500.0,-5500.0
43.594683,78.608595,716.0,47,2,5750.0,-5500.0
43.594683,78.611699,682.0,48,2,6000.0,-5500.0
43.596933,78.462733,680.0,0,3,-6000.0,-5250.0
43.596933,78.465837,680.0,1,3,-5750.0,-5250.0
43.596933,78.46894,681.0,2,3,-5500.0,-5250.0
43.596933,78.472044,680.0,3,3,-5250.0,-5250.0
43.596933,78.475147,678.0,4,3,-5000.0,-5250.0
43.596933,78.478251,677.0,5,3,-4750.0,-5250.0
43.596933,78.481354,677.0,6,3,-4500.0,-5250.0
43.596933,78.484457,675.0,7,3,-4250.0,-5250.0
43.596933,78.487561,687.0,8,3,-4000.0,-5250.0
43.596933,78.490664,706.0,9,3,-3750.0,-5250.0
43.596933,78.493768,738.0,10,3,-3500.0,-5250.0
43.596933,78.496871,732.0,11,3,-3250.0,-5250.0
43.596933,78.499975,731.0,12,3,-3000.0,-5250.0
43.596933,78.503078,730.0,13,3,-2750.0,-5250.0
43.596933,78.506182,730.0,14,3,-2500.0,-5250.0
43.596933,78.509285,729.0,15,3,-2250.0,-5250.0
43.596933,78.512388,725.0,16,3,-2000.0,-5250.0
43.596933,78.515492,721.0,17,3,-1750.0,-5250.0
43.596933,78.518595,720.0,18,3,-1500.0,-5250.0
43.596933,78.521699,697.0,19,3,-1250.0,-5250.0
43.596933,78.524802,681.0,20,3,-1000.0,-5250.0
43.596933,78.527906,737.0,21,3,-750.0,-5250.0
43.596933,78.531009,740.0,22,3,-500.0,-5250.0
43.596933,78.534113,731.0,23,3,-250.0,-5250.0
43.596933,78.537216,728.0,24,3,0.0,-5250.0
43.596933,78.540319,707.0,25,3,250.0,-5250.0
43.596933,78.543423,721.0,26,3,500.0,-5250.0
43.596933,78.546526,718.0,27,3,750.0,-5250.0
43.596933,78.54963,699.0,28,3,1000.0,-5250.0
43.596933,78.552733,708.0,29,3,1250.0,-5250.0
43.596933,78.555837,710.0,30,3,1500.0,-5250.0
43.596933,78.55894,700.0,31,3,1750.0,-5250.0
43.596933,78.562044,696.0,32,3,2000.0,-5250.0
43.596933,78.565147,691.0,33,3,2250.0,-5250.0
43.596933,78.56825,683.0,34,3,2500.0,-5250.0
43.596933,78.571354,680.0,35,3,2750.0,-5250.0
43.596933,78.574457,679.0,36,3,3000.0,-5250.0
43.596933,78.577561,690.0,37,3,3250.0,-5250.0
43.596933,78.580664,695.0,38,3,3500.0,-5250.0
43.596933,78.583768,691.0,39,3,3750.0,-5250.0
43.596933,78.586871,688.0,40,3,4000.0,-5250.0
43.596933,78.589975,695.0,41,3,4250.0,-5250.0
43.596933,78.593078,702.0,42,3,4500.0,-5250.0
43.596933,78.596181,702.0,43,3,4750.0,-5250.0
43.596933,78.599285,704.0,44,3,5000.0,-5250.0
43.596933,78.602388,704.0,45,3,5250.0,-5250.0
43.596933,78.605492,708.0,46,3,5500.0,-5250.0
43.596933,78.608595,708.0,47,3,5750.0,-5250.0
43.596933,78.611699,674.0,48,3,6000.0,-5250.0
43.599182,78.462733,675.0,0,4,-6000.0,-5000.0
43.599182,78.465837,675.0,1,4,-5750.0,-5000.0
43.599182,78.46894,675.0,2,4,-5500.0,-5000.0
43.599182,78.472044,676.0,3,4,-5250.0,-5000.0
43.599182,78.475147,675.0,4,4,-5000.0,-5000.0
43.599182,78.478251,673.0,5,4,-4750.0,-5000.0
43.599182,78.481354,673.0,6,4,-4500.0,-5000.0
43.599182,78.484457,672.0,7,4,-4250.0,-5000.0
43.599182,78.487561,675.0,8,4,-4000.0,-5000.0
43.599182,78.490664,688.0,9,4,-3750.0,-5000.0
43.599182,78.493768,732.0,10,4,-3500.0,-5000.0
43.599182,78.496871,726.0,11,4,-3250.0,-5000.0
43.599182,78.499975,725.0,12,4,-3000.0,-5000.0
43.599182,78.503078,716.0,13,4,-2750.0,-5000.0
43.599182,78.506182,725.0,14,4,-2500.0,-5000.0
43.599182,78.509285,724.0,15,4,-2250.0,-5000.0
43.599182,78.512388,719.0,16,4,-2000.0,-5000.0
43.599182,78.515492,713.0,17,4,-1750.0,-5000.0
43.599182,78.518595,715.0,18,4,-1500.0,-5000.0
43.599182,78.521699,699.0,19,4,-1250.0,-5000.0
43.599182,78.524802,673.0,20,4,-1000.0,-5000.0
43.599182,78.527906,732.0,21,4,-750.0,-5000.0
43.599182,78.531009,731.0,22,4,-500.0,-5000.0
43.599182,78.534113,726.0,23,4,-250.0,-5000.0
43.599182,78.537216,718.0,24,4,0.0,-5000.0
43.599182,78.540319,701.0,25,4,250.0,-5000.0
43.599182,78.543423,707.0,26,4,500.0,-5000.0
43.599182,78.546526,709.0,27,4,750.0,-5000.0
43.599182,78.54963,703.0,28,4,1000.0,-5000.0
43.599182,78.552733,690.0,29,4,1250.0,-5000.0
43.599182,78.555837,702.0,30,4,1500.0,-5000.0
43.599182,78.55894,696.0,31,4,1750.0,-5000.0
43.599182,78.562044,680.0,32,4,2000.0,-5000.0
43.599182,78.565147,680.0,33,4,2250.0,-5000.0
43.599182,78.56825,671.0,34,4,2500.0,-5000.0
43.599182,78.571354,670.0,35,4,2750.0,-5000.0
43.599182,78.574457,673.0,36,4,3000.0,-5000.0
43.599182,78.577561,678.0,37,4,3250.0,-5000.0
43.599182,78.580664,684.0,38,4,3500.0,-5000.0
43.599182,78.583768,678.0,39,4,3750.0,-5000.0
43.599182,78.586871,677.0,40,4,4000.0,-5000.0
43.599182,78.589975,688.0,41,4,4250.0,-5000.0
43.599182,78.593078,686.0,42,4,4500.0,-5000.0
43.599182,78.596181,684.0,43,4,4750.0,-5000.0
43.599182,78.599285,689.0,44,4,5000.0,-5000.0
43.599182,78.602388,689.0,45,4,5250.0,-5000.0
43.599182,78.605492,694.0,46,4,5500.0,-5000.0
43.599182,78.608595,697.0,47,4,5750.0,-5000.0
43.599182,78.611699,668.0,48,4,6000.0,-5000.0
43.601432,78.462733,671.0,0,5,-6000.0,-4750.0
43.601432,78.465837,671.0,1,5,-5750.0,-4750.0
43.601432,78.46894,672.0,2,5,-5500.0,-4750.0
43.601432,78.472044,672.0,3,5,-5250.0,-4750.0
43.601432,78.475147,673.0,4,5,-5000.0,-4750.0
43.601432,78.478251,671.0,5,5,-4750.0,-4750.0
43.601432,78.481354,669.0,6,5,-4500.0,-4750.0
43.601432,78.484457,669.0,7,5,-4250.0,-4750.0
43.601432,78.487561,670.0,8,5,-4000.0,-4750.0
43.601432,78.490664,679.0,9,5,-3750.0,-4750.0
43.601432,78.493768,716.0,10,5,-3500.0,-4750.0
43.601432,78.496871,721.0,11,5,-3250.0,-4750.0
43.601432,78.499975,721.0,12,5,-3000.0,-4750.0
43.601432,78.503078,703.0,13,5,-2750.0,-4750.0
43.601432,78.506182,721.0,14,5,-2500.0,-4750.0
43.601432,78.509285,720.0,15,5,-2250.0,-4750.0
43.601432,78.512388,715.0,16,5,-2000.0,-4750.0
43.601432,78.515492,711.0,17,5,-1750.0,-4750.0
43.601432,78.518595,707.0,18,5,-1500.0,-4750.0
43.601432,78.521699,695.0,19,5,-1250.0,-4750.0
43.601432,78.524802,670.0,20,5,-1000.0,-4750.0
43.601432,78.527906,713.0,21,5,-750.0,-4750.0
43.601432,78.531009,722.0,22,5,-500.0,-4750.0
43.601432,78.534113,722.0,23,5,-250.0,-4750.0
43.601432,78.537216,710.0,24,5,0.0,-4750.0
43.601432,78.540319,698.0,25,5,250.0,-4750.0
43.601432,78.543423,687.0,26,5,500.0,-4750.0
43.601432,78.546526,705.0,27,5,750.0,-4750.0
43.601432,78.54963,690.0,28,5,1000.0,-4750.0
43.601432,78.552733,682.0,29,5,1250.0,-4750.0
43.601432,78.555837,693.0,30,5,1500.0,-4750.0
43.601432,78.55894,691.0,31,5,1750.0,-4750.0
43.601432,78.562044,683.0,32,5,2000.0,-4750.0
43.601432,78.565147,669.0,33,5,2250.0,-4750.0
43.601432,78.56825,664.0,34,5,2500.0,-4750.0
43.601432,78.571354,663.0,35,5,2750.0,-4750.0
43.601432,78.574457,673.0,36,5,3000.0,-4750.0
43.601432,78.577561,671.0,37,5,3250.0,-4750.0
43.601432,78.580664,678.0,38,5,3500.0,-4750.0
43.601432,78.583768,669.0,39,5,3750.0,-4750.0
43.601432,78.586871,670.0,40,5,4000.0,-4750.0
43.601432,78.589975,675.0,41,5,4250.0,-4750.0
43.601432,78.593078,676.0,42,5,4500.0,-4750.0
43.601432,78.596181,677.0,43,5,4750.0,-4750.0
43.601432,78.599285,678.0,44,5,5000.0,-4750.0
43.601432,78.602388,682.0,45,5,5250.0,-4750.0
43.601432,78.605492,688.0,46,5,5500.0,-4750.0
43.601432,78.608595,688.0,47,5,5750.0,-4750.0
43.601432,78.611699,665.0,48,5,6000.0,-4750.0
43.603682,78.462733,666.0,0,6,-6000.0,-4500.0
43.603682,78.465837,666.0,1,6,-5750.0,-4500.0
43.603682,78.46894,666.0,2,6,-5500.0,-4500.0
43.603682,78.472044,667.0,3,6,-5250.0,-4500.0
43.603682,78.475147,668.0,4,6,-5000.0,-4500.0
43.603682,78.478251,668.0,5,6,-4750.0,-4500.0
43.603682,78.481354,666.0,6,6,-4500.0,-4500.0
43.603682,78.484457,663.0,7,6,-4250.0,-4500.0
43.603682,78.487561,660.0,8,6,-4000.0,-4500.0
43.603682,78.490664,666.0,9,6,-3750.0,-4500.0
43.603682,78.493768,680.0,10,6,-3500.0,-4500.0
43.603682,78.496871,712.0,11,6,-3250.0,-4500.0
43.603682,78.499975,710.0,12,6,-3000.0,-4500.0
43.603682,78.503078,691.0,13,6,-2750.0,-4500.0
43.603682,78.506182,713.0,14,6,-2500.0,-4500.0
43.603682,78.509285,711.0,15,6,-2250.0,-4500.0
43.603682,78.512388,707.0,16,6,-2000.0,-4500.0
43.603682,78.515492,705.0,17,6,-1750.0,-4500.0
43.603682,78.518595,687.0,18,6,-1500.0,-4500.0
43.603682,78.521699,699.0,19,6,-1250.0,-4500.0
43.603682,78.524802,670.0,20,6,-1000.0,-4500.0
43.603682,78.527906,687.0,21,6,-750.0,-4500.0
43.603682,78.531009,714.0,22,6,-500.0,-4500.0
43.603682,78.534113,710.0,23,6,-250.0,-4500.0
43.603682,78.537216,706.0,24,6,0.0,-4500.0
43.603682,78.540319,688.0,25,6,250.0,-4500.0
43.603682,78.543423,671.0,26,6,500.0,-4500.0
43.603682,78.546526,692.0,27,6,750.0,-4500.0
43.603682,78.54963,687.0,28,6,1000.0,-4500.0
43.603682,78.552733,675.0,29,6,1250.0,-4500.0
43.603682,78.555837,665.0,30,6,1500.0,-4500.0
43.603682,78.55894,675.0,31,6,1750.0,-4500.0
43.603682,78.562044,674.0,32,6,2000.0,-4500.0
43.603682,78.565147,661.0,33,6,2250.0,-4500.0
43.603682,78.56825,655.0,34,6,2500.0,-4500.0
43.603682,78.571354,661.0,35,6,2750.0,-4500.0
43.603682,78.574457,663.0,36,6,3000.0,-4500.0
43.603682,78.577561,659.0,37,6,3250.0,-4500.0
43.603682,78.580664,664.0,38,6,3500.0,-4500.0
43.603682,78.583768,660.0,39,6,3750.0,-4500.0
43.603682,78.586871,661.0,40,6,4000.0,-4500.0
43.603682,78.589975,665.0,41,6,4250.0,-4500.0
43.603682,78.593078,660.0,42,6,4500.0,-4500.0
43.603682,78.596181,664.0,43,6,4750.0,-4500.0
43.603682,78.599285,669.0,44,6,5000.0,-4500.0
43.603682,78.602388,673.0,45,6,5250.0,-4500.0
43.603682,78.605492,677.0,46,6,5500.0,-4500.0
43.603682,78.608595,674.0,47,6,5750.0,-4500.0
43.603682,78.611699,660.0,48,6,6000.0,-4500.0
43.605931,78.462733,663.0,0,7,-6000.0,-4250.0
43.605931,78.465837,661.0,1,7,-5750.0,-4250.0
43.605931,78.46894,661.0,2,7,-5500.0,-4250.0
43.605931,78.472044,661.0,3,7,-5250.0,-4250.0
43.605931,78.475147,663.0,4,7,-5000.0,-4250.0
43.605931,78.478251,663.0,5,7,-4750.0,-4250.0
43.605931,78.481354,661.0,6,7,-4500.0,-4250.0
43.605931,78.484457,661.0,7,7,-4250.0,-4250.0
43.605931,78.487561,659.0,8,7,-4000.0,-4250.0
43.605931,78.490664,660.0,9,7,-3750.0,-4250.0
43.605931,78.493768,666.0,10,7,-3500.0,-4250.0
43.605931,78.496871,684.0,11,7,-3250.0,-4250.0
43.605931,78.499975,710.0,12,7,-3000.0,-4250.0
43.605931,78.503078,682.0,13,7,-2750.0,-4250.0
43.605931,78.506182,706.0,14,7,-2500.0,-4250.0
43.605931,78.509285,706.0,15,7,-2250.0,-4250.0
43.605931,78.512388,698.0,16,7,-2000.0,-4250.0
43.605931,78.515492,698.0,17,7,-1750.0,-4250.0
43.605931,78.518595,678.0,18,7,-1500.0,-4250.0
43.605931,78.521699,675.0,19,7,-1250.0,-4250.0
43.605931,78.524802,663.0,20,7,-1000.0,-4250.0
43.605931,78.527906,686.0,21,7,-750.0,-4250.0
43.605931,78.531009,686.0,22,7,-500.0,-4250.0
43.605931,78.534113,686.0,23,7,-250.0,-4250.0
43.605931,78.537216,683.0,24,7,0.0,-4250.0
43.605931,78.540319,682.0,25,7,250.0,-4250.0
43.605931,78.543423,666.0,26,7,500.0,-4250.0
43.605931,78.546526,677.0,27,7,750.0,-4250.0
43.605931,78.54963,673.0,28,7,1000.0,-4250.0
43.605931,78.552733,665.0,29,7,1250.0,-4250.0
43.605931,78.555837,653.0,30,7,1500.0,-4250.0
43.605931,78.55894,664.0,31,7,1750.0,-4250.0
43.605931,78.562044,653.0,32,7,2000.0,-4250.0
43.605931,78.565147,649.0,33,7,2250.0,-4250.0
43.605931,78.56825,646.0,34,7,2500.0,-4250.0
43.605931,78.571354,650.0,35,7,2750.0,-4250.0
43.605931,78.574457,649.0,36,7,3000.0,-4250.0
43.605931,78.577561,650.0,37,7,3250.0,-4250.0
43.605931,78.580664,651.0,38,7,3500.0,-4250.0
43.605931,78.583768,649.0,39,7,3750.0,-4250.0
43.605931,78.586871,651.0,40,7,4000.0,-4250.0
43.605931,78.589975,648.0,41,7,4250.0,-4250.0
43.605931,78.593078,649.0,42,7,4500.0,-4250.0
43.605931,78.596181,656.0,43,7,4750.0,-4250.0
43.605931,78.599285,660.0,44,7,5000.0,-4250.0
43.605931,78.602388,662.0,45,7,5250.0,-4250.0
43.605931,78.605492,665.0,46,7,5500.0,-4250.0
43.605931,78.608595,660.0,47,7,5750.0,-4250.0
43.605931,78.611699,656.0,48,7,6000.0,-4250.0
43.608181,78.462733,658.0,0,8,-6000.0,-4000.0
43.608181,78.465837,661.0,1,8,-5750.0,-4000.0
43.608181,78.46894,660.0,2,8,-5500.0,-4000.0
43.608181,78.472044,660.0,3,8,-5250.0,-4000.0
43.608181,78.475147,658.0,4,8,-5000.0,-4000.0
43.608181,78.478251,658.0,5,8,-4750.0,-4000.0
43.608181,78.481354,658.0,6,8,-4500.0,-4000.0
43.608181,78.484457,657.0,7,8,-4250.0,-4000.0
43.608181,78.487561,655.0,8,8,-4000.0,-4000.0
43.608181,78.490664,648.0,9,8,-3750.0,-4000.0
43.608181,78.493768,660.0,10,8,-3500.0,-4000.0
43.608181,78.496871,677.0,11,8,-3250.0,-4000.0
43.608181,78.499975,697.0,12,8,-3000.0,-4000.0
43.608181,78.503078,688.0,13,8,-2750.0,-4000.0
43.608181,78.506182,701.0,14,8,-2500.0,-4000.0
43.608181,78.509285,700.0,15,8,-2250.0,-4000.0
43.608181,78.512388,691.0,16,8,-2000.0,-4000.0
43.608181,78.515492,691.0,17,8,-1750.0,-4000.0
43.608181,78.518595,677.0,18,8,-1500.0,-4000.0
43.608181,78.521699,664.0,19,8,-1250.0,-4000.0
43.608181,78.524802,657.0,20,8,-1000.0,-4000.0
43.608181,78.527906,684.0,21,8,-750.0,-4000.0
43.608181,78.531009,681.0,22,8,-500.0,-4000.0
43.608181,78.534113,674.0,23,8,-250.0,-4000.0
43.608181,78.537216,673.0,24,8,0.0,-4000.0
43.608181,78.540319,666.0,25,8,250.0,-4000.0
43.608181,78.543423,666.0,26,8,500.0,-4000.0
43.608181,78.546526,653.0,27,8,750.0,-4000.0
43.608181,78.54963,660.0,28,8,1000.0,-4000.0
43.608181,78.552733,660.0,29,8,1250.0,-4000.0
43.608181,78.555837,644.0,30,8,1500.0,-4000.0
43.608181,78.55894,649.0,31,8,1750.0,-4000.0
43.608181,78.562044,643.0,32,8,2000.0,-4000.0
43.608181,78.565147,641.0,33,8,2250.0,-4000.0
43.608181,78.56825,642.0,34,8,2500.0,-4000.0
43.608181,78.571354,642.0,35,8,2750.0,-4000.0
43.608181,78.574457,640.0,36,8,3000.0,-4000.0
43.608181,78.577561,639.0,37,8,3250.0,-4000.0
43.608181,78.580664,640.0,38,8,3500.0,-4000.0
43.608181,78.583768,642.0,39,8,3750.0,-4000.0
43.608181,78.586871,641.0,40,8,4000.0,-4000.0
43.608181,78.589975,640.0,41,8,4250.0,-4000.0
43.608181,78.593078,647.0,42,8,4500.0,-4000.0
43.608181,78.596181,649.0,43,8,4750.0,-4000.0
43.608181,78.599285,653.0,44,8,5000.0,-4000.0
43.608181,78.602388,654.0,45,8,5250.0,-4000.0
43.608181,78.605492,657.0,46,8,5500.0,-4000.0
43.608181,78.608595,652.0,47,8,5750.0,-4000.0
43.608181,78.611699,653.0,48,8,6000.0,-4000.0
43.61043,78.462733,652.0,0,9,-6000.0,-3750.0
43.61043,78.465837,653.0,1,9,-5750.0,-3750.0
43.61043,78.46894,653.0,2,9,-5500.0,-3750.0
43.61043,78.472044,653.0,3,9,-5250.0,-3750.0
43.61043,78.475147,655.0,4,9,-5000.0,-3750.0
43.61043,78.478251,654.0,5,9,-4750.0,-3750.0
43.61043,78.481354,654.0,6,9,-4500.0,-3750.0
43.61043,78.484457,650.0,7,9,-4250.0,-3750.0
43.61043,78.487561,646.0,8,9,-4000.0,-3750.0
43.61043,78.490664,648.0,9,9,-3750.0,-3750.0
43.61043,78.493768,653.0,10,9,-3500.0,-3750.0
43.61043,78.496871,656.0,11,9,-3250.0,-3750.0
43.61043,78.499975,667.0,12,9,-3000.0,-3750.0
43.61043,78.503078,682.0,13,9,-2750.0,-3750.0
43.61043,78.506182,691.0,14,9,-2500.0,-3750.0
43.61043,78.509285,683.0,15,9,-2250.0,-3750.0
43.61043,78.512388,671.0,16,9,-2000.0,-3750.0
43.61043,78.515492,673.0,17,9,-1750.0,-3750.0
43.61043,78.518595,667.0,18,9,-1500.0,-3750.0
43.61043,78.521699,649.0,19,9,-1250.0,-3750.0
43.61043,78.524802,643.0,20,9,-1000.0,-3750.0
43.61043,78.527906,673.0,21,9,-750.0,-3750.0
43.61043,78.531009,665.0,22,9,-500.0,-3750.0
43.61043,78.534113,666.0,23,9,-250.0,-3750.0
43.61043,78.537216,659.0,24,9,0.0,-3750.0
43.61043,78.540319,655.0,25,9,250.0,-3750.0
43.61043,78.543423,650.0,26,9,500.0,-3750.0
43.61043,78.546526,650.0,27,9,750.0,-3750.0
43.61043,78.54963,638.0,28,9,1000.0,-3750.0
43.61043,78.552733,639.0,29,9,1250.0,-3750.0
43.61043,78.555837,637.0,30,9,1500.0,-3750.0
43.61043,78.55894,635.0,31,9,1750.0,-3750.0
43.61043,78.562044,634.0,32,9,2000.0,-3750.0
43.61043,78.565147,632.0,33,9,2250.0,-3750.0
43.61043,78.56825,634.0,34,9,2500.0,-3750.0
43.61043,78.571354,632.0,35,9,2750.0,-3750.0
43.61043,78.574457,628.0,36,9,3000.0,-3750.0
43.61043,78.577561,628.0,37,9,3250.0,-3750.0
43.61043,78.580664,629.0,38,9,3500.0,-3750.0
43.61043,78.583768,634.0,39,9,3750.0,-3750.0
43.61043,78.586871,632.0,40,9,4000.0,-3750.0
43.61043,78.589975,631.0,41,9,4250.0,-3750.0
43.61043,78.593078,632.0,42,9,4500.0,-3750.0
43.61043,78.596181,637.0,43,9,4750.0,-3750.0
43.61043,78.599285,639.0,44,9,5000.0,-3750.0
43.61043,78.602388,643.0,45,9,5250.0,-3750.0
43.61043,78.605492,646.0,46,9,5500.0,-3750.0
43.61043,78.608595,647.0,47,9,5750.0,-3750.0
43.61043,78.611699,648.0,48,9,6000.0,-3750.0
43.61268,78.462733,638.0,0,10,-6000.0,-3500.0
43.61268,78.465837,638.0,1,10,-5750.0,-3500.0
43.61268,78.46894,644.0,2,10,-5500.0,-3500.0
43.61268,78.472044,644.0,3,10,-5250.0,-3500.0
43.61268,78.475147,643.0,4,10,-5000.0,-3500.0
43.61268,78.478251,642.0,5,10,-4750.0,-3500.0
43.61268,78.481354,641.0,6,10,-4500.0,-3500.0
43.61268,78.484457,640.0,7,10,-4250.0,-3500.0
43.61268,78.487561,636.0,8,10,-4000.0,-3500.0
43.61268,78.490664,633.0,9,10,-3750.0,-3500.0
43.61268,78.493768,631.0,10,10,-3500.0,-3500.0
43.61268,78.496871,637.0,11,10,-3250.0,-3500.0
43.61268,78.499975,640.0,12,10,-3000.0,-3500.0
43.61268,78.503078,646.0,13,10,-2750.0,-3500.0
43.61268,78.506182,647.0,14,10,-2500.0,-3500.0
43.61268,78.509285,646.0,15,10,-2250.0,-3500.0
43.61268,78.512388,646.0,16,10,-2000.0,-3500.0
43.61268,78.515492,650.0,17,10,-1750.0,-3500.0
43.61268,78.518595,653.0,18,10,-1500.0,-3500.0
43.61268,78.521699,636.0,19,10,-1250.0,-3500.0
43.61268,78.524802,660.0,20,10,-1000.0,-3500.0
43.61268,78.527906,653.0,21,10,-750.0,-3500.0
43.61268,78.531009,654.0,22,10,-500.0,-3500.0
43.61268,78.534113,642.0,23,10,-250.0,-3500.0
43.61268,78.537216,646.0,24,10,0.0,-3500.0
43.61268,78.540319,643.0,25,10,250.0,-3500.0
43.61268,78.543423,634.0,26,10,500.0,-3500.0
43.61268,78.546526,633.0,27,10,750.0,-3500.0
43.61268,78.54963,625.0,28,10,1000.0,-3500.0
43.61268,78.552733,628.0,29,10,1250.0,-3500.0
43.61268,78.555837,625.0,30,10,1500.0,-3500.0
43.61268,78.55894,622.0,31,10,1750.0,-3500.0
43.61268,78.562044,620.0,32,10,2000.0,-3500.0
43.61268,78.565147,624.0,33,10,2250.0,-3500.0
43.61268,78.56825,624.0,34,10,2500.0,-3500.0
43.61268,78.571354,625.0,35,10,2750.0,-3500.0
43.61268,78.574457,621.0,36,10,3000.0,-3500.0
43.61268,78.577561,619.0,37,10,3250.0,-3500.0
43.61268,78.580664,622.0,38,10,3500.0,-3500.0
43.61268,78.583768,624.0,39,10,3750.0,-3500.0
43.61268,78.586871,624.0,40,10,4000.0,-3500.0
43.61268,78.589975,624.0,41,10,4250.0,-3500.0
43.61268,78.593078,624.0,42,10,4500.0,-3500.0
43.61268,78.596181,630.0,43,10,4750.0,-3500.0
43.61268,78.599285,635.0,44,10,5000.0,-3500.0
43.61268,78.602388,638.0,45,10,5250.0,-3500.0
43.61268,78.605492,640.0,46,10,5500.0,-3500.0
43.61268,78.608595,643.0,47,10,5750.0,-3500.0
43.61268,78.611699,643.0,48,10,6000.0,-3500.0
43.614929,78.462733,635.0,0,11,-6000.0,-3250.0
43.614929,78.465837,634.0,1,11,-5750.0,-3250.0
43.614929,78.46894,632.0,2,11,-5500.0,-3250.0
43.614929,78.472044,633.0,3,11,-5250.0,-3250.0
43.614929,78.475147,634.0,4,11,-5000.0,-3250.0
43.614929,78.478251,632.0,5,11,-4750.0,-3250.0
43.614929,78.481354,631.0,6,11,-4500.0,-3250.0
43.614929,78.484457,630.0,7,11,-4250.0,-3250.0
43.614929,78.487561,629.0,8,11,-4000.0,-3250.0
43.614929,78.490664,625.0,9,11,-3750.0,-3250.0
43.614929,78.493768,626.0,10,11,-3500.0,-3250.0
43.614929,78.496871,626.0,11,11,-3250.0,-3250.0
43.614929,78.499975,626.0,12,11,-3000.0,-3250.0
43.614929,78.503078,632.0,13,11,-2750.0,-3250.0
43.614929,78.506182,634.0,14,11,-2500.0,-3250.0
43.614929,78.509285,632.0,15,11,-2250.0,-3250.0
43.614929,78.512388,635.0,16,11,-2000.0,-3250.0
43.614929,78.515492,645.0,17,11,-1750.0,-3250.0
43.614929,78.518595,638.0,18,11,-1500.0,-3250.0
43.614929,78.521699,628.0,19,11,-1250.0,-3250.0
43.614929,78.524802,643.0,20,11,-1000.0,-3250.0
43.614929,78.527906,654.0,21,11,-750.0,-3250.0
43.614929,78.531009,654.0,22,11,-500.0,-3250.0
43.614929,78.534113,650.0,23,11,-250.0,-3250.0
43.614929,78.537216,627.0,24,11,0.0,-3250.0
43.614929,78.540319,645.0,25,11,250.0,-3250.0
43.614929,78.543423,629.0,26,11,500.0,-3250.0
43.614929,78.546526,620.0,27,11,750.0,-3250.0
43.614929,78.54963,623.0,28,11,1000.0,-3250.0
43.614929,78.552733,626.0,29,11,1250.0,-3250.0
43.614929,78.555837,616.0,30,11,1500.0,-3250.0
43.614929,78.55894,616.0,31,11,1750.0,-3250.0
43.614929,78.562044,614.0,32,11,2000.0,-3250.0
43.614929,78.565147,618.0,33,11,2250.0,-3250.0
43.614929,78.56825,619.0,34,11,2500.0,-3250.0
43.614929,78.571354,620.0,35,11,2750.0,-3250.0
43.614929,78.574457,616.0,36,11,3000.0,-3250.0
43.614929,78.577561,615.0,37,11,3250.0,-3250.0
43.614929,78.580664,617.0,38,11,3500.0,-3250.0
43.614929,78.583768,619.0,39,11,3750.0,-3250.0
43.614929,78.586871,619.0,40,11,4000.0,-3250.0
43.614929,78.589975,619.0,41,11,4250.0,-3250.0
43.614929,78.593078,623.0,42,11,4500.0,-3250.0
43.614929,78.596181,628.0,43,11,4750.0,-3250.0
43.614929,78.599285,633.0,44,11,5000.0,-3250.0
43.614929,78.602388,635.0,45,11,5250.0,-3250.0
43.614929,78.605492,638.0,46,11,5500.0,-3250.0
43.614929,78.608595,640.0,47,11,5750.0,-3250.0
43.614929,78.611699,640.0,48,11,6000.0,-3250.0
43.617179,78.462733,632.0,0,12,-6000.0,-3000.0
43.617179,78.465837,631.0,1,12,-5750.0,-3000.0
43.617179,78.46894,629.0,2,12,-5500.0,-3000.0
43.617179,78.472044,627.0,3,12,-5250.0,-3000.0
43.617179,78.475147,624.0,4,12,-5000.0,-3000.0
43.617179,78.478251,622.0,5,12,-4750.0,-3000.0
43.617179,78.481354,619.0,6,12,-4500.0,-3000.0
43.617179,78.484457,615.0,7,12,-4250.0,-3000.0
43.617179,78.487561,610.0,8,12,-4000.0,-3000.0
43.617179,78.490664,612.0,9,12,-3750.0,-3000.0
43.617179,78.493768,615.0,10,12,-3500.0,-3000.0
43.617179,78.496871,614.0,11,12,-3250.0,-3000.0
43.617179,78.499975,613.0,12,12,-3000.0,-3000.0
43.617179,78.503078,617.0,13,12,-2750.0,-3000.0
43.617179,78.506182,621.0,14,12,-2500.0,-3000.0
43.617179,78.509285,618.0,15,12,-2250.0,-3000.0
43.617179,78.512388,620.0,16,12,-2000.0,-3000.0
43.617179,78.515492,618.0,17,12,-1750.0,-3000.0
43.617179,78.518595,623.0,18,12,-1500.0,-3000.0
43.617179,78.521699,621.0,19,12,-1250.0,-3000.0
43.617179,78.524802,626.0,20,12,-1000.0,-3000.0
43.617179,78.527906,622.0,21,12,-750.0,-3000.0
43.617179,78.531009,616.0,22,12,-500.0,-3000.0
43.617179,78.534113,617.0,23,12,-250.0,-3000.0
43.617179,78.537216,613.0,24,12,0.0,-3000.0
43.617179,78.540319,612.0,25,12,250.0,-3000.0
43.617179,78.543423,613.0,26,12,500.0,-3000.0
43.617179,78.546526,612.0,27,12,750.0,-3000.0
43.617179,78.54963,608.0,28,12,1000.0,-3000.0
43.617179,78.552733,606.0,29,12,1250.0,-3000.0
43.617179,78.555837,604.0,30,12,1500.0,-3000.0
43.617179,78.55894,606.0,31,12,1750.0,-3000.0
43.617179,78.562044,606.0,32,12,2000.0,-3000.0
43.617179,78.565147,609.0,33,12,2250.0,-3000.0
43.617179,78.56825,612.0,34,12,2500.0,-3000.0
43.617179,78.571354,613.0,35,12,2750.0,-3000.0
43.617179,78.574457,610.0,36,12,3000.0,-3000.0
43.617179,78.577561,608.0,37,12,3250.0,-3000.0
43.617179,78.580664,608.0,38,12,3500.0,-3000.0
43.617179,78.583768,610.0,39,12,3750.0,-3000.0
43.617179,78.586871,612.0,40,12,4000.0,-3000.0
43.617179,78.589975,615.0,41,12,4250.0,-3000.0
43.617179,78.593078,620.0,42,12,4500.0,-3000.0
43.617179,78.596181,625.0,43,12,4750.0,-3000.0
43.617179,78.599285,628.0,44,12,5000.0,-3000.0
43.617179,78.602388,631.0,45,12,5250.0,-3000.0
43.617179,78.605492,633.0,46,12,5500.0,-3000.0
43.617179,78.608595,635.0,47,12,5750.0,-3000.0
43.617179,78.611699,636.0,48,12,6000.0,-3000.0
43.619429,78.462733,629.0,0,13,-6000.0,-2750.0
43.619429,78.465837,628.0,1,13,-5750.0,-2750.0
43.619429,78.46894,626.0,2,13,-5500.0,-2750.0
43.619429,78.472044,624.0,3,13,-5250.0,-2750.0
43.619429,78.475147,622.0,4,13,-5000.0,-2750.0
43.619429,78.478251,620.0,5,13,-4750.0,-2750.0
43.619429,78.481354,618.0,6,13,-4500.0,-2750.0
43.619429,78.484457,614.0,7,13,-4250.0,-2750.0
43.619429,78.487561,611.0,8,13,-4000.0,-2750.0
43.619429,78.490664,608.0,9,13,-3750.0,-2750.0
43.619429,78.493768,606.0,10,13,-3500.0,-2750.0
43.619429,78.496871,606.0,11,13,-3250.0,-2750.0
43.619429,78.499975,604.0,12,13,-3000.0,-2750.0
43.619429,78.503078,604.0,13,13,-2750.0,-2750.0
43.619429,78.506182,608.0,14,13,-2500.0,-2750.0
43.619429,78.509285,605.0,15,13,-2250.0,-2750.0
43.619429,78.512388,605.0,16,13,-2000.0,-2750.0
43.619429,78.515492,605.0,17,13,-1750.0,-2750.0
43.619429,78.518595,610.0,18,13,-1500.0,-2750.0
43.619429,78.521699,611.0,19,13,-1250.0,-2750.0
43.619429,78.524802,610.0,20,13,-1000.0,-2750.0
43.619429,78.527906,604.0,21,13,-750.0,-2750.0
43.619429,78.531009,597.0,22,13,-500.0,-2750.0
43.619429,78.534113,595.0,23,13,-250.0,-2750.0
43.619429,78.537216,588.0,24,13,0.0,-2750.0
43.619429,78.540319,586.0,25,13,250.0,-2750.0
43.619429,78.543423,585.0,26,13,500.0,-2750.0
43.619429,78.546526,592.0,27,13,750.0,-2750.0
43.619429,78.54963,589.0,28,13,1000.0,-2750.0
43.619429,78.552733,589.0,29,13,1250.0,-2750.0
43.619429,78.555837,594.0,30,13,1500.0,-2750.0
43.619429,78.55894,595.0,31,13,1750.0,-2750.0
43.619429,78.562044,598.0,32,13,2000.0,-2750.0
43.619429,78.565147,603.0,33,13,2250.0,-2750.0
43.619429,78.56825,604.0,34,13,2500.0,-2750.0
43.619429,78.571354,606.0,35,13,2750.0,-2750.0
43.619429,78.574457,604.0,36,13,3000.0,-2750.0
43.619429,78.577561,602.0,37,13,3250.0,-2750.0
43.619429,78.580664,602.0,38,13,3500.0,-2750.0
43.619429,78.583768,605.0,39,13,3750.0,-2750.0
43.619429,78.586871,609.0,40,13,4000.0,-2750.0
43.619429,78.589975,613.0,41,13,4250.0,-2750.0
43.619429,78.593078,618.0,42,13,4500.0,-2750.0
43.619429,78.596181,621.0,43,13,4750.0,-2750.0
43.619429,78.599285,625.0,44,13,5000.0,-2750.0
43.619429,78.602388,626.0,45,13,5250.0,-2750.0
43.619429,78.605492,630.0,46,13,5500.0,-2750.0
43.619429,78.608595,631.0,47,13,5750.0,-2750.0
43.619429,78.611699,632.0,48,13,6000.0,-2750.0
43.621678,78.462733,626.0,0,14,-6000.0,-2500.0
43.621678,78.465837,626.0,1,14,-5750.0,-2500.0
43.621678,78.46894,624.0,2,14,-5500.0,-2500.0
43.621678,78.472044,623.0,3,14,-5250.0,-2500.0
43.621678,78.475147,619.0,4,14,-5000.0,-2500.0
43.621678,78.478251,618.0,5,14,-4750.0,-2500.0
43.621678,78.481354,615.0,6,14,-4500.0,-2500.0
43.621678,78.484457,613.0,7,14,-4250.0,-2500.0
43.621678,78.487561,610.0,8,14,-4000.0,-2500.0
43.621678,78.490664,607.0,9,14,-3750.0,-2500.0
43.621678,78.493768,604.0,10,14,-3500.0,-2500.0
43.621678,78.496871,600.0,11,14,-3250.0,-2500.0
43.621678,78.499975,599.0,12,14,-3000.0,-2500.0
43.621678,78.503078,596.0,13,14,-2750.0,-2500.0
43.621678,78.506182,596.0,14,14,-2500.0,-2500.0
43.621678,78.509285,596.0,15,14,-2250.0,-2500.0
43.621678,78.512388,594.0,16,14,-2000.0,-2500.0
43.621678,78.515492,594.0,17,14,-1750.0,-2500.0
43.621678,78.518595,598.0,18,14,-1500.0,-2500.0
43.621678,78.521699,604.0,19,14,-1250.0,-2500.0
43.621678,78.524802,601.0,20,14,-1000.0,-2500.0
43.621678,78.527906,595.0,21,14,-750.0,-2500.0
43.621678,78.531009,588.0,22,14,-500.0,-2500.0
43.621678,78.534113,583.0,23,14,-250.0,-2500.0
43.621678,78.537216,578.0,24,14,0.0,-2500.0
43.621678,78.540319,574.0,25,14,250.0,-2500.0
43.621678,78.543423,578.0,26,14,500.0,-2500.0
43.621678,78.546526,582.0,27,14,750.0,-2500.0
43.621678,78.54963,580.0,28,14,1000.0,-2500.0
43.621678,78.552733,581.0,29,14,1250.0,-2500.0
43.621678,78.555837,584.0,30,14,1500.0,-2500.0
43.621678,78.55894,588.0,31,14,1750.0,-2500.0
43.621678,78.562044,593.0,32,14,2000.0,-2500.0
43.621678,78.565147,596.0,33,14,2250.0,-2500.0
43.621678,78.56825,597.0,34,14,2500.0,-2500.0
43.621678,78.571354,598.0,35,14,2750.0,-2500.0
43.621678,78.574457,598.0,36,14,3000.0,-2500.0
43.621678,78.577561,597.0,37,14,3250.0,-2500.0
43.621678,78.580664,599.0,38,14,3500.0,-2500.0
43.621678,78.583768,603.0,39,14,3750.0,-2500.0
43.621678,78.586871,607.0,40,14,4000.0,-2500.0
43.621678,78.589975,611.0,41,14,4250.0,-2500.0
43.621678,78.593078,614.0,42,14,4500.0,-2500.0
43.621678,78.596181,618.0,43,14,4750.0,-2500.0
43.621678,78.599285,621.0,44,14,5000.0,-2500.0
43.621678,78.602388,624.0,45,14,5250.0,-2500.0
43.621678,78.605492,626.0,46,14,5500.0,-2500.0
43.621678,78.608595,627.0,47,14,5750.0,-2500.0
43.621678,78.611699,627.0,48,14,6000.0,-2500.0
43.623928,78.462733,625.0,0,15,-6000.0,-2250.0
43.623928,78.465837,623.0,1,15,-5750.0,-2250.0
43.623928,78.46894,622.0,2,15,-5500.0,-2250.0
43.623928,78.472044,621.0,3,15,-5250.0,-2250.0
43.623928,78.475147,618.0,4,15,-5000.0,-2250.0
43.623928,78.478251,616.0,5,15,-4750.0,-2250.0
43.623928,78.481354,613.0,6,15,-4500.0,-2250.0
43.623928,78.484457,611.0,7,15,-4250.0,-2250.0
43.623928,78.487561,609.0,8,15,-4000.0,-2250.0
43.623928,78.490664,607.0,9,15,-3750.0,-2250.0
43.623928,78.493768,603.0,10,15,-3500.0,-2250.0
43.623928,78.496871,600.0,11,15,-3250.0,-2250.0
43.623928,78.499975,598.0,12,15,-3000.0,-2250.0
43.623928,78.503078,595.0,13,15,-2750.0,-2250.0
43.623928,78.506182,592.0,14,15,-2500.0,-2250.0
43.623928,78.509285,590.0,15,15,-2250.0,-2250.0
43.623928,78.512388,589.0,16,15,-2000.0,-2250.0
43.623928,78.515492,590.0,17,15,-1750.0,-2250.0
43.623928,78.518595,594.0,18,15,-1500.0,-2250.0
43.623928,78.521699,598.0,19,15,-1250.0,-2250.0
43.623928,78.524802,597.0,20,15,-1000.0,-2250.0
43.623928,78.527906,592.0,21,15,-750.0,-2250.0
43.623928,78.531009,586.0,22,15,-500.0,-2250.0
43.623928,78.534113,581.0,23,15,-250.0,-2250.0
43.623928,78.537216,575.0,24,15,0.0,-2250.0
43.623928,78.540319,572.0,25,15,250.0,-2250.0
43.623928,78.543423,573.0,26,15,500.0,-2250.0
43.623928,78.546526,574.0,27,15,750.0,-2250.0
43.623928,78.54963,574.0,28,15,1000.0,-2250.0
43.623928,78.552733,576.0,29,15,1250.0,-2250.0
43.623928,78.555837,581.0,30,15,1500.0,-2250.0
43.623928,78.55894,584.0,31,15,1750.0,-2250.0
43.623928,78.562044,589.0,32,15,2000.0,-2250.0
43.623928,78.565147,592.0,33,15,2250.0,-2250.0
43.623928,78.56825,593.0,34,15,2500.0,-2250.0
43.623928,78.571354,594.0,35,15,2750.0,-2250.0
43.623928,78.574457,594.0,36,15,3000.0,-2250.0
43.623928,78.577561,595.0,37,15,3250.0,-2250.0
43.623928,78.580664,597.0,38,15,3500.0,-2250.0
43.623928,78.583768,602.0,39,15,3750.0,-2250.0
43.623928,78.586871,606.0,40,15,4000.0,-2250.0
43.623928,78.589975,609.0,41,15,4250.0,-2250.0
43.623928,78.593078,612.0,42,15,4500.0,-2250.0
43.623928,78.596181,616.0,43,15,4750.0,-2250.0
43.623928,78.599285,620.0,44,15,5000.0,-2250.0
43.623928,78.602388,622.0,45,15,5250.0,-2250.0
43.623928,78.605492,623.0,46,15,5500.0,-2250.0
43.623928,78.608595,624.0,47,15,5750.0,-2250.0
43.623928,78.611699,624.0,48,15,6000.0,-2250.0
43.626177,78.462733,622.0,0,16,-6000.0,-2000.0
43.626177,78.465837,621.0,1,16,-5750.0,-2000.0
43.626177,78.46894,619.0,2,16,-5500.0,-2000.0
43.626177,78.472044,618.0,3,16,-5250.0,-2000.0
43.626177,78.475147,616.0,4,16,-5000.0,-2000.0
43.626177,78.478251,614.0,5,16,-4750.0,-2000.0
43.626177,78.481354,612.0,6,16,-4500.0,-2000.0
43.626177,78.484457,609.0,7,16,-4250.0,-2000.0
43.626177,78.487561,606.0,8,16,-4000.0,-2000.0
43.626177,78.490664,604.0,9,16,-3750.0,-2000.0
43.626177,78.493768,602.0,10,16,-3500.0,-2000.0
43.626177,78.496871,599.0,11,16,-3250.0,-2000.0
43.626177,78.499975,596.0,12,16,-3000.0,-2000.0
43.626177,78.503078,593.0,13,16,-2750.0,-2000.0
43.626177,78.506182,590.0,14,16,-2500.0,-2000.0
43.626177,78.509285,587.0,15,16,-2250.0,-2000.0
43.626177,78.512388,585.0,16,16,-2000.0,-2000.0
43.626177,78.515492,584.0,17,16,-1750.0,-2000.0
43.626177,78.518595,587.0,18,16,-1500.0,-2000.0
43.626177,78.521699,589.0,19,16,-1250.0,-2000.0
43.626177,78.524802,588.0,20,16,-1000.0,-2000.0
43.626177,78.527906,585.0,21,16,-750.0,-2000.0
43.626177,78.531009,581.0,22,16,-500.0,-2000.0
43.626177,78.534113,578.0,23,16,-250.0,-2000.0
43.626177,78.537216,573.0,24,16,0.0,-2000.0
43.626177,78.540319,568.0,25,16,250.0,-2000.0
43.626177,78.543423,566.0,26,16,500.0,-2000.0
43.626177,78.546526,567.0,27,16,750.0,-2000.0
43.626177,78.54963,569.0,28,16,1000.0,-2000.0
43.626177,78.552733,573.0,29,16,1250.0,-2000.0
43.626177,78.555837,577.0,30,16,1500.0,-2000.0
43.626177,78.55894,580.0,31,16,1750.0,-2000.0
43.626177,78.562044,582.0,32,16,2000.0,-2000.0
43.626177,78.565147,585.0,33,16,2250.0,-2000.0
43.626177,78.56825,587.0,34,16,2500.0,-2000.0
43.626177,78.571354,588.0,35,16,2750.0,-2000.0
43.626177,78.574457,590.0,36,16,3000.0,-2000.0
43.626177,78.577561,593.0,37,16,3250.0,-2000.0
43.626177,78.580664,595.0,38,16,3500.0,-2000.0
43.626177,78.583768,602.0,39,16,3750.0,-2000.0
43.626177,78.586871,602.0,40,16,4000.0,-2000.0
43.626177,78.589975,605.0,41,16,4250.0,-2000.0
43.626177,78.593078,609.0,42,16,4500.0,-2000.0
43.626177,78.596181,613.0,43,16,4750.0,-2000.0
43.626177,78.599285,616.0,44,16,5000.0,-2000.0
43.626177,78.602388,617.0,45,16,5250.0,-2000.0
43.626177,78.605492,619.0,46,16,5500.0,-2000.0
43.626177,78.608595,619.0,47,16,5750.0,-2000.0
43.626177,78.611699,619.0,48,16,6000.0,-2000.0
43.628427,78.462733,619.0,0,17,-6000.0,-1750.0
43.628427,78.465837,618.0,1,17,-5750.0,-1750.0
43.628427,78.46894,617.0,2,17,-5500.0,-1750.0
43.628427,78.472044,615.0,3,17,-5250.0,-1750.0
43.628427,78.475147,613.0,4,17,-5000.0,-1750.0
43.628427,78.478251,612.0,5,17,-4750.0,-1750.0
43.628427,78.481354,609.0,6,17,-4500.0,-1750.0
43.628427,78.484457,607.0,7,17,-4250.0,-1750.0
43.628427,78.487561,604.0,8,17,-4000.0,-1750.0
43.628427,78.490664,603.0,9,17,-3750.0,-1750.0
43.628427,78.493768,600.0,10,17,-3500.0,-1750.0
43.628427,78.496871,597.0,11,17,-3250.0,-1750.0
43.628427,78.499975,595.0,12,17,-3000.0,-1750.0
43.628427,78.503078,592.0,13,17,-2750.0,-1750.0
43.628427,78.506182,589.0,14,17,-2500.0,-1750.0
43.628427,78.509285,585.0,15,17,-2250.0,-1750.0
43.628427,78.512388,583.0,16,17,-2000.0,-1750.0
43.628427,78.515492,581.0,17,17,-1750.0,-1750.0
43.628427,78.518595,581.0,18,17,-1500.0,-1750.0
43.628427,78.521699,582.0,19,17,-1250.0,-1750.0
43.628427,78.524802,581.0,20,17,-1000.0,-1750.0
43.628427,78.527906,580.0,21,17,-750.0,-1750.0
43.628427,78.531009,576.0,22,17,-500.0,-1750.0
43.628427,78.534113,573.0,23,17,-250.0,-1750.0
43.628427,78.537216,569.0,24,17,0.0,-1750.0
43.628427,78.540319,565.0,25,17,250.0,-1750.0
43.628427,78.543423,564.0,26,17,500.0,-1750.0
43.628427,78.546526,565.0,27,17,750.0,-1750.0
43.628427,78.54963,567.0,28,17,1000.0,-1750.0
43.628427,78.552733,570.0,29,17,1250.0,-1750.0
43.628427,78.555837,572.0,30,17,1500.0,-1750.0
43.628427,78.55894,575.0,31,17,1750.0,-1750.0
43.628427,78.562044,578.0,32,17,2000.0,-1750.0
43.628427,78.565147,580.0,33,17,2250.0,-1750.0
43.628427,78.56825,582.0,34,17,2500.0,-1750.0
43.628427,78.571354,585.0,35,17,2750.0,-1750.0
43.628427,78.574457,587.0,36,17,3000.0,-1750.0
43.628427,78.577561,595.0,37,17,3250.0,-1750.0
43.628427,78.580664,593.0,38,17,3500.0,-1750.0
43.628427,78.583768,596.0,39,17,3750.0,-1750.0
43.628427,78.586871,600.0,40,17,4000.0,-1750.0
43.628427,78.589975,603.0,41,17,4250.0,-1750.0
43.628427,78.593078,606.0,42,17,4500.0,-1750.0
43.628427,78.596181,609.0,43,17,4750.0,-1750.0
43.628427,78.599285,612.0,44,17,5000.0,-1750.0
43.628427,78.602388,613.0,45,17,5250.0,-1750.0
43.628427,78.605492,615.0,46,17,5500.0,-1750.0
43.628427,78.608595,615.0,47,17,5750.0,-1750.0
43.628427,78.611699,615.0,48,17,6000.0,-1750.0
43.630677,78.462733,617.0,0,18,-6000.0,-1500.0
43.630677,78.465837,616.0,1,18,-5750.0,-1500.0
43.630677,78.46894,615.0,2,18,-5500.0,-1500.0
43.630677,78.472044,613.0,3,18,-5250.0,-1500.0
43.630677,78.475147,612.0,4,18,-5000.0,-1500.0
43.630677,78.478251,610.0,5,18,-4750.0,-1500.0
43.630677,78.481354,607.0,6,18,-4500.0,-1500.0
43.630677,78.484457,605.0,7,18,-4250.0,-1500.0
43.630677,78.487561,603.0,8,18,-4000.0,-1500.0
43.630677,78.490664,601.0,9,18,-3750.0,-1500.0
43.630677,78.493768,598.0,10,18,-3500.0,-1500.0
43.630677,78.496871,596.0,11,18,-3250.0,-1500.0
43.630677,78.499975,594.0,12,18,-3000.0,-1500.0
43.630677,78.503078,590.0,13,18,-2750.0,-1500.0
43.630677,78.506182,588.0,14,18,-2500.0,-1500.0
43.630677,78.509285,585.0,15,18,-2250.0,-1500.0
43.630677,78.512388,583.0,16,18,-2000.0,-1500.0
43.630677,78.515492,580.0,17,18,-1750.0,-1500.0
43.630677,78.518595,578.0,18,18,-1500.0,-1500.0
43.630677,78.521699,577.0,19,18,-1250.0,-1500.0
43.630677,78.524802,577.0,20,18,-1000.0,-1500.0
43.630677,78.527906,576.0,21,18,-750.0,-1500.0
43.630677,78.531009,573.0,22,18,-500.0,-1500.0
43.630677,78.534113,570.0,23,18,-250.0,-1500.0
43.630677,78.537216,567.0,24,18,0.0,-1500.0
43.630677,78.540319,564.0,25,18,250.0,-1500.0
43.630677,78.543423,562.0,26,18,500.0,-1500.0
43.630677,78.546526,563.0,27,18,750.0,-1500.0
43.630677,78.54963,566.0,28,18,1000.0,-1500.0
43.630677,78.552733,568.0,29,18,1250.0,-1500.0
43.630677,78.555837,571.0,30,18,1500.0,-1500.0
43.630677,78.55894,573.0,31,18,1750.0,-1500.0
43.630677,78.562044,576.0,32,18,2000.0,-1500.0
43.630677,78.565147,579.0,33,18,2250.0,-1500.0
43.630677,78.56825,581.0,34,18,2500.0,-1500.0
43.630677,78.571354,583.0,35,18,2750.0,-1500.0
43.630677,78.574457,588.0,36,18,3000.0,-1500.0
43.630677,78.577561,589.0,37,18,3250.0,-1500.0
43.630677,78.580664,591.0,38,18,3500.0,-1500.0
43.630677,78.583768,595.0,39,18,3750.0,-1500.0
43.630677,78.586871,598.0,40,18,4000.0,-1500.0
43.630677,78.589975,601.0,41,18,4250.0,-1500.0
43.630677,78.593078,604.0,42,18,4500.0,-1500.0
43.630677,78.596181,606.0,43,18,4750.0,-1500.0
43.630677,78.599285,608.0,44,18,5000.0,-1500.0
43.630677,78.602388,611.0,45,18,5250.0,-1500.0
43.630677,78.605492,611.0,46,18,5500.0,-1500.0
43.630677,78.608595,612.0,47,18,5750.0,-1500.0
43.630677,78.611699,611.0,48,18,6000.0,-1500.0
43.632926,78.462733,614.0,0,19,-6000.0,-1250.0
43.632926,78.465837,612.0,1,19,-5750.0,-1250.0
43.632926,78.46894,611.0,2,19,-5500.0,-1250.0
43.632926,78.472044,610.0,3,19,-5250.0,-1250.0
43.632926,78.475147,609.0,4,19,-5000.0,-1250.0
43.632926,78.478251,607.0,5,19,-4750.0,-1250.0
43.632926,78.481354,606.0,6,19,-4500.0,-1250.0
43.632926,78.484457,603.0,7,19,-4250.0,-1250.0
43.632926,78.487561,601.0,8,19,-4000.0,-1250.0
43.632926,78.490664,599.0,9,19,-3750.0,-1250.0
43.632926,78.493768,596.0,10,19,-3500.0,-1250.0
43.632926,78.496871,593.0,11,19,-3250.0,-1250.0
43.632926,78.499975,591.0,12,19,-3000.0,-1250.0
43.632926,78.503078,588.0,13,19,-2750.0,-1250.0
43.632926,78.506182,585.0,14,19,-2500.0,-1250.0
43.632926,78.509285,583.0,15,19,-2250.0,-1250.0
43.632926,78.512388,581.0,16,19,-2000.0,-1250.0
43.632926,78.515492,578.0,17,19,-1750.0,-1250.0
43.632926,78.518595,576.0,18,19,-1500.0,-1250.0
43.632926,78.521699,573.0,19,19,-1250.0,-1250.0
43.632926,78.524802,572.0,20,19,-1000.0,-1250.0
43.632926,78.527906,570.0,21,19,-750.0,-1250.0
43.632926,78.531009,569.0,22,19,-500.0,-1250.0
43.632926,78.534113,567.0,23,19,-250.0,-1250.0
43.632926,78.537216,564.0,24,19,0.0,-1250.0
43.632926,78.540319,562.0,25,19,250.0,-1250.0
43.632926,78.543423,561.0,26,19,500.0,-1250.0
43.632926,78.546526,562.0,27,19,750.0,-1250.0
43.632926,78.54963,564.0,28,19,1000.0,-1250.0
43.632926,78.552733,566.0,29,19,1250.0,-1250.0
43.632926,78.555837,569.0,30,19,1500.0,-1250.0
43.632926,78.55894,571.0,31,19,1750.0,-1250.0
43.632926,78.562044,574.0,32,19,2000.0,-1250.0
43.632926,78.565147,576.0,33,19,2250.0,-1250.0
43.632926,78.56825,579.0,34,19,2500.0,-1250.0
43.632926,78.571354,580.0,35,19,2750.0,-1250.0
43.632926,78.574457,583.0,36,19,3000.0,-1250.0
43.632926,78.577561,586.0,37,19,3250.0,-1250.0
43.632926,78.580664,589.0,38,19,3500.0,-1250.0
43.632926,78.583768,592.0,39,19,3750.0,-1250.0
43.632926,78.586871,595.0,40,19,4000.0,-1250.0
43.632926,78.589975,597.0,41,19,4250.0,-1250.0
43.632926,78.593078,601.0,42,19,4500.0,-1250.0
43.632926,78.596181,603.0,43,19,4750.0,-1250.0
43.632926,78.599285,605.0,44,19,5000.0,-1250.0
43.632926,78.602388,606.0,45,19,5250.0,-1250.0
43.632926,78.605492,607.0,46,19,5500.0,-1250.0
43.632926,78.608595,607.0,47,19,5750.0,-1250.0
43.632926,78.611699,607.0,48,19,6000.0,-1250.0
43.635176,78.462733,611.0,0,20,-6000.0,-1000.0
43.635176,78.465837,609.0,1,20,-5750.0,-1000.0
43.635176,78.46894,608.0,2,20,-5500.0,-1000.0
43.635176,78.472044,607.0,3,20,-5250.0,-1000.0
43.635176,78.475147,606.0,4,20,-5000.0,-1000.0
43.635176,78.478251,605.0,5,20,-4750.0,-1000.0
43.635176,78.481354,603.0,6,20,-4500.0,-1000.0
43.635176,78.484457,600.0,7,20,-4250.0,-1000.0
43.635176,78.487561,599.0,8,20,-4000.0,-1000.0
43.635176,78.490664,596.0,9,20,-3750.0,-1000.0
43.635176,78.493768,593.0,10,20,-3500.0,-1000.0
43.635176,78.496871,591.0,11,20,-3250.0,-1000.0
43.635176,78.499975,589.0,12,20,-3000.0,-1000.0
43.635176,78.503078,586.0,13,20,-2750.0,-1000.0
43.635176,78.506182,583.0,14,20,-2500.0,-1000.0
43.635176,78.509285,581.0,15,20,-2250.0,-1000.0
43.635176,78.512388,579.0,16,20,-2000.0,-1000.0
43.635176,78.515492,576.0,17,20,-1750.0,-1000.0
43.635176,78.518595,574.0,18,20,-1500.0,-1000.0
43.635176,78.521699,571.0,19,20,-1250.0,-1000.0
43.635176,78.524802,570.0,20,20,-1000.0,-1000.0
43.635176,78.527906,568.0,21,20,-750.0,-1000.0
43.635176,78.531009,565.0,22,20,-500.0,-1000.0
43.635176,78.534113,564.0,23,20,-250.0,-1000.0
43.635176,78.537216,562.0,24,20,0.0,-1000.0
43.635176,78.540319,560.0,25,20,250.0,-1000.0
43.635176,78.543423,559.0,26,20,500.0,-1000.0
43.635176,78.546526,560.0,27,20,750.0,-1000.0
43.635176,78.54963,562.0,28,20,1000.0,-1000.0
43.635176,78.552733,565.0,29,20,1250.0,-1000.0
43.635176,78.555837,567.0,30,20,1500.0,-1000.0
43.635176,78.55894,569.0,31,20,1750.0,-1000.0
43.635176,78.562044,571.0,32,20,2000.0,-1000.0
43.635176,78.565147,573.0,33,20,2250.0,-1000.0
43.635176,78.56825,575.0,34,20,2500.0,-1000.0
43.635176,78.571354,578.0,35,20,2750.0,-1000.0
43.635176,78.574457,581.0,36,20,3000.0,-1000.0
43.635176,78.577561,583.0,37,20,3250.0,-1000.0
43.635176,78.580664,586.0,38,20,3500.0,-1000.0
43.635176,78.583768,589.0,39,20,3750.0,-1000.0
43.635176,78.586871,592.0,40,20,4000.0,-1000.0
43.635176,78.589975,594.0,41,20,4250.0,-1000.0
43.635176,78.593078,596.0,42,20,4500.0,-1000.0
43.635176,78.596181,599.0,43,20,4750.0,-1000.0
43.635176,78.599285,602.0,44,20,5000.0,-1000.0
43.635176,78.602388,602.0,45,20,5250.0,-1000.0
43.635176,78.605492,603.0,46,20,5500.0,-1000.0
43.635176,78.608595,602.0,47,20,5750.0,-1000.0
43.635176,78.611699,602.0,48,20,6000.0,-1000.0
43.637425,78.462733,608.0,0,21,-6000.0,-750.0
43.637425,78.465837,607.0,1,21,-5750.0,-750.0
43.637425,78.46894,606.0,2,21,-5500.0,-750.0
43.637425,78.472044,605.0,3,21,-5250.0,-750.0
43.637425,78.475147,603.0,4,21,-5000.0,-750.0
43.637425,78.478251,603.0,5,21,-4750.0,-750.0
43.637425,78.481354,601.0,6,21,-4500.0,-750.0
43.637425,78.484457,599.0,7,21,-4250.0,-750.0
43.637425,78.487561,596.0,8,21,-4000.0,-750.0
43.637425,78.490664,595.0,9,21,-3750.0,-750.0
43.637425,78.493768,592.0,10,21,-3500.0,-750.0
43.637425,78.496871,590.0,11,21,-3250.0,-750.0
43.637425,78.499975,588.0,12,21,-3000.0,-750.0
43.637425,78.503078,585.0,13,21,-2750.0,-750.0
43.637425,78.506182,582.0,14,21,-2500.0,-750.0
43.637425,78.509285,579.0,15,21,-2250.0,-750.0
43.637425,78.512388,577.0,16,21,-2000.0,-750.0
43.637425,78.515492,575.0,17,21,-1750.0,-750.0
43.637425,78.518595,573.0,18,21,-1500.0,-750.0
43.637425,78.521699,569.0,19,21,-1250.0,-750.0
43.637425,78.524802,568.0,20,21,-1000.0,-750.0
43.637425,78.527906,567.0,21,21,-750.0,-750.0
43.637425,78.531009,564.0,22,21,-500.0,-750.0
43.637425,78.534113,562.0,23,21,-250.0,-750.0
43.637425,78.537216,560.0,24,21,0.0,-750.0
43.637425,78.540319,558.0,25,21,250.0,-750.0
43.637425,78.543423,558.0,26,21,500.0,-750.0
43.637425,78.546526,559.0,27,21,750.0,-750.0
43.637425,78.54963,561.0,28,21,1000.0,-750.0
43.637425,78.552733,563.0,29,21,1250.0,-750.0
43.637425,78.555837,566.0,30,21,1500.0,-750.0
43.637425,78.55894,567.0,31,21,1750.0,-750.0
43.637425,78.562044,569.0,32,21,2000.0,-750.0
43.637425,78.565147,571.0,33,21,2250.0,-750.0
43.637425,78.56825,573.0,34,21,2500.0,-750.0
43.637425,78.571354,576.0,35,21,2750.0,-750.0
43.637425,78.574457,578.0,36,21,3000.0,-750.0
43.637425,78.577561,582.0,37,21,3250.0,-750.0
43.637425,78.580664,584.0,38,21,3500.0,-750.0
43.637425,78.583768,588.0,39,21,3750.0,-750.0
43.637425,78.586871,590.0,40,21,4000.0,-750.0
43.637425,78.589975,591.0,41,21,4250.0,-750.0
43.637425,78.593078,594.0,42,21,4500.0,-750.0
43.637425,78.596181,596.0,43,21,4750.0,-750.0
43.637425,78.599285,598.0,44,21,5000.0,-750.0
43.637425,78.602388,599.0,45,21,5250.0,-750.0
43.637425,78.605492,600.0,46,21,5500.0,-750.0
43.637425,78.608595,600.0,47,21,5750.0,-750.0
43.637425,78.611699,599.0,48,21,6000.0,-750.0
43.639675,78.462733,605.0,0,22,-6000.0,-500.0
43.639675,78.465837,604.0,1,22,-5750.0,-500.0
43.639675,78.46894,603.0,2,22,-5500.0,-500.0
43.639675,78.472044,601.0,3,22,-5250.0,-500.0
43.639675,78.475147,601.0,4,22,-5000.0,-500.0
43.639675,78.478251,600.0,5,22,-4750.0,-500.0
43.639675,78.481354,599.0,6,22,-4500.0,-500.0
43.639675,78.484457,596.0,7,22,-4250.0,-500.0
43.639675,78.487561,594.0,8,22,-4000.0,-500.0
43.639675,78.490664,592.0,9,22,-3750.0,-500.0
43.639675,78.493768,590.0,10,22,-3500.0,-500.0
43.639675,78.496871,587.0,11,22,-3250.0,-500.0
43.639675,78.499975,585.0,12,22,-3000.0,-500.0
43.639675,78.503078,583.0,13,22,-2750.0,-500.0
43.639675,78.506182,580.0,14,22,-2500.0,-500.0
43.639675,78.509285,577.0,15,22,-2250.0,-500.0
43.639675,78.512388,575.0,16,22,-2000.0,-500.0
43.639675,78.515492,573.0,17,22,-1750.0,-500.0
43.639675,78.518595,571.0,18,22,-1500.0,-500.0
43.639675,78.521699,568.0,19,22,-1250.0,-500.0
43.639675,78.524802,566.0,20,22,-1000.0,-500.0
43.639675,78.527906,564.0,21,22,-750.0,-500.0
43.639675,78.531009,562.0,22,22,-500.0,-500.0
43.639675,78.534113,561.0,23,22,-250.0,-500.0
43.639675,78.537216,558.0,24,22,0.0,-500.0
43.639675,78.540319,556.0,25,22,250.0,-500.0
43.639675,78.543423,556.0,26,22,500.0,-500.0
43.639675,78.546526,557.0,27,22,750.0,-500.0
43.639675,78.54963,559.0,28,22,1000.0,-500.0
43.639675,78.552733,561.0,29,22,1250.0,-500.0
43.639675,78.555837,563.0,30,22,1500.0,-500.0
43.639675,78.55894,565.0,31,22,1750.0,-500.0
43.639675,78.562044,567.0,32,22,2000.0,-500.0
43.639675,78.565147,569.0,33,22,2250.0,-500.0
43.639675,78.56825,571.0,34,22,2500.0,-500.0
43.639675,78.571354,573.0,35,22,2750.0,-500.0
43.639675,78.574457,576.0,36,22,3000.0,-500.0
43.639675,78.577561,579.0,37,22,3250.0,-500.0
43.639675,78.580664,581.0,38,22,3500.0,-500.0
43.639675,78.583768,584.0,39,22,3750.0,-500.0
43.639675,78.586871,586.0,40,22,4000.0,-500.0
43.639675,78.589975,588.0,41,22,4250.0,-500.0
43.639675,78.593078,590.0,42,22,4500.0,-500.0
43.639675,78.596181,592.0,43,22,4750.0,-500.0
43.639675,78.599285,593.0,44,22,5000.0,-500.0
43.639675,78.602388,594.0,45,22,5250.0,-500.0
43.639675,78.605492,595.0,46,22,5500.0,-500.0
43.639675,78.608595,595.0,47,22,5750.0,-500.0
43.639675,78.611699,595.0,48,22,6000.0,-500.0
43.641924,78.462733,602.0,0,23,-6000.0,-250.0
43.641924,78.465837,601.0,1,23,-5750.0,-250.0
43.641924,78.46894,600.0,2,23,-5500.0,-250.0
43.641924,78.472044,599.0,3,23,-5250.0,-250.0
43.641924,78.475147,597.0,4,23,-5000.0,-250.0
43.641924,78.478251,596.0,5,23,-4750.0,-250.0
43.641924,78.481354,596.0,6,23,-4500.0,-250.0
43.641924,78.484457,594.0,7,23,-4250.0,-250.0
43.641924,78.487561,592.0,8,23,-4000.0,-250.0
43.641924,78.490664,590.0,9,23,-3750.0,-250.0
43.641924,78.493768,587.0,10,23,-3500.0,-250.0
43.641924,78.496871,585.0,11,23,-3250.0,-250.0
43.641924,78.499975,583.0,12,23,-3000.0,-250.0
43.641924,78.503078,580.0,13,23,-2750.0,-250.0
43.641924,78.506182,577.0,14,23,-2500.0,-250.0
43.641924,78.509285,575.0,15,23,-2250.0,-250.0
43.641924,78.512388,573.0,16,23,-2000.0,-250.0
43.641924,78.515492,571.0,17,23,-1750.0,-250.0
43.641924,78.518595,569.0,18,23,-1500.0,-250.0
43.641924,78.521699,566.0,19,23,-1250.0,-250.0
43.641924,78.524802,564.0,20,23,-1000.0,-250.0
43.641924,78.527906,562.0,21,23,-750.0,-250.0
43.641924,78.531009,560.0,22,23,-500.0,-250.0
43.641924,78.534113,558.0,23,23,-250.0,-250.0
43.641924,78.537216,556.0,24,23,0.0,-250.0
43.641924,78.540319,555.0,25,23,250.0,-250.0
43.641924,78.543423,554.0,26,23,500.0,-250.0
43.641924,78.546526,555.0,27,23,750.0,-250.0
43.641924,78.54963,557.0,28,23,1000.0,-250.0
43.641924,78.552733,559.0,29,23,1250.0,-250.0
43.641924,78.555837,561.0,30,23,1500.0,-250.0
43.641924,78.55894,563.0,31,23,1750.0,-250.0
43.641924,78.562044,564.0,32,23,2000.0,-250.0
43.641924,78.565147,567.0,33,23,2250.0,-250.0
43.641924,78.56825,568.0,34,23,2500.0,-250.0
43.641924,78.571354,571.0,35,23,2750.0,-250.0
43.641924,78.574457,574.0,36,23,3000.0,-250.0
43.641924,78.577561,576.0,37,23,3250.0,-250.0
43.641924,78.580664,578.0,38,23,3500.0,-250.0
43.641924,78.583768,580.0,39,23,3750.0,-250.0
43.641924,78.586871,583.0,40,23,4000.0,-250.0
43.641924,78.589975,585.0,41,23,4250.0,-250.0
43.641924,78.593078,586.0,42,23,4500.0,-250.0
43.641924,78.596181,588.0,43,23,4750.0,-250.0
43.641924,78.599285,589.0,44,23,5000.0,-250.0
43.641924,78.602388,590.0,45,23,5250.0,-250.0
43.641924,78.605492,591.0,46,23,5500.0,-250.0
43.641924,78.608595,591.0,47,23,5750.0,-250.0
43.641924,78.611699,591.0,48,23,6000.0,-250.0
43.644174,78.462733,598.0,0,24,-6000.0,0.0
43.644174,78.465837,597.0,1,24,-5750.0,0.0
43.644174,78.46894,596.0,2,24,-5500.0,0.0
43.644174,78.472044,595.0,3,24,-5250.0,0.0
43.644174,78.475147,594.0,4,24,-5000.0,0.0
43.644174,78.478251,593.0,5,24,-4750.0,0.0
43.644174,78.481354,592.0,6,24,-4500.0,0.0
43.644174,78.484457,591.0,7,24,-4250.0,0.0
43.644174,78.487561,589.0,8,24,-4000.0,0.0
43.644174,78.490664,587.0,9,24,-3750.0,0.0
43.644174,78.493768,585.0,10,24,-3500.0,0.0
43.644174,78.496871,583.0,11,24,-3250.0,0.0
43.644174,78.499975,581.0,12,24,-3000.0,0.0
43.644174,78.503078,578.0,13,24,-2750.0,0.0
43.644174,78.506182,576.0,14,24,-2500.0,0.0
43.644174,78.509285,573.0,15,24,-2250.0,0.0
43.644174,78.512388,571.0,16,24,-2000.0,0.0
43.644174,78.515492,568.0,17,24,-1750.0,0.0
43.644174,78.518595,566.0,18,24,-1500.0,0.0
43.644174,78.521699,564.0,19,24,-1250.0,0.0
43.644174,78.524802,562.0,20,24,-1000.0,0.0
43.644174,78.527906,561.0,21,24,-750.0,0.0
43.644174,78.531009,559.0,22,24,-500.0,0.0
43.644174,78.534113,557.0,23,24,-250.0,0.0
43.644174,78.537216,555.0,24,24,0.0,0.0
43.644174,78.540319,553.0,25,24,250.0,0.0
43.644174,78.543423,553.0,26,24,500.0,0.0
43.644174,78.546526,554.0,27,24,750.0,0.0
43.644174,78.54963,555.0,28,24,1000.0,0.0
43.644174,78.552733,557.0,29,24,1250.0,0.0
43.644174,78.555837,559.0,30,24,1500.0,0.0
43.644174,78.55894,560.0,31,24,1750.0,0.0
43.644174,78.562044,562.0,32,24,2000.0,0.0
43.644174,78.565147,564.0,33,24,2250.0,0.0
43.644174,78.56825,566.0,34,24,2500.0,0.0
43.644174,78.571354,568.0,35,24,2750.0,0.0
43.644174,78.574457,571.0,36,24,3000.0,0.0
43.644174,78.577561,573.0,37,24,3250.0,0.0
43.644174,78.580664,575.0,38,24,3500.0,0.0
43.644174,78.583768,577.0,39,24,3750.0,0.0
43.644174,78.586871,580.0,40,24,4000.0,0.0
43.644174,78.589975,581.0,41,24,4250.0,0.0
43.644174,78.593078,583.0,42,24,4500.0,0.0
43.644174,78.596181,584.0,43,24,4750.0,0.0
43.644174,78.599285,585.0,44,24,5000.0,0.0
43.644174,78.602388,586.0,45,24,5250.0,0.0
43.644174,78.605492,586.0,46,24,5500.0,0.0
43.644174,78.608595,586.0,47,24,5750.0,0.0
43.644174,78.611699,586.0,48,24,6000.0,0.0
43.646424,78.462733,596.0,0,25,-6000.0,250.0
43.646424,78.465837,595.0,1,25,-5750.0,250.0
43.646424,78.46894,594.0,2,25,-5500.0,250.0
43.646424,78.472044,593.0,3,25,-5250.0,250.0
43.646424,78.475147,592.0,4,25,-5000.0,250.0
43.646424,78.478251,591.0,5,25,-4750.0,250.0
43.646424,78.481354,590.0,6,25,-4500.0,250.0
43.646424,78.484457,589.0,7,25,-4250.0,250.0
43.646424,78.487561,587.0,8,25,-4000.0,250.0
43.646424,78.490664,586.0,9,25,-3750.0,250.0
43.646424,78.493768,583.0,10,25,-3500.0,250.0
43.646424,78.496871,581.0,11,25,-3250.0,250.0
43.646424,78.499975,579.0,12,25,-3000.0,250.0
43.646424,78.503078,577.0,13,25,-2750.0,250.0
43.646424,78.506182,574.0,14,25,-2500.0,250.0
43.646424,78.509285,571.0,15,25,-2250.0,250.0
43.646424,78.512388,569.0,16,25,-2000.0,250.0
43.646424,78.515492,567.0,17,25,-1750.0,250.0
43.646424,78.518595,564.0,18,25,-1500.0,250.0
43.646424,78.521699,562.0,19,25,-1250.0,250.0
43.646424,78.524802,561.0,20,25,-1000.0,250.0
43.646424,78.527906,559.0,21,25,-750.0,250.0
43.646424,78.531009,557.0,22,25,-500.0,250.0
43.646424,78.534113,556.0,23,25,-250.0,250.0
43.646424,78.537216,554.0,24,25,0.0,250.0
43.646424,78.540319,553.0,25,25,250.0,250.0
43.646424,78.543423,554.0,26,25,500.0,250.0
43.646424,78.546526,554.0,27,25,750.0,250.0
43.646424,78.54963,554.0,28,25,1000.0,250.0
43.646424,78.552733,556.0,29,25,1250.0,250.0
43.646424,78.555837,558.0,30,25,1500.0,250.0
43.646424,78.55894,559.0,31,25,1750.0,250.0
43.646424,78.562044,561.0,32,25,2000.0,250.0
43.646424,78.565147,563.0,33,25,2250.0,250.0
43.646424,78.56825,564.0,34,25,2500.0,250.0
43.646424,78.571354,566.0,35,25,2750.0,250.0
43.646424,78.574457,569.0,36,25,3000.0,250.0
43.646424,78.577561,571.0,37,25,3250.0,250.0
43.646424,78.580664,573.0,38,25,3500.0,250.0
43.646424,78.583768,575.0,39,25,3750.0,250.0
43.646424,78.586871,577.0,40,25,4000.0,250.0
43.646424,78.589975,578.0,41,25,4250.0,250.0
43.646424,78.593078,580.0,42,25,4500.0,250.0
43.646424,78.596181,581.0,43,25,4750.0,250.0
43.646424,78.599285,582.0,44,25,5000.0,250.0
43.646424,78.602388,583.0,45,25,5250.0,250.0
43.646424,78.605492,583.0,46,25,5500.0,250.0
43.646424,78.608595,584.0,47,25,5750.0,250.0
43.646424,78.611699,584.0,48,25,6000.0,250.0
43.648673,78.462733,593.0,0,26,-6000.0,500.0
43.648673,78.465837,592.0,1,26,-5750.0,500.0
43.648673,78.46894,591.0,2,26,-5500.0,500.0
43.648673,78.472044,590.0,3,26,-5250.0,500.0
43.648673,78.475147,588.0,4,26,-5000.0,500.0
43.648673,78.478251,588.0,5,26,-4750.0,500.0
43.648673,78.481354,586.0,6,26,-4500.0,500.0
43.648673,78.484457,586.0,7,26,-4250.0,500.0
43.648673,78.487561,584.0,8,26,-4000.0,500.0
43.648673,78.490664,583.0,9,26,-3750.0,500.0
43.648673,78.493768,580.0,10,26,-3500.0,500.0
43.648673,78.496871,578.0,11,26,-3250.0,500.0
43.648673,78.499975,576.0,12,26,-3000.0,500.0
43.648673,78.503078,574.0,13,26,-2750.0,500.0
43.648673,78.506182,572.0,14,26,-2500.0,500.0
43.648673,78.509285,569.0,15,26,-2250.0,500.0
43.648673,78.512388,567.0,16,26,-2000.0,500.0
43.648673,78.515492,566.0,17,26,-1750.0,500.0
43.648673,78.518595,563.0,18,26,-1500.0,500.0
43.648673,78.521699,559.0,19,26,-1250.0,500.0
43.648673,78.524802,558.0,20,26,-1000.0,500.0
43.648673,78.527906,557.0,21,26,-750.0,500.0
43.648673,78.531009,555.0,22,26,-500.0,500.0
43.648673,78.534113,554.0,23,26,-250.0,500.0
43.648673,78.537216,553.0,24,26,0.0,500.0
43.648673,78.540319,553.0,25,26,250.0,500.0
43.648673,78.543423,554.0,26,26,500.0,500.0
43.648673,78.546526,553.0,27,26,750.0,500.0
43.648673,78.54963,554.0,28,26,1000.0,500.0
43.648673,78.552733,555.0,29,26,1250.0,500.0
43.648673,78.555837,556.0,30,26,1500.0,500.0
43.648673,78.55894,557.0,31,26,1750.0,500.0
43.648673,78.562044,559.0,32,26,2000.0,500.0
43.648673,78.565147,561.0,33,26,2250.0,500.0
43.648673,78.56825,562.0,34,26,2500.0,500.0
43.648673,78.571354,564.0,35,26,2750.0,500.0
43.648673,78.574457,566.0,36,26,3000.0,500.0
43.648673,78.577561,568.0,37,26,3250.0,500.0
43.648673,78.580664,570.0,38,26,3500.0,500.0
43.648673,78.583768,572.0,39,26,3750.0,500.0
43.648673,78.586871,574.0,40,26,4000.0,500.0
43.648673,78.589975,575.0,41,26,4250.0,500.0
43.648673,78.593078,576.0,42,26,4500.0,500.0
43.648673,78.596181,577.0,43,26,4750.0,500.0
43.648673,78.599285,578.0,44,26,5000.0,500.0
43.648673,78.602388,579.0,45,26,5250.0,500.0
43.648673,78.605492,579.0,46,26,5500.0,500.0
43.648673,78.608595,579.0,47,26,5750.0,500.0
43.648673,78.611699,580.0,48,26,6000.0,500.0
43.650923,78.462733,590.0,0,27,-6000.0,750.0
43.650923,78.465837,589.0,1,27,-5750.0,750.0
43.650923,78.46894,588.0,2,27,-5500.0,750.0
43.650923,78.472044,587.0,3,27,-5250.0,750.0
43.650923,78.475147,586.0,4,27,-5000.0,750.0
43.650923,78.478251,584.0,5,27,-4750.0,750.0
43.650923,78.481354,584.0,6,27,-4500.0,750.0
43.650923,78.484457,583.0,7,27,-4250.0,750.0
43.650923,78.487561,581.0,8,27,-4000.0,750.0
43.650923,78.490664,579.0,9,27,-3750.0,750.0
43.650923,78.493768,578.0,10,27,-3500.0,750.0
43.650923,78.496871,575.0,11,27,-3250.0,750.0
43.650923,78.499975,573.0,12,27,-3000.0,750.0
43.650923,78.503078,571.0,13,27,-2750.0,750.0
43.650923,78.506182,569.0,14,27,-2500.0,750.0
43.650923,78.509285,566.0,15,27,-2250.0,750.0
43.650923,78.512388,565.0,16,27,-2000.0,750.0
43.650923,78.515492,565.0,17,27,-1750.0,750.0
43.650923,78.518595,561.0,18,27,-1500.0,750.0
43.650923,78.521699,558.0,19,27,-1250.0,750.0
43.650923,78.524802,556.0,20,27,-1000.0,750.0
43.650923,78.527906,554.0,21,27,-750.0,750.0
43.650923,78.531009,553.0,22,27,-500.0,750.0
43.650923,78.534113,553.0,23,27,-250.0,750.0
43.650923,78.537216,552.0,24,27,0.0,750.0
43.650923,78.540319,552.0,25,27,250.0,750.0
43.650923,78.543423,554.0,26,27,500.0,750.0
43.650923,78.546526,552.0,27,27,750.0,750.0
43.650923,78.54963,553.0,28,27,1000.0,750.0
43.650923,78.552733,554.0,29,27,1250.0,750.0
43.650923,78.555837,555.0,30,27,1500.0,750.0
43.650923,78.55894,555.0,31,27,1750.0,750.0
43.650923,78.562044,557.0,32,27,2000.0,750.0
43.650923,78.565147,558.0,33,27,2250.0,750.0
43.650923,78.56825,560.0,34,27,2500.0,750.0
43.650923,78.571354,561.0,35,27,2750.0,750.0
43.650923,78.574457,563.0,36,27,3000.0,750.0
43.650923,78.577561,565.0,37,27,3250.0,750.0
43.650923,78.580664,567.0,38,27,3500.0,750.0
43.650923,78.583768,568.0,39,27,3750.0,750.0
43.650923,78.586871,570.0,40,27,4000.0,750.0
43.650923,78.589975,571.0,41,27,4250.0,750.0
43.650923,78.593078,572.0,42,27,4500.0,750.0
43.650923,78.596181,573.0,43,27,4750.0,750.0
43.650923,78.599285,574.0,44,27,5000.0,750.0
43.650923,78.602388,575.0,45,27,5250.0,750.0
43.650923,78.605492,575.0,46,27,5500.0,750.0
43.650923,78.608595,575.0,47,27,5750.0,750.0
43.650923,78.611699,576.0,48,27,6000.0,750.0
43.653172,78.462733,587.0,0,28,-6000.0,1000.0
43.653172,78.465837,586.0,1,28,-5750.0,1000.0
43.653172,78.46894,586.0,2,28,-5500.0,1000.0
43.653172,78.472044,584.0,3,28,-5250.0,1000.0
43.653172,78.475147,584.0,4,28,-5000.0,1000.0
43.653172,78.478251,583.0,5,28,-4750.0,1000.0
43.653172,78.481354,581.0,6,28,-4500.0,1000.0
43.653172,78.484457,580.0,7,28,-4250.0,1000.0
43.653172,78.487561,579.0,8,28,-4000.0,1000.0
43.653172,78.490664,578.0,9,28,-3750.0,1000.0
43.653172,78.493768,576.0,10,28,-3500.0,1000.0
43.653172,78.496871,573.0,11,28,-3250.0,1000.0
43.653172,78.499975,572.0,12,28,-3000.0,1000.0
43.653172,78.503078,569.0,13,28,-2750.0,1000.0
43.653172,78.506182,567.0,14,28,-2500.0,1000.0
43.653172,78.509285,567.0,15,28,-2250.0,1000.0
43.653172,78.512388,564.0,16,28,-2000.0,1000.0
43.653172,78.515492,561.0,17,28,-1750.0,1000.0
43.653172,78.518595,559.0,18,28,-1500.0,1000.0
43.653172,78.521699,557.0,19,28,-1250.0,1000.0
43.653172,78.524802,555.0,20,28,-1000.0,1000.0
43.653172,78.527906,553.0,21,28,-750.0,1000.0
43.653172,78.531009,552.0,22,28,-500.0,1000.0
43.653172,78.534113,551.0,23,28,-250.0,1000.0
43.653172,78.537216,552.0,24,28,0.0,1000.0
43.653172,78.540319,551.0,25,28,250.0,1000.0
43.653172,78.543423,552.0,26,28,500.0,1000.0
43.653172,78.546526,551.0,27,28,750.0,1000.0
43.653172,78.54963,552.0,28,28,1000.0,1000.0
43.653172,78.552733,553.0,29,28,1250.0,1000.0
43.653172,78.555837,553.0,30,28,1500.0,1000.0
43.653172,78.55894,555.0,31,28,1750.0,1000.0
43.653172,78.562044,556.0,32,28,2000.0,1000.0
43.653172,78.565147,557.0,33,28,2250.0,1000.0
43.653172,78.56825,558.0,34,28,2500.0,1000.0
43.653172,78.571354,560.0,35,28,2750.0,1000.0
43.653172,78.574457,562.0,36,28,3000.0,1000.0
43.653172,78.577561,563.0,37,28,3250.0,1000.0
43.653172,78.580664,564.0,38,28,3500.0,1000.0
43.653172,78.583768,566.0,39,28,3750.0,1000.0
43.653172,78.586871,568.0,40,28,4000.0,1000.0
43.653172,78.589975,569.0,41,28,4250.0,1000.0
43.653172,78.593078,570.0,42,28,4500.0,1000.0
43.653172,78.596181,571.0,43,28,4750.0,1000.0
43.653172,78.599285,572.0,44,28,5000.0,1000.0
43.653172,78.602388,572.0,45,28,5250.0,1000.0
43.653172,78.605492,573.0,46,28,5500.0,1000.0
43.653172,78.608595,573.0,47,28,5750.0,1000.0
43.653172,78.611699,573.0,48,28,6000.0,1000.0
43.655422,78.462733,584.0,0,29,-6000.0,1250.0
43.655422,78.465837,583.0,1,29,-5750.0,1250.0
43.655422,78.46894,582.0,2,29,-5500.0,1250.0
43.655422,78.472044,581.0,3,29,-5250.0,1250.0
43.655422,78.475147,581.0,4,29,-5000.0,1250.0
43.655422,78.478251,580.0,5,29,-4750.0,1250.0
43.655422,78.481354,578.0,6,29,-4500.0,1250.0
43.655422,78.484457,577.0,7,29,-4250.0,1250.0
43.655422,78.487561,575.0,8,29,-4000.0,1250.0
43.655422,78.490664,574.0,9,29,-3750.0,1250.0
43.655422,78.493768,573.0,10,29,-3500.0,1250.0
43.655422,78.496871,571.0,11,29,-3250.0,1250.0
43.655422,78.499975,568.0,12,29,-3000.0,1250.0
43.655422,78.503078,567.0,13,29,-2750.0,1250.0
43.655422,78.506182,565.0,14,29,-2500.0,1250.0
43.655422,78.509285,563.0,15,29,-2250.0,1250.0
43.655422,78.512388,562.0,16,29,-2000.0,1250.0
43.655422,78.515492,560.0,17,29,-1750.0,1250.0
43.655422,78.518595,556.0,18,29,-1500.0,1250.0
43.655422,78.521699,554.0,19,29,-1250.0,1250.0
43.655422,78.524802,553.0,20,29,-1000.0,1250.0
43.655422,78.527906,550.0,21,29,-750.0,1250.0
43.655422,78.531009,551.0,22,29,-500.0,1250.0
43.655422,78.534113,552.0,23,29,-250.0,1250.0
43.655422,78.537216,552.0,24,29,0.0,1250.0
43.655422,78.540319,551.0,25,29,250.0,1250.0
43.655422,78.543423,550.0,26,29,500.0,1250.0
43.655422,78.546526,550.0,27,29,750.0,1250.0
43.655422,78.54963,550.0,28,29,1000.0,1250.0
43.655422,78.552733,551.0,29,29,1250.0,1250.0
43.655422,78.555837,551.0,30,29,1500.0,1250.0
43.655422,78.55894,553.0,31,29,1750.0,1250.0
43.655422,78.562044,554.0,32,29,2000.0,1250.0
43.655422,78.565147,556.0,33,29,2250.0,1250.0
43.655422,78.56825,556.0,34,29,2500.0,1250.0
43.655422,78.571354,558.0,35,29,2750.0,1250.0
43.655422,78.574457,559.0,36,29,3000.0,1250.0
43.655422,78.577561,560.0,37,29,3250.0,1250.0
43.655422,78.580664,561.0,38,29,3500.0,1250.0
43.655422,78.583768,563.0,39,29,3750.0,1250.0
43.655422,78.586871,564.0,40,29,4000.0,1250.0
43.655422,78.589975,565.0,41,29,4250.0,1250.0
43.655422,78.593078,566.0,42,29,4500.0,1250.0
43.655422,78.596181,567.0,43,29,4750.0,1250.0
43.655422,78.599285,568.0,44,29,5000.0,1250.0
43.655422,78.602388,568.0,45,29,5250.0,1250.0
43.655422,78.605492,569.0,46,29,5500.0,1250.0
43.655422,78.608595,569.0,47,29,5750.0,1250.0
43.655422,78.611699,569.0,48,29,6000.0,1250.0
43.657671,78.462733,580.0,0,30,-6000.0,1500.0
43.657671,78.465837,579.0,1,30,-5750.0,1500.0
43.657671,78.46894,579.0,2,30,-5500.0,1500.0
43.657671,78.472044,578.0,3,30,-5250.0,1500.0
43.657671,78.475147,577.0,4,30,-5000.0,1500.0
43.657671,78.478251,576.0,5,30,-4750.0,1500.0
43.657671,78.481354,575.0,6,30,-4500.0,1500.0
43.657671,78.484457,574.0,7,30,-4250.0,1500.0
43.657671,78.487561,572.0,8,30,-4000.0,1500.0
43.657671,78.490664,571.0,9,30,-3750.0,1500.0
43.657671,78.493768,569.0,10,30,-3500.0,1500.0
43.657671,78.496871,568.0,11,30,-3250.0,1500.0
43.657671,78.499975,566.0,12,30,-3000.0,1500.0
43.657671,78.503078,564.0,13,30,-2750.0,1500.0
43.657671,78.506182,562.0,14,30,-2500.0,1500.0
43.657671,78.509285,560.0,15,30,-2250.0,1500.0
43.657671,78.512388,560.0,16,30,-2000.0,1500.0
43.657671,78.515492,557.0,17,30,-1750.0,1500.0
43.657671,78.518595,554.0,18,30,-1500.0,1500.0
43.657671,78.521699,552.0,19,30,-1250.0,1500.0
43.657671,78.524802,551.0,20,30,-1000.0,1500.0
43.657671,78.527906,551.0,21,30,-750.0,1500.0
43.657671,78.531009,552.0,22,30,-500.0,1500.0
43.657671,78.534113,550.0,23,30,-250.0,1500.0
43.657671,78.537216,550.0,24,30,0.0,1500.0
43.657671,78.540319,550.0,25,30,250.0,1500.0
43.657671,78.543423,549.0,26,30,500.0,1500.0
43.657671,78.546526,549.0,27,30,750.0,1500.0
43.657671,78.54963,549.0,28,30,1000.0,1500.0
43.657671,78.552733,550.0,29,30,1250.0,1500.0
43.657671,78.555837,551.0,30,30,1500.0,1500.0
43.657671,78.55894,551.0,31,30,1750.0,1500.0
43.657671,78.562044,552.0,32,30,2000.0,1500.0
43.657671,78.565147,553.0,33,30,2250.0,1500.0
43.657671,78.56825,554.0,34,30,2500.0,1500.0
43.657671,78.571354,555.0,35,30,2750.0,1500.0
43.657671,78.574457,556.0,36,30,3000.0,1500.0
43.657671,78.577561,558.0,37,30,3250.0,1500.0
43.657671,78.580664,558.0,38,30,3500.0,1500.0
43.657671,78.583768,560.0,39,30,3750.0,1500.0
43.657671,78.586871,561.0,40,30,4000.0,1500.0
43.657671,78.589975,562.0,41,30,4250.0,1500.0
43.657671,78.593078,563.0,42,30,4500.0,1500.0
43.657671,78.596181,563.0,43,30,4750.0,1500.0
43.657671,78.599285,564.0,44,30,5000.0,1500.0
43.657671,78.602388,564.0,45,30,5250.0,1500.0
43.657671,78.605492,565.0,46,30,5500.0,1500.0
43.657671,78.608595,565.0,47,30,5750.0,1500.0
43.657671,78.611699,565.0,48,30,6000.0,1500.0
43.659921,78.462733,577.0,0,31,-6000.0,1750.0
43.659921,78.465837,577.0,1,31,-5750.0,1750.0
43.659921,78.46894,576.0,2,31,-5500.0,1750.0
43.659921,78.472044,576.0,3,31,-5250.0,1750.0
43.659921,78.475147,575.0,4,31,-5000.0,1750.0
43.659921,78.478251,574.0,5,31,-4750.0,1750.0
43.659921,78.481354,573.0,6,31,-4500.0,1750.0
43.659921,78.484457,571.0,7,31,-4250.0,1750.0
43.659921,78.487561,570.0,8,31,-4000.0,1750.0
43.659921,78.490664,569.0,9,31,-3750.0,1750.0
43.659921,78.493768,567.0,10,31,-3500.0,1750.0
43.659921,78.496871,566.0,11,31,-3250.0,1750.0
43.659921,78.499975,564.0,12,31,-3000.0,1750.0
43.659921,78.503078,562.0,13,31,-2750.0,1750.0
43.659921,78.506182,560.0,14,31,-2500.0,1750.0
43.659921,78.509285,558.0,15,31,-2250.0,1750.0
43.659921,78.512388,557.0,16,31,-2000.0,1750.0
43.659921,78.515492,555.0,17,31,-1750.0,1750.0
43.659921,78.518595,553.0,18,31,-1500.0,1750.0
43.659921,78.521699,551.0,19,31,-1250.0,1750.0
43.659921,78.524802,550.0,20,31,-1000.0,1750.0
43.659921,78.527906,551.0,21,31,-750.0,1750.0
43.659921,78.531009,551.0,22,31,-500.0,1750.0
43.659921,78.534113,551.0,23,31,-250.0,1750.0
43.659921,78.537216,550.0,24,31,0.0,1750.0
43.659921,78.540319,549.0,25,31,250.0,1750.0
43.659921,78.543423,549.0,26,31,500.0,1750.0
43.659921,78.546526,548.0,27,31,750.0,1750.0
43.659921,78.54963,548.0,28,31,1000.0,1750.0
43.659921,78.552733,549.0,29,31,1250.0,1750.0
43.659921,78.555837,550.0,30,31,1500.0,1750.0
43.659921,78.55894,550.0,31,31,1750.0,1750.0
43.659921,78.562044,551.0,32,31,2000.0,1750.0
43.659921,78.565147,552.0,33,31,2250.0,1750.0
43.659921,78.56825,553.0,34,31,2500.0,1750.0
43.659921,78.571354,554.0,35,31,2750.0,1750.0
43.659921,78.574457,555.0,36,31,3000.0,1750.0
43.659921,78.577561,556.0,37,31,3250.0,1750.0
43.659921,78.580664,557.0,38,31,3500.0,1750.0
43.659921,78.583768,558.0,39,31,3750.0,1750.0
43.659921,78.586871,559.0,40,31,4000.0,1750.0
43.659921,78.589975,560.0,41,31,4250.0,1750.0
43.659921,78.593078,561.0,42,31,4500.0,1750.0
43.659921,78.596181,561.0,43,31,4750.0,1750.0
43.659921,78.599285,562.0,44,31,5000.0,1750.0
43.659921,78.602388,562.0,45,31,5250.0,1750.0
43.659921,78.605492,563.0,46,31,5500.0,1750.0
43.659921,78.608595,563.0,47,31,5750.0,1750.0
43.659921,78.611699,563.0,48,31,6000.0,1750.0
43.662171,78.462733,574.0,0,32,-6000.0,2000.0
43.662171,78.465837,573.0,1,32,-5750.0,2000.0
43.662171,78.46894,573.0,2,32,-5500.0,2000.0
43.662171,78.472044,572.0,3,32,-5250.0,2000.0
43.662171,78.475147,572.0,4,32,-5000.0,2000.0
43.662171,78.478251,571.0,5,32,-4750.0,2000.0
43.662171,78.481354,569.0,6,32,-4500.0,2000.0
43.662171,78.484457,569.0,7,32,-4250.0,2000.0
43.662171,78.487561,567.0,8,32,-4000.0,2000.0
43.662171,78.490664,566.0,9,32,-3750.0,2000.0
43.662171,78.493768,564.0,10,32,-3500.0,2000.0
43.662171,78.496871,563.0,11,32,-3250.0,2000.0
43.662171,78.499975,561.0,12,32,-3000.0,2000.0
43.662171,78.503078,559.0,13,32,-2750.0,2000.0
43.662171,78.506182,557.0,14,32,-2500.0,2000.0
43.662171,78.509285,555.0,15,32,-2250.0,2000.0
43.662171,78.512388,554.0,16,32,-2000.0,2000.0
43.662171,78.515492,553.0,17,32,-1750.0,2000.0
43.662171,78.518595,552.0,18,32,-1500.0,2000.0
43.662171,78.521699,550.0,19,32,-1250.0,2000.0
43.662171,78.524802,550.0,20,32,-1000.0,2000.0
43.662171,78.527906,550.0,21,32,-750.0,2000.0
43.662171,78.531009,551.0,22,32,-500.0,2000.0
43.662171,78.534113,550.0,23,32,-250.0,2000.0
43.662171,78.537216,550.0,24,32,0.0,2000.0
43.662171,78.540319,549.0,25,32,250.0,2000.0
43.662171,78.543423,548.0,26,32,500.0,2000.0
43.662171,78.546526,548.0,27,32,750.0,2000.0
43.662171,78.54963,548.0,28,32,1000.0,2000.0
43.662171,78.552733,547.0,29,32,1250.0,2000.0
43.662171,78.555837,548.0,30,32,1500.0,2000.0
43.662171,78.55894,549.0,31,32,1750.0,2000.0
43.662171,78.562044,549.0,32,32,2000.0,2000.0
43.662171,78.565147,549.0,33,32,2250.0,2000.0
43.662171,78.56825,551.0,34,32,2500.0,2000.0
43.662171,78.571354,551.0,35,32,2750.0,2000.0
43.662171,78.574457,552.0,36,32,3000.0,2000.0
43.662171,78.577561,553.0,37,32,3250.0,2000.0
43.662171,78.580664,554.0,38,32,3500.0,2000.0
43.662171,78.583768,555.0,39,32,3750.0,2000.0
43.662171,78.586871,556.0,40,32,4000.0,2000.0
43.662171,78.589975,557.0,41,32,4250.0,2000.0
43.662171,78.593078,557.0,42,32,4500.0,2000.0
43.662171,78.596181,558.0,43,32,4750.0,2000.0
43.662171,78.599285,558.0,44,32,5000.0,2000.0
43.662171,78.602388,559.0,45,32,5250.0,2000.0
43.662171,78.605492,559.0,46,32,5500.0,2000.0
43.662171,78.608595,559.0,47,32,5750.0,2000.0
43.662171,78.611699,559.0,48,32,6000.0,2000.0
43.66442,78.462733,571.0,0,33,-6000.0,2250.0
43.66442,78.465837,570.0,1,33,-5750.0,2250.0
43.66442,78.46894,569.0,2,33,-5500.0,2250.0
43.66442,78.472044,568.0,3,33,-5250.0,2250.0
43.66442,78.475147,568.0,4,33,-5000.0,2250.0
43.66442,78.478251,567.0,5,33,-4750.0,2250.0
43.66442,78.481354,565.0,6,33,-4500.0,2250.0
43.66442,78.484457,565.0,7,33,-4250.0,2250.0
43.66442,78.487561,564.0,8,33,-4000.0,2250.0
43.66442,78.490664,563.0,9,33,-3750.0,2250.0
43.66442,78.493768,561.0,10,33,-3500.0,2250.0
43.66442,78.496871,559.0,11,33,-3250.0,2250.0
43.66442,78.499975,558.0,12,33,-3000.0,2250.0
43.66442,78.503078,557.0,13,33,-2750.0,2250.0
43.66442,78.506182,555.0,14,33,-2500.0,2250.0
43.66442,78.509285,553.0,15,33,-2250.0,2250.0
43.66442,78.512388,552.0,16,33,-2000.0,2250.0
43.66442,78.515492,551.0,17,33,-1750.0,2250.0
43.66442,78.518595,551.0,18,33,-1500.0,2250.0
43.66442,78.521699,551.0,19,33,-1250.0,2250.0
43.66442,78.524802,550.0,20,33,-1000.0,2250.0
43.66442,78.527906,550.0,21,33,-750.0,2250.0
43.66442,78.531009,549.0,22,33,-500.0,2250.0
43.66442,78.534113,549.0,23,33,-250.0,2250.0
43.66442,78.537216,548.0,24,33,0.0,2250.0
43.66442,78.540319,547.0,25,33,250.0,2250.0
43.66442,78.543423,546.0,26,33,500.0,2250.0
43.66442,78.546526,546.0,27,33,750.0,2250.0
43.66442,78.54963,546.0,28,33,1000.0,2250.0
43.66442,78.552733,546.0,29,33,1250.0,2250.0
43.66442,78.555837,546.0,30,33,1500.0,2250.0
43.66442,78.55894,547.0,31,33,1750.0,2250.0
43.66442,78.562044,548.0,32,33,2000.0,2250.0
43.66442,78.565147,547.0,33,33,2250.0,2250.0
43.66442,78.56825,548.0,34,33,2500.0,2250.0
43.66442,78.571354,549.0,35,33,2750.0,2250.0
43.66442,78.574457,550.0,36,33,3000.0,2250.0
43.66442,78.577561,551.0,37,33,3250.0,2250.0
43.66442,78.580664,551.0,38,33,3500.0,2250.0
43.66442,78.583768,552.0,39,33,3750.0,2250.0
43.66442,78.586871,553.0,40,33,4000.0,2250.0
43.66442,78.589975,554.0,41,33,4250.0,2250.0
43.66442,78.593078,554.0,42,33,4500.0,2250.0
43.66442,78.596181,554.0,43,33,4750.0,2250.0
43.66442,78.599285,555.0,44,33,5000.0,2250.0
43.66442,78.602388,556.0,45,33,5250.0,2250.0
43.66442,78.605492,556.0,46,33,5500.0,2250.0
43.66442,78.608595,556.0,47,33,5750.0,2250.0
43.66442,78.611699,556.0,48,33,6000.0,2250.0
43.66667,78.462733,567.0,0,34,-6000.0,2500.0
43.66667,78.465837,567.0,1,34,-5750.0,2500.0
43.66667,78.46894,566.0,2,34,-5500.0,2500.0
43.66667,78.472044,564.0,3,34,-5250.0,2500.0
43.66667,78.475147,564.0,4,34,-5000.0,2500.0
43.66667,78.478251,564.0,5,34,-4750.0,2500.0
43.66667,78.481354,562.0,6,34,-4500.0,2500.0
43.66667,78.484457,558.0,7,34,-4250.0,2500.0
43.66667,78.487561,561.0,8,34,-4000.0,2500.0
43.66667,78.490664,560.0,9,34,-3750.0,2500.0
43.66667,78.493768,558.0,10,34,-3500.0,2500.0
43.66667,78.496871,556.0,11,34,-3250.0,2500.0
43.66667,78.499975,555.0,12,34,-3000.0,2500.0
43.66667,78.503078,553.0,13,34,-2750.0,2500.0
43.66667,78.506182,552.0,14,34,-2500.0,2500.0
43.66667,78.509285,551.0,15,34,-2250.0,2500.0
43.66667,78.512388,550.0,16,34,-2000.0,2500.0
43.66667,78.515492,550.0,17,34,-1750.0,2500.0
43.66667,78.518595,550.0,18,34,-1500.0,2500.0
43.66667,78.521699,550.0,19,34,-1250.0,2500.0
43.66667,78.524802,550.0,20,34,-1000.0,2500.0
43.66667,78.527906,549.0,21,34,-750.0,2500.0
43.66667,78.531009,548.0,22,34,-500.0,2500.0
43.66667,78.534113,548.0,23,34,-250.0,2500.0
43.66667,78.537216,547.0,24,34,0.0,2500.0
43.66667,78.540319,545.0,25,34,250.0,2500.0
43.66667,78.543423,545.0,26,34,500.0,2500.0
43.66667,78.546526,545.0,27,34,750.0,2500.0
43.66667,78.54963,544.0,28,34,1000.0,2500.0
43.66667,78.552733,544.0,29,34,1250.0,2500.0
43.66667,78.555837,544.0,30,34,1500.0,2500.0
43.66667,78.55894,545.0,31,34,1750.0,2500.0
43.66667,78.562044,546.0,32,34,2000.0,2500.0
43.66667,78.565147,546.0,33,34,2250.0,2500.0
43.66667,78.56825,546.0,34,34,2500.0,2500.0
43.66667,78.571354,547.0,35,34,2750.0,2500.0
43.66667,78.574457,548.0,36,34,3000.0,2500.0
43.66667,78.577561,548.0,37,34,3250.0,2500.0
43.66667,78.580664,549.0,38,34,3500.0,2500.0
43.66667,78.583768,550.0,39,34,3750.0,2500.0
43.66667,78.586871,550.0,40,34,4000.0,2500.0
43.66667,78.589975,551.0,41,34,4250.0,2500.0
43.66667,78.593078,551.0,42,34,4500.0,2500.0
43.66667,78.596181,552.0,43,34,4750.0,2500.0
43.66667,78.599285,552.0,44,34,5000.0,2500.0
43.66667,78.602388,553.0,45,34,5250.0,2500.0
43.66667,78.605492,553.0,46,34,5500.0,2500.0
43.66667,78.608595,553.0,47,34,5750.0,2500.0
43.66667,78.611699,553.0,48,34,6000.0,2500.0
43.668919,78.462733,565.0,0,35,-6000.0,2750.0
43.668919,78.465837,565.0,1,35,-5750.0,2750.0
43.668919,78.46894,564.0,2,35,-5500.0,2750.0
43.668919,78.472044,562.0,3,35,-5250.0,2750.0
43.668919,78.475147,561.0,4,35,-5000.0,2750.0
43.668919,78.478251,561.0,5,35,-4750.0,2750.0
43.668919,78.481354,560.0,6,35,-4500.0,2750.0
43.668919,78.484457,559.0,7,35,-4250.0,2750.0
43.668919,78.487561,559.0,8,35,-4000.0,2750.0
43.668919,78.490664,558.0,9,35,-3750.0,2750.0
43.668919,78.493768,556.0,10,35,-3500.0,2750.0
43.668919,78.496871,555.0,11,35,-3250.0,2750.0
43.668919,78.499975,554.0,12,35,-3000.0,2750.0
43.668919,78.503078,552.0,13,35,-2750.0,2750.0
43.668919,78.506182,551.0,14,35,-2500.0,2750.0
43.668919,78.509285,550.0,15,35,-2250.0,2750.0
43.668919,78.512388,550.0,16,35,-2000.0,2750.0
43.668919,78.515492,550.0,17,35,-1750.0,2750.0
43.668919,78.518595,549.0,18,35,-1500.0,2750.0
43.668919,78.521699,549.0,19,35,-1250.0,2750.0
43.668919,78.524802,548.0,20,35,-1000.0,2750.0
43.668919,78.527906,548.0,21,35,-750.0,2750.0
43.668919,78.531009,547.0,22,35,-500.0,2750.0
43.668919,78.534113,546.0,23,35,-250.0,2750.0
43.668919,78.537216,545.0,24,35,0.0,2750.0
43.668919,78.540319,544.0,25,35,250.0,2750.0
43.668919,78.543423,544.0,26,35,500.0,2750.0
43.668919,78.546526,544.0,27,35,750.0,2750.0
43.668919,78.54963,543.0,28,35,1000.0,2750.0
43.668919,78.552733,543.0,29,35,1250.0,2750.0
43.668919,78.555837,543.0,30,35,1500.0,2750.0
43.668919,78.55894,544.0,31,35,1750.0,2750.0
43.668919,78.562044,544.0,32,35,2000.0,2750.0
43.668919,78.565147,545.0,33,35,2250.0,2750.0
43.668919,78.56825,545.0,34,35,2500.0,2750.0
43.668919,78.571354,545.0,35,35,2750.0,2750.0
43.668919,78.574457,546.0,36,35,3000.0,2750.0
43.668919,78.577561,546.0,37,35,3250.0,2750.0
43.668919,78.580664,547.0,38,35,3500.0,2750.0
43.668919,78.583768,547.0,39,35,3750.0,2750.0
43.668919,78.586871,548.0,40,35,4000.0,2750.0
43.668919,78.589975,549.0,41,35,4250.0,2750.0
43.668919,78.593078,549.0,42,35,4500.0,2750.0
43.668919,78.596181,550.0,43,35,4750.0,2750.0
43.668919,78.599285,550.0,44,35,5000.0,2750.0
43.668919,78.602388,551.0,45,35,5250.0,2750.0
43.668919,78.605492,551.0,46,35,5500.0,2750.0
43.668919,78.608595,551.0,47,35,5750.0,2750.0
43.668919,78.611699,551.0,48,35,6000.0,2750.0
43.671169,78.462733,561.0,0,36,-6000.0,3000.0
43.671169,78.465837,561.0,1,36,-5750.0,3000.0
43.671169,78.46894,560.0,2,36,-5500.0,3000.0
43.671169,78.472044,559.0,3,36,-5250.0,3000.0
43.671169,78.475147,558.0,4,36,-5000.0,3000.0
43.671169,78.478251,558.0,5,36,-4750.0,3000.0
43.671169,78.481354,557.0,6,36,-4500.0,3000.0
43.671169,78.484457,556.0,7,36,-4250.0,3000.0
43.671169,78.487561,555.0,8,36,-4000.0,3000.0
43.671169,78.490664,555.0,9,36,-3750.0,3000.0
43.671169,78.493768,553.0,10,36,-3500.0,3000.0
43.671169,78.496871,551.0,11,36,-3250.0,3000.0
43.671169,78.499975,550.0,12,36,-3000.0,3000.0
43.671169,78.503078,549.0,13,36,-2750.0,3000.0
43.671169,78.506182,549.0,14,36,-2500.0,3000.0
43.671169,78.509285,550.0,15,36,-2250.0,3000.0
43.671169,78.512388,550.0,16,36,-2000.0,3000.0
43.671169,78.515492,550.0,17,36,-1750.0,3000.0
43.671169,78.518595,549.0,18,36,-1500.0,3000.0
43.671169,78.521699,548.0,19,36,-1250.0,3000.0
43.671169,78.524802,547.0,20,36,-1000.0,3000.0
43.671169,78.527906,547.0,21,36,-750.0,3000.0
43.671169,78.531009,546.0,22,36,-500.0,3000.0
43.671169,78.534113,545.0,23,36,-250.0,3000.0
43.671169,78.537216,544.0,24,36,0.0,3000.0
43.671169,78.540319,544.0,25,36,250.0,3000.0
43.671169,78.543423,543.0,26,36,500.0,3000.0
43.671169,78.546526,542.0,27,36,750.0,3000.0
43.671169,78.54963,542.0,28,36,1000.0,3000.0
43.671169,78.552733,542.0,29,36,1250.0,3000.0
43.671169,78.555837,542.0,30,36,1500.0,3000.0
43.671169,78.55894,542.0,31,36,1750.0,3000.0
43.671169,78.562044,543.0,32,36,2000.0,3000.0
43.671169,78.565147,543.0,33,36,2250.0,3000.0
43.671169,78.56825,543.0,34,36,2500.0,3000.0
43.671169,78.571354,543.0,35,36,2750.0,3000.0
43.671169,78.574457,544.0,36,36,3000.0,3000.0
43.671169,78.577561,545.0,37,36,3250.0,3000.0
43.671169,78.580664,545.0,38,36,3500.0,3000.0
43.671169,78.583768,546.0,39,36,3750.0,3000.0
43.671169,78.586871,546.0,40,36,4000.0,3000.0
43.671169,78.589975,547.0,41,36,4250.0,3000.0
43.671169,78.593078,547.0,42,36,4500.0,3000.0
43.671169,78.596181,547.0,43,36,4750.0,3000.0
43.671169,78.599285,548.0,44,36,5000.0,3000.0
43.671169,78.602388,548.0,45,36,5250.0,3000.0
43.671169,78.605492,548.0,46,36,5500.0,3000.0
43.671169,78.608595,548.0,47,36,5750.0,3000.0
43.671169,78.611699,549.0,48,36,6000.0,3000.0
43.673419,78.462733,558.0,0,37,-6000.0,3250.0
43.673419,78.465837,558.0,1,37,-5750.0,3250.0
43.673419,78.46894,557.0,2,37,-5500.0,3250.0
43.673419,78.472044,556.0,3,37,-5250.0,3250.0
43.673419,78.475147,555.0,4,37,-5000.0,3250.0
43.673419,78.478251,555.0,5,37,-4750.0,3250.0
43.673419,78.481354,553.0,6,37,-4500.0,3250.0
43.673419,78.484457,552.0,7,37,-4250.0,3250.0
43.673419,78.487561,552.0,8,37,-4000.0,3250.0
43.673419,78.490664,551.0,9,37,-3750.0,3250.0
43.673419,78.493768,551.0,10,37,-3500.0,3250.0
43.673419,78.496871,551.0,11,37,-3250.0,3250.0
43.673419,78.499975,550.0,12,37,-3000.0,3250.0
43.673419,78.503078,548.0,13,37,-2750.0,3250.0
43.673419,78.506182,548.0,14,37,-2500.0,3250.0
43.673419,78.509285,547.0,15,37,-2250.0,3250.0
43.673419,78.512388,548.0,16,37,-2000.0,3250.0
43.673419,78.515492,548.0,17,37,-1750.0,3250.0
43.673419,78.518595,547.0,18,37,-1500.0,3250.0
43.673419,78.521699,546.0,19,37,-1250.0,3250.0
43.673419,78.524802,546.0,20,37,-1000.0,3250.0
43.673419,78.527906,545.0,21,37,-750.0,3250.0
43.673419,78.531009,544.0,22,37,-500.0,3250.0
43.673419,78.534113,543.0,23,37,-250.0,3250.0
43.673419,78.537216,542.0,24,37,0.0,3250.0
43.673419,78.540319,542.0,25,37,250.0,3250.0
43.673419,78.543423,540.0,26,37,500.0,3250.0
43.673419,78.546526,540.0,27,37,750.0,3250.0
43.673419,78.54963,540.0,28,37,1000.0,3250.0
43.673419,78.552733,540.0,29,37,1250.0,3250.0
43.673419,78.555837,540.0,30,37,1500.0,3250.0
43.673419,78.55894,539.0,31,37,1750.0,3250.0
43.673419,78.562044,539.0,32,37,2000.0,3250.0
43.673419,78.565147,540.0,33,37,2250.0,3250.0
43.673419,78.56825,541.0,34,37,2500.0,3250.0
43.673419,78.571354,542.0,35,37,2750.0,3250.0
43.673419,78.574457,542.0,36,37,3000.0,3250.0
43.673419,78.577561,542.0,37,37,3250.0,3250.0
43.673419,78.580664,543.0,38,37,3500.0,3250.0
43.673419,78.583768,543.0,39,37,3750.0,3250.0
43.673419,78.586871,544.0,40,37,4000.0,3250.0
43.673419,78.589975,544.0,41,37,4250.0,3250.0
43.673419,78.593078,545.0,42,37,4500.0,3250.0
43.673419,78.596181,545.0,43,37,4750.0,3250.0
43.673419,78.599285,545.0,44,37,5000.0,3250.0
43.673419,78.602388,546.0,45,37,5250.0,3250.0
43.673419,78.605492,546.0,46,37,5500.0,3250.0
43.673419,78.608595,547.0,47,37,5750.0,3250.0
43.673419,78.611699,548.0,48,37,6000.0,3250.0
43.675668,78.462733,555.0,0,38,-6000.0,3500.0
43.675668,78.465837,555.0,1,38,-5750.0,3500.0
43.675668,78.46894,555.0,2,38,-5500.0,3500.0
43.675668,78.472044,554.0,3,38,-5250.0,3500.0
43.675668,78.475147,553.0,4,38,-5000.0,3500.0
43.675668,78.478251,553.0,5,38,-4750.0,3500.0
43.675668,78.481354,552.0,6,38,-4500.0,3500.0
43.675668,78.484457,551.0,7,38,-4250.0,3500.0
43.675668,78.487561,551.0,8,38,-4000.0,3500.0
43.675668,78.490664,551.0,9,38,-3750.0,3500.0
43.675668,78.493768,551.0,10,38,-3500.0,3500.0
43.675668,78.496871,550.0,11,38,-3250.0,3500.0
43.675668,78.499975,549.0,12,38,-3000.0,3500.0
43.675668,78.503078,547.0,13,38,-2750.0,3500.0
43.675668,78.506182,546.0,14,38,-2500.0,3500.0
43.675668,78.509285,546.0,15,38,-2250.0,3500.0
43.675668,78.512388,546.0,16,38,-2000.0,3500.0
43.675668,78.515492,546.0,17,38,-1750.0,3500.0
43.675668,78.518595,545.0,18,38,-1500.0,3500.0
43.675668,78.521699,544.0,19,38,-1250.0,3500.0
43.675668,78.524802,544.0,20,38,-1000.0,3500.0
43.675668,78.527906,543.0,21,38,-750.0,3500.0
43.675668,78.531009,542.0,22,38,-500.0,3500.0
43.675668,78.534113,542.0,23,38,-250.0,3500.0
43.675668,78.537216,542.0,24,38,0.0,3500.0
43.675668,78.540319,541.0,25,38,250.0,3500.0
43.675668,78.543423,541.0,26,38,500.0,3500.0
43.675668,78.546526,539.0,27,38,750.0,3500.0
43.675668,78.54963,539.0,28,38,1000.0,3500.0
43.675668,78.552733,539.0,29,38,1250.0,3500.0
43.675668,78.555837,539.0,30,38,1500.0,3500.0
43.675668,78.55894,538.0,31,38,1750.0,3500.0
43.675668,78.562044,538.0,32,38,2000.0,3500.0
43.675668,78.565147,538.0,33,38,2250.0,3500.0
43.675668,78.56825,539.0,34,38,2500.0,3500.0
43.675668,78.571354,540.0,35,38,2750.0,3500.0
43.675668,78.574457,541.0,36,38,3000.0,3500.0
43.675668,78.577561,541.0,37,38,3250.0,3500.0
43.675668,78.580664,542.0,38,38,3500.0,3500.0
43.675668,78.583768,542.0,39,38,3750.0,3500.0
43.675668,78.586871,542.0,40,38,4000.0,3500.0
43.675668,78.589975,543.0,41,38,4250.0,3500.0
43.675668,78.593078,543.0,42,38,4500.0,3500.0
43.675668,78.596181,544.0,43,38,4750.0,3500.0
43.675668,78.599285,544.0,44,38,5000.0,3500.0
43.675668,78.602388,545.0,45,38,5250.0,3500.0
43.675668,78.605492,545.0,46,38,5500.0,3500.0
43.675668,78.608595,546.0,47,38,5750.0,3500.0
43.675668,78.611699,547.0,48,38,6000.0,3500.0
43.677918,78.462733,553.0,0,39,-6000.0,3750.0
43.677918,78.465837,552.0,1,39,-5750.0,3750.0
43.677918,78.46894,552.0,2,39,-5500.0,3750.0
43.677918,78.472044,551.0,3,39,-5250.0,3750.0
43.677918,78.475147,551.0,4,39,-5000.0,3750.0
43.677918,78.478251,550.0,5,39,-4750.0,3750.0
43.677918,78.481354,549.0,6,39,-4500.0,3750.0
43.677918,78.484457,550.0,7,39,-4250.0,3750.0
43.677918,78.487561,550.0,8,39,-4000.0,3750.0
43.677918,78.490664,550.0,9,39,-3750.0,3750.0
43.677918,78.493768,549.0,10,39,-3500.0,3750.0
43.677918,78.496871,549.0,11,39,-3250.0,3750.0
43.677918,78.499975,548.0,12,39,-3000.0,3750.0
43.677918,78.503078,546.0,13,39,-2750.0,3750.0
43.677918,78.506182,546.0,14,39,-2500.0,3750.0
43.677918,78.509285,545.0,15,39,-2250.0,3750.0
43.677918,78.512388,544.0,16,39,-2000.0,3750.0
43.677918,78.515492,545.0,17,39,-1750.0,3750.0
43.677918,78.518595,543.0,18,39,-1500.0,3750.0
43.677918,78.521699,542.0,19,39,-1250.0,3750.0
43.677918,78.524802,541.0,20,39,-1000.0,3750.0
43.677918,78.527906,540.0,21,39,-750.0,3750.0
43.677918,78.531009,540.0,22,39,-500.0,3750.0
43.677918,78.534113,539.0,23,39,-250.0,3750.0
43.677918,78.537216,539.0,24,39,0.0,3750.0
43.677918,78.540319,539.0,25,39,250.0,3750.0
43.677918,78.543423,538.0,26,39,500.0,3750.0
43.677918,78.546526,538.0,27,39,750.0,3750.0
43.677918,78.54963,538.0,28,39,1000.0,3750.0
43.677918,78.552733,537.0,29,39,1250.0,3750.0
43.677918,78.555837,536.0,30,39,1500.0,3750.0
43.677918,78.55894,535.0,31,39,1750.0,3750.0
43.677918,78.562044,536.0,32,39,2000.0,3750.0
43.677918,78.565147,537.0,33,39,2250.0,3750.0
43.677918,78.56825,537.0,34,39,2500.0,3750.0
43.677918,78.571354,539.0,35,39,2750.0,3750.0
43.677918,78.574457,539.0,36,39,3000.0,3750.0
43.677918,78.577561,539.0,37,39,3250.0,3750.0
43.677918,78.580664,540.0,38,39,3500.0,3750.0
43.677918,78.583768,540.0,39,39,3750.0,3750.0
43.677918,78.586871,540.0,40,39,4000.0,3750.0
43.677918,78.589975,541.0,41,39,4250.0,3750.0
43.677918,78.593078,542.0,42,39,4500.0,3750.0
43.677918,78.596181,542.0,43,39,4750.0,3750.0
43.677918,78.599285,543.0,44,39,5000.0,3750.0
43.677918,78.602388,546.0,45,39,5250.0,3750.0
43.677918,78.605492,545.0,46,39,5500.0,3750.0
43.677918,78.608595,545.0,47,39,5750.0,3750.0
43.677918,78.611699,545.0,48,39,6000.0,3750.0
43.680167,78.462733,551.0,0,40,-6000.0,4000.0
43.680167,78.465837,549.0,1,40,-5750.0,4000.0
43.680167,78.46894,550.0,2,40,-5500.0,4000.0
43.680167,78.472044,549.0,3,40,-5250.0,4000.0
43.680167,78.475147,549.0,4,40,-5000.0,4000.0
43.680167,78.478251,550.0,5,40,-4750.0,4000.0
43.680167,78.481354,549.0,6,40,-4500.0,4000.0
43.680167,78.484457,549.0,7,40,-4250.0,4000.0
43.680167,78.487561,549.0,8,40,-4000.0,4000.0
43.680167,78.490664,548.0,9,40,-3750.0,4000.0
43.680167,78.493768,548.0,10,40,-3500.0,4000.0
43.680167,78.496871,547.0,11,40,-3250.0,4000.0
43.680167,78.499975,546.0,12,40,-3000.0,4000.0
43.680167,78.503078,545.0,13,40,-2750.0,4000.0
43.680167,78.506182,545.0,14,40,-2500.0,4000.0
43.680167,78.509285,543.0,15,40,-2250.0,4000.0
43.680167,78.512388,543.0,16,40,-2000.0,4000.0
43.680167,78.515492,542.0,17,40,-1750.0,4000.0
43.680167,78.518595,542.0,18,40,-1500.0,4000.0
43.680167,78.521699,539.0,19,40,-1250.0,4000.0
43.680167,78.524802,539.0,20,40,-1000.0,4000.0
43.680167,78.527906,538.0,21,40,-750.0,4000.0
43.680167,78.531009,537.0,22,40,-500.0,4000.0
43.680167,78.534113,538.0,23,40,-250.0,4000.0
43.680167,78.537216,537.0,24,40,0.0,4000.0
43.680167,78.540319,537.0,25,40,250.0,4000.0
43.680167,78.543423,536.0,26,40,500.0,4000.0
43.680167,78.546526,536.0,27,40,750.0,4000.0
43.680167,78.54963,536.0,28,40,1000.0,4000.0
43.680167,78.552733,535.0,29,40,1250.0,4000.0
43.680167,78.555837,534.0,30,40,1500.0,4000.0
43.680167,78.55894,534.0,31,40,1750.0,4000.0
43.680167,78.562044,534.0,32,40,2000.0,4000.0
43.680167,78.565147,535.0,33,40,2250.0,4000.0
43.680167,78.56825,535.0,34,40,2500.0,4000.0
43.680167,78.571354,537.0,35,40,2750.0,4000.0
43.680167,78.574457,537.0,36,40,3000.0,4000.0
43.680167,78.577561,538.0,37,40,3250.0,4000.0
43.680167,78.580664,538.0,38,40,3500.0,4000.0
43.680167,78.583768,538.0,39,40,3750.0,4000.0
43.680167,78.586871,538.0,40,40,4000.0,4000.0
43.680167,78.589975,539.0,41,40,4250.0,4000.0
43.680167,78.593078,543.0,42,40,4500.0,4000.0
43.680167,78.596181,545.0,43,40,4750.0,4000.0
43.680167,78.599285,545.0,44,40,5000.0,4000.0
43.680167,78.602388,544.0,45,40,5250.0,4000.0
43.680167,78.605492,544.0,46,40,5500.0,4000.0
43.680167,78.608595,544.0,47,40,5750.0,4000.0
43.680167,78.611699,544.0,48,40,6000.0,4000.0
43.682417,78.462733,549.0,0,41,-6000.0,4250.0
43.682417,78.465837,548.0,1,41,-5750.0,4250.0
43.682417,78.46894,549.0,2,41,-5500.0,4250.0
43.682417,78.472044,549.0,3,41,-5250.0,4250.0
43.682417,78.475147,549.0,4,41,-5000.0,4250.0
43.682417,78.478251,549.0,5,41,-4750.0,4250.0
43.682417,78.481354,549.0,6,41,-4500.0,4250.0
43.682417,78.484457,549.0,7,41,-4250.0,4250.0
43.682417,78.487561,549.0,8,41,-4000.0,4250.0
43.682417,78.490664,548.0,9,41,-3750.0,4250.0
43.682417,78.493768,546.0,10,41,-3500.0,4250.0
43.682417,78.496871,546.0,11,41,-3250.0,4250.0
43.682417,78.499975,546.0,12,41,-3000.0,4250.0
43.682417,78.503078,545.0,13,41,-2750.0,4250.0
43.682417,78.506182,544.0,14,41,-2500.0,4250.0
43.682417,78.509285,543.0,15,41,-2250.0,4250.0
43.682417,78.512388,541.0,16,41,-2000.0,4250.0
43.682417,78.515492,540.0,17,41,-1750.0,4250.0
43.682417,78.518595,540.0,18,41,-1500.0,4250.0
43.682417,78.521699,540.0,19,41,-1250.0,4250.0
43.682417,78.524802,537.0,20,41,-1000.0,4250.0
43.682417,78.527906,536.0,21,41,-750.0,4250.0
43.682417,78.531009,536.0,22,41,-500.0,4250.0
43.682417,78.534113,536.0,23,41,-250.0,4250.0
43.682417,78.537216,536.0,24,41,0.0,4250.0
43.682417,78.540319,535.0,25,41,250.0,4250.0
43.682417,78.543423,536.0,26,41,500.0,4250.0
43.682417,78.546526,536.0,27,41,750.0,4250.0
43.682417,78.54963,535.0,28,41,1000.0,4250.0
43.682417,78.552733,534.0,29,41,1250.0,4250.0
43.682417,78.555837,533.0,30,41,1500.0,4250.0
43.682417,78.55894,533.0,31,41,1750.0,4250.0
43.682417,78.562044,533.0,32,41,2000.0,4250.0
43.682417,78.565147,534.0,33,41,2250.0,4250.0
43.682417,78.56825,534.0,34,41,2500.0,4250.0
43.682417,78.571354,536.0,35,41,2750.0,4250.0
43.682417,78.574457,537.0,36,41,3000.0,4250.0
43.682417,78.577561,537.0,37,41,3250.0,4250.0
43.682417,78.580664,537.0,38,41,3500.0,4250.0
43.682417,78.583768,537.0,39,41,3750.0,4250.0
43.682417,78.586871,537.0,40,41,4000.0,4250.0
43.682417,78.589975,538.0,41,41,4250.0,4250.0
43.682417,78.593078,540.0,42,41,4500.0,4250.0
43.682417,78.596181,543.0,43,41,4750.0,4250.0
43.682417,78.599285,542.0,44,41,5000.0,4250.0
43.682417,78.602388,543.0,45,41,5250.0,4250.0
43.682417,78.605492,543.0,46,41,5500.0,4250.0
43.682417,78.608595,543.0,47,41,5750.0,4250.0
43.682417,78.611699,543.0,48,41,6000.0,4250.0
43.684666,78.462733,548.0,0,42,-6000.0,4500.0
43.684666,78.465837,547.0,1,42,-5750.0,4500.0
43.684666,78.46894,547.0,2,42,-5500.0,4500.0
43.684666,78.472044,547.0,3,42,-5250.0,4500.0
43.684666,78.475147,547.0,4,42,-5000.0,4500.0
43.684666,78.478251,547.0,5,42,-4750.0,4500.0
43.684666,78.481354,548.0,6,42,-4500.0,4500.0
43.684666,78.484457,547.0,7,42,-4250.0,4500.0
43.684666,78.487561,547.0,8,42,-4000.0,4500.0
43.684666,78.490664,547.0,9,42,-3750.0,4500.0
43.684666,78.493768,545.0,10,42,-3500.0,4500.0
43.684666,78.496871,544.0,11,42,-3250.0,4500.0
43.684666,78.499975,543.0,12,42,-3000.0,4500.0
43.684666,78.503078,542.0,13,42,-2750.0,4500.0
43.684666,78.506182,543.0,14,42,-2500.0,4500.0
43.684666,78.509285,541.0,15,42,-2250.0,4500.0
43.684666,78.512388,541.0,16,42,-2000.0,4500.0
43.684666,78.515492,540.0,17,42,-1750.0,4500.0
43.684666,78.518595,538.0,18,42,-1500.0,4500.0
43.684666,78.521699,537.0,19,42,-1250.0,4500.0
43.684666,78.524802,535.0,20,42,-1000.0,4500.0
43.684666,78.527906,534.0,21,42,-750.0,4500.0
43.684666,78.531009,534.0,22,42,-500.0,4500.0
43.684666,78.534113,534.0,23,42,-250.0,4500.0
43.684666,78.537216,534.0,24,42,0.0,4500.0
43.684666,78.540319,534.0,25,42,250.0,4500.0
43.684666,78.543423,533.0,26,42,500.0,4500.0
43.684666,78.546526,533.0,27,42,750.0,4500.0
43.684666,78.54963,533.0,28,42,1000.0,4500.0
43.684666,78.552733,533.0,29,42,1250.0,4500.0
43.684666,78.555837,532.0,30,42,1500.0,4500.0
43.684666,78.55894,532.0,31,42,1750.0,4500.0
43.684666,78.562044,532.0,32,42,2000.0,4500.0
43.684666,78.565147,533.0,33,42,2250.0,4500.0
43.684666,78.56825,533.0,34,42,2500.0,4500.0
43.684666,78.571354,534.0,35,42,2750.0,4500.0
43.684666,78.574457,535.0,36,42,3000.0,4500.0
43.684666,78.577561,535.0,37,42,3250.0,4500.0
43.684666,78.580664,535.0,38,42,3500.0,4500.0
43.684666,78.583768,536.0,39,42,3750.0,4500.0
43.684666,78.586871,537.0,40,42,4000.0,4500.0
43.684666,78.589975,538.0,41,42,4250.0,4500.0
43.684666,78.593078,539.0,42,42,4500.0,4500.0
43.684666,78.596181,541.0,43,42,4750.0,4500.0
43.684666,78.599285,541.0,44,42,5000.0,4500.0
43.684666,78.602388,541.0,45,42,5250.0,4500.0
43.684666,78.605492,541.0,46,42,5500.0,4500.0
43.684666,78.608595,542.0,47,42,5750.0,4500.0
43.684666,78.611699,541.0,48,42,6000.0,4500.0
43.686916,78.462733,547.0,0,43,-6000.0,4750.0
43.686916,78.465837,546.0,1,43,-5750.0,4750.0
43.686916,78.46894,545.0,2,43,-5500.0,4750.0
43.686916,78.472044,545.0,3,43,-5250.0,4750.0
43.686916,78.475147,546.0,4,43,-5000.0,4750.0
43.686916,78.478251,546.0,5,43,-4750.0,4750.0
43.686916,78.481354,544.0,6,43,-4500.0,4750.0
43.686916,78.484457,545.0,7,43,-4250.0,4750.0
43.686916,78.487561,544.0,8,43,-4000.0,4750.0
43.686916,78.490664,543.0,9,43,-3750.0,4750.0
43.686916,78.493768,543.0,10,43,-3500.0,4750.0
43.686916,78.496871,543.0,11,43,-3250.0,4750.0
43.686916,78.499975,542.0,12,43,-3000.0,4750.0
43.686916,78.503078,542.0,13,43,-2750.0,4750.0
43.686916,78.506182,540.0,14,43,-2500.0,4750.0
43.686916,78.509285,539.0,15,43,-2250.0,4750.0
43.686916,78.512388,539.0,16,43,-2000.0,4750.0
43.686916,78.515492,539.0,17,43,-1750.0,4750.0
43.686916,78.518595,537.0,18,43,-1500.0,4750.0
43.686916,78.521699,536.0,19,43,-1250.0,4750.0
43.686916,78.524802,535.0,20,43,-1000.0,4750.0
43.686916,78.527906,533.0,21,43,-750.0,4750.0
43.686916,78.531009,532.0,22,43,-500.0,4750.0
43.686916,78.534113,532.0,23,43,-250.0,4750.0
43.686916,78.537216,532.0,24,43,0.0,4750.0
43.686916,78.540319,531.0,25,43,250.0,4750.0
43.686916,78.543423,531.0,26,43,500.0,4750.0
43.686916,78.546526,532.0,27,43,750.0,4750.0
43.686916,78.54963,531.0,28,43,1000.0,4750.0
43.686916,78.552733,532.0,29,43,1250.0,4750.0
43.686916,78.555837,531.0,30,43,1500.0,4750.0
43.686916,78.55894,530.0,31,43,1750.0,4750.0
43.686916,78.562044,531.0,32,43,2000.0,4750.0
43.686916,78.565147,531.0,33,43,2250.0,4750.0
43.686916,78.56825,532.0,34,43,2500.0,4750.0
43.686916,78.571354,532.0,35,43,2750.0,4750.0
43.686916,78.574457,534.0,36,43,3000.0,4750.0
43.686916,78.577561,534.0,37,43,3250.0,4750.0
43.686916,78.580664,535.0,38,43,3500.0,4750.0
43.686916,78.583768,537.0,39,43,3750.0,4750.0
43.686916,78.586871,536.0,40,43,4000.0,4750.0
43.686916,78.589975,537.0,41,43,4250.0,4750.0
43.686916,78.593078,537.0,42,43,4500.0,4750.0
43.686916,78.596181,538.0,43,43,4750.0,4750.0
43.686916,78.599285,539.0,44,43,5000.0,4750.0
43.686916,78.602388,539.0,45,43,5250.0,4750.0
43.686916,78.605492,539.0,46,43,5500.0,4750.0
43.686916,78.608595,540.0,47,43,5750.0,4750.0
43.686916,78.611699,540.0,48,43,6000.0,4750.0
43.689166,78.462733,546.0,0,44,-6000.0,5000.0
43.689166,78.465837,544.0,1,44,-5750.0,5000.0
43.689166,78.46894,544.0,2,44,-5500.0,5000.0
43.689166,78.472044,543.0,3,44,-5250.0,5000.0
43.689166,78.475147,543.0,4,44,-5000.0,5000.0
43.689166,78.478251,544.0,5,44,-4750.0,5000.0
43.689166,78.481354,542.0,6,44,-4500.0,5000.0
43.689166,78.484457,541.0,7,44,-4250.0,5000.0
43.689166,78.487561,541.0,8,44,-4000.0,5000.0
43.689166,78.490664,541.0,9,44,-3750.0,5000.0
43.689166,78.493768,540.0,10,44,-3500.0,5000.0
43.689166,78.496871,541.0,11,44,-3250.0,5000.0
43.689166,78.499975,541.0,12,44,-3000.0,5000.0
43.689166,78.503078,540.0,13,44,-2750.0,5000.0
43.689166,78.506182,540.0,14,44,-2500.0,5000.0
43.689166,78.509285,539.0,15,44,-2250.0,5000.0
43.689166,78.512388,537.0,16,44,-2000.0,5000.0
43.689166,78.515492,537.0,17,44,-1750.0,5000.0
43.689166,78.518595,536.0,18,44,-1500.0,5000.0
43.689166,78.521699,535.0,19,44,-1250.0,5000.0
43.689166,78.524802,534.0,20,44,-1000.0,5000.0
43.689166,78.527906,532.0,21,44,-750.0,5000.0
43.689166,78.531009,531.0,22,44,-500.0,5000.0
43.689166,78.534113,530.0,23,44,-250.0,5000.0
43.689166,78.537216,530.0,24,44,0.0,5000.0
43.689166,78.540319,530.0,25,44,250.0,5000.0
43.689166,78.543423,530.0,26,44,500.0,5000.0
43.689166,78.546526,530.0,27,44,750.0,5000.0
43.689166,78.54963,529.0,28,44,1000.0,5000.0
43.689166,78.552733,530.0,29,44,1250.0,5000.0
43.689166,78.555837,529.0,30,44,1500.0,5000.0
43.689166,78.55894,529.0,31,44,1750.0,5000.0
43.689166,78.562044,529.0,32,44,2000.0,5000.0
43.689166,78.565147,530.0,33,44,2250.0,5000.0
43.689166,78.56825,530.0,34,44,2500.0,5000.0
43.689166,78.571354,531.0,35,44,2750.0,5000.0
43.689166,78.574457,534.0,36,44,3000.0,5000.0
43.689166,78.577561,533.0,37,44,3250.0,5000.0
43.689166,78.580664,534.0,38,44,3500.0,5000.0
43.689166,78.583768,535.0,39,44,3750.0,5000.0
43.689166,78.586871,534.0,40,44,4000.0,5000.0
43.689166,78.589975,535.0,41,44,4250.0,5000.0
43.689166,78.593078,536.0,42,44,4500.0,5000.0
43.689166,78.596181,537.0,43,44,4750.0,5000.0
43.689166,78.599285,537.0,44,44,5000.0,5000.0
43.689166,78.602388,537.0,45,44,5250.0,5000.0
43.689166,78.605492,537.0,46,44,5500.0,5000.0
43.689166,78.608595,538.0,47,44,5750.0,5000.0
43.689166,78.611699,538.0,48,44,6000.0,5000.0
43.691415,78.462733,544.0,0,45,-6000.0,5250.0
43.691415,78.465837,543.0,1,45,-5750.0,5250.0
43.691415,78.46894,543.0,2,45,-5500.0,5250.0
43.691415,78.472044,542.0,3,45,-5250.0,5250.0
43.691415,78.475147,541.0,4,45,-5000.0,5250.0
43.691415,78.478251,541.0,5,45,-4750.0,5250.0
43.691415,78.481354,541.0,6,45,-4500.0,5250.0
43.691415,78.484457,539.0,7,45,-4250.0,5250.0
43.691415,78.487561,540.0,8,45,-4000.0,5250.0
43.691415,78.490664,540.0,9,45,-3750.0,5250.0
43.691415,78.493768,540.0,10,45,-3500.0,5250.0
43.691415,78.496871,539.0,11,45,-3250.0,5250.0
43.691415,78.499975,539.0,12,45,-3000.0,5250.0
43.691415,78.503078,539.0,13,45,-2750.0,5250.0
43.691415,78.506182,539.0,14,45,-2500.0,5250.0
43.691415,78.509285,537.0,15,45,-2250.0,5250.0
43.691415,78.512388,537.0,16,45,-2000.0,5250.0
43.691415,78.515492,536.0,17,45,-1750.0,5250.0
43.691415,78.518595,536.0,18,45,-1500.0,5250.0
43.691415,78.521699,534.0,19,45,-1250.0,5250.0
43.691415,78.524802,534.0,20,45,-1000.0,5250.0
43.691415,78.527906,532.0,21,45,-750.0,5250.0
43.691415,78.531009,531.0,22,45,-500.0,5250.0
43.691415,78.534113,530.0,23,45,-250.0,5250.0
43.691415,78.537216,529.0,24,45,0.0,5250.0
43.691415,78.540319,528.0,25,45,250.0,5250.0
43.691415,78.543423,529.0,26,45,500.0,5250.0
43.691415,78.546526,529.0,27,45,750.0,5250.0
43.691415,78.54963,528.0,28,45,1000.0,5250.0
43.691415,78.552733,529.0,29,45,1250.0,5250.0
43.691415,78.555837,528.0,30,45,1500.0,5250.0
43.691415,78.55894,529.0,31,45,1750.0,5250.0
43.691415,78.562044,529.0,32,45,2000.0,5250.0
43.691415,78.565147,530.0,33,45,2250.0,5250.0
43.691415,78.56825,530.0,34,45,2500.0,5250.0
43.691415,78.571354,531.0,35,45,2750.0,5250.0
43.691415,78.574457,533.0,36,45,3000.0,5250.0
43.691415,78.577561,532.0,37,45,3250.0,5250.0
43.691415,78.580664,533.0,38,45,3500.0,5250.0
43.691415,78.583768,533.0,39,45,3750.0,5250.0
43.691415,78.586871,533.0,40,45,4000.0,5250.0
43.691415,78.589975,534.0,41,45,4250.0,5250.0
43.691415,78.593078,535.0,42,45,4500.0,5250.0
43.691415,78.596181,536.0,43,45,4750.0,5250.0
43.691415,78.599285,536.0,44,45,5000.0,5250.0
43.691415,78.602388,535.0,45,45,5250.0,5250.0
43.691415,78.605492,535.0,46,45,5500.0,5250.0
43.691415,78.608595,536.0,47,45,5750.0,5250.0
43.691415,78.611699,537.0,48,45,6000.0,5250.0
43.693665,78.462733,542.0,0,46,-6000.0,5500.0
43.693665,78.465837,542.0,1,46,-5750.0,5500.0
43.693665,78.46894,541.0,2,46,-5500.0,5500.0
43.693665,78.472044,542.0,3,46,-5250.0,5500.0
43.693665,78.475147,540.0,4,46,-5000.0,5500.0
43.693665,78.478251,540.0,5,46,-4750.0,5500.0
43.693665,78.481354,539.0,6,46,-4500.0,5500.0
43.693665,78.484457,538.0,7,46,-4250.0,5500.0
43.693665,78.487561,536.0,8,46,-4000.0,5500.0
43.693665,78.490664,536.0,9,46,-3750.0,5500.0
43.693665,78.493768,537.0,10,46,-3500.0,5500.0
43.693665,78.496871,537.0,11,46,-3250.0,5500.0
43.693665,78.499975,536.0,12,46,-3000.0,5500.0
43.693665,78.503078,537.0,13,46,-2750.0,5500.0
43.693665,78.506182,537.0,14,46,-2500.0,5500.0
43.693665,78.509285,537.0,15,46,-2250.0,5500.0
43.693665,78.512388,536.0,16,46,-2000.0,5500.0
43.693665,78.515492,535.0,17,46,-1750.0,5500.0
43.693665,78.518595,536.0,18,46,-1500.0,5500.0
43.693665,78.521699,535.0,19,46,-1250.0,5500.0
43.693665,78.524802,534.0,20,46,-1000.0,5500.0
43.693665,78.527906,533.0,21,46,-750.0,5500.0
43.693665,78.531009,531.0,22,46,-500.0,5500.0
43.693665,78.534113,530.0,23,46,-250.0,5500.0
43.693665,78.537216,528.0,24,46,0.0,5500.0
43.693665,78.540319,527.0,25,46,250.0,5500.0
43.693665,78.543423,527.0,26,46,500.0,5500.0
43.693665,78.546526,527.0,27,46,750.0,5500.0
43.693665,78.54963,527.0,28,46,1000.0,5500.0
43.693665,78.552733,527.0,29,46,1250.0,5500.0
43.693665,78.555837,528.0,30,46,1500.0,5500.0
43.693665,78.55894,528.0,31,46,1750.0,5500.0
43.693665,78.562044,528.0,32,46,2000.0,5500.0
43.693665,78.565147,530.0,33,46,2250.0,5500.0
43.693665,78.56825,529.0,34,46,2500.0,5500.0
43.693665,78.571354,529.0,35,46,2750.0,5500.0
43.693665,78.574457,529.0,36,46,3000.0,5500.0
43.693665,78.577561,529.0,37,46,3250.0,5500.0
43.693665,78.580664,530.0,38,46,3500.0,5500.0
43.693665,78.583768,532.0,39,46,3750.0,5500.0
43.693665,78.586871,532.0,40,46,4000.0,5500.0
43.693665,78.589975,532.0,41,46,4250.0,5500.0
43.693665,78.593078,533.0,42,46,4500.0,5500.0
43.693665,78.596181,534.0,43,46,4750.0,5500.0
43.693665,78.599285,534.0,44,46,5000.0,5500.0
43.693665,78.602388,535.0,45,46,5250.0,5500.0
43.693665,78.605492,534.0,46,46,5500.0,5500.0
43.693665,78.608595,534.0,47,46,5750.0,5500.0
43.693665,78.611699,536.0,48,46,6000.0,5500.0
43.695914,78.462733,541.0,0,47,-6000.0,5750.0
43.695914,78.465837,540.0,1,47,-5750.0,5750.0
43.695914,78.46894,541.0,2,47,-5500.0,5750.0
43.695914,78.472044,539.0,3,47,-5250.0,5750.0
43.695914,78.475147,539.0,4,47,-5000.0,5750.0
43.695914,78.478251,538.0,5,47,-4750.0,5750.0
43.695914,78.481354,538.0,6,47,-4500.0,5750.0
43.695914,78.484457,536.0,7,47,-4250.0,5750.0
43.695914,78.487561,537.0,8,47,-4000.0,5750.0
43.695914,78.490664,534.0,9,47,-3750.0,5750.0
43.695914,78.493768,533.0,10,47,-3500.0,5750.0
43.695914,78.496871,533.0,11,47,-3250.0,5750.0
43.695914,78.499975,534.0,12,47,-3000.0,5750.0
43.695914,78.503078,534.0,13,47,-2750.0,5750.0
43.695914,78.506182,535.0,14,47,-2500.0,5750.0
43.695914,78.509285,536.0,15,47,-2250.0,5750.0
43.695914,78.512388,537.0,16,47,-2000.0,5750.0
43.695914,78.515492,535.0,17,47,-1750.0,5750.0
43.695914,78.518595,535.0,18,47,-1500.0,5750.0
43.695914,78.521699,536.0,19,47,-1250.0,5750.0
43.695914,78.524802,534.0,20,47,-1000.0,5750.0
43.695914,78.527906,532.0,21,47,-750.0,5750.0
43.695914,78.531009,531.0,22,47,-500.0,5750.0
43.695914,78.534113,530.0,23,47,-250.0,5750.0
43.695914,78.537216,528.0,24,47,0.0,5750.0
43.695914,78.540319,525.0,25,47,250.0,5750.0
43.695914,78.543423,526.0,26,47,500.0,5750.0
43.695914,78.546526,525.0,27,47,750.0,5750.0
43.695914,78.54963,525.0,28,47,1000.0,5750.0
43.695914,78.552733,526.0,29,47,1250.0,5750.0
43.695914,78.555837,526.0,30,47,1500.0,5750.0
43.695914,78.55894,527.0,31,47,1750.0,5750.0
43.695914,78.562044,526.0,32,47,2000.0,5750.0
43.695914,78.565147,528.0,33,47,2250.0,5750.0
43.695914,78.56825,529.0,34,47,2500.0,5750.0
43.695914,78.571354,529.0,35,47,2750.0,5750.0
43.695914,78.574457,528.0,36,47,3000.0,5750.0
43.695914,78.577561,529.0,37,47,3250.0,5750.0
43.695914,78.580664,529.0,38,47,3500.0,5750.0
43.695914,78.583768,530.0,39,47,3750.0,5750.0
43.695914,78.586871,530.0,40,47,4000.0,5750.0
43.695914,78.589975,530.0,41,47,4250.0,5750.0
43.695914,78.593078,531.0,42,47,4500.0,5750.0
43.695914,78.596181,533.0,43,47,4750.0,5750.0
43.695914,78.599285,532.0,44,47,5000.0,5750.0
43.695914,78.602388,533.0,45,47,5250.0,5750.0
43.695914,78.605492,532.0,46,47,5500.0,5750.0
43.695914,78.608595,533.0,47,47,5750.0,5750.0
43.695914,78.611699,534.0,48,47,6000.0,5750.0
43.698164,78.462733,539.0,0,48,-6000.0,6000.0
43.698164,78.465837,539.0,1,48,-5750.0,6000.0
43.698164,78.46894,540.0,2,48,-5500.0,6000.0
43.698164,78.472044,539.0,3,48,-5250.0,6000.0
43.698164,78.475147,538.0,4,48,-5000.0,6000.0
43.698164,78.478251,537.0,5,48,-4750.0,6000.0
43.698164,78.481354,537.0,6,48,-4500.0,6000.0
43.698164,78.484457,536.0,7,48,-4250.0,6000.0
43.698164,78.487561,536.0,8,48,-4000.0,6000.0
43.698164,78.490664,534.0,9,48,-3750.0,6000.0
43.698164,78.493768,533.0,10,48,-3500.0,6000.0
43.698164,78.496871,531.0,11,48,-3250.0,6000.0
43.698164,78.499975,533.0,12,48,-3000.0,6000.0
43.698164,78.503078,534.0,13,48,-2750.0,6000.0
43.698164,78.506182,536.0,14,48,-2500.0,6000.0
43.698164,78.509285,536.0,15,48,-2250.0,6000.0
43.698164,78.512388,536.0,16,48,-2000.0,6000.0
43.698164,78.515492,536.0,17,48,-1750.0,6000.0
43.698164,78.518595,533.0,18,48,-1500.0,6000.0
43.698164,78.521699,534.0,19,48,-1250.0,6000.0
43.698164,78.524802,534.0,20,48,-1000.0,6000.0
43.698164,78.527906,532.0,21,48,-750.0,6000.0
43.698164,78.531009,530.0,22,48,-500.0,6000.0
43.698164,78.534113,529.0,23,48,-250.0,6000.0
43.698164,78.537216,526.0,24,48,0.0,6000.0
43.698164,78.540319,524.0,25,48,250.0,6000.0
43.698164,78.543423,525.0,26,48,500.0,6000.0
43.698164,78.546526,525.0,27,48,750.0,6000.0
43.698164,78.54963,525.0,28,48,1000.0,6000.0
43.698164,78.552733,524.0,29,48,1250.0,6000.0
43.698164,78.555837,524.0,30,48,1500.0,6000.0
43.698164,78.55894,524.0,31,48,1750.0,6000.0
43.698164,78.562044,526.0,32,48,2000.0,6000.0
43.698164,78.565147,528.0,33,48,2250.0,6000.0
43.698164,78.56825,528.0,34,48,2500.0,6000.0
43.698164,78.571354,528.0,35,48,2750.0,6000.0
43.698164,78.574457,528.0,36,48,3000.0,6000.0
43.698164,78.577561,528.0,37,48,3250.0,6000.0
43.698164,78.580664,528.0,38,48,3500.0,6000.0
43.698164,78.583768,528.0,39,48,3750.0,6000.0
43.698164,78.586871,529.0,40,48,4000.0,6000.0
43.698164,78.589975,529.0,41,48,4250.0,6000.0
43.698164,78.593078,530.0,42,48,4500.0,6000.0
43.698164,78.596181,532.0,43,48,4750.0,6000.0
43.698164,78.599285,531.0,44,48,5000.0,6000.0
43.698164,78.602388,530.0,45,48,5250.0,6000.0
43.698164,78.605492,531.0,46,48,5500.0,6000.0
43.698164,78.608595,532.0,47,48,5750.0,6000.0
43.698164,78.611699,532.0,48,48,6000.0,6000.0
