lat,lon,elevation_m,ws50_ann,ws50_m01,ws50_m02,ws50_m03,ws50_m04,ws50_m05,ws50_m06,ws50_m07,ws50_m08,ws50_m09,ws50_m10,ws50_m11,ws50_m12,ws100_est,resource_class,inside_kz
40.0,46.25,1985.9,3.44,4.3,4.27,4.28,3.55,3.12,2.85,3.02,2.9,2.56,3.08,3.43,3.96,3.8,низкий,False
40.0,46.875,743.1,3.35,2.92,3.12,3.29,3.27,3.23,3.78,4.22,4.09,3.64,3.12,2.83,2.62,3.7,низкий,False
40.0,47.5,95.5,3.97,3.22,3.59,3.89,4.0,3.99,4.58,4.99,4.85,4.39,3.78,3.32,3.02,4.38,низкий,False
40.0,48.125,2.4,4.54,4.03,4.33,4.49,4.49,4.48,5.01,5.37,5.4,4.85,4.35,3.92,3.72,5.01,низкий,False
40.0,48.75,46.7,4.92,4.49,4.73,4.78,4.77,4.77,5.26,5.72,5.8,5.3,4.78,4.42,4.24,5.43,низкий,False
40.0,49.375,22.3,5.74,5.66,5.83,5.83,5.34,4.89,5.75,6.36,6.07,5.99,5.73,5.76,5.68,6.34,умеренный,False
40.0,50.0,-24.1,6.24,6.51,6.67,6.75,6.0,5.1,5.87,6.36,5.9,6.17,6.23,6.58,6.7,6.89,хороший,False
40.0,50.625,-29.0,6.2,6.73,6.78,6.79,5.97,4.93,5.67,6.07,5.7,6.03,6.13,6.67,6.93,6.85,хороший,False
40.0,51.25,-29.0,6.11,6.73,6.73,6.61,5.85,4.84,5.58,5.88,5.65,5.96,6.04,6.61,6.91,6.75,хороший,False
40.0,51.875,-29.0,6.1,6.64,6.6,6.41,5.78,4.97,5.77,5.99,5.76,5.95,5.95,6.52,6.86,6.74,хороший,False
40.0,52.5,-28.7,6.2,6.47,6.44,6.28,5.85,5.4,6.3,6.34,6.09,6.21,5.99,6.4,6.7,6.85,хороший,False
40.0,53.125,21.0,6.07,6.21,6.26,6.09,5.74,5.29,6.02,5.95,5.96,6.44,6.12,6.31,6.48,6.7,хороший,False
40.0,53.75,100.2,6.2,6.25,6.39,6.19,5.86,5.33,5.99,5.9,6.15,6.79,6.44,6.52,6.65,6.85,хороший,False
40.0,54.375,239.6,6.2,6.27,6.48,6.17,5.91,5.3,5.86,5.68,6.03,6.79,6.53,6.66,6.82,6.85,хороший,False
40.0,55.0,170.7,5.81,5.55,5.91,5.84,5.79,5.35,5.77,5.52,5.78,6.36,6.0,5.95,5.93,6.42,умеренный,False
40.0,55.625,94.3,6.39,6.17,6.53,6.33,6.31,5.84,6.23,6.06,6.43,7.04,6.67,6.6,6.54,7.06,хороший,False
40.0,56.25,119.5,6.46,6.31,6.69,6.49,6.52,5.96,6.26,6.04,6.37,6.95,6.66,6.64,6.65,7.13,хороший,False
40.0,56.875,66.8,6.37,6.24,6.63,6.48,6.51,5.95,6.21,5.98,6.24,6.73,6.51,6.47,6.49,7.03,хороший,False
40.0,57.5,66.1,6.41,6.34,6.75,6.6,6.59,6.04,6.21,6.0,6.22,6.64,6.52,6.5,6.56,7.08,хороший,False
40.0,58.125,84.9,6.32,6.24,6.68,6.57,6.54,6.02,6.13,5.97,6.12,6.43,6.36,6.36,6.45,6.98,хороший,False
40.0,58.75,102.2,6.22,6.13,6.57,6.49,6.44,5.97,6.09,6.02,6.1,6.27,6.19,6.18,6.29,6.87,хороший,False
40.0,59.375,132.1,6.18,6.03,6.51,6.44,6.37,5.96,6.13,6.15,6.16,6.17,6.07,6.03,6.17,6.82,хороший,False
40.0,60.0,156.1,6.09,5.87,6.38,6.34,6.24,5.92,6.18,6.27,6.23,6.05,5.88,5.82,5.98,6.72,хороший,False
40.0,60.625,168.8,6.02,5.74,6.26,6.24,6.12,5.84,6.22,6.42,6.32,5.97,5.7,5.63,5.81,6.65,хороший,False
40.0,61.25,180.2,5.99,5.63,6.15,6.14,6.03,5.8,6.3,6.65,6.48,5.95,5.54,5.49,5.68,6.61,хороший,False
40.0,61.875,183.2,5.97,5.53,6.05,6.04,5.94,5.78,6.41,6.89,6.62,5.97,5.4,5.37,5.58,6.59,хороший,False
40.0,62.5,179.1,6.0,5.46,5.98,5.97,5.93,5.81,6.55,7.16,6.8,6.07,5.35,5.32,5.53,6.63,хороший,False
40.0,63.125,180.0,6.08,5.45,5.97,5.97,5.96,5.91,6.72,7.41,6.97,6.24,5.43,5.34,5.55,6.71,хороший,False
40.0,63.75,195.1,6.21,5.47,6.03,6.02,6.03,6.07,6.96,7.68,7.16,6.47,5.56,5.42,5.62,6.86,хороший,False
40.0,64.375,223.3,6.22,5.43,5.95,5.95,5.94,6.08,7.09,7.89,7.29,6.53,5.55,5.34,5.53,6.87,хороший,False
40.0,65.0,306.4,6.28,5.41,5.89,5.89,5.92,6.06,7.26,8.18,7.53,6.68,5.69,5.37,5.42,6.93,хороший,False
40.0,65.625,472.9,6.12,5.22,5.71,5.65,5.73,5.87,7.09,8.04,7.4,6.56,5.63,5.3,5.26,6.76,хороший,False
40.0,66.25,632.4,5.84,5.08,5.57,5.38,5.43,5.58,6.66,7.61,6.95,6.19,5.36,5.15,5.11,6.45,умеренный,False
40.0,66.875,765.3,5.17,4.84,5.23,4.93,4.81,4.87,5.64,6.46,5.83,5.16,4.7,4.76,4.83,5.71,умеренный,False
40.0,67.5,785.5,4.07,3.79,4.23,4.15,4.03,4.0,4.39,4.89,4.37,3.84,3.7,3.75,3.72,4.49,низкий,False
40.0,68.125,774.2,3.46,2.75,3.26,3.6,3.69,3.72,3.98,4.07,3.86,3.52,3.32,2.93,2.73,3.82,низкий,False
40.0,68.75,798.4,4.21,3.55,3.87,4.24,4.27,4.46,4.78,4.86,4.75,4.47,4.05,3.6,3.53,4.65,низкий,False
40.0,69.375,990.0,3.91,3.2,3.46,3.87,3.97,4.18,4.6,4.74,4.53,4.23,3.72,3.27,3.16,4.32,низкий,False
40.0,70.0,1439.0,3.97,3.66,3.74,3.88,3.93,3.98,4.35,4.6,4.35,4.19,3.75,3.55,3.62,4.38,низкий,False
40.0,70.625,1693.7,4.19,4.09,4.07,4.11,4.1,4.12,4.44,4.82,4.57,4.39,3.89,3.75,3.97,4.63,низкий,False
40.0,71.25,2002.4,3.8,3.83,3.81,3.79,3.7,3.73,3.98,4.25,3.93,3.8,3.46,3.5,3.79,4.2,низкий,False
40.0,71.875,2320.7,3.18,3.19,3.2,3.21,3.11,3.21,3.46,3.56,3.19,3.08,2.83,2.9,3.18,3.51,низкий,False
40.0,72.5,2938.8,2.92,2.81,2.91,2.96,2.98,3.05,3.25,3.26,2.94,2.84,2.61,2.61,2.83,3.22,низкий,False
40.0,73.125,3005.1,2.94,2.96,3.01,3.05,2.99,3.0,3.11,3.14,2.91,2.85,2.67,2.67,2.94,3.25,низкий,False
40.0,73.75,3246.4,3.02,2.88,2.95,3.07,3.2,3.16,3.17,3.22,3.03,3.06,2.86,2.76,2.89,3.33,низкий,False
40.0,74.375,3338.0,3.59,3.17,3.45,3.73,4.23,4.1,3.9,3.74,3.21,3.42,3.47,3.44,3.25,3.96,низкий,False
40.0,75.0,3306.8,4.16,3.83,4.05,4.21,4.97,4.95,4.6,4.15,3.42,3.73,3.96,4.09,4.01,4.59,низкий,False
40.0,75.625,2667.0,4.53,3.97,4.18,4.46,5.47,5.54,5.11,4.65,3.97,4.17,4.34,4.35,4.17,5.0,низкий,False
40.0,76.25,2024.6,4.69,3.73,4.08,4.59,5.7,5.84,5.47,5.09,4.54,4.52,4.44,4.29,3.94,5.18,низкий,False
40.0,76.875,1640.9,4.21,2.74,3.33,4.15,5.37,5.51,5.12,4.88,4.56,4.48,4.12,3.41,2.88,4.65,низкий,False
40.0,77.5,1679.3,3.83,2.52,3.04,3.96,4.97,4.98,4.55,4.34,4.07,4.09,3.82,3.04,2.56,4.23,низкий,False
40.0,78.125,1469.0,3.53,2.29,2.84,3.8,4.6,4.55,4.11,3.95,3.68,3.74,3.55,2.89,2.37,3.9,низкий,False
40.0,78.75,1285.0,3.49,2.53,2.99,3.73,4.41,4.34,3.93,3.77,3.54,3.62,3.44,2.98,2.58,3.85,низкий,False
40.0,79.375,1092.8,3.95,3.29,3.61,4.12,4.84,4.79,4.32,4.02,3.82,3.89,3.83,3.56,3.32,4.36,низкий,False
40.0,80.0,1066.9,4.18,3.77,3.93,4.29,5.05,5.03,4.45,4.08,3.88,3.96,4.04,3.88,3.77,4.62,низкий,False
40.0,80.625,1057.1,4.24,3.65,3.9,4.43,5.23,5.2,4.53,4.18,3.97,4.08,4.15,3.88,3.63,4.68,низкий,False
40.0,81.25,1051.8,4.29,3.34,3.76,4.59,5.46,5.43,4.7,4.36,4.19,4.26,4.24,3.78,3.33,4.74,низкий,False
40.0,81.875,1039.7,4.31,3.17,3.66,4.66,5.58,5.56,4.77,4.44,4.32,4.36,4.27,3.69,3.17,4.76,низкий,False
40.0,82.5,1019.3,4.32,3.08,3.63,4.7,5.63,5.6,4.83,4.47,4.44,4.45,4.27,3.62,3.1,4.77,низкий,False
40.0,83.125,1001.9,4.32,3.0,3.62,4.71,5.67,5.57,4.88,4.49,4.52,4.5,4.26,3.57,3.04,4.77,низкий,False
40.0,83.75,989.9,4.37,3.0,3.67,4.79,5.72,5.59,4.93,4.59,4.63,4.57,4.29,3.58,3.04,4.83,низкий,False
40.0,84.375,979.1,4.41,3.02,3.72,4.86,5.74,5.64,4.96,4.64,4.72,4.62,4.31,3.62,3.1,4.87,низкий,False
40.0,85.0,965.0,4.48,3.04,3.78,4.92,5.8,5.75,5.03,4.74,4.83,4.69,4.34,3.66,3.13,4.95,низкий,False
40.0,85.625,951.3,4.63,3.17,3.92,5.05,5.95,5.93,5.2,4.94,5.07,4.85,4.42,3.75,3.24,5.11,низкий,False
40.0,86.25,932.5,4.83,3.41,4.11,5.23,6.16,6.14,5.43,5.16,5.32,5.08,4.54,3.9,3.45,5.33,низкий,False
40.0,86.875,901.4,5.16,3.91,4.51,5.54,6.46,6.44,5.71,5.43,5.63,5.4,4.77,4.21,3.91,5.7,умеренный,False
40.0,87.5,866.4,5.4,3.97,4.73,5.86,6.78,6.71,6.02,5.68,5.94,5.7,5.05,4.41,3.98,5.96,умеренный,False
40.5,46.25,1313.3,3.85,4.15,4.15,4.04,3.57,3.4,3.89,4.44,4.43,3.65,3.25,3.49,3.77,4.25,низкий,False
40.5,46.875,407.4,4.91,4.45,4.76,4.92,4.86,4.65,5.29,5.91,5.98,5.28,4.5,4.25,4.09,5.42,низкий,False
40.5,47.5,64.7,4.26,3.72,4.16,4.4,4.32,4.16,4.55,4.94,5.03,4.55,4.06,3.69,3.49,4.7,низкий,False
40.5,48.125,211.5,3.53,3.25,3.54,3.57,3.48,3.51,3.77,3.87,4.09,3.76,3.39,3.14,3.05,3.9,низкий,False
40.5,48.75,504.9,4.05,3.96,4.13,4.02,3.65,3.65,4.11,4.61,4.64,4.22,3.81,3.86,3.88,4.47,низкий,False
40.5,49.375,242.6,5.83,6.06,6.18,6.17,5.49,4.96,5.8,6.25,5.74,5.64,5.61,5.96,6.12,6.44,умеренный,False
40.5,50.0,-10.2,6.64,7.08,7.18,7.23,6.48,5.54,6.26,6.53,5.91,6.37,6.68,7.13,7.34,7.33,хороший,False
40.5,50.625,-28.9,6.56,7.28,7.24,7.23,6.39,5.3,5.92,6.16,5.69,6.25,6.55,7.2,7.53,7.24,хороший,False
40.5,51.25,-29.0,6.38,7.16,7.09,6.93,6.13,5.05,5.74,5.92,5.65,6.14,6.39,7.05,7.39,7.04,хороший,False
40.5,51.875,-29.0,6.36,7.04,6.95,6.68,6.01,5.16,5.96,6.14,5.86,6.13,6.23,6.92,7.28,7.02,хороший,False
40.5,52.5,-28.8,6.45,6.78,6.71,6.55,6.14,5.63,6.51,6.52,6.24,6.44,6.21,6.67,7.01,7.12,хороший,False
40.5,53.125,23.9,6.17,6.46,6.51,6.32,5.86,5.24,5.87,5.76,5.93,6.55,6.32,6.54,6.77,6.81,хороший,False
40.5,53.75,91.2,6.3,6.42,6.6,6.43,6.07,5.46,6.03,5.8,6.1,6.74,6.51,6.65,6.83,6.96,хороший,False
40.5,54.375,120.7,6.47,6.61,6.84,6.58,6.3,5.66,6.1,5.77,6.16,6.86,6.73,6.91,7.13,7.14,хороший,False
40.5,55.0,162.8,6.6,6.68,6.99,6.72,6.57,5.96,6.2,5.86,6.24,6.98,6.87,7.02,7.16,7.29,хороший,False
40.5,55.625,221.0,6.46,6.32,6.73,6.61,6.58,6.04,6.25,5.94,6.26,6.84,6.64,6.64,6.68,7.13,хороший,False
40.5,56.25,136.9,6.24,6.09,6.52,6.44,6.48,5.92,6.08,5.78,6.06,6.53,6.35,6.33,6.37,6.89,хороший,False
40.5,56.875,90.2,6.16,6.0,6.46,6.39,6.43,5.88,6.02,5.74,6.04,6.41,6.24,6.2,6.21,6.8,хороший,False
40.5,57.5,78.7,6.19,6.07,6.52,6.47,6.45,5.91,6.0,5.77,6.03,6.35,6.24,6.21,6.24,6.83,хороший,False
40.5,58.125,106.3,6.24,6.13,6.59,6.57,6.5,6.0,6.05,5.9,6.08,6.29,6.23,6.23,6.31,6.89,хороший,False
40.5,58.75,117.4,6.15,6.03,6.49,6.49,6.4,5.96,6.03,5.96,6.06,6.15,6.08,6.06,6.18,6.79,хороший,False
40.5,59.375,134.6,6.07,5.9,6.39,6.39,6.29,5.91,6.03,6.03,6.07,6.02,5.91,5.88,6.02,6.7,хороший,False
40.5,60.0,139.4,5.99,5.75,6.27,6.3,6.19,5.88,6.07,6.13,6.13,5.93,5.75,5.7,5.85,6.61,хороший,False
40.5,60.625,142.2,5.94,5.63,6.16,6.21,6.1,5.8,6.12,6.29,6.24,5.89,5.61,5.55,5.71,6.56,хороший,False
40.5,61.25,153.0,5.96,5.58,6.11,6.17,6.07,5.79,6.24,6.55,6.43,5.93,5.53,5.48,5.65,6.58,хороший,False
40.5,61.875,157.4,5.96,5.51,6.02,6.08,5.99,5.8,6.35,6.78,6.59,5.99,5.43,5.39,5.57,6.58,хороший,False
40.5,62.5,167.7,6.01,5.5,5.99,6.04,5.97,5.88,6.49,7.04,6.77,6.12,5.41,5.38,5.58,6.64,хороший,False
40.5,63.125,187.7,6.18,5.56,6.1,6.11,6.06,6.01,6.71,7.34,7.03,6.39,5.58,5.53,5.75,6.82,хороший,False
40.5,63.75,257.6,6.33,5.57,6.18,6.14,6.16,6.15,6.91,7.61,7.25,6.65,5.74,5.69,5.89,6.99,хороший,False
40.5,64.375,219.2,6.19,5.39,6.0,5.95,5.97,6.05,6.87,7.6,7.15,6.52,5.55,5.48,5.69,6.83,хороший,False
40.5,65.0,300.0,6.23,5.64,6.08,5.99,5.89,5.97,6.88,7.65,7.11,6.49,5.63,5.58,5.8,6.88,хороший,False
40.5,65.625,595.7,5.99,5.59,5.98,5.78,5.62,5.62,6.54,7.35,6.74,6.08,5.42,5.45,5.67,6.61,хороший,False
40.5,66.25,788.2,5.33,5.13,5.49,5.2,5.02,4.98,5.81,6.59,5.93,5.14,4.71,4.89,5.14,5.89,умеренный,False
40.5,66.875,656.7,4.7,4.43,4.72,4.59,4.45,4.52,5.25,5.93,5.4,4.52,4.07,4.16,4.38,5.19,низкий,False
40.5,67.5,425.1,4.28,3.53,3.99,4.14,4.18,4.37,4.93,5.5,5.14,4.5,3.91,3.65,3.48,4.73,низкий,False
40.5,68.125,294.6,4.19,3.36,3.94,4.05,4.2,4.35,4.77,5.21,4.91,4.52,3.99,3.61,3.35,4.63,низкий,True
40.5,68.75,291.9,4.26,3.74,4.13,4.13,4.23,4.31,4.7,4.96,4.76,4.49,4.03,3.8,3.8,4.7,низкий,True
40.5,69.375,570.9,4.1,4.05,4.29,4.19,4.18,4.02,4.42,4.55,4.17,3.78,3.73,3.73,4.1,4.53,низкий,False
40.5,70.0,989.0,5.44,5.59,5.86,5.68,5.63,4.92,5.17,5.72,5.32,5.23,5.1,5.37,5.7,6.01,умеренный,False
40.5,70.625,649.3,5.53,5.43,5.74,5.82,5.83,5.19,5.34,6.04,5.62,5.46,5.1,5.31,5.44,6.11,умеренный,False
40.5,71.25,599.1,4.58,4.16,4.51,4.63,4.78,4.54,4.84,5.59,5.03,4.66,4.08,4.06,4.11,5.06,низкий,False
40.5,71.875,718.7,3.48,2.55,3.03,3.31,3.6,3.85,4.34,4.9,4.34,3.81,2.91,2.61,2.5,3.84,низкий,False
40.5,72.5,1141.9,3.15,2.5,2.74,3.07,3.24,3.55,3.93,4.08,3.6,3.32,2.8,2.51,2.42,3.48,низкий,False
40.5,73.125,1685.4,2.96,2.53,2.62,2.87,3.08,3.3,3.46,3.48,3.21,3.08,2.81,2.5,2.55,3.27,низкий,False
40.5,73.75,2443.2,2.75,2.43,2.49,2.61,2.85,2.97,3.05,3.12,2.97,2.96,2.66,2.38,2.53,3.04,низкий,False
40.5,74.375,3201.7,3.06,2.66,2.84,3.17,3.43,3.34,3.21,3.27,2.97,3.15,3.01,2.85,2.76,3.38,низкий,False
40.5,75.0,3564.3,4.38,4.14,4.43,4.79,5.1,4.79,4.25,4.14,3.67,4.14,4.37,4.47,4.32,4.84,низкий,False
40.5,75.625,3594.8,5.23,5.01,5.24,5.53,6.19,5.99,5.33,4.89,4.32,4.76,5.08,5.29,5.19,5.77,умеренный,False
40.5,76.25,3665.9,6.05,6.15,6.24,6.23,6.91,6.76,6.15,5.58,4.86,5.25,5.79,6.35,6.36,6.68,хороший,False
40.5,76.875,3128.2,5.7,5.84,5.83,5.64,6.43,6.32,5.86,5.41,4.73,4.97,5.45,5.96,6.03,6.29,умеренный,False
40.5,77.5,2486.8,5.0,4.52,4.72,5.01,5.8,5.63,5.21,5.08,4.62,4.78,4.95,4.88,4.75,5.52,умеренный,False
40.5,78.125,2347.7,4.18,3.11,3.6,4.4,4.99,4.87,4.47,4.56,4.36,4.46,4.29,3.76,3.24,4.62,низкий,False
40.5,78.75,1757.8,3.66,2.29,2.83,3.84,4.6,4.57,4.22,4.24,4.09,4.14,3.8,2.9,2.33,4.04,низкий,False
40.5,79.375,1239.3,4.16,2.89,3.36,4.35,5.15,5.09,4.76,4.57,4.43,4.52,4.29,3.5,2.99,4.59,низкий,False
40.5,80.0,1081.5,4.21,3.32,3.68,4.36,5.1,5.1,4.68,4.38,4.24,4.31,4.18,3.79,3.37,4.65,низкий,False
40.5,80.625,1034.7,4.09,3.21,3.64,4.25,5.05,5.12,4.56,4.23,3.99,4.1,4.02,3.7,3.21,4.52,низкий,False
40.5,81.25,1017.3,4.32,3.46,3.81,4.45,5.37,5.46,4.82,4.46,4.22,4.29,4.2,3.88,3.45,4.77,низкий,False
40.5,81.875,1001.4,4.39,3.52,3.79,4.51,5.51,5.64,4.92,4.52,4.32,4.35,4.24,3.88,3.51,4.85,низкий,False
40.5,82.5,982.7,4.31,3.27,3.63,4.45,5.48,5.61,4.88,4.46,4.3,4.34,4.19,3.74,3.3,4.76,низкий,False
40.5,83.125,963.4,4.27,3.27,3.66,4.46,5.44,5.47,4.81,4.37,4.23,4.32,4.16,3.76,3.32,4.71,низкий,False
40.5,83.75,946.4,4.29,3.29,3.71,4.51,5.44,5.43,4.81,4.37,4.24,4.33,4.16,3.78,3.35,4.74,низкий,False
40.5,84.375,933.2,4.29,3.18,3.71,4.56,5.45,5.45,4.84,4.42,4.29,4.37,4.15,3.77,3.26,4.74,низкий,False
40.5,85.0,924.2,4.34,3.16,3.77,4.63,5.49,5.5,4.9,4.48,4.39,4.43,4.21,3.81,3.25,4.79,низкий,False
40.5,85.625,918.1,4.42,3.18,3.84,4.75,5.6,5.64,4.97,4.59,4.54,4.51,4.3,3.87,3.27,4.88,низкий,False
40.5,86.25,908.0,4.54,3.27,3.91,4.9,5.77,5.8,5.13,4.72,4.71,4.65,4.35,3.89,3.34,5.01,низкий,False
40.5,86.875,888.5,4.74,3.45,4.08,5.14,6.05,6.04,5.39,4.93,4.98,4.91,4.45,3.94,3.49,5.23,низкий,False
40.5,87.5,860.9,5.11,3.79,4.51,5.59,6.48,6.37,5.75,5.28,5.39,5.31,4.78,4.26,3.78,5.64,умеренный,False
41.0,46.25,334.3,4.41,4.06,4.4,4.66,4.46,4.2,4.65,5.0,5.2,4.62,4.04,3.82,3.78,4.87,низкий,False
41.0,46.875,312.6,4.41,3.96,4.3,4.5,4.45,4.24,4.63,5.0,5.29,4.65,4.13,3.95,3.76,4.87,низкий,False
41.0,47.5,878.6,3.09,2.84,3.11,3.26,3.13,3.19,3.35,3.42,3.52,3.06,2.77,2.69,2.7,3.41,низкий,False
41.0,48.125,1555.6,3.16,3.28,3.51,3.67,3.31,3.19,3.03,2.9,2.88,2.85,3.03,3.05,3.19,3.49,низкий,False
41.0,48.75,1187.6,4.47,4.68,4.87,5.06,4.57,4.06,4.06,4.12,4.13,4.16,4.53,4.6,4.82,4.94,низкий,False
41.0,49.375,58.1,6.76,6.99,7.21,7.4,6.93,6.04,6.34,6.05,5.91,6.61,7.17,7.13,7.35,7.46,хороший,False
41.0,50.0,-27.7,7.11,7.63,7.81,7.8,7.16,6.13,6.46,6.29,5.88,6.84,7.48,7.85,8.07,7.85,отличный,False
41.0,50.625,-29.0,6.79,7.68,7.6,7.49,6.74,5.57,5.97,5.92,5.5,6.42,7.01,7.67,8.01,7.5,отличный,False
41.0,51.25,-29.0,6.64,7.57,7.46,7.19,6.42,5.29,5.86,5.89,5.6,6.33,6.79,7.54,7.86,7.33,хороший,False
41.0,51.875,-29.0,6.6,7.42,7.3,6.91,6.26,5.33,6.06,6.14,5.83,6.33,6.6,7.36,7.72,7.29,хороший,False
41.0,52.5,-28.6,6.74,7.17,7.12,6.82,6.45,5.9,6.68,6.62,6.28,6.67,6.6,7.14,7.49,7.44,хороший,False
41.0,53.125,-26.6,6.46,6.79,6.9,6.61,6.23,5.54,6.08,5.89,6.02,6.74,6.64,6.93,7.2,7.13,хороший,False
41.0,53.75,-24.7,6.56,6.67,6.94,6.69,6.47,5.83,6.22,5.94,6.18,6.92,6.76,6.95,7.16,7.24,хороший,False
41.0,54.375,-18.6,6.79,6.87,7.21,6.9,6.73,6.13,6.4,6.05,6.44,7.18,7.05,7.23,7.39,7.5,отличный,False
41.0,55.0,183.2,6.87,6.93,7.33,7.06,6.91,6.3,6.38,6.01,6.44,7.19,7.14,7.31,7.45,7.59,отличный,False
41.0,55.625,168.9,6.36,6.23,6.69,6.66,6.66,6.09,6.1,5.72,6.02,6.57,6.5,6.5,6.57,7.02,хороший,True
41.0,56.25,84.6,6.18,5.99,6.49,6.46,6.52,5.98,5.99,5.66,5.94,6.38,6.31,6.23,6.26,6.82,хороший,False
41.0,56.875,94.5,6.12,5.91,6.44,6.45,6.48,5.95,5.98,5.67,5.96,6.28,6.19,6.1,6.13,6.76,хороший,False
41.0,57.5,63.0,6.07,5.9,6.4,6.45,6.43,5.92,5.93,5.67,5.92,6.14,6.07,6.02,6.06,6.7,хороший,False
41.0,58.125,74.3,6.12,5.97,6.46,6.53,6.44,5.98,5.97,5.79,5.97,6.09,6.04,6.04,6.13,6.76,хороший,False
41.0,58.75,97.5,6.08,5.95,6.44,6.5,6.39,5.95,5.97,5.88,5.97,5.98,5.94,5.94,6.08,6.71,хороший,False
41.0,59.375,111.4,5.98,5.82,6.33,6.39,6.28,5.88,5.94,5.91,5.96,5.85,5.76,5.75,5.92,6.6,хороший,False
41.0,60.0,113.1,5.91,5.68,6.21,6.3,6.2,5.85,5.97,5.98,6.01,5.79,5.62,5.59,5.76,6.53,хороший,False
41.0,60.625,113.0,5.92,5.6,6.16,6.28,6.2,5.88,6.08,6.18,6.17,5.83,5.56,5.52,5.67,6.54,хороший,False
41.0,61.25,126.8,5.99,5.58,6.14,6.27,6.18,5.9,6.24,6.46,6.39,5.95,5.56,5.5,5.66,6.61,хороший,False
41.0,61.875,144.1,6.01,5.54,6.06,6.2,6.11,5.89,6.36,6.7,6.59,6.06,5.52,5.46,5.63,6.64,хороший,False
41.0,62.5,164.2,6.06,5.54,6.02,6.14,6.04,5.93,6.47,6.95,6.79,6.21,5.51,5.44,5.67,6.69,хороший,False
41.0,63.125,237.8,6.27,5.74,6.23,6.27,6.14,6.07,6.67,7.26,7.05,6.47,5.68,5.65,5.97,6.92,хороший,False
41.0,63.75,338.3,6.37,5.77,6.31,6.29,6.21,6.14,6.81,7.45,7.21,6.6,5.78,5.78,6.11,7.03,хороший,False
41.0,64.375,245.5,6.22,5.39,6.01,6.01,6.03,6.09,6.81,7.49,7.25,6.62,5.63,5.55,5.77,6.87,хороший,False
41.0,65.0,232.0,6.15,5.45,6.02,5.93,5.89,5.96,6.69,7.39,7.08,6.45,5.55,5.55,5.83,6.79,хороший,False
41.0,65.625,277.4,5.91,5.57,5.98,5.82,5.69,5.64,6.33,6.98,6.53,5.82,5.28,5.44,5.81,6.53,хороший,False
41.0,66.25,263.5,5.46,5.38,5.68,5.51,5.31,5.21,5.8,6.36,5.82,5.05,4.83,5.06,5.52,6.03,умеренный,False
41.0,66.875,315.0,5.01,4.41,4.84,4.84,4.85,4.99,5.69,6.3,5.87,5.07,4.46,4.32,4.49,5.53,умеренный,True
41.0,67.5,282.3,4.8,3.74,4.34,4.5,4.65,4.94,5.67,6.37,5.97,5.28,4.4,3.99,3.76,5.3,низкий,True
41.0,68.125,261.9,4.65,3.69,4.31,4.41,4.51,4.73,5.41,6.08,5.62,5.06,4.3,3.94,3.69,5.13,низкий,True
41.0,68.75,295.8,4.22,3.43,4.01,4.18,4.24,4.38,4.93,5.32,4.82,4.37,3.96,3.55,3.4,4.66,низкий,True
41.0,69.375,554.9,4.09,3.54,3.85,4.12,4.13,4.33,4.7,4.69,4.5,4.25,3.94,3.52,3.52,4.52,низкий,False
41.0,70.0,1388.0,3.59,2.93,3.29,3.47,3.7,3.78,4.2,4.44,4.1,3.77,3.37,2.99,3.03,3.96,низкий,False
41.0,70.625,1596.0,3.98,3.16,3.46,3.77,4.07,4.14,4.45,4.83,4.65,4.55,3.92,3.41,3.35,4.39,низкий,False
41.0,71.25,889.7,4.13,3.66,3.79,3.99,4.21,4.28,4.56,4.68,4.51,4.48,4.07,3.67,3.7,4.56,низкий,False
41.0,71.875,592.4,4.19,4.51,4.4,4.2,4.23,4.14,4.2,4.22,3.89,3.88,3.98,4.12,4.52,4.63,низкий,False
41.0,72.5,933.0,3.89,4.24,3.98,3.73,3.83,3.85,3.98,4.1,3.82,3.74,3.59,3.67,4.22,4.3,низкий,False
41.0,73.125,1355.2,3.54,3.47,3.34,3.36,3.54,3.64,3.77,3.9,3.65,3.6,3.38,3.22,3.54,3.91,низкий,False
41.0,73.75,2176.3,3.17,2.82,2.87,3.03,3.23,3.31,3.46,3.66,3.4,3.43,3.1,2.86,2.92,3.5,низкий,False
41.0,74.375,2757.1,3.52,3.24,3.38,3.6,3.67,3.58,3.57,3.7,3.36,3.71,3.57,3.47,3.35,3.89,низкий,False
41.0,75.0,2920.5,4.17,4.06,4.24,4.51,4.47,4.26,4.01,4.06,3.71,4.24,4.17,4.18,4.16,4.6,низкий,False
41.0,75.625,3116.1,4.57,4.53,4.8,5.15,5.0,4.66,4.15,4.18,3.99,4.58,4.55,4.6,4.66,5.05,низкий,False
41.0,76.25,3324.0,4.57,4.27,4.63,5.16,5.25,4.93,4.3,4.27,4.02,4.54,4.56,4.55,4.39,5.05,низкий,False
41.0,76.875,3542.1,4.13,3.76,4.0,4.39,4.91,4.69,4.19,4.04,3.59,3.88,4.06,4.15,3.91,4.56,низкий,False
41.0,77.5,3700.2,4.32,4.18,4.36,4.55,4.92,4.64,4.22,4.14,3.72,3.93,4.27,4.58,4.36,4.77,низкий,False
41.0,78.125,3209.2,3.5,3.22,3.44,3.71,4.05,3.8,3.45,3.41,3.2,3.35,3.45,3.55,3.42,3.86,низкий,False
41.0,78.75,2519.9,3.11,2.3,2.64,3.2,3.77,3.74,3.45,3.45,3.44,3.35,3.04,2.6,2.35,3.43,низкий,False
41.0,79.375,1933.7,3.31,2.28,2.61,3.27,4.04,4.17,3.98,3.89,3.89,3.63,3.21,2.51,2.26,3.65,низкий,False
41.0,80.0,1295.9,3.74,3.61,3.41,3.58,4.19,4.36,4.13,3.98,3.89,3.64,3.31,3.16,3.55,4.13,низкий,False
41.0,80.625,1096.9,4.0,3.67,3.71,4.03,4.61,4.73,4.38,4.12,3.93,3.9,3.71,3.55,3.66,4.42,низкий,False
41.0,81.25,1043.5,3.96,2.82,3.28,4.0,4.9,5.18,4.78,4.43,4.19,4.07,3.75,3.22,2.85,4.37,низкий,False
41.0,81.875,999.9,4.09,2.91,3.31,4.05,5.11,5.49,4.97,4.55,4.33,4.17,3.84,3.32,2.95,4.52,низкий,False
41.0,82.5,976.1,4.2,3.17,3.51,4.21,5.22,5.52,4.94,4.5,4.32,4.24,3.98,3.56,3.23,4.64,низкий,False
41.0,83.125,961.0,4.21,3.21,3.6,4.3,5.2,5.39,4.85,4.43,4.24,4.27,4.03,3.69,3.27,4.65,низкий,False
41.0,83.75,943.7,4.35,3.49,3.85,4.46,5.27,5.41,4.89,4.5,4.31,4.39,4.19,3.96,3.54,4.8,низкий,False
41.0,84.375,928.7,4.4,3.62,3.97,4.54,5.28,5.38,4.83,4.44,4.26,4.4,4.29,4.12,3.67,4.86,низкий,False
41.0,85.0,914.7,4.37,3.57,3.99,4.58,5.26,5.29,4.77,4.35,4.17,4.37,4.34,4.16,3.63,4.83,низкий,False
41.0,85.625,903.0,4.33,3.29,3.86,4.61,5.32,5.36,4.8,4.39,4.24,4.37,4.33,4.0,3.37,4.78,низкий,False
41.0,86.25,891.5,4.26,2.99,3.64,4.58,5.41,5.49,4.91,4.49,4.37,4.38,4.17,3.66,3.06,4.7,низкий,False
41.0,86.875,902.1,4.52,3.15,3.82,4.88,5.84,5.9,5.31,4.86,4.8,4.72,4.23,3.65,3.11,4.99,низкий,False
41.0,87.5,1038.9,5.27,3.81,4.65,5.75,6.7,6.63,5.97,5.51,5.59,5.44,4.93,4.46,3.82,5.82,умеренный,False
41.5,46.25,542.5,3.01,2.57,2.94,3.23,3.13,2.99,3.27,3.4,3.53,3.16,2.84,2.63,2.44,3.32,низкий,False
41.5,46.875,1169.9,2.45,2.21,2.36,2.56,2.47,2.51,2.71,2.75,2.74,2.46,2.29,2.14,2.15,2.71,низкий,False
41.5,47.5,2281.9,2.79,2.92,3.11,3.5,3.2,2.91,2.52,2.23,2.2,2.52,2.79,2.71,2.87,3.08,низкий,False
41.5,48.125,1338.3,2.81,2.87,3.05,3.22,2.95,2.71,2.66,2.71,2.74,2.69,2.7,2.65,2.78,3.1,низкий,False
41.5,48.75,149.2,5.27,5.25,5.34,5.36,5.15,4.85,5.14,5.12,5.17,5.76,5.54,5.31,5.23,5.82,умеренный,False
41.5,49.375,-22.9,7.26,7.55,7.8,7.72,7.28,6.45,6.6,6.25,6.23,7.39,7.91,7.89,8.08,8.02,отличный,False
41.5,50.0,-29.0,7.47,8.15,8.26,8.23,7.66,6.55,6.59,6.1,5.87,7.19,8.05,8.41,8.7,8.25,отличный,False
41.5,50.625,-29.0,7.02,7.89,7.87,7.64,6.99,5.79,6.1,5.88,5.62,6.75,7.43,8.04,8.3,7.75,отличный,False
41.5,51.25,-29.0,6.79,7.75,7.67,7.27,6.63,5.47,5.94,5.83,5.55,6.47,7.07,7.83,8.13,7.5,отличный,False
41.5,51.875,-29.0,6.85,7.74,7.67,7.12,6.54,5.56,6.18,6.16,5.89,6.56,6.99,7.76,8.13,7.56,отличный,False
41.5,52.5,-22.3,6.92,7.44,7.47,7.06,6.68,5.96,6.6,6.45,6.22,6.86,6.97,7.49,7.86,7.64,отличный,True
41.5,53.125,-29.6,6.7,6.96,7.18,6.94,6.65,5.89,6.3,6.04,6.15,6.9,6.89,7.13,7.38,7.4,хороший,False
41.5,53.75,11.1,6.77,6.91,7.23,7.0,6.76,6.07,6.31,6.02,6.3,7.07,7.01,7.2,7.38,7.48,хороший,False
41.5,54.375,164.7,6.98,7.04,7.46,7.25,7.03,6.36,6.5,6.14,6.53,7.33,7.25,7.41,7.54,7.71,отличный,False
41.5,55.0,252.9,6.9,6.93,7.37,7.27,7.12,6.46,6.43,6.01,6.35,7.09,7.13,7.26,7.39,7.62,отличный,True
41.5,55.625,194.7,6.42,6.28,6.78,6.84,6.84,6.22,6.16,5.69,5.98,6.54,6.59,6.56,6.61,7.09,хороший,True
41.5,56.25,136.8,6.29,6.07,6.62,6.69,6.7,6.15,6.08,5.68,5.98,6.4,6.41,6.32,6.33,6.95,хороший,True
41.5,56.875,103.9,6.17,5.9,6.48,6.59,6.63,6.14,6.07,5.71,5.94,6.22,6.2,6.1,6.12,6.81,хороший,False
41.5,57.5,32.8,6.08,5.82,6.39,6.52,6.52,6.06,5.99,5.69,5.91,6.09,6.05,5.98,6.0,6.71,хороший,False
41.5,58.125,57.6,6.12,5.93,6.47,6.57,6.49,6.06,6.0,5.8,5.99,6.06,6.0,5.99,6.09,6.76,хороший,False
41.5,58.75,71.1,6.06,5.89,6.42,6.54,6.43,6.02,5.98,5.86,6.0,5.94,5.85,5.86,6.01,6.69,хороший,False
41.5,59.375,86.8,5.99,5.78,6.32,6.48,6.36,5.96,5.96,5.89,5.99,5.84,5.72,5.71,5.87,6.61,хороший,False
41.5,60.0,92.9,5.97,5.69,6.26,6.44,6.37,5.99,6.03,5.99,6.05,5.85,5.65,5.61,5.77,6.59,хороший,False
41.5,60.625,100.9,6.0,5.6,6.22,6.43,6.38,6.06,6.16,6.15,6.2,5.91,5.61,5.55,5.69,6.63,хороший,False
41.5,61.25,107.8,6.04,5.59,6.18,6.4,6.33,6.07,6.29,6.4,6.39,6.01,5.61,5.52,5.7,6.67,хороший,False
41.5,61.875,129.2,6.05,5.58,6.11,6.33,6.24,6.02,6.34,6.58,6.54,6.09,5.59,5.49,5.72,6.68,хороший,False
41.5,62.5,146.1,6.04,5.52,6.01,6.21,6.11,5.98,6.36,6.75,6.7,6.19,5.55,5.44,5.7,6.67,хороший,False
41.5,63.125,186.5,6.06,5.57,6.04,6.2,6.06,5.95,6.37,6.83,6.73,6.18,5.52,5.47,5.8,6.69,хороший,False
41.5,63.75,262.1,6.22,5.85,6.28,6.34,6.14,6.03,6.45,6.92,6.82,6.26,5.66,5.72,6.16,6.87,хороший,False
41.5,64.375,381.8,6.29,5.66,6.17,6.23,6.15,6.14,6.69,7.25,7.19,6.56,5.74,5.7,6.02,6.95,хороший,False
41.5,65.0,253.0,6.13,5.3,5.86,5.93,5.92,6.05,6.68,7.32,7.25,6.56,5.56,5.45,5.66,6.77,хороший,False
41.5,65.625,242.0,5.99,5.24,5.74,5.74,5.76,5.92,6.56,7.22,7.09,6.33,5.39,5.32,5.56,6.61,хороший,False
41.5,66.25,244.5,5.84,5.05,5.52,5.52,5.61,5.84,6.52,7.2,6.98,6.17,5.24,5.12,5.3,6.45,умеренный,False
41.5,66.875,269.9,5.65,4.78,5.26,5.31,5.41,5.75,6.44,7.13,6.84,6.02,5.06,4.86,4.96,6.24,умеренный,True
41.5,67.5,269.1,5.33,4.32,4.87,5.01,5.1,5.46,6.2,6.91,6.56,5.79,4.82,4.52,4.43,5.89,умеренный,True
41.5,68.125,269.7,4.98,4.08,4.64,4.72,4.75,5.05,5.8,6.53,6.03,5.32,4.47,4.25,4.15,5.5,умеренный,True
41.5,68.75,373.9,4.62,3.81,4.35,4.48,4.5,4.7,5.38,5.95,5.35,4.82,4.28,3.99,3.86,5.1,низкий,True
41.5,69.375,668.7,3.96,3.37,3.67,3.92,3.92,4.17,4.59,4.84,4.57,4.15,3.69,3.36,3.31,4.37,низкий,True
41.5,70.0,1690.3,2.77,2.38,2.52,2.57,2.67,2.86,3.19,3.41,3.28,2.93,2.6,2.33,2.43,3.06,низкий,True
41.5,70.625,2542.0,2.44,2.01,2.18,2.26,2.49,2.57,2.75,2.83,2.65,2.67,2.5,2.21,2.16,2.69,низкий,False
41.5,71.25,2211.3,3.11,2.97,2.89,2.94,3.03,3.14,3.28,3.41,3.34,3.36,3.01,2.83,3.09,3.43,низкий,False
41.5,71.875,1417.8,3.32,3.22,3.09,3.07,3.14,3.29,3.56,3.75,3.75,3.57,3.14,3.07,3.23,3.67,низкий,False
41.5,72.5,1690.9,3.03,3.23,3.0,2.9,2.89,2.9,3.06,3.19,3.12,3.1,2.92,2.81,3.23,3.35,низкий,False
41.5,73.125,1930.1,2.98,3.1,2.91,2.87,2.87,2.84,2.99,3.2,3.1,3.13,2.91,2.74,3.13,3.29,низкий,False
41.5,73.75,2350.4,2.86,2.52,2.56,2.73,2.92,2.88,3.0,3.23,3.07,3.19,2.89,2.62,2.66,3.16,низкий,False
41.5,74.375,2409.6,2.78,2.1,2.38,2.76,3.02,2.98,3.05,3.17,2.93,3.16,2.9,2.58,2.29,3.07,низкий,False
41.5,75.0,2556.5,3.31,2.68,3.04,3.42,3.73,3.59,3.53,3.56,3.26,3.59,3.39,3.12,2.82,3.65,низкий,False
41.5,75.625,2590.2,3.48,3.16,3.46,3.79,3.89,3.64,3.43,3.39,3.2,3.59,3.52,3.43,3.28,3.84,низкий,False
41.5,76.25,2987.4,3.62,3.58,3.73,3.96,3.94,3.65,3.33,3.33,3.26,3.62,3.61,3.68,3.73,4.0,низкий,False
41.5,76.875,3514.4,3.89,3.82,4.03,4.28,4.3,3.93,3.54,3.55,3.42,3.8,3.93,4.09,4.02,4.3,низкий,False
41.5,77.5,3789.8,3.72,3.64,3.83,4.04,4.2,3.87,3.45,3.4,3.2,3.53,3.74,3.95,3.84,4.11,низкий,False
41.5,78.125,3764.8,3.58,3.63,3.76,3.82,4.09,3.8,3.4,3.25,2.98,3.22,3.47,3.83,3.8,3.95,низкий,False
41.5,78.75,3315.5,3.26,3.22,3.32,3.37,3.69,3.59,3.32,3.08,2.95,2.98,3.02,3.31,3.36,3.6,низкий,False
41.5,79.375,2158.6,2.99,2.06,2.42,3.01,3.52,3.65,3.57,3.44,3.49,3.23,2.88,2.41,2.1,3.3,низкий,False
41.5,80.0,1893.3,3.16,2.19,2.4,3.13,3.62,3.78,3.82,3.79,3.82,3.49,3.06,2.55,2.19,3.49,низкий,False
41.5,80.625,1767.9,3.33,2.34,2.65,3.4,3.93,4.0,3.93,3.86,3.86,3.68,3.31,2.72,2.3,3.68,низкий,False
41.5,81.25,1448.4,3.52,2.27,2.7,3.53,4.27,4.49,4.41,4.18,4.04,3.81,3.46,2.73,2.29,3.89,низкий,False
41.5,81.875,1193.5,3.82,2.36,2.77,3.63,4.7,5.17,5.07,4.73,4.53,4.09,3.56,2.74,2.43,4.22,низкий,False
41.5,82.5,1092.9,4.01,2.57,3.03,3.95,4.99,5.38,5.11,4.74,4.57,4.27,3.81,3.04,2.65,4.43,низкий,False
41.5,83.125,1054.7,4.1,3.13,3.44,4.12,4.89,5.14,4.85,4.52,4.35,4.24,3.9,3.43,3.19,4.53,низкий,False
41.5,83.75,992.7,4.46,3.35,3.75,4.43,5.29,5.54,5.24,4.92,4.77,4.73,4.32,3.75,3.41,4.92,низкий,False
41.5,84.375,944.8,4.52,3.4,3.78,4.48,5.34,5.59,5.27,4.99,4.82,4.81,4.4,3.84,3.48,4.99,низкий,False
41.5,85.0,914.9,4.29,3.35,3.67,4.37,5.09,5.21,4.88,4.62,4.48,4.51,4.18,3.75,3.42,4.74,низкий,False
41.5,85.625,911.9,4.3,3.05,3.59,4.5,5.25,5.33,4.96,4.68,4.62,4.6,4.23,3.63,3.11,4.75,низкий,False
41.5,86.25,984.5,4.31,2.83,3.54,4.65,5.52,5.56,5.06,4.71,4.67,4.6,4.24,3.52,2.85,4.76,низкий,False
41.5,86.875,1266.8,4.5,2.94,3.73,4.87,5.9,5.87,5.26,4.82,4.83,4.74,4.38,3.67,3.0,4.97,низкий,False
41.5,87.5,1493.6,5.0,3.38,4.32,5.41,6.46,6.4,5.68,5.21,5.34,5.16,4.8,4.28,3.52,5.52,умеренный,False
42.0,46.25,1782.2,1.99,1.73,1.92,2.2,2.19,2.18,2.22,2.12,2.08,2.01,1.87,1.67,1.68,2.2,низкий,False
42.0,46.875,2520.6,3.25,3.45,3.6,3.92,3.65,3.27,2.89,2.54,2.56,3.1,3.35,3.23,3.41,3.59,низкий,False
42.0,47.5,1916.6,3.63,4.13,4.33,4.53,3.85,3.45,3.12,2.94,3.06,3.21,3.45,3.57,3.93,4.01,низкий,False
42.0,48.125,376.0,4.44,4.42,4.53,4.51,4.28,4.03,4.23,4.26,4.41,4.95,4.75,4.53,4.39,4.9,низкий,False
42.0,48.75,-7.3,6.28,6.76,6.87,6.54,5.91,5.32,5.38,5.21,5.47,6.63,6.99,7.07,7.25,6.93,хороший,False
42.0,49.375,-29.0,7.18,7.72,7.86,7.67,7.07,6.15,6.24,5.74,5.91,7.31,7.98,8.14,8.42,7.93,отличный,False
42.0,50.0,-29.0,7.21,7.92,8.03,7.77,7.18,6.08,6.26,5.75,5.73,7.12,7.89,8.29,8.55,7.96,отличный,False
42.0,50.625,-29.0,7.07,7.95,7.97,7.59,7.01,5.82,6.12,5.75,5.6,6.85,7.59,8.18,8.45,7.81,отличный,False
42.0,51.25,-29.0,6.99,7.93,7.96,7.4,6.84,5.69,6.1,5.92,5.66,6.65,7.35,8.08,8.38,7.72,отличный,False
42.0,51.875,-28.4,7.03,7.89,7.91,7.3,6.8,5.77,6.29,6.18,5.97,6.72,7.25,7.98,8.37,7.76,отличный,False
42.0,52.5,12.7,6.96,7.45,7.63,7.23,6.8,5.94,6.41,6.22,6.19,6.97,7.19,7.61,7.91,7.69,отличный,True
42.0,53.125,22.1,6.75,6.74,7.12,7.04,6.8,6.19,6.56,6.26,6.38,7.02,6.94,6.99,7.06,7.45,хороший,True
42.0,53.75,51.4,6.71,6.63,7.08,7.05,6.83,6.23,6.44,6.07,6.39,7.02,6.95,6.94,6.96,7.41,хороший,True
42.0,54.375,180.0,6.99,7.1,7.54,7.43,7.17,6.45,6.44,6.0,6.39,7.19,7.26,7.38,7.54,7.72,отличный,True
42.0,55.0,192.4,6.85,6.99,7.37,7.35,7.19,6.45,6.37,5.84,6.15,6.87,7.05,7.18,7.4,7.56,отличный,True
42.0,55.625,163.7,6.45,6.38,6.84,6.96,6.93,6.29,6.19,5.65,5.91,6.48,6.6,6.58,6.68,7.12,хороший,True
42.0,56.25,108.7,6.22,6.02,6.53,6.72,6.72,6.19,6.06,5.59,5.85,6.24,6.31,6.2,6.25,6.87,хороший,True
42.0,56.875,61.0,6.21,5.94,6.49,6.69,6.72,6.25,6.13,5.73,5.97,6.2,6.22,6.11,6.16,6.86,хороший,False
42.0,57.5,31.6,6.25,5.92,6.54,6.72,6.72,6.27,6.19,5.88,6.13,6.27,6.18,6.1,6.11,6.9,хороший,False
42.0,58.125,57.3,6.19,5.95,6.54,6.7,6.63,6.2,6.1,5.87,6.08,6.11,6.01,5.99,6.1,6.83,хороший,False
42.0,58.75,65.9,6.11,5.85,6.45,6.66,6.55,6.18,6.08,5.88,6.06,6.0,5.84,5.83,5.96,6.75,хороший,False
42.0,59.375,74.1,6.07,5.77,6.37,6.63,6.53,6.17,6.09,5.93,6.07,5.95,5.76,5.71,5.85,6.7,хороший,False
42.0,60.0,97.0,6.13,5.8,6.4,6.65,6.54,6.22,6.18,6.1,6.22,6.06,5.82,5.73,5.9,6.77,хороший,False
42.0,60.625,132.1,6.15,5.74,6.35,6.61,6.53,6.24,6.25,6.24,6.36,6.14,5.81,5.69,5.87,6.79,хороший,False
42.0,61.25,96.3,6.09,5.59,6.19,6.46,6.4,6.17,6.29,6.4,6.48,6.14,5.7,5.53,5.72,6.72,хороший,False
42.0,61.875,110.6,6.1,5.59,6.13,6.41,6.33,6.13,6.32,6.55,6.6,6.18,5.67,5.5,5.75,6.74,хороший,False
42.0,62.5,123.3,6.08,5.51,6.03,6.3,6.22,6.09,6.35,6.67,6.74,6.25,5.64,5.44,5.7,6.71,хороший,False
42.0,63.125,132.8,6.12,5.49,6.02,6.27,6.19,6.1,6.39,6.79,6.87,6.37,5.67,5.48,5.73,6.76,хороший,False
42.0,63.75,154.0,6.25,5.62,6.15,6.35,6.26,6.19,6.49,6.93,7.06,6.54,5.76,5.65,5.94,6.9,хороший,False
42.0,64.375,249.2,6.32,5.81,6.25,6.37,6.26,6.22,6.55,6.99,7.14,6.55,5.79,5.75,6.16,6.98,хороший,False
42.0,65.0,277.7,6.21,5.4,5.93,6.09,6.11,6.18,6.68,7.22,7.34,6.64,5.69,5.5,5.74,6.86,хороший,False
42.0,65.625,228.7,6.1,5.16,5.72,5.87,5.95,6.14,6.69,7.29,7.39,6.62,5.56,5.34,5.51,6.74,хороший,False
42.0,66.25,215.4,5.99,5.04,5.57,5.72,5.83,6.08,6.63,7.26,7.31,6.49,5.41,5.2,5.33,6.61,хороший,True
42.0,66.875,228.2,5.86,4.81,5.38,5.55,5.71,6.01,6.6,7.24,7.24,6.38,5.27,5.02,5.04,6.47,умеренный,True
42.0,67.5,231.7,5.65,4.49,5.1,5.31,5.48,5.86,6.52,7.18,7.07,6.21,5.06,4.76,4.67,6.24,умеренный,True
42.0,68.125,236.2,5.27,4.27,4.8,4.98,5.07,5.45,6.13,6.83,6.54,5.69,4.68,4.44,4.38,5.82,умеренный,True
42.0,68.75,357.0,4.9,4.2,4.62,4.76,4.75,4.94,5.57,6.17,5.74,5.05,4.4,4.29,4.27,5.41,низкий,True
42.0,69.375,626.0,4.32,3.96,4.23,4.38,4.23,4.33,4.67,5.02,4.77,4.32,3.98,3.92,3.97,4.77,низкий,True
42.0,70.0,1471.1,3.46,3.43,3.58,3.51,3.35,3.33,3.47,3.65,3.61,3.41,3.38,3.32,3.49,3.82,низкий,True
42.0,70.625,2415.2,2.79,2.76,2.97,2.8,2.75,2.62,2.69,2.74,2.71,2.81,2.92,2.87,2.89,3.08,низкий,True
42.0,71.25,2702.0,2.88,2.96,3.22,3.04,2.98,2.65,2.66,2.61,2.47,2.71,3.03,3.16,3.1,3.18,низкий,False
42.0,71.875,2705.1,2.81,2.87,3.09,2.97,2.96,2.64,2.62,2.58,2.47,2.62,2.93,3.01,2.95,3.1,низкий,False
42.0,72.5,2379.0,2.5,2.03,2.34,2.61,2.71,2.54,2.57,2.65,2.62,2.64,2.62,2.44,2.2,2.76,низкий,False
42.0,73.125,2396.6,2.85,2.64,2.79,2.93,2.95,2.75,2.83,2.89,2.91,3.02,2.94,2.78,2.75,3.15,низкий,False
42.0,73.75,2689.6,2.94,2.59,2.84,2.91,3.11,2.86,2.93,3.01,2.97,3.21,3.15,2.94,2.76,3.25,низкий,False
42.0,74.375,2718.6,2.91,2.53,2.8,2.92,3.1,2.83,2.86,2.94,2.87,3.14,3.15,2.99,2.75,3.21,низкий,False
42.0,75.0,2825.0,3.56,3.42,3.68,3.73,3.78,3.37,3.31,3.36,3.28,3.66,3.78,3.77,3.63,3.93,низкий,False
42.0,75.625,2782.2,3.72,3.93,4.02,3.98,3.85,3.43,3.28,3.3,3.26,3.65,3.85,3.98,4.07,4.11,низкий,False
42.0,76.25,2734.7,4.22,5.08,4.95,4.57,4.15,3.63,3.4,3.37,3.34,3.9,4.34,4.77,5.22,4.66,низкий,False
42.0,76.875,2697.6,4.37,5.61,5.31,4.84,4.16,3.66,3.37,3.26,3.21,3.82,4.41,5.09,5.76,4.83,низкий,False
42.0,77.5,2945.3,4.05,4.92,4.71,4.51,4.0,3.61,3.32,3.2,3.14,3.59,3.99,4.54,5.07,4.47,низкий,False
42.0,78.125,3393.7,3.88,4.12,4.22,4.25,4.15,3.79,3.42,3.37,3.29,3.64,3.84,4.19,4.27,4.28,низкий,False
42.0,78.75,3633.9,3.01,3.0,3.14,3.26,3.47,3.21,2.78,2.65,2.49,2.8,2.99,3.24,3.14,3.32,низкий,False
42.0,79.375,3471.8,2.14,1.89,2.05,2.24,2.65,2.59,2.22,2.04,1.9,1.97,2.03,2.08,1.99,2.36,низкий,False
42.0,80.0,3709.7,2.0,1.89,1.92,2.02,2.29,2.31,2.1,2.03,1.87,1.87,1.85,1.96,1.94,2.21,низкий,False
42.0,80.625,3487.0,2.0,1.81,1.86,2.03,2.26,2.33,2.17,2.13,2.06,1.94,1.76,1.79,1.84,2.21,низкий,False
42.0,81.25,2746.0,2.47,1.78,1.94,2.29,2.95,3.25,3.14,3.03,2.91,2.52,2.1,1.85,1.81,2.73,низкий,False
42.0,81.875,2210.0,3.55,2.22,2.65,3.21,4.34,4.85,4.73,4.42,4.28,3.8,3.15,2.6,2.32,3.92,низкий,False
42.0,82.5,1704.5,3.91,2.23,2.81,3.7,4.91,5.4,5.12,4.76,4.64,4.28,3.74,2.93,2.36,4.32,низкий,False
42.0,83.125,1701.4,3.76,2.13,2.75,3.74,4.7,5.1,4.81,4.54,4.4,4.14,3.71,2.92,2.2,4.15,низкий,False
42.0,83.75,1828.1,4.24,2.56,3.3,4.18,5.2,5.53,5.21,4.95,4.86,4.72,4.22,3.42,2.66,4.68,низкий,False
42.0,84.375,1665.5,4.48,2.74,3.5,4.39,5.44,5.78,5.44,5.22,5.15,4.99,4.53,3.69,2.86,4.95,низкий,False
42.0,85.0,1722.4,3.84,2.38,2.95,3.89,4.66,4.89,4.58,4.46,4.39,4.28,3.91,3.18,2.44,4.24,низкий,False
42.0,85.625,1714.3,3.64,2.38,2.9,3.73,4.35,4.56,4.27,4.16,4.16,4.08,3.69,2.97,2.39,4.02,низкий,False
42.0,86.25,1238.9,3.72,2.37,2.88,3.86,4.65,4.79,4.49,4.26,4.28,4.12,3.63,2.87,2.41,4.11,низкий,False
42.0,86.875,1104.2,4.18,3.02,3.5,4.44,5.27,5.21,4.81,4.41,4.47,4.35,4.05,3.6,3.07,4.62,низкий,False
42.0,87.5,1186.3,5.04,3.78,4.55,5.36,6.28,6.21,5.49,5.07,5.24,5.08,4.86,4.62,3.93,5.57,умеренный,False
42.5,46.25,2066.8,2.5,2.97,3.03,3.14,2.68,2.36,2.0,1.78,1.88,2.14,2.54,2.64,2.93,2.76,низкий,False
42.5,46.875,1476.2,2.9,3.15,3.27,3.32,2.97,2.73,2.68,2.68,2.71,2.63,2.75,2.88,3.11,3.2,низкий,False
42.5,47.5,941.6,4.33,4.14,4.37,4.43,4.28,4.1,4.22,4.26,4.41,4.75,4.45,4.33,4.24,4.78,низкий,False
42.5,48.125,53.7,5.78,6.38,6.45,6.04,5.33,4.75,4.79,4.66,4.97,6.12,6.48,6.65,6.78,6.38,умеренный,False
42.5,48.75,-28.2,6.81,7.51,7.55,7.19,6.44,5.64,5.67,5.29,5.61,7.1,7.69,7.87,8.21,7.52,отличный,False
42.5,49.375,-29.0,7.04,7.73,7.84,7.46,6.82,5.91,6.04,5.46,5.67,7.14,7.83,8.14,8.48,7.77,отличный,False
42.5,50.0,-29.0,7.1,7.87,8.01,7.55,6.98,5.93,6.15,5.59,5.64,7.05,7.78,8.23,8.54,7.84,отличный,False
42.5,50.625,-29.0,7.11,7.98,8.11,7.55,7.01,5.9,6.18,5.77,5.63,6.87,7.65,8.23,8.53,7.85,отличный,False
42.5,51.25,-29.0,7.04,7.96,8.09,7.4,6.88,5.82,6.19,5.92,5.63,6.65,7.42,8.11,8.48,7.77,отличный,False
42.5,51.875,-28.4,7.03,7.86,7.97,7.32,6.84,5.87,6.3,6.08,5.86,6.7,7.3,7.96,8.4,7.76,отличный,False
42.5,52.5,21.7,7.01,7.54,7.75,7.32,6.88,6.04,6.37,6.07,6.11,6.99,7.3,7.71,8.04,7.74,отличный,True
42.5,53.125,98.5,6.83,6.9,7.3,7.2,6.93,6.26,6.46,6.06,6.3,7.03,7.12,7.16,7.26,7.54,отличный,True
42.5,53.75,84.2,6.63,6.5,6.97,7.03,6.88,6.3,6.43,5.97,6.24,6.86,6.87,6.79,6.76,7.32,хороший,True
42.5,54.375,117.9,6.73,6.72,7.18,7.21,7.03,6.39,6.37,5.85,6.15,6.9,6.99,6.97,7.05,7.43,хороший,True
42.5,55.0,163.0,6.7,6.72,7.17,7.23,7.09,6.46,6.36,5.79,6.06,6.76,6.9,6.9,7.05,7.4,хороший,True
42.5,55.625,133.4,6.43,6.31,6.78,6.97,6.94,6.37,6.25,5.71,5.91,6.47,6.54,6.46,6.55,7.1,хороший,True
42.5,56.25,100.2,6.3,6.1,6.59,6.81,6.81,6.3,6.18,5.69,5.93,6.34,6.36,6.22,6.29,6.96,хороший,True
42.5,56.875,81.0,6.35,6.08,6.63,6.85,6.83,6.38,6.26,5.87,6.14,6.4,6.35,6.19,6.25,7.01,хороший,False
42.5,57.5,131.8,6.48,6.18,6.79,7.0,6.92,6.52,6.4,6.1,6.37,6.48,6.37,6.26,6.35,7.16,хороший,False
42.5,58.125,110.5,6.24,5.98,6.59,6.85,6.73,6.35,6.2,5.9,6.13,6.09,6.0,5.95,6.09,6.89,хороший,False
42.5,58.75,71.3,6.1,5.79,6.42,6.73,6.62,6.28,6.14,5.87,6.04,5.96,5.8,5.73,5.87,6.74,хороший,False
42.5,59.375,71.1,6.1,5.76,6.38,6.75,6.63,6.32,6.15,5.92,6.06,5.95,5.76,5.67,5.83,6.74,хороший,False
42.5,60.0,87.4,6.15,5.81,6.4,6.75,6.6,6.33,6.19,6.04,6.17,6.04,5.83,5.71,5.91,6.79,хороший,False
42.5,60.625,125.3,6.19,5.85,6.4,6.7,6.58,6.29,6.22,6.17,6.32,6.14,5.87,5.74,5.99,6.83,хороший,False
42.5,61.25,91.2,6.13,5.68,6.24,6.53,6.46,6.22,6.24,6.36,6.5,6.21,5.78,5.57,5.8,6.77,хороший,False
42.5,61.875,96.0,6.17,5.65,6.21,6.51,6.44,6.24,6.33,6.54,6.7,6.32,5.79,5.54,5.8,6.81,хороший,False
42.5,62.5,130.3,6.22,5.68,6.21,6.51,6.42,6.25,6.39,6.67,6.84,6.41,5.84,5.58,5.88,6.87,хороший,False
42.5,63.125,223.0,6.42,5.89,6.4,6.65,6.54,6.36,6.54,6.89,7.11,6.66,6.0,5.82,6.17,7.09,хороший,False
42.5,63.75,319.0,6.48,5.9,6.39,6.63,6.54,6.41,6.65,7.06,7.3,6.76,6.03,5.87,6.23,7.16,хороший,False
42.5,64.375,307.0,6.34,5.66,6.13,6.41,6.36,6.33,6.64,7.09,7.32,6.68,5.87,5.67,5.97,7.0,хороший,False
42.5,65.0,275.8,6.25,5.5,5.98,6.23,6.23,6.27,6.65,7.1,7.33,6.64,5.76,5.53,5.81,6.9,хороший,False
42.5,65.625,234.7,6.15,5.19,5.74,6.01,6.11,6.25,6.7,7.18,7.42,6.69,5.65,5.34,5.52,6.79,хороший,False
42.5,66.25,199.2,6.1,4.98,5.57,5.87,6.06,6.28,6.73,7.26,7.5,6.73,5.58,5.22,5.33,6.74,хороший,True
42.5,66.875,189.2,6.05,4.85,5.46,5.79,6.04,6.32,6.72,7.29,7.55,6.73,5.49,5.14,5.16,6.68,хороший,True
42.5,67.5,201.2,6.02,4.74,5.36,5.72,6.02,6.37,6.73,7.33,7.61,6.75,5.42,5.08,5.02,6.65,хороший,True
42.5,68.125,200.6,5.92,4.68,5.25,5.58,5.85,6.28,6.62,7.28,7.51,6.64,5.32,5.0,4.93,6.54,хороший,True
42.5,68.75,245.1,5.27,4.27,4.8,5.01,5.15,5.53,5.92,6.53,6.62,5.78,4.76,4.49,4.38,5.82,умеренный,True
42.5,69.375,428.3,4.66,3.93,4.38,4.57,4.56,4.8,5.07,5.52,5.66,5.05,4.35,4.07,3.95,5.15,низкий,True
42.5,70.0,956.4,4.79,4.45,4.8,4.84,4.74,4.84,4.88,5.16,5.32,4.88,4.62,4.45,4.52,5.29,низкий,True
42.5,70.625,1681.5,4.61,4.79,5.06,4.84,4.46,4.41,4.32,4.27,4.36,4.35,4.72,4.74,5.05,5.09,низкий,True
42.5,71.25,1908.5,3.61,3.35,3.6,3.63,3.53,3.73,3.82,3.77,3.77,3.66,3.57,3.39,3.55,3.99,низкий,True
42.5,71.875,1820.6,3.07,2.96,3.03,3.04,2.95,3.13,3.25,3.32,3.35,3.19,2.96,2.74,2.97,3.39,низкий,True
42.5,72.5,2154.0,3.54,4.04,3.95,3.6,3.27,3.27,3.27,3.32,3.38,3.34,3.44,3.53,4.03,3.91,низкий,True
42.5,73.125,2610.5,3.92,4.54,4.58,4.13,3.66,3.47,3.43,3.38,3.42,3.54,3.92,4.28,4.66,4.33,низкий,True
42.5,73.75,2804.2,3.58,4.05,4.07,3.75,3.36,3.19,3.21,3.16,3.14,3.3,3.61,3.97,4.22,3.95,низкий,True
42.5,74.375,2692.0,3.16,3.49,3.46,3.27,3.01,2.92,2.94,2.95,2.93,3.01,3.1,3.3,3.57,3.49,низкий,False
42.5,75.0,2563.0,3.37,3.81,3.74,3.5,3.22,3.06,3.05,3.11,3.11,3.24,3.29,3.47,3.84,3.72,низкий,False
42.5,75.625,2294.2,3.09,3.44,3.35,3.19,2.99,2.84,2.84,2.93,2.95,3.05,3.01,3.06,3.47,3.41,низкий,False
42.5,76.25,2293.3,2.91,2.91,2.95,3.04,3.01,2.88,2.8,2.84,2.82,2.91,2.85,2.85,3.05,3.21,низкий,False
42.5,76.875,2212.7,2.89,2.18,2.45,2.96,3.4,3.35,3.19,3.12,3.09,3.18,2.91,2.57,2.26,3.19,низкий,False
42.5,77.5,1953.4,2.6,1.98,2.3,2.74,2.98,2.99,2.86,2.76,2.77,2.8,2.62,2.35,2.04,2.87,низкий,False
42.5,78.125,2288.4,3.36,3.67,3.69,3.71,3.32,3.16,2.98,2.92,2.87,3.08,3.39,3.73,3.82,3.71,низкий,False
42.5,78.75,2800.1,3.81,4.24,4.21,4.17,3.74,3.51,3.29,3.33,3.31,3.61,3.8,4.15,4.36,4.21,низкий,False
42.5,79.375,3078.3,3.51,3.71,3.85,3.92,3.65,3.39,3.02,3.04,3.05,3.41,3.52,3.76,3.82,3.88,низкий,True
42.5,80.0,3203.1,3.1,3.2,3.28,3.43,3.27,3.05,2.78,2.77,2.76,3.03,3.13,3.28,3.25,3.42,низкий,True
42.5,80.625,3141.4,2.42,2.37,2.38,2.57,2.62,2.57,2.37,2.33,2.31,2.38,2.34,2.45,2.4,2.67,низкий,False
42.5,81.25,3188.2,2.41,2.32,2.39,2.59,2.78,2.77,2.33,2.12,2.12,2.3,2.29,2.45,2.42,2.66,низкий,False
42.5,81.875,3082.5,2.86,2.6,2.73,2.99,3.46,3.58,2.98,2.61,2.53,2.64,2.66,2.79,2.74,3.16,низкий,False
42.5,82.5,2846.0,3.5,2.78,3.07,3.53,4.37,4.64,3.98,3.52,3.41,3.36,3.22,3.18,2.98,3.86,низкий,False
42.5,83.125,2989.2,3.67,2.8,3.12,3.77,4.61,4.87,4.17,3.75,3.67,3.63,3.4,3.28,3.0,4.05,низкий,False
42.5,83.75,2880.5,4.1,3.38,3.76,4.3,5.04,5.17,4.39,3.95,3.92,4.0,3.88,3.82,3.59,4.53,низкий,False
42.5,84.375,2704.9,4.09,3.28,3.7,4.19,5.0,5.16,4.52,4.17,4.09,4.0,3.81,3.67,3.44,4.52,низкий,False
42.5,85.0,2996.3,3.66,2.99,3.28,3.88,4.45,4.52,3.92,3.73,3.66,3.62,3.45,3.35,3.05,4.04,низкий,False
42.5,85.625,2825.8,3.64,3.14,3.32,3.8,4.22,4.28,3.76,3.63,3.64,3.65,3.48,3.49,3.25,4.02,низкий,False
42.5,86.25,2124.4,2.94,2.16,2.47,2.99,3.47,3.65,3.45,3.26,3.27,3.14,2.8,2.48,2.14,3.25,низкий,False
42.5,86.875,2325.6,3.04,2.47,2.68,3.07,3.48,3.64,3.47,3.26,3.29,3.07,2.86,2.69,2.51,3.36,низкий,False
42.5,87.5,2140.7,3.14,2.36,2.88,3.32,3.88,3.89,3.41,3.18,3.29,3.19,3.04,2.87,2.42,3.47,низкий,False
43.0,46.25,1009.3,3.34,3.34,3.5,3.57,3.51,3.39,3.36,3.28,3.3,3.22,3.22,3.19,3.27,3.69,низкий,False
43.0,46.875,635.9,4.22,4.19,4.4,4.42,4.25,4.07,4.09,4.07,4.16,4.3,4.19,4.22,4.29,4.66,низкий,False
43.0,47.5,92.5,5.96,6.2,6.4,6.15,5.66,5.3,5.27,5.22,5.48,6.35,6.44,6.49,6.62,6.58,хороший,False
43.0,48.125,-14.3,6.81,7.41,7.44,7.07,6.43,5.81,5.71,5.45,5.79,7.18,7.61,7.79,8.09,7.52,отличный,False
43.0,48.75,-29.0,6.95,7.66,7.69,7.3,6.63,5.89,5.85,5.35,5.64,7.16,7.76,8.03,8.44,7.67,отличный,False
43.0,49.375,-29.0,7.09,7.86,7.95,7.47,6.87,6.0,6.09,5.47,5.64,7.15,7.84,8.2,8.59,7.83,отличный,False
43.0,50.0,-29.0,7.11,7.95,8.08,7.5,6.96,5.99,6.17,5.59,5.59,6.99,7.76,8.23,8.57,7.85,отличный,False
43.0,50.625,-29.0,7.12,8.02,8.16,7.51,7.01,6.02,6.25,5.81,5.62,6.81,7.6,8.2,8.56,7.86,отличный,False
43.0,51.25,-24.9,7.06,7.87,8.03,7.41,6.95,6.02,6.31,5.98,5.77,6.76,7.4,7.99,8.38,7.8,отличный,True
43.0,51.875,6.4,6.96,7.49,7.73,7.29,6.89,6.08,6.35,6.02,5.98,6.9,7.26,7.62,7.93,7.69,отличный,True
43.0,52.5,85.5,6.87,7.1,7.46,7.26,6.92,6.25,6.41,6.05,6.17,7.04,7.2,7.27,7.42,7.59,отличный,True
43.0,53.125,127.5,6.83,6.84,7.29,7.27,7.07,6.43,6.52,6.05,6.25,7.0,7.12,7.06,7.14,7.54,отличный,True
43.0,53.75,161.1,6.61,6.52,6.95,7.11,6.99,6.42,6.45,5.92,6.07,6.7,6.83,6.7,6.74,7.3,хороший,True
43.0,54.375,76.6,6.55,6.55,6.94,7.1,6.95,6.35,6.27,5.76,5.94,6.6,6.78,6.68,6.78,7.23,хороший,True
43.0,55.0,182.0,6.79,6.85,7.25,7.37,7.22,6.6,6.42,5.91,6.11,6.79,6.98,6.94,7.13,7.5,отличный,True
43.0,55.625,214.5,6.73,6.68,7.09,7.33,7.27,6.65,6.48,5.96,6.15,6.67,6.84,6.73,6.9,7.43,хороший,True
43.0,56.25,195.2,6.59,6.46,6.9,7.18,7.15,6.59,6.42,5.96,6.16,6.52,6.63,6.48,6.63,7.28,хороший,True
43.0,56.875,186.0,6.49,6.33,6.79,7.1,7.03,6.53,6.36,5.95,6.17,6.41,6.46,6.31,6.47,7.17,хороший,False
43.0,57.5,146.7,6.35,6.15,6.61,7.0,6.9,6.45,6.27,5.88,6.09,6.21,6.24,6.11,6.27,7.01,хороший,False
43.0,58.125,106.0,6.18,5.93,6.45,6.87,6.78,6.37,6.18,5.77,6.0,6.01,5.99,5.87,6.02,6.82,хороший,False
43.0,58.75,76.3,6.08,5.75,6.35,6.77,6.67,6.32,6.12,5.79,6.01,5.93,5.81,5.67,5.8,6.71,хороший,False
43.0,59.375,61.5,6.1,5.7,6.34,6.8,6.69,6.37,6.15,5.91,6.09,5.97,5.8,5.64,5.77,6.74,хороший,False
43.0,60.0,61.9,6.18,5.74,6.36,6.83,6.72,6.45,6.26,6.09,6.23,6.08,5.88,5.68,5.85,6.82,хороший,False
43.0,60.625,73.5,6.22,5.8,6.38,6.8,6.69,6.42,6.27,6.2,6.34,6.18,5.92,5.71,5.93,6.87,хороший,False
43.0,61.25,70.4,6.21,5.77,6.34,6.69,6.59,6.34,6.26,6.33,6.5,6.27,5.9,5.66,5.91,6.86,хороший,False
43.0,61.875,78.9,6.23,5.74,6.31,6.64,6.57,6.33,6.28,6.46,6.64,6.35,5.89,5.62,5.91,6.88,хороший,False
43.0,62.5,114.1,6.3,5.84,6.37,6.69,6.6,6.35,6.33,6.54,6.75,6.41,5.95,5.71,6.06,6.96,хороший,False
43.0,63.125,190.3,6.38,6.01,6.46,6.76,6.63,6.34,6.37,6.57,6.84,6.45,5.99,5.84,6.29,7.04,хороший,False
43.0,63.75,235.8,6.31,5.91,6.3,6.61,6.51,6.28,6.36,6.6,6.89,6.38,5.88,5.74,6.18,6.97,хороший,False
43.0,64.375,224.3,6.18,5.61,6.0,6.38,6.35,6.24,6.41,6.68,6.99,6.39,5.75,5.52,5.86,6.82,хороший,False
43.0,65.0,220.8,6.17,5.4,5.84,6.25,6.27,6.29,6.55,6.85,7.17,6.54,5.73,5.41,5.66,6.81,хороший,False
43.0,65.625,205.2,6.17,5.21,5.74,6.12,6.24,6.35,6.68,7.03,7.35,6.71,5.72,5.33,5.51,6.81,хороший,True
43.0,66.25,191.6,6.13,5.01,5.6,6.02,6.22,6.42,6.72,7.11,7.43,6.78,5.66,5.23,5.37,6.77,хороший,True
43.0,66.875,181.5,6.07,4.83,5.44,5.93,6.22,6.48,6.68,7.11,7.45,6.77,5.54,5.1,5.18,6.7,хороший,True
43.0,67.5,182.9,6.08,4.88,5.43,5.95,6.27,6.59,6.65,7.08,7.53,6.82,5.5,5.09,5.15,6.71,хороший,True
43.0,68.125,198.0,6.33,5.29,5.72,6.1,6.39,6.84,6.73,7.16,7.83,7.14,5.76,5.4,5.56,6.99,хороший,True
43.0,68.75,238.4,6.68,5.61,6.05,6.32,6.63,7.14,7.03,7.54,8.34,7.62,6.12,5.77,5.94,7.38,хороший,True
43.0,69.375,431.7,6.51,5.75,6.09,6.23,6.37,6.7,6.52,7.09,7.99,7.38,6.08,5.78,6.03,7.19,хороший,True
43.0,70.0,775.9,5.85,5.64,5.89,5.8,5.73,5.8,5.57,5.98,6.69,6.2,5.59,5.49,5.8,6.46,умеренный,True
43.0,70.625,746.8,5.17,4.42,5.01,5.27,5.38,5.47,5.3,5.48,5.86,5.39,5.08,4.73,4.66,5.71,умеренный,True
43.0,71.25,653.0,4.33,3.04,3.7,4.33,4.72,5.05,5.04,5.08,5.31,4.75,4.13,3.51,3.2,4.78,низкий,True
43.0,71.875,958.6,4.14,3.19,3.58,4.15,4.46,4.79,4.7,4.7,5.0,4.5,3.93,3.38,3.24,4.57,низкий,True
43.0,72.5,1126.2,4.19,3.74,3.91,4.22,4.33,4.6,4.47,4.42,4.64,4.28,4.1,3.73,3.77,4.63,низкий,True
43.0,73.125,858.3,4.02,3.69,3.81,4.08,4.06,4.33,4.38,4.27,4.32,4.04,3.87,3.61,3.69,4.44,низкий,True
43.0,73.75,691.1,4.17,3.99,4.0,4.23,4.14,4.35,4.43,4.34,4.48,4.25,3.98,3.81,4.05,4.6,низкий,True
43.0,74.375,721.3,4.62,4.66,4.57,4.75,4.55,4.72,4.72,4.63,4.87,4.68,4.35,4.25,4.67,5.1,низкий,True
43.0,75.0,1043.5,4.63,4.88,4.72,4.76,4.55,4.62,4.51,4.49,4.79,4.67,4.4,4.33,4.86,5.11,низкий,True
43.0,75.625,1616.5,3.94,4.34,4.09,3.96,3.85,3.83,3.72,3.77,3.96,3.91,3.81,3.75,4.28,4.35,низкий,True
43.0,76.25,1978.3,3.59,4.55,4.12,3.64,3.35,3.19,3.08,3.09,3.15,3.24,3.43,3.73,4.51,3.96,низкий,True
43.0,76.875,2478.2,3.18,3.58,3.55,3.36,3.2,3.03,2.86,2.84,2.78,2.91,3.07,3.3,3.66,3.51,низкий,True
43.0,77.5,2976.6,2.84,2.49,2.74,3.02,3.1,3.11,2.89,2.83,2.66,2.82,2.91,2.83,2.65,3.14,низкий,True
43.0,78.125,2428.9,2.85,3.24,3.15,3.09,2.88,2.74,2.56,2.45,2.38,2.53,2.8,3.08,3.36,3.15,низкий,True
43.0,78.75,1952.5,3.04,3.16,3.15,3.25,3.16,3.1,2.99,2.88,2.83,2.86,2.95,3.02,3.15,3.36,низкий,True
43.0,79.375,2127.4,3.57,3.62,3.64,3.77,3.74,3.75,3.51,3.42,3.32,3.41,3.43,3.54,3.66,3.94,низкий,True
43.0,80.0,2421.6,3.63,3.58,3.64,3.88,3.97,3.93,3.54,3.39,3.29,3.43,3.53,3.67,3.67,4.01,низкий,True
43.0,80.625,2324.4,3.24,3.04,3.1,3.44,3.61,3.6,3.3,3.13,3.07,3.12,3.15,3.2,3.11,3.58,низкий,True
43.0,81.25,2144.7,3.18,3.05,3.0,3.19,3.42,3.5,3.26,3.15,3.09,3.11,3.08,3.15,3.1,3.51,низкий,False
43.0,81.875,1998.4,3.13,3.27,3.14,3.17,3.23,3.28,2.99,2.95,2.98,3.06,3.03,3.16,3.32,3.46,низкий,False
43.0,82.5,2407.0,3.44,3.93,3.89,3.89,3.61,3.41,2.79,2.68,2.83,3.22,3.43,3.74,3.93,3.8,низкий,False
43.0,83.125,2757.9,3.62,3.56,3.76,4.13,4.18,4.02,3.21,2.97,3.16,3.58,3.59,3.7,3.61,4.0,низкий,False
43.0,83.75,2849.8,3.62,3.53,3.69,3.99,4.28,4.26,3.4,3.02,3.11,3.45,3.43,3.67,3.66,4.0,низкий,False
43.0,84.375,2771.1,3.25,2.83,3.15,3.56,4.04,4.03,3.29,2.92,2.92,3.1,3.07,3.17,2.95,3.59,низкий,False
43.0,85.0,2871.1,3.4,2.78,3.11,3.6,4.21,4.25,3.65,3.45,3.38,3.31,3.15,3.14,2.82,3.75,низкий,False
43.0,85.625,3121.5,3.33,2.94,3.16,3.56,3.92,3.94,3.47,3.3,3.23,3.19,3.09,3.17,2.96,3.68,низкий,False
43.0,86.25,3150.2,3.01,2.54,2.93,3.37,3.56,3.54,3.16,2.93,2.95,2.97,2.84,2.83,2.53,3.32,низкий,False
43.0,86.875,3281.4,3.43,3.29,3.64,3.81,3.81,3.7,3.18,3.08,3.12,3.32,3.35,3.51,3.35,3.79,низкий,False
43.0,87.5,2542.8,3.14,2.69,2.87,3.19,3.74,3.89,3.48,3.14,3.2,3.05,2.81,2.78,2.83,3.47,низкий,False
43.5,46.25,63.3,5.52,5.28,5.67,5.67,5.57,5.39,5.38,5.43,5.58,5.86,5.61,5.4,5.4,6.1,умеренный,False
43.5,46.875,-0.4,6.62,6.49,6.9,6.72,6.45,6.24,6.2,6.24,6.52,7.12,6.94,6.78,6.85,7.31,хороший,False
43.5,47.5,-22.3,7.0,7.17,7.39,7.17,6.75,6.31,6.21,6.11,6.46,7.52,7.63,7.56,7.76,7.73,отличный,False
43.5,48.125,-28.9,7.11,7.62,7.7,7.39,6.86,6.19,6.08,5.75,6.08,7.47,7.86,8.0,8.36,7.85,отличный,False
43.5,48.75,-29.0,7.05,7.77,7.83,7.4,6.82,6.03,5.98,5.5,5.73,7.23,7.8,8.07,8.52,7.78,отличный,False
43.5,49.375,-29.0,7.11,7.93,8.0,7.48,6.94,6.07,6.11,5.55,5.64,7.1,7.79,8.15,8.59,7.85,отличный,False
43.5,50.0,-29.0,7.11,8.01,8.1,7.51,7.01,6.08,6.19,5.65,5.56,6.9,7.68,8.16,8.59,7.85,отличный,False
43.5,50.625,-28.2,7.12,7.99,8.1,7.5,7.04,6.13,6.32,5.89,5.68,6.78,7.52,8.07,8.51,7.86,отличный,False
43.5,51.25,-19.8,6.98,7.49,7.69,7.33,7.01,6.21,6.44,6.08,5.95,6.83,7.24,7.59,7.91,7.71,отличный,True
43.5,51.875,33.8,6.82,7.02,7.39,7.23,6.94,6.23,6.37,6.0,6.09,6.96,7.15,7.18,7.33,7.53,отличный,True
43.5,52.5,161.2,6.97,7.04,7.48,7.42,7.19,6.54,6.62,6.19,6.32,7.09,7.23,7.2,7.32,7.7,отличный,True
43.5,53.125,193.4,6.7,6.7,7.08,7.26,7.1,6.5,6.48,5.96,6.06,6.71,6.91,6.8,6.94,7.4,хороший,True
43.5,53.75,86.0,6.51,6.48,6.85,7.05,6.92,6.34,6.3,5.82,5.91,6.53,6.7,6.54,6.66,7.19,хороший,True
43.5,54.375,187.4,6.67,6.63,7.04,7.21,7.08,6.54,6.43,6.02,6.13,6.72,6.84,6.66,6.76,7.37,хороший,True
43.5,55.0,222.4,6.82,6.89,7.23,7.48,7.32,6.69,6.44,6.0,6.15,6.74,6.98,6.87,7.08,7.53,отличный,True
43.5,55.625,217.8,6.73,6.78,7.09,7.4,7.3,6.65,6.41,5.97,6.11,6.6,6.86,6.72,6.97,7.43,хороший,True
43.5,56.25,185.7,6.61,6.55,6.88,7.28,7.19,6.63,6.41,5.96,6.1,6.46,6.65,6.48,6.7,7.3,хороший,True
43.5,56.875,141.5,6.39,6.19,6.57,7.06,6.98,6.54,6.33,5.89,6.04,6.3,6.37,6.15,6.3,7.06,хороший,False
43.5,57.5,91.3,6.35,6.06,6.52,7.0,6.94,6.58,6.34,5.91,6.14,6.29,6.26,6.01,6.12,7.01,хороший,False
43.5,58.125,113.2,6.34,6.05,6.59,7.06,6.96,6.6,6.33,5.91,6.2,6.23,6.16,5.96,6.07,7.0,хороший,False
43.5,58.75,59.2,6.19,5.77,6.39,6.96,6.85,6.5,6.23,5.85,6.12,6.09,5.97,5.76,5.8,6.83,хороший,False
43.5,59.375,54.1,6.24,5.78,6.44,7.03,6.91,6.58,6.25,5.95,6.21,6.16,6.02,5.79,5.83,6.89,хороший,False
43.5,60.0,52.8,6.39,5.91,6.56,7.15,7.02,6.69,6.39,6.16,6.39,6.31,6.14,5.94,6.04,7.06,хороший,False
43.5,60.625,60.1,6.37,5.96,6.55,7.02,6.92,6.61,6.38,6.25,6.43,6.33,6.09,5.87,6.07,7.03,хороший,False
43.5,61.25,60.3,6.31,5.91,6.46,6.86,6.76,6.48,6.3,6.34,6.53,6.35,6.01,5.77,6.03,6.97,хороший,False
43.5,61.875,67.0,6.29,5.89,6.4,6.78,6.67,6.39,6.25,6.41,6.61,6.36,5.95,5.72,6.03,6.95,хороший,True
43.5,62.5,91.9,6.32,5.93,6.41,6.78,6.67,6.39,6.28,6.46,6.69,6.39,5.96,5.75,6.09,6.98,хороший,True
43.5,63.125,129.8,6.31,5.95,6.38,6.76,6.64,6.37,6.29,6.44,6.74,6.37,5.94,5.75,6.12,6.97,хороший,True
43.5,63.75,150.0,6.24,5.84,6.22,6.64,6.55,6.33,6.26,6.43,6.78,6.32,5.84,5.66,6.02,6.89,хороший,True
43.5,64.375,159.3,6.22,5.67,6.06,6.5,6.49,6.38,6.36,6.54,6.93,6.41,5.82,5.55,5.85,6.87,хороший,True
43.5,65.0,163.9,6.23,5.53,5.97,6.42,6.43,6.44,6.47,6.68,7.1,6.57,5.83,5.49,5.75,6.88,хороший,True
43.5,65.625,169.6,6.23,5.35,5.86,6.33,6.41,6.49,6.6,6.82,7.25,6.72,5.82,5.43,5.62,6.88,хороший,True
43.5,66.25,167.7,6.16,5.11,5.69,6.18,6.36,6.53,6.63,6.88,7.3,6.76,5.73,5.32,5.44,6.8,хороший,True
43.5,66.875,168.4,6.05,4.86,5.48,6.05,6.32,6.58,6.59,6.88,7.3,6.74,5.57,5.12,5.15,6.68,хороший,True
43.5,67.5,219.5,6.32,5.27,5.74,6.31,6.58,6.93,6.71,7.0,7.59,7.05,5.76,5.34,5.49,6.98,хороший,True
43.5,68.125,401.2,6.9,6.1,6.39,6.78,7.02,7.45,7.0,7.28,8.23,7.73,6.33,6.0,6.4,7.62,отличный,True
43.5,68.75,572.8,7.04,6.29,6.63,6.81,7.07,7.48,7.05,7.35,8.41,7.85,6.52,6.28,6.75,7.77,отличный,True
43.5,69.375,598.8,6.82,6.45,6.71,6.72,6.83,7.05,6.65,6.95,7.87,7.23,6.38,6.29,6.74,7.53,отличный,True
43.5,70.0,578.5,6.12,5.85,6.1,6.21,6.23,6.37,5.94,6.09,6.82,6.23,5.85,5.68,6.02,6.76,хороший,True
43.5,70.625,456.0,5.76,4.8,5.35,5.82,6.08,6.39,5.99,6.06,6.72,6.16,5.59,5.09,5.02,6.36,умеренный,True
43.5,71.25,428.9,5.8,4.68,5.27,5.86,6.16,6.53,6.12,6.18,6.88,6.38,5.64,5.02,4.87,6.4,умеренный,True
43.5,71.875,482.8,5.7,4.69,5.16,5.84,6.13,6.45,6.0,5.99,6.66,6.18,5.55,4.98,4.82,6.29,умеренный,True
43.5,72.5,544.2,5.58,4.75,5.11,5.77,5.97,6.2,5.79,5.78,6.35,5.96,5.47,4.97,4.79,6.16,умеренный,True
43.5,73.125,553.7,5.28,4.45,4.91,5.49,5.59,5.77,5.51,5.57,6.1,5.75,5.15,4.63,4.42,5.83,умеренный,True
43.5,73.75,548.7,5.46,4.99,5.27,5.63,5.66,5.73,5.41,5.53,6.18,5.91,5.25,4.93,4.99,6.03,умеренный,True
43.5,74.375,782.7,5.76,5.3,5.56,6.03,6.06,6.03,5.54,5.7,6.52,6.34,5.59,5.19,5.24,6.36,умеренный,True
43.5,75.0,965.6,5.26,4.92,5.08,5.51,5.51,5.51,5.09,5.2,5.83,5.69,5.14,4.79,4.8,5.81,умеренный,True
43.5,75.625,806.2,4.5,4.26,4.29,4.66,4.68,4.75,4.6,4.59,4.76,4.59,4.39,4.22,4.18,4.97,низкий,True
43.5,76.25,699.4,4.41,4.49,4.36,4.49,4.53,4.52,4.47,4.36,4.3,4.2,4.33,4.36,4.52,4.87,низкий,True
43.5,76.875,649.7,4.79,4.96,4.92,4.97,4.71,4.75,4.71,4.57,4.53,4.58,4.82,4.98,4.97,5.29,низкий,True
43.5,77.5,831.6,4.79,4.54,4.83,5.18,4.86,4.9,4.76,4.66,4.76,4.81,4.72,4.74,4.7,5.29,низкий,True
43.5,78.125,1127.6,4.59,4.87,4.77,4.78,4.77,4.74,4.31,4.16,4.37,4.45,4.38,4.58,4.97,5.07,низкий,True
43.5,78.75,1062.0,4.23,3.7,3.93,4.23,4.8,4.9,4.48,4.28,4.36,4.32,4.03,3.88,3.83,4.67,низкий,True
43.5,79.375,1026.3,4.57,3.67,4.05,4.57,5.42,5.59,5.08,4.85,4.77,4.67,4.29,4.05,3.84,5.05,низкий,True
43.5,80.0,1200.0,5.0,4.25,4.5,5.01,5.86,6.01,5.39,5.16,5.03,5.05,4.77,4.6,4.38,5.52,умеренный,True
43.5,80.625,1498.2,4.81,4.49,4.5,4.9,5.5,5.56,4.95,4.68,4.57,4.7,4.64,4.61,4.59,5.31,низкий,True
43.5,81.25,1685.9,3.89,3.37,3.54,3.96,4.56,4.64,4.16,3.89,3.8,3.8,3.76,3.67,3.5,4.3,низкий,False
43.5,81.875,1266.5,3.17,2.6,3.02,3.37,3.71,3.75,3.39,3.2,3.13,3.14,3.01,2.93,2.77,3.5,низкий,False
43.5,82.5,1084.1,3.0,2.56,2.85,3.16,3.44,3.48,3.23,3.01,3.03,3.01,2.84,2.72,2.68,3.31,низкий,False
43.5,83.125,1349.6,3.12,2.96,2.98,3.26,3.51,3.47,3.11,2.91,3.01,3.09,3.04,3.01,3.1,3.45,низкий,False
43.5,83.75,2003.0,2.91,3.08,2.98,3.07,3.2,3.12,2.65,2.48,2.56,2.77,2.8,2.98,3.17,3.21,низкий,False
43.5,84.375,2831.7,2.99,2.85,2.99,3.27,3.45,3.38,2.87,2.65,2.67,2.91,2.9,3.04,2.88,3.3,низкий,False
43.5,85.0,3419.8,3.19,2.93,3.25,3.52,3.62,3.55,2.97,2.88,2.85,3.16,3.23,3.35,2.98,3.52,низкий,False
43.5,85.625,3271.8,2.74,2.75,2.89,2.99,2.97,2.92,2.46,2.38,2.39,2.61,2.71,3.01,2.82,3.03,низкий,False
43.5,86.25,2866.1,2.42,2.4,2.37,2.45,2.62,2.7,2.41,2.3,2.34,2.33,2.21,2.43,2.43,2.67,низкий,False
43.5,86.875,2246.9,2.78,2.25,2.41,2.78,3.23,3.36,3.07,2.86,2.98,2.96,2.65,2.5,2.29,3.07,низкий,False
43.5,87.5,1773.4,3.98,3.94,3.78,4.02,4.57,4.59,4.07,3.63,3.67,3.73,3.73,3.9,4.06,4.39,низкий,False
44.0,46.25,1.4,5.57,5.45,5.82,5.68,5.46,5.25,5.23,5.3,5.59,6.04,5.84,5.56,5.63,6.15,умеренный,False
44.0,46.875,-17.5,6.42,6.47,6.8,6.58,6.25,5.93,5.85,5.86,6.18,6.89,6.83,6.61,6.81,7.09,хороший,False
44.0,47.5,-26.5,6.92,7.22,7.43,7.17,6.73,6.18,6.1,5.95,6.29,7.37,7.49,7.43,7.79,7.64,отличный,False
44.0,48.125,-28.8,7.05,7.6,7.72,7.37,6.86,6.11,6.03,5.71,6.02,7.35,7.71,7.84,8.28,7.78,отличный,False
44.0,48.75,-29.0,7.05,7.78,7.86,7.42,6.92,6.07,6.0,5.57,5.75,7.18,7.72,7.97,8.45,7.78,отличный,False
44.0,49.375,-29.0,7.09,7.91,7.99,7.5,7.02,6.13,6.11,5.61,5.63,7.01,7.69,8.03,8.53,7.83,отличный,False
44.0,50.0,-28.0,7.12,8.0,8.08,7.54,7.08,6.19,6.23,5.75,5.61,6.81,7.59,8.04,8.55,7.86,отличный,False
44.0,50.625,-18.3,7.09,7.76,7.9,7.51,7.13,6.29,6.49,6.05,5.89,6.8,7.37,7.75,8.21,7.83,отличный,True
44.0,51.25,37.3,6.82,7.09,7.38,7.29,7.01,6.25,6.48,6.06,6.04,6.82,7.08,7.11,7.31,7.53,отличный,True
44.0,51.875,159.2,6.83,6.95,7.34,7.32,7.13,6.45,6.52,6.0,6.13,6.87,7.07,7.03,7.21,7.54,отличный,True
44.0,52.5,194.9,6.76,6.85,7.2,7.32,7.16,6.5,6.46,5.92,6.04,6.7,6.97,6.92,7.13,7.46,хороший,True
44.0,53.125,136.7,6.69,6.76,7.08,7.26,7.09,6.47,6.41,5.89,6.03,6.6,6.89,6.81,7.04,7.39,хороший,True
44.0,53.75,193.1,6.82,6.94,7.26,7.42,7.23,6.6,6.46,6.02,6.14,6.74,7.01,6.92,7.16,7.53,отличный,True
44.0,54.375,205.1,6.8,6.91,7.2,7.47,7.28,6.65,6.4,6.01,6.12,6.67,6.97,6.84,7.07,7.51,отличный,True
44.0,55.0,176.2,6.7,6.79,7.05,7.4,7.21,6.59,6.31,5.93,6.05,6.57,6.84,6.69,6.93,7.4,хороший,True
44.0,55.625,163.8,6.64,6.71,6.97,7.36,7.17,6.57,6.3,5.9,6.02,6.49,6.75,6.58,6.85,7.33,хороший,True
44.0,56.25,152.0,6.57,6.55,6.85,7.29,7.12,6.59,6.34,5.92,6.05,6.45,6.63,6.41,6.67,7.25,хороший,True
44.0,56.875,136.2,6.5,6.38,6.75,7.23,7.08,6.62,6.35,5.89,6.1,6.42,6.52,6.26,6.46,7.18,хороший,False
44.0,57.5,135.1,6.48,6.31,6.76,7.25,7.11,6.67,6.32,5.86,6.14,6.4,6.45,6.2,6.35,7.16,хороший,False
44.0,58.125,115.8,6.41,6.08,6.63,7.29,7.16,6.7,6.28,5.81,6.13,6.32,6.34,6.12,6.12,7.08,хороший,False
44.0,58.75,58.4,6.39,5.84,6.5,7.38,7.25,6.78,6.3,5.86,6.19,6.32,6.31,6.1,5.93,7.06,хороший,False
44.0,59.375,38.5,6.44,5.89,6.57,7.46,7.29,6.79,6.26,5.89,6.22,6.33,6.35,6.19,6.04,7.11,хороший,False
44.0,60.0,39.8,6.52,6.03,6.68,7.47,7.3,6.82,6.35,6.06,6.39,6.4,6.38,6.23,6.2,7.2,хороший,False
44.0,60.625,49.1,6.52,6.09,6.68,7.3,7.17,6.76,6.41,6.25,6.52,6.42,6.28,6.1,6.22,7.2,хороший,False
44.0,61.25,57.0,6.45,6.08,6.6,7.07,6.98,6.64,6.4,6.4,6.63,6.44,6.14,5.92,6.17,7.12,хороший,True
44.0,61.875,64.4,6.4,6.05,6.53,6.94,6.84,6.55,6.33,6.46,6.68,6.42,6.02,5.82,6.14,7.07,хороший,True
44.0,62.5,75.9,6.38,6.07,6.5,6.91,6.78,6.53,6.29,6.44,6.7,6.39,5.97,5.8,6.17,7.04,хороший,True
44.0,63.125,89.7,6.35,6.04,6.44,6.87,6.74,6.51,6.28,6.39,6.72,6.37,5.95,5.76,6.14,7.01,хороший,True
44.0,63.75,101.0,6.32,5.95,6.34,6.8,6.73,6.54,6.28,6.39,6.77,6.36,5.92,5.71,6.04,6.98,хороший,True
44.0,64.375,119.1,6.3,5.89,6.27,6.74,6.71,6.56,6.28,6.38,6.78,6.39,5.91,5.67,5.98,6.96,хороший,True
44.0,65.0,132.7,6.31,5.81,6.21,6.69,6.68,6.61,6.34,6.45,6.9,6.51,5.93,5.64,5.93,6.97,хороший,True
44.0,65.625,141.4,6.32,5.68,6.14,6.62,6.66,6.66,6.44,6.54,7.03,6.64,5.94,5.61,5.86,6.98,хороший,True
44.0,66.25,147.1,6.3,5.48,6.02,6.52,6.65,6.73,6.51,6.61,7.13,6.75,5.91,5.56,5.73,6.96,хороший,True
44.0,66.875,163.3,6.49,5.71,6.22,6.67,6.8,6.95,6.61,6.75,7.39,7.02,6.05,5.74,5.94,7.17,хороший,True
44.0,67.5,379.0,6.85,6.36,6.69,7.01,7.07,7.24,6.72,6.88,7.72,7.35,6.36,6.2,6.64,7.56,отличный,True
44.0,68.125,553.3,6.62,6.28,6.49,6.77,6.83,6.96,6.36,6.51,7.4,6.95,6.15,6.07,6.61,7.31,хороший,True
44.0,68.75,584.5,6.17,5.68,5.94,6.29,6.42,6.58,6.07,6.22,6.97,6.41,5.8,5.6,5.99,6.81,хороший,True
44.0,69.375,369.5,6.08,5.36,5.73,6.18,6.4,6.61,6.14,6.29,7.0,6.43,5.78,5.42,5.6,6.71,хороший,True
44.0,70.0,324.9,6.32,5.63,6.0,6.45,6.65,6.9,6.32,6.42,7.21,6.71,6.05,5.64,5.8,6.98,хороший,True
44.0,70.625,344.3,6.5,5.76,6.17,6.66,6.85,7.11,6.5,6.56,7.39,6.99,6.28,5.81,5.91,7.18,хороший,True
44.0,71.25,370.2,6.53,5.91,6.26,6.76,6.89,7.11,6.46,6.47,7.29,6.96,6.31,5.85,6.02,7.21,хороший,True
44.0,71.875,392.2,6.35,5.8,6.12,6.63,6.72,6.93,6.28,6.27,7.03,6.69,6.15,5.7,5.85,7.01,хороший,True
44.0,72.5,404.0,6.17,5.59,5.91,6.45,6.53,6.71,6.15,6.12,6.86,6.52,5.99,5.54,5.59,6.81,хороший,True
44.0,73.125,420.2,6.05,5.41,5.75,6.32,6.37,6.56,6.09,6.08,6.81,6.53,5.93,5.42,5.34,6.68,хороший,True
44.0,73.75,500.3,6.61,6.45,6.55,6.94,6.79,6.86,6.32,6.28,7.15,7.06,6.45,6.09,6.36,7.3,хороший,True
44.0,74.375,746.5,6.76,6.97,6.93,7.15,6.88,6.81,6.23,6.16,6.94,6.98,6.67,6.52,6.87,7.46,хороший,True
44.0,75.0,808.3,5.87,5.76,5.84,6.18,6.05,6.05,5.64,5.57,5.99,5.98,5.88,5.74,5.73,6.48,умеренный,True
44.0,75.625,727.7,4.88,4.14,4.46,5.11,5.23,5.37,5.14,5.1,5.31,5.2,4.87,4.5,4.14,5.39,низкий,True
44.0,76.25,609.2,4.92,4.59,4.86,5.23,5.14,5.17,4.89,4.86,5.16,5.19,4.83,4.58,4.5,5.43,низкий,True
44.0,76.875,598.4,5.18,5.34,5.52,5.59,5.36,5.12,4.7,4.75,5.13,5.33,5.03,5.03,5.31,5.72,умеренный,True
44.0,77.5,628.0,5.57,6.32,6.19,6.19,5.78,5.25,4.63,4.6,4.95,5.33,5.45,5.77,6.46,6.15,умеренный,True
44.0,78.125,902.9,5.36,6.09,5.93,5.98,5.67,5.23,4.55,4.37,4.48,4.85,5.3,5.72,6.23,5.92,умеренный,True
44.0,78.75,852.4,5.06,5.16,5.22,5.47,5.68,5.52,4.8,4.49,4.45,4.68,4.85,5.14,5.31,5.59,умеренный,True
44.0,79.375,761.5,4.92,4.84,4.96,5.36,5.6,5.5,4.8,4.48,4.34,4.56,4.71,4.97,4.97,5.43,низкий,True
44.0,80.0,668.8,4.9,5.08,5.16,5.5,5.5,5.38,4.58,4.23,4.06,4.39,4.67,5.06,5.27,5.41,низкий,True
44.0,80.625,713.9,4.98,5.6,5.38,5.52,5.35,5.29,4.46,4.16,4.02,4.4,4.75,5.21,5.69,5.5,умеренный,True
44.0,81.25,895.8,4.81,5.84,5.32,5.38,4.88,4.73,4.03,3.86,3.89,4.23,4.6,5.06,5.87,5.31,низкий,False
44.0,81.875,1362.3,4.34,4.92,4.62,4.92,4.5,4.33,3.71,3.63,3.7,4.06,4.23,4.43,4.99,4.79,низкий,False
44.0,82.5,1696.8,4.12,4.62,4.31,4.44,4.19,4.14,3.66,3.59,3.64,3.88,4.02,4.27,4.66,4.55,низкий,False
44.0,83.125,2202.0,3.46,3.98,3.59,3.56,3.46,3.51,3.13,3.02,3.03,3.18,3.33,3.73,4.0,3.82,низкий,False
44.0,83.75,2634.0,3.31,3.83,3.63,3.43,3.23,3.31,2.9,2.85,2.75,2.99,3.25,3.8,3.8,3.65,низкий,False
44.0,84.375,2490.3,2.77,3.01,2.85,2.77,2.76,2.89,2.59,2.56,2.5,2.61,2.66,3.07,3.03,3.06,низкий,False
44.0,85.0,2178.9,2.6,2.35,2.29,2.48,2.84,3.01,2.88,2.77,2.78,2.65,2.38,2.41,2.33,2.87,низкий,False
44.0,85.625,1694.4,2.73,1.9,2.09,2.62,3.26,3.46,3.37,3.18,3.19,3.01,2.55,2.18,1.9,3.01,низкий,False
44.0,86.25,1323.0,3.25,2.32,2.57,3.12,3.86,4.08,4.01,3.75,3.75,3.56,3.03,2.58,2.32,3.59,низкий,False
44.0,86.875,941.2,3.65,2.21,2.65,3.55,4.56,4.74,4.64,4.31,4.26,4.05,3.55,2.89,2.32,4.03,низкий,False
44.0,87.5,737.4,4.05,3.11,3.15,4.02,4.83,4.84,4.66,4.37,4.3,4.28,4.05,3.66,3.21,4.47,низкий,False
44.5,46.25,-11.8,5.91,5.91,6.2,6.06,5.81,5.56,5.48,5.46,5.76,6.32,6.2,5.96,6.18,6.53,хороший,False
44.5,46.875,-25.8,6.67,6.88,7.09,6.88,6.55,6.12,5.99,5.89,6.21,7.07,7.08,6.96,7.33,7.37,хороший,False
44.5,47.5,-28.9,6.94,7.41,7.54,7.25,6.81,6.17,6.05,5.81,6.13,7.25,7.42,7.49,7.98,7.66,отличный,False
44.5,48.125,-29.0,6.97,7.64,7.72,7.37,6.88,6.08,5.97,5.61,5.9,7.18,7.51,7.69,8.22,7.7,отличный,False
44.5,48.75,-29.0,7.03,7.75,7.82,7.48,7.02,6.14,6.02,5.6,5.79,7.09,7.55,7.78,8.31,7.76,отличный,False
44.5,49.375,-28.5,7.03,7.83,7.91,7.53,7.09,6.18,6.08,5.63,5.65,6.9,7.5,7.81,8.36,7.76,отличный,False
44.5,50.0,-21.7,7.14,7.85,7.97,7.64,7.28,6.38,6.4,5.97,5.85,6.87,7.44,7.75,8.31,7.88,отличный,True
44.5,50.625,51.6,6.94,7.43,7.62,7.49,7.24,6.34,6.43,5.96,5.89,6.78,7.15,7.3,7.73,7.66,отличный,True
44.5,51.25,48.6,6.71,6.89,7.19,7.25,7.11,6.37,6.41,5.92,5.92,6.68,6.86,6.82,7.15,7.41,хороший,True
44.5,51.875,42.0,6.56,6.6,6.94,7.08,6.99,6.38,6.37,5.84,5.91,6.56,6.69,6.56,6.81,7.24,хороший,True
44.5,52.5,25.9,6.51,6.51,6.86,7.04,6.95,6.38,6.34,5.8,5.93,6.49,6.67,6.51,6.73,7.19,хороший,True
44.5,53.125,23.3,6.67,6.71,7.06,7.21,7.07,6.52,6.4,5.89,6.08,6.6,6.85,6.72,6.97,7.37,хороший,True
44.5,53.75,137.0,6.89,7.07,7.36,7.5,7.3,6.71,6.46,6.02,6.2,6.75,7.06,6.97,7.29,7.61,отличный,True
44.5,54.375,150.3,6.79,6.95,7.2,7.48,7.26,6.67,6.37,5.99,6.13,6.62,6.93,6.8,7.11,7.5,отличный,True
44.5,55.0,116.0,6.65,6.74,6.99,7.37,7.16,6.59,6.33,5.96,6.06,6.49,6.76,6.58,6.86,7.34,хороший,True
44.5,55.625,118.6,6.66,6.79,7.03,7.42,7.16,6.59,6.3,5.9,6.02,6.48,6.78,6.58,6.9,7.35,хороший,True
44.5,56.25,148.5,6.68,6.78,7.04,7.45,7.21,6.65,6.34,5.92,6.08,6.5,6.77,6.54,6.87,7.38,хороший,True
44.5,56.875,182.3,6.72,6.73,7.04,7.52,7.31,6.78,6.43,5.99,6.21,6.55,6.77,6.52,6.81,7.42,хороший,False
44.5,57.5,181.1,6.66,6.6,6.97,7.5,7.33,6.8,6.39,5.94,6.21,6.51,6.68,6.43,6.62,7.35,хороший,False
44.5,58.125,143.8,6.48,6.15,6.65,7.46,7.34,6.74,6.27,5.76,6.11,6.37,6.52,6.25,6.18,7.16,хороший,False
44.5,58.75,35.6,6.44,5.84,6.47,7.59,7.48,6.83,6.27,5.73,6.11,6.34,6.48,6.24,5.95,7.11,хороший,False
44.5,59.375,30.9,6.55,6.03,6.68,7.77,7.57,6.86,6.22,5.74,6.18,6.36,6.56,6.43,6.2,7.23,хороший,False
44.5,60.0,30.5,6.65,6.15,6.77,7.8,7.58,6.92,6.35,5.99,6.43,6.46,6.56,6.46,6.37,7.34,хороший,False
44.5,60.625,38.1,6.69,6.21,6.79,7.68,7.49,6.92,6.49,6.28,6.64,6.52,6.5,6.37,6.43,7.39,хороший,True
44.5,61.25,52.1,6.62,6.23,6.74,7.39,7.27,6.82,6.51,6.45,6.75,6.52,6.32,6.13,6.36,7.31,хороший,True
44.5,61.875,64.2,6.52,6.21,6.64,7.16,7.07,6.72,6.42,6.48,6.75,6.46,6.14,5.93,6.29,7.2,хороший,True
44.5,62.5,75.9,6.48,6.23,6.61,7.09,6.97,6.67,6.35,6.45,6.75,6.4,6.07,5.87,6.28,7.16,хороший,True
44.5,63.125,87.9,6.48,6.25,6.6,7.09,6.97,6.69,6.33,6.4,6.76,6.4,6.07,5.87,6.29,7.16,хороший,True
44.5,63.75,97.8,6.47,6.25,6.58,7.09,6.99,6.73,6.31,6.35,6.73,6.4,6.07,5.87,6.28,7.14,хороший,True
44.5,64.375,108.2,6.44,6.21,6.53,7.05,6.95,6.75,6.27,6.3,6.69,6.39,6.06,5.84,6.23,7.11,хороший,True
44.5,65.0,119.6,6.44,6.19,6.51,7.02,6.92,6.77,6.28,6.28,6.71,6.45,6.07,5.83,6.2,7.11,хороший,True
44.5,65.625,130.4,6.47,6.21,6.54,7.01,6.91,6.81,6.32,6.29,6.8,6.54,6.1,5.86,6.24,7.14,хороший,True
44.5,66.25,138.0,6.52,6.29,6.61,7.02,6.92,6.87,6.33,6.28,6.86,6.62,6.12,5.93,6.35,7.2,хороший,True
44.5,66.875,207.9,6.85,6.87,7.07,7.33,7.16,7.11,6.43,6.39,7.13,6.92,6.41,6.37,6.97,7.56,отличный,True
44.5,67.5,326.8,6.85,7.0,7.06,7.29,7.11,7.05,6.3,6.3,7.1,6.83,6.49,6.52,7.18,7.56,отличный,True
44.5,68.125,217.1,6.05,5.51,5.82,6.34,6.45,6.51,5.97,6.02,6.65,6.24,5.79,5.52,5.78,6.68,хороший,True
44.5,68.75,212.7,6.02,5.37,5.69,6.25,6.41,6.58,6.06,6.1,6.8,6.36,5.75,5.32,5.51,6.65,хороший,True
44.5,69.375,268.2,6.35,5.82,6.08,6.62,6.73,6.91,6.29,6.32,7.09,6.68,6.11,5.67,5.92,7.01,хороший,True
44.5,70.0,301.4,6.56,6.2,6.4,6.87,6.91,7.08,6.36,6.36,7.18,6.82,6.3,5.93,6.22,7.24,хороший,True
44.5,70.625,325.9,6.65,6.43,6.58,7.04,7.01,7.17,6.38,6.31,7.16,6.85,6.41,6.08,6.4,7.34,хороший,True
44.5,71.25,325.2,6.63,6.38,6.55,7.03,7.01,7.16,6.37,6.28,7.1,6.85,6.42,6.06,6.34,7.32,хороший,True
44.5,71.875,311.1,6.62,6.35,6.55,7.04,7.02,7.13,6.38,6.28,7.07,6.85,6.44,6.06,6.28,7.31,хороший,True
44.5,72.5,319.9,6.75,6.79,6.9,7.21,7.04,7.12,6.38,6.26,7.08,6.92,6.53,6.22,6.6,7.45,хороший,True
44.5,73.125,382.8,7.02,7.45,7.4,7.46,7.13,7.2,6.45,6.35,7.21,7.12,6.77,6.58,7.17,7.75,отличный,True
44.5,73.75,482.0,6.95,7.26,7.25,7.39,7.1,7.1,6.4,6.29,7.08,7.03,6.79,6.65,7.11,7.67,отличный,True
44.5,74.375,519.3,6.36,6.19,6.35,6.77,6.68,6.64,6.09,5.97,6.52,6.47,6.35,6.13,6.16,7.02,хороший,True
44.5,75.0,457.6,5.66,5.03,5.35,6.02,6.1,6.11,5.71,5.63,6.0,5.91,5.7,5.34,5.06,6.25,умеренный,True
44.5,75.625,434.5,5.31,4.48,4.85,5.66,5.8,5.85,5.49,5.45,5.76,5.66,5.31,4.89,4.54,5.86,умеренный,True
44.5,76.25,440.1,5.38,4.79,5.05,5.77,5.78,5.79,5.39,5.38,5.72,5.7,5.31,4.99,4.82,5.94,умеренный,True
44.5,76.875,502.4,5.7,5.64,5.66,6.15,5.94,5.85,5.38,5.37,5.77,5.86,5.64,5.54,5.61,6.29,умеренный,True
44.5,77.5,775.3,5.91,6.4,6.11,6.33,5.99,5.85,5.33,5.29,5.63,5.81,5.85,6.03,6.34,6.53,хороший,True
44.5,78.125,1014.8,5.0,5.28,5.11,5.28,5.15,5.14,4.72,4.65,4.72,4.76,4.84,5.04,5.32,5.52,умеренный,True
44.5,78.75,1562.9,3.73,3.48,3.61,3.85,4.13,4.23,3.82,3.74,3.69,3.63,3.49,3.48,3.6,4.12,низкий,True
44.5,79.375,1994.4,3.12,2.7,2.82,3.1,3.51,3.67,3.37,3.31,3.18,3.17,2.95,2.88,2.77,3.45,низкий,True
44.5,80.0,2040.5,3.05,2.64,2.72,3.0,3.27,3.47,3.37,3.35,3.26,3.21,2.94,2.76,2.63,3.37,низкий,True
44.5,80.625,1906.8,3.09,2.52,2.71,3.19,3.42,3.59,3.36,3.35,3.27,3.34,3.02,2.68,2.56,3.41,низкий,False
44.5,81.25,1901.7,3.44,3.08,3.14,3.85,3.86,3.83,3.37,3.38,3.26,3.6,3.52,3.29,3.12,3.8,низкий,False
44.5,81.875,1612.5,2.67,2.22,2.28,2.66,2.93,3.07,2.91,2.89,2.65,2.68,2.73,2.7,2.3,2.95,низкий,False
44.5,82.5,894.1,2.76,2.09,2.22,2.66,3.06,3.28,3.32,3.25,3.11,2.92,2.69,2.4,2.12,3.05,низкий,False
44.5,83.125,1158.9,3.28,2.99,2.84,3.21,3.51,3.66,3.66,3.49,3.35,3.24,3.17,3.15,3.01,3.62,низкий,False
44.5,83.75,1081.5,3.21,2.64,2.63,3.12,3.65,3.94,3.88,3.63,3.46,3.21,2.89,2.81,2.62,3.54,низкий,False
44.5,84.375,731.8,3.47,2.98,3.25,3.51,3.88,4.08,3.99,3.73,3.63,3.48,3.14,2.97,3.0,3.83,низкий,False
44.5,85.0,603.8,4.0,3.8,3.96,4.08,4.33,4.5,4.36,4.06,4.02,3.94,3.62,3.53,3.78,4.42,низкий,False
44.5,85.625,502.3,4.14,3.56,3.81,4.22,4.72,4.88,4.68,4.35,4.33,4.23,3.8,3.52,3.6,4.57,низкий,False
44.5,86.25,461.2,4.11,3.02,3.42,4.2,4.92,5.07,4.89,4.55,4.49,4.34,3.88,3.38,3.18,4.54,низкий,False
44.5,86.875,439.8,4.05,2.67,3.11,4.19,4.99,5.08,4.88,4.54,4.44,4.3,3.95,3.41,2.97,4.47,низкий,False
44.5,87.5,445.1,4.37,3.56,3.7,4.56,5.1,5.04,4.74,4.44,4.39,4.52,4.37,4.04,3.92,4.83,низкий,False
45.0,46.25,-12.3,6.18,6.2,6.46,6.43,6.2,5.85,5.8,5.65,5.95,6.55,6.44,6.21,6.47,6.82,хороший,False
45.0,46.875,-24.1,6.45,6.67,6.87,6.78,6.47,5.97,5.86,5.65,5.96,6.77,6.76,6.67,7.02,7.12,хороший,False
45.0,47.5,-28.7,6.73,7.21,7.33,7.13,6.71,6.06,5.95,5.65,5.93,6.95,7.06,7.14,7.65,7.43,хороший,False
45.0,48.125,-29.0,6.9,7.6,7.67,7.39,6.91,6.1,5.96,5.57,5.82,7.03,7.27,7.47,8.07,7.62,отличный,False
45.0,48.75,-29.0,7.0,7.77,7.83,7.55,7.07,6.19,6.03,5.61,5.76,7.03,7.36,7.61,8.23,7.73,отличный,False
45.0,49.375,-29.0,6.95,7.74,7.82,7.55,7.1,6.19,6.03,5.62,5.63,6.86,7.24,7.53,8.17,7.67,отличный,False
45.0,50.0,-28.8,6.92,7.63,7.72,7.52,7.19,6.31,6.19,5.79,5.69,6.76,7.06,7.32,7.97,7.64,отличный,False
45.0,50.625,-23.6,6.88,7.4,7.54,7.46,7.21,6.44,6.34,5.96,5.82,6.73,6.93,7.08,7.69,7.6,отличный,False
45.0,51.25,-24.8,6.75,7.03,7.27,7.31,7.13,6.5,6.4,6.0,5.92,6.71,6.82,6.77,7.24,7.45,хороший,True
45.0,51.875,-18.7,6.7,6.78,7.09,7.22,7.11,6.61,6.51,6.07,6.09,6.7,6.77,6.58,6.92,7.4,хороший,True
45.0,52.5,-14.8,6.64,6.67,7.01,7.18,7.09,6.58,6.49,6.0,6.07,6.59,6.72,6.53,6.81,7.33,хороший,True
45.0,53.125,-8.9,6.66,6.66,7.02,7.2,7.13,6.64,6.5,5.99,6.12,6.57,6.75,6.55,6.8,7.35,хороший,True
45.0,53.75,12.5,6.77,6.87,7.19,7.39,7.26,6.77,6.48,6.0,6.18,6.63,6.86,6.69,7.01,7.48,хороший,True
45.0,54.375,42.1,6.73,6.89,7.16,7.4,7.21,6.7,6.38,5.96,6.11,6.55,6.82,6.66,7.01,7.43,хороший,True
45.0,55.0,54.9,6.68,6.85,7.09,7.4,7.14,6.67,6.34,5.94,6.04,6.48,6.77,6.57,6.93,7.38,хороший,True
45.0,55.625,78.7,6.65,6.84,7.07,7.4,7.12,6.64,6.3,5.91,6.0,6.43,6.74,6.47,6.86,7.34,хороший,True
45.0,56.25,102.3,6.62,6.78,7.03,7.42,7.16,6.65,6.26,5.85,5.98,6.4,6.7,6.43,6.79,7.31,хороший,True
45.0,56.875,134.5,6.69,6.8,7.07,7.52,7.29,6.76,6.33,5.9,6.11,6.47,6.74,6.47,6.81,7.39,хороший,True
45.0,57.5,162.3,6.73,6.76,7.05,7.62,7.4,6.84,6.4,5.95,6.19,6.53,6.75,6.5,6.76,7.43,хороший,True
45.0,58.125,123.7,6.52,6.24,6.68,7.57,7.39,6.76,6.27,5.74,6.08,6.39,6.59,6.29,6.23,7.2,хороший,False
45.0,58.75,50.1,6.45,5.99,6.53,7.64,7.46,6.75,6.19,5.62,6.03,6.29,6.54,6.27,6.04,7.12,хороший,False
45.0,59.375,34.5,6.61,6.16,6.7,7.86,7.65,6.88,6.27,5.75,6.24,6.36,6.65,6.47,6.3,7.3,хороший,True
45.0,60.0,29.8,6.67,6.23,6.76,7.9,7.67,6.91,6.3,5.92,6.4,6.37,6.64,6.5,6.43,7.37,хороший,True
45.0,60.625,33.8,6.71,6.27,6.8,7.83,7.63,6.92,6.39,6.15,6.57,6.43,6.57,6.46,6.51,7.41,хороший,True
45.0,61.25,44.7,6.7,6.31,6.79,7.64,7.51,6.93,6.5,6.39,6.69,6.48,6.42,6.27,6.48,7.4,хороший,True
45.0,61.875,57.5,6.57,6.34,6.73,7.34,7.25,6.82,6.41,6.36,6.65,6.38,6.21,6.01,6.39,7.25,хороший,True
45.0,62.5,76.3,6.53,6.39,6.69,7.21,7.13,6.74,6.33,6.36,6.68,6.34,6.13,5.92,6.38,7.21,хороший,True
45.0,63.125,87.6,6.53,6.43,6.67,7.21,7.11,6.76,6.3,6.36,6.69,6.35,6.12,5.92,6.39,7.21,хороший,True
45.0,63.75,95.9,6.52,6.44,6.66,7.22,7.1,6.79,6.28,6.32,6.65,6.35,6.11,5.93,6.37,7.2,хороший,True
45.0,64.375,105.6,6.52,6.47,6.67,7.25,7.1,6.84,6.29,6.28,6.6,6.35,6.13,5.94,6.35,7.2,хороший,True
45.0,65.0,115.6,6.55,6.54,6.71,7.27,7.08,6.86,6.29,6.26,6.64,6.42,6.19,5.98,6.41,7.23,хороший,True
45.0,65.625,122.3,6.6,6.65,6.79,7.28,7.06,6.86,6.27,6.23,6.7,6.5,6.26,6.06,6.54,7.29,хороший,True
45.0,66.25,129.8,6.7,6.87,6.97,7.35,7.1,6.9,6.26,6.23,6.78,6.6,6.34,6.2,6.76,7.4,хороший,True
45.0,66.875,137.9,6.75,7.02,7.04,7.36,7.11,6.94,6.23,6.21,6.85,6.66,6.41,6.31,6.93,7.45,хороший,True
45.0,67.5,138.2,6.72,6.89,6.91,7.22,7.03,6.94,6.21,6.23,6.92,6.71,6.43,6.27,6.84,7.42,хороший,True
45.0,68.125,147.3,6.76,6.84,6.89,7.19,7.05,7.03,6.32,6.35,7.06,6.87,6.5,6.26,6.79,7.46,хороший,True
45.0,68.75,193.1,6.66,6.62,6.69,7.04,6.95,6.98,6.31,6.34,7.07,6.87,6.42,6.11,6.56,7.35,хороший,True
45.0,69.375,228.5,6.65,6.56,6.64,7.02,6.95,7.03,6.29,6.33,7.1,6.88,6.42,6.08,6.51,7.34,хороший,True
45.0,70.0,246.4,6.71,6.64,6.71,7.11,7.02,7.09,6.33,6.33,7.13,6.94,6.48,6.15,6.58,7.41,хороший,True
45.0,70.625,272.3,6.82,6.81,6.88,7.26,7.13,7.17,6.4,6.37,7.19,7.03,6.62,6.27,6.71,7.53,отличный,True
45.0,71.25,296.1,6.89,6.9,7.0,7.33,7.19,7.21,6.46,6.41,7.25,7.1,6.71,6.34,6.76,7.61,отличный,True
45.0,71.875,318.6,6.92,6.97,7.07,7.38,7.22,7.24,6.5,6.43,7.28,7.12,6.75,6.35,6.77,7.64,отличный,True
45.0,72.5,360.5,7.29,7.7,7.7,7.81,7.47,7.45,6.67,6.58,7.49,7.4,7.06,6.77,7.38,8.05,отличный,True
45.0,73.125,490.6,7.51,7.92,7.94,8.03,7.68,7.59,6.77,6.71,7.64,7.6,7.3,7.15,7.75,8.29,отличный,True
45.0,73.75,440.1,6.79,6.49,6.81,7.29,7.2,7.14,6.42,6.35,7.07,6.98,6.73,6.46,6.57,7.5,отличный,True
45.0,74.375,361.9,6.2,5.68,6.08,6.72,6.71,6.66,6.02,5.95,6.49,6.41,6.17,5.8,5.73,6.85,хороший,True
45.0,75.0,362.7,6.01,5.54,5.88,6.5,6.48,6.43,5.84,5.77,6.28,6.24,6.0,5.62,5.56,6.64,хороший,True
45.0,75.625,375.6,5.9,5.41,5.71,6.36,6.34,6.32,5.76,5.7,6.19,6.15,5.91,5.53,5.44,6.51,хороший,True
45.0,76.25,387.3,5.79,5.34,5.59,6.22,6.18,6.2,5.68,5.62,6.08,6.03,5.77,5.45,5.34,6.39,умеренный,True
45.0,76.875,407.9,5.63,5.18,5.4,6.03,5.97,6.03,5.56,5.52,5.88,5.82,5.6,5.31,5.18,6.22,умеренный,True
45.0,77.5,498.3,5.28,4.74,4.95,5.65,5.64,5.77,5.35,5.31,5.54,5.46,5.25,4.99,4.74,5.83,умеренный,True
45.0,78.125,667.5,4.47,3.65,3.94,4.73,4.87,5.13,4.84,4.77,4.82,4.66,4.36,4.08,3.73,4.94,низкий,True
45.0,78.75,1241.3,3.64,3.01,3.17,3.72,3.91,4.23,4.05,3.96,3.85,3.67,3.52,3.4,3.12,4.02,низкий,True
45.0,79.375,2140.1,3.49,3.64,3.66,3.59,3.36,3.5,3.31,3.33,3.22,3.32,3.54,3.79,3.6,3.85,низкий,True
45.0,80.0,2643.8,2.94,2.84,3.03,3.13,2.94,2.96,2.77,2.81,2.73,2.98,3.04,3.21,2.91,3.25,низкий,True
45.0,80.625,2677.7,2.4,2.18,2.34,2.65,2.47,2.55,2.45,2.39,2.24,2.41,2.35,2.46,2.3,2.65,низкий,True
45.0,81.25,2101.6,2.33,2.11,2.24,2.44,2.39,2.55,2.47,2.38,2.3,2.37,2.26,2.29,2.16,2.57,низкий,True
45.0,81.875,1288.2,2.44,1.83,2.0,2.41,2.69,2.94,2.9,2.87,2.81,2.65,2.28,1.99,1.9,2.69,низкий,True
45.0,82.5,496.6,3.4,3.17,3.34,3.48,3.77,3.91,3.54,3.31,3.25,3.39,3.25,3.25,3.11,3.75,низкий,False
45.0,83.125,645.2,4.44,5.33,5.02,4.86,4.53,4.45,3.94,3.56,3.54,3.96,4.27,4.71,5.09,4.9,низкий,False
45.0,83.75,529.0,4.87,5.89,5.52,5.38,4.91,4.71,4.26,3.87,3.94,4.39,4.8,5.17,5.69,5.38,низкий,False
45.0,84.375,363.6,4.96,5.47,5.23,5.37,5.24,5.05,4.57,4.18,4.33,4.76,4.97,5.06,5.3,5.48,низкий,False
45.0,85.0,313.7,4.56,4.19,4.37,4.86,5.15,5.12,4.64,4.27,4.37,4.65,4.56,4.33,4.19,5.04,низкий,False
45.0,85.625,328.1,4.35,3.21,3.76,4.63,5.21,5.28,4.81,4.48,4.51,4.66,4.33,3.84,3.45,4.8,низкий,False
45.0,86.25,358.1,4.48,3.25,3.72,4.75,5.41,5.39,4.96,4.64,4.69,4.87,4.55,3.99,3.54,4.95,низкий,False
45.0,86.875,418.7,4.73,3.81,4.02,4.98,5.57,5.41,4.96,4.7,4.8,5.13,4.88,4.38,4.07,5.22,низкий,False
45.0,87.5,488.5,4.99,4.73,4.48,5.21,5.58,5.33,4.87,4.71,4.84,5.31,5.1,4.82,4.89,5.51,умеренный,False
45.5,46.25,-14.6,6.24,6.27,6.48,6.59,6.36,5.97,5.91,5.68,5.96,6.55,6.42,6.23,6.48,6.89,хороший,False
45.5,46.875,-22.5,6.37,6.55,6.73,6.78,6.52,6.0,5.88,5.59,5.89,6.61,6.59,6.48,6.8,7.03,хороший,False
45.5,47.5,-27.6,6.63,7.02,7.16,7.13,6.81,6.14,5.96,5.59,5.87,6.78,6.85,6.9,7.34,7.32,хороший,False
45.5,48.125,-28.9,6.8,7.43,7.52,7.39,6.97,6.18,5.95,5.51,5.73,6.86,7.04,7.23,7.8,7.51,отличный,False
45.5,48.75,-28.9,6.93,7.67,7.75,7.58,7.13,6.29,6.05,5.6,5.7,6.92,7.12,7.38,8.02,7.65,отличный,False
45.5,49.375,-29.0,6.91,7.69,7.8,7.6,7.16,6.3,6.02,5.55,5.56,6.84,7.06,7.35,8.03,7.63,отличный,False
45.5,50.0,-29.0,6.93,7.67,7.79,7.64,7.24,6.42,6.08,5.64,5.61,6.8,7.02,7.29,7.98,7.65,отличный,False
45.5,50.625,-28.9,6.99,7.62,7.77,7.68,7.35,6.63,6.26,5.83,5.8,6.83,7.02,7.22,7.93,7.72,отличный,False
45.5,51.25,-28.4,7.01,7.48,7.67,7.66,7.39,6.77,6.44,5.99,5.97,6.85,7.03,7.11,7.78,7.74,отличный,True
45.5,51.875,-28.0,7.05,7.39,7.59,7.68,7.47,6.95,6.67,6.2,6.18,6.87,7.03,7.01,7.63,7.78,отличный,True
45.5,52.5,-27.0,6.96,7.25,7.48,7.59,7.4,6.9,6.65,6.14,6.16,6.76,6.92,6.87,7.42,7.69,отличный,True
45.5,53.125,-27.3,6.81,6.93,7.23,7.47,7.34,6.87,6.61,6.1,6.16,6.65,6.75,6.58,7.02,7.52,отличный,True
45.5,53.75,-27.2,6.7,6.79,7.09,7.34,7.24,6.81,6.57,6.09,6.16,6.56,6.62,6.4,6.8,7.4,хороший,True
45.5,54.375,-21.0,6.62,6.77,7.04,7.29,7.08,6.67,6.36,5.92,6.03,6.46,6.61,6.41,6.8,7.31,хороший,True
45.5,55.0,6.2,6.64,6.94,7.14,7.35,7.06,6.64,6.27,5.88,5.97,6.44,6.65,6.44,6.9,7.33,хороший,True
45.5,55.625,74.4,6.67,6.99,7.18,7.43,7.13,6.67,6.28,5.93,6.0,6.43,6.68,6.44,6.92,7.37,хороший,True
45.5,56.25,85.4,6.57,6.81,7.02,7.37,7.12,6.61,6.2,5.83,5.93,6.33,6.59,6.32,6.73,7.25,хороший,True
45.5,56.875,90.1,6.54,6.69,6.92,7.37,7.17,6.64,6.2,5.8,5.96,6.31,6.55,6.26,6.61,7.22,хороший,True
45.5,57.5,98.8,6.59,6.7,6.95,7.47,7.27,6.72,6.27,5.84,6.08,6.38,6.58,6.29,6.61,7.28,хороший,True
45.5,58.125,116.4,6.54,6.5,6.84,7.56,7.33,6.72,6.2,5.73,6.07,6.35,6.55,6.27,6.42,7.22,хороший,True
45.5,58.75,71.5,6.47,6.19,6.63,7.64,7.38,6.72,6.17,5.64,6.02,6.27,6.53,6.25,6.18,7.14,хороший,True
45.5,59.375,37.1,6.53,6.15,6.61,7.79,7.5,6.8,6.18,5.69,6.1,6.28,6.6,6.35,6.25,7.21,хороший,True
45.5,60.0,32.8,6.65,6.26,6.69,7.9,7.61,6.92,6.28,5.89,6.34,6.34,6.67,6.46,6.42,7.34,хороший,True
45.5,60.625,38.0,6.65,6.33,6.74,7.8,7.55,6.89,6.31,6.05,6.47,6.33,6.54,6.36,6.47,7.34,хороший,True
45.5,61.25,50.1,6.57,6.36,6.73,7.52,7.37,6.82,6.31,6.16,6.49,6.27,6.28,6.11,6.4,7.25,хороший,True
45.5,61.875,61.2,6.49,6.4,6.7,7.28,7.19,6.74,6.28,6.2,6.49,6.21,6.1,5.91,6.34,7.17,хороший,True
45.5,62.5,75.0,6.52,6.5,6.7,7.25,7.17,6.75,6.3,6.27,6.58,6.26,6.13,5.93,6.4,7.2,хороший,True
45.5,63.125,89.2,6.52,6.57,6.71,7.24,7.16,6.76,6.24,6.27,6.57,6.26,6.12,5.95,6.45,7.2,хороший,True
45.5,63.75,98.3,6.5,6.59,6.7,7.26,7.13,6.76,6.18,6.22,6.49,6.23,6.1,5.94,6.44,7.18,хороший,True
45.5,64.375,104.4,6.51,6.64,6.74,7.31,7.11,6.76,6.15,6.17,6.43,6.23,6.13,5.96,6.45,7.19,хороший,True
45.5,65.0,111.1,6.57,6.78,6.84,7.37,7.1,6.78,6.16,6.18,6.5,6.32,6.23,6.04,6.56,7.25,хороший,True
45.5,65.625,124.0,6.61,6.86,6.89,7.38,7.06,6.78,6.16,6.21,6.57,6.41,6.31,6.1,6.64,7.3,хороший,True
45.5,66.25,131.7,6.66,6.92,6.92,7.37,7.04,6.81,6.19,6.22,6.66,6.49,6.38,6.16,6.72,7.35,хороший,True
45.5,66.875,143.3,6.71,6.98,6.96,7.35,7.05,6.87,6.22,6.24,6.77,6.61,6.45,6.21,6.79,7.41,хороший,True
45.5,67.5,180.2,6.73,6.94,6.96,7.32,7.03,6.9,6.24,6.29,6.85,6.73,6.52,6.23,6.78,7.43,хороший,True
45.5,68.125,222.2,6.76,6.92,6.95,7.29,7.03,6.92,6.29,6.34,6.94,6.82,6.58,6.26,6.79,7.46,хороший,True
45.5,68.75,249.0,6.78,6.94,6.93,7.28,7.04,6.95,6.31,6.35,6.99,6.86,6.6,6.29,6.81,7.49,хороший,True
45.5,69.375,260.6,6.75,6.9,6.87,7.22,7.04,6.97,6.29,6.33,6.98,6.84,6.56,6.27,6.76,7.45,хороший,True
45.5,70.0,282.9,6.79,6.98,6.95,7.25,7.08,7.01,6.31,6.3,6.98,6.89,6.6,6.29,6.8,7.5,отличный,True
45.5,70.625,320.9,6.96,7.32,7.26,7.47,7.21,7.13,6.4,6.34,7.06,7.01,6.76,6.48,7.07,7.69,отличный,True
45.5,71.25,376.7,7.05,7.46,7.41,7.59,7.3,7.19,6.46,6.35,7.13,7.08,6.89,6.6,7.18,7.78,отличный,True
45.5,71.875,404.2,7.19,7.7,7.66,7.78,7.4,7.29,6.51,6.38,7.21,7.19,7.05,6.77,7.39,7.94,отличный,True
45.5,72.5,465.1,7.32,7.84,7.82,7.96,7.52,7.38,6.58,6.4,7.27,7.28,7.22,6.96,7.57,8.08,отличный,True
45.5,73.125,456.9,6.85,6.64,6.85,7.49,7.28,7.17,6.43,6.21,6.98,6.95,6.95,6.55,6.67,7.56,отличный,True
45.5,73.75,371.4,6.3,5.47,5.93,7.0,6.98,6.87,6.13,5.88,6.54,6.52,6.54,5.98,5.7,6.96,хороший,True
45.5,74.375,343.1,6.1,5.36,5.83,6.8,6.78,6.67,5.99,5.71,6.27,6.25,6.28,5.74,5.53,6.74,хороший,True
45.5,75.0,353.0,6.1,5.58,5.95,6.7,6.65,6.55,5.95,5.75,6.25,6.22,6.18,5.72,5.64,6.74,хороший,True
45.5,75.625,363.4,6.16,5.78,6.07,6.69,6.61,6.53,5.92,5.8,6.32,6.29,6.23,5.84,5.8,6.8,хороший,True
45.5,76.25,370.1,6.19,5.88,6.13,6.66,6.56,6.55,5.94,5.85,6.37,6.34,6.26,5.89,5.87,6.83,хороший,True
45.5,76.875,374.6,6.13,5.8,6.07,6.59,6.49,6.51,5.9,5.83,6.31,6.28,6.17,5.81,5.78,6.77,хороший,True
45.5,77.5,402.2,6.09,5.83,6.1,6.56,6.43,6.48,5.84,5.8,6.21,6.2,6.06,5.76,5.76,6.72,хороший,True
45.5,78.125,479.2,5.68,5.22,5.58,6.11,6.08,6.18,5.61,5.53,5.78,5.79,5.65,5.37,5.22,6.27,умеренный,True
45.5,78.75,579.5,4.94,4.1,4.53,5.28,5.51,5.61,5.2,5.05,5.07,5.07,4.97,4.65,4.24,5.45,низкий,True
45.5,79.375,826.8,4.13,3.25,3.52,4.38,4.74,4.8,4.55,4.41,4.24,4.27,4.15,3.86,3.39,4.56,низкий,True
45.5,80.0,1134.4,3.55,2.83,2.95,3.64,4.01,4.14,4.02,3.93,3.73,3.69,3.47,3.26,2.89,3.92,низкий,True
45.5,80.625,1596.4,3.32,2.76,2.87,3.43,3.66,3.84,3.64,3.57,3.47,3.43,3.16,3.1,2.85,3.67,низкий,True
45.5,81.25,2015.0,3.16,3.0,3.04,3.51,3.59,3.59,3.1,2.87,2.83,3.04,3.05,3.21,3.14,3.49,низкий,True
45.5,81.875,1348.5,4.12,4.96,4.65,4.66,4.32,4.17,3.46,3.12,3.24,3.65,4.03,4.34,4.89,4.55,низкий,True
45.5,82.5,1202.5,5.32,6.46,6.17,6.08,5.59,5.23,4.26,3.89,4.12,4.75,5.34,5.78,6.27,5.87,умеренный,True
45.5,83.125,1788.4,5.1,5.01,5.08,5.52,5.89,5.87,4.97,4.43,4.45,4.8,4.92,5.19,5.1,5.63,умеренный,False
45.5,83.75,1443.3,5.11,4.54,4.63,5.29,6.06,6.23,5.43,4.83,4.81,4.97,4.92,4.93,4.61,5.64,умеренный,False
45.5,84.375,903.2,6.01,5.25,5.47,6.29,7.05,6.95,6.16,5.6,5.73,6.05,6.17,5.83,5.5,6.64,хороший,False
45.5,85.0,418.6,5.94,5.83,5.93,6.29,6.65,6.41,5.74,5.26,5.38,5.8,6.16,6.02,5.86,6.56,хороший,False
45.5,85.625,288.6,5.0,4.66,4.95,5.23,5.59,5.58,5.06,4.67,4.67,4.89,5.05,4.94,4.74,5.52,умеренный,False
45.5,86.25,326.8,4.7,4.12,4.5,4.94,5.35,5.31,4.87,4.58,4.63,4.84,4.73,4.41,4.15,5.19,низкий,False
45.5,86.875,414.4,4.66,4.09,4.29,4.89,5.3,5.17,4.73,4.6,4.66,5.01,4.78,4.35,4.05,5.15,низкий,False
45.5,87.5,525.7,4.73,4.41,4.32,4.94,5.28,5.12,4.65,4.62,4.66,5.11,4.84,4.47,4.29,5.22,низкий,False
46.0,46.25,-16.8,6.28,6.35,6.58,6.75,6.47,6.05,5.94,5.63,5.94,6.53,6.41,6.25,6.51,6.93,хороший,False
46.0,46.875,-21.1,6.33,6.48,6.69,6.88,6.6,6.07,5.91,5.52,5.82,6.53,6.5,6.37,6.66,6.99,хороший,False
46.0,47.5,-25.1,6.5,6.72,6.94,7.15,6.85,6.24,5.98,5.53,5.78,6.62,6.67,6.62,6.95,7.18,хороший,False
46.0,48.125,-26.5,6.6,6.97,7.16,7.3,6.99,6.27,5.98,5.49,5.68,6.66,6.75,6.77,7.21,7.29,хороший,False
46.0,48.75,-28.0,6.76,7.3,7.47,7.47,7.13,6.36,6.06,5.51,5.64,6.73,6.88,7.0,7.59,7.46,хороший,False
46.0,49.375,-28.8,6.88,7.56,7.71,7.62,7.25,6.47,6.11,5.52,5.6,6.79,6.98,7.19,7.87,7.6,отличный,False
46.0,50.0,-29.0,6.92,7.64,7.79,7.69,7.33,6.55,6.09,5.5,5.56,6.79,7.02,7.24,7.95,7.64,отличный,False
46.0,50.625,-29.0,7.05,7.71,7.86,7.83,7.51,6.78,6.23,5.66,5.72,6.86,7.1,7.3,8.04,7.78,отличный,False
46.0,51.25,-29.0,7.05,7.7,7.82,7.83,7.53,6.84,6.28,5.72,5.79,6.8,7.08,7.25,8.02,7.78,отличный,False
46.0,51.875,-29.0,7.07,7.69,7.8,7.84,7.55,6.91,6.39,5.85,5.9,6.73,7.04,7.2,7.99,7.81,отличный,False
46.0,52.5,-28.9,7.05,7.53,7.65,7.81,7.54,6.97,6.55,6.01,6.06,6.73,6.97,7.02,7.75,7.78,отличный,False
46.0,53.125,-27.4,6.85,7.17,7.37,7.62,7.38,6.86,6.43,5.96,6.04,6.63,6.78,6.69,7.26,7.56,отличный,True
46.0,53.75,-22.6,6.72,6.95,7.19,7.46,7.26,6.76,6.41,5.94,6.03,6.54,6.64,6.49,6.97,7.42,хороший,True
46.0,54.375,-14.6,6.63,6.87,7.09,7.35,7.11,6.67,6.32,5.88,5.98,6.47,6.57,6.39,6.84,7.32,хороший,True
46.0,55.0,13.5,6.61,6.95,7.11,7.33,7.06,6.63,6.22,5.84,5.94,6.42,6.57,6.37,6.85,7.3,хороший,True
46.0,55.625,61.0,6.61,6.99,7.13,7.36,7.09,6.64,6.19,5.85,5.95,6.38,6.57,6.35,6.85,7.3,хороший,True
46.0,56.25,69.3,6.55,6.88,7.04,7.33,7.09,6.61,6.15,5.82,5.95,6.31,6.49,6.27,6.74,7.23,хороший,True
46.0,56.875,115.1,6.55,6.81,6.99,7.36,7.12,6.62,6.17,5.85,6.0,6.31,6.48,6.24,6.66,7.23,хороший,True
46.0,57.5,108.8,6.56,6.76,6.98,7.41,7.17,6.64,6.22,5.91,6.08,6.31,6.48,6.21,6.59,7.24,хороший,True
46.0,58.125,147.6,6.6,6.81,7.06,7.52,7.23,6.66,6.2,5.93,6.14,6.3,6.51,6.25,6.62,7.29,хороший,True
46.0,58.75,110.9,6.45,6.41,6.73,7.48,7.18,6.6,6.12,5.81,6.07,6.18,6.41,6.11,6.28,7.12,хороший,True
46.0,59.375,64.1,6.47,6.33,6.68,7.56,7.24,6.69,6.18,5.81,6.14,6.2,6.44,6.11,6.25,7.14,хороший,True
46.0,60.0,38.3,6.62,6.33,6.67,7.81,7.47,6.94,6.33,5.92,6.28,6.31,6.62,6.32,6.4,7.31,хороший,True
46.0,60.625,44.4,6.69,6.37,6.68,7.8,7.54,7.04,6.43,6.11,6.47,6.38,6.61,6.31,6.46,7.39,хороший,True
46.0,61.25,53.2,6.58,6.43,6.7,7.51,7.32,6.88,6.35,6.19,6.49,6.29,6.34,6.05,6.38,7.27,хороший,True
46.0,61.875,64.1,6.49,6.46,6.67,7.29,7.16,6.77,6.29,6.2,6.49,6.22,6.17,5.89,6.32,7.17,хороший,True
46.0,62.5,75.3,6.51,6.59,6.7,7.26,7.13,6.75,6.27,6.23,6.54,6.24,6.15,5.91,6.41,7.19,хороший,True
46.0,63.125,94.4,6.54,6.68,6.73,7.27,7.13,6.77,6.25,6.27,6.56,6.26,6.16,5.93,6.48,7.22,хороший,True
46.0,63.75,100.7,6.54,6.73,6.78,7.3,7.11,6.76,6.2,6.26,6.51,6.25,6.17,5.95,6.51,7.22,хороший,True
46.0,64.375,122.5,6.58,6.86,6.88,7.39,7.12,6.76,6.16,6.23,6.46,6.25,6.22,6.0,6.59,7.27,хороший,True
46.0,65.0,157.3,6.64,7.01,7.01,7.47,7.12,6.76,6.17,6.26,6.5,6.31,6.31,6.1,6.71,7.33,хороший,True
46.0,65.625,129.9,6.51,6.75,6.76,7.27,6.94,6.64,6.12,6.22,6.46,6.25,6.23,5.95,6.47,7.19,хороший,True
46.0,66.25,90.6,6.57,6.93,6.9,7.31,6.9,6.68,6.12,6.19,6.54,6.36,6.32,6.0,6.58,7.25,хороший,True
46.0,66.875,183.4,6.77,7.24,7.18,7.5,7.04,6.83,6.25,6.28,6.74,6.61,6.53,6.23,6.87,7.48,хороший,True
46.0,67.5,212.3,6.72,7.08,7.04,7.4,6.99,6.78,6.23,6.26,6.72,6.61,6.51,6.2,6.8,7.42,хороший,True
46.0,68.125,245.6,6.65,6.92,6.89,7.28,6.92,6.73,6.18,6.23,6.68,6.58,6.49,6.17,6.7,7.34,хороший,True
46.0,68.75,258.4,6.59,6.81,6.8,7.19,6.88,6.7,6.15,6.19,6.65,6.56,6.46,6.13,6.61,7.28,хороший,True
46.0,69.375,288.0,6.71,7.08,7.01,7.31,6.96,6.8,6.19,6.2,6.71,6.64,6.55,6.24,6.78,7.41,хороший,True
46.0,70.0,332.3,6.81,7.31,7.23,7.41,7.03,6.88,6.22,6.21,6.76,6.71,6.64,6.36,6.96,7.52,отличный,True
46.0,70.625,371.7,6.86,7.43,7.34,7.48,7.09,6.9,6.21,6.18,6.75,6.74,6.69,6.43,7.07,7.57,отличный,True
46.0,71.25,413.4,6.91,7.52,7.46,7.56,7.15,6.91,6.21,6.16,6.77,6.77,6.78,6.52,7.15,7.63,отличный,True
46.0,71.875,457.9,7.03,7.69,7.65,7.73,7.24,6.98,6.26,6.17,6.84,6.86,6.93,6.68,7.32,7.76,отличный,True
46.0,72.5,489.4,6.92,7.29,7.34,7.62,7.21,6.96,6.28,6.12,6.83,6.85,6.92,6.62,7.07,7.64,отличный,True
46.0,73.125,431.7,6.48,6.15,6.39,7.13,6.97,6.76,6.15,5.98,6.61,6.63,6.63,6.14,6.17,7.16,хороший,True
46.0,73.75,358.2,6.24,5.57,5.92,6.97,6.89,6.69,5.99,5.75,6.41,6.48,6.52,5.96,5.78,6.89,хороший,True
46.0,74.375,340.5,6.2,5.56,5.94,6.95,6.85,6.66,5.94,5.64,6.31,6.35,6.47,5.95,5.8,6.85,хороший,True
46.0,75.0,344.5,6.14,5.64,5.97,6.79,6.7,6.56,5.91,5.66,6.26,6.23,6.33,5.82,5.76,6.78,хороший,True
46.0,75.625,350.3,6.09,5.64,5.94,6.68,6.6,6.48,5.86,5.69,6.22,6.17,6.25,5.76,5.72,6.72,хороший,True
46.0,76.25,355.6,6.11,5.68,5.95,6.64,6.58,6.51,5.87,5.77,6.29,6.22,6.26,5.77,5.72,6.75,хороший,True
46.0,76.875,360.9,6.09,5.65,5.92,6.61,6.55,6.54,5.85,5.76,6.26,6.22,6.23,5.76,5.67,6.72,хороший,True
46.0,77.5,367.9,6.03,5.55,5.84,6.56,6.51,6.53,5.78,5.72,6.16,6.18,6.16,5.73,5.59,6.66,хороший,True
46.0,78.125,373.3,5.84,5.24,5.58,6.36,6.38,6.39,5.67,5.63,5.98,6.05,5.98,5.54,5.33,6.45,умеренный,True
46.0,78.75,406.6,5.7,5.23,5.56,6.23,6.21,6.22,5.54,5.46,5.73,5.82,5.77,5.41,5.26,6.29,умеренный,True
46.0,79.375,470.3,5.53,5.21,5.5,6.1,6.04,5.97,5.35,5.2,5.38,5.55,5.54,5.27,5.24,6.11,умеренный,True
46.0,80.0,522.8,4.97,4.38,4.75,5.51,5.57,5.54,4.99,4.77,4.85,5.02,4.97,4.68,4.57,5.49,низкий,True
46.0,80.625,680.0,4.22,3.33,3.62,4.56,4.96,4.97,4.56,4.34,4.25,4.32,4.23,3.96,3.53,4.66,низкий,True
46.0,81.25,698.3,4.27,3.83,3.84,4.72,5.03,4.85,4.29,4.04,4.03,4.27,4.25,4.15,3.94,4.71,низкий,True
46.0,81.875,487.2,5.17,5.89,5.71,6.14,5.55,5.13,4.29,3.95,4.14,4.77,5.23,5.38,5.89,5.71,умеренный,True
46.0,82.5,1004.6,6.01,8.23,7.52,7.06,5.78,5.22,4.44,4.15,4.38,5.08,5.91,6.65,7.79,6.64,хороший,True
46.0,83.125,1368.8,6.23,6.77,6.77,7.16,6.61,6.16,5.33,5.05,5.11,5.79,6.38,6.76,6.93,6.88,хороший,False
46.0,83.75,1168.5,5.9,6.34,6.31,6.78,6.52,6.14,5.19,4.72,4.89,5.43,5.94,6.12,6.46,6.51,хороший,False
46.0,84.375,1233.7,6.18,5.06,5.51,6.43,7.35,7.43,6.65,6.1,5.93,6.0,6.13,6.0,5.52,6.82,хороший,False
46.0,85.0,723.5,5.34,3.64,4.12,5.32,6.65,6.92,6.34,5.79,5.63,5.57,5.38,4.73,3.98,5.9,умеренный,False
46.0,85.625,392.2,4.67,4.01,4.08,4.76,5.34,5.53,4.99,4.65,4.61,4.75,4.74,4.44,4.08,5.16,низкий,False
46.0,86.25,388.1,4.72,5.04,4.85,4.92,5.0,4.95,4.51,4.31,4.3,4.64,4.72,4.7,4.76,5.21,низкий,False
46.0,86.875,462.1,4.67,5.0,4.96,4.94,4.89,4.71,4.34,4.26,4.29,4.75,4.66,4.59,4.65,5.16,низкий,False
46.0,87.5,556.7,4.57,4.48,4.51,4.85,5.01,4.83,4.41,4.34,4.35,4.82,4.62,4.36,4.25,5.05,низкий,False
46.5,46.25,-10.4,6.31,6.41,6.69,6.88,6.54,6.11,5.94,5.57,5.89,6.51,6.41,6.27,6.54,6.97,хороший,False
46.5,46.875,-14.9,6.33,6.47,6.73,6.96,6.65,6.15,5.93,5.47,5.75,6.46,6.45,6.33,6.62,6.99,хороший,False
46.5,47.5,-18.4,6.37,6.53,6.8,7.07,6.78,6.23,5.96,5.43,5.67,6.42,6.49,6.4,6.69,7.03,хороший,False
46.5,48.125,-23.3,6.4,6.6,6.88,7.14,6.89,6.26,5.95,5.36,5.59,6.4,6.51,6.44,6.77,7.07,хороший,False
46.5,48.75,-25.5,6.45,6.77,7.03,7.23,6.98,6.3,5.92,5.28,5.53,6.4,6.57,6.53,6.95,7.12,хороший,True
46.5,49.375,-27.7,6.6,7.02,7.24,7.38,7.13,6.43,6.02,5.34,5.59,6.5,6.7,6.71,7.23,7.29,хороший,True
46.5,50.0,-28.1,6.75,7.3,7.46,7.52,7.27,6.53,6.07,5.4,5.59,6.6,6.85,6.95,7.54,7.45,хороший,True
46.5,50.625,-28.7,6.98,7.64,7.73,7.74,7.51,6.73,6.22,5.57,5.69,6.74,7.06,7.23,7.93,7.71,отличный,True
46.5,51.25,-29.0,6.99,7.71,7.77,7.8,7.53,6.73,6.21,5.58,5.69,6.67,7.06,7.25,8.01,7.72,отличный,False
46.5,51.875,-28.9,6.96,7.66,7.7,7.81,7.49,6.72,6.2,5.64,5.73,6.58,6.98,7.15,7.94,7.69,отличный,True
46.5,52.5,-28.9,6.96,7.55,7.59,7.8,7.48,6.82,6.32,5.81,5.9,6.6,6.93,7.01,7.76,7.69,отличный,True
46.5,53.125,-26.9,6.77,7.16,7.29,7.61,7.34,6.76,6.26,5.8,5.94,6.52,6.73,6.63,7.22,7.48,хороший,True
46.5,53.75,-20.9,6.64,6.94,7.12,7.44,7.22,6.69,6.25,5.8,5.94,6.46,6.58,6.4,6.88,7.33,хороший,True
46.5,54.375,-8.7,6.63,6.93,7.09,7.37,7.16,6.67,6.26,5.85,5.99,6.47,6.55,6.37,6.83,7.32,хороший,True
46.5,55.0,13.6,6.63,7.02,7.15,7.36,7.12,6.67,6.19,5.83,5.98,6.46,6.54,6.36,6.87,7.32,хороший,True
46.5,55.625,73.8,6.59,6.98,7.11,7.33,7.09,6.65,6.15,5.84,5.98,6.4,6.49,6.31,6.81,7.28,хороший,True
46.5,56.25,68.8,6.51,6.81,6.97,7.27,7.02,6.58,6.12,5.84,5.98,6.3,6.42,6.22,6.65,7.19,хороший,True
46.5,56.875,88.5,6.48,6.8,6.95,7.28,6.99,6.53,6.05,5.8,5.95,6.23,6.4,6.18,6.61,7.16,хороший,True
46.5,57.5,128.4,6.48,6.81,6.97,7.32,7.0,6.52,6.05,5.85,5.98,6.2,6.39,6.13,6.58,7.16,хороший,True
46.5,58.125,131.2,6.46,6.71,6.9,7.3,6.99,6.53,6.09,5.94,6.07,6.15,6.35,6.04,6.48,7.13,хороший,True
46.5,58.75,122.4,6.4,6.58,6.81,7.24,6.93,6.51,6.04,5.93,6.09,6.08,6.28,5.93,6.36,7.07,хороший,True
46.5,59.375,117.9,6.41,6.53,6.78,7.32,6.97,6.57,6.05,5.91,6.14,6.07,6.3,5.93,6.32,7.08,хороший,True
46.5,60.0,84.5,6.49,6.48,6.73,7.49,7.14,6.76,6.16,5.97,6.24,6.15,6.43,6.04,6.35,7.17,хороший,True
46.5,60.625,51.2,6.59,6.46,6.7,7.61,7.28,6.93,6.32,6.1,6.36,6.26,6.53,6.14,6.42,7.28,хороший,True
46.5,61.25,60.0,6.53,6.45,6.67,7.44,7.19,6.86,6.28,6.11,6.38,6.2,6.39,6.01,6.37,7.21,хороший,True
46.5,61.875,66.2,6.45,6.46,6.63,7.25,7.07,6.74,6.22,6.13,6.4,6.15,6.22,5.86,6.3,7.12,хороший,True
46.5,62.5,77.0,6.44,6.55,6.63,7.19,7.03,6.68,6.17,6.16,6.43,6.15,6.15,5.82,6.33,7.11,хороший,True
46.5,63.125,109.3,6.54,6.75,6.75,7.29,7.1,6.74,6.2,6.26,6.51,6.23,6.22,5.91,6.5,7.22,хороший,True
46.5,63.75,141.6,6.57,6.87,6.83,7.34,7.09,6.73,6.18,6.29,6.5,6.24,6.26,5.97,6.6,7.25,хороший,True
46.5,64.375,143.2,6.53,6.85,6.79,7.32,7.02,6.65,6.11,6.23,6.42,6.17,6.24,5.95,6.58,7.21,хороший,True
46.5,65.0,139.5,6.54,6.95,6.85,7.35,6.98,6.63,6.09,6.19,6.41,6.16,6.26,5.96,6.61,7.22,хороший,True
46.5,65.625,151.1,6.59,7.05,6.96,7.36,6.94,6.65,6.14,6.24,6.5,6.28,6.32,5.98,6.63,7.28,хороший,True
46.5,66.25,177.7,6.74,7.31,7.23,7.49,6.99,6.75,6.24,6.31,6.66,6.47,6.47,6.11,6.8,7.44,хороший,True
46.5,66.875,244.2,6.81,7.41,7.32,7.57,7.03,6.79,6.28,6.32,6.72,6.56,6.56,6.23,6.92,7.52,отличный,True
46.5,67.5,257.5,6.65,7.04,7.01,7.37,6.9,6.69,6.22,6.26,6.63,6.47,6.45,6.1,6.67,7.34,хороший,True
46.5,68.125,250.5,6.52,6.77,6.79,7.2,6.79,6.59,6.15,6.19,6.56,6.4,6.35,5.99,6.48,7.2,хороший,True
46.5,68.75,264.7,6.54,6.79,6.81,7.19,6.8,6.61,6.14,6.19,6.56,6.44,6.39,6.03,6.52,7.22,хороший,True
46.5,69.375,316.3,6.68,7.09,7.06,7.34,6.88,6.7,6.18,6.23,6.61,6.54,6.53,6.19,6.75,7.38,хороший,True
46.5,70.0,387.4,6.81,7.42,7.34,7.48,6.99,6.78,6.2,6.25,6.65,6.62,6.66,6.35,7.0,7.52,отличный,True
46.5,70.625,444.7,6.83,7.47,7.4,7.5,7.02,6.78,6.19,6.22,6.64,6.63,6.68,6.39,7.05,7.54,отличный,True
46.5,71.25,474.8,6.79,7.43,7.4,7.48,7.0,6.73,6.11,6.12,6.58,6.57,6.68,6.38,7.02,7.5,отличный,True
46.5,71.875,520.4,6.84,7.53,7.52,7.58,7.04,6.74,6.09,6.08,6.58,6.59,6.76,6.49,7.14,7.55,отличный,True
46.5,72.5,538.0,6.67,7.05,7.11,7.36,6.95,6.65,6.05,6.03,6.52,6.53,6.65,6.34,6.8,7.37,хороший,True
46.5,73.125,471.2,6.29,6.2,6.34,6.89,6.69,6.48,5.95,5.93,6.39,6.36,6.34,5.87,6.08,6.95,хороший,True
46.5,73.75,396.6,6.09,5.71,5.95,6.67,6.56,6.41,5.87,5.79,6.27,6.25,6.21,5.66,5.73,6.72,хороший,True
46.5,74.375,357.3,6.05,5.59,5.87,6.68,6.57,6.4,5.76,5.6,6.16,6.19,6.26,5.73,5.75,6.68,хороший,True
46.5,75.0,346.0,6.04,5.61,5.88,6.66,6.56,6.41,5.74,5.57,6.16,6.15,6.23,5.71,5.74,6.67,хороший,True
46.5,75.625,345.3,6.05,5.65,5.89,6.63,6.57,6.45,5.79,5.66,6.21,6.16,6.19,5.67,5.72,6.68,хороший,True
46.5,76.25,355.4,6.12,5.78,6.0,6.7,6.64,6.5,5.77,5.71,6.26,6.26,6.26,5.74,5.8,6.76,хороший,True
46.5,76.875,360.1,6.24,6.09,6.26,6.86,6.72,6.57,5.77,5.72,6.32,6.35,6.36,5.87,6.0,6.89,хороший,True
46.5,77.5,360.7,6.34,6.29,6.44,7.03,6.83,6.65,5.75,5.71,6.34,6.44,6.45,6.01,6.16,7.0,хороший,True
46.5,78.125,357.9,6.43,6.47,6.56,7.16,6.9,6.7,5.71,5.7,6.35,6.54,6.54,6.15,6.34,7.1,хороший,True
46.5,78.75,371.2,6.29,6.26,6.36,6.96,6.78,6.59,5.65,5.68,6.21,6.41,6.39,6.02,6.17,6.95,хороший,True
46.5,79.375,432.8,5.97,5.97,5.99,6.57,6.47,6.3,5.5,5.48,5.79,5.99,6.01,5.72,5.89,6.59,хороший,True
46.5,80.0,455.1,5.67,5.8,5.73,6.33,6.18,5.96,5.23,5.1,5.25,5.52,5.67,5.48,5.75,6.26,умеренный,True
46.5,80.625,387.6,5.43,5.66,5.64,6.29,6.01,5.67,4.91,4.65,4.75,5.17,5.44,5.37,5.68,6.0,умеренный,True
46.5,81.25,360.9,5.51,5.98,5.93,6.52,6.08,5.61,4.76,4.45,4.58,5.18,5.55,5.56,5.96,6.08,умеренный,True
46.5,81.875,404.8,5.57,6.35,6.09,6.49,5.99,5.56,4.79,4.48,4.62,5.18,5.58,5.55,6.15,6.15,умеренный,True
46.5,82.5,513.0,5.54,6.43,6.09,6.32,5.81,5.38,4.76,4.53,4.62,5.09,5.56,5.68,6.23,6.12,умеренный,True
46.5,83.125,557.0,5.12,5.5,5.32,5.81,5.58,5.21,4.59,4.37,4.44,4.84,5.16,5.12,5.47,5.65,умеренный,True
46.5,83.75,815.8,5.26,6.47,5.96,6.02,5.4,5.04,4.3,4.1,4.23,4.73,5.15,5.45,6.28,5.81,умеренный,False
46.5,84.375,1500.8,5.34,5.41,5.22,5.8,5.97,5.86,5.06,4.78,4.68,5.0,5.31,5.43,5.48,5.9,умеренный,False
46.5,85.0,1172.7,5.13,4.07,4.24,5.21,6.27,6.57,5.77,5.23,5.06,5.12,5.05,4.73,4.23,5.66,умеренный,False
46.5,85.625,926.1,3.98,2.9,3.03,3.97,4.88,5.28,4.65,4.36,4.3,4.28,3.92,3.29,2.85,4.39,низкий,False
46.5,86.25,829.6,3.97,3.83,3.49,4.0,4.45,4.65,4.26,4.07,3.94,4.05,3.8,3.5,3.49,4.38,низкий,False
46.5,86.875,693.9,4.14,4.32,4.14,4.33,4.49,4.52,4.16,4.0,3.93,4.14,3.96,3.79,3.95,4.57,низкий,False
46.5,87.5,578.8,4.33,4.09,4.16,4.58,4.93,4.86,4.42,4.19,4.15,4.41,4.19,3.99,3.96,4.78,низкий,False
47.0,46.25,-3.5,6.31,6.51,6.8,6.99,6.59,6.13,5.89,5.5,5.76,6.42,6.38,6.27,6.55,6.97,хороший,False
47.0,46.875,-8.6,6.32,6.53,6.82,7.05,6.7,6.18,5.89,5.43,5.66,6.35,6.39,6.29,6.58,6.98,хороший,False
47.0,47.5,-17.7,6.33,6.52,6.83,7.08,6.79,6.24,5.91,5.38,5.62,6.31,6.43,6.32,6.61,6.99,хороший,False
47.0,48.125,-19.8,6.35,6.53,6.85,7.11,6.87,6.3,5.92,5.36,5.62,6.3,6.46,6.33,6.63,7.01,хороший,False
47.0,48.75,-19.3,6.37,6.57,6.88,7.14,6.94,6.34,5.9,5.33,5.59,6.29,6.48,6.33,6.68,7.03,хороший,True
47.0,49.375,-20.4,6.48,6.67,6.95,7.22,7.08,6.49,6.03,5.46,5.73,6.39,6.57,6.39,6.77,7.16,хороший,True
47.0,50.0,-23.0,6.59,6.93,7.14,7.34,7.19,6.54,6.04,5.46,5.74,6.47,6.69,6.59,7.05,7.28,хороший,True
47.0,50.625,-26.3,6.71,7.17,7.28,7.46,7.3,6.6,6.1,5.48,5.76,6.52,6.81,6.79,7.33,7.41,хороший,True
47.0,51.25,-27.8,6.76,7.25,7.31,7.53,7.35,6.64,6.15,5.57,5.8,6.52,6.84,6.84,7.42,7.46,хороший,True
47.0,51.875,-27.3,6.74,7.21,7.26,7.55,7.34,6.65,6.15,5.63,5.83,6.48,6.79,6.74,7.34,7.44,хороший,True
47.0,52.5,-27.0,6.73,7.09,7.16,7.55,7.34,6.74,6.21,5.74,5.96,6.48,6.75,6.6,7.15,7.43,хороший,True
47.0,53.125,-24.9,6.64,6.94,7.05,7.45,7.25,6.7,6.2,5.73,5.99,6.44,6.66,6.41,6.88,7.33,хороший,True
47.0,53.75,-19.4,6.62,6.96,7.06,7.4,7.22,6.68,6.18,5.74,5.99,6.43,6.61,6.39,6.85,7.31,хороший,True
47.0,54.375,-0.2,6.65,7.09,7.16,7.38,7.2,6.66,6.18,5.77,6.04,6.48,6.6,6.41,6.9,7.34,хороший,True
47.0,55.0,44.2,6.62,7.13,7.18,7.35,7.12,6.62,6.11,5.76,6.01,6.45,6.52,6.35,6.88,7.31,хороший,True
47.0,55.625,75.3,6.54,6.99,7.07,7.27,7.02,6.56,6.04,5.76,5.97,6.36,6.42,6.24,6.75,7.22,хороший,True
47.0,56.25,88.1,6.44,6.79,6.9,7.17,6.92,6.51,6.03,5.82,5.98,6.26,6.31,6.08,6.55,7.11,хороший,True
47.0,56.875,91.7,6.41,6.76,6.88,7.18,6.87,6.47,6.01,5.83,5.96,6.17,6.28,6.03,6.5,7.08,хороший,True
47.0,57.5,122.4,6.46,6.87,7.0,7.27,6.93,6.51,6.02,5.87,5.99,6.15,6.33,6.05,6.59,7.13,хороший,True
47.0,58.125,165.6,6.49,6.85,7.01,7.32,6.97,6.57,6.06,5.97,6.07,6.15,6.36,6.02,6.58,7.17,хороший,True
47.0,58.75,160.6,6.45,6.7,6.91,7.25,6.92,6.57,6.07,6.03,6.12,6.09,6.32,5.93,6.45,7.12,хороший,True
47.0,59.375,174.2,6.49,6.79,6.97,7.33,6.94,6.61,6.08,6.07,6.18,6.08,6.36,5.97,6.51,7.17,хороший,True
47.0,60.0,176.4,6.51,6.72,6.9,7.35,7.0,6.68,6.15,6.11,6.26,6.09,6.39,6.0,6.47,7.19,хороший,True
47.0,60.625,127.2,6.5,6.6,6.77,7.3,7.0,6.74,6.24,6.16,6.32,6.1,6.37,5.96,6.39,7.18,хороший,True
47.0,61.25,97.6,6.44,6.5,6.66,7.23,6.97,6.71,6.22,6.15,6.33,6.09,6.29,5.85,6.3,7.11,хороший,True
47.0,61.875,77.2,6.38,6.45,6.58,7.12,6.91,6.63,6.16,6.12,6.3,6.04,6.19,5.76,6.23,7.04,хороший,True
47.0,62.5,74.6,6.38,6.48,6.55,7.12,6.94,6.63,6.15,6.14,6.31,6.04,6.15,5.76,6.26,7.04,хороший,True
47.0,63.125,89.8,6.44,6.65,6.61,7.19,7.0,6.65,6.14,6.18,6.35,6.07,6.19,5.82,6.41,7.11,хороший,True
47.0,63.75,108.9,6.48,6.75,6.65,7.25,7.0,6.65,6.13,6.22,6.35,6.1,6.23,5.88,6.49,7.16,хороший,True
47.0,64.375,113.3,6.42,6.71,6.61,7.2,6.91,6.58,6.06,6.2,6.31,6.06,6.19,5.83,6.42,7.09,хороший,True
47.0,65.0,143.7,6.53,6.99,6.84,7.35,6.94,6.62,6.09,6.19,6.38,6.14,6.3,5.91,6.58,7.21,хороший,True
47.0,65.625,202.0,6.74,7.46,7.26,7.6,7.07,6.74,6.21,6.28,6.52,6.33,6.49,6.1,6.89,7.44,хороший,True
47.0,66.25,283.9,6.88,7.67,7.51,7.76,7.15,6.82,6.29,6.35,6.64,6.49,6.63,6.24,7.06,7.6,отличный,True
47.0,66.875,313.6,6.81,7.36,7.28,7.63,7.08,6.8,6.32,6.36,6.65,6.5,6.6,6.2,6.88,7.52,отличный,True
47.0,67.5,304.8,6.62,6.94,6.93,7.38,6.92,6.68,6.24,6.29,6.58,6.39,6.45,6.05,6.57,7.31,хороший,True
47.0,68.125,297.9,6.5,6.71,6.74,7.23,6.8,6.59,6.18,6.24,6.52,6.33,6.35,5.96,6.39,7.18,хороший,True
47.0,68.75,310.9,6.49,6.68,6.73,7.19,6.78,6.58,6.16,6.23,6.52,6.33,6.35,5.99,6.39,7.17,хороший,True
47.0,69.375,341.7,6.55,6.83,6.85,7.25,6.82,6.59,6.15,6.2,6.49,6.36,6.44,6.1,6.53,7.23,хороший,True
47.0,70.0,390.3,6.71,7.31,7.23,7.45,6.9,6.63,6.13,6.19,6.48,6.42,6.58,6.29,6.87,7.41,хороший,True
47.0,70.625,477.5,6.83,7.6,7.5,7.62,6.99,6.69,6.14,6.18,6.5,6.49,6.7,6.44,7.13,7.54,отличный,True
47.0,71.25,524.6,6.74,7.4,7.37,7.53,6.94,6.62,6.07,6.09,6.43,6.42,6.63,6.34,6.98,7.44,хороший,True
47.0,71.875,549.2,6.72,7.42,7.42,7.55,6.91,6.59,6.01,6.03,6.4,6.41,6.62,6.34,7.01,7.42,хороший,True
47.0,72.5,623.5,6.59,7.07,7.12,7.36,6.84,6.54,5.93,5.98,6.36,6.37,6.54,6.23,6.76,7.28,хороший,True
47.0,73.125,579.1,6.27,6.33,6.43,6.85,6.62,6.42,5.88,5.94,6.3,6.26,6.26,5.8,6.12,6.92,хороший,True
47.0,73.75,491.6,6.01,5.84,5.98,6.48,6.39,6.27,5.79,5.86,6.2,6.14,5.99,5.44,5.68,6.64,хороший,True
47.0,74.375,435.2,6.02,5.94,6.1,6.54,6.39,6.28,5.74,5.77,6.17,6.14,6.0,5.47,5.77,6.65,хороший,True
47.0,75.0,424.6,6.1,6.08,6.23,6.61,6.45,6.34,5.75,5.74,6.21,6.2,6.09,5.57,5.9,6.74,хороший,True
47.0,75.625,410.0,6.07,5.94,6.1,6.53,6.47,6.39,5.78,5.78,6.28,6.22,6.07,5.53,5.79,6.7,хороший,True
47.0,76.25,437.5,6.14,6.06,6.17,6.61,6.54,6.45,5.81,5.81,6.38,6.32,6.16,5.57,5.84,6.78,хороший,True
47.0,76.875,480.9,6.29,6.44,6.49,6.8,6.63,6.52,5.85,5.84,6.46,6.41,6.26,5.7,6.08,6.95,хороший,True
47.0,77.5,517.3,6.45,6.8,6.82,7.03,6.77,6.64,5.88,5.88,6.51,6.51,6.39,5.87,6.36,7.12,хороший,True
47.0,78.125,521.7,6.59,7.01,7.0,7.2,6.92,6.77,5.92,5.95,6.6,6.65,6.52,6.05,6.58,7.28,хороший,True
47.0,78.75,469.2,6.4,6.56,6.61,6.95,6.8,6.68,5.82,5.88,6.48,6.53,6.35,5.87,6.25,7.07,хороший,True
47.0,79.375,394.3,5.97,5.86,6.0,6.5,6.42,6.36,5.58,5.63,6.08,6.12,5.95,5.46,5.66,6.59,хороший,True
47.0,80.0,400.0,5.76,5.79,5.78,6.38,6.22,6.16,5.38,5.36,5.64,5.8,5.72,5.33,5.58,6.36,умеренный,True
47.0,80.625,467.1,5.89,6.55,6.25,6.75,6.22,6.07,5.18,5.04,5.28,5.66,5.77,5.65,6.27,6.5,хороший,True
47.0,81.25,597.6,6.06,7.32,6.79,7.01,6.25,5.98,5.03,4.79,5.12,5.63,5.89,5.98,6.92,6.69,хороший,True
47.0,81.875,786.2,6.03,7.18,6.71,6.9,6.27,6.03,5.06,4.78,5.16,5.65,5.88,5.93,6.79,6.66,хороший,True
47.0,82.5,997.6,5.61,6.09,5.87,6.36,6.07,5.96,5.04,4.76,5.06,5.42,5.5,5.34,5.86,6.19,умеренный,True
47.0,83.125,1142.1,5.14,5.25,5.16,5.76,5.67,5.64,4.83,4.58,4.74,5.01,5.05,4.85,5.15,5.68,умеренный,True
47.0,83.75,1247.8,4.85,5.05,4.92,5.39,5.27,5.18,4.42,4.23,4.24,4.59,4.85,4.93,5.11,5.36,низкий,True
47.0,84.375,1333.8,4.88,5.62,5.18,5.43,5.15,4.98,4.17,3.97,3.99,4.43,4.88,5.22,5.61,5.39,низкий,True
47.0,85.0,1824.1,4.28,4.03,3.91,4.62,5.06,5.12,4.2,3.81,3.82,4.08,4.26,4.27,4.1,4.73,низкий,True
47.0,85.625,1858.8,4.4,4.09,4.14,4.59,5.22,5.42,4.32,3.84,3.85,4.1,4.34,4.58,4.27,4.86,низкий,True
47.0,86.25,1411.8,4.15,3.38,3.6,4.37,5.16,5.44,4.5,3.94,3.94,4.07,4.03,3.82,3.55,4.58,низкий,False
47.0,86.875,809.0,4.28,2.97,3.43,4.51,5.45,5.74,5.11,4.62,4.58,4.5,3.99,3.4,3.01,4.73,низкий,False
47.0,87.5,526.2,4.53,3.23,3.75,4.89,5.68,5.73,5.22,4.77,4.67,4.67,4.42,3.91,3.39,5.0,низкий,False
47.5,46.25,-1.0,6.33,6.62,6.91,7.1,6.67,6.12,5.85,5.45,5.69,6.3,6.38,6.33,6.59,6.99,хороший,False
47.5,46.875,-10.0,6.33,6.57,6.88,7.11,6.75,6.19,5.89,5.41,5.64,6.28,6.4,6.31,6.58,6.99,хороший,False
47.5,47.5,-12.9,6.32,6.53,6.84,7.08,6.82,6.22,5.91,5.38,5.63,6.26,6.42,6.29,6.57,6.98,хороший,True
47.5,48.125,-13.9,6.36,6.54,6.85,7.1,6.9,6.3,5.95,5.43,5.69,6.27,6.45,6.28,6.58,7.02,хороший,True
47.5,48.75,-16.4,6.38,6.57,6.86,7.12,6.95,6.37,5.96,5.45,5.69,6.26,6.48,6.29,6.6,7.04,хороший,True
47.5,49.375,-16.7,6.45,6.65,6.9,7.18,7.05,6.49,6.0,5.53,5.75,6.3,6.54,6.32,6.66,7.12,хороший,True
47.5,50.0,-17.9,6.46,6.72,6.93,7.19,7.08,6.49,5.99,5.52,5.74,6.31,6.57,6.34,6.7,7.13,хороший,True
47.5,50.625,-20.8,6.5,6.79,6.95,7.23,7.13,6.51,6.0,5.56,5.79,6.33,6.61,6.39,6.75,7.18,хороший,True
47.5,51.25,-23.2,6.55,6.85,6.96,7.28,7.19,6.56,6.05,5.64,5.89,6.38,6.66,6.43,6.79,7.23,хороший,True
47.5,51.875,-22.1,6.56,6.87,6.94,7.31,7.18,6.58,6.05,5.63,5.9,6.36,6.66,6.42,6.8,7.24,хороший,True
47.5,52.5,-21.8,6.59,6.89,6.95,7.34,7.19,6.65,6.12,5.68,5.99,6.4,6.7,6.4,6.81,7.28,хороший,True
47.5,53.125,-22.5,6.58,6.91,6.96,7.34,7.18,6.6,6.11,5.65,6.01,6.38,6.67,6.38,6.81,7.27,хороший,True
47.5,53.75,-11.1,6.57,6.98,7.03,7.31,7.15,6.55,6.06,5.62,5.99,6.36,6.62,6.36,6.81,7.25,хороший,True
47.5,54.375,40.7,6.64,7.18,7.2,7.37,7.17,6.59,6.08,5.69,6.02,6.43,6.63,6.4,6.91,7.33,хороший,True
47.5,55.0,105.4,6.65,7.23,7.24,7.39,7.13,6.6,6.08,5.76,6.04,6.43,6.58,6.38,6.93,7.34,хороший,True
47.5,55.625,126.5,6.56,7.08,7.11,7.31,7.02,6.53,6.02,5.76,6.0,6.34,6.48,6.28,6.81,7.24,хороший,True
47.5,56.25,127.3,6.52,6.97,7.03,7.27,6.97,6.51,6.02,5.82,6.02,6.28,6.43,6.2,6.71,7.2,хороший,True
47.5,56.875,149.3,6.52,6.92,7.01,7.28,6.99,6.54,6.08,5.93,6.07,6.26,6.42,6.13,6.65,7.2,хороший,True
47.5,57.5,182.2,6.6,7.1,7.19,7.41,7.05,6.6,6.12,6.02,6.11,6.26,6.47,6.17,6.78,7.29,хороший,True
47.5,58.125,231.0,6.62,7.08,7.19,7.42,7.07,6.64,6.14,6.09,6.15,6.24,6.5,6.16,6.78,7.31,хороший,True
47.5,58.75,198.3,6.48,6.75,6.92,7.25,6.95,6.58,6.1,6.09,6.13,6.12,6.39,5.99,6.51,7.16,хороший,True
47.5,59.375,191.7,6.45,6.71,6.85,7.25,6.93,6.57,6.06,6.07,6.12,6.05,6.38,5.95,6.47,7.12,хороший,True
47.5,60.0,188.6,6.46,6.7,6.83,7.25,6.93,6.59,6.1,6.11,6.18,6.04,6.41,5.97,6.46,7.13,хороший,True
47.5,60.625,149.7,6.4,6.56,6.7,7.14,6.88,6.58,6.11,6.12,6.21,6.0,6.35,5.88,6.33,7.07,хороший,True
47.5,61.25,120.4,6.36,6.44,6.58,7.07,6.85,6.58,6.12,6.13,6.22,5.99,6.28,5.8,6.23,7.02,хороший,True
47.5,61.875,88.5,6.32,6.4,6.5,7.04,6.83,6.58,6.1,6.11,6.21,5.95,6.22,5.77,6.19,6.98,хороший,True
47.5,62.5,76.6,6.32,6.41,6.46,7.05,6.84,6.59,6.11,6.11,6.2,5.94,6.19,5.76,6.19,6.98,хороший,True
47.5,63.125,78.7,6.35,6.47,6.45,7.07,6.87,6.61,6.12,6.14,6.23,5.95,6.2,5.76,6.25,7.01,хороший,True
47.5,63.75,98.0,6.41,6.62,6.54,7.13,6.9,6.64,6.14,6.19,6.28,6.01,6.24,5.81,6.37,7.08,хороший,True
47.5,64.375,119.4,6.43,6.71,6.6,7.19,6.88,6.61,6.1,6.19,6.29,6.04,6.26,5.84,6.41,7.1,хороший,True
47.5,65.0,152.5,6.51,6.97,6.8,7.34,6.91,6.62,6.08,6.17,6.32,6.1,6.32,5.89,6.54,7.19,хороший,True
47.5,65.625,244.1,6.78,7.63,7.38,7.72,7.1,6.77,6.18,6.25,6.45,6.29,6.55,6.12,6.97,7.49,хороший,True
47.5,66.25,368.5,6.99,7.94,7.73,8.0,7.27,6.9,6.3,6.36,6.59,6.48,6.76,6.35,7.27,7.72,отличный,True
47.5,66.875,411.5,6.82,7.33,7.26,7.7,7.16,6.83,6.32,6.37,6.57,6.46,6.68,6.23,6.9,7.53,отличный,True
47.5,67.5,354.9,6.52,6.67,6.7,7.26,6.9,6.66,6.22,6.29,6.47,6.3,6.42,5.92,6.37,7.2,хороший,True
47.5,68.125,322.6,6.42,6.53,6.57,7.13,6.78,6.58,6.14,6.25,6.43,6.24,6.33,5.85,6.23,7.09,хороший,True
47.5,68.75,324.5,6.39,6.47,6.53,7.09,6.74,6.52,6.12,6.24,6.42,6.2,6.3,5.86,6.2,7.06,хороший,True
47.5,69.375,333.7,6.37,6.44,6.54,7.08,6.72,6.45,6.08,6.17,6.37,6.17,6.29,5.89,6.21,7.03,хороший,True
47.5,70.0,380.2,6.54,6.92,6.94,7.31,6.82,6.49,6.08,6.14,6.38,6.25,6.43,6.1,6.57,7.22,хороший,True
47.5,70.625,482.2,6.73,7.43,7.36,7.59,6.93,6.56,6.09,6.13,6.41,6.34,6.6,6.36,7.0,7.43,хороший,True
47.5,71.25,572.4,6.75,7.51,7.47,7.66,6.93,6.52,6.04,6.05,6.35,6.31,6.62,6.42,7.12,7.45,хороший,True
47.5,71.875,679.4,6.71,7.39,7.41,7.62,6.9,6.5,5.99,6.02,6.33,6.3,6.58,6.39,7.08,7.41,хороший,True
47.5,72.5,739.1,6.56,6.95,7.04,7.37,6.85,6.51,5.95,6.0,6.29,6.27,6.5,6.25,6.75,7.24,хороший,True
47.5,73.125,727.3,6.28,6.29,6.42,6.89,6.66,6.44,5.89,5.95,6.25,6.19,6.29,5.91,6.19,6.93,хороший,True
47.5,73.75,634.3,5.98,5.77,5.9,6.44,6.4,6.27,5.77,5.84,6.15,6.06,5.97,5.47,5.67,6.6,хороший,True
47.5,74.375,576.6,6.06,6.12,6.21,6.58,6.41,6.28,5.74,5.82,6.19,6.12,5.97,5.43,5.83,6.69,хороший,True
47.5,75.0,599.4,6.19,6.34,6.41,6.7,6.52,6.4,5.81,5.88,6.31,6.24,6.1,5.56,6.0,6.83,хороший,True
47.5,75.625,542.3,6.1,6.15,6.23,6.52,6.46,6.39,5.79,5.86,6.32,6.21,6.03,5.46,5.83,6.74,хороший,True
47.5,76.25,549.8,6.16,6.25,6.3,6.58,6.49,6.44,5.81,5.9,6.41,6.29,6.08,5.49,5.9,6.8,хороший,True
47.5,76.875,600.9,6.35,6.58,6.59,6.83,6.65,6.57,5.89,5.97,6.54,6.45,6.27,5.7,6.17,7.01,хороший,True
47.5,77.5,658.1,6.45,6.68,6.7,6.97,6.77,6.68,5.95,5.99,6.61,6.54,6.38,5.84,6.3,7.12,хороший,True
47.5,78.125,661.7,6.34,6.34,6.43,6.84,6.75,6.66,5.9,5.95,6.56,6.49,6.31,5.77,6.08,7.0,хороший,True
47.5,78.75,572.0,6.16,6.06,6.2,6.65,6.61,6.53,5.77,5.85,6.44,6.36,6.09,5.51,5.78,6.8,хороший,True
47.5,79.375,511.2,6.18,6.17,6.33,6.74,6.61,6.53,5.73,5.84,6.45,6.39,6.05,5.47,5.8,6.82,хороший,True
47.5,80.0,540.9,6.16,6.12,6.25,6.77,6.59,6.56,5.72,5.84,6.38,6.34,6.05,5.51,5.83,6.8,хороший,True
47.5,80.625,723.5,6.15,6.3,6.25,6.9,6.53,6.5,5.59,5.66,6.07,6.2,6.06,5.66,6.12,6.79,хороший,True
47.5,81.25,1048.9,5.81,6.0,5.94,6.62,6.21,6.1,5.18,5.16,5.47,5.75,5.82,5.55,5.93,6.42,умеренный,True
47.5,81.875,1212.1,5.47,5.7,5.63,6.19,5.88,5.71,4.83,4.73,4.85,5.19,5.58,5.56,5.78,6.04,умеренный,True
47.5,82.5,1175.9,5.27,5.57,5.4,5.86,5.65,5.53,4.72,4.56,4.53,4.83,5.37,5.51,5.71,5.82,умеренный,True
47.5,83.125,1064.8,5.17,5.53,5.3,5.62,5.55,5.47,4.67,4.48,4.45,4.74,5.25,5.39,5.62,5.71,умеренный,True
47.5,83.75,967.5,5.31,5.69,5.45,5.59,5.73,5.73,4.86,4.63,4.67,4.93,5.32,5.42,5.69,5.86,умеренный,True
47.5,84.375,822.2,4.85,4.6,4.52,4.95,5.47,5.6,4.83,4.59,4.64,4.74,4.87,4.72,4.66,5.36,низкий,True
47.5,85.0,935.3,4.84,4.13,4.17,4.91,5.66,5.82,5.11,4.86,4.93,4.92,4.79,4.49,4.24,5.34,низкий,True
47.5,85.625,1056.5,6.19,6.12,5.97,6.38,6.98,7.1,6.19,5.75,5.87,5.94,5.93,5.92,6.09,6.83,хороший,True
47.5,86.25,936.0,6.74,7.11,6.95,7.01,7.48,7.61,6.6,5.89,6.01,6.11,6.4,6.62,7.07,7.44,хороший,False
47.5,86.875,693.1,6.08,5.59,5.83,6.37,7.03,7.23,6.46,5.81,5.73,5.64,5.76,5.77,5.72,6.71,хороший,False
47.5,87.5,532.4,5.3,4.05,4.66,5.74,6.45,6.43,5.91,5.44,5.35,5.23,5.17,4.83,4.29,5.85,умеренный,False
48.0,46.25,-2.8,6.34,6.64,6.95,7.13,6.7,6.1,5.86,5.46,5.7,6.27,6.39,6.34,6.56,7.0,хороший,False
48.0,46.875,-3.2,6.34,6.61,6.91,7.11,6.76,6.16,5.9,5.47,5.69,6.26,6.41,6.31,6.56,7.0,хороший,True
48.0,47.5,-5.9,6.33,6.57,6.86,7.08,6.82,6.18,5.91,5.45,5.68,6.23,6.42,6.26,6.54,6.99,хороший,True
48.0,48.125,-11.3,6.37,6.58,6.85,7.1,6.93,6.29,5.98,5.52,5.76,6.24,6.45,6.27,6.55,7.03,хороший,True
48.0,48.75,-13.7,6.36,6.62,6.87,7.11,6.96,6.31,5.92,5.46,5.69,6.16,6.45,6.25,6.57,7.02,хороший,True
48.0,49.375,-13.8,6.38,6.69,6.89,7.14,7.0,6.38,5.89,5.47,5.7,6.16,6.49,6.26,6.59,7.04,хороший,True
48.0,50.0,-14.0,6.41,6.73,6.89,7.15,7.03,6.43,5.9,5.51,5.73,6.18,6.51,6.26,6.59,7.08,хороший,True
48.0,50.625,-15.7,6.44,6.76,6.88,7.16,7.06,6.48,5.93,5.57,5.78,6.21,6.55,6.27,6.61,7.11,хороший,True
48.0,51.25,-16.9,6.5,6.81,6.88,7.2,7.12,6.55,6.02,5.68,5.9,6.27,6.6,6.31,6.65,7.18,хороший,True
48.0,51.875,-15.5,6.48,6.82,6.84,7.2,7.08,6.52,5.99,5.66,5.89,6.26,6.62,6.3,6.66,7.16,хороший,True
48.0,52.5,-16.3,6.48,6.84,6.84,7.19,7.06,6.49,5.99,5.61,5.92,6.26,6.62,6.29,6.68,7.16,хороший,True
48.0,53.125,-10.4,6.5,6.89,6.9,7.22,7.1,6.5,6.0,5.59,5.94,6.25,6.61,6.29,6.68,7.18,хороший,True
48.0,53.75,14.3,6.51,6.99,7.02,7.26,7.11,6.46,5.96,5.56,5.9,6.25,6.6,6.31,6.72,7.19,хороший,True
48.0,54.375,72.2,6.6,7.2,7.21,7.36,7.16,6.52,6.0,5.64,5.94,6.33,6.64,6.39,6.86,7.29,хороший,True
48.0,55.0,119.5,6.66,7.31,7.28,7.43,7.17,6.56,6.05,5.73,5.99,6.37,6.65,6.42,6.95,7.35,хороший,True
48.0,55.625,134.3,6.53,7.08,7.07,7.27,7.01,6.46,6.0,5.73,5.96,6.26,6.5,6.24,6.76,7.21,хороший,True
48.0,56.25,163.2,6.51,7.02,7.04,7.24,6.96,6.46,6.0,5.77,5.99,6.24,6.47,6.19,6.72,7.19,хороший,True
48.0,56.875,189.9,6.53,6.98,7.04,7.28,7.01,6.5,6.05,5.85,6.01,6.24,6.49,6.19,6.71,7.21,хороший,True
48.0,57.5,219.2,6.57,7.07,7.14,7.38,7.07,6.55,6.05,5.91,6.01,6.22,6.51,6.21,6.78,7.25,хороший,True
48.0,58.125,260.7,6.61,7.1,7.16,7.43,7.11,6.6,6.11,6.02,6.07,6.23,6.55,6.22,6.81,7.3,хороший,True
48.0,58.75,245.9,6.52,6.83,6.94,7.29,7.02,6.58,6.13,6.08,6.1,6.18,6.49,6.1,6.58,7.2,хороший,True
48.0,59.375,205.1,6.44,6.63,6.77,7.2,6.93,6.56,6.11,6.1,6.1,6.1,6.43,5.98,6.4,7.11,хороший,True
48.0,60.0,208.9,6.49,6.71,6.8,7.25,6.97,6.61,6.13,6.14,6.15,6.1,6.49,6.04,6.47,7.17,хороший,True
48.0,60.625,170.7,6.44,6.56,6.67,7.14,6.92,6.6,6.15,6.17,6.18,6.07,6.45,5.99,6.35,7.11,хороший,True
48.0,61.25,99.8,6.34,6.35,6.49,7.03,6.82,6.58,6.13,6.16,6.15,5.99,6.32,5.83,6.17,7.0,хороший,True
48.0,61.875,85.3,6.32,6.31,6.44,7.02,6.81,6.6,6.14,6.15,6.17,5.97,6.28,5.81,6.13,6.98,хороший,True
48.0,62.5,69.1,6.3,6.34,6.42,7.01,6.8,6.59,6.1,6.11,6.16,5.94,6.25,5.79,6.12,6.96,хороший,True
48.0,63.125,68.0,6.32,6.42,6.44,7.04,6.81,6.6,6.1,6.12,6.19,5.95,6.26,5.78,6.18,6.98,хороший,True
48.0,63.75,92.7,6.37,6.53,6.5,7.09,6.83,6.62,6.11,6.13,6.22,6.0,6.3,5.81,6.27,7.03,хороший,True
48.0,64.375,125.4,6.41,6.63,6.57,7.16,6.83,6.63,6.13,6.17,6.27,6.05,6.33,5.84,6.33,7.08,хороший,True
48.0,65.0,171.8,6.51,6.93,6.79,7.32,6.88,6.65,6.11,6.18,6.29,6.09,6.39,5.92,6.51,7.19,хороший,True
48.0,65.625,274.6,6.8,7.66,7.38,7.78,7.1,6.79,6.17,6.23,6.38,6.25,6.62,6.2,7.03,7.51,отличный,True
48.0,66.25,423.4,7.02,8.01,7.73,8.1,7.3,6.92,6.26,6.31,6.48,6.4,6.84,6.46,7.38,7.75,отличный,True
48.0,66.875,477.1,6.81,7.34,7.23,7.75,7.18,6.85,6.26,6.31,6.43,6.36,6.73,6.31,6.95,7.52,отличный,True
48.0,67.5,422.1,6.49,6.59,6.64,7.25,6.92,6.69,6.19,6.26,6.34,6.23,6.48,5.93,6.34,7.17,хороший,True
48.0,68.125,391.9,6.42,6.46,6.55,7.12,6.84,6.64,6.17,6.27,6.37,6.2,6.4,5.84,6.2,7.09,хороший,True
48.0,68.75,374.7,6.37,6.38,6.48,7.05,6.77,6.56,6.13,6.24,6.36,6.15,6.34,5.84,6.15,7.03,хороший,True
48.0,69.375,356.6,6.29,6.26,6.39,6.97,6.69,6.42,6.05,6.14,6.3,6.05,6.25,5.81,6.09,6.95,хороший,True
48.0,70.0,389.5,6.4,6.59,6.67,7.14,6.75,6.41,6.02,6.05,6.29,6.09,6.35,6.01,6.38,7.07,хороший,True
48.0,70.625,471.3,6.57,7.05,7.05,7.39,6.85,6.44,6.02,5.99,6.29,6.16,6.51,6.3,6.81,7.25,хороший,True
48.0,71.25,554.0,6.66,7.35,7.32,7.55,6.87,6.41,5.98,5.91,6.24,6.15,6.58,6.49,7.1,7.35,хороший,True
48.0,71.875,674.3,6.76,7.59,7.55,7.74,6.92,6.43,5.96,5.89,6.21,6.17,6.66,6.68,7.34,7.46,хороший,True
48.0,72.5,785.9,6.71,7.39,7.39,7.64,6.91,6.47,5.95,5.88,6.16,6.15,6.65,6.69,7.22,7.41,хороший,True
48.0,73.125,796.3,6.4,6.63,6.73,7.13,6.71,6.4,5.89,5.83,6.07,6.04,6.42,6.31,6.63,7.07,хороший,True
48.0,73.75,745.4,6.11,6.06,6.19,6.68,6.49,6.32,5.81,5.79,6.03,5.96,6.13,5.8,6.04,6.75,хороший,True
48.0,74.375,738.4,6.12,6.16,6.25,6.7,6.49,6.37,5.78,5.82,6.11,6.04,6.08,5.66,6.0,6.76,хороший,True
48.0,75.0,754.2,6.16,6.2,6.26,6.71,6.56,6.44,5.8,5.84,6.19,6.12,6.12,5.69,6.01,6.8,хороший,True
48.0,75.625,687.7,6.07,6.04,6.09,6.53,6.48,6.42,5.77,5.81,6.21,6.08,6.02,5.51,5.82,6.7,хороший,True
48.0,76.25,671.8,6.13,6.16,6.2,6.59,6.51,6.47,5.8,5.85,6.3,6.15,6.08,5.54,5.86,6.77,хороший,True
48.0,76.875,716.7,6.3,6.4,6.42,6.8,6.65,6.59,5.89,5.94,6.41,6.31,6.27,5.8,6.11,6.96,хороший,True
48.0,77.5,727.0,6.27,6.23,6.28,6.76,6.67,6.6,5.87,5.91,6.42,6.33,6.29,5.84,6.05,6.92,хороший,True
48.0,78.125,681.4,6.12,5.92,6.04,6.61,6.58,6.53,5.8,5.81,6.34,6.26,6.14,5.64,5.77,6.76,хороший,True
48.0,78.75,677.2,6.26,6.21,6.36,6.86,6.7,6.64,5.83,5.84,6.45,6.42,6.22,5.67,5.92,6.91,хороший,True
48.0,79.375,746.3,6.53,6.62,6.79,7.16,6.92,6.85,5.96,6.01,6.68,6.65,6.47,5.99,6.29,7.21,хороший,True
48.0,80.0,746.0,6.46,6.55,6.66,6.99,6.82,6.77,5.89,5.97,6.56,6.51,6.45,6.08,6.32,7.13,хороший,True
48.0,80.625,775.0,6.41,6.74,6.68,7.0,6.69,6.57,5.7,5.77,6.2,6.29,6.46,6.26,6.59,7.08,хороший,True
48.0,81.25,928.1,6.33,6.85,6.71,7.0,6.58,6.34,5.48,5.49,5.71,5.99,6.49,6.52,6.84,6.99,хороший,True
48.0,81.875,871.7,5.47,5.09,5.2,5.8,6.01,5.98,5.23,5.16,5.17,5.28,5.71,5.53,5.39,6.04,умеренный,True
48.0,82.5,622.7,4.63,3.51,3.88,4.75,5.46,5.64,5.0,4.87,4.89,4.78,4.82,4.21,3.69,5.11,низкий,True
48.0,83.125,475.6,4.54,3.55,3.91,4.82,5.35,5.47,4.85,4.63,4.66,4.65,4.64,4.19,3.73,5.01,низкий,True
48.0,83.75,454.8,4.92,4.5,4.68,5.32,5.54,5.62,4.91,4.6,4.61,4.75,4.94,4.89,4.7,5.43,низкий,True
48.0,84.375,476.3,5.33,5.61,5.57,5.78,5.7,5.74,5.07,4.7,4.65,4.81,5.15,5.54,5.72,5.89,умеренный,True
48.0,85.0,491.8,5.92,7.14,6.78,6.42,5.96,5.85,5.29,4.91,4.81,4.99,5.59,6.35,7.03,6.54,хороший,True
48.0,85.625,493.1,6.48,8.22,7.71,7.03,6.35,6.15,5.52,5.09,5.04,5.3,6.15,7.13,8.09,7.16,хороший,True
48.0,86.25,513.6,6.4,7.96,7.48,6.94,6.4,6.18,5.47,5.01,5.03,5.32,6.16,7.06,7.88,7.07,хороший,False
48.0,86.875,761.1,5.33,5.92,5.73,5.73,5.65,5.54,4.9,4.55,4.6,4.72,5.16,5.59,5.89,5.89,умеренный,False
48.0,87.5,1189.0,4.54,4.63,4.6,4.9,4.95,4.9,4.47,4.23,4.29,4.22,4.29,4.48,4.58,5.01,низкий,False
48.5,46.25,10.6,6.34,6.68,6.99,7.11,6.7,6.07,5.84,5.47,5.71,6.25,6.41,6.32,6.55,7.0,хороший,True
48.5,46.875,10.6,6.36,6.69,6.96,7.1,6.76,6.13,5.89,5.52,5.76,6.27,6.43,6.3,6.56,7.02,хороший,True
48.5,47.5,-6.8,6.34,6.64,6.89,7.06,6.79,6.15,5.9,5.52,5.74,6.22,6.41,6.25,6.52,7.0,хороший,True
48.5,48.125,-5.2,6.35,6.66,6.87,7.07,6.88,6.22,5.9,5.52,5.75,6.16,6.41,6.22,6.53,7.01,хороший,True
48.5,48.75,-6.3,6.33,6.69,6.87,7.06,6.92,6.24,5.86,5.45,5.7,6.08,6.42,6.21,6.52,6.99,хороший,True
48.5,49.375,-8.0,6.35,6.73,6.88,7.07,6.95,6.31,5.84,5.45,5.7,6.06,6.44,6.22,6.53,7.01,хороший,True
48.5,50.0,-10.7,6.39,6.77,6.88,7.1,7.0,6.42,5.88,5.52,5.75,6.11,6.49,6.22,6.54,7.06,хороший,True
48.5,50.625,-13.0,6.39,6.76,6.83,7.09,7.0,6.45,5.89,5.56,5.79,6.12,6.52,6.2,6.52,7.06,хороший,True
48.5,51.25,-10.9,6.42,6.77,6.79,7.11,7.02,6.49,5.91,5.63,5.85,6.16,6.58,6.22,6.55,7.09,хороший,True
48.5,51.875,-8.3,6.44,6.8,6.79,7.12,7.01,6.48,5.93,5.64,5.88,6.18,6.62,6.24,6.58,7.11,хороший,True
48.5,52.5,-5.1,6.44,6.84,6.81,7.12,6.99,6.44,5.94,5.62,5.89,6.18,6.61,6.23,6.59,7.11,хороший,True
48.5,53.125,5.7,6.46,6.89,6.89,7.15,7.03,6.45,5.96,5.62,5.9,6.17,6.6,6.23,6.6,7.13,хороший,True
48.5,53.75,28.1,6.48,6.99,7.01,7.22,7.05,6.44,5.93,5.6,5.85,6.19,6.59,6.26,6.64,7.16,хороший,True
48.5,54.375,70.0,6.51,7.13,7.12,7.28,7.06,6.44,5.91,5.6,5.85,6.21,6.6,6.29,6.72,7.19,хороший,True
48.5,55.0,122.5,6.56,7.23,7.17,7.33,7.08,6.46,5.96,5.66,5.91,6.25,6.61,6.31,6.8,7.24,хороший,True
48.5,55.625,161.5,6.54,7.19,7.12,7.3,7.02,6.45,5.97,5.69,5.93,6.24,6.58,6.29,6.79,7.22,хороший,True
48.5,56.25,195.3,6.51,7.08,7.04,7.24,6.99,6.44,5.97,5.73,5.95,6.23,6.53,6.24,6.72,7.19,хороший,True
48.5,56.875,218.6,6.46,6.91,6.92,7.19,6.98,6.43,5.99,5.79,5.96,6.2,6.47,6.16,6.6,7.13,хороший,True
48.5,57.5,219.6,6.44,6.84,6.88,7.21,7.0,6.45,5.99,5.83,5.93,6.16,6.42,6.09,6.55,7.11,хороший,True
48.5,58.125,269.0,6.64,7.22,7.23,7.49,7.16,6.61,6.1,5.98,6.03,6.26,6.56,6.24,6.83,7.33,хороший,True
48.5,58.75,311.2,6.66,7.06,7.12,7.45,7.15,6.66,6.19,6.12,6.13,6.32,6.65,6.32,6.75,7.35,хороший,True
48.5,59.375,234.2,6.46,6.62,6.75,7.18,6.96,6.56,6.13,6.12,6.09,6.19,6.5,6.1,6.39,7.13,хороший,True
48.5,60.0,203.1,6.4,6.51,6.63,7.11,6.91,6.53,6.07,6.09,6.06,6.11,6.46,6.04,6.31,7.07,хороший,True
48.5,60.625,172.3,6.39,6.47,6.59,7.09,6.88,6.54,6.09,6.1,6.07,6.08,6.46,6.02,6.28,7.06,хороший,True
48.5,61.25,124.0,6.32,6.33,6.48,7.01,6.8,6.53,6.1,6.11,6.06,6.02,6.38,5.91,6.16,6.98,хороший,True
48.5,61.875,87.1,6.31,6.27,6.43,7.0,6.79,6.57,6.11,6.12,6.1,5.99,6.33,5.85,6.11,6.97,хороший,True
48.5,62.5,97.0,6.37,6.4,6.53,7.07,6.84,6.64,6.15,6.14,6.17,6.02,6.36,5.91,6.21,7.03,хороший,True
48.5,63.125,113.4,6.4,6.49,6.58,7.09,6.84,6.65,6.17,6.15,6.19,6.05,6.39,5.93,6.27,7.07,хороший,True
48.5,63.75,117.1,6.42,6.54,6.59,7.13,6.84,6.65,6.15,6.16,6.22,6.08,6.4,5.94,6.31,7.09,хороший,True
48.5,64.375,151.3,6.47,6.71,6.69,7.21,6.85,6.67,6.16,6.19,6.26,6.11,6.44,5.98,6.4,7.14,хороший,True
48.5,65.0,204.1,6.56,6.89,6.81,7.33,6.91,6.71,6.19,6.25,6.31,6.16,6.52,6.05,6.53,7.24,хороший,True
48.5,65.625,265.4,6.7,7.37,7.13,7.62,7.01,6.74,6.16,6.19,6.29,6.19,6.64,6.22,6.87,7.4,хороший,True
48.5,66.25,383.3,7.01,8.09,7.75,8.15,7.26,6.88,6.21,6.21,6.35,6.32,6.88,6.54,7.45,7.74,отличный,True
48.5,66.875,514.5,6.92,7.66,7.49,7.99,7.24,6.88,6.25,6.23,6.32,6.34,6.86,6.53,7.26,7.64,отличный,True
48.5,67.5,501.3,6.61,6.8,6.86,7.48,7.03,6.76,6.23,6.22,6.26,6.25,6.64,6.2,6.62,7.3,хороший,True
48.5,68.125,477.1,6.49,6.51,6.65,7.24,6.92,6.69,6.21,6.23,6.27,6.2,6.52,6.04,6.36,7.17,хороший,True
48.5,68.75,452.1,6.42,6.36,6.52,7.12,6.86,6.64,6.19,6.22,6.29,6.16,6.44,6.0,6.25,7.09,хороший,True
48.5,69.375,408.8,6.29,6.19,6.36,6.96,6.72,6.49,6.1,6.11,6.23,6.05,6.32,5.89,6.11,6.95,хороший,True
48.5,70.0,404.3,6.3,6.34,6.45,6.99,6.68,6.39,6.02,6.0,6.18,5.99,6.3,5.95,6.23,6.96,хороший,True
48.5,70.625,449.1,6.36,6.59,6.65,7.08,6.69,6.35,5.97,5.91,6.15,6.0,6.37,6.12,6.47,7.02,хороший,True
48.5,71.25,500.4,6.42,6.78,6.82,7.15,6.7,6.32,5.92,5.81,6.11,5.99,6.43,6.3,6.68,7.09,хороший,True
48.5,71.875,568.3,6.53,7.12,7.1,7.35,6.76,6.31,5.9,5.74,6.06,6.0,6.51,6.51,6.98,7.21,хороший,True
48.5,72.5,651.1,6.58,7.27,7.23,7.47,6.79,6.34,5.88,5.73,6.01,6.01,6.55,6.6,7.12,7.27,хороший,True
48.5,73.125,727.3,6.48,6.99,7.02,7.31,6.72,6.35,5.88,5.74,5.98,5.99,6.46,6.47,6.91,7.16,хороший,True
48.5,73.75,810.2,6.38,6.68,6.76,7.15,6.65,6.4,5.87,5.77,6.0,6.0,6.36,6.29,6.65,7.04,хороший,True
48.5,74.375,880.2,6.35,6.54,6.61,7.08,6.64,6.47,5.86,5.8,6.06,6.03,6.33,6.24,6.53,7.01,хороший,True
48.5,75.0,922.7,6.26,6.31,6.38,6.9,6.61,6.51,5.83,5.79,6.07,6.02,6.25,6.13,6.34,6.91,хороший,True
48.5,75.625,887.7,6.12,6.02,6.1,6.65,6.53,6.51,5.79,5.77,6.09,5.99,6.11,5.89,6.04,6.76,хороший,True
48.5,76.25,821.4,6.12,6.04,6.1,6.63,6.52,6.53,5.8,5.79,6.18,6.03,6.12,5.79,5.96,6.76,хороший,True
48.5,76.875,813.5,6.24,6.21,6.26,6.75,6.61,6.61,5.86,5.85,6.28,6.15,6.26,5.96,6.12,6.89,хороший,True
48.5,77.5,800.3,6.27,6.2,6.24,6.75,6.64,6.63,5.88,5.86,6.3,6.2,6.3,6.03,6.14,6.92,хороший,True
48.5,78.125,791.2,6.31,6.28,6.35,6.83,6.67,6.65,5.89,5.84,6.33,6.28,6.33,6.04,6.19,6.97,хороший,True
48.5,78.75,843.6,6.53,6.68,6.73,7.09,6.8,6.77,5.96,5.9,6.41,6.4,6.56,6.4,6.63,7.21,хороший,True
48.5,79.375,826.5,6.5,6.67,6.67,6.96,6.71,6.69,5.91,5.83,6.29,6.28,6.58,6.56,6.8,7.18,хороший,True
48.5,80.0,745.1,6.28,6.43,6.42,6.65,6.5,6.51,5.75,5.69,6.1,6.08,6.38,6.34,6.55,6.93,хороший,True
48.5,80.625,766.5,6.38,6.86,6.73,6.79,6.52,6.46,5.66,5.62,6.0,6.05,6.46,6.54,6.88,7.04,хороший,True
48.5,81.25,796.2,6.4,7.02,6.82,6.8,6.5,6.41,5.59,5.54,5.81,5.93,6.51,6.75,7.12,7.07,хороший,True
48.5,81.875,688.0,5.83,5.86,5.85,6.06,6.17,6.23,5.43,5.36,5.55,5.53,5.92,5.91,6.06,6.44,умеренный,True
48.5,82.5,524.2,5.26,5.08,5.09,5.55,5.75,5.83,5.08,4.93,5.11,5.06,5.25,5.15,5.19,5.81,умеренный,True
48.5,83.125,433.5,5.13,5.21,5.14,5.64,5.57,5.52,4.77,4.52,4.63,4.76,5.13,5.3,5.35,5.66,умеренный,True
48.5,83.75,480.5,5.39,6.04,5.71,6.02,5.67,5.53,4.72,4.37,4.49,4.84,5.4,5.83,6.14,5.95,умеренный,True
48.5,84.375,751.1,5.74,6.94,6.38,6.32,5.83,5.69,4.83,4.42,4.61,5.06,5.67,6.24,6.91,6.34,умеренный,True
48.5,85.0,1068.9,5.68,6.88,6.36,6.18,5.79,5.68,4.87,4.42,4.65,5.03,5.56,6.05,6.74,6.27,умеренный,True
48.5,85.625,1211.3,4.98,5.67,5.42,5.45,5.19,5.17,4.48,4.08,4.26,4.51,4.84,5.16,5.56,5.5,умеренный,True
48.5,86.25,1374.7,4.22,4.39,4.32,4.58,4.54,4.58,4.0,3.73,3.85,3.97,4.1,4.25,4.33,4.66,низкий,True
48.5,86.875,1637.4,3.56,3.54,3.48,3.8,3.86,3.95,3.45,3.29,3.38,3.41,3.45,3.53,3.5,3.93,низкий,True
48.5,87.5,2021.5,3.19,3.03,3.0,3.39,3.52,3.73,3.21,3.08,3.11,3.11,3.09,3.01,2.93,3.52,низкий,False
49.0,46.25,16.7,6.35,6.76,7.04,7.07,6.7,6.05,5.82,5.52,5.69,6.24,6.46,6.33,6.56,7.01,хороший,False
49.0,46.875,12.4,6.42,6.81,7.06,7.12,6.79,6.15,5.9,5.6,5.81,6.3,6.52,6.36,6.61,7.09,хороший,True
49.0,47.5,17.6,6.38,6.79,7.0,7.07,6.78,6.14,5.88,5.57,5.8,6.24,6.48,6.28,6.58,7.04,хороший,True
49.0,48.125,10.1,6.38,6.79,6.96,7.06,6.86,6.19,5.9,5.55,5.79,6.2,6.48,6.26,6.56,7.04,хороший,True
49.0,48.75,2.8,6.38,6.81,6.93,7.05,6.9,6.25,5.89,5.51,5.78,6.14,6.48,6.26,6.55,7.04,хороший,True
49.0,49.375,-2.6,6.39,6.82,6.93,7.05,6.93,6.33,5.89,5.52,5.77,6.12,6.5,6.26,6.54,7.06,хороший,True
49.0,50.0,-4.7,6.42,6.85,6.92,7.07,6.96,6.42,5.91,5.6,5.83,6.15,6.56,6.27,6.54,7.09,хороший,True
49.0,50.625,-4.5,6.39,6.83,6.87,7.06,6.93,6.4,5.83,5.58,5.78,6.13,6.57,6.24,6.52,7.06,хороший,True
49.0,51.25,-3.7,6.41,6.85,6.84,7.09,6.95,6.44,5.86,5.62,5.81,6.15,6.6,6.23,6.53,7.08,хороший,True
49.0,51.875,-2.3,6.44,6.88,6.85,7.12,6.96,6.47,5.92,5.66,5.86,6.18,6.64,6.24,6.56,7.11,хороший,True
49.0,52.5,0.9,6.45,6.91,6.87,7.12,6.94,6.43,5.94,5.68,5.89,6.19,6.63,6.23,6.57,7.12,хороший,True
49.0,53.125,12.8,6.45,6.94,6.91,7.16,6.97,6.41,5.94,5.63,5.88,6.18,6.6,6.22,6.57,7.12,хороший,True
49.0,53.75,37.4,6.45,7.02,7.0,7.21,6.98,6.41,5.88,5.56,5.84,6.17,6.58,6.22,6.59,7.12,хороший,True
49.0,54.375,77.3,6.46,7.09,7.04,7.24,6.99,6.41,5.85,5.54,5.81,6.17,6.59,6.24,6.63,7.13,хороший,True
49.0,55.0,115.1,6.49,7.14,7.07,7.27,7.02,6.42,5.88,5.58,5.85,6.2,6.6,6.26,6.67,7.17,хороший,True
49.0,55.625,168.3,6.51,7.15,7.05,7.29,7.03,6.44,5.92,5.63,5.89,6.21,6.58,6.26,6.69,7.19,хороший,True
49.0,56.25,197.8,6.51,7.12,7.04,7.28,7.04,6.45,5.95,5.67,5.91,6.22,6.56,6.26,6.69,7.19,хороший,True
49.0,56.875,233.1,6.47,6.98,6.94,7.23,7.04,6.45,5.95,5.71,5.88,6.18,6.51,6.2,6.61,7.14,хороший,True
49.0,57.5,255.3,6.49,6.95,6.96,7.26,7.08,6.51,5.99,5.82,5.91,6.19,6.48,6.18,6.58,7.17,хороший,True
49.0,58.125,308.1,6.63,7.18,7.19,7.48,7.2,6.6,6.07,5.92,5.97,6.26,6.6,6.34,6.8,7.32,хороший,True
49.0,58.75,343.8,6.68,7.11,7.16,7.51,7.22,6.65,6.17,6.05,6.07,6.32,6.7,6.46,6.81,7.38,хороший,True
49.0,59.375,277.1,6.54,6.69,6.81,7.24,7.06,6.58,6.18,6.11,6.1,6.26,6.61,6.32,6.49,7.22,хороший,True
49.0,60.0,203.9,6.39,6.43,6.58,7.05,6.91,6.51,6.11,6.09,6.05,6.14,6.46,6.09,6.22,7.06,хороший,True
49.0,60.625,188.0,6.42,6.5,6.64,7.12,6.91,6.55,6.14,6.12,6.05,6.13,6.49,6.11,6.28,7.09,хороший,True
49.0,61.25,161.9,6.42,6.48,6.64,7.12,6.87,6.58,6.18,6.16,6.08,6.13,6.47,6.08,6.26,7.09,хороший,True
49.0,61.875,108.5,6.37,6.34,6.56,7.07,6.83,6.59,6.16,6.15,6.09,6.08,6.42,6.0,6.2,7.03,хороший,True
49.0,62.5,103.2,6.4,6.39,6.59,7.12,6.85,6.64,6.16,6.11,6.12,6.07,6.44,6.05,6.27,7.07,хороший,True
49.0,63.125,112.1,6.39,6.4,6.59,7.12,6.83,6.61,6.12,6.05,6.11,6.05,6.42,6.06,6.29,7.06,хороший,True
49.0,63.75,123.8,6.4,6.47,6.6,7.13,6.82,6.6,6.1,6.06,6.13,6.06,6.42,6.06,6.31,7.07,хороший,True
49.0,64.375,155.2,6.46,6.63,6.68,7.21,6.84,6.62,6.12,6.1,6.17,6.09,6.48,6.11,6.41,7.13,хороший,True
49.0,65.0,191.7,6.52,6.81,6.78,7.3,6.88,6.65,6.14,6.11,6.18,6.1,6.55,6.18,6.53,7.2,хороший,True
49.0,65.625,236.7,6.6,7.06,6.94,7.45,6.93,6.68,6.14,6.11,6.17,6.13,6.61,6.25,6.71,7.29,хороший,True
49.0,66.25,332.7,6.82,7.64,7.4,7.86,7.08,6.76,6.16,6.12,6.2,6.22,6.78,6.47,7.18,7.53,отличный,True
49.0,66.875,471.8,7.02,7.93,7.72,8.16,7.26,6.89,6.25,6.18,6.27,6.35,6.95,6.73,7.51,7.75,отличный,True
49.0,67.5,557.4,6.89,7.38,7.37,7.93,7.22,6.89,6.3,6.21,6.27,6.36,6.91,6.69,7.21,7.61,отличный,True
49.0,68.125,528.2,6.63,6.73,6.87,7.46,7.03,6.76,6.26,6.18,6.19,6.26,6.7,6.43,6.74,7.32,хороший,True
49.0,68.75,463.4,6.46,6.43,6.61,7.19,6.87,6.64,6.19,6.13,6.14,6.15,6.53,6.23,6.47,7.13,хороший,True
49.0,69.375,453.5,6.44,6.45,6.59,7.14,6.82,6.6,6.17,6.13,6.16,6.13,6.48,6.19,6.44,7.11,хороший,True
49.0,70.0,459.6,6.47,6.62,6.7,7.18,6.8,6.54,6.13,6.05,6.15,6.1,6.49,6.27,6.57,7.14,хороший,True
49.0,70.625,484.4,6.48,6.78,6.81,7.22,6.77,6.47,6.05,5.94,6.11,6.07,6.52,6.37,6.72,7.16,хороший,True
49.0,71.25,511.7,6.44,6.78,6.8,7.15,6.74,6.4,5.97,5.81,6.02,6.0,6.5,6.43,6.76,7.11,хороший,True
49.0,71.875,528.5,6.43,6.88,6.88,7.15,6.71,6.33,5.89,5.69,5.95,5.94,6.46,6.47,6.83,7.1,хороший,True
49.0,72.5,605.8,6.54,7.17,7.15,7.35,6.78,6.37,5.88,5.65,5.95,5.97,6.55,6.64,7.09,7.22,хороший,True
49.0,73.125,692.8,6.61,7.28,7.28,7.47,6.8,6.42,5.88,5.65,5.92,6.0,6.6,6.77,7.24,7.3,хороший,True
49.0,73.75,775.4,6.64,7.29,7.3,7.54,6.82,6.5,5.9,5.67,5.93,6.05,6.64,6.85,7.29,7.33,хороший,True
49.0,74.375,877.9,6.67,7.25,7.27,7.57,6.84,6.59,5.9,5.67,5.94,6.09,6.71,6.95,7.32,7.37,хороший,True
49.0,75.0,917.6,6.57,7.02,7.06,7.4,6.77,6.58,5.83,5.63,5.89,6.01,6.61,6.83,7.15,7.25,хороший,True
49.0,75.625,974.6,6.49,6.82,6.86,7.24,6.75,6.6,5.8,5.65,5.92,6.0,6.54,6.72,6.98,7.17,хороший,True
49.0,76.25,976.5,6.49,6.75,6.76,7.17,6.78,6.67,5.85,5.74,6.03,6.06,6.55,6.69,6.91,7.17,хороший,True
49.0,76.875,953.1,6.55,6.8,6.78,7.17,6.81,6.72,5.92,5.82,6.15,6.14,6.61,6.75,6.96,7.23,хороший,True
49.0,77.5,880.9,6.54,6.79,6.75,7.1,6.75,6.69,5.9,5.8,6.14,6.15,6.6,6.79,6.98,7.22,хороший,True
49.0,78.125,824.8,6.51,6.82,6.76,7.05,6.67,6.61,5.84,5.71,6.04,6.09,6.59,6.85,7.07,7.19,хороший,True
49.0,78.75,755.1,6.42,6.75,6.64,6.89,6.53,6.5,5.79,5.62,5.91,5.98,6.54,6.85,7.1,7.09,хороший,True
49.0,79.375,639.8,6.15,6.33,6.24,6.47,6.29,6.31,5.66,5.49,5.76,5.8,6.27,6.49,6.69,6.79,хороший,True
49.0,80.0,601.9,6.04,6.23,6.15,6.32,6.18,6.21,5.56,5.43,5.71,5.72,6.15,6.32,6.54,6.67,хороший,True
49.0,80.625,624.6,6.28,6.93,6.69,6.63,6.26,6.23,5.55,5.44,5.69,5.75,6.36,6.72,7.18,6.93,хороший,True
49.0,81.25,640.7,6.41,7.36,7.02,6.8,6.3,6.25,5.51,5.42,5.66,5.74,6.4,6.92,7.56,7.08,хороший,True
49.0,81.875,707.4,6.24,7.11,6.82,6.65,6.24,6.22,5.39,5.31,5.58,5.63,6.13,6.59,7.22,6.89,хороший,True
49.0,82.5,787.1,5.71,6.13,6.11,6.23,6.04,5.99,5.1,4.94,5.25,5.29,5.57,5.75,6.12,6.3,умеренный,True
49.0,83.125,725.6,5.16,5.26,5.38,5.78,5.69,5.61,4.74,4.51,4.79,4.85,5.02,5.08,5.19,5.7,умеренный,True
49.0,83.75,720.5,4.81,4.87,4.86,5.34,5.24,5.22,4.38,4.15,4.36,4.51,4.85,4.95,4.94,5.31,низкий,True
49.0,84.375,1097.8,4.62,5.08,4.85,5.1,4.83,4.78,3.93,3.72,3.91,4.22,4.75,5.01,5.24,5.1,низкий,True
49.0,85.0,1554.2,4.33,5.08,4.76,4.83,4.43,4.38,3.51,3.34,3.5,3.87,4.42,4.73,5.13,4.78,низкий,True
49.0,85.625,1839.8,3.79,4.24,4.04,4.09,3.99,4.07,3.28,3.07,3.18,3.46,3.87,4.0,4.24,4.18,низкий,True
49.0,86.25,1879.8,3.38,3.41,3.36,3.55,3.71,3.87,3.17,2.96,3.04,3.21,3.44,3.43,3.4,3.73,низкий,True
49.0,86.875,2070.2,3.27,3.18,3.16,3.44,3.54,3.77,3.14,3.02,3.04,3.21,3.35,3.27,3.15,3.61,низкий,True
49.0,87.5,2488.1,3.4,3.01,3.11,3.5,3.74,4.13,3.37,3.24,3.21,3.46,3.64,3.35,2.98,3.75,низкий,True
49.5,46.25,22.9,6.36,6.84,7.07,7.03,6.68,6.04,5.8,5.54,5.71,6.21,6.5,6.33,6.58,7.02,хороший,False
49.5,46.875,28.2,6.44,6.97,7.16,7.07,6.76,6.12,5.87,5.65,5.82,6.29,6.57,6.37,6.66,7.11,хороший,True
49.5,47.5,23.9,6.4,6.94,7.09,7.03,6.76,6.1,5.84,5.6,5.8,6.25,6.54,6.31,6.62,7.07,хороший,True
49.5,48.125,16.1,6.41,6.93,7.04,7.02,6.8,6.17,5.87,5.59,5.82,6.24,6.54,6.29,6.6,7.08,хороший,True
49.5,48.75,11.2,6.41,6.93,6.99,7.0,6.85,6.25,5.9,5.6,5.83,6.22,6.54,6.28,6.58,7.08,хороший,True
49.5,49.375,4.1,6.41,6.92,6.96,7.01,6.86,6.27,5.88,5.6,5.83,6.19,6.56,6.3,6.56,7.08,хороший,True
49.5,50.0,1.0,6.44,6.92,6.95,7.02,6.89,6.34,5.92,5.65,5.89,6.21,6.6,6.31,6.55,7.11,хороший,True
49.5,50.625,1.6,6.43,6.93,6.93,7.03,6.89,6.36,5.87,5.64,5.85,6.18,6.61,6.29,6.54,7.1,хороший,True
49.5,51.25,2.0,6.44,6.96,6.93,7.08,6.93,6.42,5.87,5.68,5.85,6.19,6.63,6.27,6.55,7.11,хороший,True
49.5,51.875,0.5,6.47,6.98,6.93,7.11,6.93,6.45,5.9,5.73,5.89,6.21,6.65,6.26,6.56,7.14,хороший,True
49.5,52.5,7.2,6.43,6.98,6.89,7.08,6.88,6.36,5.87,5.66,5.85,6.17,6.62,6.22,6.54,7.1,хороший,True
49.5,53.125,21.7,6.43,7.02,6.94,7.13,6.91,6.36,5.86,5.61,5.85,6.15,6.59,6.21,6.55,7.1,хороший,True
49.5,53.75,56.7,6.49,7.13,7.06,7.24,7.0,6.42,5.87,5.59,5.88,6.18,6.61,6.26,6.63,7.17,хороший,True
49.5,54.375,111.9,6.51,7.17,7.1,7.3,7.05,6.44,5.86,5.59,5.87,6.21,6.64,6.3,6.65,7.19,хороший,True
49.5,55.0,138.3,6.52,7.16,7.07,7.31,7.08,6.44,5.88,5.61,5.88,6.22,6.64,6.31,6.65,7.2,хороший,True
49.5,55.625,196.7,6.54,7.2,7.09,7.36,7.12,6.46,5.9,5.61,5.88,6.23,6.65,6.35,6.7,7.22,хороший,True
49.5,56.25,235.6,6.53,7.18,7.07,7.35,7.12,6.47,5.88,5.6,5.84,6.2,6.62,6.36,6.71,7.21,хороший,True
49.5,56.875,272.1,6.55,7.14,7.07,7.35,7.15,6.51,5.95,5.68,5.85,6.2,6.61,6.39,6.71,7.23,хороший,True
49.5,57.5,309.3,6.61,7.13,7.12,7.4,7.23,6.59,6.04,5.83,5.92,6.25,6.65,6.45,6.75,7.3,хороший,True
49.5,58.125,341.3,6.68,7.17,7.19,7.49,7.29,6.64,6.1,5.93,5.97,6.29,6.71,6.54,6.82,7.38,хороший,True
49.5,58.75,355.5,6.73,7.14,7.18,7.54,7.3,6.68,6.19,6.03,6.05,6.34,6.8,6.66,6.87,7.43,хороший,True
49.5,59.375,318.6,6.61,6.79,6.89,7.33,7.14,6.62,6.2,6.09,6.1,6.31,6.74,6.54,6.61,7.3,хороший,True
49.5,60.0,250.6,6.49,6.55,6.71,7.16,6.99,6.59,6.19,6.1,6.08,6.21,6.61,6.35,6.39,7.17,хороший,True
49.5,60.625,223.0,6.47,6.56,6.72,7.16,6.94,6.59,6.17,6.09,6.04,6.15,6.56,6.29,6.35,7.14,хороший,True
49.5,61.25,202.3,6.47,6.55,6.73,7.17,6.92,6.6,6.18,6.12,6.05,6.14,6.54,6.27,6.35,7.14,хороший,True
49.5,61.875,158.0,6.4,6.4,6.63,7.09,6.84,6.57,6.16,6.12,6.03,6.1,6.47,6.16,6.24,7.07,хороший,True
49.5,62.5,118.7,6.35,6.3,6.55,7.05,6.8,6.57,6.14,6.09,6.03,6.06,6.39,6.08,6.16,7.01,хороший,True
49.5,63.125,118.6,6.38,6.36,6.61,7.11,6.82,6.6,6.12,6.07,6.05,6.07,6.41,6.13,6.24,7.04,хороший,True
49.5,63.75,117.8,6.4,6.4,6.64,7.14,6.83,6.6,6.1,6.07,6.06,6.07,6.42,6.16,6.29,7.07,хороший,True
49.5,64.375,144.1,6.44,6.52,6.67,7.2,6.85,6.59,6.11,6.08,6.07,6.08,6.47,6.23,6.39,7.11,хороший,True
49.5,65.0,169.2,6.5,6.71,6.75,7.29,6.87,6.61,6.11,6.1,6.09,6.1,6.54,6.28,6.51,7.18,хороший,True
49.5,65.625,218.5,6.58,6.97,6.91,7.41,6.92,6.64,6.12,6.1,6.11,6.12,6.62,6.36,6.72,7.27,хороший,True
49.5,66.25,293.4,6.8,7.47,7.32,7.78,7.07,6.75,6.17,6.1,6.17,6.24,6.81,6.61,7.16,7.51,отличный,True
49.5,66.875,418.3,7.04,7.91,7.73,8.18,7.27,6.87,6.23,6.12,6.21,6.38,7.02,6.94,7.61,7.77,отличный,True
49.5,67.5,509.4,7.06,7.81,7.69,8.2,7.33,6.91,6.27,6.1,6.17,6.4,7.08,7.08,7.65,7.8,отличный,True
49.5,68.125,509.2,6.84,7.23,7.24,7.81,7.17,6.82,6.25,6.07,6.08,6.31,6.91,6.89,7.28,7.55,отличный,True
49.5,68.75,451.4,6.57,6.68,6.79,7.36,6.93,6.66,6.18,6.02,6.01,6.18,6.66,6.55,6.81,7.25,хороший,True
49.5,69.375,406.4,6.46,6.57,6.66,7.19,6.81,6.56,6.1,5.97,5.96,6.1,6.55,6.41,6.65,7.13,хороший,True
49.5,70.0,414.1,6.54,6.81,6.83,7.31,6.85,6.57,6.09,5.94,5.99,6.13,6.61,6.54,6.82,7.22,хороший,True
49.5,70.625,438.8,6.57,6.93,6.92,7.36,6.86,6.55,6.05,5.86,5.97,6.11,6.64,6.63,6.94,7.25,хороший,True
49.5,71.25,454.5,6.51,6.89,6.89,7.3,6.81,6.49,5.97,5.75,5.89,6.03,6.59,6.62,6.93,7.19,хороший,True
49.5,71.875,478.1,6.47,6.9,6.93,7.26,6.76,6.43,5.9,5.64,5.84,5.96,6.53,6.6,6.93,7.14,хороший,True
49.5,72.5,532.8,6.55,7.11,7.12,7.37,6.79,6.45,5.87,5.58,5.83,5.98,6.6,6.76,7.14,7.23,хороший,True
49.5,73.125,595.1,6.66,7.31,7.33,7.55,6.85,6.52,5.88,5.55,5.83,6.04,6.72,6.95,7.37,7.35,хороший,True
49.5,73.75,683.2,6.76,7.47,7.47,7.69,6.92,6.6,5.91,5.55,5.84,6.12,6.85,7.13,7.56,7.46,хороший,True
49.5,74.375,716.1,6.77,7.47,7.47,7.7,6.93,6.62,5.89,5.53,5.79,6.12,6.91,7.24,7.65,7.48,хороший,True
49.5,75.0,747.8,6.67,7.28,7.29,7.55,6.86,6.59,5.8,5.49,5.74,6.05,6.83,7.13,7.49,7.37,хороший,True
49.5,75.625,796.7,6.73,7.36,7.35,7.61,6.9,6.63,5.8,5.52,5.76,6.07,6.89,7.26,7.61,7.43,хороший,True
49.5,76.25,815.0,6.74,7.36,7.33,7.6,6.91,6.64,5.8,5.55,5.77,6.06,6.89,7.33,7.66,7.44,хороший,True
49.5,76.875,803.3,6.73,7.28,7.22,7.5,6.9,6.66,5.81,5.61,5.82,6.07,6.88,7.36,7.65,7.43,хороший,True
49.5,77.5,700.4,6.58,7.01,6.94,7.2,6.75,6.59,5.78,5.58,5.79,5.99,6.74,7.19,7.44,7.27,хороший,True
49.5,78.125,576.3,6.34,6.63,6.55,6.82,6.52,6.43,5.69,5.48,5.69,5.87,6.5,6.85,7.03,7.0,хороший,True
49.5,78.75,497.3,6.12,6.28,6.2,6.49,6.32,6.29,5.6,5.38,5.61,5.75,6.3,6.55,6.64,6.76,хороший,True
49.5,79.375,456.4,5.95,6.0,5.92,6.24,6.16,6.19,5.53,5.33,5.56,5.66,6.14,6.3,6.35,6.57,хороший,True
49.5,80.0,439.8,5.97,6.14,5.98,6.21,6.1,6.16,5.52,5.34,5.58,5.63,6.12,6.34,6.47,6.59,хороший,True
49.5,80.625,424.9,6.03,6.49,6.24,6.28,6.04,6.08,5.44,5.28,5.5,5.54,6.12,6.47,6.81,6.66,хороший,True
49.5,81.25,436.6,6.09,6.98,6.63,6.45,5.95,5.94,5.26,5.13,5.31,5.38,6.1,6.71,7.3,6.72,хороший,True
49.5,81.875,571.5,6.28,7.69,7.18,6.83,5.99,5.86,5.06,4.95,5.11,5.29,6.23,7.17,8.01,6.93,хороший,True
49.5,82.5,804.7,5.95,7.32,6.89,6.57,5.78,5.61,4.69,4.56,4.74,4.96,5.92,6.79,7.58,6.57,хороший,True
49.5,83.125,880.3,4.8,5.13,5.11,5.18,5.1,5.1,4.19,4.05,4.26,4.36,4.85,5.06,5.24,5.3,низкий,True
49.5,83.75,712.6,3.73,3.22,3.38,3.92,4.33,4.42,3.67,3.55,3.7,3.7,3.86,3.65,3.3,4.12,низкий,True
49.5,84.375,728.7,3.36,3.18,3.21,3.69,3.78,3.75,3.08,2.99,3.11,3.23,3.47,3.48,3.32,3.71,низкий,True
49.5,85.0,1071.5,3.79,4.28,4.07,4.34,3.89,3.81,3.11,3.02,3.18,3.42,3.8,4.16,4.41,4.18,низкий,True
49.5,85.625,1540.2,4.06,4.66,4.41,4.58,4.1,4.07,3.31,3.18,3.36,3.64,4.13,4.54,4.78,4.48,низкий,True
49.5,86.25,1987.2,3.5,3.66,3.59,3.8,3.67,3.75,3.08,2.95,3.04,3.3,3.66,3.77,3.72,3.86,низкий,True
49.5,86.875,2346.2,3.4,3.23,3.26,3.57,3.65,3.94,3.18,3.07,3.08,3.37,3.68,3.55,3.26,3.75,низкий,True
49.5,87.5,2500.0,4.0,3.86,3.88,4.23,4.4,4.56,3.58,3.45,3.45,3.89,4.42,4.4,3.9,4.42,низкий,True
50.0,46.25,26.0,6.36,6.85,7.02,7.03,6.7,6.06,5.81,5.52,5.69,6.19,6.53,6.34,6.59,7.02,хороший,False
50.0,46.875,32.4,6.41,6.96,7.12,7.06,6.75,6.1,5.84,5.6,5.77,6.24,6.57,6.34,6.63,7.08,хороший,True
50.0,47.5,32.5,6.42,7.0,7.11,7.05,6.78,6.13,5.84,5.61,5.78,6.24,6.57,6.31,6.62,7.09,хороший,True
50.0,48.125,26.5,6.44,7.01,7.07,7.03,6.83,6.21,5.88,5.66,5.84,6.25,6.59,6.3,6.61,7.11,хороший,True
50.0,48.75,16.3,6.44,7.03,7.04,7.02,6.85,6.23,5.89,5.68,5.87,6.24,6.6,6.32,6.6,7.11,хороший,True
50.0,49.375,8.8,6.42,6.99,6.98,6.98,6.85,6.22,5.87,5.65,5.87,6.21,6.6,6.31,6.57,7.09,хороший,True
50.0,50.0,5.6,6.46,7.01,6.98,7.0,6.89,6.29,5.92,5.7,5.94,6.24,6.64,6.35,6.58,7.13,хороший,True
50.0,50.625,7.5,6.48,7.04,6.99,7.03,6.93,6.34,5.92,5.71,5.94,6.24,6.65,6.36,6.58,7.16,хороший,True
50.0,51.25,8.2,6.47,7.04,6.96,7.07,6.96,6.39,5.88,5.68,5.9,6.22,6.65,6.34,6.57,7.14,хороший,True
50.0,51.875,12.0,6.48,7.04,6.95,7.12,6.99,6.41,5.87,5.68,5.91,6.23,6.66,6.32,6.57,7.16,хороший,True
50.0,52.5,22.4,6.45,7.04,6.94,7.12,6.95,6.35,5.85,5.64,5.86,6.18,6.64,6.27,6.54,7.12,хороший,True
50.0,53.125,45.2,6.47,7.08,7.01,7.17,6.99,6.39,5.87,5.63,5.85,6.19,6.64,6.27,6.56,7.14,хороший,True
50.0,53.75,87.9,6.56,7.2,7.14,7.32,7.12,6.5,5.92,5.65,5.9,6.26,6.7,6.36,6.64,7.24,хороший,True
50.0,54.375,141.0,6.56,7.24,7.16,7.37,7.15,6.48,5.86,5.58,5.86,6.25,6.73,6.44,6.69,7.24,хороший,True
50.0,55.0,174.4,6.56,7.22,7.12,7.37,7.17,6.47,5.84,5.55,5.84,6.24,6.73,6.48,6.69,7.24,хороший,True
50.0,55.625,195.2,6.57,7.22,7.1,7.39,7.2,6.5,5.87,5.56,5.85,6.25,6.72,6.51,6.71,7.25,хороший,True
50.0,56.25,227.2,6.57,7.23,7.1,7.4,7.21,6.5,5.88,5.55,5.81,6.21,6.69,6.53,6.74,7.25,хороший,True
50.0,56.875,290.8,6.62,7.24,7.14,7.43,7.26,6.54,5.95,5.65,5.85,6.24,6.73,6.6,6.81,7.31,хороший,True
50.0,57.5,308.7,6.67,7.28,7.2,7.47,7.29,6.58,6.02,5.78,5.9,6.26,6.75,6.66,6.86,7.37,хороший,True
50.0,58.125,354.9,6.69,7.15,7.13,7.46,7.31,6.63,6.1,5.88,5.95,6.3,6.82,6.74,6.83,7.39,хороший,True
50.0,58.75,332.2,6.64,6.96,6.99,7.39,7.23,6.61,6.11,5.91,5.96,6.28,6.82,6.73,6.74,7.33,хороший,True
50.0,59.375,304.7,6.58,6.78,6.85,7.29,7.14,6.6,6.13,5.98,6.0,6.25,6.77,6.63,6.59,7.27,хороший,True
50.0,60.0,272.6,6.53,6.64,6.76,7.21,7.07,6.62,6.17,6.04,6.04,6.21,6.7,6.51,6.46,7.21,хороший,True
50.0,60.625,248.6,6.52,6.61,6.76,7.21,7.05,6.67,6.19,6.08,6.04,6.18,6.63,6.46,6.42,7.2,хороший,True
50.0,61.25,237.8,6.54,6.63,6.8,7.23,7.03,6.68,6.22,6.13,6.03,6.19,6.64,6.48,6.46,7.22,хороший,True
50.0,61.875,191.8,6.45,6.48,6.69,7.13,6.91,6.61,6.2,6.11,5.99,6.13,6.53,6.34,6.34,7.12,хороший,True
50.0,62.5,160.0,6.4,6.41,6.65,7.09,6.84,6.58,6.15,6.09,5.97,6.09,6.44,6.24,6.26,7.07,хороший,True
50.0,63.125,144.7,6.4,6.4,6.65,7.11,6.85,6.59,6.13,6.07,5.97,6.08,6.43,6.26,6.28,7.07,хороший,True
50.0,63.75,124.4,6.35,6.33,6.6,7.08,6.81,6.54,6.06,6.02,5.93,6.03,6.38,6.24,6.26,7.01,хороший,True
50.0,64.375,121.6,6.36,6.36,6.6,7.1,6.8,6.53,6.05,6.0,5.93,6.03,6.39,6.26,6.3,7.02,хороший,True
50.0,65.0,148.7,6.46,6.6,6.73,7.26,6.86,6.58,6.08,6.02,5.97,6.08,6.49,6.35,6.47,7.13,хороший,True
50.0,65.625,191.4,6.56,6.87,6.9,7.42,6.95,6.62,6.1,6.04,6.0,6.11,6.6,6.47,6.71,7.24,хороший,True
50.0,66.25,236.7,6.77,7.28,7.23,7.73,7.1,6.73,6.17,6.07,6.08,6.22,6.78,6.7,7.1,7.48,хороший,True
50.0,66.875,356.6,6.97,7.66,7.56,8.05,7.27,6.84,6.24,6.07,6.12,6.35,6.99,7.02,7.49,7.7,отличный,True
50.0,67.5,394.2,6.95,7.58,7.47,8.04,7.27,6.83,6.22,5.99,6.02,6.34,7.03,7.14,7.54,7.67,отличный,True
50.0,68.125,394.2,6.76,7.15,7.12,7.74,7.11,6.73,6.19,5.94,5.94,6.25,6.87,6.93,7.22,7.46,хороший,True
50.0,68.75,370.6,6.55,6.68,6.74,7.38,6.94,6.61,6.14,5.91,5.88,6.15,6.67,6.65,6.83,7.23,хороший,True
50.0,69.375,353.0,6.43,6.49,6.57,7.19,6.82,6.52,6.07,5.87,5.83,6.08,6.55,6.5,6.65,7.1,хороший,True
50.0,70.0,357.7,6.44,6.59,6.63,7.21,6.81,6.52,6.02,5.83,5.82,6.07,6.53,6.53,6.71,7.11,хороший,True
50.0,70.625,378.8,6.48,6.72,6.72,7.27,6.84,6.56,6.0,5.78,5.83,6.06,6.57,6.61,6.8,7.16,хороший,True
50.0,71.25,413.1,6.5,6.83,6.82,7.32,6.85,6.56,5.96,5.72,5.82,6.03,6.57,6.67,6.88,7.18,хороший,True
50.0,71.875,459.1,6.55,6.98,6.98,7.4,6.86,6.57,5.93,5.66,5.79,6.02,6.59,6.77,7.02,7.23,хороший,True
50.0,72.5,514.0,6.59,7.08,7.1,7.45,6.89,6.59,5.89,5.61,5.78,6.04,6.66,6.9,7.17,7.28,хороший,True
50.0,73.125,538.3,6.66,7.2,7.22,7.52,6.92,6.61,5.88,5.54,5.76,6.06,6.77,7.07,7.37,7.35,хороший,True
50.0,73.75,581.4,6.75,7.38,7.37,7.65,6.96,6.65,5.89,5.49,5.75,6.12,6.89,7.23,7.6,7.45,хороший,True
50.0,74.375,618.6,6.78,7.4,7.39,7.69,6.98,6.67,5.9,5.5,5.75,6.15,6.96,7.33,7.71,7.49,хороший,True
50.0,75.0,643.9,6.75,7.31,7.31,7.63,6.96,6.66,5.86,5.49,5.73,6.13,6.96,7.32,7.68,7.45,хороший,True
50.0,75.625,658.7,6.82,7.43,7.39,7.69,7.01,6.68,5.87,5.5,5.74,6.15,7.04,7.5,7.87,7.53,отличный,True
50.0,76.25,640.2,6.78,7.38,7.31,7.61,6.95,6.64,5.82,5.49,5.71,6.09,6.99,7.5,7.87,7.49,хороший,True
50.0,76.875,621.6,6.78,7.35,7.23,7.54,6.95,6.67,5.82,5.53,5.74,6.1,7.0,7.52,7.86,7.49,хороший,True
50.0,77.5,527.3,6.57,6.92,6.84,7.18,6.81,6.6,5.79,5.51,5.73,6.01,6.81,7.2,7.41,7.25,хороший,True
50.0,78.125,428.3,6.2,6.24,6.27,6.67,6.53,6.4,5.66,5.38,5.62,5.84,6.44,6.64,6.68,6.85,хороший,True
50.0,78.75,344.8,5.94,5.81,5.89,6.33,6.29,6.24,5.53,5.27,5.49,5.68,6.19,6.32,6.24,6.56,хороший,True
50.0,79.375,319.6,5.85,5.75,5.75,6.19,6.13,6.15,5.46,5.23,5.44,5.58,6.05,6.21,6.19,6.46,умеренный,True
50.0,80.0,332.4,5.85,5.89,5.81,6.15,6.06,6.1,5.43,5.23,5.43,5.51,6.01,6.24,6.33,6.46,умеренный,True
50.0,80.625,332.8,5.81,6.03,5.89,6.09,5.95,5.99,5.31,5.13,5.35,5.38,5.91,6.25,6.48,6.42,умеренный,True
50.0,81.25,355.1,5.8,6.21,6.0,6.08,5.85,5.88,5.18,5.01,5.25,5.25,5.84,6.34,6.65,6.4,умеренный,True
50.0,81.875,403.9,5.71,6.27,6.03,6.06,5.72,5.7,4.98,4.82,5.02,5.08,5.77,6.38,6.69,6.3,умеренный,True
50.0,82.5,473.2,5.07,5.77,5.54,5.56,5.12,4.96,4.24,4.13,4.28,4.4,5.09,5.71,6.09,5.6,умеренный,True
50.0,83.125,711.1,4.07,4.78,4.63,4.66,4.2,3.97,3.27,3.17,3.34,3.49,3.96,4.48,4.89,4.49,низкий,True
50.0,83.75,1023.3,3.65,3.67,3.75,4.01,3.97,4.0,3.3,3.16,3.4,3.45,3.58,3.69,3.77,4.03,низкий,True
50.0,84.375,1097.8,3.55,3.46,3.49,3.81,3.85,4.01,3.35,3.2,3.44,3.44,3.52,3.5,3.5,3.92,низкий,True
50.0,85.0,1398.7,4.08,4.35,4.28,4.5,4.19,4.27,3.46,3.36,3.55,3.74,4.25,4.52,4.47,4.51,низкий,True
50.0,85.625,1685.0,4.41,4.64,4.62,4.92,4.53,4.59,3.66,3.51,3.67,4.04,4.77,5.05,4.87,4.87,низкий,True
50.0,86.25,1939.9,3.86,4.04,4.0,4.31,4.04,4.0,3.19,3.08,3.17,3.56,4.22,4.46,4.22,4.26,низкий,True
50.0,86.875,2118.9,3.44,3.5,3.45,3.72,3.74,3.79,2.93,2.82,2.9,3.23,3.77,3.85,3.6,3.8,низкий,True
50.0,87.5,2357.5,3.73,3.67,3.68,4.0,4.19,4.25,3.21,3.04,3.11,3.52,4.12,4.19,3.78,4.12,низкий,False
50.5,46.25,49.2,6.36,6.88,7.01,7.04,6.74,6.1,5.8,5.49,5.64,6.17,6.57,6.36,6.59,7.02,хороший,False
50.5,46.875,44.6,6.41,6.97,7.08,7.06,6.79,6.16,5.83,5.57,5.74,6.22,6.59,6.34,6.61,7.08,хороший,False
50.5,47.5,50.5,6.46,7.07,7.15,7.11,6.86,6.22,5.85,5.63,5.8,6.26,6.62,6.35,6.64,7.13,хороший,True
50.5,48.125,40.6,6.46,7.09,7.11,7.08,6.86,6.25,5.85,5.66,5.81,6.25,6.62,6.34,6.62,7.13,хороший,True
50.5,48.75,31.5,6.46,7.09,7.07,7.03,6.87,6.25,5.86,5.69,5.85,6.24,6.62,6.33,6.6,7.13,хороший,True
50.5,49.375,24.0,6.45,7.08,7.03,6.97,6.88,6.22,5.86,5.69,5.88,6.23,6.62,6.33,6.58,7.12,хороший,True
50.5,50.0,15.9,6.48,7.1,7.03,6.99,6.93,6.28,5.92,5.74,5.97,6.26,6.65,6.36,6.59,7.16,хороший,True
50.5,50.625,14.7,6.47,7.09,6.99,7.01,6.95,6.29,5.87,5.69,5.95,6.22,6.65,6.38,6.58,7.14,хороший,True
50.5,51.25,20.2,6.48,7.09,6.99,7.08,6.99,6.32,5.84,5.65,5.91,6.21,6.66,6.39,6.58,7.16,хороший,True
50.5,51.875,32.9,6.52,7.13,7.02,7.19,7.06,6.39,5.87,5.67,5.92,6.26,6.71,6.42,6.61,7.2,хороший,True
50.5,52.5,47.8,6.52,7.15,7.05,7.23,7.07,6.39,5.87,5.66,5.88,6.26,6.7,6.39,6.61,7.2,хороший,True
50.5,53.125,92.6,6.56,7.24,7.14,7.32,7.14,6.45,5.89,5.63,5.86,6.28,6.75,6.45,6.66,7.24,хороший,True
50.5,53.75,133.8,6.61,7.3,7.2,7.42,7.22,6.52,5.91,5.6,5.85,6.31,6.81,6.55,6.72,7.3,хороший,True
50.5,54.375,154.8,6.6,7.29,7.18,7.42,7.23,6.5,5.87,5.53,5.8,6.28,6.8,6.59,6.72,7.29,хороший,True
50.5,55.0,170.0,6.56,7.23,7.11,7.39,7.21,6.48,5.85,5.51,5.78,6.24,6.76,6.58,6.67,7.24,хороший,True
50.5,55.625,205.2,6.55,7.16,7.04,7.36,7.2,6.5,5.87,5.52,5.8,6.22,6.71,6.56,6.63,7.23,хороший,True
50.5,56.25,225.7,6.54,7.18,7.03,7.36,7.2,6.49,5.86,5.52,5.77,6.19,6.69,6.59,6.68,7.22,хороший,True
50.5,56.875,264.6,6.58,7.23,7.09,7.41,7.21,6.49,5.89,5.6,5.77,6.19,6.72,6.66,6.76,7.27,хороший,True
50.5,57.5,316.1,6.68,7.29,7.19,7.51,7.29,6.56,5.99,5.75,5.87,6.27,6.82,6.8,6.88,7.38,хороший,True
50.5,58.125,373.1,6.8,7.27,7.23,7.6,7.39,6.69,6.16,5.93,6.01,6.4,7.0,7.02,6.99,7.51,отличный,True
50.5,58.75,308.2,6.67,6.9,6.93,7.39,7.26,6.64,6.14,5.89,5.96,6.32,6.94,6.94,6.75,7.37,хороший,True
50.5,59.375,290.1,6.52,6.7,6.76,7.23,7.1,6.57,6.09,5.9,5.91,6.19,6.71,6.63,6.48,7.2,хороший,True
50.5,60.0,303.4,6.61,6.79,6.88,7.33,7.17,6.67,6.17,5.99,5.98,6.25,6.77,6.71,6.58,7.3,хороший,True
50.5,60.625,287.4,6.63,6.77,6.9,7.35,7.19,6.73,6.2,6.07,6.01,6.26,6.77,6.72,6.62,7.32,хороший,True
50.5,61.25,264.4,6.58,6.68,6.84,7.29,7.11,6.7,6.18,6.07,5.98,6.21,6.71,6.64,6.57,7.27,хороший,True
50.5,61.875,234.5,6.52,6.57,6.76,7.21,7.02,6.65,6.19,6.08,5.96,6.18,6.62,6.54,6.48,7.2,хороший,True
50.5,62.5,202.4,6.47,6.49,6.71,7.16,6.95,6.64,6.18,6.08,5.94,6.15,6.53,6.42,6.4,7.14,хороший,True
50.5,63.125,196.2,6.53,6.59,6.8,7.25,7.0,6.7,6.23,6.14,6.0,6.2,6.56,6.46,6.47,7.21,хороший,True
50.5,63.75,164.8,6.45,6.44,6.71,7.13,6.91,6.63,6.16,6.09,5.93,6.13,6.47,6.41,6.39,7.12,хороший,True
50.5,64.375,133.0,6.35,6.34,6.6,7.07,6.81,6.52,6.05,5.98,5.83,6.03,6.37,6.33,6.31,7.01,хороший,True
50.5,65.0,152.7,6.42,6.57,6.74,7.24,6.86,6.53,6.03,5.95,5.82,6.04,6.43,6.42,6.45,7.09,хороший,True
50.5,65.625,196.6,6.56,6.88,6.95,7.46,6.98,6.6,6.07,5.97,5.87,6.1,6.56,6.58,6.72,7.24,хороший,True
50.5,66.25,254.1,6.73,7.19,7.21,7.71,7.12,6.71,6.14,6.0,5.93,6.2,6.73,6.81,7.05,7.43,хороший,True
50.5,66.875,324.8,6.9,7.45,7.4,7.93,7.26,6.82,6.23,6.02,5.98,6.3,6.92,7.1,7.37,7.62,отличный,True
50.5,67.5,338.4,6.82,7.26,7.2,7.83,7.2,6.77,6.21,5.93,5.91,6.29,6.91,7.12,7.29,7.53,отличный,True
50.5,68.125,315.6,6.63,6.89,6.87,7.55,7.02,6.65,6.15,5.88,5.85,6.19,6.72,6.85,6.96,7.32,хороший,True
50.5,68.75,328.1,6.55,6.69,6.74,7.39,6.95,6.62,6.15,5.9,5.83,6.14,6.64,6.74,6.81,7.23,хороший,True
50.5,69.375,320.9,6.48,6.6,6.65,7.28,6.87,6.58,6.08,5.84,5.77,6.08,6.55,6.66,6.75,7.16,хороший,True
50.5,70.0,339.5,6.5,6.75,6.75,7.33,6.88,6.6,6.01,5.78,5.75,6.08,6.56,6.71,6.87,7.18,хороший,True
50.5,70.625,373.2,6.57,6.93,6.89,7.43,6.95,6.64,5.99,5.73,5.76,6.09,6.64,6.84,7.03,7.25,хороший,True
50.5,71.25,395.5,6.63,7.08,7.02,7.52,7.0,6.66,5.95,5.66,5.77,6.07,6.69,6.94,7.18,7.32,хороший,True
50.5,71.875,438.1,6.72,7.3,7.21,7.67,7.06,6.71,5.93,5.63,5.79,6.1,6.77,7.1,7.37,7.42,хороший,True
50.5,72.5,505.6,6.8,7.42,7.35,7.75,7.12,6.76,5.94,5.63,5.79,6.16,6.87,7.27,7.54,7.51,отличный,True
50.5,73.125,531.1,6.82,7.44,7.39,7.73,7.11,6.75,5.93,5.57,5.76,6.17,6.95,7.41,7.7,7.53,отличный,True
50.5,73.75,512.1,6.83,7.48,7.43,7.71,7.07,6.71,5.89,5.49,5.72,6.15,6.99,7.48,7.84,7.54,отличный,True
50.5,74.375,522.9,6.92,7.66,7.57,7.84,7.1,6.73,5.9,5.47,5.73,6.2,7.1,7.63,8.08,7.64,отличный,True
50.5,75.0,521.4,6.94,7.7,7.61,7.87,7.1,6.71,5.9,5.47,5.74,6.21,7.14,7.69,8.15,7.66,отличный,True
50.5,75.625,547.8,7.02,7.79,7.67,7.94,7.17,6.76,5.97,5.51,5.79,6.26,7.23,7.84,8.31,7.75,отличный,True
50.5,76.25,454.0,6.89,7.46,7.36,7.71,7.1,6.73,5.94,5.51,5.76,6.21,7.14,7.69,8.05,7.61,отличный,True
50.5,76.875,382.1,6.63,6.94,6.91,7.33,6.92,6.62,5.84,5.46,5.69,6.07,6.91,7.31,7.52,7.32,хороший,True
50.5,77.5,317.4,6.39,6.46,6.51,7.0,6.75,6.52,5.77,5.41,5.65,5.97,6.69,6.98,7.02,7.06,хороший,True
50.5,78.125,259.5,6.09,5.92,6.06,6.61,6.51,6.36,5.63,5.32,5.53,5.8,6.36,6.54,6.44,6.72,хороший,True
50.5,78.75,226.3,5.85,5.58,5.72,6.32,6.27,6.2,5.51,5.19,5.4,5.62,6.08,6.21,6.09,6.46,умеренный,True
50.5,79.375,234.2,5.74,5.53,5.61,6.17,6.1,6.09,5.41,5.11,5.32,5.48,5.9,6.07,6.05,6.34,умеренный,True
50.5,80.0,257.2,5.76,5.65,5.69,6.17,6.07,6.1,5.4,5.1,5.34,5.44,5.89,6.11,6.18,6.36,умеренный,True
50.5,80.625,280.4,5.75,5.76,5.78,6.12,6.02,6.07,5.32,5.04,5.3,5.35,5.84,6.14,6.29,6.35,умеренный,True
50.5,81.25,315.8,5.74,5.93,5.89,6.09,5.92,5.97,5.22,4.95,5.25,5.24,5.78,6.23,6.41,6.34,умеренный,True
50.5,81.875,383.4,5.62,5.87,5.83,6.0,5.75,5.74,5.0,4.79,5.1,5.08,5.68,6.21,6.33,6.21,умеренный,True
50.5,82.5,520.9,4.88,5.2,5.19,5.36,5.05,4.9,4.22,4.1,4.35,4.35,4.89,5.4,5.54,5.39,низкий,True
50.5,83.125,798.3,4.3,4.92,4.85,4.94,4.38,4.15,3.52,3.4,3.6,3.7,4.26,4.8,5.12,4.75,низкий,True
50.5,83.75,1345.1,4.27,4.65,4.6,4.77,4.24,4.36,3.62,3.43,3.67,3.82,4.39,4.76,4.91,4.71,низкий,True
50.5,84.375,1638.1,4.22,4.27,4.32,4.63,4.41,4.6,3.69,3.46,3.65,3.84,4.51,4.72,4.55,4.66,низкий,True
50.5,85.0,1498.9,4.55,4.72,4.67,4.91,4.73,4.82,3.85,3.65,3.8,4.09,4.97,5.34,5.08,5.02,низкий,True
50.5,85.625,1578.4,4.05,4.17,4.14,4.42,4.3,4.32,3.35,3.16,3.26,3.63,4.51,4.83,4.49,4.47,низкий,False
50.5,86.25,1521.6,3.23,3.19,3.18,3.53,3.58,3.55,2.75,2.6,2.68,2.94,3.56,3.75,3.41,3.57,низкий,False
50.5,86.875,1707.9,3.31,3.4,3.33,3.61,3.65,3.62,2.78,2.62,2.75,3.01,3.56,3.77,3.57,3.65,низкий,False
50.5,87.5,1912.3,3.96,4.2,4.07,4.37,4.4,4.29,3.23,3.02,3.15,3.57,4.27,4.55,4.36,4.37,низкий,False
51.0,46.25,79.5,6.4,6.94,7.04,7.08,6.8,6.16,5.8,5.48,5.65,6.2,6.62,6.43,6.66,7.07,хороший,False
51.0,46.875,68.3,6.44,7.01,7.11,7.07,6.85,6.24,5.85,5.58,5.76,6.24,6.62,6.4,6.66,7.11,хороший,False
51.0,47.5,71.3,6.49,7.12,7.18,7.12,6.92,6.28,5.87,5.62,5.8,6.26,6.65,6.42,6.68,7.17,хороший,False
51.0,48.125,70.4,6.5,7.16,7.19,7.11,6.94,6.27,5.85,5.64,5.81,6.26,6.66,6.41,6.69,7.18,хороший,False
51.0,48.75,73.2,6.54,7.22,7.21,7.12,7.0,6.3,5.9,5.72,5.88,6.31,6.7,6.44,6.72,7.22,хороший,True
51.0,49.375,71.8,6.54,7.23,7.19,7.08,7.02,6.28,5.9,5.75,5.93,6.31,6.72,6.45,6.71,7.22,хороший,True
51.0,50.0,64.5,6.52,7.2,7.12,7.05,7.03,6.27,5.88,5.72,5.95,6.29,6.7,6.45,6.66,7.2,хороший,True
51.0,50.625,55.1,6.5,7.15,7.06,7.07,7.05,6.28,5.86,5.66,5.95,6.25,6.68,6.46,6.62,7.18,хороший,True
51.0,51.25,45.1,6.5,7.13,7.03,7.12,7.08,6.29,5.83,5.62,5.91,6.21,6.68,6.47,6.61,7.18,хороший,True
51.0,51.875,62.7,6.55,7.22,7.11,7.24,7.12,6.35,5.86,5.63,5.91,6.26,6.73,6.52,6.67,7.23,хороший,True
51.0,52.5,83.0,6.56,7.27,7.14,7.32,7.15,6.37,5.86,5.57,5.84,6.27,6.75,6.56,6.69,7.24,хороший,True
51.0,53.125,100.8,6.56,7.25,7.11,7.35,7.15,6.4,5.86,5.53,5.79,6.28,6.75,6.57,6.67,7.24,хороший,True
51.0,53.75,115.7,6.58,7.25,7.11,7.39,7.18,6.46,5.9,5.53,5.79,6.3,6.78,6.61,6.66,7.27,хороший,True
51.0,54.375,121.7,6.54,7.2,7.05,7.35,7.16,6.47,5.88,5.51,5.76,6.24,6.73,6.57,6.59,7.22,хороший,True
51.0,55.0,164.0,6.51,7.19,7.05,7.32,7.12,6.45,5.83,5.46,5.71,6.19,6.71,6.58,6.59,7.19,хороший,True
51.0,55.625,187.1,6.53,7.2,7.04,7.34,7.14,6.47,5.84,5.48,5.73,6.18,6.72,6.62,6.62,7.21,хороший,True
51.0,56.25,216.2,6.55,7.21,7.05,7.37,7.16,6.48,5.84,5.5,5.73,6.18,6.73,6.66,6.67,7.23,хороший,True
51.0,56.875,259.1,6.56,7.22,7.07,7.4,7.17,6.46,5.85,5.56,5.72,6.19,6.73,6.7,6.72,7.24,хороший,True
51.0,57.5,311.4,6.66,7.3,7.19,7.5,7.23,6.49,5.95,5.72,5.83,6.26,6.82,6.85,6.85,7.35,хороший,True
51.0,58.125,324.8,6.63,7.01,6.97,7.4,7.21,6.52,6.03,5.78,5.87,6.3,6.9,6.94,6.7,7.32,хороший,True
51.0,58.75,271.1,6.46,6.6,6.64,7.16,7.07,6.46,5.98,5.77,5.81,6.19,6.73,6.72,6.39,7.13,хороший,True
51.0,59.375,274.1,6.45,6.57,6.64,7.17,7.05,6.48,6.02,5.82,5.83,6.17,6.68,6.63,6.37,7.12,хороший,True
51.0,60.0,325.9,6.64,6.86,6.93,7.41,7.21,6.65,6.15,5.95,5.95,6.3,6.84,6.83,6.66,7.33,хороший,True
51.0,60.625,323.8,6.74,6.93,7.03,7.49,7.29,6.76,6.24,6.06,6.02,6.38,6.91,6.95,6.82,7.44,хороший,True
51.0,61.25,295.1,6.67,6.76,6.92,7.38,7.23,6.75,6.22,6.04,5.99,6.34,6.83,6.87,6.75,7.37,хороший,True
51.0,61.875,255.3,6.58,6.63,6.82,7.27,7.14,6.7,6.19,5.99,5.94,6.25,6.72,6.73,6.63,7.27,хороший,True
51.0,62.5,241.4,6.56,6.63,6.82,7.27,7.1,6.71,6.19,5.99,5.91,6.21,6.65,6.66,6.61,7.24,хороший,True
51.0,63.125,244.7,6.6,6.69,6.87,7.31,7.11,6.77,6.21,6.04,5.92,6.24,6.67,6.71,6.68,7.29,хороший,True
51.0,63.75,225.1,6.58,6.61,6.82,7.26,7.06,6.75,6.21,6.04,5.91,6.26,6.64,6.71,6.67,7.27,хороший,True
51.0,64.375,152.7,6.39,6.37,6.61,7.06,6.87,6.58,6.07,5.91,5.78,6.11,6.45,6.51,6.43,7.06,хороший,True
51.0,65.0,165.4,6.48,6.69,6.81,7.27,6.93,6.58,6.06,5.92,5.78,6.1,6.47,6.57,6.58,7.16,хороший,True
51.0,65.625,236.2,6.67,7.06,7.11,7.58,7.11,6.7,6.12,5.93,5.83,6.2,6.66,6.87,6.94,7.37,хороший,True
51.0,66.25,271.9,6.78,7.25,7.25,7.74,7.2,6.76,6.15,5.91,5.84,6.26,6.79,7.07,7.17,7.49,хороший,True
51.0,66.875,281.2,6.78,7.2,7.19,7.74,7.2,6.75,6.15,5.85,5.83,6.26,6.82,7.14,7.2,7.49,хороший,True
51.0,67.5,280.1,6.68,7.03,7.02,7.63,7.12,6.68,6.11,5.78,5.78,6.2,6.74,7.05,7.07,7.38,хороший,True
51.0,68.125,300.4,6.62,6.93,6.94,7.55,7.05,6.64,6.07,5.76,5.74,6.15,6.67,6.97,6.99,7.31,хороший,True
51.0,68.75,333.1,6.64,6.95,6.97,7.56,7.05,6.66,6.09,5.79,5.75,6.18,6.68,7.01,7.05,7.33,хороший,True
51.0,69.375,337.4,6.62,6.88,6.92,7.5,7.01,6.67,6.07,5.77,5.73,6.16,6.66,6.99,7.05,7.31,хороший,True
51.0,70.0,338.0,6.6,6.9,6.92,7.48,6.98,6.65,6.02,5.73,5.72,6.14,6.64,6.97,7.07,7.29,хороший,True
51.0,70.625,355.2,6.65,7.03,7.03,7.54,7.02,6.65,5.98,5.71,5.75,6.16,6.7,7.07,7.2,7.34,хороший,True
51.0,71.25,365.0,6.65,7.07,7.07,7.56,7.03,6.64,5.9,5.65,5.75,6.13,6.73,7.1,7.26,7.34,хороший,True
51.0,71.875,397.5,6.8,7.4,7.34,7.78,7.14,6.72,5.9,5.62,5.78,6.19,6.88,7.32,7.57,7.51,отличный,True
51.0,72.5,480.6,7.04,7.83,7.71,8.09,7.33,6.87,5.99,5.65,5.84,6.34,7.13,7.68,8.01,7.77,отличный,True
51.0,73.125,506.3,7.07,7.85,7.74,8.07,7.35,6.88,6.01,5.62,5.82,6.37,7.21,7.82,8.17,7.81,отличный,True
51.0,73.75,455.1,6.96,7.64,7.56,7.86,7.22,6.79,5.97,5.54,5.77,6.28,7.14,7.73,8.07,7.69,отличный,True
51.0,74.375,404.8,6.89,7.54,7.45,7.76,7.14,6.73,5.93,5.49,5.75,6.22,7.09,7.65,8.0,7.61,отличный,True
51.0,75.0,380.5,6.92,7.61,7.49,7.81,7.15,6.72,5.93,5.48,5.78,6.24,7.13,7.71,8.08,7.64,отличный,True
51.0,75.625,344.4,6.93,7.58,7.43,7.79,7.16,6.73,5.96,5.5,5.81,6.26,7.15,7.72,8.09,7.65,отличный,True
51.0,76.25,265.7,6.7,7.04,6.98,7.46,7.03,6.64,5.92,5.48,5.76,6.16,6.93,7.38,7.59,7.4,хороший,True
51.0,76.875,233.4,6.42,6.47,6.51,7.09,6.82,6.53,5.81,5.4,5.66,5.99,6.68,6.99,7.04,7.09,хороший,True
51.0,77.5,190.9,6.23,6.1,6.23,6.87,6.67,6.45,5.71,5.35,5.58,5.87,6.48,6.75,6.71,6.88,хороший,True
51.0,78.125,174.8,6.02,5.76,5.94,6.61,6.48,6.36,5.61,5.28,5.48,5.74,6.24,6.43,6.36,6.65,хороший,True
51.0,78.75,181.7,5.9,5.65,5.8,6.44,6.33,6.26,5.52,5.19,5.39,5.63,6.08,6.25,6.23,6.51,хороший,True
51.0,79.375,209.3,5.87,5.74,5.82,6.4,6.26,6.21,5.46,5.11,5.34,5.56,6.02,6.22,6.27,6.48,умеренный,True
51.0,80.0,247.4,5.97,5.97,6.0,6.49,6.31,6.27,5.51,5.12,5.38,5.6,6.12,6.39,6.5,6.59,хороший,True
51.0,80.625,276.4,6.12,6.27,6.26,6.62,6.38,6.37,5.55,5.15,5.45,5.65,6.28,6.65,6.82,6.76,хороший,True
51.0,81.25,310.3,6.25,6.67,6.59,6.78,6.37,6.36,5.52,5.12,5.46,5.62,6.37,6.94,7.22,6.9,хороший,True
51.0,81.875,399.2,6.15,6.86,6.75,6.81,6.16,6.03,5.22,4.87,5.19,5.38,6.21,6.97,7.34,6.79,хороший,True
51.0,82.5,564.4,5.39,6.19,6.16,6.18,5.42,5.15,4.41,4.16,4.41,4.6,5.39,6.13,6.48,5.95,умеренный,True
51.0,83.125,810.6,4.99,5.7,5.64,5.7,4.96,4.76,4.05,3.83,4.04,4.27,5.09,5.82,6.01,5.51,умеренный,True
51.0,83.75,1186.2,4.99,5.59,5.43,5.62,4.93,4.84,4.03,3.76,3.97,4.33,5.37,6.06,6.01,5.51,умеренный,True
51.0,84.375,1411.8,4.74,5.14,5.05,5.35,4.88,4.72,3.79,3.51,3.69,4.13,5.21,5.81,5.64,5.23,низкий,False
51.0,85.0,1387.1,5.19,5.94,5.71,5.87,5.24,5.03,3.98,3.71,3.89,4.44,5.64,6.42,6.48,5.73,умеренный,False
51.0,85.625,1393.7,4.69,5.52,5.28,5.33,4.72,4.49,3.52,3.3,3.44,3.96,5.05,5.76,5.93,5.18,низкий,False
51.0,86.25,1450.9,3.78,4.36,4.17,4.22,3.88,3.76,2.96,2.78,2.92,3.28,4.03,4.47,4.59,4.17,низкий,False
51.0,86.875,1693.0,3.5,3.92,3.75,3.86,3.66,3.63,2.84,2.65,2.79,3.11,3.73,4.02,4.07,3.86,низкий,False
51.0,87.5,1809.7,3.35,3.58,3.47,3.7,3.62,3.6,2.77,2.57,2.65,2.99,3.6,3.85,3.76,3.7,низкий,False
51.5,46.25,87.7,6.39,6.9,6.99,7.04,6.81,6.2,5.78,5.48,5.66,6.19,6.62,6.43,6.64,7.06,хороший,False
51.5,46.875,63.2,6.4,6.91,7.01,7.02,6.86,6.24,5.79,5.51,5.68,6.18,6.6,6.4,6.6,7.07,хороший,False
51.5,47.5,65.3,6.43,7.0,7.08,7.03,6.91,6.24,5.79,5.53,5.72,6.19,6.63,6.41,6.63,7.1,хороший,False
51.5,48.125,77.5,6.49,7.13,7.18,7.1,7.0,6.27,5.83,5.57,5.78,6.23,6.7,6.47,6.71,7.17,хороший,False
51.5,48.75,96.5,6.6,7.3,7.29,7.2,7.12,6.34,5.88,5.66,5.87,6.31,6.81,6.59,6.84,7.29,хороший,False
51.5,49.375,84.1,6.55,7.27,7.23,7.13,7.09,6.27,5.83,5.63,5.83,6.27,6.78,6.55,6.78,7.23,хороший,False
51.5,50.0,91.8,6.57,7.3,7.23,7.16,7.13,6.3,5.83,5.64,5.86,6.28,6.78,6.57,6.78,7.25,хороший,True
51.5,50.625,93.3,6.56,7.26,7.17,7.17,7.16,6.33,5.84,5.63,5.9,6.27,6.76,6.57,6.74,7.24,хороший,True
51.5,51.25,78.0,6.5,7.16,7.04,7.15,7.12,6.28,5.8,5.57,5.86,6.19,6.7,6.52,6.65,7.18,хороший,True
51.5,51.875,63.6,6.46,7.09,6.98,7.15,7.11,6.26,5.79,5.52,5.82,6.15,6.65,6.49,6.58,7.13,хороший,True
51.5,52.5,70.0,6.45,7.09,6.97,7.18,7.09,6.29,5.8,5.49,5.78,6.15,6.62,6.48,6.54,7.12,хороший,True
51.5,53.125,88.2,6.45,7.09,6.95,7.21,7.07,6.31,5.81,5.48,5.76,6.18,6.6,6.48,6.51,7.12,хороший,True
51.5,53.75,102.7,6.45,7.05,6.93,7.21,7.07,6.36,5.85,5.5,5.75,6.17,6.6,6.46,6.46,7.12,хороший,True
51.5,54.375,119.7,6.44,7.02,6.89,7.2,7.05,6.38,5.83,5.47,5.7,6.16,6.62,6.5,6.43,7.11,хороший,False
51.5,55.0,149.2,6.43,7.05,6.88,7.21,7.03,6.39,5.81,5.44,5.66,6.13,6.64,6.54,6.45,7.1,хороший,False
51.5,55.625,168.5,6.45,7.09,6.89,7.23,7.05,6.4,5.83,5.44,5.67,6.14,6.66,6.59,6.47,7.12,хороший,False
51.5,56.25,168.6,6.38,6.98,6.8,7.15,7.01,6.35,5.77,5.41,5.63,6.06,6.55,6.47,6.38,7.04,хороший,False
51.5,56.875,244.1,6.35,6.95,6.84,7.16,6.96,6.27,5.7,5.46,5.59,5.99,6.47,6.43,6.4,7.01,хороший,False
51.5,57.5,324.4,6.4,6.91,6.88,7.19,6.98,6.28,5.77,5.57,5.65,6.07,6.57,6.58,6.43,7.07,хороший,False
51.5,58.125,349.6,6.51,6.83,6.85,7.22,7.07,6.42,5.98,5.75,5.8,6.23,6.76,6.78,6.48,7.19,хороший,False
51.5,58.75,283.0,6.46,6.52,6.63,7.08,7.04,6.47,6.08,5.83,5.84,6.25,6.75,6.73,6.33,7.13,хороший,False
51.5,59.375,294.5,6.45,6.51,6.64,7.14,7.03,6.47,6.08,5.86,5.84,6.21,6.67,6.63,6.33,7.12,хороший,False
51.5,60.0,328.7,6.65,6.84,6.94,7.4,7.21,6.62,6.19,5.95,5.94,6.34,6.85,6.9,6.69,7.34,хороший,False
51.5,60.625,329.0,6.75,6.93,7.05,7.48,7.3,6.74,6.24,5.98,5.99,6.4,6.93,7.04,6.88,7.45,хороший,True
51.5,61.25,295.4,6.72,6.83,6.99,7.41,7.3,6.78,6.23,5.97,5.98,6.39,6.89,7.02,6.87,7.42,хороший,True
51.5,61.875,263.8,6.64,6.7,6.88,7.33,7.24,6.75,6.2,5.91,5.93,6.31,6.8,6.91,6.78,7.33,хороший,True
51.5,62.5,253.9,6.63,6.71,6.87,7.32,7.21,6.78,6.21,5.92,5.93,6.28,6.76,6.86,6.77,7.32,хороший,True
51.5,63.125,239.0,6.66,6.78,6.93,7.35,7.2,6.81,6.21,5.92,5.9,6.28,6.77,6.91,6.86,7.35,хороший,True
51.5,63.75,206.5,6.57,6.61,6.8,7.22,7.1,6.74,6.17,5.88,5.83,6.26,6.68,6.83,6.73,7.25,хороший,True
51.5,64.375,180.4,6.48,6.53,6.72,7.16,7.0,6.66,6.08,5.82,5.76,6.19,6.57,6.72,6.62,7.16,хороший,True
51.5,65.0,204.1,6.58,6.83,6.92,7.38,7.06,6.68,6.06,5.82,5.74,6.2,6.62,6.87,6.81,7.27,хороший,True
51.5,65.625,260.1,6.78,7.21,7.2,7.7,7.24,6.8,6.13,5.84,5.78,6.29,6.8,7.18,7.17,7.49,хороший,True
51.5,66.25,268.8,6.81,7.25,7.23,7.77,7.27,6.82,6.11,5.8,5.78,6.31,6.84,7.27,7.25,7.52,отличный,True
51.5,66.875,295.5,6.76,7.12,7.14,7.71,7.24,6.78,6.1,5.79,5.78,6.3,6.79,7.22,7.15,7.46,хороший,True
51.5,67.5,289.6,6.68,6.93,7.02,7.57,7.17,6.72,6.08,5.78,5.75,6.24,6.72,7.14,7.03,7.38,хороший,True
51.5,68.125,292.1,6.65,6.91,7.01,7.55,7.13,6.69,6.04,5.73,5.7,6.19,6.69,7.14,7.04,7.34,хороший,True
51.5,68.75,301.1,6.64,6.92,7.01,7.55,7.11,6.67,6.01,5.68,5.66,6.18,6.68,7.15,7.08,7.33,хороший,True
51.5,69.375,309.3,6.62,6.89,6.99,7.54,7.07,6.65,5.98,5.65,5.65,6.17,6.67,7.14,7.09,7.31,хороший,True
51.5,70.0,322.1,6.63,6.91,7.01,7.53,7.05,6.64,5.98,5.65,5.69,6.17,6.68,7.14,7.12,7.32,хороший,True
51.5,70.625,348.5,6.72,7.09,7.17,7.64,7.09,6.68,6.0,5.7,5.78,6.23,6.77,7.27,7.3,7.42,хороший,True
51.5,71.25,367.5,6.83,7.29,7.36,7.76,7.16,6.74,6.0,5.72,5.84,6.28,6.9,7.45,7.54,7.54,отличный,True
51.5,71.875,348.9,6.9,7.49,7.51,7.89,7.21,6.77,5.92,5.62,5.8,6.28,7.01,7.6,7.8,7.62,отличный,True
51.5,72.5,353.2,7.04,7.81,7.75,8.12,7.33,6.83,5.93,5.55,5.79,6.35,7.16,7.78,8.11,7.77,отличный,True
51.5,73.125,385.9,7.16,8.0,7.89,8.22,7.44,6.89,5.99,5.57,5.84,6.45,7.33,7.96,8.32,7.91,отличный,True
51.5,73.75,359.9,7.1,7.86,7.74,8.08,7.4,6.87,5.99,5.56,5.86,6.42,7.3,7.91,8.24,7.84,отличный,True
51.5,74.375,308.1,6.97,7.6,7.49,7.87,7.28,6.8,5.95,5.53,5.84,6.33,7.17,7.71,8.02,7.7,отличный,True
51.5,75.0,270.5,6.88,7.41,7.29,7.74,7.21,6.76,5.95,5.52,5.86,6.29,7.08,7.58,7.86,7.6,отличный,True
51.5,75.625,226.3,6.78,7.18,7.08,7.6,7.14,6.73,5.96,5.53,5.85,6.25,6.99,7.44,7.67,7.49,хороший,True
51.5,76.25,179.9,6.55,6.72,6.7,7.3,6.97,6.62,5.88,5.48,5.76,6.11,6.75,7.13,7.24,7.23,хороший,True
51.5,76.875,152.1,6.38,6.38,6.42,7.1,6.83,6.54,5.8,5.41,5.67,5.98,6.58,6.89,6.93,7.04,хороший,True
51.5,77.5,139.4,6.25,6.16,6.26,6.95,6.7,6.5,5.73,5.36,5.59,5.89,6.44,6.71,6.73,6.9,хороший,True
51.5,78.125,154.0,6.1,5.97,6.08,6.75,6.55,6.4,5.64,5.26,5.48,5.77,6.26,6.5,6.5,6.74,хороший,True
51.5,78.75,167.5,5.83,5.75,5.86,6.45,6.3,6.16,5.39,5.01,5.22,5.49,5.94,6.17,6.22,6.44,умеренный,True
51.5,79.375,184.3,5.92,5.89,5.95,6.52,6.38,6.26,5.44,5.04,5.27,5.57,6.07,6.31,6.38,6.54,хороший,True
51.5,80.0,200.5,6.1,6.08,6.11,6.67,6.52,6.42,5.57,5.14,5.4,5.74,6.32,6.57,6.64,6.74,хороший,False
51.5,80.625,220.7,6.25,6.35,6.34,6.83,6.58,6.51,5.63,5.17,5.47,5.82,6.51,6.85,6.94,6.9,хороший,True
51.5,81.25,248.7,6.48,6.88,6.81,7.12,6.65,6.56,5.69,5.18,5.51,5.89,6.75,7.29,7.48,7.16,хороший,False
51.5,81.875,290.6,6.62,7.35,7.23,7.4,6.64,6.46,5.61,5.08,5.41,5.84,6.89,7.67,7.95,7.31,хороший,False
51.5,82.5,393.7,6.39,7.14,7.08,7.28,6.41,6.13,5.28,4.77,5.06,5.56,6.69,7.57,7.73,7.06,хороший,False
51.5,83.125,542.3,6.18,6.81,6.74,7.06,6.21,5.95,5.07,4.57,4.85,5.39,6.57,7.49,7.45,6.82,хороший,False
51.5,83.75,750.4,5.3,5.86,5.75,6.17,5.48,5.12,4.26,3.84,4.07,4.55,5.67,6.47,6.38,5.85,умеренный,False
51.5,84.375,888.9,4.63,4.94,4.89,5.43,4.97,4.62,3.75,3.4,3.63,4.06,4.95,5.49,5.39,5.11,низкий,False
51.5,85.0,983.0,4.8,5.36,5.17,5.58,5.07,4.75,3.74,3.41,3.65,4.16,5.09,5.72,5.85,5.3,низкий,False
51.5,85.625,966.4,4.51,5.35,5.04,5.25,4.65,4.35,3.43,3.15,3.35,3.79,4.65,5.37,5.74,4.98,низкий,False
51.5,86.25,1116.4,4.14,5.03,4.71,4.8,4.21,3.91,3.12,2.87,3.07,3.45,4.22,4.96,5.36,4.57,низкий,False
51.5,86.875,1365.1,4.05,4.82,4.53,4.66,4.17,3.88,3.04,2.81,3.01,3.43,4.2,4.86,5.14,4.47,низкий,False
51.5,87.5,1397.9,3.62,4.34,4.0,4.12,3.73,3.57,2.78,2.55,2.73,3.09,3.72,4.25,4.56,4.0,низкий,False
52.0,46.25,133.8,6.39,6.91,7.06,6.99,6.8,6.24,5.78,5.49,5.67,6.17,6.6,6.42,6.64,7.06,хороший,False
52.0,46.875,90.3,6.31,6.74,6.87,6.86,6.76,6.21,5.74,5.48,5.65,6.11,6.52,6.3,6.47,6.97,хороший,False
52.0,47.5,79.0,6.32,6.76,6.87,6.86,6.8,6.21,5.74,5.48,5.68,6.1,6.56,6.32,6.48,6.98,хороший,False
52.0,48.125,64.9,6.39,6.88,6.94,6.93,6.91,6.26,5.78,5.51,5.73,6.15,6.66,6.42,6.58,7.06,хороший,False
52.0,48.75,55.1,6.44,7.02,7.04,6.98,6.98,6.26,5.77,5.51,5.75,6.16,6.7,6.46,6.65,7.11,хороший,False
52.0,49.375,71.0,6.46,7.13,7.12,7.01,7.0,6.23,5.75,5.52,5.74,6.16,6.72,6.49,6.7,7.13,хороший,False
52.0,50.0,90.4,6.53,7.26,7.21,7.1,7.08,6.29,5.79,5.57,5.78,6.2,6.76,6.55,6.78,7.21,хороший,False
52.0,50.625,111.4,6.59,7.38,7.29,7.21,7.17,6.36,5.82,5.57,5.82,6.23,6.79,6.63,6.85,7.28,хороший,True
52.0,51.25,126.5,6.56,7.33,7.19,7.21,7.15,6.33,5.81,5.54,5.82,6.19,6.76,6.64,6.81,7.24,хороший,True
52.0,51.875,129.7,6.54,7.25,7.1,7.22,7.15,6.33,5.83,5.55,5.85,6.18,6.72,6.61,6.75,7.22,хороший,True
52.0,52.5,143.7,6.56,7.25,7.1,7.3,7.16,6.38,5.89,5.59,5.88,6.21,6.71,6.61,6.72,7.24,хороший,True
52.0,53.125,150.1,6.54,7.25,7.07,7.32,7.11,6.36,5.87,5.56,5.83,6.21,6.67,6.59,6.67,7.22,хороший,False
52.0,53.75,181.4,6.55,7.24,7.04,7.34,7.12,6.41,5.9,5.57,5.83,6.25,6.69,6.61,6.64,7.23,хороший,False
52.0,54.375,210.4,6.56,7.17,6.95,7.33,7.13,6.47,5.95,5.59,5.85,6.28,6.72,6.65,6.6,7.24,хороший,False
52.0,55.0,175.8,6.45,6.98,6.76,7.19,7.01,6.39,5.9,5.52,5.76,6.2,6.66,6.58,6.44,7.12,хороший,False
52.0,55.625,165.6,6.32,6.83,6.6,7.07,6.88,6.28,5.79,5.42,5.65,6.05,6.51,6.42,6.3,6.98,хороший,False
52.0,56.25,216.2,6.24,6.78,6.65,7.05,6.85,6.2,5.67,5.34,5.57,5.93,6.38,6.3,6.25,6.89,хороший,False
52.0,56.875,322.8,6.07,6.62,6.61,6.93,6.7,5.97,5.42,5.18,5.34,5.69,6.14,6.11,6.1,6.7,хороший,False
52.0,57.5,458.9,5.97,6.5,6.58,6.83,6.55,5.8,5.31,5.1,5.17,5.56,6.05,6.13,6.03,6.59,хороший,False
52.0,58.125,398.1,6.23,6.5,6.63,6.94,6.83,6.16,5.72,5.4,5.47,5.94,6.45,6.52,6.21,6.88,хороший,False
52.0,58.75,326.2,6.38,6.44,6.61,7.02,7.02,6.42,6.01,5.67,5.71,6.19,6.66,6.65,6.25,7.04,хороший,False
52.0,59.375,321.5,6.46,6.52,6.68,7.13,7.08,6.48,6.1,5.77,5.78,6.24,6.72,6.72,6.36,7.13,хороший,False
52.0,60.0,342.2,6.68,6.86,6.99,7.41,7.27,6.63,6.22,5.88,5.89,6.38,6.91,7.01,6.74,7.38,хороший,True
52.0,60.625,340.3,6.79,6.99,7.15,7.51,7.38,6.75,6.28,5.93,5.97,6.45,6.99,7.18,6.97,7.5,отличный,True
52.0,61.25,286.1,6.76,6.89,7.07,7.45,7.35,6.78,6.25,5.89,5.96,6.42,6.95,7.14,6.98,7.46,хороший,True
52.0,61.875,257.1,6.68,6.77,6.96,7.36,7.26,6.74,6.18,5.82,5.9,6.33,6.87,7.03,6.9,7.38,хороший,True
52.0,62.5,241.7,6.65,6.75,6.92,7.34,7.23,6.74,6.15,5.8,5.89,6.29,6.84,6.98,6.87,7.34,хороший,True
52.0,63.125,228.6,6.65,6.77,6.92,7.33,7.21,6.77,6.18,5.8,5.87,6.29,6.83,6.98,6.87,7.34,хороший,True
52.0,63.75,211.5,6.61,6.66,6.84,7.24,7.16,6.77,6.19,5.8,5.84,6.3,6.77,6.94,6.8,7.3,хороший,True
52.0,64.375,149.1,6.52,6.59,6.76,7.18,7.08,6.69,6.08,5.72,5.75,6.23,6.64,6.84,6.69,7.2,хороший,True
52.0,65.0,210.8,6.68,7.0,7.02,7.5,7.2,6.77,6.08,5.72,5.73,6.27,6.75,7.1,7.01,7.38,хороший,True
52.0,65.625,244.9,6.82,7.27,7.21,7.76,7.3,6.84,6.11,5.73,5.74,6.34,6.89,7.35,7.29,7.53,отличный,True
52.0,66.25,263.4,6.85,7.34,7.28,7.87,7.32,6.84,6.09,5.73,5.75,6.37,6.91,7.43,7.37,7.56,отличный,True
52.0,66.875,301.0,6.87,7.34,7.31,7.91,7.33,6.84,6.08,5.77,5.78,6.39,6.9,7.43,7.35,7.59,отличный,True
52.0,67.5,346.7,6.88,7.28,7.3,7.9,7.36,6.86,6.13,5.83,5.82,6.42,6.91,7.44,7.32,7.6,отличный,True
52.0,68.125,337.6,6.73,6.94,7.1,7.66,7.25,6.79,6.09,5.79,5.77,6.34,6.77,7.27,7.08,7.43,хороший,True
52.0,68.75,333.6,6.63,6.76,6.98,7.5,7.16,6.71,6.01,5.72,5.7,6.26,6.66,7.16,6.94,7.32,хороший,True
52.0,69.375,335.1,6.63,6.77,7.01,7.5,7.15,6.7,5.97,5.69,5.69,6.24,6.66,7.17,6.99,7.32,хороший,True
52.0,70.0,339.9,6.7,6.92,7.13,7.59,7.17,6.72,5.99,5.69,5.73,6.26,6.74,7.28,7.16,7.4,хороший,True
52.0,70.625,351.5,6.84,7.21,7.36,7.78,7.25,6.78,6.04,5.72,5.82,6.34,6.9,7.5,7.46,7.55,отличный,True
52.0,71.25,356.0,7.0,7.5,7.59,7.96,7.34,6.87,6.08,5.74,5.9,6.42,7.08,7.72,7.79,7.73,отличный,True
52.0,71.875,315.8,7.02,7.57,7.62,7.98,7.34,6.87,6.02,5.67,5.89,6.42,7.13,7.79,7.92,7.75,отличный,True
52.0,72.5,266.8,6.96,7.55,7.56,7.94,7.3,6.82,5.91,5.53,5.82,6.36,7.09,7.72,7.89,7.69,отличный,True
52.0,73.125,275.9,7.11,7.86,7.76,8.14,7.44,6.89,5.95,5.53,5.88,6.46,7.3,7.93,8.21,7.85,отличный,True
52.0,73.75,233.7,7.07,7.77,7.63,8.05,7.42,6.87,5.94,5.53,5.89,6.44,7.29,7.85,8.14,7.81,отличный,True
52.0,74.375,195.8,6.89,7.43,7.32,7.8,7.3,6.78,5.9,5.5,5.87,6.35,7.12,7.58,7.82,7.61,отличный,True
52.0,75.0,163.2,6.75,7.11,7.04,7.61,7.19,6.71,5.89,5.47,5.84,6.27,6.97,7.37,7.56,7.45,хороший,True
52.0,75.625,137.3,6.65,6.88,6.82,7.48,7.11,6.68,5.9,5.45,5.81,6.2,6.85,7.22,7.36,7.34,хороший,True
52.0,76.25,126.4,6.5,6.6,6.58,7.3,7.0,6.65,5.84,5.43,5.73,6.1,6.68,7.03,7.11,7.18,хороший,True
52.0,76.875,123.0,6.43,6.47,6.48,7.21,6.92,6.64,5.8,5.4,5.7,6.05,6.59,6.93,6.99,7.1,хороший,True
52.0,77.5,133.7,6.4,6.42,6.44,7.14,6.86,6.65,5.81,5.4,5.69,6.03,6.55,6.88,6.94,7.07,хороший,True
52.0,78.125,145.7,6.32,6.34,6.37,7.03,6.77,6.61,5.76,5.33,5.59,5.95,6.48,6.81,6.82,6.98,хороший,True
52.0,78.75,151.8,6.08,6.09,6.13,6.76,6.58,6.42,5.53,5.11,5.37,5.72,6.23,6.53,6.55,6.71,хороший,True
52.0,79.375,157.3,6.14,6.17,6.18,6.81,6.63,6.46,5.54,5.12,5.38,5.76,6.32,6.62,6.66,6.78,хороший,True
52.0,80.0,191.6,6.3,6.41,6.38,6.98,6.75,6.57,5.63,5.17,5.46,5.89,6.54,6.87,6.95,6.96,хороший,False
52.0,80.625,231.8,6.44,6.67,6.62,7.15,6.81,6.64,5.68,5.18,5.49,5.98,6.74,7.13,7.23,7.11,хороший,False
52.0,81.25,242.2,6.57,6.95,6.88,7.3,6.83,6.67,5.72,5.17,5.48,6.02,6.9,7.41,7.52,7.25,хороший,False
52.0,81.875,233.0,6.63,7.17,7.08,7.38,6.79,6.61,5.7,5.09,5.42,5.99,7.01,7.64,7.74,7.32,хороший,False
52.0,82.5,226.2,6.64,7.14,7.1,7.41,6.81,6.59,5.65,5.02,5.37,5.99,7.12,7.81,7.75,7.33,хороший,False
52.0,83.125,267.5,6.54,6.83,6.86,7.38,6.8,6.54,5.54,4.89,5.24,5.94,7.13,7.79,7.53,7.22,хороший,False
52.0,83.75,321.7,5.98,6.08,6.17,6.85,6.4,6.11,5.05,4.44,4.76,5.46,6.59,7.14,6.75,6.6,хороший,False
52.0,84.375,383.4,5.53,5.33,5.44,6.35,6.1,5.85,4.75,4.19,4.53,5.22,6.14,6.46,6.01,6.11,умеренный,False
52.0,85.0,421.9,5.25,5.1,5.12,6.05,5.84,5.62,4.45,3.95,4.31,4.99,5.78,6.01,5.78,5.8,умеренный,False
52.0,85.625,428.8,4.73,4.94,4.81,5.49,5.22,4.97,3.88,3.49,3.8,4.37,5.03,5.3,5.43,5.22,низкий,False
52.0,86.25,461.6,4.08,4.54,4.31,4.72,4.45,4.2,3.28,2.99,3.22,3.65,4.19,4.54,4.83,4.51,низкий,False
52.0,86.875,538.9,3.85,4.28,4.04,4.39,4.18,3.93,3.08,2.84,3.05,3.43,3.95,4.38,4.6,4.25,низкий,False
52.0,87.5,682.9,3.66,4.14,3.81,4.09,3.91,3.73,2.96,2.7,2.93,3.27,3.72,4.22,4.5,4.04,низкий,False
52.5,46.25,221.6,6.48,7.12,7.34,7.08,6.82,6.27,5.76,5.47,5.67,6.2,6.7,6.58,6.85,7.16,хороший,False
52.5,46.875,193.3,6.44,7.0,7.15,6.99,6.82,6.29,5.78,5.52,5.72,6.19,6.67,6.51,6.72,7.11,хороший,False
52.5,47.5,153.2,6.42,6.92,7.01,6.95,6.85,6.3,5.79,5.52,5.75,6.17,6.68,6.49,6.66,7.09,хороший,False
52.5,48.125,106.4,6.39,6.86,6.91,6.92,6.87,6.29,5.76,5.46,5.73,6.12,6.71,6.49,6.62,7.06,хороший,False
52.5,48.75,77.4,6.44,6.98,6.99,6.97,6.95,6.31,5.77,5.48,5.77,6.14,6.76,6.54,6.69,7.11,хороший,False
52.5,49.375,89.8,6.48,7.14,7.11,7.01,6.97,6.27,5.76,5.48,5.77,6.14,6.77,6.57,6.77,7.16,хороший,False
52.5,50.0,95.2,6.52,7.26,7.19,7.09,7.04,6.28,5.78,5.46,5.75,6.15,6.79,6.62,6.83,7.2,хороший,False
52.5,50.625,110.8,6.58,7.4,7.27,7.2,7.12,6.33,5.8,5.46,5.76,6.18,6.83,6.7,6.92,7.27,хороший,False
52.5,51.25,135.7,6.6,7.46,7.26,7.27,7.14,6.34,5.81,5.48,5.78,6.19,6.84,6.76,6.96,7.29,хороший,False
52.5,51.875,137.8,6.62,7.46,7.21,7.33,7.13,6.34,5.86,5.51,5.83,6.22,6.84,6.78,6.93,7.31,хороший,False
52.5,52.5,140.6,6.57,7.35,7.09,7.32,7.08,6.32,5.87,5.52,5.82,6.2,6.77,6.7,6.8,7.25,хороший,False
52.5,53.125,158.4,6.55,7.33,7.06,7.35,7.07,6.33,5.87,5.51,5.8,6.21,6.73,6.67,6.75,7.23,хороший,False
52.5,53.75,185.0,6.63,7.47,7.15,7.48,7.15,6.43,5.93,5.55,5.84,6.3,6.78,6.74,6.81,7.32,хороший,False
52.5,54.375,220.1,6.65,7.42,7.09,7.5,7.17,6.49,5.99,5.59,5.86,6.34,6.81,6.78,6.79,7.34,хороший,False
52.5,55.0,215.5,6.49,7.12,6.82,7.3,6.98,6.36,5.92,5.53,5.79,6.23,6.68,6.63,6.57,7.17,хороший,False
52.5,55.625,223.8,6.35,6.91,6.67,7.16,6.83,6.23,5.8,5.43,5.69,6.09,6.52,6.45,6.41,7.01,хороший,False
52.5,56.25,300.8,6.33,6.91,6.78,7.19,6.86,6.19,5.74,5.4,5.66,6.04,6.45,6.39,6.41,6.99,хороший,False
52.5,56.875,417.4,5.91,6.53,6.54,6.85,6.48,5.7,5.24,4.95,5.14,5.53,5.98,6.0,6.0,6.53,хороший,False
52.5,57.5,513.4,5.53,6.02,6.17,6.43,6.14,5.35,4.92,4.63,4.74,5.11,5.6,5.69,5.57,6.11,умеренный,False
52.5,58.125,493.3,5.79,6.07,6.31,6.56,6.41,5.68,5.29,4.94,5.01,5.43,5.95,6.06,5.8,6.39,умеренный,False
52.5,58.75,388.4,6.32,6.33,6.62,6.98,6.98,6.33,5.96,5.56,5.62,6.1,6.59,6.61,6.22,6.98,хороший,False
52.5,59.375,354.4,6.49,6.54,6.74,7.2,7.15,6.47,6.11,5.7,5.74,6.26,6.75,6.79,6.4,7.17,хороший,False
52.5,60.0,348.4,6.66,6.83,7.0,7.41,7.31,6.58,6.19,5.77,5.8,6.36,6.91,7.06,6.71,7.35,хороший,False
52.5,60.625,314.4,6.73,6.93,7.09,7.47,7.36,6.65,6.21,5.81,5.85,6.38,6.96,7.17,6.89,7.43,хороший,True
52.5,61.25,271.3,6.72,6.86,7.04,7.42,7.33,6.7,6.22,5.84,5.89,6.37,6.93,7.14,6.91,7.42,хороший,True
52.5,61.875,237.4,6.67,6.75,6.95,7.35,7.26,6.71,6.21,5.84,5.9,6.34,6.86,7.06,6.86,7.37,хороший,True
52.5,62.5,209.7,6.62,6.69,6.88,7.32,7.19,6.7,6.15,5.78,5.87,6.28,6.83,6.99,6.81,7.31,хороший,True
52.5,63.125,201.3,6.61,6.67,6.86,7.3,7.18,6.73,6.14,5.75,5.85,6.27,6.8,6.96,6.78,7.3,хороший,True
52.5,63.75,188.9,6.58,6.61,6.83,7.26,7.17,6.74,6.15,5.72,5.8,6.27,6.76,6.95,6.75,7.27,хороший,True
52.5,64.375,168.2,6.58,6.61,6.82,7.26,7.16,6.75,6.13,5.7,5.76,6.27,6.76,6.99,6.76,7.27,хороший,True
52.5,65.0,174.3,6.71,6.92,6.99,7.51,7.27,6.83,6.13,5.72,5.77,6.33,6.86,7.19,7.01,7.41,хороший,True
52.5,65.625,213.5,6.87,7.26,7.21,7.8,7.37,6.9,6.16,5.73,5.78,6.41,6.99,7.48,7.35,7.59,отличный,True
52.5,66.25,227.5,6.86,7.3,7.23,7.87,7.33,6.87,6.1,5.71,5.74,6.41,6.95,7.5,7.39,7.57,отличный,True
52.5,66.875,270.9,6.93,7.44,7.36,8.03,7.38,6.87,6.09,5.73,5.76,6.46,6.98,7.57,7.5,7.65,отличный,True
52.5,67.5,322.7,6.98,7.48,7.45,8.12,7.43,6.9,6.12,5.77,5.8,6.5,7.01,7.62,7.53,7.71,отличный,True
52.5,68.125,367.5,6.94,7.32,7.42,8.04,7.43,6.9,6.12,5.8,5.83,6.51,6.98,7.57,7.44,7.66,отличный,True
52.5,68.75,400.8,6.92,7.18,7.4,7.95,7.42,6.91,6.12,5.83,5.86,6.53,6.96,7.54,7.38,7.64,отличный,True
52.5,69.375,407.0,6.97,7.27,7.49,8.0,7.47,6.96,6.11,5.81,5.87,6.54,7.01,7.63,7.51,7.7,отличный,True
52.5,70.0,389.2,6.99,7.32,7.53,8.0,7.48,6.96,6.1,5.79,5.89,6.53,7.05,7.68,7.61,7.72,отличный,True
52.5,70.625,359.4,7.06,7.47,7.62,8.06,7.5,6.97,6.12,5.78,5.93,6.55,7.13,7.78,7.79,7.8,отличный,True
52.5,71.25,317.7,7.11,7.62,7.69,8.12,7.5,6.97,6.11,5.76,5.96,6.57,7.21,7.86,7.96,7.85,отличный,True
52.5,71.875,271.3,7.09,7.64,7.65,8.08,7.47,6.95,6.07,5.7,5.97,6.55,7.22,7.85,7.99,7.83,отличный,True
52.5,72.5,218.2,7.0,7.53,7.51,7.94,7.4,6.89,5.98,5.6,5.93,6.48,7.16,7.73,7.87,7.73,отличный,True
52.5,73.125,162.5,6.94,7.46,7.39,7.86,7.35,6.86,5.92,5.51,5.89,6.43,7.14,7.64,7.81,7.66,отличный,True
52.5,73.75,122.2,6.8,7.2,7.13,7.68,7.25,6.78,5.87,5.46,5.85,6.34,7.03,7.44,7.58,7.51,отличный,True
52.5,74.375,112.2,6.7,6.99,6.94,7.55,7.18,6.73,5.85,5.45,5.84,6.29,6.93,7.27,7.38,7.4,хороший,True
52.5,75.0,111.6,6.65,6.88,6.84,7.49,7.13,6.71,5.88,5.45,5.84,6.27,6.84,7.18,7.28,7.34,хороший,True
52.5,75.625,112.7,6.6,6.79,6.75,7.44,7.1,6.71,5.89,5.44,5.81,6.24,6.77,7.12,7.21,7.29,хороший,True
52.5,76.25,111.7,6.55,6.71,6.66,7.38,7.06,6.7,5.85,5.4,5.76,6.19,6.69,7.05,7.13,7.23,хороший,True
52.5,76.875,111.0,6.52,6.67,6.62,7.34,7.03,6.72,5.83,5.38,5.73,6.16,6.65,7.03,7.1,7.2,хороший,True
52.5,77.5,123.4,6.53,6.67,6.62,7.3,7.01,6.78,5.87,5.41,5.73,6.16,6.65,7.03,7.1,7.21,хороший,True
52.5,78.125,135.9,6.5,6.64,6.59,7.26,6.99,6.77,5.85,5.36,5.68,6.13,6.65,7.05,7.09,7.18,хороший,True
52.5,78.75,133.8,6.43,6.53,6.48,7.16,6.94,6.74,5.76,5.28,5.58,6.06,6.62,7.01,7.01,7.1,хороший,True
52.5,79.375,129.0,6.42,6.54,6.48,7.16,6.92,6.71,5.7,5.23,5.53,6.03,6.66,7.04,7.06,7.09,хороший,False
52.5,80.0,158.5,6.5,6.75,6.65,7.29,6.94,6.69,5.68,5.19,5.5,6.03,6.76,7.2,7.28,7.18,хороший,False
52.5,80.625,199.8,6.58,6.96,6.84,7.42,6.96,6.69,5.67,5.17,5.47,6.05,6.88,7.37,7.5,7.27,хороший,False
52.5,81.25,222.2,6.61,7.0,6.91,7.45,6.95,6.71,5.69,5.16,5.46,6.07,6.96,7.45,7.55,7.3,хороший,False
52.5,81.875,238.0,6.59,6.99,6.93,7.4,6.88,6.67,5.68,5.09,5.42,6.03,6.97,7.49,7.51,7.28,хороший,False
52.5,82.5,214.2,6.6,7.04,6.99,7.37,6.84,6.64,5.63,5.02,5.37,6.0,7.02,7.64,7.59,7.29,хороший,False
52.5,83.125,208.7,6.32,6.71,6.71,7.13,6.6,6.37,5.31,4.72,5.05,5.72,6.8,7.43,7.3,6.98,хороший,False
52.5,83.75,181.3,5.38,5.69,5.79,6.25,5.78,5.46,4.46,3.94,4.21,4.78,5.76,6.3,6.17,5.94,умеренный,False
52.5,84.375,182.7,5.08,5.12,5.3,5.89,5.59,5.31,4.3,3.82,4.09,4.64,5.48,5.86,5.59,5.61,умеренный,False
52.5,85.0,201.5,5.25,4.97,5.17,5.96,5.84,5.67,4.56,4.09,4.4,5.01,5.77,5.97,5.56,5.8,умеренный,False
52.5,85.625,232.6,5.16,4.75,4.9,5.8,5.8,5.71,4.52,4.08,4.4,5.05,5.73,5.82,5.4,5.7,умеренный,False
52.5,86.25,302.5,4.61,4.26,4.36,5.18,5.23,5.12,4.03,3.64,3.92,4.5,5.07,5.15,4.83,5.09,низкий,False
52.5,86.875,407.6,3.74,3.72,3.71,4.32,4.25,4.03,3.18,2.88,3.1,3.49,3.96,4.18,4.12,4.13,низкий,False
52.5,87.5,537.1,3.75,4.01,3.81,4.27,4.12,3.92,3.11,2.81,3.02,3.41,3.9,4.27,4.36,4.14,низкий,False
53.0,46.25,257.1,6.44,7.12,7.37,7.08,6.76,6.21,5.63,5.29,5.52,6.09,6.7,6.64,6.9,7.11,хороший,False
53.0,46.875,272.4,6.6,7.25,7.4,7.21,6.93,6.38,5.82,5.48,5.72,6.27,6.9,6.8,7.03,7.29,хороший,False
53.0,47.5,200.0,6.47,7.05,7.13,7.06,6.86,6.3,5.74,5.42,5.7,6.17,6.8,6.65,6.82,7.14,хороший,False
53.0,48.125,138.7,6.4,6.89,6.93,6.96,6.85,6.28,5.72,5.4,5.71,6.12,6.76,6.57,6.69,7.07,хороший,False
53.0,48.75,61.4,6.41,6.83,6.83,6.93,6.9,6.32,5.78,5.44,5.78,6.12,6.79,6.58,6.66,7.08,хороший,False
53.0,49.375,78.5,6.41,6.93,6.91,6.93,6.91,6.27,5.76,5.42,5.75,6.09,6.79,6.58,6.68,7.08,хороший,False
53.0,50.0,86.3,6.43,7.06,6.99,6.97,6.92,6.23,5.73,5.38,5.71,6.07,6.77,6.59,6.72,7.1,хороший,False
53.0,50.625,77.8,6.44,7.15,7.02,7.02,6.96,6.24,5.73,5.36,5.7,6.07,6.75,6.6,6.73,7.11,хороший,False
53.0,51.25,95.5,6.45,7.2,7.02,7.07,6.95,6.21,5.73,5.37,5.7,6.07,6.72,6.62,6.75,7.12,хороший,False
53.0,51.875,118.5,6.46,7.2,6.98,7.13,6.95,6.22,5.76,5.41,5.73,6.09,6.73,6.62,6.73,7.13,хороший,False
53.0,52.5,136.2,6.49,7.19,6.96,7.2,6.98,6.28,5.83,5.47,5.79,6.13,6.73,6.62,6.69,7.17,хороший,False
53.0,53.125,166.2,6.52,7.24,6.98,7.29,7.01,6.31,5.86,5.48,5.79,6.16,6.74,6.64,6.71,7.2,хороший,False
53.0,53.75,194.9,6.57,7.33,7.02,7.41,7.06,6.36,5.89,5.49,5.8,6.23,6.77,6.71,6.77,7.25,хороший,False
53.0,54.375,237.2,6.63,7.42,7.07,7.51,7.09,6.42,5.95,5.56,5.84,6.31,6.81,6.79,6.84,7.32,хороший,False
53.0,55.0,257.3,6.57,7.3,6.96,7.45,6.99,6.37,5.94,5.55,5.81,6.28,6.76,6.75,6.75,7.25,хороший,False
53.0,55.625,255.7,6.39,7.08,6.8,7.26,6.79,6.19,5.79,5.38,5.65,6.1,6.57,6.56,6.56,7.06,хороший,False
53.0,56.25,317.7,5.86,6.53,6.44,6.77,6.32,5.62,5.24,4.87,5.1,5.52,5.95,5.95,6.0,6.47,умеренный,False
53.0,56.875,430.1,5.47,6.06,6.12,6.4,6.03,5.24,4.89,4.55,4.71,5.11,5.52,5.54,5.53,6.04,умеренный,False
53.0,57.5,558.4,5.4,5.87,6.01,6.3,6.01,5.2,4.86,4.52,4.64,5.01,5.48,5.56,5.44,5.96,умеренный,False
53.0,58.125,571.5,6.17,6.43,6.58,6.95,6.78,6.0,5.68,5.2,5.34,5.83,6.43,6.58,6.25,6.81,хороший,False
53.0,58.75,447.3,6.35,6.41,6.64,7.07,7.0,6.28,5.97,5.45,5.59,6.11,6.65,6.73,6.34,7.01,хороший,False
53.0,59.375,378.1,6.48,6.52,6.75,7.24,7.16,6.44,6.11,5.59,5.73,6.27,6.78,6.84,6.43,7.16,хороший,False
53.0,60.0,374.6,6.68,6.84,7.03,7.49,7.34,6.58,6.2,5.71,5.82,6.38,6.94,7.1,6.74,7.38,хороший,False
53.0,60.625,313.7,6.76,6.97,7.14,7.56,7.37,6.63,6.23,5.77,5.88,6.42,7.0,7.22,6.92,7.46,хороший,True
53.0,61.25,259.5,6.68,6.82,7.01,7.47,7.28,6.62,6.2,5.77,5.85,6.35,6.91,7.12,6.85,7.38,хороший,True
53.0,61.875,225.1,6.66,6.74,6.95,7.43,7.24,6.66,6.18,5.79,5.86,6.33,6.86,7.07,6.83,7.35,хороший,True
53.0,62.5,203.3,6.63,6.7,6.91,7.4,7.21,6.69,6.15,5.77,5.84,6.29,6.82,7.03,6.81,7.32,хороший,True
53.0,63.125,192.8,6.65,6.71,6.93,7.41,7.23,6.74,6.15,5.77,5.85,6.3,6.82,7.02,6.82,7.34,хороший,True
53.0,63.75,188.8,6.66,6.75,6.98,7.44,7.24,6.76,6.15,5.74,5.83,6.33,6.84,7.07,6.86,7.35,хороший,True
53.0,64.375,174.2,6.66,6.74,6.97,7.44,7.22,6.77,6.13,5.71,5.79,6.33,6.84,7.09,6.87,7.35,хороший,True
53.0,65.0,172.1,6.71,6.88,7.04,7.54,7.25,6.8,6.12,5.7,5.77,6.35,6.88,7.21,7.0,7.41,хороший,True
53.0,65.625,192.6,6.81,7.13,7.19,7.74,7.32,6.85,6.11,5.68,5.76,6.4,6.95,7.4,7.25,7.52,отличный,True
53.0,66.25,207.0,6.9,7.28,7.3,7.9,7.38,6.9,6.12,5.69,5.75,6.47,7.01,7.55,7.42,7.62,отличный,True
53.0,66.875,233.1,6.96,7.46,7.44,8.09,7.43,6.91,6.09,5.67,5.73,6.5,7.04,7.64,7.58,7.69,отличный,True
53.0,67.5,286.6,7.08,7.69,7.65,8.3,7.53,6.96,6.11,5.71,5.78,6.59,7.15,7.79,7.78,7.82,отличный,True
53.0,68.125,344.4,7.2,7.84,7.83,8.46,7.64,7.05,6.16,5.76,5.85,6.7,7.27,7.94,7.95,7.95,отличный,True
53.0,68.75,376.9,7.29,7.93,7.96,8.56,7.73,7.12,6.21,5.81,5.92,6.78,7.37,8.07,8.11,8.05,отличный,True
53.0,69.375,366.9,7.34,7.98,8.02,8.6,7.79,7.16,6.23,5.83,5.96,6.8,7.42,8.12,8.23,8.1,отличный,True
53.0,70.0,349.6,7.3,7.88,7.94,8.49,7.75,7.15,6.21,5.83,5.98,6.77,7.38,8.05,8.15,8.06,отличный,True
53.0,70.625,315.9,7.25,7.8,7.85,8.37,7.7,7.11,6.19,5.81,6.01,6.76,7.36,8.01,8.11,8.01,отличный,True
53.0,71.25,254.4,7.15,7.65,7.68,8.21,7.62,7.04,6.12,5.75,6.0,6.68,7.27,7.87,7.99,7.9,отличный,True
53.0,71.875,207.4,7.04,7.49,7.5,8.05,7.53,6.97,6.05,5.67,5.97,6.61,7.18,7.72,7.83,7.77,отличный,True
53.0,72.5,161.1,6.9,7.26,7.26,7.84,7.41,6.9,5.98,5.59,5.93,6.52,7.07,7.52,7.6,7.62,отличный,True
53.0,73.125,103.4,6.74,6.97,6.97,7.62,7.26,6.82,5.9,5.5,5.87,6.41,6.93,7.29,7.32,7.44,хороший,True
53.0,73.75,92.3,6.62,6.77,6.76,7.46,7.18,6.76,5.85,5.46,5.84,6.33,6.82,7.11,7.12,7.31,хороший,True
53.0,74.375,98.3,6.66,6.85,6.82,7.53,7.22,6.78,5.87,5.47,5.86,6.36,6.85,7.16,7.19,7.35,хороший,True
53.0,75.0,103.0,6.66,6.88,6.84,7.54,7.21,6.79,5.88,5.44,5.85,6.35,6.82,7.15,7.22,7.35,хороший,True
53.0,75.625,103.5,6.64,6.87,6.82,7.52,7.18,6.79,5.88,5.41,5.8,6.32,6.78,7.12,7.2,7.33,хороший,True
53.0,76.25,101.3,6.6,6.82,6.77,7.47,7.15,6.79,5.86,5.38,5.76,6.29,6.73,7.08,7.14,7.29,хороший,True
53.0,76.875,101.8,6.58,6.77,6.72,7.42,7.13,6.8,5.86,5.38,5.75,6.26,6.7,7.06,7.09,7.27,хороший,True
53.0,77.5,108.2,6.59,6.8,6.73,7.41,7.13,6.82,5.88,5.39,5.75,6.26,6.71,7.1,7.13,7.28,хороший,True
53.0,78.125,116.8,6.58,6.79,6.71,7.4,7.13,6.82,5.86,5.36,5.71,6.23,6.72,7.14,7.16,7.27,хороший,True
53.0,78.75,117.6,6.5,6.64,6.57,7.3,7.08,6.78,5.77,5.27,5.63,6.16,6.7,7.1,7.06,7.18,хороший,False
53.0,79.375,111.0,6.47,6.55,6.49,7.26,7.06,6.77,5.73,5.23,5.59,6.14,6.73,7.09,7.0,7.14,хороший,False
53.0,80.0,124.1,6.46,6.64,6.56,7.28,6.99,6.7,5.65,5.15,5.52,6.08,6.75,7.16,7.1,7.13,хороший,False
53.0,80.625,147.4,6.5,6.82,6.73,7.36,6.94,6.63,5.61,5.1,5.45,6.02,6.79,7.28,7.28,7.18,хороший,False
53.0,81.25,172.7,6.57,6.97,6.87,7.46,6.95,6.65,5.62,5.1,5.43,6.04,6.9,7.41,7.45,7.25,хороший,False
53.0,81.875,225.3,6.62,7.06,6.95,7.52,6.96,6.69,5.65,5.09,5.43,6.07,6.99,7.51,7.54,7.31,хороший,False
53.0,82.5,229.1,6.63,7.0,6.91,7.45,6.95,6.75,5.68,5.08,5.45,6.11,7.06,7.59,7.53,7.32,хороший,False
53.0,83.125,205.5,6.27,6.54,6.51,7.03,6.61,6.45,5.36,4.79,5.14,5.79,6.72,7.24,7.06,6.92,хороший,False
53.0,83.75,182.7,5.34,5.66,5.71,6.11,5.72,5.49,4.47,4.0,4.3,4.81,5.64,6.11,6.05,5.9,умеренный,False
53.0,84.375,210.0,5.13,5.49,5.56,5.93,5.51,5.26,4.25,3.8,4.12,4.61,5.39,5.84,5.84,5.66,умеренный,False
53.0,85.0,263.9,5.64,5.91,5.94,6.42,6.01,5.82,4.7,4.21,4.59,5.2,6.03,6.46,6.35,6.23,умеренный,False
53.0,85.625,283.7,5.82,6.01,5.98,6.57,6.22,6.07,4.88,4.39,4.78,5.46,6.33,6.7,6.52,6.43,умеренный,False
53.0,86.25,299.6,5.36,5.58,5.51,6.11,5.78,5.58,4.44,3.99,4.33,5.0,5.8,6.18,6.04,5.92,умеренный,False
53.0,86.875,351.7,4.59,5.18,5.01,5.37,4.9,4.57,3.63,3.29,3.56,4.08,4.76,5.26,5.46,5.07,низкий,False
53.0,87.5,491.4,4.24,4.86,4.65,4.99,4.54,4.2,3.34,3.01,3.26,3.74,4.33,4.85,5.09,4.68,низкий,False
53.5,46.25,254.1,6.39,7.04,7.28,7.07,6.7,6.16,5.56,5.18,5.44,6.01,6.7,6.67,6.89,7.06,хороший,False
53.5,46.875,255.3,6.47,7.12,7.28,7.14,6.8,6.25,5.66,5.28,5.56,6.1,6.78,6.73,6.92,7.14,хороший,False
53.5,47.5,220.5,6.46,7.08,7.19,7.11,6.82,6.26,5.69,5.33,5.64,6.13,6.79,6.7,6.87,7.13,хороший,False
53.5,48.125,174.2,6.44,6.94,7.02,7.03,6.84,6.29,5.73,5.4,5.73,6.16,6.8,6.64,6.77,7.11,хороший,False
53.5,48.75,115.6,6.49,6.86,6.9,7.01,6.95,6.38,5.86,5.5,5.85,6.23,6.92,6.69,6.76,7.17,хороший,False
53.5,49.375,99.6,6.45,6.9,6.92,6.97,6.92,6.31,5.8,5.43,5.78,6.15,6.88,6.67,6.75,7.12,хороший,False
53.5,50.0,113.2,6.43,7.0,6.97,6.96,6.88,6.24,5.74,5.39,5.72,6.09,6.79,6.62,6.74,7.1,хороший,False
53.5,50.625,109.3,6.42,7.05,6.99,6.98,6.87,6.23,5.73,5.4,5.74,6.06,6.73,6.58,6.7,7.09,хороший,False
53.5,51.25,112.7,6.39,7.07,6.97,7.0,6.84,6.18,5.69,5.37,5.7,6.02,6.69,6.55,6.68,7.06,хороший,False
53.5,51.875,130.3,6.41,7.09,6.95,7.06,6.86,6.2,5.73,5.4,5.72,6.04,6.68,6.55,6.66,7.08,хороший,False
53.5,52.5,137.4,6.43,7.09,6.92,7.13,6.9,6.24,5.76,5.42,5.74,6.05,6.69,6.56,6.66,7.1,хороший,False
53.5,53.125,183.1,6.49,7.2,6.97,7.28,6.96,6.28,5.8,5.43,5.75,6.1,6.74,6.65,6.74,7.17,хороший,False
53.5,53.75,219.1,6.58,7.33,7.06,7.45,7.03,6.35,5.86,5.47,5.8,6.19,6.81,6.77,6.84,7.27,хороший,False
53.5,54.375,248.5,6.64,7.42,7.12,7.54,7.06,6.39,5.93,5.54,5.86,6.28,6.86,6.85,6.89,7.33,хороший,False
53.5,55.0,258.9,6.6,7.37,7.01,7.5,6.97,6.34,5.91,5.49,5.8,6.28,6.85,6.86,6.84,7.29,хороший,False
53.5,55.625,245.4,6.27,6.99,6.69,7.16,6.62,6.01,5.64,5.21,5.49,5.97,6.49,6.49,6.48,6.92,хороший,False
53.5,56.25,281.7,5.65,6.33,6.2,6.55,6.05,5.38,5.05,4.67,4.9,5.32,5.75,5.76,5.84,6.24,умеренный,False
53.5,56.875,484.3,5.09,5.74,5.78,6.01,5.6,4.81,4.5,4.18,4.34,4.7,5.08,5.14,5.26,5.62,умеренный,False
53.5,57.5,582.3,5.63,6.03,6.05,6.46,6.22,5.43,5.15,4.7,4.88,5.31,5.8,5.85,5.66,6.22,умеренный,False
53.5,58.125,600.9,6.22,6.42,6.46,6.96,6.83,6.07,5.81,5.24,5.45,5.96,6.55,6.64,6.26,6.87,хороший,False
53.5,58.75,494.6,6.39,6.4,6.57,7.07,7.02,6.3,6.05,5.45,5.65,6.19,6.74,6.83,6.41,7.06,хороший,False
53.5,59.375,410.9,6.51,6.52,6.72,7.27,7.18,6.47,6.14,5.55,5.77,6.32,6.82,6.88,6.48,7.19,хороший,False
53.5,60.0,374.9,6.64,6.78,6.93,7.5,7.28,6.53,6.16,5.59,5.82,6.4,6.94,7.08,6.74,7.33,хороший,False
53.5,60.625,314.7,6.7,6.9,7.02,7.58,7.3,6.55,6.17,5.63,5.84,6.41,6.97,7.15,6.89,7.4,хороший,False
53.5,61.25,246.1,6.64,6.78,6.94,7.5,7.23,6.55,6.14,5.66,5.83,6.35,6.88,7.04,6.82,7.33,хороший,True
53.5,61.875,217.7,6.67,6.77,6.94,7.54,7.26,6.64,6.16,5.71,5.87,6.37,6.88,7.07,6.86,7.37,хороший,True
53.5,62.5,200.4,6.67,6.79,6.97,7.53,7.26,6.67,6.13,5.68,5.83,6.34,6.86,7.09,6.91,7.37,хороший,True
53.5,63.125,182.3,6.68,6.82,6.99,7.55,7.27,6.7,6.12,5.67,5.81,6.34,6.86,7.1,6.93,7.38,хороший,True
53.5,63.75,170.2,6.7,6.86,7.04,7.57,7.27,6.73,6.13,5.68,5.82,6.36,6.87,7.13,6.96,7.4,хороший,True
53.5,64.375,173.4,6.73,6.89,7.1,7.61,7.27,6.77,6.15,5.71,5.85,6.42,6.9,7.17,7.0,7.43,хороший,True
53.5,65.0,145.6,6.76,6.98,7.14,7.67,7.29,6.81,6.13,5.67,5.81,6.41,6.91,7.24,7.08,7.46,хороший,True
53.5,65.625,171.8,6.84,7.14,7.27,7.8,7.36,6.86,6.12,5.65,5.8,6.46,6.98,7.39,7.25,7.55,отличный,True
53.5,66.25,186.6,6.91,7.28,7.37,7.93,7.43,6.9,6.1,5.63,5.78,6.51,7.04,7.53,7.41,7.63,отличный,True
53.5,66.875,186.3,6.97,7.43,7.48,8.08,7.48,6.91,6.08,5.61,5.75,6.54,7.1,7.64,7.57,7.7,отличный,True
53.5,67.5,211.5,7.08,7.69,7.67,8.28,7.56,6.95,6.08,5.62,5.77,6.6,7.19,7.77,7.79,7.82,отличный,True
53.5,68.125,246.2,7.24,7.98,7.94,8.52,7.71,7.05,6.14,5.66,5.83,6.73,7.36,8.0,8.08,7.99,отличный,True
53.5,68.75,248.6,7.3,8.03,7.99,8.59,7.77,7.09,6.16,5.69,5.87,6.77,7.42,8.08,8.18,8.06,отличный,True
53.5,69.375,234.5,7.29,7.95,7.93,8.54,7.78,7.1,6.18,5.72,5.9,6.77,7.42,8.06,8.17,8.05,отличный,True
53.5,70.0,214.0,7.22,7.76,7.78,8.4,7.73,7.07,6.16,5.73,5.92,6.74,7.36,7.95,8.03,7.97,отличный,True
53.5,70.625,187.0,7.14,7.59,7.63,8.24,7.66,7.03,6.14,5.72,5.95,6.71,7.29,7.84,7.88,7.88,отличный,True
53.5,71.25,162.7,7.02,7.38,7.4,8.06,7.59,6.98,6.08,5.68,5.94,6.65,7.18,7.66,7.68,7.75,отличный,True
53.5,71.875,134.8,6.89,7.17,7.18,7.87,7.48,6.92,6.01,5.6,5.9,6.57,7.06,7.47,7.48,7.61,отличный,True
53.5,72.5,105.6,6.76,6.95,6.97,7.69,7.36,6.87,5.95,5.54,5.86,6.49,6.92,7.27,7.25,7.46,хороший,True
53.5,73.125,91.0,6.67,6.82,6.82,7.58,7.28,6.84,5.9,5.5,5.83,6.44,6.82,7.13,7.1,7.37,хороший,True
53.5,73.75,99.7,6.67,6.83,6.82,7.58,7.26,6.84,5.9,5.49,5.85,6.43,6.81,7.11,7.09,7.37,хороший,True
53.5,74.375,111.1,6.75,6.96,6.94,7.7,7.33,6.9,5.93,5.52,5.9,6.47,6.89,7.22,7.25,7.45,хороший,True
53.5,75.0,101.8,6.7,6.92,6.87,7.64,7.28,6.87,5.9,5.46,5.84,6.42,6.84,7.16,7.2,7.4,хороший,True
53.5,75.625,102.1,6.66,6.88,6.84,7.59,7.25,6.86,5.87,5.42,5.8,6.39,6.79,7.11,7.16,7.35,хороший,True
53.5,76.25,103.7,6.64,6.86,6.83,7.54,7.22,6.86,5.86,5.4,5.78,6.37,6.77,7.09,7.13,7.33,хороший,True
53.5,76.875,103.7,6.64,6.84,6.82,7.51,7.21,6.87,5.87,5.41,5.79,6.36,6.76,7.1,7.1,7.33,хороший,True
53.5,77.5,103.6,6.64,6.83,6.8,7.51,7.23,6.88,5.9,5.41,5.79,6.36,6.76,7.11,7.1,7.33,хороший,True
53.5,78.125,107.5,6.65,6.84,6.78,7.52,7.24,6.88,5.9,5.41,5.79,6.35,6.79,7.16,7.15,7.34,хороший,True
53.5,78.75,123.5,6.62,6.85,6.78,7.51,7.18,6.82,5.82,5.32,5.71,6.27,6.77,7.19,7.19,7.31,хороший,False
53.5,79.375,150.5,6.6,6.88,6.8,7.52,7.13,6.78,5.75,5.25,5.67,6.21,6.77,7.24,7.24,7.29,хороший,False
53.5,80.0,175.1,6.58,6.89,6.83,7.5,7.05,6.74,5.67,5.19,5.61,6.16,6.77,7.27,7.25,7.27,хороший,False
53.5,80.625,178.1,6.53,6.87,6.81,7.44,6.98,6.68,5.6,5.13,5.53,6.09,6.76,7.28,7.23,7.21,хороший,False
53.5,81.25,160.2,6.47,6.81,6.73,7.36,6.9,6.62,5.54,5.06,5.44,6.02,6.75,7.24,7.19,7.14,хороший,False
53.5,81.875,168.1,6.41,6.76,6.67,7.29,6.83,6.56,5.48,4.96,5.33,5.95,6.73,7.2,7.16,7.08,хороший,False
53.5,82.5,166.5,6.11,6.44,6.39,6.94,6.49,6.25,5.22,4.67,5.01,5.62,6.45,6.92,6.87,6.75,хороший,False
53.5,83.125,172.4,6.11,6.35,6.3,6.85,6.46,6.31,5.24,4.71,5.07,5.68,6.52,6.96,6.81,6.75,хороший,False
53.5,83.75,181.4,6.09,6.35,6.28,6.82,6.44,6.31,5.19,4.67,5.07,5.69,6.54,6.97,6.79,6.72,хороший,False
53.5,84.375,206.8,6.08,6.42,6.35,6.86,6.42,6.26,5.09,4.57,5.0,5.64,6.51,6.97,6.86,6.71,хороший,False
53.5,85.0,244.3,6.02,6.44,6.35,6.86,6.37,6.18,4.98,4.45,4.89,5.56,6.43,6.91,6.87,6.65,хороший,False
53.5,85.625,258.4,5.66,6.1,6.04,6.5,6.04,5.79,4.66,4.19,4.57,5.17,5.98,6.45,6.47,6.25,умеренный,False
53.5,86.25,327.8,5.13,5.59,5.55,5.97,5.49,5.21,4.16,3.75,4.08,4.62,5.39,5.87,5.88,5.66,умеренный,False
53.5,86.875,329.3,4.88,5.42,5.32,5.71,5.18,4.89,3.88,3.51,3.8,4.36,5.12,5.61,5.72,5.39,низкий,False
53.5,87.5,380.5,4.59,5.21,5.06,5.42,4.89,4.54,3.59,3.23,3.51,4.07,4.77,5.3,5.52,5.07,низкий,False
54.0,46.25,222.9,6.46,7.16,7.33,7.21,6.74,6.17,5.59,5.16,5.49,6.07,6.81,6.84,7.03,7.13,хороший,False
54.0,46.875,225.8,6.58,7.29,7.39,7.31,6.89,6.3,5.7,5.27,5.64,6.21,6.94,6.94,7.12,7.27,хороший,False
54.0,47.5,206.7,6.6,7.29,7.35,7.32,6.93,6.34,5.75,5.33,5.72,6.25,6.97,6.92,7.09,7.29,хороший,False
54.0,48.125,183.8,6.62,7.24,7.25,7.32,6.99,6.38,5.81,5.39,5.8,6.3,7.05,6.94,7.07,7.31,хороший,False
54.0,48.75,139.3,6.61,7.13,7.11,7.26,7.02,6.39,5.86,5.45,5.85,6.31,7.08,6.91,7.01,7.3,хороший,False
54.0,49.375,94.5,6.51,7.03,7.01,7.11,6.94,6.29,5.79,5.41,5.76,6.19,6.97,6.78,6.88,7.19,хороший,False
54.0,50.0,112.0,6.39,7.06,7.06,7.01,6.79,6.12,5.61,5.27,5.61,6.01,6.73,6.62,6.78,7.06,хороший,False
54.0,50.625,129.0,6.45,7.21,7.16,7.08,6.85,6.18,5.66,5.33,5.68,6.05,6.77,6.66,6.86,7.12,хороший,False
54.0,51.25,143.5,6.45,7.2,7.12,7.08,6.85,6.19,5.7,5.36,5.71,6.05,6.76,6.64,6.83,7.12,хороший,False
54.0,51.875,172.1,6.48,7.19,7.1,7.14,6.87,6.22,5.74,5.41,5.75,6.08,6.77,6.66,6.82,7.16,хороший,False
54.0,52.5,203.5,6.52,7.22,7.09,7.24,6.91,6.28,5.78,5.46,5.81,6.13,6.82,6.73,6.85,7.2,хороший,False
54.0,53.125,231.5,6.59,7.33,7.13,7.4,6.97,6.31,5.82,5.48,5.81,6.16,6.87,6.83,6.95,7.28,хороший,False
54.0,53.75,259.5,6.68,7.49,7.22,7.56,7.05,6.36,5.89,5.51,5.85,6.23,6.96,6.96,7.07,7.38,хороший,False
54.0,54.375,262.3,6.71,7.54,7.21,7.64,7.06,6.39,5.93,5.52,5.87,6.29,7.0,7.04,7.09,7.41,хороший,False
54.0,55.0,234.8,6.63,7.42,7.06,7.55,6.96,6.31,5.89,5.44,5.78,6.25,6.93,6.96,6.97,7.32,хороший,False
54.0,55.625,187.3,6.37,7.07,6.74,7.26,6.7,6.09,5.72,5.24,5.55,6.06,6.69,6.67,6.65,7.03,хороший,False
54.0,56.25,224.3,5.56,6.32,6.07,6.5,5.93,5.26,4.93,4.48,4.72,5.19,5.74,5.78,5.87,6.14,умеренный,False
54.0,56.875,361.7,4.96,5.66,5.54,5.88,5.43,4.69,4.37,3.99,4.18,4.58,4.99,5.06,5.19,5.48,низкий,False
54.0,57.5,546.5,4.97,5.39,5.37,5.78,5.54,4.81,4.53,4.12,4.31,4.67,5.08,5.12,5.02,5.49,низкий,False
54.0,58.125,669.6,5.35,5.52,5.54,6.08,5.92,5.23,5.0,4.47,4.7,5.1,5.63,5.66,5.36,5.91,умеренный,False
54.0,58.75,599.4,5.81,5.85,5.95,6.52,6.4,5.71,5.49,4.89,5.13,5.59,6.14,6.22,5.87,6.42,умеренный,False
54.0,59.375,461.9,6.21,6.23,6.37,6.93,6.81,6.13,5.86,5.27,5.51,6.01,6.51,6.57,6.29,6.86,хороший,False
54.0,60.0,374.4,6.45,6.5,6.61,7.26,7.07,6.38,6.07,5.47,5.75,6.29,6.76,6.79,6.52,7.12,хороший,False
54.0,60.625,305.3,6.55,6.67,6.74,7.4,7.16,6.44,6.09,5.51,5.8,6.37,6.84,6.9,6.67,7.23,хороший,False
54.0,61.25,243.4,6.57,6.71,6.79,7.45,7.17,6.46,6.07,5.52,5.79,6.36,6.85,6.93,6.73,7.25,хороший,True
54.0,61.875,200.8,6.6,6.74,6.83,7.51,7.19,6.52,6.08,5.56,5.81,6.35,6.84,6.97,6.79,7.29,хороший,True
54.0,62.5,178.7,6.66,6.81,6.93,7.58,7.24,6.61,6.12,5.61,5.85,6.37,6.87,7.05,6.9,7.35,хороший,True
54.0,63.125,166.5,6.68,6.84,6.98,7.6,7.25,6.65,6.14,5.63,5.83,6.37,6.86,7.07,6.92,7.38,хороший,True
54.0,63.75,154.8,6.67,6.84,6.99,7.6,7.25,6.65,6.11,5.61,5.81,6.38,6.86,7.07,6.92,7.37,хороший,True
54.0,64.375,138.4,6.66,6.82,6.98,7.59,7.24,6.68,6.09,5.6,5.8,6.4,6.84,7.07,6.89,7.35,хороший,True
54.0,65.0,126.0,6.69,6.87,7.02,7.63,7.27,6.74,6.1,5.61,5.81,6.44,6.84,7.1,6.91,7.39,хороший,True
54.0,65.625,164.5,6.84,7.14,7.23,7.84,7.4,6.86,6.16,5.66,5.86,6.53,6.95,7.31,7.15,7.55,отличный,True
54.0,66.25,163.9,6.92,7.31,7.38,7.97,7.48,6.89,6.14,5.64,5.85,6.58,7.06,7.48,7.35,7.64,отличный,True
54.0,66.875,160.1,6.93,7.36,7.4,8.01,7.48,6.88,6.08,5.6,5.8,6.57,7.07,7.52,7.42,7.65,отличный,True
54.0,67.5,159.5,6.95,7.44,7.46,8.09,7.5,6.87,6.04,5.57,5.76,6.56,7.09,7.57,7.5,7.67,отличный,True
54.0,68.125,165.3,7.05,7.64,7.63,8.25,7.6,6.92,6.07,5.58,5.78,6.62,7.2,7.71,7.71,7.78,отличный,True
54.0,68.75,159.2,7.05,7.61,7.61,8.25,7.61,6.92,6.06,5.59,5.8,6.63,7.19,7.72,7.72,7.78,отличный,True
54.0,69.375,149.3,7.03,7.48,7.5,8.18,7.62,6.92,6.06,5.63,5.83,6.63,7.16,7.67,7.65,7.76,отличный,True
54.0,70.0,136.0,6.96,7.3,7.34,8.06,7.59,6.91,6.06,5.66,5.86,6.61,7.1,7.58,7.52,7.69,отличный,True
54.0,70.625,125.3,6.89,7.13,7.18,7.94,7.52,6.89,6.03,5.66,5.86,6.56,7.02,7.49,7.39,7.61,отличный,True
54.0,71.25,114.4,6.83,7.02,7.05,7.85,7.47,6.9,6.02,5.65,5.87,6.54,6.97,7.4,7.29,7.54,отличный,True
54.0,71.875,104.0,6.74,6.88,6.91,7.72,7.39,6.87,5.97,5.57,5.84,6.48,6.88,7.25,7.14,7.44,хороший,True
54.0,72.5,103.6,6.65,6.8,6.81,7.62,7.3,6.81,5.88,5.49,5.76,6.42,6.78,7.13,7.04,7.34,хороший,True
54.0,73.125,108.9,6.69,6.88,6.87,7.67,7.32,6.85,5.9,5.51,5.79,6.46,6.8,7.15,7.09,7.39,хороший,True
54.0,73.75,112.3,6.75,6.98,6.96,7.76,7.37,6.9,5.93,5.54,5.85,6.51,6.86,7.21,7.18,7.45,хороший,True
54.0,74.375,105.0,6.77,7.0,6.97,7.78,7.39,6.92,5.94,5.53,5.88,6.52,6.88,7.22,7.21,7.48,хороший,False
54.0,75.0,101.4,6.73,6.93,6.9,7.71,7.34,6.93,5.94,5.52,5.86,6.49,6.86,7.17,7.15,7.43,хороший,True
54.0,75.625,99.9,6.72,6.93,6.89,7.68,7.32,6.92,5.91,5.47,5.84,6.49,6.85,7.15,7.15,7.42,хороший,True
54.0,76.25,100.3,6.7,6.93,6.9,7.65,7.31,6.92,5.88,5.44,5.82,6.47,6.84,7.16,7.15,7.4,хороший,True
54.0,76.875,101.8,6.7,6.93,6.9,7.64,7.31,6.93,5.87,5.43,5.81,6.45,6.84,7.18,7.15,7.4,хороший,True
54.0,77.5,104.5,6.71,6.93,6.91,7.64,7.33,6.95,5.86,5.43,5.82,6.45,6.85,7.22,7.18,7.41,хороший,False
54.0,78.125,108.4,6.73,6.95,6.93,7.67,7.34,6.94,5.86,5.41,5.82,6.44,6.88,7.26,7.24,7.43,хороший,False
54.0,78.75,120.3,6.72,7.05,6.99,7.7,7.28,6.88,5.81,5.34,5.76,6.37,6.88,7.31,7.34,7.42,хороший,False
54.0,79.375,150.2,6.76,7.22,7.11,7.79,7.24,6.84,5.75,5.27,5.71,6.33,6.91,7.41,7.5,7.46,хороший,False
54.0,80.0,174.9,6.73,7.22,7.12,7.78,7.19,6.82,5.67,5.19,5.66,6.29,6.91,7.43,7.52,7.43,хороший,False
54.0,80.625,180.6,6.65,7.08,7.0,7.66,7.1,6.77,5.59,5.12,5.6,6.22,6.87,7.37,7.4,7.34,хороший,False
54.0,81.25,172.8,6.52,6.87,6.81,7.47,6.97,6.69,5.52,5.06,5.52,6.11,6.78,7.25,7.2,7.2,хороший,False
54.0,81.875,197.4,6.29,6.61,6.57,7.22,6.76,6.48,5.33,4.86,5.29,5.89,6.57,6.99,6.92,6.95,хороший,False
54.0,82.5,196.3,5.48,5.83,5.88,6.41,5.98,5.67,4.59,4.15,4.49,5.0,5.65,6.07,6.06,6.05,умеренный,False
54.0,83.125,199.1,5.6,5.93,5.95,6.47,6.06,5.82,4.73,4.27,4.63,5.16,5.83,6.23,6.2,6.18,умеренный,False
54.0,83.75,211.3,5.94,6.27,6.23,6.76,6.33,6.14,5.01,4.53,4.95,5.51,6.25,6.66,6.61,6.56,хороший,False
54.0,84.375,233.1,5.96,6.36,6.3,6.79,6.31,6.11,4.97,4.49,4.93,5.5,6.29,6.74,6.73,6.58,хороший,False
54.0,85.0,264.8,5.61,6.12,6.07,6.48,5.95,5.68,4.6,4.14,4.55,5.09,5.88,6.36,6.43,6.19,умеренный,False
54.0,85.625,318.5,5.49,6.12,6.05,6.44,5.84,5.49,4.41,3.97,4.34,4.9,5.71,6.23,6.39,6.06,умеренный,False
54.0,86.25,336.4,5.39,5.99,5.91,6.36,5.74,5.42,4.3,3.85,4.22,4.82,5.67,6.16,6.29,5.95,умеренный,False
54.0,86.875,310.2,5.15,5.64,5.57,6.05,5.5,5.23,4.13,3.69,4.03,4.64,5.46,5.89,6.01,5.69,умеренный,False
54.0,87.5,344.8,4.72,5.23,5.11,5.54,5.1,4.75,3.76,3.38,3.66,4.22,4.94,5.38,5.59,5.21,низкий,False
54.5,46.25,170.3,6.41,7.11,7.23,7.17,6.67,6.09,5.54,5.11,5.48,6.05,6.77,6.84,6.97,7.08,хороший,False
54.5,46.875,167.5,6.43,7.09,7.18,7.15,6.74,6.13,5.59,5.16,5.54,6.1,6.77,6.8,6.92,7.1,хороший,False
54.5,47.5,181.1,6.45,7.13,7.19,7.19,6.78,6.16,5.62,5.14,5.56,6.09,6.8,6.8,6.92,7.12,хороший,False
54.5,48.125,140.3,6.57,7.17,7.17,7.29,6.97,6.32,5.79,5.29,5.73,6.24,7.02,6.92,7.01,7.25,хороший,False
54.5,48.75,84.5,6.65,7.07,7.04,7.3,7.12,6.47,5.96,5.48,5.9,6.37,7.18,6.96,6.99,7.34,хороший,False
54.5,49.375,96.1,6.4,6.94,6.95,7.03,6.84,6.17,5.67,5.26,5.64,6.07,6.84,6.7,6.77,7.07,хороший,False
54.5,50.0,106.9,6.28,6.95,6.98,6.93,6.69,5.99,5.5,5.13,5.49,5.88,6.62,6.54,6.66,6.93,хороший,False
54.5,50.625,114.7,6.35,7.12,7.11,7.01,6.76,6.05,5.56,5.2,5.55,5.92,6.64,6.58,6.75,7.01,хороший,False
54.5,51.25,149.8,6.52,7.37,7.27,7.2,6.9,6.19,5.71,5.31,5.66,6.05,6.85,6.8,7.01,7.2,хороший,False
54.5,51.875,194.9,6.62,7.51,7.35,7.34,6.98,6.27,5.78,5.38,5.73,6.13,6.95,6.93,7.13,7.31,хороший,False
54.5,52.5,245.6,6.71,7.6,7.39,7.5,7.05,6.35,5.86,5.47,5.81,6.21,7.04,7.05,7.22,7.41,хороший,False
54.5,53.125,226.5,6.66,7.51,7.26,7.5,7.0,6.3,5.81,5.43,5.76,6.18,7.01,7.03,7.14,7.35,хороший,False
54.5,53.75,225.4,6.66,7.48,7.2,7.55,7.0,6.3,5.84,5.45,5.78,6.2,7.01,7.03,7.11,7.35,хороший,False
54.5,54.375,224.3,6.68,7.42,7.14,7.58,7.01,6.35,5.92,5.51,5.83,6.25,7.03,7.03,7.05,7.38,хороший,False
54.5,55.0,189.3,6.54,7.21,6.93,7.43,6.87,6.24,5.84,5.4,5.71,6.17,6.9,6.88,6.85,7.22,хороший,False
54.5,55.625,156.0,5.99,6.61,6.38,6.88,6.35,5.74,5.38,4.91,5.18,5.65,6.32,6.32,6.26,6.61,хороший,False
54.5,56.25,152.8,5.33,5.93,5.75,6.21,5.7,5.09,4.76,4.31,4.51,4.97,5.58,5.6,5.6,5.89,умеренный,False
54.5,56.875,211.1,4.66,5.34,5.21,5.51,5.09,4.38,4.03,3.71,3.87,4.24,4.72,4.83,4.99,5.15,низкий,False
54.5,57.5,467.2,4.52,5.05,4.98,5.34,5.03,4.3,4.0,3.64,3.81,4.14,4.59,4.7,4.73,4.99,низкий,False
54.5,58.125,631.1,4.74,5.1,5.04,5.55,5.3,4.56,4.32,3.85,4.07,4.4,4.91,5.01,4.87,5.23,низкий,False
54.5,58.75,668.2,5.23,5.52,5.45,6.04,5.8,5.03,4.83,4.26,4.51,4.88,5.47,5.62,5.42,5.77,умеренный,False
54.5,59.375,563.8,5.82,5.93,5.99,6.58,6.36,5.65,5.45,4.87,5.13,5.55,6.1,6.2,6.02,6.43,умеренный,False
54.5,60.0,419.0,6.21,6.24,6.33,6.96,6.77,6.09,5.86,5.26,5.54,6.05,6.52,6.54,6.35,6.86,хороший,False
54.5,60.625,316.6,6.42,6.48,6.53,7.2,7.01,6.33,6.03,5.44,5.76,6.31,6.74,6.71,6.53,7.09,хороший,False
54.5,61.25,242.0,6.55,6.68,6.7,7.37,7.13,6.45,6.08,5.54,5.84,6.41,6.85,6.84,6.7,7.23,хороший,False
54.5,61.875,205.9,6.61,6.77,6.8,7.5,7.18,6.51,6.1,5.56,5.85,6.42,6.9,6.91,6.8,7.3,хороший,False
54.5,62.5,186.3,6.68,6.87,6.92,7.62,7.25,6.6,6.15,5.61,5.88,6.44,6.94,7.0,6.9,7.38,хороший,False
54.5,63.125,170.8,6.72,6.92,7.0,7.68,7.28,6.65,6.18,5.63,5.89,6.46,6.94,7.05,6.94,7.42,хороший,True
54.5,63.75,153.9,6.72,6.89,7.02,7.67,7.3,6.68,6.17,5.65,5.89,6.48,6.92,7.06,6.91,7.42,хороший,True
54.5,64.375,124.8,6.62,6.73,6.88,7.54,7.23,6.64,6.09,5.59,5.83,6.43,6.8,6.95,6.75,7.31,хороший,True
54.5,65.0,130.7,6.68,6.88,6.97,7.65,7.29,6.7,6.07,5.59,5.84,6.47,6.83,7.03,6.85,7.38,хороший,True
54.5,65.625,153.7,6.84,7.18,7.2,7.87,7.44,6.83,6.14,5.65,5.91,6.57,6.96,7.25,7.11,7.55,отличный,True
54.5,66.25,154.3,6.96,7.37,7.37,8.02,7.55,6.91,6.19,5.7,5.96,6.67,7.08,7.43,7.33,7.69,отличный,True
54.5,66.875,147.1,6.9,7.3,7.3,7.98,7.49,6.85,6.12,5.65,5.89,6.6,7.03,7.39,7.28,7.62,отличный,True
54.5,67.5,141.8,6.9,7.33,7.32,8.02,7.49,6.82,6.07,5.62,5.84,6.58,7.04,7.43,7.32,7.62,отличный,True
54.5,68.125,135.4,6.91,7.35,7.34,8.05,7.5,6.81,6.03,5.61,5.82,6.57,7.04,7.45,7.37,7.63,отличный,True
54.5,68.75,129.8,6.9,7.32,7.33,8.05,7.5,6.81,6.01,5.61,5.83,6.56,7.01,7.43,7.37,7.62,отличный,True
54.5,69.375,129.0,6.91,7.3,7.31,8.05,7.52,6.84,6.02,5.64,5.86,6.57,6.99,7.43,7.37,7.63,отличный,True
54.5,70.0,129.2,6.88,7.21,7.23,8.01,7.52,6.86,6.01,5.66,5.88,6.55,6.95,7.41,7.34,7.6,отличный,True
54.5,70.625,125.1,6.86,7.11,7.14,7.95,7.52,6.89,6.01,5.68,5.91,6.54,6.93,7.38,7.31,7.57,отличный,True
54.5,71.25,116.4,6.76,6.96,6.99,7.83,7.43,6.84,5.92,5.59,5.83,6.46,6.83,7.27,7.17,7.46,хороший,True
54.5,71.875,107.2,6.56,6.74,6.77,7.62,7.25,6.69,5.74,5.39,5.62,6.27,6.63,7.03,6.93,7.24,хороший,True
54.5,72.5,111.7,6.32,6.53,6.58,7.4,7.03,6.47,5.51,5.15,5.37,6.02,6.37,6.76,6.67,6.98,хороший,True
54.5,73.125,107.5,6.56,6.79,6.8,7.63,7.24,6.72,5.72,5.37,5.62,6.31,6.64,7.0,6.93,7.24,хороший,False
54.5,73.75,105.1,6.72,6.95,6.95,7.79,7.39,6.89,5.86,5.51,5.8,6.5,6.83,7.15,7.1,7.42,хороший,False
54.5,74.375,103.8,6.76,6.98,6.97,7.83,7.43,6.94,5.9,5.54,5.85,6.54,6.88,7.18,7.13,7.46,хороший,False
54.5,75.0,103.7,6.77,6.98,6.96,7.81,7.43,6.96,5.92,5.55,5.86,6.55,6.9,7.18,7.13,7.48,хороший,False
54.5,75.625,99.6,6.77,6.97,6.96,7.8,7.43,6.97,5.91,5.54,5.87,6.57,6.93,7.21,7.15,7.48,хороший,False
54.5,76.25,100.5,6.77,6.98,6.95,7.79,7.44,6.96,5.87,5.5,5.85,6.58,6.96,7.24,7.18,7.48,хороший,True
54.5,76.875,102.9,6.81,6.99,6.95,7.81,7.51,7.01,5.88,5.5,5.87,6.63,7.05,7.31,7.23,7.52,отличный,True
54.5,77.5,105.2,6.84,7.02,6.97,7.83,7.55,7.07,5.89,5.49,5.89,6.66,7.11,7.38,7.28,7.55,отличный,False
54.5,78.125,106.8,6.83,7.04,7.0,7.82,7.51,7.05,5.88,5.44,5.87,6.62,7.09,7.38,7.32,7.54,отличный,False
54.5,78.75,110.8,6.79,7.1,7.06,7.82,7.4,6.93,5.79,5.33,5.78,6.51,7.02,7.37,7.36,7.5,отличный,False
54.5,79.375,127.7,6.77,7.21,7.15,7.84,7.32,6.85,5.68,5.22,5.7,6.41,6.98,7.39,7.44,7.48,хороший,False
54.5,80.0,145.0,6.76,7.27,7.2,7.86,7.28,6.83,5.61,5.13,5.65,6.36,6.97,7.42,7.51,7.46,хороший,False
54.5,80.625,165.4,6.73,7.25,7.18,7.83,7.22,6.82,5.57,5.09,5.63,6.33,6.96,7.43,7.51,7.43,хороший,False
54.5,81.25,187.6,6.69,7.16,7.09,7.74,7.14,6.8,5.56,5.09,5.62,6.29,6.96,7.42,7.44,7.39,хороший,False
54.5,81.875,178.3,6.69,7.16,7.06,7.71,7.13,6.81,5.56,5.06,5.58,6.28,7.02,7.47,7.46,7.39,хороший,False
54.5,82.5,189.2,6.5,6.96,6.86,7.5,6.95,6.65,5.38,4.89,5.39,6.09,6.84,7.26,7.28,7.18,хороший,False
54.5,83.125,213.3,6.43,6.95,6.82,7.43,6.85,6.58,5.3,4.79,5.29,5.99,6.77,7.2,7.27,7.1,хороший,False
54.5,83.75,246.5,6.24,6.84,6.71,7.24,6.61,6.33,5.09,4.59,5.07,5.73,6.52,7.0,7.13,6.89,хороший,False
54.5,84.375,281.1,5.77,6.46,6.36,6.79,6.13,5.77,4.63,4.19,4.6,5.18,5.97,6.51,6.67,6.37,умеренный,False
54.5,85.0,305.6,5.51,6.21,6.13,6.52,5.88,5.49,4.38,3.97,4.36,4.91,5.71,6.22,6.41,6.08,умеренный,False
54.5,85.625,285.4,5.84,6.51,6.33,6.82,6.2,5.87,4.66,4.18,4.59,5.27,6.17,6.66,6.79,6.45,умеренный,False
54.5,86.25,266.5,5.78,6.35,6.19,6.77,6.15,5.9,4.65,4.12,4.54,5.28,6.19,6.61,6.69,6.38,умеренный,False
54.5,86.875,266.3,5.26,5.79,5.68,6.22,5.62,5.35,4.21,3.73,4.1,4.77,5.59,5.99,6.11,5.81,умеренный,False
54.5,87.5,333.5,4.71,5.45,5.3,5.63,5.08,4.57,3.69,3.3,3.61,4.1,4.81,5.31,5.64,5.2,низкий,False
55.0,46.25,155.6,6.17,6.91,7.07,6.98,6.39,5.81,5.3,4.9,5.23,5.75,6.46,6.58,6.74,6.81,хороший,False
55.0,46.875,162.4,5.57,6.33,6.57,6.41,5.85,5.23,4.74,4.4,4.69,5.11,5.7,5.84,6.04,6.15,умеренный,False
55.0,47.5,155.1,6.06,6.79,6.92,6.83,6.37,5.74,5.25,4.79,5.18,5.64,6.31,6.39,6.54,6.69,хороший,False
55.0,48.125,128.8,6.55,7.19,7.23,7.26,6.9,6.27,5.76,5.23,5.69,6.17,6.94,6.92,7.02,7.23,хороший,False
55.0,48.75,114.6,6.66,7.21,7.2,7.31,7.08,6.45,5.94,5.38,5.83,6.31,7.14,7.03,7.09,7.35,хороший,False
55.0,49.375,103.5,6.63,7.18,7.15,7.25,7.08,6.42,5.93,5.39,5.81,6.27,7.13,7.01,7.03,7.32,хороший,False
55.0,50.0,115.8,6.68,7.33,7.29,7.32,7.12,6.43,5.94,5.43,5.83,6.28,7.12,7.06,7.1,7.38,хороший,False
55.0,50.625,132.9,6.65,7.42,7.35,7.33,7.05,6.35,5.85,5.36,5.74,6.2,7.04,7.03,7.12,7.34,хороший,False
55.0,51.25,142.5,6.64,7.48,7.36,7.36,7.02,6.31,5.81,5.33,5.67,6.14,7.02,7.02,7.15,7.33,хороший,False
55.0,51.875,168.3,6.67,7.58,7.4,7.45,7.05,6.33,5.82,5.34,5.66,6.14,7.04,7.08,7.22,7.37,хороший,False
55.0,52.5,193.6,6.7,7.58,7.38,7.54,7.07,6.34,5.84,5.38,5.71,6.17,7.07,7.11,7.21,7.4,хороший,False
55.0,53.125,191.7,6.66,7.5,7.27,7.55,7.03,6.3,5.82,5.39,5.72,6.16,7.05,7.08,7.13,7.35,хороший,False
55.0,53.75,182.4,6.64,7.4,7.16,7.56,7.0,6.3,5.83,5.44,5.74,6.17,7.01,7.02,7.04,7.33,хороший,False
55.0,54.375,183.3,6.66,7.37,7.12,7.59,7.0,6.34,5.9,5.47,5.78,6.22,7.05,7.05,7.03,7.35,хороший,False
55.0,55.0,160.7,6.41,7.04,6.82,7.32,6.76,6.13,5.74,5.29,5.57,6.01,6.79,6.77,6.7,7.08,хороший,False
55.0,55.625,123.5,5.8,6.35,6.22,6.67,6.17,5.57,5.21,4.79,5.02,5.44,6.11,6.1,6.0,6.4,умеренный,False
55.0,56.25,148.8,4.82,5.37,5.33,5.63,5.22,4.59,4.26,3.92,4.09,4.43,4.95,5.04,5.04,5.32,низкий,False
55.0,56.875,212.4,4.43,4.96,4.93,5.18,4.84,4.2,3.89,3.6,3.75,4.02,4.48,4.61,4.69,4.89,низкий,False
55.0,57.5,359.1,4.54,5.1,5.01,5.31,4.97,4.27,3.99,3.67,3.84,4.1,4.57,4.77,4.86,5.01,низкий,False
55.0,58.125,442.5,5.06,5.62,5.48,5.96,5.58,4.78,4.51,4.01,4.26,4.63,5.21,5.42,5.35,5.59,умеренный,False
55.0,58.75,533.7,5.14,5.65,5.52,6.05,5.68,4.88,4.61,4.06,4.33,4.72,5.3,5.51,5.38,5.68,умеренный,False
55.0,59.375,587.5,5.26,5.67,5.61,6.13,5.78,5.0,4.77,4.21,4.48,4.87,5.44,5.66,5.55,5.81,умеренный,False
55.0,60.0,451.6,5.84,6.04,6.04,6.62,6.34,5.61,5.42,4.83,5.12,5.58,6.11,6.26,6.15,6.45,умеренный,False
55.0,60.625,325.4,6.21,6.31,6.32,6.97,6.76,6.07,5.82,5.23,5.53,6.07,6.52,6.54,6.42,6.86,хороший,False
55.0,61.25,246.5,6.49,6.63,6.62,7.29,7.05,6.36,6.03,5.43,5.76,6.37,6.83,6.8,6.7,7.17,хороший,False
55.0,61.875,197.9,6.67,6.9,6.87,7.55,7.24,6.54,6.14,5.54,5.88,6.53,7.01,6.99,6.92,7.37,хороший,False
55.0,62.5,175.6,6.75,7.03,7.0,7.68,7.31,6.63,6.2,5.6,5.93,6.55,7.03,7.05,7.01,7.45,хороший,False
55.0,63.125,169.3,6.77,7.06,7.07,7.75,7.35,6.65,6.18,5.59,5.92,6.54,7.02,7.08,7.03,7.48,хороший,False
55.0,63.75,158.5,6.74,6.99,7.04,7.72,7.34,6.65,6.15,5.59,5.91,6.54,6.97,7.06,6.98,7.44,хороший,False
55.0,64.375,138.5,6.68,6.85,6.94,7.63,7.31,6.64,6.11,5.59,5.89,6.51,6.89,6.99,6.86,7.38,хороший,False
55.0,65.0,120.7,6.7,6.9,6.93,7.66,7.34,6.69,6.08,5.59,5.89,6.53,6.88,7.02,6.87,7.4,хороший,False
55.0,65.625,135.5,6.8,7.11,7.08,7.82,7.43,6.76,6.1,5.62,5.94,6.6,6.97,7.16,7.04,7.51,отличный,False
55.0,66.25,144.6,6.89,7.27,7.22,7.96,7.53,6.82,6.13,5.68,5.98,6.66,7.05,7.28,7.19,7.61,отличный,True
55.0,66.875,137.8,6.92,7.3,7.26,8.01,7.55,6.83,6.13,5.7,5.97,6.65,7.06,7.32,7.25,7.64,отличный,True
55.0,67.5,135.9,6.92,7.3,7.25,8.03,7.55,6.83,6.11,5.72,5.96,6.63,7.06,7.33,7.26,7.64,отличный,True
55.0,68.125,132.0,6.89,7.27,7.23,8.02,7.53,6.81,6.06,5.69,5.92,6.6,7.04,7.33,7.25,7.61,отличный,True
55.0,68.75,126.2,6.87,7.24,7.21,8.01,7.51,6.8,6.01,5.66,5.89,6.57,6.99,7.31,7.24,7.59,отличный,True
55.0,69.375,123.7,6.87,7.22,7.2,8.02,7.53,6.83,5.99,5.65,5.89,6.56,6.96,7.31,7.25,7.59,отличный,True
55.0,70.0,130.2,6.89,7.22,7.2,8.04,7.56,6.89,6.03,5.7,5.95,6.59,6.96,7.32,7.28,7.61,отличный,True
55.0,70.625,126.3,6.88,7.17,7.16,8.0,7.54,6.9,6.01,5.69,5.96,6.58,6.94,7.32,7.28,7.6,отличный,True
55.0,71.25,121.1,6.82,7.08,7.07,7.93,7.48,6.88,5.94,5.67,5.92,6.54,6.89,7.26,7.21,7.53,отличный,True
55.0,71.875,115.3,6.7,6.94,6.95,7.8,7.37,6.8,5.82,5.57,5.81,6.45,6.77,7.13,7.06,7.4,хороший,False
55.0,72.5,110.8,6.57,6.79,6.82,7.66,7.24,6.69,5.7,5.42,5.67,6.32,6.63,6.97,6.89,7.25,хороший,False
55.0,73.125,101.9,6.68,6.91,6.91,7.78,7.37,6.84,5.8,5.49,5.78,6.48,6.79,7.07,7.01,7.38,хороший,False
55.0,73.75,104.4,6.75,6.99,6.98,7.86,7.44,6.91,5.84,5.55,5.83,6.55,6.87,7.15,7.1,7.45,хороший,False
55.0,74.375,106.0,6.79,7.04,7.03,7.9,7.47,6.94,5.85,5.57,5.86,6.59,6.92,7.2,7.16,7.5,отличный,False
55.0,75.0,104.8,6.81,7.05,7.04,7.92,7.49,6.94,5.85,5.57,5.87,6.6,6.95,7.23,7.19,7.52,отличный,False
55.0,75.625,104.7,6.82,7.05,7.04,7.93,7.49,6.95,5.86,5.57,5.88,6.61,6.99,7.25,7.22,7.53,отличный,False
55.0,76.25,104.6,6.83,7.05,7.04,7.94,7.53,6.96,5.84,5.53,5.87,6.65,7.06,7.31,7.25,7.54,отличный,False
55.0,76.875,104.2,6.89,7.04,7.01,7.97,7.64,7.05,5.88,5.54,5.9,6.76,7.21,7.39,7.29,7.61,отличный,False
55.0,77.5,104.6,6.92,7.04,6.99,7.98,7.71,7.12,5.9,5.53,5.92,6.8,7.29,7.45,7.32,7.64,отличный,False
55.0,78.125,107.3,6.89,7.06,7.04,7.96,7.65,7.08,5.86,5.46,5.88,6.73,7.21,7.44,7.34,7.61,отличный,False
55.0,78.75,114.2,6.83,7.12,7.1,7.93,7.51,6.97,5.76,5.35,5.79,6.6,7.09,7.41,7.36,7.54,отличный,False
55.0,79.375,122.9,6.78,7.17,7.16,7.91,7.41,6.9,5.64,5.22,5.71,6.49,7.01,7.39,7.39,7.49,хороший,False
55.0,80.0,131.9,6.77,7.23,7.21,7.92,7.37,6.89,5.56,5.14,5.67,6.43,7.01,7.42,7.45,7.48,хороший,False
55.0,80.625,143.1,6.78,7.27,7.24,7.92,7.34,6.89,5.52,5.09,5.66,6.41,7.04,7.47,7.51,7.49,хороший,False
55.0,81.25,157.2,6.76,7.27,7.22,7.88,7.28,6.87,5.5,5.07,5.64,6.38,7.03,7.49,7.52,7.46,хороший,False
55.0,81.875,165.4,6.71,7.17,7.14,7.81,7.21,6.84,5.47,5.0,5.58,6.34,7.02,7.48,7.45,7.41,хороший,False
55.0,82.5,142.9,6.68,7.12,7.06,7.74,7.18,6.83,5.46,4.94,5.51,6.32,7.06,7.48,7.45,7.38,хороший,False
55.0,83.125,161.7,6.65,7.2,7.08,7.72,7.1,6.76,5.4,4.86,5.42,6.24,7.04,7.48,7.54,7.34,хороший,False
55.0,83.75,211.3,6.55,7.27,7.1,7.65,6.94,6.56,5.23,4.71,5.26,6.03,6.88,7.38,7.55,7.23,хороший,False
55.0,84.375,246.9,6.22,7.03,6.89,7.36,6.6,6.15,4.91,4.44,4.9,5.61,6.47,7.02,7.26,6.87,хороший,False
55.0,85.0,239.4,6.2,6.84,6.71,7.26,6.61,6.24,4.96,4.47,4.95,5.69,6.54,7.0,7.13,6.85,хороший,False
55.0,85.625,220.0,6.07,6.59,6.43,7.04,6.48,6.22,4.91,4.39,4.87,5.64,6.49,6.89,6.91,6.7,хороший,False
55.0,86.25,219.0,5.58,6.1,5.94,6.51,5.95,5.72,4.51,4.0,4.44,5.14,5.96,6.35,6.38,6.16,умеренный,False
55.0,86.875,262.9,4.9,5.57,5.44,5.85,5.24,4.88,3.89,3.45,3.8,4.35,5.09,5.55,5.75,5.41,низкий,False
55.0,87.5,405.9,4.79,5.72,5.5,5.77,5.13,4.56,3.74,3.33,3.62,4.09,4.8,5.39,5.81,5.29,низкий,False
55.5,46.25,124.4,6.09,6.85,6.99,6.9,6.27,5.69,5.24,4.84,5.18,5.66,6.33,6.48,6.66,6.72,хороший,False
55.5,46.875,132.7,6.22,6.95,7.04,6.97,6.42,5.84,5.42,4.97,5.35,5.82,6.49,6.63,6.75,6.87,хороший,False
55.5,47.5,137.0,6.43,7.15,7.19,7.14,6.67,6.09,5.65,5.13,5.56,6.05,6.75,6.86,6.95,7.1,хороший,False
55.5,48.125,126.4,6.53,7.21,7.22,7.21,6.81,6.23,5.77,5.19,5.65,6.16,6.9,6.97,7.04,7.21,хороший,False
55.5,48.75,111.2,6.62,7.23,7.21,7.28,6.96,6.39,5.9,5.29,5.76,6.26,7.06,7.06,7.07,7.31,хороший,False
55.5,49.375,89.4,6.68,7.21,7.16,7.3,7.09,6.49,6.01,5.4,5.83,6.32,7.19,7.11,7.05,7.38,хороший,False
55.5,50.0,98.6,6.69,7.25,7.2,7.32,7.12,6.49,6.02,5.43,5.85,6.32,7.19,7.11,7.07,7.39,хороший,False
55.5,50.625,110.3,6.66,7.28,7.21,7.32,7.08,6.43,5.95,5.39,5.8,6.27,7.12,7.07,7.05,7.35,хороший,False
55.5,51.25,126.8,6.6,7.34,7.22,7.32,6.98,6.33,5.84,5.31,5.67,6.16,7.03,7.04,7.05,7.29,хороший,False
55.5,51.875,136.1,6.58,7.35,7.2,7.35,6.96,6.27,5.78,5.27,5.61,6.11,7.0,7.04,7.03,7.27,хороший,False
55.5,52.5,141.8,6.72,7.51,7.33,7.57,7.12,6.39,5.89,5.38,5.74,6.24,7.15,7.2,7.16,7.42,хороший,False
55.5,53.125,126.9,6.64,7.34,7.16,7.51,7.03,6.31,5.85,5.39,5.73,6.2,7.07,7.08,7.0,7.33,хороший,False
55.5,53.75,127.4,6.56,7.22,7.03,7.46,6.94,6.26,5.79,5.36,5.69,6.13,6.97,6.97,6.88,7.24,хороший,False
55.5,54.375,130.9,6.56,7.21,7.01,7.48,6.93,6.29,5.8,5.38,5.7,6.15,6.96,6.94,6.86,7.24,хороший,False
55.5,55.0,117.6,6.46,7.07,6.88,7.34,6.82,6.2,5.77,5.32,5.63,6.08,6.85,6.83,6.72,7.13,хороший,False
55.5,55.625,144.1,5.85,6.47,6.32,6.72,6.19,5.59,5.22,4.79,5.04,5.45,6.12,6.18,6.13,6.46,умеренный,False
55.5,56.25,198.6,5.11,5.74,5.68,5.95,5.47,4.85,4.51,4.16,4.33,4.66,5.21,5.36,5.41,5.64,умеренный,False
55.5,56.875,288.2,4.76,5.33,5.31,5.55,5.15,4.51,4.2,3.91,4.04,4.3,4.77,4.99,5.07,5.26,низкий,False
55.5,57.5,335.2,4.86,5.39,5.32,5.68,5.26,4.6,4.33,3.96,4.13,4.41,4.93,5.17,5.16,5.37,низкий,False
55.5,58.125,349.7,5.09,5.67,5.54,5.99,5.55,4.8,4.52,4.07,4.28,4.62,5.22,5.48,5.41,5.62,умеренный,False
55.5,58.75,352.1,5.15,5.79,5.65,6.11,5.65,4.84,4.52,4.05,4.26,4.64,5.27,5.55,5.48,5.69,умеренный,False
55.5,59.375,438.1,4.83,5.32,5.27,5.69,5.3,4.56,4.28,3.84,4.04,4.39,4.95,5.22,5.13,5.33,низкий,False
55.5,60.0,414.4,5.0,5.31,5.33,5.79,5.49,4.77,4.55,4.06,4.26,4.66,5.18,5.39,5.3,5.52,умеренный,False
55.5,60.625,308.1,5.49,5.68,5.74,6.23,6.01,5.31,5.07,4.55,4.77,5.24,5.7,5.81,5.76,6.06,умеренный,False
55.5,61.25,227.8,6.03,6.23,6.24,6.84,6.59,5.87,5.58,5.0,5.27,5.84,6.31,6.31,6.25,6.66,хороший,False
55.5,61.875,187.9,6.48,6.74,6.69,7.37,7.04,6.29,5.96,5.35,5.67,6.32,6.82,6.79,6.74,7.16,хороший,False
55.5,62.5,164.0,6.77,7.1,7.02,7.73,7.33,6.57,6.18,5.57,5.91,6.59,7.11,7.11,7.07,7.48,хороший,False
55.5,63.125,150.4,6.85,7.21,7.14,7.86,7.42,6.65,6.22,5.62,5.97,6.64,7.15,7.18,7.16,7.56,отличный,False
55.5,63.75,142.4,6.76,7.07,7.04,7.76,7.36,6.61,6.15,5.56,5.92,6.58,7.04,7.08,7.04,7.46,хороший,False
55.5,64.375,134.3,6.71,6.94,6.94,7.68,7.33,6.61,6.12,5.55,5.91,6.57,6.98,7.02,6.94,7.41,хороший,False
55.5,65.0,121.6,6.71,6.88,6.89,7.65,7.34,6.66,6.12,5.59,5.94,6.59,6.96,7.01,6.89,7.41,хороший,False
55.5,65.625,121.5,6.77,7.02,6.97,7.75,7.41,6.73,6.12,5.64,5.98,6.63,6.99,7.09,6.98,7.48,хороший,False
55.5,66.25,127.6,6.87,7.21,7.14,7.94,7.51,6.79,6.13,5.67,6.01,6.68,7.06,7.2,7.14,7.59,отличный,False
55.5,66.875,130.8,6.91,7.29,7.21,8.03,7.56,6.82,6.13,5.7,6.0,6.69,7.08,7.24,7.21,7.63,отличный,False
55.5,67.5,131.6,6.92,7.29,7.21,8.06,7.57,6.85,6.13,5.74,6.01,6.69,7.08,7.26,7.23,7.64,отличный,False
55.5,68.125,130.2,6.92,7.29,7.21,8.06,7.57,6.85,6.1,5.75,6.0,6.67,7.08,7.26,7.25,7.64,отличный,False
55.5,68.75,121.6,6.87,7.24,7.17,8.03,7.54,6.84,6.01,5.68,5.94,6.61,7.01,7.23,7.2,7.59,отличный,True
55.5,69.375,122.0,6.87,7.23,7.17,8.04,7.54,6.85,5.97,5.66,5.93,6.6,6.99,7.22,7.2,7.59,отличный,True
55.5,70.0,128.9,6.9,7.27,7.21,8.09,7.56,6.9,5.99,5.68,5.96,6.63,7.0,7.25,7.26,7.62,отличный,True
55.5,70.625,127.7,6.94,7.33,7.26,8.12,7.57,6.93,6.0,5.71,6.01,6.66,7.02,7.3,7.35,7.66,отличный,True
55.5,71.25,123.9,6.91,7.28,7.21,8.08,7.54,6.92,5.95,5.71,6.0,6.66,7.0,7.29,7.31,7.63,отличный,False
55.5,71.875,118.7,6.88,7.21,7.16,8.03,7.51,6.93,5.92,5.7,5.99,6.66,6.98,7.26,7.26,7.6,отличный,False
55.5,72.5,110.4,6.85,7.12,7.1,7.98,7.48,6.93,5.9,5.68,5.96,6.64,6.95,7.22,7.19,7.56,отличный,False
55.5,73.125,97.0,6.81,7.05,7.04,7.93,7.46,6.95,5.88,5.63,5.92,6.61,6.93,7.16,7.12,7.52,отличный,False
55.5,73.75,101.4,6.8,7.05,7.04,7.94,7.47,6.93,5.83,5.6,5.87,6.6,6.94,7.18,7.14,7.51,отличный,False
55.5,74.375,105.2,6.81,7.07,7.06,7.97,7.49,6.92,5.81,5.59,5.87,6.61,6.97,7.22,7.19,7.52,отличный,False
55.5,75.0,106.3,6.84,7.1,7.09,8.0,7.52,6.91,5.81,5.59,5.89,6.63,7.01,7.27,7.24,7.55,отличный,False
55.5,75.625,105.5,6.86,7.11,7.11,8.03,7.54,6.92,5.83,5.59,5.9,6.66,7.06,7.31,7.27,7.57,отличный,False
55.5,76.25,105.9,6.86,7.1,7.12,8.04,7.55,6.91,5.81,5.55,5.88,6.66,7.08,7.34,7.29,7.57,отличный,False
55.5,76.875,106.9,6.85,7.1,7.11,8.04,7.55,6.92,5.79,5.47,5.84,6.65,7.1,7.36,7.31,7.56,отличный,False
55.5,77.5,109.3,6.84,7.11,7.11,8.03,7.54,6.92,5.77,5.41,5.79,6.62,7.1,7.37,7.32,7.55,отличный,False
55.5,78.125,114.1,6.83,7.14,7.14,8.03,7.52,6.92,5.74,5.37,5.75,6.59,7.07,7.38,7.35,7.54,отличный,False
55.5,78.75,123.4,6.83,7.19,7.18,8.03,7.49,6.91,5.71,5.32,5.72,6.56,7.04,7.4,7.38,7.54,отличный,False
55.5,79.375,130.1,6.79,7.19,7.18,8.0,7.44,6.91,5.64,5.23,5.69,6.5,7.02,7.37,7.36,7.5,отличный,False
55.5,80.0,133.3,6.76,7.15,7.15,7.95,7.41,6.91,5.57,5.15,5.66,6.45,7.01,7.36,7.33,7.46,хороший,False
55.5,80.625,136.3,6.73,7.14,7.14,7.92,7.38,6.9,5.5,5.09,5.63,6.41,7.01,7.37,7.34,7.43,хороший,False
55.5,81.25,142.6,6.73,7.2,7.18,7.9,7.33,6.85,5.44,5.06,5.61,6.39,7.01,7.42,7.41,7.43,хороший,False
55.5,81.875,149.4,6.56,7.04,7.05,7.73,7.14,6.69,5.29,4.87,5.42,6.2,6.85,7.28,7.25,7.24,хороший,False
55.5,82.5,138.8,6.26,6.78,6.8,7.4,6.8,6.35,5.01,4.58,5.07,5.82,6.51,6.98,6.98,6.91,хороший,False
55.5,83.125,138.9,6.21,6.82,6.79,7.35,6.71,6.27,4.96,4.5,4.97,5.73,6.46,6.97,7.02,6.86,хороший,False
55.5,83.75,154.9,6.48,7.18,7.07,7.62,6.92,6.48,5.16,4.69,5.19,5.99,6.77,7.28,7.42,7.16,хороший,False
55.5,84.375,182.2,6.57,7.3,7.15,7.72,6.99,6.55,5.23,4.73,5.26,6.1,6.9,7.38,7.56,7.25,хороший,False
55.5,85.0,198.2,6.42,7.08,6.95,7.52,6.86,6.44,5.13,4.63,5.14,5.97,6.78,7.23,7.35,7.09,хороший,False
55.5,85.625,210.6,6.02,6.65,6.53,7.05,6.42,6.07,4.82,4.35,4.8,5.55,6.36,6.79,6.89,6.65,хороший,False
55.5,86.25,236.6,5.46,6.16,6.03,6.44,5.8,5.46,4.36,3.93,4.29,4.93,5.69,6.17,6.32,6.03,умеренный,False
55.5,86.875,297.4,4.91,5.76,5.64,5.89,5.18,4.76,3.84,3.48,3.76,4.27,4.98,5.52,5.85,5.42,низкий,False
55.5,87.5,377.4,5.31,6.41,6.19,6.44,5.61,5.02,4.04,3.61,3.9,4.55,5.39,6.1,6.56,5.86,умеренный,False
56.0,46.25,120.6,6.16,6.85,6.9,6.88,6.33,5.8,5.37,4.9,5.28,5.8,6.44,6.63,6.73,6.8,хороший,False
56.0,46.875,131.9,6.09,6.72,6.75,6.74,6.29,5.78,5.36,4.87,5.27,5.75,6.37,6.55,6.62,6.72,хороший,False
56.0,47.5,116.5,5.81,6.4,6.44,6.44,6.07,5.57,5.15,4.65,5.03,5.47,6.07,6.22,6.28,6.42,умеренный,False
56.0,48.125,117.8,6.01,6.62,6.65,6.62,6.28,5.79,5.34,4.79,5.22,5.66,6.29,6.41,6.48,6.64,хороший,False
56.0,48.75,111.3,6.26,6.86,6.87,6.84,6.54,6.08,5.6,5.02,5.48,5.9,6.59,6.65,6.71,6.91,хороший,False
56.0,49.375,126.3,6.5,7.12,7.09,7.09,6.78,6.31,5.83,5.22,5.69,6.12,6.87,6.93,6.96,7.18,хороший,False
56.0,50.0,140.2,6.52,7.15,7.09,7.12,6.8,6.32,5.85,5.26,5.7,6.13,6.89,6.95,6.96,7.2,хороший,False
56.0,50.625,153.3,6.36,6.97,6.87,6.97,6.64,6.16,5.7,5.15,5.53,5.99,6.74,6.81,6.78,7.02,хороший,False
56.0,51.25,135.0,5.78,6.31,6.23,6.37,6.1,5.63,5.19,4.71,5.04,5.45,6.12,6.16,6.12,6.38,умеренный,False
56.0,51.875,123.0,5.74,6.22,6.15,6.34,6.09,5.6,5.16,4.71,5.03,5.41,6.07,6.09,6.02,6.34,умеренный,False
56.0,52.5,118.6,6.2,6.67,6.59,6.84,6.59,6.05,5.61,5.13,5.48,5.88,6.6,6.58,6.46,6.85,хороший,False
56.0,53.125,117.3,6.3,6.78,6.7,7.01,6.68,6.11,5.68,5.21,5.56,5.97,6.71,6.69,6.54,6.96,хороший,False
56.0,53.75,108.2,6.33,6.81,6.72,7.09,6.71,6.14,5.7,5.26,5.59,6.0,6.73,6.71,6.53,6.99,хороший,False
56.0,54.375,113.7,6.31,6.85,6.75,7.1,6.66,6.11,5.66,5.23,5.55,5.96,6.67,6.68,6.53,6.97,хороший,False
56.0,55.0,128.6,6.35,6.94,6.81,7.16,6.66,6.11,5.7,5.23,5.57,5.99,6.71,6.75,6.61,7.01,хороший,False
56.0,55.625,149.9,6.2,6.85,6.72,7.05,6.49,5.92,5.57,5.08,5.38,5.81,6.51,6.6,6.53,6.85,хороший,False
56.0,56.25,188.3,5.68,6.41,6.31,6.6,6.01,5.36,5.03,4.56,4.79,5.2,5.86,6.04,6.08,6.27,умеренный,False
56.0,56.875,253.2,5.2,5.88,5.8,6.09,5.56,4.93,4.59,4.16,4.34,4.71,5.31,5.53,5.57,5.74,умеренный,False
56.0,57.5,316.9,4.77,5.32,5.26,5.59,5.14,4.54,4.23,3.85,4.0,4.31,4.85,5.09,5.06,5.27,низкий,False
56.0,58.125,297.5,5.01,5.47,5.38,5.84,5.42,4.8,4.51,4.06,4.22,4.6,5.17,5.37,5.24,5.53,умеренный,False
56.0,58.75,323.2,4.94,5.37,5.29,5.77,5.37,4.73,4.44,4.01,4.15,4.55,5.12,5.31,5.15,5.45,низкий,False
56.0,59.375,377.9,4.65,5.05,5.02,5.46,5.08,4.45,4.16,3.77,3.91,4.25,4.79,5.01,4.86,5.13,низкий,False
56.0,60.0,407.7,4.8,5.14,5.2,5.57,5.22,4.58,4.3,3.89,4.03,4.4,4.94,5.19,5.09,5.3,низкий,False
56.0,60.625,316.2,5.32,5.58,5.64,6.1,5.81,5.13,4.87,4.37,4.55,5.02,5.53,5.67,5.63,5.87,умеренный,False
56.0,61.25,223.7,5.7,5.91,5.96,6.5,6.24,5.54,5.27,4.73,4.93,5.48,5.95,5.98,5.95,6.29,умеренный,False
56.0,61.875,172.2,6.02,6.22,6.21,6.85,6.57,5.88,5.57,5.01,5.26,5.87,6.31,6.28,6.22,6.65,хороший,False
56.0,62.5,148.9,6.38,6.66,6.62,7.32,6.94,6.2,5.83,5.27,5.56,6.21,6.68,6.68,6.63,7.04,хороший,False
56.0,63.125,134.3,6.62,6.92,6.86,7.61,7.19,6.42,6.03,5.45,5.77,6.45,6.94,6.94,6.88,7.31,хороший,False
56.0,63.75,124.6,6.73,7.0,6.95,7.72,7.32,6.55,6.15,5.55,5.9,6.59,7.06,7.05,6.97,7.43,хороший,False
56.0,64.375,124.3,6.73,6.96,6.91,7.7,7.34,6.59,6.16,5.56,5.92,6.61,7.06,7.04,6.95,7.43,хороший,False
56.0,65.0,115.5,6.7,6.92,6.86,7.67,7.31,6.6,6.11,5.54,5.9,6.58,7.0,7.0,6.91,7.4,хороший,False
56.0,65.625,104.3,6.72,6.96,6.88,7.72,7.33,6.65,6.09,5.55,5.91,6.59,6.98,7.01,6.93,7.42,хороший,False
56.0,66.25,107.0,6.81,7.12,7.01,7.86,7.43,6.75,6.12,5.63,5.98,6.66,7.03,7.09,7.05,7.52,отличный,False
56.0,66.875,129.9,6.88,7.22,7.12,7.97,7.51,6.82,6.14,5.68,6.01,6.71,7.08,7.18,7.15,7.6,отличный,False
56.0,67.5,134.1,6.91,7.28,7.19,8.05,7.55,6.84,6.13,5.69,6.0,6.71,7.09,7.23,7.22,7.63,отличный,False
56.0,68.125,129.3,6.92,7.32,7.22,8.1,7.57,6.85,6.09,5.69,5.99,6.7,7.09,7.24,7.26,7.64,отличный,False
56.0,68.75,121.2,6.91,7.32,7.23,8.1,7.57,6.86,6.03,5.66,5.98,6.66,7.06,7.23,7.26,7.63,отличный,False
56.0,69.375,117.6,6.9,7.34,7.23,8.12,7.56,6.85,5.97,5.63,5.95,6.64,7.04,7.24,7.29,7.62,отличный,False
56.0,70.0,116.2,6.91,7.35,7.23,8.14,7.55,6.86,5.95,5.62,5.95,6.65,7.04,7.25,7.31,7.63,отличный,False
56.0,70.625,116.8,6.92,7.36,7.24,8.15,7.55,6.9,5.94,5.65,5.98,6.68,7.05,7.27,7.34,7.64,отличный,False
56.0,71.25,115.7,6.93,7.29,7.19,8.12,7.56,6.95,5.94,5.7,6.02,6.72,7.06,7.27,7.3,7.65,отличный,False
56.0,71.875,109.4,6.91,7.22,7.14,8.09,7.56,6.97,5.93,5.72,6.03,6.72,7.06,7.25,7.26,7.63,отличный,False
56.0,72.5,105.4,6.87,7.15,7.09,8.04,7.51,6.95,5.89,5.7,6.0,6.68,7.01,7.22,7.2,7.59,отличный,False
56.0,73.125,102.2,6.83,7.09,7.07,8.0,7.47,6.93,5.85,5.67,5.95,6.63,6.97,7.19,7.15,7.54,отличный,False
56.0,73.75,100.1,6.81,7.05,7.06,7.98,7.46,6.93,5.83,5.64,5.91,6.61,6.97,7.2,7.15,7.52,отличный,False
56.0,74.375,98.3,6.76,6.97,6.98,7.92,7.43,6.88,5.78,5.56,5.86,6.59,6.96,7.16,7.09,7.46,хороший,False
56.0,75.0,103.7,6.71,6.91,6.95,7.86,7.39,6.79,5.72,5.49,5.8,6.54,6.92,7.12,7.03,7.41,хороший,False
56.0,75.625,110.4,6.69,6.91,6.97,7.86,7.38,6.74,5.68,5.46,5.76,6.51,6.9,7.11,7.02,7.39,хороший,False
56.0,76.25,110.1,6.79,7.02,7.09,7.99,7.5,6.83,5.74,5.5,5.81,6.6,7.02,7.24,7.15,7.5,отличный,False
56.0,76.875,111.6,6.81,7.05,7.1,8.02,7.52,6.87,5.74,5.48,5.82,6.63,7.06,7.29,7.19,7.52,отличный,False
56.0,77.5,115.8,6.76,7.02,7.06,7.98,7.46,6.84,5.69,5.39,5.74,6.56,7.01,7.25,7.16,7.46,хороший,False
56.0,78.125,121.5,6.67,6.97,7.0,7.88,7.37,6.76,5.6,5.25,5.63,6.43,6.89,7.15,7.09,7.37,хороший,False
56.0,78.75,126.7,6.55,6.9,6.95,7.78,7.25,6.66,5.49,5.1,5.49,6.27,6.74,7.02,7.0,7.23,хороший,False
56.0,79.375,127.3,6.31,6.67,6.73,7.52,6.98,6.46,5.29,4.88,5.3,6.01,6.48,6.75,6.73,6.97,хороший,False
56.0,80.0,130.8,6.14,6.47,6.53,7.29,6.8,6.33,5.13,4.73,5.16,5.84,6.31,6.58,6.54,6.78,хороший,False
56.0,80.625,136.1,6.09,6.4,6.45,7.19,6.74,6.29,5.05,4.68,5.12,5.8,6.28,6.56,6.51,6.72,хороший,False
56.0,81.25,141.8,6.19,6.54,6.56,7.29,6.82,6.36,5.09,4.72,5.19,5.89,6.41,6.71,6.67,6.83,хороший,False
56.0,81.875,143.3,5.77,6.17,6.21,6.85,6.37,5.92,4.7,4.34,4.77,5.43,5.95,6.29,6.27,6.37,умеренный,False
56.0,82.5,137.2,5.66,6.14,6.2,6.75,6.24,5.77,4.57,4.22,4.6,5.25,5.81,6.21,6.21,6.25,умеренный,False
56.0,83.125,125.9,5.84,6.37,6.41,6.95,6.4,5.94,4.71,4.34,4.72,5.4,6.01,6.44,6.47,6.45,умеренный,False
56.0,83.75,115.0,6.15,6.66,6.65,7.23,6.68,6.26,4.99,4.58,5.0,5.75,6.38,6.79,6.83,6.79,хороший,False
56.0,84.375,141.7,5.69,6.22,6.19,6.72,6.17,5.77,4.62,4.2,4.6,5.27,5.9,6.3,6.39,6.28,умеренный,False
56.0,85.0,175.8,5.73,6.36,6.29,6.77,6.17,5.75,4.61,4.2,4.57,5.24,5.93,6.36,6.51,6.33,умеренный,False
56.0,85.625,203.3,6.01,6.77,6.68,7.08,6.41,5.97,4.8,4.37,4.75,5.47,6.23,6.71,6.91,6.64,хороший,False
56.0,86.25,215.6,6.4,7.3,7.16,7.51,6.74,6.28,5.06,4.61,5.01,5.82,6.67,7.21,7.45,7.07,хороший,False
56.0,86.875,228.4,6.49,7.44,7.31,7.67,6.82,6.32,5.08,4.61,5.02,5.9,6.8,7.37,7.64,7.17,хороший,False
56.0,87.5,213.1,6.44,7.34,7.23,7.63,6.84,6.29,4.99,4.53,4.93,5.87,6.78,7.37,7.58,7.11,хороший,False
