Статистическое время,turbine,horizon_h,lead_hours,issue_date,issue_time_local,p10,p50,p90,wind_speed_100m_forecast
2026-02-01 00:00:00,farm,24,1,2026-01-31,2026-01-31 23:00:00,0.0077,0.0369,0.1293,0.21
2026-02-01 01:00:00,farm,24,2,2026-01-31,2026-01-31 23:00:00,0.0081,0.0224,0.0296,0.42
2026-02-01 02:00:00,farm,24,3,2026-01-31,2026-01-31 23:00:00,0.008,0.0284,0.0746,0.4
2026-02-01 03:00:00,farm,24,4,2026-01-31,2026-01-31 23:00:00,0.0077,0.0343,0.098,0.96
2026-02-01 04:00:00,farm,24,5,2026-01-31,2026-01-31 23:00:00,0.0033,0.1244,0.353,0.8
2026-02-01 05:00:00,farm,24,6,2026-01-31,2026-01-31 23:00:00,0.0057,0.0797,0.353,1.49
2026-02-01 06:00:00,farm,24,7,2026-01-31,2026-01-31 23:00:00,0.0037,0.0917,0.4711,2.12
2026-02-01 07:00:00,farm,24,8,2026-01-31,2026-01-31 23:00:00,0.0073,0.053,0.5109,3.33
2026-02-01 08:00:00,farm,24,9,2026-01-31,2026-01-31 23:00:00,0.0026,0.1245,0.5106,5.05
2026-02-01 09:00:00,farm,24,10,2026-01-31,2026-01-31 23:00:00,0.0,0.1654,0.8077,4.83
2026-02-01 10:00:00,farm,24,11,2026-01-31,2026-01-31 23:00:00,0.0175,0.2047,0.8238,4.53
2026-02-01 11:00:00,farm,24,12,2026-01-31,2026-01-31 23:00:00,0.0,0.2543,0.7341,3.59
2026-02-01 12:00:00,farm,24,13,2026-01-31,2026-01-31 23:00:00,0.0,0.216,0.7407,3.86
2026-02-01 13:00:00,farm,24,14,2026-01-31,2026-01-31 23:00:00,0.0,0.2235,0.7069,4.12
2026-02-01 14:00:00,farm,24,15,2026-01-31,2026-01-31 23:00:00,0.0014,0.2259,0.6686,4.25
2026-02-01 15:00:00,farm,24,16,2026-01-31,2026-01-31 23:00:00,0.0025,0.2173,0.67,4.31
2026-02-01 16:00:00,farm,24,17,2026-01-31,2026-01-31 23:00:00,0.0037,0.2915,0.6987,5.69
2026-02-01 17:00:00,farm,24,18,2026-01-31,2026-01-31 23:00:00,0.0017,0.2215,0.5597,5.12
2026-02-01 18:00:00,farm,24,19,2026-01-31,2026-01-31 23:00:00,0.0058,0.1994,0.5234,5.64
2026-02-01 19:00:00,farm,24,20,2026-01-31,2026-01-31 23:00:00,0.0061,0.2858,0.5949,5.6
2026-02-01 20:00:00,farm,24,21,2026-01-31,2026-01-31 23:00:00,0.0106,0.2576,0.6021,5.77
2026-02-01 21:00:00,farm,24,22,2026-01-31,2026-01-31 23:00:00,0.0374,0.2199,0.5959,5.87
2026-02-01 22:00:00,farm,24,23,2026-01-31,2026-01-31 23:00:00,0.0389,0.2168,0.6036,5.74
2026-02-01 23:00:00,farm,24,24,2026-01-31,2026-01-31 23:00:00,0.0366,0.2346,0.6225,5.5
2026-02-02 00:00:00,farm,24,1,2026-02-01,2026-02-01 23:00:00,0.0331,0.2732,0.6848,6.33
2026-02-02 00:00:00,farm,48,25,2026-01-31,2026-01-31 23:00:00,0.0048,0.1882,0.6603,5.71
2026-02-02 01:00:00,farm,24,2,2026-02-01,2026-02-01 23:00:00,0.0497,0.3021,0.7322,6.65
2026-02-02 01:00:00,farm,48,26,2026-01-31,2026-01-31 23:00:00,0.0036,0.2461,0.7185,6.04
2026-02-02 02:00:00,farm,24,3,2026-02-01,2026-02-01 23:00:00,0.0596,0.3162,0.8061,6.64
2026-02-02 02:00:00,farm,48,27,2026-01-31,2026-01-31 23:00:00,0.0069,0.2685,0.7401,6.13
2026-02-02 03:00:00,farm,24,4,2026-02-01,2026-02-01 23:00:00,0.1494,0.4105,0.9049,6.4
2026-02-02 03:00:00,farm,48,28,2026-01-31,2026-01-31 23:00:00,0.0526,0.3228,0.8189,6.17
2026-02-02 04:00:00,farm,24,5,2026-02-01,2026-02-01 23:00:00,0.1978,0.4945,0.9421,6.42
2026-02-02 04:00:00,farm,48,29,2026-01-31,2026-01-31 23:00:00,0.1323,0.3888,0.916,6.15
2026-02-02 05:00:00,farm,24,6,2026-02-01,2026-02-01 23:00:00,0.1968,0.4873,0.9709,6.84
2026-02-02 05:00:00,farm,48,30,2026-01-31,2026-01-31 23:00:00,0.1724,0.381,0.9573,6.42
2026-02-02 06:00:00,farm,24,7,2026-02-01,2026-02-01 23:00:00,0.1955,0.4898,0.9642,6.8
2026-02-02 06:00:00,farm,48,31,2026-01-31,2026-01-31 23:00:00,0.1611,0.4532,0.9513,6.38
2026-02-02 07:00:00,farm,24,8,2026-02-01,2026-02-01 23:00:00,0.1995,0.4041,0.9597,6.57
2026-02-02 07:00:00,farm,48,32,2026-01-31,2026-01-31 23:00:00,0.1625,0.4127,0.9568,6.56
2026-02-02 08:00:00,farm,24,9,2026-02-01,2026-02-01 23:00:00,0.1505,0.4469,0.9766,6.46
2026-02-02 08:00:00,farm,48,33,2026-01-31,2026-01-31 23:00:00,0.1321,0.4448,0.9853,6.53
2026-02-02 09:00:00,farm,24,10,2026-02-01,2026-02-01 23:00:00,0.2388,0.5772,0.977,7.8
2026-02-02 09:00:00,farm,48,34,2026-01-31,2026-01-31 23:00:00,0.1837,0.5343,0.9855,7.22
2026-02-02 10:00:00,farm,24,11,2026-02-01,2026-02-01 23:00:00,0.3245,0.7013,0.9855,6.77
2026-02-02 10:00:00,farm,48,35,2026-01-31,2026-01-31 23:00:00,0.3,0.6839,0.9952,6.55
2026-02-02 11:00:00,farm,24,12,2026-02-01,2026-02-01 23:00:00,0.3783,0.7141,0.9798,7.25
2026-02-02 11:00:00,farm,48,36,2026-01-31,2026-01-31 23:00:00,0.3326,0.7154,0.987,7.31
2026-02-02 12:00:00,farm,24,13,2026-02-01,2026-02-01 23:00:00,0.464,0.8102,0.988,7.66
2026-02-02 12:00:00,farm,48,37,2026-01-31,2026-01-31 23:00:00,0.439,0.7794,0.9929,8.2
2026-02-02 13:00:00,farm,24,14,2026-02-01,2026-02-01 23:00:00,0.4931,0.8205,0.9887,8.06
2026-02-02 13:00:00,farm,48,38,2026-01-31,2026-01-31 23:00:00,0.5523,0.8519,0.9887,9.01
2026-02-02 14:00:00,farm,24,15,2026-02-01,2026-02-01 23:00:00,0.4897,0.8331,0.9887,8.28
2026-02-02 14:00:00,farm,48,39,2026-01-31,2026-01-31 23:00:00,0.5479,0.8875,0.986,8.84
2026-02-02 15:00:00,farm,24,16,2026-02-01,2026-02-01 23:00:00,0.4383,0.8632,0.9859,7.84
2026-02-02 15:00:00,farm,48,40,2026-01-31,2026-01-31 23:00:00,0.4042,0.863,0.9893,7.47
2026-02-02 16:00:00,farm,24,17,2026-02-01,2026-02-01 23:00:00,0.4283,0.8053,0.9944,7.62
2026-02-02 16:00:00,farm,48,41,2026-01-31,2026-01-31 23:00:00,0.156,0.723,1.0,4.22
2026-02-02 17:00:00,farm,24,18,2026-02-01,2026-02-01 23:00:00,0.1806,0.7331,0.9514,5.44
2026-02-02 17:00:00,farm,48,42,2026-01-31,2026-01-31 23:00:00,0.1665,0.7253,0.9203,5.66
2026-02-02 18:00:00,farm,24,19,2026-02-01,2026-02-01 23:00:00,0.0071,0.4178,0.6754,3.91
2026-02-02 18:00:00,farm,48,43,2026-01-31,2026-01-31 23:00:00,0.0639,0.5949,0.8316,4.3
2026-02-02 19:00:00,farm,24,20,2026-02-01,2026-02-01 23:00:00,0.0053,0.2654,0.4387,3.07
2026-02-02 19:00:00,farm,48,44,2026-01-31,2026-01-31 23:00:00,0.0,0.2918,0.5616,3.85
2026-02-02 20:00:00,farm,24,21,2026-02-01,2026-02-01 23:00:00,0.0071,0.1463,0.316,3.11
2026-02-02 20:00:00,farm,48,45,2026-01-31,2026-01-31 23:00:00,0.0017,0.1806,0.5103,4.43
2026-02-02 21:00:00,farm,24,22,2026-02-01,2026-02-01 23:00:00,0.0049,0.1363,0.2914,3.69
2026-02-02 21:00:00,farm,48,46,2026-01-31,2026-01-31 23:00:00,0.0009,0.1763,0.4839,4.59
2026-02-02 22:00:00,farm,24,23,2026-02-01,2026-02-01 23:00:00,0.0029,0.1573,0.338,3.67
2026-02-02 22:00:00,farm,48,47,2026-01-31,2026-01-31 23:00:00,0.0,0.1997,0.4806,3.43
2026-02-02 23:00:00,farm,24,24,2026-02-01,2026-02-01 23:00:00,0.0058,0.1691,0.3781,3.97
2026-02-02 23:00:00,farm,48,48,2026-01-31,2026-01-31 23:00:00,0.0,0.1747,0.4037,2.6
2026-02-03 00:00:00,farm,24,1,2026-02-02,2026-02-02 23:00:00,0.0039,0.2296,0.4697,5.19
2026-02-03 00:00:00,farm,48,25,2026-02-01,2026-02-01 23:00:00,0.0,0.2409,0.5956,3.89
2026-02-03 01:00:00,farm,24,2,2026-02-02,2026-02-02 23:00:00,0.0612,0.3519,0.6825,6.05
2026-02-03 01:00:00,farm,48,26,2026-02-01,2026-02-01 23:00:00,0.0286,0.3505,0.7145,5.41
2026-02-03 02:00:00,farm,24,3,2026-02-02,2026-02-02 23:00:00,0.1011,0.4019,0.8631,6.47
2026-02-03 02:00:00,farm,48,27,2026-02-01,2026-02-01 23:00:00,0.0518,0.3604,0.868,5.46
2026-02-03 03:00:00,farm,24,4,2026-02-02,2026-02-02 23:00:00,0.1455,0.426,0.8903,6.52
2026-02-03 03:00:00,farm,48,28,2026-02-01,2026-02-01 23:00:00,0.044,0.3839,0.8441,5.07
2026-02-03 04:00:00,farm,24,5,2026-02-02,2026-02-02 23:00:00,0.1681,0.4273,0.8679,6.53
2026-02-03 04:00:00,farm,48,29,2026-02-01,2026-02-01 23:00:00,0.0438,0.3939,0.8619,4.57
2026-02-03 05:00:00,farm,24,6,2026-02-02,2026-02-02 23:00:00,0.0739,0.3168,0.8553,4.78
2026-02-03 05:00:00,farm,48,30,2026-02-01,2026-02-01 23:00:00,0.0054,0.3119,0.8441,4.72
2026-02-03 06:00:00,farm,24,7,2026-02-02,2026-02-02 23:00:00,0.0605,0.2752,0.6964,2.43
2026-02-03 06:00:00,farm,48,31,2026-02-01,2026-02-01 23:00:00,0.0,0.2076,0.7,4.25
2026-02-03 07:00:00,farm,24,8,2026-02-02,2026-02-02 23:00:00,0.0086,0.1905,0.6026,3.43
2026-02-03 07:00:00,farm,48,32,2026-02-01,2026-02-01 23:00:00,0.0,0.1548,0.6117,3.24
2026-02-03 08:00:00,farm,24,9,2026-02-02,2026-02-02 23:00:00,0.0044,0.1522,0.3944,2.47
2026-02-03 08:00:00,farm,48,33,2026-02-01,2026-02-01 23:00:00,0.0,0.1595,0.4306,1.95
2026-02-03 09:00:00,farm,24,10,2026-02-02,2026-02-02 23:00:00,0.0061,0.073,0.2512,2.67
2026-02-03 09:00:00,farm,48,34,2026-02-01,2026-02-01 23:00:00,0.0,0.1369,0.3708,1.43
2026-02-03 10:00:00,farm,24,11,2026-02-02,2026-02-02 23:00:00,0.0075,0.0414,0.1286,3.43
2026-02-03 10:00:00,farm,48,35,2026-02-01,2026-02-01 23:00:00,0.0045,0.0626,0.2113,1.99
2026-02-03 11:00:00,farm,24,12,2026-02-02,2026-02-02 23:00:00,0.0064,0.0628,0.2483,5.06
2026-02-03 11:00:00,farm,48,36,2026-02-01,2026-02-01 23:00:00,0.0054,0.0538,0.2511,3.82
2026-02-03 12:00:00,farm,24,13,2026-02-02,2026-02-02 23:00:00,0.0067,0.0559,0.1627,4.82
2026-02-03 12:00:00,farm,48,37,2026-02-01,2026-02-01 23:00:00,0.0065,0.0391,0.2472,3.71
2026-02-03 13:00:00,farm,24,14,2026-02-02,2026-02-02 23:00:00,0.0077,0.0439,0.091,3.15
2026-02-03 13:00:00,farm,48,38,2026-02-01,2026-02-01 23:00:00,0.0059,0.048,0.1897,2.58
2026-02-03 14:00:00,farm,24,15,2026-02-02,2026-02-02 23:00:00,0.0083,0.0333,0.0586,3.2
2026-02-03 14:00:00,farm,48,39,2026-02-01,2026-02-01 23:00:00,0.0051,0.0621,0.149,3.03
2026-02-03 15:00:00,farm,24,16,2026-02-02,2026-02-02 23:00:00,0.0076,0.0482,0.1128,2.45
2026-02-03 15:00:00,farm,48,40,2026-02-01,2026-02-01 23:00:00,0.0023,0.095,0.2431,4.9
2026-02-03 16:00:00,farm,24,17,2026-02-02,2026-02-02 23:00:00,0.0045,0.1134,0.2109,3.2
2026-02-03 16:00:00,farm,48,41,2026-02-01,2026-02-01 23:00:00,0.0,0.1561,0.4019,4.77
2026-02-03 17:00:00,farm,24,18,2026-02-02,2026-02-02 23:00:00,0.0087,0.1766,0.3778,4.86
2026-02-03 17:00:00,farm,48,42,2026-02-01,2026-02-01 23:00:00,0.0001,0.1551,0.4496,4.14
2026-02-03 18:00:00,farm,24,19,2026-02-02,2026-02-02 23:00:00,0.0106,0.3423,0.6462,4.44
2026-02-03 18:00:00,farm,48,43,2026-02-01,2026-02-01 23:00:00,0.0,0.2823,0.5106,6.04
2026-02-03 19:00:00,farm,24,20,2026-02-02,2026-02-02 23:00:00,0.0829,0.4343,0.7604,6.42
2026-02-03 19:00:00,farm,48,44,2026-02-01,2026-02-01 23:00:00,0.0,0.3396,0.7273,7.64
2026-02-03 20:00:00,farm,24,21,2026-02-02,2026-02-02 23:00:00,0.0951,0.5319,0.8712,7.23
2026-02-03 20:00:00,farm,48,45,2026-02-01,2026-02-01 23:00:00,0.0,0.375,0.7615,7.09
2026-02-03 21:00:00,farm,24,22,2026-02-02,2026-02-02 23:00:00,0.1078,0.5685,0.8807,6.54
2026-02-03 21:00:00,farm,48,46,2026-02-01,2026-02-01 23:00:00,0.0032,0.359,0.8061,6.72
2026-02-03 22:00:00,farm,24,23,2026-02-02,2026-02-02 23:00:00,0.0989,0.5303,0.8836,6.36
2026-02-03 22:00:00,farm,48,47,2026-02-01,2026-02-01 23:00:00,0.0,0.324,0.6776,6.6
2026-02-03 23:00:00,farm,24,24,2026-02-02,2026-02-02 23:00:00,0.0952,0.546,0.8828,6.6
2026-02-03 23:00:00,farm,48,48,2026-02-01,2026-02-01 23:00:00,0.0,0.3028,0.7516,5.34
2026-02-04 00:00:00,farm,24,1,2026-02-03,2026-02-03 23:00:00,0.0985,0.5618,0.8742,6.29
2026-02-04 00:00:00,farm,48,25,2026-02-02,2026-02-02 23:00:00,0.0,0.3169,0.681,5.28
2026-02-04 01:00:00,farm,24,2,2026-02-03,2026-02-03 23:00:00,0.0775,0.4717,0.8814,7.24
2026-02-04 01:00:00,farm,48,26,2026-02-02,2026-02-02 23:00:00,0.0,0.1908,0.6868,6.17
2026-02-04 02:00:00,farm,24,3,2026-02-03,2026-02-03 23:00:00,0.0691,0.5026,0.8854,6.48
2026-02-04 02:00:00,farm,48,27,2026-02-02,2026-02-02 23:00:00,0.0,0.2966,0.7355,6.56
2026-02-04 03:00:00,farm,24,4,2026-02-03,2026-02-03 23:00:00,0.0756,0.4804,0.8554,6.37
2026-02-04 03:00:00,farm,48,28,2026-02-02,2026-02-02 23:00:00,0.0,0.4132,0.8571,6.78
2026-02-04 04:00:00,farm,24,5,2026-02-03,2026-02-03 23:00:00,0.0887,0.4795,0.8575,6.16
2026-02-04 04:00:00,farm,48,29,2026-02-02,2026-02-02 23:00:00,0.0303,0.4246,0.8859,7.62
2026-02-04 05:00:00,farm,24,6,2026-02-03,2026-02-03 23:00:00,0.159,0.5295,0.9139,7.61
2026-02-04 05:00:00,farm,48,30,2026-02-02,2026-02-02 23:00:00,0.0029,0.3672,0.8346,6.55
2026-02-04 06:00:00,farm,24,7,2026-02-03,2026-02-03 23:00:00,0.1786,0.6247,0.9443,6.87
2026-02-04 06:00:00,farm,48,31,2026-02-02,2026-02-02 23:00:00,0.0364,0.4855,0.8741,6.16
2026-02-04 07:00:00,farm,24,8,2026-02-03,2026-02-03 23:00:00,0.1128,0.4882,0.889,6.98
2026-02-04 07:00:00,farm,48,32,2026-02-02,2026-02-02 23:00:00,0.0284,0.4816,0.8628,6.29
2026-02-04 08:00:00,farm,24,9,2026-02-03,2026-02-03 23:00:00,0.0612,0.4085,0.8589,7.0
2026-02-04 08:00:00,farm,48,33,2026-02-02,2026-02-02 23:00:00,0.0295,0.4011,0.8781,7.15
2026-02-04 09:00:00,farm,24,10,2026-02-03,2026-02-03 23:00:00,0.003,0.3293,0.7952,7.15
2026-02-04 09:00:00,farm,48,34,2026-02-02,2026-02-02 23:00:00,0.0023,0.3923,0.8446,6.16
2026-02-04 10:00:00,farm,24,11,2026-02-03,2026-02-03 23:00:00,0.002,0.2929,0.7204,7.05
2026-02-04 10:00:00,farm,48,35,2026-02-02,2026-02-02 23:00:00,0.0002,0.2745,0.696,5.19
2026-02-04 11:00:00,farm,24,12,2026-02-03,2026-02-03 23:00:00,0.0057,0.2219,0.584,5.59
2026-02-04 11:00:00,farm,48,36,2026-02-02,2026-02-02 23:00:00,0.0068,0.2365,0.6133,5.21
2026-02-04 12:00:00,farm,24,13,2026-02-03,2026-02-03 23:00:00,0.0064,0.1641,0.4795,5.23
2026-02-04 12:00:00,farm,48,37,2026-02-02,2026-02-02 23:00:00,0.0022,0.1861,0.5144,4.04
2026-02-04 13:00:00,farm,24,14,2026-02-03,2026-02-03 23:00:00,0.0052,0.153,0.3927,5.19
2026-02-04 13:00:00,farm,48,38,2026-02-02,2026-02-02 23:00:00,0.0023,0.1413,0.404,3.91
2026-02-04 14:00:00,farm,24,15,2026-02-03,2026-02-03 23:00:00,0.0064,0.1602,0.3865,4.99
2026-02-04 14:00:00,farm,48,39,2026-02-02,2026-02-02 23:00:00,0.003,0.1464,0.4077,4.41
2026-02-04 15:00:00,farm,24,16,2026-02-03,2026-02-03 23:00:00,0.0064,0.1528,0.3683,4.57
2026-02-04 15:00:00,farm,48,40,2026-02-02,2026-02-02 23:00:00,0.0022,0.1497,0.3925,4.21
2026-02-04 16:00:00,farm,24,17,2026-02-03,2026-02-03 23:00:00,0.0102,0.1096,0.33,3.85
2026-02-04 16:00:00,farm,48,41,2026-02-02,2026-02-02 23:00:00,0.0006,0.1677,0.3691,3.48
2026-02-04 17:00:00,farm,24,18,2026-02-03,2026-02-03 23:00:00,0.0045,0.1231,0.261,2.76
2026-02-04 17:00:00,farm,48,42,2026-02-02,2026-02-02 23:00:00,0.0,0.1313,0.2463,2.84
2026-02-04 18:00:00,farm,24,19,2026-02-03,2026-02-03 23:00:00,0.0045,0.1141,0.2453,1.72
2026-02-04 18:00:00,farm,48,43,2026-02-02,2026-02-02 23:00:00,0.0017,0.1013,0.3037,0.73
2026-02-04 19:00:00,farm,24,20,2026-02-03,2026-02-03 23:00:00,0.0001,0.2218,0.4722,3.24
2026-02-04 19:00:00,farm,48,44,2026-02-02,2026-02-02 23:00:00,0.0,0.1898,0.3394,5.05
2026-02-04 20:00:00,farm,24,21,2026-02-03,2026-02-03 23:00:00,0.0434,0.3698,0.7611,6.02
2026-02-04 20:00:00,farm,48,45,2026-02-02,2026-02-02 23:00:00,0.0132,0.2691,0.709,6.54
2026-02-04 21:00:00,farm,24,22,2026-02-03,2026-02-03 23:00:00,0.228,0.6512,0.95,6.49
2026-02-04 21:00:00,farm,48,46,2026-02-02,2026-02-02 23:00:00,0.1861,0.5617,0.9922,7.2
2026-02-04 22:00:00,farm,24,23,2026-02-03,2026-02-03 23:00:00,0.2505,0.6412,0.9837,6.93
2026-02-04 22:00:00,farm,48,47,2026-02-02,2026-02-02 23:00:00,0.3083,0.6859,1.0,7.67
2026-02-04 23:00:00,farm,24,24,2026-02-03,2026-02-03 23:00:00,0.3549,0.6847,0.9793,7.63
2026-02-04 23:00:00,farm,48,48,2026-02-02,2026-02-02 23:00:00,0.2938,0.6961,0.9998,7.38
2026-02-05 00:00:00,farm,24,1,2026-02-04,2026-02-04 23:00:00,0.4995,0.8236,0.9877,8.52
2026-02-05 00:00:00,farm,48,25,2026-02-03,2026-02-03 23:00:00,0.3988,0.7245,0.999,7.75
2026-02-05 01:00:00,farm,24,2,2026-02-04,2026-02-04 23:00:00,0.7004,0.8938,0.9857,9.11
2026-02-05 01:00:00,farm,48,26,2026-02-03,2026-02-03 23:00:00,0.4472,0.814,0.9936,8.05
2026-02-05 02:00:00,farm,24,3,2026-02-04,2026-02-04 23:00:00,0.8736,0.9294,0.9853,9.71
2026-02-05 02:00:00,farm,48,27,2026-02-03,2026-02-03 23:00:00,0.7155,0.8951,0.9895,8.57
2026-02-05 03:00:00,farm,24,4,2026-02-04,2026-02-04 23:00:00,0.9523,0.9534,0.9855,10.07
2026-02-05 03:00:00,farm,48,28,2026-02-03,2026-02-03 23:00:00,0.8502,0.9342,0.9871,8.78
2026-02-05 04:00:00,farm,24,5,2026-02-04,2026-02-04 23:00:00,0.9567,0.9605,0.9846,10.41
2026-02-05 04:00:00,farm,48,29,2026-02-03,2026-02-03 23:00:00,0.8803,0.9292,0.988,9.66
2026-02-05 05:00:00,farm,24,6,2026-02-04,2026-02-04 23:00:00,0.8941,0.8951,0.9874,10.98
2026-02-05 05:00:00,farm,48,30,2026-02-03,2026-02-03 23:00:00,0.9406,0.9424,0.9864,10.41
2026-02-05 06:00:00,farm,24,7,2026-02-04,2026-02-04 23:00:00,0.891,0.8921,0.9888,11.71
2026-02-05 06:00:00,farm,48,31,2026-02-03,2026-02-03 23:00:00,0.9485,0.9502,0.9867,11.19
2026-02-05 07:00:00,farm,24,8,2026-02-04,2026-02-04 23:00:00,0.8923,0.8934,0.9877,11.89
2026-02-05 07:00:00,farm,48,32,2026-02-03,2026-02-03 23:00:00,0.8956,0.8974,0.9901,11.33
2026-02-05 08:00:00,farm,24,9,2026-02-04,2026-02-04 23:00:00,0.8931,0.8942,0.9879,11.98
2026-02-05 08:00:00,farm,48,33,2026-02-03,2026-02-03 23:00:00,0.8856,0.8874,0.9915,11.51
2026-02-05 09:00:00,farm,24,10,2026-02-04,2026-02-04 23:00:00,0.9449,0.9556,0.9843,11.6
2026-02-05 09:00:00,farm,48,34,2026-02-03,2026-02-03 23:00:00,0.892,0.8937,0.9906,10.58
2026-02-05 10:00:00,farm,24,11,2026-02-04,2026-02-04 23:00:00,0.9609,0.9785,0.9852,11.45
2026-02-05 10:00:00,farm,48,35,2026-02-03,2026-02-03 23:00:00,0.9517,0.9818,0.9883,10.9
2026-02-05 11:00:00,farm,24,12,2026-02-04,2026-02-04 23:00:00,0.9347,0.984,0.9887,11.75
2026-02-05 11:00:00,farm,48,36,2026-02-03,2026-02-03 23:00:00,0.9761,0.987,0.9909,12.16
2026-02-05 12:00:00,farm,24,13,2026-02-04,2026-02-04 23:00:00,0.8991,0.9672,0.9813,12.09
2026-02-05 12:00:00,farm,48,37,2026-02-03,2026-02-03 23:00:00,0.9021,0.9734,0.9835,12.64
2026-02-05 13:00:00,farm,24,14,2026-02-04,2026-02-04 23:00:00,0.9012,0.9228,0.9824,11.22
2026-02-05 13:00:00,farm,48,38,2026-02-03,2026-02-03 23:00:00,0.8966,0.9131,0.9861,11.75
2026-02-05 14:00:00,farm,24,15,2026-02-04,2026-02-04 23:00:00,0.8189,0.9135,0.9831,10.16
2026-02-05 14:00:00,farm,48,39,2026-02-03,2026-02-03 23:00:00,0.8849,0.908,0.9862,10.6
2026-02-05 15:00:00,farm,24,16,2026-02-04,2026-02-04 23:00:00,0.5515,0.9796,0.9858,8.5
2026-02-05 15:00:00,farm,48,40,2026-02-03,2026-02-03 23:00:00,0.6358,0.9396,0.9873,8.65
2026-02-05 16:00:00,farm,24,17,2026-02-04,2026-02-04 23:00:00,0.4213,0.9307,0.9856,7.94
2026-02-05 16:00:00,farm,48,41,2026-02-03,2026-02-03 23:00:00,0.403,0.8847,0.9918,8.32
2026-02-05 17:00:00,farm,24,18,2026-02-04,2026-02-04 23:00:00,0.3696,0.9661,0.9926,7.03
2026-02-05 17:00:00,farm,48,42,2026-02-03,2026-02-03 23:00:00,0.4363,0.9681,0.9859,8.46
2026-02-05 18:00:00,farm,24,19,2026-02-04,2026-02-04 23:00:00,0.333,0.8769,0.9748,6.5
2026-02-05 18:00:00,farm,48,43,2026-02-03,2026-02-03 23:00:00,0.3571,0.9359,0.9914,7.17
2026-02-05 19:00:00,farm,24,20,2026-02-04,2026-02-04 23:00:00,0.2365,0.84,0.9761,6.59
2026-02-05 19:00:00,farm,48,44,2026-02-03,2026-02-03 23:00:00,0.3102,0.8852,0.9781,6.6
2026-02-05 20:00:00,farm,24,21,2026-02-04,2026-02-04 23:00:00,0.2224,0.7869,0.9762,6.86
2026-02-05 20:00:00,farm,48,45,2026-02-03,2026-02-03 23:00:00,0.1951,0.8371,0.9759,6.74
2026-02-05 21:00:00,farm,24,22,2026-02-04,2026-02-04 23:00:00,0.2088,0.711,0.9744,6.88
2026-02-05 21:00:00,farm,48,46,2026-02-03,2026-02-03 23:00:00,0.1495,0.7959,0.9757,6.72
2026-02-05 22:00:00,farm,24,23,2026-02-04,2026-02-04 23:00:00,0.197,0.6527,0.9496,6.36
2026-02-05 22:00:00,farm,48,47,2026-02-03,2026-02-03 23:00:00,0.1562,0.6599,0.9635,6.99
2026-02-05 23:00:00,farm,24,24,2026-02-04,2026-02-04 23:00:00,0.192,0.5284,0.9346,6.57
2026-02-05 23:00:00,farm,48,48,2026-02-03,2026-02-03 23:00:00,0.1754,0.5568,0.9505,6.34
2026-02-06 00:00:00,farm,24,1,2026-02-05,2026-02-05 23:00:00,0.1794,0.4603,0.8768,6.18
2026-02-06 00:00:00,farm,48,25,2026-02-04,2026-02-04 23:00:00,0.1486,0.5193,0.9034,6.06
2026-02-06 01:00:00,farm,24,2,2026-02-05,2026-02-05 23:00:00,0.1391,0.4378,0.8341,5.49
2026-02-06 01:00:00,farm,48,26,2026-02-04,2026-02-04 23:00:00,0.099,0.449,0.8771,5.68
2026-02-06 02:00:00,farm,24,3,2026-02-05,2026-02-05 23:00:00,0.0826,0.4387,0.7957,5.12
2026-02-06 02:00:00,farm,48,27,2026-02-04,2026-02-04 23:00:00,0.0652,0.4203,0.8479,5.39
2026-02-06 03:00:00,farm,24,4,2026-02-05,2026-02-05 23:00:00,0.0622,0.3078,0.7629,4.73
2026-02-06 03:00:00,farm,48,28,2026-02-04,2026-02-04 23:00:00,0.0131,0.3368,0.7543,5.03
2026-02-06 04:00:00,farm,24,5,2026-02-05,2026-02-05 23:00:00,0.0329,0.3249,0.6575,3.01
2026-02-06 04:00:00,farm,48,29,2026-02-04,2026-02-04 23:00:00,0.0,0.265,0.5568,3.06
2026-02-06 05:00:00,farm,24,6,2026-02-05,2026-02-05 23:00:00,0.0038,0.1802,0.401,2.92
2026-02-06 05:00:00,farm,48,30,2026-02-04,2026-02-04 23:00:00,0.0,0.1791,0.4648,3.06
2026-02-06 06:00:00,farm,24,7,2026-02-05,2026-02-05 23:00:00,0.0006,0.1849,0.364,2.02
2026-02-06 06:00:00,farm,48,31,2026-02-04,2026-02-04 23:00:00,0.0,0.1262,0.3264,7.97
2026-02-06 07:00:00,farm,24,8,2026-02-05,2026-02-05 23:00:00,0.0062,0.0759,0.2188,6.09
2026-02-06 07:00:00,farm,48,32,2026-02-04,2026-02-04 23:00:00,0.0,0.1818,0.3914,5.78
2026-02-06 08:00:00,farm,24,9,2026-02-05,2026-02-05 23:00:00,0.0,0.2107,0.4556,7.29
2026-02-06 08:00:00,farm,48,33,2026-02-04,2026-02-04 23:00:00,0.0,0.2472,0.508,5.28
2026-02-06 09:00:00,farm,24,10,2026-02-05,2026-02-05 23:00:00,0.001,0.1617,0.4206,5.48
2026-02-06 09:00:00,farm,48,34,2026-02-04,2026-02-04 23:00:00,0.0,0.3386,0.6791,8.5
2026-02-06 10:00:00,farm,24,11,2026-02-05,2026-02-05 23:00:00,0.0033,0.1346,0.3108,2.77
2026-02-06 10:00:00,farm,48,35,2026-02-04,2026-02-04 23:00:00,0.0,0.4592,1.0,13.45
2026-02-06 11:00:00,farm,24,12,2026-02-05,2026-02-05 23:00:00,0.0039,0.2563,0.7235,5.33
2026-02-06 11:00:00,farm,48,36,2026-02-04,2026-02-04 23:00:00,0.1754,0.6956,0.9885,11.42
2026-02-06 12:00:00,farm,24,13,2026-02-05,2026-02-05 23:00:00,0.1793,0.56,0.8766,8.8
2026-02-06 12:00:00,farm,48,37,2026-02-04,2026-02-04 23:00:00,0.2019,0.7814,1.0,12.61
2026-02-06 13:00:00,farm,24,14,2026-02-05,2026-02-05 23:00:00,0.4478,0.8318,0.985,9.74
2026-02-06 13:00:00,farm,48,38,2026-02-04,2026-02-04 23:00:00,0.5287,0.8831,0.9877,12.6
2026-02-06 14:00:00,farm,24,15,2026-02-05,2026-02-05 23:00:00,0.63,0.9057,0.9856,11.73
2026-02-06 14:00:00,farm,48,39,2026-02-04,2026-02-04 23:00:00,0.938,0.9552,0.9832,13.06
2026-02-06 15:00:00,farm,24,16,2026-02-05,2026-02-05 23:00:00,0.9149,0.9579,0.9829,12.85
2026-02-06 15:00:00,farm,48,40,2026-02-04,2026-02-04 23:00:00,0.9424,0.9543,0.9844,13.08
2026-02-06 16:00:00,farm,24,17,2026-02-05,2026-02-05 23:00:00,0.9573,0.9705,0.9843,13.73
2026-02-06 16:00:00,farm,48,41,2026-02-04,2026-02-04 23:00:00,0.9498,0.9673,0.9843,12.45
2026-02-06 17:00:00,farm,24,18,2026-02-05,2026-02-05 23:00:00,0.964,0.9806,0.9859,14.87
2026-02-06 17:00:00,farm,48,42,2026-02-04,2026-02-04 23:00:00,0.9359,0.9576,0.9851,14.21
2026-02-06 18:00:00,farm,24,19,2026-02-05,2026-02-05 23:00:00,0.9731,0.9759,0.9854,16.0
2026-02-06 18:00:00,farm,48,43,2026-02-04,2026-02-04 23:00:00,0.9552,0.9641,0.9853,13.65
2026-02-06 19:00:00,farm,24,20,2026-02-05,2026-02-05 23:00:00,0.986,0.9956,0.9967,14.47
2026-02-06 19:00:00,farm,48,44,2026-02-04,2026-02-04 23:00:00,0.9667,0.9742,0.9863,13.85
2026-02-06 20:00:00,farm,24,21,2026-02-05,2026-02-05 23:00:00,0.9846,0.987,0.9894,14.15
2026-02-06 20:00:00,farm,48,45,2026-02-04,2026-02-04 23:00:00,0.9832,1.0,1.0,13.95
2026-02-06 21:00:00,farm,24,22,2026-02-05,2026-02-05 23:00:00,0.9619,0.963,0.9867,13.49
2026-02-06 21:00:00,farm,48,46,2026-02-04,2026-02-04 23:00:00,0.9856,0.9975,0.999,12.98
2026-02-06 22:00:00,farm,24,23,2026-02-05,2026-02-05 23:00:00,0.7898,0.8767,0.9887,11.46
2026-02-06 22:00:00,farm,48,47,2026-02-04,2026-02-04 23:00:00,0.975,0.9767,0.9871,11.87
2026-02-06 23:00:00,farm,24,24,2026-02-05,2026-02-05 23:00:00,0.4661,0.8736,0.9895,7.78
2026-02-06 23:00:00,farm,48,48,2026-02-04,2026-02-04 23:00:00,0.9623,0.9811,0.9873,11.95
2026-02-07 00:00:00,farm,24,1,2026-02-06,2026-02-06 23:00:00,0.2462,0.7236,0.9646,6.3
2026-02-07 00:00:00,farm,48,25,2026-02-05,2026-02-05 23:00:00,0.8878,0.9592,0.9863,10.69
2026-02-07 01:00:00,farm,24,2,2026-02-06,2026-02-06 23:00:00,0.1944,0.6282,0.9507,5.77
2026-02-07 01:00:00,farm,48,26,2026-02-05,2026-02-05 23:00:00,0.505,0.8628,0.989,10.34
2026-02-07 02:00:00,farm,24,3,2026-02-06,2026-02-06 23:00:00,0.1262,0.5528,0.8889,6.22
2026-02-07 02:00:00,farm,48,27,2026-02-05,2026-02-05 23:00:00,0.39,0.7276,0.9529,9.46
2026-02-07 03:00:00,farm,24,4,2026-02-06,2026-02-06 23:00:00,0.0667,0.3517,0.7678,6.06
2026-02-07 03:00:00,farm,48,28,2026-02-05,2026-02-05 23:00:00,0.1653,0.6323,0.942,8.13
2026-02-07 04:00:00,farm,24,5,2026-02-06,2026-02-06 23:00:00,0.0015,0.2741,0.6751,5.87
2026-02-07 04:00:00,farm,48,29,2026-02-05,2026-02-05 23:00:00,0.0475,0.4245,0.8665,7.49
2026-02-07 05:00:00,farm,24,6,2026-02-06,2026-02-06 23:00:00,0.0026,0.1556,0.5153,3.93
2026-02-07 05:00:00,farm,48,30,2026-02-05,2026-02-05 23:00:00,0.0062,0.3446,0.7514,5.41
2026-02-07 06:00:00,farm,24,7,2026-02-06,2026-02-06 23:00:00,0.0078,0.0444,0.1783,2.55
2026-02-07 06:00:00,farm,48,31,2026-02-05,2026-02-05 23:00:00,0.0,0.1581,0.4453,4.48
2026-02-07 07:00:00,farm,24,8,2026-02-06,2026-02-06 23:00:00,0.0083,0.0166,0.0585,0.91
2026-02-07 07:00:00,farm,48,32,2026-02-05,2026-02-05 23:00:00,0.0051,0.0613,0.2077,2.44
2026-02-07 08:00:00,farm,24,9,2026-02-06,2026-02-06 23:00:00,0.0084,0.011,0.0121,0.59
2026-02-07 08:00:00,farm,48,33,2026-02-05,2026-02-05 23:00:00,0.0073,0.0341,0.042,0.86
2026-02-07 09:00:00,farm,24,10,2026-02-06,2026-02-06 23:00:00,0.0082,0.036,0.1417,1.34
2026-02-07 09:00:00,farm,48,34,2026-02-05,2026-02-05 23:00:00,0.0072,0.0354,0.1772,1.97
2026-02-07 10:00:00,farm,24,11,2026-02-06,2026-02-06 23:00:00,0.0022,0.1159,0.4771,3.24
2026-02-07 10:00:00,farm,48,35,2026-02-05,2026-02-05 23:00:00,0.0025,0.0677,0.3089,1.95
2026-02-07 11:00:00,farm,24,12,2026-02-06,2026-02-06 23:00:00,0.0043,0.2749,0.7529,5.59
2026-02-07 11:00:00,farm,48,36,2026-02-05,2026-02-05 23:00:00,0.0,0.1335,0.5894,3.48
2026-02-07 12:00:00,farm,24,13,2026-02-06,2026-02-06 23:00:00,0.0302,0.4159,0.8003,6.16
2026-02-07 12:00:00,farm,48,37,2026-02-05,2026-02-05 23:00:00,0.0035,0.1923,0.6622,4.51
2026-02-07 13:00:00,farm,24,14,2026-02-06,2026-02-06 23:00:00,0.0023,0.4039,0.7634,6.09
2026-02-07 13:00:00,farm,48,38,2026-02-05,2026-02-05 23:00:00,0.0,0.2811,0.6607,5.15
2026-02-07 14:00:00,farm,24,15,2026-02-06,2026-02-06 23:00:00,0.0043,0.2198,0.5648,5.2
2026-02-07 14:00:00,farm,48,39,2026-02-05,2026-02-05 23:00:00,0.0,0.2924,0.5831,5.02
2026-02-07 15:00:00,farm,24,16,2026-02-06,2026-02-06 23:00:00,0.0048,0.1422,0.3269,3.68
2026-02-07 15:00:00,farm,48,40,2026-02-05,2026-02-05 23:00:00,0.0,0.1567,0.4041,4.28
2026-02-07 16:00:00,farm,24,17,2026-02-06,2026-02-06 23:00:00,0.0072,0.0582,0.1591,2.33
2026-02-07 16:00:00,farm,48,41,2026-02-05,2026-02-05 23:00:00,0.0007,0.1167,0.3203,3.37
2026-02-07 17:00:00,farm,24,18,2026-02-06,2026-02-06 23:00:00,0.006,0.0881,0.1914,0.61
2026-02-07 17:00:00,farm,48,42,2026-02-05,2026-02-05 23:00:00,0.0058,0.0539,0.1776,1.52
2026-02-07 18:00:00,farm,24,19,2026-02-06,2026-02-06 23:00:00,0.0055,0.1705,0.4119,5.11
2026-02-07 18:00:00,farm,48,43,2026-02-05,2026-02-05 23:00:00,0.0,0.1548,0.3201,4.43
2026-02-07 19:00:00,farm,24,20,2026-02-06,2026-02-06 23:00:00,0.0881,0.3417,0.7808,7.59
2026-02-07 19:00:00,farm,48,44,2026-02-05,2026-02-05 23:00:00,0.0,0.2601,0.6408,7.1
2026-02-07 20:00:00,farm,24,21,2026-02-06,2026-02-06 23:00:00,0.1706,0.5514,0.9283,8.94
2026-02-07 20:00:00,farm,48,45,2026-02-05,2026-02-05 23:00:00,0.0957,0.4114,0.924,7.22
2026-02-07 21:00:00,farm,24,22,2026-02-06,2026-02-06 23:00:00,0.2812,0.7306,0.9809,10.17
2026-02-07 21:00:00,farm,48,46,2026-02-05,2026-02-05 23:00:00,0.1333,0.5822,0.983,7.49
2026-02-07 22:00:00,farm,24,23,2026-02-06,2026-02-06 23:00:00,0.5482,0.8672,0.9785,10.57
2026-02-07 22:00:00,farm,48,47,2026-02-05,2026-02-05 23:00:00,0.1882,0.6064,0.9783,8.92
2026-02-07 23:00:00,farm,24,24,2026-02-06,2026-02-06 23:00:00,0.8383,0.9618,0.9849,11.06
2026-02-07 23:00:00,farm,48,48,2026-02-05,2026-02-05 23:00:00,0.3029,0.7008,0.9984,9.49
2026-02-08 00:00:00,farm,24,1,2026-02-07,2026-02-07 23:00:00,0.8332,0.9709,0.9858,11.59
2026-02-08 00:00:00,farm,48,25,2026-02-06,2026-02-06 23:00:00,0.308,0.7523,0.9596,10.32
2026-02-08 01:00:00,farm,24,2,2026-02-07,2026-02-07 23:00:00,0.7837,0.9631,0.9866,11.43
2026-02-08 01:00:00,farm,48,26,2026-02-06,2026-02-06 23:00:00,0.4457,0.791,0.982,9.3
2026-02-08 02:00:00,farm,24,3,2026-02-07,2026-02-07 23:00:00,0.6878,0.9048,0.9874,10.59
2026-02-08 02:00:00,farm,48,27,2026-02-06,2026-02-06 23:00:00,0.4697,0.8231,0.9766,9.67
2026-02-08 03:00:00,farm,24,4,2026-02-07,2026-02-07 23:00:00,0.4986,0.8667,0.9809,9.55
2026-02-08 03:00:00,farm,48,28,2026-02-06,2026-02-06 23:00:00,0.4468,0.8502,0.9822,9.73
2026-02-08 04:00:00,farm,24,5,2026-02-07,2026-02-07 23:00:00,0.3353,0.7271,0.9873,8.39
2026-02-08 04:00:00,farm,48,29,2026-02-06,2026-02-06 23:00:00,0.3845,0.7313,0.9926,9.04
2026-02-08 05:00:00,farm,24,6,2026-02-07,2026-02-07 23:00:00,0.2604,0.6112,0.9638,7.97
2026-02-08 05:00:00,farm,48,30,2026-02-06,2026-02-06 23:00:00,0.2038,0.6361,0.9642,7.29
2026-02-08 06:00:00,farm,24,7,2026-02-07,2026-02-07 23:00:00,0.1902,0.5872,0.948,7.62
2026-02-08 06:00:00,farm,48,31,2026-02-06,2026-02-06 23:00:00,0.131,0.5901,0.9329,6.88
2026-02-08 07:00:00,farm,24,8,2026-02-07,2026-02-07 23:00:00,0.0825,0.4248,0.8238,6.74
2026-02-08 07:00:00,farm,48,32,2026-02-06,2026-02-06 23:00:00,0.0509,0.4232,0.8764,6.31
2026-02-08 08:00:00,farm,24,9,2026-02-07,2026-02-07 23:00:00,0.002,0.3453,0.7203,5.02
2026-02-08 08:00:00,farm,48,33,2026-02-06,2026-02-06 23:00:00,0.0124,0.3526,0.7793,5.89
2026-02-08 09:00:00,farm,24,10,2026-02-07,2026-02-07 23:00:00,0.003,0.1919,0.3877,3.43
2026-02-08 09:00:00,farm,48,34,2026-02-06,2026-02-06 23:00:00,0.0,0.2411,0.71,4.9
2026-02-08 10:00:00,farm,24,11,2026-02-07,2026-02-07 23:00:00,0.0059,0.127,0.2691,2.58
2026-02-08 10:00:00,farm,48,35,2026-02-06,2026-02-06 23:00:00,0.0016,0.1633,0.5103,3.5
2026-02-08 11:00:00,farm,24,12,2026-02-07,2026-02-07 23:00:00,0.007,0.0609,0.169,2.17
2026-02-08 11:00:00,farm,48,36,2026-02-06,2026-02-06 23:00:00,0.0059,0.0503,0.2043,1.93
2026-02-08 12:00:00,farm,24,13,2026-02-07,2026-02-07 23:00:00,0.0083,0.0273,0.0521,1.15
2026-02-08 12:00:00,farm,48,37,2026-02-06,2026-02-06 23:00:00,0.0071,0.0325,0.0886,0.97
2026-02-08 13:00:00,farm,24,14,2026-02-07,2026-02-07 23:00:00,0.0071,0.051,0.0668,0.71
2026-02-08 13:00:00,farm,48,38,2026-02-06,2026-02-06 23:00:00,0.0064,0.0447,0.0792,1.72
2026-02-08 14:00:00,farm,24,15,2026-02-07,2026-02-07 23:00:00,0.0087,0.1544,0.4272,2.93
2026-02-08 14:00:00,farm,48,39,2026-02-06,2026-02-06 23:00:00,0.0008,0.1859,0.4404,4.19
2026-02-08 15:00:00,farm,24,16,2026-02-07,2026-02-07 23:00:00,0.1406,0.5067,0.9452,5.91
2026-02-08 15:00:00,farm,48,40,2026-02-06,2026-02-06 23:00:00,0.0201,0.4636,0.7981,7.07
2026-02-08 16:00:00,farm,24,17,2026-02-07,2026-02-07 23:00:00,0.4584,0.881,0.991,8.55
2026-02-08 16:00:00,farm,48,41,2026-02-06,2026-02-06 23:00:00,0.5797,0.8564,0.9942,9.57
2026-02-08 17:00:00,farm,24,18,2026-02-07,2026-02-07 23:00:00,0.9593,0.9737,0.9855,10.71
2026-02-08 17:00:00,farm,48,42,2026-02-06,2026-02-06 23:00:00,0.9659,0.9806,0.988,10.25
2026-02-08 18:00:00,farm,24,19,2026-02-07,2026-02-07 23:00:00,0.9787,0.9798,0.9868,10.86
2026-02-08 18:00:00,farm,48,43,2026-02-06,2026-02-06 23:00:00,0.9699,0.9717,0.9859,10.89
2026-02-08 19:00:00,farm,24,20,2026-02-07,2026-02-07 23:00:00,0.918,0.919,0.9877,11.45
2026-02-08 19:00:00,farm,48,44,2026-02-06,2026-02-06 23:00:00,0.9728,0.9746,0.986,11.57
2026-02-08 20:00:00,farm,24,21,2026-02-07,2026-02-07 23:00:00,0.914,0.9151,0.988,11.79
2026-02-08 20:00:00,farm,48,45,2026-02-06,2026-02-06 23:00:00,0.9658,0.9676,0.9858,11.77
2026-02-08 21:00:00,farm,24,22,2026-02-07,2026-02-07 23:00:00,0.9541,0.9624,0.9857,11.99
2026-02-08 21:00:00,farm,48,46,2026-02-06,2026-02-06 23:00:00,0.9582,0.9602,0.9862,11.71
2026-02-08 22:00:00,farm,24,23,2026-02-07,2026-02-07 23:00:00,0.9513,0.9592,0.9856,12.4
2026-02-08 22:00:00,farm,48,47,2026-02-06,2026-02-06 23:00:00,0.953,0.9571,0.9865,12.04
2026-02-08 23:00:00,farm,24,24,2026-02-07,2026-02-07 23:00:00,0.9296,0.9613,0.9855,12.27
2026-02-08 23:00:00,farm,48,48,2026-02-06,2026-02-06 23:00:00,0.9223,0.9566,0.9866,12.43
2026-02-09 00:00:00,farm,24,1,2026-02-08,2026-02-08 23:00:00,0.9238,0.9654,0.9853,11.87
2026-02-09 00:00:00,farm,48,25,2026-02-07,2026-02-07 23:00:00,0.8841,0.9455,0.987,12.16
2026-02-09 01:00:00,farm,24,2,2026-02-08,2026-02-08 23:00:00,0.8973,0.9632,0.9854,12.09
2026-02-09 01:00:00,farm,48,26,2026-02-07,2026-02-07 23:00:00,0.9085,0.957,0.9865,12.07
2026-02-09 02:00:00,farm,24,3,2026-02-08,2026-02-08 23:00:00,0.8683,0.9386,0.9866,11.92
2026-02-09 02:00:00,farm,48,27,2026-02-07,2026-02-07 23:00:00,0.8425,0.9463,0.9874,12.1
2026-02-09 03:00:00,farm,24,4,2026-02-08,2026-02-08 23:00:00,0.8734,0.9383,0.9867,12.22
2026-02-09 03:00:00,farm,48,28,2026-02-07,2026-02-07 23:00:00,0.8792,0.9291,0.989,11.74
2026-02-09 04:00:00,farm,24,5,2026-02-08,2026-02-08 23:00:00,0.8723,0.953,0.9857,11.63
2026-02-09 04:00:00,farm,48,29,2026-02-07,2026-02-07 23:00:00,0.8644,0.9133,0.9903,12.02
2026-02-09 05:00:00,farm,24,6,2026-02-08,2026-02-08 23:00:00,0.8793,0.9066,0.988,10.62
2026-02-09 05:00:00,farm,48,30,2026-02-07,2026-02-07 23:00:00,0.8775,0.9175,0.99,11.14
2026-02-09 06:00:00,farm,24,7,2026-02-08,2026-02-08 23:00:00,0.8558,0.8568,0.9913,9.93
2026-02-09 06:00:00,farm,48,31,2026-02-07,2026-02-07 23:00:00,0.8764,0.9152,0.99,10.78
2026-02-09 07:00:00,farm,24,8,2026-02-08,2026-02-08 23:00:00,0.8557,0.8568,0.9904,9.86
2026-02-09 07:00:00,farm,48,32,2026-02-07,2026-02-07 23:00:00,0.8543,0.864,0.994,10.32
2026-02-09 08:00:00,farm,24,9,2026-02-08,2026-02-08 23:00:00,0.7784,0.8774,0.9891,9.63
2026-02-09 08:00:00,farm,48,33,2026-02-07,2026-02-07 23:00:00,0.8667,0.8963,0.9918,10.01
2026-02-09 09:00:00,farm,24,10,2026-02-08,2026-02-08 23:00:00,0.7573,0.9015,0.9875,9.28
2026-02-09 09:00:00,farm,48,34,2026-02-07,2026-02-07 23:00:00,0.8497,0.9261,0.9884,10.08
2026-02-09 10:00:00,farm,24,11,2026-02-08,2026-02-08 23:00:00,0.7618,0.9286,0.9849,9.57
2026-02-09 10:00:00,farm,48,35,2026-02-07,2026-02-07 23:00:00,0.7086,0.9203,0.9867,9.1
2026-02-09 11:00:00,farm,24,12,2026-02-08,2026-02-08 23:00:00,0.8849,0.9516,0.9851,9.91
2026-02-09 11:00:00,farm,48,36,2026-02-07,2026-02-07 23:00:00,0.7345,0.942,0.9865,9.44
2026-02-09 12:00:00,farm,24,13,2026-02-08,2026-02-08 23:00:00,0.8673,0.9861,0.9899,10.11
2026-02-09 12:00:00,farm,48,37,2026-02-07,2026-02-07 23:00:00,0.6602,0.9602,0.99,9.62
2026-02-09 13:00:00,farm,24,14,2026-02-08,2026-02-08 23:00:00,0.6799,0.9793,0.9924,9.6
2026-02-09 13:00:00,farm,48,38,2026-02-07,2026-02-07 23:00:00,0.6157,0.9938,0.9952,9.22
2026-02-09 14:00:00,farm,24,15,2026-02-08,2026-02-08 23:00:00,0.7123,0.9719,0.9907,9.99
2026-02-09 14:00:00,farm,48,39,2026-02-07,2026-02-07 23:00:00,0.6566,0.9515,0.9954,9.69
2026-02-09 15:00:00,farm,24,16,2026-02-08,2026-02-08 23:00:00,0.5694,0.972,0.9907,9.19
2026-02-09 15:00:00,farm,48,40,2026-02-07,2026-02-07 23:00:00,0.7917,0.984,0.993,9.98
2026-02-09 16:00:00,farm,24,17,2026-02-08,2026-02-08 23:00:00,0.5719,0.9391,0.9914,9.33
2026-02-09 16:00:00,farm,48,41,2026-02-07,2026-02-07 23:00:00,0.7694,0.9547,0.9935,9.74
2026-02-09 17:00:00,farm,24,18,2026-02-08,2026-02-08 23:00:00,0.3927,0.8301,1.0,7.94
2026-02-09 17:00:00,farm,48,42,2026-02-07,2026-02-07 23:00:00,0.6942,0.9494,0.9944,9.99
2026-02-09 18:00:00,farm,24,19,2026-02-08,2026-02-08 23:00:00,0.2229,0.8172,1.0,6.78
2026-02-09 18:00:00,farm,48,43,2026-02-07,2026-02-07 23:00:00,0.2662,0.8132,1.0,9.0
2026-02-09 19:00:00,farm,24,20,2026-02-08,2026-02-08 23:00:00,0.0847,0.7303,0.9654,5.37
2026-02-09 19:00:00,farm,48,44,2026-02-07,2026-02-07 23:00:00,0.1656,0.7483,1.0,8.18
2026-02-09 20:00:00,farm,24,21,2026-02-08,2026-02-08 23:00:00,0.0028,0.6232,0.8348,3.8
2026-02-09 20:00:00,farm,48,45,2026-02-07,2026-02-07 23:00:00,0.0936,0.7095,1.0,6.5
2026-02-09 21:00:00,farm,24,22,2026-02-08,2026-02-08 23:00:00,0.0,0.5857,0.7882,2.43
2026-02-09 21:00:00,farm,48,46,2026-02-07,2026-02-07 23:00:00,0.0,0.5754,1.0,3.42
2026-02-09 22:00:00,farm,24,23,2026-02-08,2026-02-08 23:00:00,0.0,0.3601,0.6709,1.85
2026-02-09 22:00:00,farm,48,47,2026-02-07,2026-02-07 23:00:00,0.0,0.3642,0.7524,1.27
2026-02-09 23:00:00,farm,24,24,2026-02-08,2026-02-08 23:00:00,0.0,0.3647,0.6012,2.19
2026-02-09 23:00:00,farm,48,48,2026-02-07,2026-02-07 23:00:00,0.0,0.2725,0.4738,1.17
2026-02-10 00:00:00,farm,24,1,2026-02-09,2026-02-09 23:00:00,0.0,0.2494,0.4585,3.07
2026-02-10 00:00:00,farm,48,25,2026-02-08,2026-02-08 23:00:00,0.0,0.2973,0.5102,3.21
2026-02-10 01:00:00,farm,24,2,2026-02-09,2026-02-09 23:00:00,0.0,0.2401,0.4271,2.41
2026-02-10 01:00:00,farm,48,26,2026-02-08,2026-02-08 23:00:00,0.0,0.3475,0.5892,3.76
2026-02-10 02:00:00,farm,24,3,2026-02-09,2026-02-09 23:00:00,0.0001,0.1961,0.4267,2.2
2026-02-10 02:00:00,farm,48,27,2026-02-08,2026-02-08 23:00:00,0.0,0.3517,0.7212,3.86
2026-02-10 03:00:00,farm,24,4,2026-02-09,2026-02-09 23:00:00,0.0,0.1992,0.4738,2.17
2026-02-10 03:00:00,farm,48,28,2026-02-08,2026-02-08 23:00:00,0.0,0.3596,0.7543,4.22
2026-02-10 04:00:00,farm,24,5,2026-02-09,2026-02-09 23:00:00,0.0012,0.1735,0.533,3.04
2026-02-10 04:00:00,farm,48,29,2026-02-08,2026-02-08 23:00:00,0.0,0.304,0.7537,4.73
2026-02-10 05:00:00,farm,24,6,2026-02-09,2026-02-09 23:00:00,0.0,0.2681,0.6552,1.28
2026-02-10 05:00:00,farm,48,30,2026-02-08,2026-02-08 23:00:00,0.0,0.3656,0.6575,4.63
2026-02-10 06:00:00,farm,24,7,2026-02-09,2026-02-09 23:00:00,0.0031,0.1268,0.4563,3.69
2026-02-10 06:00:00,farm,48,31,2026-02-08,2026-02-08 23:00:00,0.0883,0.4182,0.9803,5.8
2026-02-10 07:00:00,farm,24,8,2026-02-09,2026-02-09 23:00:00,0.0611,0.5434,0.8807,4.52
2026-02-10 07:00:00,farm,48,32,2026-02-08,2026-02-08 23:00:00,0.0,0.3791,0.8119,3.41
2026-02-10 08:00:00,farm,24,9,2026-02-09,2026-02-09 23:00:00,0.0458,0.3917,0.837,5.61
2026-02-10 08:00:00,farm,48,33,2026-02-08,2026-02-08 23:00:00,0.0,0.238,0.7268,5.51
2026-02-10 09:00:00,farm,24,10,2026-02-09,2026-02-09 23:00:00,0.0349,0.4173,0.9324,4.64
2026-02-10 09:00:00,farm,48,34,2026-02-08,2026-02-08 23:00:00,0.0,0.2265,0.7576,3.15
2026-02-10 10:00:00,farm,24,11,2026-02-09,2026-02-09 23:00:00,0.0543,0.493,0.8552,5.33
2026-02-10 10:00:00,farm,48,35,2026-02-08,2026-02-08 23:00:00,0.0,0.2384,0.6513,5.06
2026-02-10 11:00:00,farm,24,12,2026-02-09,2026-02-09 23:00:00,0.0026,0.2845,0.6987,3.28
2026-02-10 11:00:00,farm,48,36,2026-02-08,2026-02-08 23:00:00,0.0,0.1811,0.5174,3.04
2026-02-10 12:00:00,farm,24,13,2026-02-09,2026-02-09 23:00:00,0.0002,0.333,0.6718,3.37
2026-02-10 12:00:00,farm,48,37,2026-02-08,2026-02-08 23:00:00,0.0,0.2936,0.6646,5.0
2026-02-10 13:00:00,farm,24,14,2026-02-09,2026-02-09 23:00:00,0.0,0.2875,0.5362,4.99
2026-02-10 13:00:00,farm,48,38,2026-02-08,2026-02-08 23:00:00,0.0026,0.2939,0.7325,7.39
2026-02-10 14:00:00,farm,24,15,2026-02-09,2026-02-09 23:00:00,0.0014,0.2532,0.4461,5.99
2026-02-10 14:00:00,farm,48,39,2026-02-08,2026-02-08 23:00:00,0.0118,0.4337,0.8712,4.92
2026-02-10 15:00:00,farm,24,16,2026-02-09,2026-02-09 23:00:00,0.0004,0.2292,0.4742,5.83
2026-02-10 15:00:00,farm,48,40,2026-02-08,2026-02-08 23:00:00,0.0037,0.3862,0.7829,5.01
2026-02-10 16:00:00,farm,24,17,2026-02-09,2026-02-09 23:00:00,0.0,0.2851,0.5185,5.91
2026-02-10 16:00:00,farm,48,41,2026-02-08,2026-02-08 23:00:00,0.0022,0.3637,0.7848,5.67
2026-02-10 17:00:00,farm,24,18,2026-02-09,2026-02-09 23:00:00,0.0,0.2322,0.4538,5.48
2026-02-10 17:00:00,farm,48,42,2026-02-08,2026-02-08 23:00:00,0.0,0.2495,0.6461,4.0
2026-02-10 18:00:00,farm,24,19,2026-02-09,2026-02-09 23:00:00,0.0018,0.1633,0.4011,3.93
2026-02-10 18:00:00,farm,48,43,2026-02-08,2026-02-08 23:00:00,0.0,0.221,0.5246,4.36
2026-02-10 19:00:00,farm,24,20,2026-02-09,2026-02-09 23:00:00,0.0,0.3625,0.5376,4.08
2026-02-10 19:00:00,farm,48,44,2026-02-08,2026-02-08 23:00:00,0.0,0.51,0.6051,2.86
2026-02-10 20:00:00,farm,24,21,2026-02-09,2026-02-09 23:00:00,0.059,0.4283,0.8381,7.16
2026-02-10 20:00:00,farm,48,45,2026-02-08,2026-02-08 23:00:00,0.0138,0.4218,0.9512,7.73
2026-02-10 21:00:00,farm,24,22,2026-02-09,2026-02-09 23:00:00,0.279,0.6282,0.9985,9.0
2026-02-10 21:00:00,farm,48,46,2026-02-08,2026-02-08 23:00:00,0.0385,0.5858,0.9996,7.9
2026-02-10 22:00:00,farm,24,23,2026-02-09,2026-02-09 23:00:00,0.7401,0.9529,0.9833,10.18
2026-02-10 22:00:00,farm,48,47,2026-02-08,2026-02-08 23:00:00,0.2222,0.7157,0.9591,8.79
2026-02-10 23:00:00,farm,24,24,2026-02-09,2026-02-09 23:00:00,0.8388,0.9595,0.9839,11.34
2026-02-10 23:00:00,farm,48,48,2026-02-08,2026-02-08 23:00:00,0.7298,0.933,0.9857,12.19
2026-02-11 00:00:00,farm,24,1,2026-02-10,2026-02-10 23:00:00,0.8637,0.9613,0.9829,11.97
2026-02-11 00:00:00,farm,48,25,2026-02-09,2026-02-09 23:00:00,0.8365,0.9334,0.9867,10.99
2026-02-11 01:00:00,farm,24,2,2026-02-10,2026-02-10 23:00:00,0.7115,0.924,0.985,10.69
2026-02-11 01:00:00,farm,48,26,2026-02-09,2026-02-09 23:00:00,0.5953,0.9429,0.9859,9.11
2026-02-11 02:00:00,farm,24,3,2026-02-10,2026-02-10 23:00:00,0.4812,0.905,0.9842,8.57
2026-02-11 02:00:00,farm,48,27,2026-02-09,2026-02-09 23:00:00,0.4116,0.8891,0.989,8.08
2026-02-11 03:00:00,farm,24,4,2026-02-10,2026-02-10 23:00:00,0.3646,0.8499,0.9876,7.12
2026-02-11 03:00:00,farm,48,28,2026-02-09,2026-02-09 23:00:00,0.2658,0.7831,0.9929,6.55
2026-02-11 04:00:00,farm,24,5,2026-02-10,2026-02-10 23:00:00,0.2225,0.7572,0.9613,4.85
2026-02-11 04:00:00,farm,48,29,2026-02-09,2026-02-09 23:00:00,0.1625,0.7822,0.9754,3.15
2026-02-11 05:00:00,farm,24,6,2026-02-10,2026-02-10 23:00:00,0.1203,0.4844,0.8302,4.09
2026-02-11 05:00:00,farm,48,30,2026-02-09,2026-02-09 23:00:00,0.0251,0.403,0.9367,3.78
2026-02-11 06:00:00,farm,24,7,2026-02-10,2026-02-10 23:00:00,0.0082,0.1017,0.3678,2.27
2026-02-11 06:00:00,farm,48,31,2026-02-09,2026-02-09 23:00:00,0.0,0.2044,0.4602,2.3
2026-02-11 07:00:00,farm,24,8,2026-02-10,2026-02-10 23:00:00,0.0057,0.0869,0.2592,2.44
2026-02-11 07:00:00,farm,48,32,2026-02-09,2026-02-09 23:00:00,0.0029,0.0855,0.2102,2.11
2026-02-11 08:00:00,farm,24,9,2026-02-10,2026-02-10 23:00:00,0.004,0.1133,0.3878,4.85
2026-02-11 08:00:00,farm,48,33,2026-02-09,2026-02-09 23:00:00,0.0024,0.0913,0.2702,1.19
2026-02-11 09:00:00,farm,24,10,2026-02-10,2026-02-10 23:00:00,0.0025,0.1431,0.4038,3.22
2026-02-11 09:00:00,farm,48,34,2026-02-09,2026-02-09 23:00:00,0.0025,0.0908,0.2681,4.12
2026-02-11 10:00:00,farm,24,11,2026-02-10,2026-02-10 23:00:00,0.0023,0.1674,0.5663,1.97
2026-02-11 10:00:00,farm,48,35,2026-02-09,2026-02-09 23:00:00,0.0,0.2169,0.4353,2.17
2026-02-11 11:00:00,farm,24,12,2026-02-10,2026-02-10 23:00:00,0.0541,0.3951,0.8088,3.0
2026-02-11 11:00:00,farm,48,36,2026-02-09,2026-02-09 23:00:00,0.0858,0.4947,0.8946,4.37
2026-02-11 12:00:00,farm,24,13,2026-02-10,2026-02-10 23:00:00,0.0125,0.3366,0.8833,2.82
2026-02-11 12:00:00,farm,48,37,2026-02-09,2026-02-09 23:00:00,0.0241,0.464,0.943,4.13
2026-02-11 13:00:00,farm,24,14,2026-02-10,2026-02-10 23:00:00,0.0,0.3359,0.7887,2.3
2026-02-11 13:00:00,farm,48,38,2026-02-09,2026-02-09 23:00:00,0.0,0.4609,0.957,1.2
2026-02-11 14:00:00,farm,24,15,2026-02-10,2026-02-10 23:00:00,0.0,0.32,0.7921,6.87
2026-02-11 14:00:00,farm,48,39,2026-02-09,2026-02-09 23:00:00,0.0,0.3514,0.9359,7.67
2026-02-11 15:00:00,farm,24,16,2026-02-10,2026-02-10 23:00:00,0.0266,0.4761,0.8645,10.2
2026-02-11 15:00:00,farm,48,40,2026-02-09,2026-02-09 23:00:00,0.1291,0.4929,0.9701,12.22
2026-02-11 16:00:00,farm,24,17,2026-02-10,2026-02-10 23:00:00,0.1907,0.6312,1.0,12.33
2026-02-11 16:00:00,farm,48,41,2026-02-09,2026-02-09 23:00:00,0.1728,0.8036,1.0,12.7
2026-02-11 17:00:00,farm,24,18,2026-02-10,2026-02-10 23:00:00,0.297,0.8668,0.9946,11.65
2026-02-11 17:00:00,farm,48,42,2026-02-09,2026-02-09 23:00:00,0.735,0.949,0.9842,13.19
2026-02-11 18:00:00,farm,24,19,2026-02-10,2026-02-10 23:00:00,0.6553,0.9296,0.9877,10.87
2026-02-11 18:00:00,farm,48,43,2026-02-09,2026-02-09 23:00:00,0.6382,0.8932,0.9911,11.94
2026-02-11 19:00:00,farm,24,20,2026-02-10,2026-02-10 23:00:00,0.5989,0.9358,0.9853,10.26
2026-02-11 19:00:00,farm,48,44,2026-02-09,2026-02-09 23:00:00,0.8566,0.9577,0.9869,12.01
2026-02-11 20:00:00,farm,24,21,2026-02-10,2026-02-10 23:00:00,0.4838,0.9449,0.9856,9.28
2026-02-11 20:00:00,farm,48,45,2026-02-09,2026-02-09 23:00:00,0.8405,0.9377,0.9892,10.9
2026-02-11 21:00:00,farm,24,22,2026-02-10,2026-02-10 23:00:00,0.4968,0.9102,0.9906,9.02
2026-02-11 21:00:00,farm,48,46,2026-02-09,2026-02-09 23:00:00,0.6113,0.9313,0.9893,9.68
2026-02-11 22:00:00,farm,24,23,2026-02-10,2026-02-10 23:00:00,0.4656,0.8673,0.9889,9.42
2026-02-11 22:00:00,farm,48,47,2026-02-09,2026-02-09 23:00:00,0.4944,0.8893,0.9941,8.57
2026-02-11 23:00:00,farm,24,24,2026-02-10,2026-02-10 23:00:00,0.1707,0.7029,0.9754,7.11
2026-02-11 23:00:00,farm,48,48,2026-02-09,2026-02-09 23:00:00,0.4085,0.8149,0.9987,9.36
2026-02-12 00:00:00,farm,24,1,2026-02-11,2026-02-11 23:00:00,0.1257,0.6187,0.9721,6.78
2026-02-12 00:00:00,farm,48,25,2026-02-10,2026-02-10 23:00:00,0.3286,0.7844,1.0,8.13
2026-02-12 01:00:00,farm,24,2,2026-02-11,2026-02-11 23:00:00,0.1377,0.6691,1.0,7.0
2026-02-12 01:00:00,farm,48,26,2026-02-10,2026-02-10 23:00:00,0.2513,0.7323,1.0,7.36
2026-02-12 02:00:00,farm,24,3,2026-02-11,2026-02-11 23:00:00,0.126,0.6852,1.0,7.2
2026-02-12 02:00:00,farm,48,27,2026-02-10,2026-02-10 23:00:00,0.228,0.6934,1.0,7.56
2026-02-12 03:00:00,farm,24,4,2026-02-11,2026-02-11 23:00:00,0.1023,0.6293,0.9702,6.49
2026-02-12 03:00:00,farm,48,28,2026-02-10,2026-02-10 23:00:00,0.0961,0.6094,1.0,6.31
2026-02-12 04:00:00,farm,24,5,2026-02-11,2026-02-11 23:00:00,0.0129,0.3931,0.7947,6.15
2026-02-12 04:00:00,farm,48,29,2026-02-10,2026-02-10 23:00:00,0.0812,0.5801,0.9721,6.54
2026-02-12 05:00:00,farm,24,6,2026-02-11,2026-02-11 23:00:00,0.0,0.2113,0.472,4.84
2026-02-12 05:00:00,farm,48,30,2026-02-10,2026-02-10 23:00:00,0.0694,0.4687,0.929,6.71
2026-02-12 06:00:00,farm,24,7,2026-02-11,2026-02-11 23:00:00,0.0039,0.1561,0.3247,2.82
2026-02-12 06:00:00,farm,48,31,2026-02-10,2026-02-10 23:00:00,0.0012,0.3163,0.7816,5.46
2026-02-12 07:00:00,farm,24,8,2026-02-11,2026-02-11 23:00:00,0.0067,0.0615,0.1272,2.37
2026-02-12 07:00:00,farm,48,32,2026-02-10,2026-02-10 23:00:00,0.0,0.2146,0.67,3.61
2026-02-12 08:00:00,farm,24,9,2026-02-11,2026-02-11 23:00:00,0.0078,0.0385,0.0851,2.1
2026-02-12 08:00:00,farm,48,33,2026-02-10,2026-02-10 23:00:00,0.0004,0.1149,0.3701,1.96
2026-02-12 09:00:00,farm,24,10,2026-02-11,2026-02-11 23:00:00,0.0079,0.0346,0.0608,1.99
2026-02-12 09:00:00,farm,48,34,2026-02-10,2026-02-10 23:00:00,0.0049,0.058,0.245,1.9
2026-02-12 10:00:00,farm,24,11,2026-02-11,2026-02-11 23:00:00,0.0082,0.0247,0.0272,2.8
2026-02-12 10:00:00,farm,48,35,2026-02-10,2026-02-10 23:00:00,0.0054,0.0504,0.2266,1.5
2026-02-12 11:00:00,farm,24,12,2026-02-11,2026-02-11 23:00:00,0.0071,0.0529,0.2103,1.87
2026-02-12 11:00:00,farm,48,36,2026-02-10,2026-02-10 23:00:00,0.0061,0.0415,0.1083,2.62
2026-02-12 12:00:00,farm,24,13,2026-02-11,2026-02-11 23:00:00,0.0042,0.094,0.3283,2.76
2026-02-12 12:00:00,farm,48,37,2026-02-10,2026-02-10 23:00:00,0.006,0.0468,0.1022,1.53
2026-02-12 13:00:00,farm,24,14,2026-02-11,2026-02-11 23:00:00,0.0026,0.1257,0.35,2.79
2026-02-12 13:00:00,farm,48,38,2026-02-10,2026-02-10 23:00:00,0.0044,0.0662,0.0929,1.22
2026-02-12 14:00:00,farm,24,15,2026-02-11,2026-02-11 23:00:00,0.0031,0.1388,0.3481,2.07
2026-02-12 14:00:00,farm,48,39,2026-02-10,2026-02-10 23:00:00,0.0053,0.0591,0.1095,1.7
2026-02-12 15:00:00,farm,24,16,2026-02-11,2026-02-11 23:00:00,0.0057,0.095,0.3036,1.35
2026-02-12 15:00:00,farm,48,40,2026-02-10,2026-02-10 23:00:00,0.0039,0.0776,0.1315,2.4
2026-02-12 16:00:00,farm,24,17,2026-02-11,2026-02-11 23:00:00,0.004,0.1353,0.3352,1.79
2026-02-12 16:00:00,farm,48,41,2026-02-10,2026-02-10 23:00:00,0.0,0.1285,0.2656,3.0
2026-02-12 17:00:00,farm,24,18,2026-02-11,2026-02-11 23:00:00,0.0035,0.1425,0.2497,4.36
2026-02-12 17:00:00,farm,48,42,2026-02-10,2026-02-10 23:00:00,0.0,0.16,0.3966,5.38
2026-02-12 18:00:00,farm,24,19,2026-02-11,2026-02-11 23:00:00,0.0022,0.1814,0.3492,3.65
2026-02-12 18:00:00,farm,48,43,2026-02-10,2026-02-10 23:00:00,0.0,0.1854,0.512,5.35
2026-02-12 19:00:00,farm,24,20,2026-02-11,2026-02-11 23:00:00,0.0036,0.2073,0.5847,4.0
2026-02-12 19:00:00,farm,48,44,2026-02-10,2026-02-10 23:00:00,0.0,0.2313,0.5756,4.95
2026-02-12 20:00:00,farm,24,21,2026-02-11,2026-02-11 23:00:00,0.0037,0.1433,0.3579,3.3
2026-02-12 20:00:00,farm,48,45,2026-02-10,2026-02-10 23:00:00,0.0,0.2912,0.601,3.56
2026-02-12 21:00:00,farm,24,22,2026-02-11,2026-02-11 23:00:00,0.0042,0.1227,0.3246,4.0
2026-02-12 21:00:00,farm,48,46,2026-02-10,2026-02-10 23:00:00,0.0,0.2763,0.639,3.36
2026-02-12 22:00:00,farm,24,23,2026-02-11,2026-02-11 23:00:00,0.0053,0.0942,0.2347,1.96
2026-02-12 22:00:00,farm,48,47,2026-02-10,2026-02-10 23:00:00,0.0,0.2383,0.5383,1.92
2026-02-12 23:00:00,farm,24,24,2026-02-11,2026-02-11 23:00:00,0.0074,0.0479,0.1119,1.87
2026-02-12 23:00:00,farm,48,48,2026-02-10,2026-02-10 23:00:00,0.0015,0.1284,0.3593,1.92
2026-02-13 00:00:00,farm,24,1,2026-02-12,2026-02-12 23:00:00,0.0077,0.0389,0.0662,2.17
2026-02-13 00:00:00,farm,48,25,2026-02-11,2026-02-11 23:00:00,0.0017,0.0985,0.3114,2.44
2026-02-13 01:00:00,farm,24,2,2026-02-12,2026-02-12 23:00:00,0.0078,0.0345,0.0406,2.5
2026-02-13 01:00:00,farm,48,26,2026-02-11,2026-02-11 23:00:00,0.0046,0.0646,0.2596,2.78
2026-02-13 02:00:00,farm,24,3,2026-02-12,2026-02-12 23:00:00,0.0079,0.0346,0.0401,0.72
2026-02-13 02:00:00,farm,48,27,2026-02-11,2026-02-11 23:00:00,0.0067,0.0393,0.199,2.3
2026-02-13 03:00:00,farm,24,4,2026-02-12,2026-02-12 23:00:00,0.0077,0.0379,0.0486,1.09
2026-02-13 03:00:00,farm,48,28,2026-02-11,2026-02-11 23:00:00,0.0057,0.0491,0.152,1.59
2026-02-13 04:00:00,farm,24,5,2026-02-12,2026-02-12 23:00:00,0.0077,0.0362,0.0523,1.31
2026-02-13 04:00:00,farm,48,29,2026-02-11,2026-02-11 23:00:00,0.0073,0.0313,0.1383,0.87
2026-02-13 05:00:00,farm,24,6,2026-02-12,2026-02-12 23:00:00,0.0076,0.0415,0.1114,1.46
2026-02-13 05:00:00,farm,48,30,2026-02-11,2026-02-11 23:00:00,0.0073,0.0326,0.1449,2.55
2026-02-13 06:00:00,farm,24,7,2026-02-12,2026-02-12 23:00:00,0.0075,0.0434,0.0602,2.52
2026-02-13 06:00:00,farm,48,31,2026-02-11,2026-02-11 23:00:00,0.0069,0.0374,0.1248,2.47
2026-02-13 07:00:00,farm,24,8,2026-02-12,2026-02-12 23:00:00,0.0081,0.0317,0.0835,1.28
2026-02-13 07:00:00,farm,48,32,2026-02-11,2026-02-11 23:00:00,0.0074,0.0307,0.111,1.83
2026-02-13 08:00:00,farm,24,9,2026-02-12,2026-02-12 23:00:00,0.0081,0.0275,0.0555,0.83
2026-02-13 08:00:00,farm,48,33,2026-02-11,2026-02-11 23:00:00,0.0054,0.0542,0.0822,2.19
2026-02-13 09:00:00,farm,24,10,2026-02-12,2026-02-12 23:00:00,0.0081,0.0291,0.0627,1.2
2026-02-13 09:00:00,farm,48,34,2026-02-11,2026-02-11 23:00:00,0.0067,0.0403,0.121,2.89
2026-02-13 10:00:00,farm,24,11,2026-02-12,2026-02-12 23:00:00,0.0077,0.0215,0.0743,1.75
2026-02-13 10:00:00,farm,48,35,2026-02-11,2026-02-11 23:00:00,0.0067,0.0402,0.115,2.02
2026-02-13 11:00:00,farm,24,12,2026-02-12,2026-02-12 23:00:00,0.0081,0.0281,0.1058,1.5
2026-02-13 11:00:00,farm,48,36,2026-02-11,2026-02-11 23:00:00,0.0066,0.0397,0.078,2.48
2026-02-13 12:00:00,farm,24,13,2026-02-12,2026-02-12 23:00:00,0.0077,0.0355,0.0923,1.9
2026-02-13 12:00:00,farm,48,37,2026-02-11,2026-02-11 23:00:00,0.0064,0.0409,0.097,1.1
2026-02-13 13:00:00,farm,24,14,2026-02-12,2026-02-12 23:00:00,0.0071,0.0499,0.1109,3.41
2026-02-13 13:00:00,farm,48,38,2026-02-11,2026-02-11 23:00:00,0.0065,0.0412,0.0923,1.95
2026-02-13 14:00:00,farm,24,15,2026-02-12,2026-02-12 23:00:00,0.0065,0.0647,0.12,3.22
2026-02-13 14:00:00,farm,48,39,2026-02-11,2026-02-11 23:00:00,0.0068,0.04,0.059,1.95
2026-02-13 15:00:00,farm,24,16,2026-02-12,2026-02-12 23:00:00,0.0065,0.0626,0.0757,2.92
2026-02-13 15:00:00,farm,48,40,2026-02-11,2026-02-11 23:00:00,0.0062,0.045,0.0795,1.24
2026-02-13 16:00:00,farm,24,17,2026-02-12,2026-02-12 23:00:00,0.0069,0.0553,0.1547,2.98
2026-02-13 16:00:00,farm,48,41,2026-02-11,2026-02-11 23:00:00,0.005,0.0579,0.124,2.28
2026-02-13 17:00:00,farm,24,18,2026-02-12,2026-02-12 23:00:00,0.0057,0.0828,0.1316,2.12
2026-02-13 17:00:00,farm,48,42,2026-02-11,2026-02-11 23:00:00,0.0032,0.0791,0.2054,4.15
2026-02-13 18:00:00,farm,24,19,2026-02-12,2026-02-12 23:00:00,0.005,0.1,0.1828,2.84
2026-02-13 18:00:00,farm,48,43,2026-02-11,2026-02-11 23:00:00,0.0025,0.0928,0.2554,5.03
2026-02-13 19:00:00,farm,24,20,2026-02-12,2026-02-12 23:00:00,0.0001,0.205,0.3396,4.44
2026-02-13 19:00:00,farm,48,44,2026-02-11,2026-02-11 23:00:00,0.0006,0.1202,0.2606,5.15
2026-02-13 20:00:00,farm,24,21,2026-02-12,2026-02-12 23:00:00,0.004,0.3002,0.6265,5.98
2026-02-13 20:00:00,farm,48,45,2026-02-11,2026-02-11 23:00:00,0.0,0.1436,0.3597,5.87
2026-02-13 21:00:00,farm,24,22,2026-02-12,2026-02-12 23:00:00,0.0896,0.4135,0.8417,7.61
2026-02-13 21:00:00,farm,48,46,2026-02-11,2026-02-11 23:00:00,0.0,0.2581,0.4993,6.04
2026-02-13 22:00:00,farm,24,23,2026-02-12,2026-02-12 23:00:00,0.2433,0.6095,0.9588,8.02
2026-02-13 22:00:00,farm,48,47,2026-02-11,2026-02-11 23:00:00,0.0005,0.3005,0.7594,6.54
2026-02-13 23:00:00,farm,24,24,2026-02-12,2026-02-12 23:00:00,0.2937,0.6205,0.9796,7.38
2026-02-13 23:00:00,farm,48,48,2026-02-11,2026-02-11 23:00:00,0.1489,0.5271,0.9774,6.64
2026-02-14 00:00:00,farm,24,1,2026-02-13,2026-02-13 23:00:00,0.291,0.6617,0.9765,7.34
2026-02-14 00:00:00,farm,48,25,2026-02-12,2026-02-12 23:00:00,0.2723,0.6664,1.0,7.22
2026-02-14 01:00:00,farm,24,2,2026-02-13,2026-02-13 23:00:00,0.3554,0.701,0.9777,7.54
2026-02-14 01:00:00,farm,48,26,2026-02-12,2026-02-12 23:00:00,0.2917,0.636,0.9987,6.99
2026-02-14 02:00:00,farm,24,3,2026-02-13,2026-02-13 23:00:00,0.3558,0.6623,0.9907,7.39
2026-02-14 02:00:00,farm,48,27,2026-02-12,2026-02-12 23:00:00,0.24,0.6359,0.9802,6.75
2026-02-14 03:00:00,farm,24,4,2026-02-13,2026-02-13 23:00:00,0.3615,0.6762,0.9927,7.48
2026-02-14 03:00:00,farm,48,28,2026-02-12,2026-02-12 23:00:00,0.2084,0.6027,0.9867,6.29
2026-02-14 04:00:00,farm,24,5,2026-02-13,2026-02-13 23:00:00,0.3328,0.6139,0.9874,7.15
2026-02-14 04:00:00,farm,48,29,2026-02-12,2026-02-12 23:00:00,0.1506,0.6512,0.9668,4.96
2026-02-14 05:00:00,farm,24,6,2026-02-13,2026-02-13 23:00:00,0.0588,0.3604,0.7922,6.74
2026-02-14 05:00:00,farm,48,30,2026-02-12,2026-02-12 23:00:00,0.1012,0.5405,0.9102,3.96
2026-02-14 06:00:00,farm,24,7,2026-02-13,2026-02-13 23:00:00,0.0193,0.209,0.6985,5.8
2026-02-14 06:00:00,farm,48,31,2026-02-12,2026-02-12 23:00:00,0.005,0.3749,0.8374,1.86
2026-02-14 07:00:00,farm,24,8,2026-02-13,2026-02-13 23:00:00,0.002,0.2202,0.6158,3.75
2026-02-14 07:00:00,farm,48,32,2026-02-12,2026-02-12 23:00:00,0.0,0.2455,0.6661,1.71
2026-02-14 08:00:00,farm,24,9,2026-02-13,2026-02-13 23:00:00,0.0044,0.1003,0.5321,3.78
2026-02-14 08:00:00,farm,48,33,2026-02-12,2026-02-12 23:00:00,0.0,0.2162,0.559,2.27
2026-02-14 09:00:00,farm,24,10,2026-02-13,2026-02-13 23:00:00,0.007,0.0688,0.3246,2.82
2026-02-14 09:00:00,farm,48,34,2026-02-12,2026-02-12 23:00:00,0.0,0.2905,0.6665,1.25
2026-02-14 10:00:00,farm,24,11,2026-02-13,2026-02-13 23:00:00,0.0061,0.0285,0.3077,1.63
2026-02-14 10:00:00,farm,48,35,2026-02-12,2026-02-12 23:00:00,0.0,0.2092,0.6339,0.67
2026-02-14 11:00:00,farm,24,12,2026-02-13,2026-02-13 23:00:00,0.0034,0.0845,0.3677,1.98
2026-02-14 11:00:00,farm,48,36,2026-02-12,2026-02-12 23:00:00,0.0,0.1635,0.6299,1.18
2026-02-14 12:00:00,farm,24,13,2026-02-13,2026-02-13 23:00:00,0.0062,0.0449,0.2608,1.46
2026-02-14 12:00:00,farm,48,37,2026-02-12,2026-02-12 23:00:00,0.0,0.1819,0.4859,1.56
2026-02-14 13:00:00,farm,24,14,2026-02-13,2026-02-13 23:00:00,0.0052,0.068,0.1761,1.38
2026-02-14 13:00:00,farm,48,38,2026-02-12,2026-02-12 23:00:00,0.0,0.2052,0.6157,3.1
2026-02-14 14:00:00,farm,24,15,2026-02-13,2026-02-13 23:00:00,0.0055,0.09,0.1225,3.15
2026-02-14 14:00:00,farm,48,39,2026-02-12,2026-02-12 23:00:00,0.0,0.2038,0.5575,3.77
2026-02-14 15:00:00,farm,24,16,2026-02-13,2026-02-13 23:00:00,0.0043,0.1182,0.1955,0.89
2026-02-14 15:00:00,farm,48,40,2026-02-12,2026-02-12 23:00:00,0.0,0.1963,0.4972,3.28
2026-02-14 16:00:00,farm,24,17,2026-02-13,2026-02-13 23:00:00,0.0074,0.0504,0.1061,0.97
2026-02-14 16:00:00,farm,48,41,2026-02-12,2026-02-12 23:00:00,0.0,0.2804,0.621,3.55
2026-02-14 17:00:00,farm,24,18,2026-02-13,2026-02-13 23:00:00,0.0074,0.0494,0.1222,0.57
2026-02-14 17:00:00,farm,48,42,2026-02-12,2026-02-12 23:00:00,0.0081,0.2865,0.6667,5.27
2026-02-14 18:00:00,farm,24,19,2026-02-13,2026-02-13 23:00:00,0.0069,0.0542,0.0862,0.38
2026-02-14 18:00:00,farm,48,43,2026-02-12,2026-02-12 23:00:00,0.0034,0.3002,0.7162,5.19
2026-02-14 19:00:00,farm,24,20,2026-02-13,2026-02-13 23:00:00,0.0075,0.0493,0.0943,1.64
2026-02-14 19:00:00,farm,48,44,2026-02-12,2026-02-12 23:00:00,0.0,0.2233,0.5608,5.59
2026-02-14 20:00:00,farm,24,21,2026-02-13,2026-02-13 23:00:00,0.0062,0.0769,0.1405,2.49
2026-02-14 20:00:00,farm,48,45,2026-02-12,2026-02-12 23:00:00,0.0,0.2247,0.5102,5.17
2026-02-14 21:00:00,farm,24,22,2026-02-13,2026-02-13 23:00:00,0.0064,0.0718,0.1426,2.85
2026-02-14 21:00:00,farm,48,46,2026-02-12,2026-02-12 23:00:00,0.0,0.2708,0.5235,4.35
2026-02-14 22:00:00,farm,24,23,2026-02-13,2026-02-13 23:00:00,0.0071,0.0528,0.1438,2.93
2026-02-14 22:00:00,farm,48,47,2026-02-12,2026-02-12 23:00:00,0.0,0.1258,0.3477,3.91
2026-02-14 23:00:00,farm,24,24,2026-02-13,2026-02-13 23:00:00,0.0078,0.0402,0.1437,0.43
2026-02-14 23:00:00,farm,48,48,2026-02-12,2026-02-12 23:00:00,0.0011,0.1097,0.288,2.27
2026-02-15 00:00:00,farm,24,1,2026-02-14,2026-02-14 23:00:00,0.0077,0.0356,0.0742,0.6
2026-02-15 00:00:00,farm,48,25,2026-02-13,2026-02-13 23:00:00,0.0042,0.0688,0.1646,1.96
2026-02-15 01:00:00,farm,24,2,2026-02-14,2026-02-14 23:00:00,0.0072,0.0462,0.0747,1.16
2026-02-15 01:00:00,farm,48,26,2026-02-13,2026-02-13 23:00:00,0.0068,0.0358,0.0375,0.67
2026-02-15 02:00:00,farm,24,3,2026-02-14,2026-02-14 23:00:00,0.0074,0.0416,0.0687,1.32
2026-02-15 02:00:00,farm,48,27,2026-02-13,2026-02-13 23:00:00,0.0064,0.0404,0.075,1.89
2026-02-15 03:00:00,farm,24,4,2026-02-14,2026-02-14 23:00:00,0.0069,0.0512,0.1217,2.22
2026-02-15 03:00:00,farm,48,28,2026-02-13,2026-02-13 23:00:00,0.0056,0.0508,0.105,1.17
2026-02-15 04:00:00,farm,24,5,2026-02-14,2026-02-14 23:00:00,0.0072,0.0349,0.0992,3.65
2026-02-15 04:00:00,farm,48,29,2026-02-13,2026-02-13 23:00:00,0.0035,0.078,0.1684,2.97
2026-02-15 05:00:00,farm,24,6,2026-02-14,2026-02-14 23:00:00,0.0063,0.0607,0.2086,3.27
2026-02-15 05:00:00,farm,48,30,2026-02-13,2026-02-13 23:00:00,0.0031,0.0778,0.1715,3.83
2026-02-15 06:00:00,farm,24,7,2026-02-14,2026-02-14 23:00:00,0.006,0.0829,0.4155,5.31
2026-02-15 06:00:00,farm,48,31,2026-02-13,2026-02-13 23:00:00,0.0022,0.0996,0.3158,5.0
2026-02-15 07:00:00,farm,24,8,2026-02-14,2026-02-14 23:00:00,0.0413,0.1874,0.6479,5.46
2026-02-15 07:00:00,farm,48,32,2026-02-13,2026-02-13 23:00:00,0.0,0.1663,0.5123,5.89
2026-02-15 08:00:00,farm,24,9,2026-02-14,2026-02-14 23:00:00,0.0773,0.3295,0.8837,6.69
2026-02-15 08:00:00,farm,48,33,2026-02-13,2026-02-13 23:00:00,0.0568,0.2499,0.8419,6.58
2026-02-15 09:00:00,farm,24,10,2026-02-14,2026-02-14 23:00:00,0.1865,0.5086,0.9732,7.54
2026-02-15 09:00:00,farm,48,34,2026-02-13,2026-02-13 23:00:00,0.0844,0.4239,0.9902,6.9
2026-02-15 10:00:00,farm,24,11,2026-02-14,2026-02-14 23:00:00,0.3554,0.6768,0.9879,7.75
2026-02-15 10:00:00,farm,48,35,2026-02-13,2026-02-13 23:00:00,0.323,0.6426,0.9922,7.73
2026-02-15 11:00:00,farm,24,12,2026-02-14,2026-02-14 23:00:00,0.5502,0.7668,0.9867,8.63
2026-02-15 11:00:00,farm,48,36,2026-02-13,2026-02-13 23:00:00,0.4108,0.7398,0.9954,8.77
2026-02-15 12:00:00,farm,24,13,2026-02-14,2026-02-14 23:00:00,0.6799,0.9111,0.9821,9.76
2026-02-15 12:00:00,farm,48,37,2026-02-13,2026-02-13 23:00:00,0.5136,0.8833,0.9844,9.61
2026-02-15 13:00:00,farm,24,14,2026-02-14,2026-02-14 23:00:00,0.6444,0.9256,0.9808,9.68
2026-02-15 13:00:00,farm,48,38,2026-02-13,2026-02-13 23:00:00,0.6853,0.9254,0.9844,9.85
2026-02-15 14:00:00,farm,24,15,2026-02-14,2026-02-14 23:00:00,0.581,0.8757,0.9841,8.91
2026-02-15 14:00:00,farm,48,39,2026-02-13,2026-02-13 23:00:00,0.6189,0.9105,0.9845,9.58
2026-02-15 15:00:00,farm,24,16,2026-02-14,2026-02-14 23:00:00,0.5298,0.9132,0.9835,8.29
2026-02-15 15:00:00,farm,48,40,2026-02-13,2026-02-13 23:00:00,0.577,0.9141,0.9881,8.73
2026-02-15 16:00:00,farm,24,17,2026-02-14,2026-02-14 23:00:00,0.4657,0.9144,0.9895,8.17
2026-02-15 16:00:00,farm,48,41,2026-02-13,2026-02-13 23:00:00,0.4758,0.9264,0.9893,8.08
2026-02-15 17:00:00,farm,24,18,2026-02-14,2026-02-14 23:00:00,0.4727,0.9529,0.9919,8.14
2026-02-15 17:00:00,farm,48,42,2026-02-13,2026-02-13 23:00:00,0.4588,0.9323,0.9953,8.37
2026-02-15 18:00:00,farm,24,19,2026-02-14,2026-02-14 23:00:00,0.4631,0.9415,0.9965,7.74
2026-02-15 18:00:00,farm,48,43,2026-02-13,2026-02-13 23:00:00,0.4564,0.9192,0.9922,8.23
2026-02-15 19:00:00,farm,24,20,2026-02-14,2026-02-14 23:00:00,0.4455,0.954,0.9946,7.8
2026-02-15 19:00:00,farm,48,44,2026-02-13,2026-02-13 23:00:00,0.4549,0.9432,0.9903,8.39
2026-02-15 20:00:00,farm,24,21,2026-02-14,2026-02-14 23:00:00,0.4403,0.9193,0.9953,8.06
2026-02-15 20:00:00,farm,48,45,2026-02-13,2026-02-13 23:00:00,0.4421,0.9032,0.9931,8.22
2026-02-15 21:00:00,farm,24,22,2026-02-14,2026-02-14 23:00:00,0.4638,0.9087,0.9913,7.42
2026-02-15 21:00:00,farm,48,46,2026-02-13,2026-02-13 23:00:00,0.4236,0.9085,0.9915,8.12
2026-02-15 22:00:00,farm,24,23,2026-02-14,2026-02-14 23:00:00,0.3523,0.8606,0.9759,6.21
2026-02-15 22:00:00,farm,48,47,2026-02-13,2026-02-13 23:00:00,0.4026,0.8516,0.9969,7.64
2026-02-15 23:00:00,farm,24,24,2026-02-14,2026-02-14 23:00:00,0.1809,0.5924,0.9341,5.67
2026-02-15 23:00:00,farm,48,48,2026-02-13,2026-02-13 23:00:00,0.2797,0.7419,0.9884,6.72
2026-02-16 00:00:00,farm,24,1,2026-02-15,2026-02-15 23:00:00,0.1443,0.5407,0.9251,5.26
2026-02-16 00:00:00,farm,48,25,2026-02-14,2026-02-14 23:00:00,0.25,0.6499,0.9882,6.68
2026-02-16 01:00:00,farm,24,2,2026-02-15,2026-02-15 23:00:00,0.1468,0.4652,0.9108,5.96
2026-02-16 01:00:00,farm,48,26,2026-02-14,2026-02-14 23:00:00,0.2213,0.6157,0.9893,6.77
2026-02-16 02:00:00,farm,24,3,2026-02-15,2026-02-15 23:00:00,0.1725,0.5459,0.9521,6.18
2026-02-16 02:00:00,farm,48,27,2026-02-14,2026-02-14 23:00:00,0.2034,0.6184,0.9805,6.61
2026-02-16 03:00:00,farm,24,4,2026-02-15,2026-02-15 23:00:00,0.1635,0.4908,0.9529,6.43
2026-02-16 03:00:00,farm,48,28,2026-02-14,2026-02-14 23:00:00,0.1851,0.5656,0.9844,6.22
2026-02-16 04:00:00,farm,24,5,2026-02-15,2026-02-15 23:00:00,0.1852,0.5,0.9553,6.61
2026-02-16 04:00:00,farm,48,29,2026-02-14,2026-02-14 23:00:00,0.1204,0.5352,0.9617,5.95
2026-02-16 05:00:00,farm,24,6,2026-02-15,2026-02-15 23:00:00,0.2172,0.4977,0.9735,6.69
2026-02-16 05:00:00,farm,48,30,2026-02-14,2026-02-14 23:00:00,0.1816,0.4751,0.9716,5.81
2026-02-16 06:00:00,farm,24,7,2026-02-15,2026-02-15 23:00:00,0.194,0.5445,0.9601,6.81
2026-02-16 06:00:00,farm,48,31,2026-02-14,2026-02-14 23:00:00,0.1103,0.4185,0.9502,5.65
2026-02-16 07:00:00,farm,24,8,2026-02-15,2026-02-15 23:00:00,0.1816,0.4462,0.966,6.88
2026-02-16 07:00:00,farm,48,32,2026-02-14,2026-02-14 23:00:00,0.1168,0.314,0.9641,6.26
2026-02-16 08:00:00,farm,24,9,2026-02-15,2026-02-15 23:00:00,0.1349,0.4621,0.9482,6.51
2026-02-16 08:00:00,farm,48,33,2026-02-14,2026-02-14 23:00:00,0.0952,0.3284,0.9505,6.77
2026-02-16 09:00:00,farm,24,10,2026-02-15,2026-02-15 23:00:00,0.1599,0.3943,0.9545,7.08
2026-02-16 09:00:00,farm,48,34,2026-02-14,2026-02-14 23:00:00,0.202,0.439,0.9951,7.1
2026-02-16 10:00:00,farm,24,11,2026-02-15,2026-02-15 23:00:00,0.1854,0.6194,0.958,5.84
2026-02-16 10:00:00,farm,48,35,2026-02-14,2026-02-14 23:00:00,0.1022,0.4218,0.9838,5.76
2026-02-16 11:00:00,farm,24,12,2026-02-15,2026-02-15 23:00:00,0.3511,0.7019,0.9652,7.07
2026-02-16 11:00:00,farm,48,36,2026-02-14,2026-02-14 23:00:00,0.1777,0.4582,0.9545,6.16
2026-02-16 12:00:00,farm,24,13,2026-02-15,2026-02-15 23:00:00,0.4305,0.7998,0.9865,7.59
2026-02-16 12:00:00,farm,48,37,2026-02-14,2026-02-14 23:00:00,0.1505,0.4777,0.924,5.64
2026-02-16 13:00:00,farm,24,14,2026-02-15,2026-02-15 23:00:00,0.3923,0.8031,0.9864,7.22
2026-02-16 13:00:00,farm,48,38,2026-02-14,2026-02-14 23:00:00,0.0576,0.5502,0.8984,4.68
2026-02-16 14:00:00,farm,24,15,2026-02-15,2026-02-15 23:00:00,0.329,0.7905,0.9791,6.64
2026-02-16 14:00:00,farm,48,39,2026-02-14,2026-02-14 23:00:00,0.0876,0.5504,0.9352,5.36
2026-02-16 15:00:00,farm,24,16,2026-02-15,2026-02-15 23:00:00,0.2122,0.76,0.9668,5.52
2026-02-16 15:00:00,farm,48,40,2026-02-14,2026-02-14 23:00:00,0.1745,0.6607,0.9727,5.27
2026-02-16 16:00:00,farm,24,17,2026-02-15,2026-02-15 23:00:00,0.1885,0.6988,0.9472,5.26
2026-02-16 16:00:00,farm,48,41,2026-02-14,2026-02-14 23:00:00,0.254,0.7485,0.9759,6.14
2026-02-16 17:00:00,farm,24,18,2026-02-15,2026-02-15 23:00:00,0.1602,0.5578,0.8733,5.11
2026-02-16 17:00:00,farm,48,42,2026-02-14,2026-02-14 23:00:00,0.2677,0.7388,0.9924,6.87
2026-02-16 18:00:00,farm,24,19,2026-02-15,2026-02-15 23:00:00,0.15,0.577,0.9126,5.88
2026-02-16 18:00:00,farm,48,43,2026-02-14,2026-02-14 23:00:00,0.2042,0.762,0.9796,5.61
2026-02-16 19:00:00,farm,24,20,2026-02-15,2026-02-15 23:00:00,0.1561,0.6609,0.931,5.59
2026-02-16 19:00:00,farm,48,44,2026-02-14,2026-02-14 23:00:00,0.1985,0.8137,0.953,6.33
2026-02-16 20:00:00,farm,24,21,2026-02-15,2026-02-15 23:00:00,0.1517,0.708,0.9254,5.56
2026-02-16 20:00:00,farm,48,45,2026-02-14,2026-02-14 23:00:00,0.204,0.779,0.9811,6.93
2026-02-16 21:00:00,farm,24,22,2026-02-15,2026-02-15 23:00:00,0.1408,0.6235,0.9146,5.73
2026-02-16 21:00:00,farm,48,46,2026-02-14,2026-02-14 23:00:00,0.2397,0.7457,0.9947,7.33
2026-02-16 22:00:00,farm,24,23,2026-02-15,2026-02-15 23:00:00,0.0936,0.639,0.9103,5.37
2026-02-16 22:00:00,farm,48,47,2026-02-14,2026-02-14 23:00:00,0.2132,0.7537,0.9804,6.95
2026-02-16 23:00:00,farm,24,24,2026-02-15,2026-02-15 23:00:00,0.1002,0.4972,0.8924,5.11
2026-02-16 23:00:00,farm,48,48,2026-02-14,2026-02-14 23:00:00,0.1863,0.7044,0.9367,6.36
2026-02-17 00:00:00,farm,24,1,2026-02-16,2026-02-16 23:00:00,0.1085,0.5754,0.9025,4.99
2026-02-17 00:00:00,farm,48,25,2026-02-15,2026-02-15 23:00:00,0.1802,0.6597,0.9435,6.06
2026-02-17 01:00:00,farm,24,2,2026-02-16,2026-02-16 23:00:00,0.1505,0.5877,0.9002,5.73
2026-02-17 01:00:00,farm,48,26,2026-02-15,2026-02-15 23:00:00,0.1761,0.6325,0.9572,6.22
2026-02-17 02:00:00,farm,24,3,2026-02-16,2026-02-16 23:00:00,0.1725,0.5088,0.9243,6.11
2026-02-17 02:00:00,farm,48,27,2026-02-15,2026-02-15 23:00:00,0.181,0.5899,0.9455,6.26
2026-02-17 03:00:00,farm,24,4,2026-02-16,2026-02-16 23:00:00,0.1302,0.5306,0.9529,6.65
2026-02-17 03:00:00,farm,48,28,2026-02-15,2026-02-15 23:00:00,0.1661,0.5918,0.9322,5.88
2026-02-17 04:00:00,farm,24,5,2026-02-16,2026-02-16 23:00:00,0.089,0.3717,0.8969,6.05
2026-02-17 04:00:00,farm,48,29,2026-02-15,2026-02-15 23:00:00,0.1472,0.4646,0.9387,6.07
2026-02-17 05:00:00,farm,24,6,2026-02-16,2026-02-16 23:00:00,0.0,0.3161,0.7541,2.44
2026-02-17 05:00:00,farm,48,30,2026-02-15,2026-02-15 23:00:00,0.0,0.2873,0.6809,5.37
2026-02-17 06:00:00,farm,24,7,2026-02-16,2026-02-16 23:00:00,0.0009,0.216,0.5447,2.06
2026-02-17 06:00:00,farm,48,31,2026-02-15,2026-02-15 23:00:00,0.0,0.1381,0.5514,5.46
2026-02-17 07:00:00,farm,24,8,2026-02-16,2026-02-16 23:00:00,0.0028,0.1634,0.4993,3.09
2026-02-17 07:00:00,farm,48,32,2026-02-15,2026-02-15 23:00:00,0.0,0.1776,0.5398,4.3
2026-02-17 08:00:00,farm,24,9,2026-02-16,2026-02-16 23:00:00,0.0047,0.1208,0.4738,4.44
2026-02-17 08:00:00,farm,48,33,2026-02-15,2026-02-15 23:00:00,0.0001,0.1216,0.3222,3.39
2026-02-17 09:00:00,farm,24,10,2026-02-16,2026-02-16 23:00:00,0.0015,0.1377,0.5017,5.48
2026-02-17 09:00:00,farm,48,34,2026-02-15,2026-02-15 23:00:00,0.0016,0.1037,0.3687,3.7
2026-02-17 10:00:00,farm,24,11,2026-02-16,2026-02-16 23:00:00,0.0006,0.1724,0.5145,6.05
2026-02-17 10:00:00,farm,48,35,2026-02-15,2026-02-15 23:00:00,0.0,0.1324,0.5295,4.81
2026-02-17 11:00:00,farm,24,12,2026-02-16,2026-02-16 23:00:00,0.005,0.1488,0.4582,4.46
2026-02-17 11:00:00,farm,48,36,2026-02-15,2026-02-15 23:00:00,0.0,0.2666,0.6637,3.75
2026-02-17 12:00:00,farm,24,13,2026-02-16,2026-02-16 23:00:00,0.0042,0.1399,0.3165,5.07
2026-02-17 12:00:00,farm,48,37,2026-02-15,2026-02-15 23:00:00,0.0111,0.2613,0.677,4.53
2026-02-17 13:00:00,farm,24,14,2026-02-16,2026-02-16 23:00:00,0.0045,0.1603,0.4324,4.9
2026-02-17 13:00:00,farm,48,38,2026-02-15,2026-02-15 23:00:00,0.0094,0.3324,0.7123,3.81
2026-02-17 14:00:00,farm,24,15,2026-02-16,2026-02-16 23:00:00,0.0033,0.177,0.4905,5.09
2026-02-17 14:00:00,farm,48,39,2026-02-15,2026-02-15 23:00:00,0.0188,0.3781,0.7856,4.82
2026-02-17 15:00:00,farm,24,16,2026-02-16,2026-02-16 23:00:00,0.0042,0.2107,0.5945,5.15
2026-02-17 15:00:00,farm,48,40,2026-02-15,2026-02-15 23:00:00,0.05,0.3989,0.786,5.44
2026-02-17 16:00:00,farm,24,17,2026-02-16,2026-02-16 23:00:00,0.0065,0.29,0.6792,4.92
2026-02-17 16:00:00,farm,48,41,2026-02-15,2026-02-15 23:00:00,0.1921,0.6332,0.8749,5.59
2026-02-17 17:00:00,farm,24,18,2026-02-16,2026-02-16 23:00:00,0.1618,0.6019,0.951,6.69
2026-02-17 17:00:00,farm,48,42,2026-02-15,2026-02-15 23:00:00,0.1376,0.635,0.9697,6.89
2026-02-17 18:00:00,farm,24,19,2026-02-16,2026-02-16 23:00:00,0.1824,0.673,0.9735,6.85
2026-02-17 18:00:00,farm,48,43,2026-02-15,2026-02-15 23:00:00,0.1854,0.6762,1.0,7.2
2026-02-17 19:00:00,farm,24,20,2026-02-16,2026-02-16 23:00:00,0.1835,0.5056,0.9652,7.48
2026-02-17 19:00:00,farm,48,44,2026-02-15,2026-02-15 23:00:00,0.2628,0.7595,1.0,7.21
2026-02-17 20:00:00,farm,24,21,2026-02-16,2026-02-16 23:00:00,0.1936,0.6186,0.9568,8.07
2026-02-17 20:00:00,farm,48,45,2026-02-15,2026-02-15 23:00:00,0.2323,0.7252,0.9933,6.95
2026-02-17 21:00:00,farm,24,22,2026-02-16,2026-02-16 23:00:00,0.2957,0.6916,0.9844,8.01
2026-02-17 21:00:00,farm,48,46,2026-02-15,2026-02-15 23:00:00,0.3064,0.7346,1.0,7.09
2026-02-17 22:00:00,farm,24,23,2026-02-16,2026-02-16 23:00:00,0.2792,0.6323,0.9634,7.32
2026-02-17 22:00:00,farm,48,47,2026-02-15,2026-02-15 23:00:00,0.3262,0.7178,1.0,7.25
2026-02-17 23:00:00,farm,24,24,2026-02-16,2026-02-16 23:00:00,0.3049,0.681,0.9793,7.16
2026-02-17 23:00:00,farm,48,48,2026-02-15,2026-02-15 23:00:00,0.3745,0.6383,0.9953,7.76
2026-02-18 00:00:00,farm,24,1,2026-02-17,2026-02-17 23:00:00,0.3112,0.6999,0.9906,7.25
2026-02-18 00:00:00,farm,48,25,2026-02-16,2026-02-16 23:00:00,0.4407,0.7827,0.9842,8.63
2026-02-18 01:00:00,farm,24,2,2026-02-17,2026-02-17 23:00:00,0.3347,0.7138,0.9906,7.73
2026-02-18 01:00:00,farm,48,26,2026-02-16,2026-02-16 23:00:00,0.4816,0.8239,0.9871,9.37
2026-02-18 02:00:00,farm,24,3,2026-02-17,2026-02-17 23:00:00,0.256,0.6784,0.9759,6.75
2026-02-18 02:00:00,farm,48,27,2026-02-16,2026-02-16 23:00:00,0.406,0.7337,0.9988,8.02
2026-02-18 03:00:00,farm,24,4,2026-02-17,2026-02-17 23:00:00,0.216,0.6118,0.9787,6.71
2026-02-18 03:00:00,farm,48,28,2026-02-16,2026-02-16 23:00:00,0.3669,0.6735,1.0,7.26
2026-02-18 04:00:00,farm,24,5,2026-02-17,2026-02-17 23:00:00,0.3218,0.6522,0.9888,7.03
2026-02-18 04:00:00,farm,48,29,2026-02-16,2026-02-16 23:00:00,0.3499,0.6503,1.0,7.17
2026-02-18 05:00:00,farm,24,6,2026-02-17,2026-02-17 23:00:00,0.3628,0.6666,0.9906,7.1
2026-02-18 05:00:00,farm,48,30,2026-02-16,2026-02-16 23:00:00,0.3863,0.6934,0.9988,7.66
2026-02-18 06:00:00,farm,24,7,2026-02-17,2026-02-17 23:00:00,0.3907,0.7675,0.9899,6.55
2026-02-18 06:00:00,farm,48,31,2026-02-16,2026-02-16 23:00:00,0.3607,0.6814,0.9984,7.92
2026-02-18 07:00:00,farm,24,8,2026-02-17,2026-02-17 23:00:00,0.4115,0.7325,0.9887,7.34
2026-02-18 07:00:00,farm,48,32,2026-02-16,2026-02-16 23:00:00,0.4226,0.6747,1.0,7.88
2026-02-18 08:00:00,farm,24,9,2026-02-17,2026-02-17 23:00:00,0.5213,0.7484,0.9923,8.06
2026-02-18 08:00:00,farm,48,33,2026-02-16,2026-02-16 23:00:00,0.5061,0.7451,0.9956,8.13
2026-02-18 09:00:00,farm,24,10,2026-02-17,2026-02-17 23:00:00,0.5434,0.8324,0.986,8.1
2026-02-18 09:00:00,farm,48,34,2026-02-16,2026-02-16 23:00:00,0.5107,0.8195,0.9912,7.23
2026-02-18 10:00:00,farm,24,11,2026-02-17,2026-02-17 23:00:00,0.6959,0.89,0.983,8.54
2026-02-18 10:00:00,farm,48,35,2026-02-16,2026-02-16 23:00:00,0.6641,0.8988,0.9873,7.63
2026-02-18 11:00:00,farm,24,12,2026-02-17,2026-02-17 23:00:00,0.9025,0.9303,0.9819,11.41
2026-02-18 11:00:00,farm,48,36,2026-02-16,2026-02-16 23:00:00,0.8246,0.9336,0.9838,8.78
2026-02-18 12:00:00,farm,24,13,2026-02-17,2026-02-17 23:00:00,0.9374,0.9685,0.9856,10.11
2026-02-18 12:00:00,farm,48,37,2026-02-16,2026-02-16 23:00:00,0.7863,0.9594,0.9869,9.25
2026-02-18 13:00:00,farm,24,14,2026-02-17,2026-02-17 23:00:00,0.9447,0.9682,0.9809,10.09
2026-02-18 13:00:00,farm,48,38,2026-02-16,2026-02-16 23:00:00,0.9703,0.972,0.9831,10.71
2026-02-18 14:00:00,farm,24,15,2026-02-17,2026-02-17 23:00:00,0.934,0.9604,0.981,9.96
2026-02-18 14:00:00,farm,48,39,2026-02-16,2026-02-16 23:00:00,0.9066,0.9647,0.9826,11.28
2026-02-18 15:00:00,farm,24,16,2026-02-17,2026-02-17 23:00:00,0.833,0.961,0.9811,9.26
2026-02-18 15:00:00,farm,48,40,2026-02-16,2026-02-16 23:00:00,0.843,0.957,0.9824,10.24
2026-02-18 16:00:00,farm,24,17,2026-02-17,2026-02-17 23:00:00,0.6938,0.9253,0.9817,10.09
2026-02-18 16:00:00,farm,48,41,2026-02-16,2026-02-16 23:00:00,0.5862,0.9234,0.9835,9.69
2026-02-18 17:00:00,farm,24,18,2026-02-17,2026-02-17 23:00:00,0.5584,0.9298,0.9929,8.66
2026-02-18 17:00:00,farm,48,42,2026-02-16,2026-02-16 23:00:00,0.4416,0.9032,0.9948,8.04
2026-02-18 18:00:00,farm,24,19,2026-02-17,2026-02-17 23:00:00,0.3497,0.8245,0.9975,7.08
2026-02-18 18:00:00,farm,48,43,2026-02-16,2026-02-16 23:00:00,0.3849,0.8986,0.9982,7.15
2026-02-18 19:00:00,farm,24,20,2026-02-17,2026-02-17 23:00:00,0.3396,0.8811,0.9893,7.45
2026-02-18 19:00:00,farm,48,44,2026-02-16,2026-02-16 23:00:00,0.2675,0.9366,0.9911,6.85
2026-02-18 20:00:00,farm,24,21,2026-02-17,2026-02-17 23:00:00,0.2873,0.8961,0.9779,6.56
2026-02-18 20:00:00,farm,48,45,2026-02-16,2026-02-16 23:00:00,0.2638,0.8131,0.9986,7.61
2026-02-18 21:00:00,farm,24,22,2026-02-17,2026-02-17 23:00:00,0.2287,0.7681,0.9748,7.01
2026-02-18 21:00:00,farm,48,46,2026-02-16,2026-02-16 23:00:00,0.2604,0.8514,0.9798,7.86
2026-02-18 22:00:00,farm,24,23,2026-02-17,2026-02-17 23:00:00,0.2592,0.7515,0.974,6.05
2026-02-18 22:00:00,farm,48,47,2026-02-16,2026-02-16 23:00:00,0.2441,0.7938,0.963,7.14
2026-02-18 23:00:00,farm,24,24,2026-02-17,2026-02-17 23:00:00,0.2278,0.8022,0.9567,5.92
2026-02-18 23:00:00,farm,48,48,2026-02-16,2026-02-16 23:00:00,0.192,0.7248,0.9435,6.03
2026-02-19 00:00:00,farm,24,1,2026-02-18,2026-02-18 23:00:00,0.2086,0.6561,0.9454,6.17
2026-02-19 00:00:00,farm,48,25,2026-02-17,2026-02-17 23:00:00,0.1406,0.611,0.9566,6.59
2026-02-19 01:00:00,farm,24,2,2026-02-18,2026-02-18 23:00:00,0.1666,0.7162,0.9493,5.1
2026-02-19 01:00:00,farm,48,26,2026-02-17,2026-02-17 23:00:00,0.1217,0.6326,0.9526,5.35
2026-02-19 02:00:00,farm,24,3,2026-02-18,2026-02-18 23:00:00,0.1501,0.7034,0.9535,5.12
2026-02-19 02:00:00,farm,48,27,2026-02-17,2026-02-17 23:00:00,0.1276,0.5719,0.9543,5.66
2026-02-19 03:00:00,farm,24,4,2026-02-18,2026-02-18 23:00:00,0.1467,0.6584,0.9466,4.97
2026-02-19 03:00:00,farm,48,28,2026-02-17,2026-02-17 23:00:00,0.1373,0.5699,0.9607,5.73
2026-02-19 04:00:00,farm,24,5,2026-02-18,2026-02-18 23:00:00,0.1314,0.5339,0.9187,5.16
2026-02-19 04:00:00,farm,48,29,2026-02-17,2026-02-17 23:00:00,0.0736,0.4119,0.9547,4.86
2026-02-19 05:00:00,farm,24,6,2026-02-18,2026-02-18 23:00:00,0.0717,0.4944,0.8564,4.36
2026-02-19 05:00:00,farm,48,30,2026-02-17,2026-02-17 23:00:00,0.1331,0.5404,0.9526,5.45
2026-02-19 06:00:00,farm,24,7,2026-02-18,2026-02-18 23:00:00,0.0422,0.39,0.8042,4.48
2026-02-19 06:00:00,farm,48,31,2026-02-17,2026-02-17 23:00:00,0.1476,0.4547,0.959,5.94
2026-02-19 07:00:00,farm,24,8,2026-02-18,2026-02-18 23:00:00,0.0342,0.419,0.8596,4.53
2026-02-19 07:00:00,farm,48,32,2026-02-17,2026-02-17 23:00:00,0.1365,0.4749,0.9572,5.63
2026-02-19 08:00:00,farm,24,9,2026-02-18,2026-02-18 23:00:00,0.0105,0.2878,0.7201,4.5
2026-02-19 08:00:00,farm,48,33,2026-02-17,2026-02-17 23:00:00,0.1166,0.4141,0.9464,5.88
2026-02-19 09:00:00,farm,24,10,2026-02-18,2026-02-18 23:00:00,0.0062,0.2341,0.7297,4.86
2026-02-19 09:00:00,farm,48,34,2026-02-17,2026-02-17 23:00:00,0.1463,0.4675,0.9858,6.86
2026-02-19 10:00:00,farm,24,11,2026-02-18,2026-02-18 23:00:00,0.0515,0.3132,0.8271,5.42
2026-02-19 10:00:00,farm,48,35,2026-02-17,2026-02-17 23:00:00,0.0796,0.4729,0.9737,5.4
2026-02-19 11:00:00,farm,24,12,2026-02-18,2026-02-18 23:00:00,0.0191,0.3701,0.809,4.65
2026-02-19 11:00:00,farm,48,36,2026-02-17,2026-02-17 23:00:00,0.0837,0.4702,0.9499,5.82
2026-02-19 12:00:00,farm,24,13,2026-02-18,2026-02-18 23:00:00,0.0204,0.4015,0.7489,4.91
2026-02-19 12:00:00,farm,48,37,2026-02-17,2026-02-17 23:00:00,0.0179,0.4522,0.8541,4.79
2026-02-19 13:00:00,farm,24,14,2026-02-18,2026-02-18 23:00:00,0.0082,0.4056,0.6853,4.82
2026-02-19 13:00:00,farm,48,38,2026-02-17,2026-02-17 23:00:00,0.0038,0.3936,0.7093,4.44
2026-02-19 14:00:00,farm,24,15,2026-02-18,2026-02-18 23:00:00,0.0057,0.3681,0.6521,4.63
2026-02-19 14:00:00,farm,48,39,2026-02-17,2026-02-17 23:00:00,0.0024,0.3545,0.6662,4.49
2026-02-19 15:00:00,farm,24,16,2026-02-18,2026-02-18 23:00:00,0.0053,0.2985,0.5545,4.11
2026-02-19 15:00:00,farm,48,40,2026-02-17,2026-02-17 23:00:00,0.0,0.2995,0.567,3.8
2026-02-19 16:00:00,farm,24,17,2026-02-18,2026-02-18 23:00:00,0.005,0.2827,0.5149,2.58
2026-02-19 16:00:00,farm,48,41,2026-02-17,2026-02-17 23:00:00,0.0007,0.2758,0.5457,4.15
2026-02-19 17:00:00,farm,24,18,2026-02-18,2026-02-18 23:00:00,0.0011,0.2473,0.4013,3.37
2026-02-19 17:00:00,farm,48,42,2026-02-17,2026-02-17 23:00:00,0.0,0.3156,0.5711,4.09
2026-02-19 18:00:00,farm,24,19,2026-02-18,2026-02-18 23:00:00,0.0,0.2375,0.392,1.23
2026-02-19 18:00:00,farm,48,43,2026-02-17,2026-02-17 23:00:00,0.0,0.2663,0.5197,3.01
2026-02-19 19:00:00,farm,24,20,2026-02-18,2026-02-18 23:00:00,0.004,0.1174,0.3587,1.89
2026-02-19 19:00:00,farm,48,44,2026-02-17,2026-02-17 23:00:00,0.0,0.2962,0.5912,1.74
2026-02-19 20:00:00,farm,24,21,2026-02-18,2026-02-18 23:00:00,0.0058,0.0808,0.3423,4.72
2026-02-19 20:00:00,farm,48,45,2026-02-17,2026-02-17 23:00:00,0.0,0.1523,0.3816,0.71
2026-02-19 21:00:00,farm,24,22,2026-02-18,2026-02-18 23:00:00,0.003,0.1426,0.3692,5.25
2026-02-19 21:00:00,farm,48,46,2026-02-17,2026-02-17 23:00:00,0.0,0.1561,0.4061,2.83
2026-02-19 22:00:00,farm,24,23,2026-02-18,2026-02-18 23:00:00,0.0,0.3123,0.6499,7.01
2026-02-19 22:00:00,farm,48,47,2026-02-17,2026-02-17 23:00:00,0.0,0.1876,0.4802,5.24
2026-02-19 23:00:00,farm,24,24,2026-02-18,2026-02-18 23:00:00,0.0109,0.4121,0.842,6.15
2026-02-19 23:00:00,farm,48,48,2026-02-17,2026-02-17 23:00:00,0.0,0.2585,0.4498,6.63
2026-02-20 00:00:00,farm,24,1,2026-02-19,2026-02-19 23:00:00,0.0037,0.4152,0.8377,7.07
2026-02-20 00:00:00,farm,48,25,2026-02-18,2026-02-18 23:00:00,0.0,0.2869,0.6099,5.64
2026-02-20 01:00:00,farm,24,2,2026-02-19,2026-02-19 23:00:00,0.0081,0.3438,0.8032,7.44
2026-02-20 01:00:00,farm,48,26,2026-02-18,2026-02-18 23:00:00,0.0,0.3081,0.6179,4.87
2026-02-20 02:00:00,farm,24,3,2026-02-19,2026-02-19 23:00:00,0.0031,0.4775,0.8566,7.45
2026-02-20 02:00:00,farm,48,27,2026-02-18,2026-02-18 23:00:00,0.0,0.3152,0.7236,6.04
2026-02-20 03:00:00,farm,24,4,2026-02-19,2026-02-19 23:00:00,0.0035,0.4662,0.8582,6.96
2026-02-20 03:00:00,farm,48,28,2026-02-18,2026-02-18 23:00:00,0.0,0.402,0.8153,6.88
2026-02-20 04:00:00,farm,24,5,2026-02-19,2026-02-19 23:00:00,0.0047,0.3342,0.7962,7.34
2026-02-20 04:00:00,farm,48,29,2026-02-18,2026-02-18 23:00:00,0.0074,0.3927,0.9296,6.82
2026-02-20 05:00:00,farm,24,6,2026-02-19,2026-02-19 23:00:00,0.0363,0.4742,0.8614,7.76
2026-02-20 05:00:00,farm,48,30,2026-02-18,2026-02-18 23:00:00,0.0,0.3047,0.8263,7.57
2026-02-20 06:00:00,farm,24,7,2026-02-19,2026-02-19 23:00:00,0.068,0.4569,0.8854,7.91
2026-02-20 06:00:00,farm,48,31,2026-02-18,2026-02-18 23:00:00,0.0005,0.3921,0.8946,7.63
2026-02-20 07:00:00,farm,24,8,2026-02-19,2026-02-19 23:00:00,0.0959,0.4332,0.888,8.49
2026-02-20 07:00:00,farm,48,32,2026-02-18,2026-02-18 23:00:00,0.0127,0.3988,0.8884,7.2
2026-02-20 08:00:00,farm,24,9,2026-02-19,2026-02-19 23:00:00,0.0604,0.3935,0.9132,7.86
2026-02-20 08:00:00,farm,48,33,2026-02-18,2026-02-18 23:00:00,0.0,0.3544,0.8093,6.87
2026-02-20 09:00:00,farm,24,10,2026-02-19,2026-02-19 23:00:00,0.0649,0.4747,0.8678,6.3
2026-02-20 09:00:00,farm,48,34,2026-02-18,2026-02-18 23:00:00,0.0,0.3336,0.7556,5.5
2026-02-20 10:00:00,farm,24,11,2026-02-19,2026-02-19 23:00:00,0.0248,0.4318,0.7446,5.45
2026-02-20 10:00:00,farm,48,35,2026-02-18,2026-02-18 23:00:00,0.0,0.2086,0.5121,4.67
2026-02-20 11:00:00,farm,24,12,2026-02-19,2026-02-19 23:00:00,0.0072,0.3006,0.727,5.35
2026-02-20 11:00:00,farm,48,36,2026-02-18,2026-02-18 23:00:00,0.0,0.1726,0.3837,4.32
2026-02-20 12:00:00,farm,24,13,2026-02-19,2026-02-19 23:00:00,0.0067,0.2478,0.6315,4.76
2026-02-20 12:00:00,farm,48,37,2026-02-18,2026-02-18 23:00:00,0.0003,0.1279,0.3097,3.18
2026-02-20 13:00:00,farm,24,14,2026-02-19,2026-02-19 23:00:00,0.0033,0.2277,0.5131,4.14
2026-02-20 13:00:00,farm,48,38,2026-02-18,2026-02-18 23:00:00,0.002,0.0978,0.2315,2.64
2026-02-20 14:00:00,farm,24,15,2026-02-19,2026-02-19 23:00:00,0.0025,0.1861,0.4125,3.54
2026-02-20 14:00:00,farm,48,39,2026-02-18,2026-02-18 23:00:00,0.0045,0.0701,0.1662,2.15
2026-02-20 15:00:00,farm,24,16,2026-02-19,2026-02-19 23:00:00,0.0033,0.1503,0.3134,3.09
2026-02-20 15:00:00,farm,48,40,2026-02-18,2026-02-18 23:00:00,0.0058,0.0538,0.1415,1.46
2026-02-20 16:00:00,farm,24,17,2026-02-19,2026-02-19 23:00:00,0.005,0.1129,0.2221,2.4
2026-02-20 16:00:00,farm,48,41,2026-02-18,2026-02-18 23:00:00,0.0022,0.0974,0.312,1.97
2026-02-20 17:00:00,farm,24,18,2026-02-19,2026-02-19 23:00:00,0.0059,0.0799,0.1267,2.36
2026-02-20 17:00:00,farm,48,42,2026-02-18,2026-02-18 23:00:00,0.0,0.1305,0.3783,3.47
2026-02-20 18:00:00,farm,24,19,2026-02-19,2026-02-19 23:00:00,0.0058,0.082,0.1786,1.04
2026-02-20 18:00:00,farm,48,43,2026-02-18,2026-02-18 23:00:00,0.0,0.2583,0.6683,7.63
2026-02-20 19:00:00,farm,24,20,2026-02-19,2026-02-19 23:00:00,0.0008,0.2552,0.4655,3.57
2026-02-20 19:00:00,farm,48,44,2026-02-18,2026-02-18 23:00:00,0.0011,0.5641,0.9878,8.03
2026-02-20 20:00:00,farm,24,21,2026-02-19,2026-02-19 23:00:00,0.0048,0.2405,0.7338,6.58
2026-02-20 20:00:00,farm,48,45,2026-02-18,2026-02-18 23:00:00,0.0972,0.5732,0.9976,8.16
2026-02-20 21:00:00,farm,24,22,2026-02-19,2026-02-19 23:00:00,0.0162,0.4556,0.92,7.27
2026-02-20 21:00:00,farm,48,46,2026-02-18,2026-02-18 23:00:00,0.1403,0.5642,0.9528,8.32
2026-02-20 22:00:00,farm,24,23,2026-02-19,2026-02-19 23:00:00,0.0355,0.4428,0.9129,8.05
2026-02-20 22:00:00,farm,48,47,2026-02-18,2026-02-18 23:00:00,0.2693,0.6603,0.9839,8.15
2026-02-20 23:00:00,farm,24,24,2026-02-19,2026-02-19 23:00:00,0.2064,0.5098,0.8798,8.31
2026-02-20 23:00:00,farm,48,48,2026-02-18,2026-02-18 23:00:00,0.2351,0.5275,0.9739,8.16
2026-02-21 00:00:00,farm,24,1,2026-02-20,2026-02-20 23:00:00,0.211,0.5171,0.8617,7.99
2026-02-21 00:00:00,farm,48,25,2026-02-19,2026-02-19 23:00:00,0.2851,0.6515,0.9715,8.27
2026-02-21 01:00:00,farm,24,2,2026-02-20,2026-02-20 23:00:00,0.2144,0.5541,0.8832,7.53
2026-02-21 01:00:00,farm,48,26,2026-02-19,2026-02-19 23:00:00,0.2691,0.6668,0.9652,7.92
2026-02-21 02:00:00,farm,24,3,2026-02-20,2026-02-20 23:00:00,0.1831,0.5093,0.8756,7.3
2026-02-21 02:00:00,farm,48,27,2026-02-19,2026-02-19 23:00:00,0.2224,0.6327,0.98,7.17
2026-02-21 03:00:00,farm,24,4,2026-02-20,2026-02-20 23:00:00,0.1283,0.4374,0.8743,6.85
2026-02-21 03:00:00,farm,48,28,2026-02-19,2026-02-19 23:00:00,0.1655,0.5207,0.9341,6.54
2026-02-21 04:00:00,farm,24,5,2026-02-20,2026-02-20 23:00:00,0.1157,0.4337,0.9063,6.36
2026-02-21 04:00:00,farm,48,29,2026-02-19,2026-02-19 23:00:00,0.0863,0.4316,0.9055,5.42
2026-02-21 05:00:00,farm,24,6,2026-02-20,2026-02-20 23:00:00,0.1292,0.421,0.9104,5.81
2026-02-21 05:00:00,farm,48,30,2026-02-19,2026-02-19 23:00:00,0.0961,0.4659,0.8661,4.86
2026-02-21 06:00:00,farm,24,7,2026-02-20,2026-02-20 23:00:00,0.1083,0.4174,0.8969,4.94
2026-02-21 06:00:00,farm,48,31,2026-02-19,2026-02-19 23:00:00,0.1004,0.4015,0.9055,3.99
2026-02-21 07:00:00,farm,24,8,2026-02-20,2026-02-20 23:00:00,0.1044,0.469,0.9084,4.62
2026-02-21 07:00:00,farm,48,32,2026-02-19,2026-02-19 23:00:00,0.0787,0.3265,0.8887,4.64
2026-02-21 08:00:00,farm,24,9,2026-02-20,2026-02-20 23:00:00,0.0595,0.3176,0.8217,4.51
2026-02-21 08:00:00,farm,48,33,2026-02-19,2026-02-19 23:00:00,0.0598,0.3038,0.8715,5.65
2026-02-21 09:00:00,farm,24,10,2026-02-20,2026-02-20 23:00:00,0.0006,0.1813,0.617,0.76
2026-02-21 09:00:00,farm,48,34,2026-02-19,2026-02-19 23:00:00,0.0,0.2371,0.6874,4.75
2026-02-21 10:00:00,farm,24,11,2026-02-20,2026-02-20 23:00:00,0.0013,0.1515,0.4725,5.76
2026-02-21 10:00:00,farm,48,35,2026-02-19,2026-02-19 23:00:00,0.0,0.2222,0.53,2.42
2026-02-21 11:00:00,farm,24,12,2026-02-20,2026-02-20 23:00:00,0.063,0.5015,1.0,11.25
2026-02-21 11:00:00,farm,48,36,2026-02-19,2026-02-19 23:00:00,0.0879,0.5223,0.9147,11.6
2026-02-21 12:00:00,farm,24,13,2026-02-20,2026-02-20 23:00:00,0.6314,0.9295,0.9715,11.51
2026-02-21 12:00:00,farm,48,37,2026-02-19,2026-02-19 23:00:00,0.1593,0.6771,0.9932,12.17
2026-02-21 13:00:00,farm,24,14,2026-02-20,2026-02-20 23:00:00,0.7299,0.9467,0.974,13.05
2026-02-21 13:00:00,farm,48,38,2026-02-19,2026-02-19 23:00:00,0.292,0.7334,0.9763,11.75
2026-02-21 14:00:00,farm,24,15,2026-02-20,2026-02-20 23:00:00,0.6739,0.9258,0.9722,12.36
2026-02-21 14:00:00,farm,48,39,2026-02-19,2026-02-19 23:00:00,0.2523,0.7284,0.9594,8.79
2026-02-21 15:00:00,farm,24,16,2026-02-20,2026-02-20 23:00:00,0.4451,0.8944,0.9765,9.35
2026-02-21 15:00:00,farm,48,40,2026-02-19,2026-02-19 23:00:00,0.1509,0.6322,0.9449,7.08
2026-02-21 16:00:00,farm,24,17,2026-02-20,2026-02-20 23:00:00,0.3229,0.7441,0.979,7.45
2026-02-21 16:00:00,farm,48,41,2026-02-19,2026-02-19 23:00:00,0.0854,0.4777,0.9074,4.86
2026-02-21 17:00:00,farm,24,18,2026-02-20,2026-02-20 23:00:00,0.2365,0.6836,0.9234,6.35
2026-02-21 17:00:00,farm,48,42,2026-02-19,2026-02-19 23:00:00,0.0131,0.3742,0.8262,4.75
2026-02-21 18:00:00,farm,24,19,2026-02-20,2026-02-20 23:00:00,0.1364,0.5105,0.9098,4.89
2026-02-21 18:00:00,farm,48,43,2026-02-19,2026-02-19 23:00:00,0.0,0.3614,0.6678,4.37
2026-02-21 19:00:00,farm,24,20,2026-02-20,2026-02-20 23:00:00,0.0724,0.4618,0.9134,5.85
2026-02-21 19:00:00,farm,48,44,2026-02-19,2026-02-19 23:00:00,0.0074,0.3211,0.7426,6.08
2026-02-21 20:00:00,farm,24,21,2026-02-20,2026-02-20 23:00:00,0.0027,0.3207,0.7698,7.6
2026-02-21 20:00:00,farm,48,45,2026-02-19,2026-02-19 23:00:00,0.0743,0.5101,0.9403,6.56
2026-02-21 21:00:00,farm,24,22,2026-02-20,2026-02-20 23:00:00,0.0048,0.2946,0.7104,7.88
2026-02-21 21:00:00,farm,48,46,2026-02-19,2026-02-19 23:00:00,0.2344,0.7713,1.0,7.25
2026-02-21 22:00:00,farm,24,23,2026-02-20,2026-02-20 23:00:00,0.0021,0.3031,0.6915,7.91
2026-02-21 22:00:00,farm,48,47,2026-02-19,2026-02-19 23:00:00,0.2245,0.6737,0.9962,8.9
2026-02-21 23:00:00,farm,24,24,2026-02-20,2026-02-20 23:00:00,0.0,0.3157,0.5176,5.03
2026-02-21 23:00:00,farm,48,48,2026-02-19,2026-02-19 23:00:00,0.2032,0.7017,0.9992,7.69
2026-02-22 00:00:00,farm,24,1,2026-02-21,2026-02-21 23:00:00,0.0,0.2415,0.3655,4.46
2026-02-22 00:00:00,farm,48,25,2026-02-20,2026-02-20 23:00:00,0.1715,0.6084,1.0,8.03
2026-02-22 01:00:00,farm,24,2,2026-02-21,2026-02-21 23:00:00,0.0007,0.1714,0.304,4.56
2026-02-22 01:00:00,farm,48,26,2026-02-20,2026-02-20 23:00:00,0.1493,0.6454,0.9637,7.26
2026-02-22 02:00:00,farm,24,3,2026-02-21,2026-02-21 23:00:00,0.0042,0.0812,0.1936,3.52
2026-02-22 02:00:00,farm,48,27,2026-02-20,2026-02-20 23:00:00,0.023,0.4423,0.8667,6.05
2026-02-22 03:00:00,farm,24,4,2026-02-21,2026-02-21 23:00:00,0.0067,0.0483,0.193,1.98
2026-02-22 03:00:00,farm,48,28,2026-02-20,2026-02-20 23:00:00,0.0,0.2555,0.6107,5.35
2026-02-22 04:00:00,farm,24,5,2026-02-21,2026-02-21 23:00:00,0.0078,0.0236,0.0457,0.83
2026-02-22 04:00:00,farm,48,29,2026-02-20,2026-02-20 23:00:00,0.0007,0.1075,0.326,4.0
2026-02-22 05:00:00,farm,24,6,2026-02-21,2026-02-21 23:00:00,0.0078,0.03,0.0534,0.5
2026-02-22 05:00:00,farm,48,30,2026-02-20,2026-02-20 23:00:00,0.0054,0.0475,0.1645,0.46
2026-02-22 06:00:00,farm,24,7,2026-02-21,2026-02-21 23:00:00,0.0075,0.0359,0.105,2.15
2026-02-22 06:00:00,farm,48,31,2026-02-20,2026-02-20 23:00:00,0.0064,0.0377,0.1477,0.93
2026-02-22 07:00:00,farm,24,8,2026-02-21,2026-02-21 23:00:00,0.0023,0.1035,0.4075,3.39
2026-02-22 07:00:00,farm,48,32,2026-02-20,2026-02-20 23:00:00,0.0072,0.0165,0.0652,1.61
2026-02-22 08:00:00,farm,24,9,2026-02-21,2026-02-21 23:00:00,0.0,0.1189,0.724,5.57
2026-02-22 08:00:00,farm,48,33,2026-02-20,2026-02-20 23:00:00,0.0064,0.0378,0.1307,1.95
2026-02-22 09:00:00,farm,24,10,2026-02-21,2026-02-21 23:00:00,0.0,0.227,0.8635,5.82
2026-02-22 09:00:00,farm,48,34,2026-02-20,2026-02-20 23:00:00,0.0039,0.0414,0.2566,2.27
2026-02-22 10:00:00,farm,24,11,2026-02-21,2026-02-21 23:00:00,0.0322,0.4586,0.962,7.27
2026-02-22 10:00:00,farm,48,35,2026-02-20,2026-02-20 23:00:00,0.0005,0.1149,0.5204,3.09
2026-02-22 11:00:00,farm,24,12,2026-02-21,2026-02-21 23:00:00,0.3501,0.7305,0.9881,8.18
2026-02-22 11:00:00,farm,48,36,2026-02-20,2026-02-20 23:00:00,0.0,0.2868,0.9608,4.81
2026-02-22 12:00:00,farm,24,13,2026-02-21,2026-02-21 23:00:00,0.5256,0.8871,0.9854,9.25
2026-02-22 12:00:00,farm,48,37,2026-02-20,2026-02-20 23:00:00,0.036,0.4005,0.9849,6.83
2026-02-22 13:00:00,farm,24,14,2026-02-21,2026-02-21 23:00:00,0.5671,0.9019,0.9853,9.18
2026-02-22 13:00:00,farm,48,38,2026-02-20,2026-02-20 23:00:00,0.2473,0.7206,0.9897,7.9
2026-02-22 14:00:00,farm,24,15,2026-02-21,2026-02-21 23:00:00,0.5242,0.8873,0.9826,8.45
2026-02-22 14:00:00,farm,48,39,2026-02-20,2026-02-20 23:00:00,0.3807,0.8154,0.9905,8.31
2026-02-22 15:00:00,farm,24,16,2026-02-21,2026-02-21 23:00:00,0.4452,0.8353,0.9793,8.05
2026-02-22 15:00:00,farm,48,40,2026-02-20,2026-02-20 23:00:00,0.3917,0.8413,0.9835,8.29
2026-02-22 16:00:00,farm,24,17,2026-02-21,2026-02-21 23:00:00,0.4105,0.8351,0.9827,7.68
2026-02-22 16:00:00,farm,48,41,2026-02-20,2026-02-20 23:00:00,0.3804,0.8223,0.99,7.88
2026-02-22 17:00:00,farm,24,18,2026-02-21,2026-02-21 23:00:00,0.3404,0.7977,0.9896,7.54
2026-02-22 17:00:00,farm,48,42,2026-02-20,2026-02-20 23:00:00,0.3478,0.7984,0.9959,7.62
2026-02-22 18:00:00,farm,24,19,2026-02-21,2026-02-21 23:00:00,0.1658,0.7116,0.9675,6.04
2026-02-22 18:00:00,farm,48,43,2026-02-20,2026-02-20 23:00:00,0.2138,0.8206,0.9789,6.03
2026-02-22 19:00:00,farm,24,20,2026-02-21,2026-02-21 23:00:00,0.066,0.5903,0.9473,4.16
2026-02-22 19:00:00,farm,48,44,2026-02-20,2026-02-20 23:00:00,0.0762,0.7641,0.9759,4.43
2026-02-22 20:00:00,farm,24,21,2026-02-21,2026-02-21 23:00:00,0.0,0.3994,0.6641,3.31
2026-02-22 20:00:00,farm,48,45,2026-02-20,2026-02-20 23:00:00,0.0255,0.5415,0.8497,4.04
2026-02-22 21:00:00,farm,24,22,2026-02-21,2026-02-21 23:00:00,0.0,0.2364,0.3971,2.2
2026-02-22 21:00:00,farm,48,46,2026-02-20,2026-02-20 23:00:00,0.0,0.3859,0.7187,4.09
2026-02-22 22:00:00,farm,24,23,2026-02-21,2026-02-21 23:00:00,0.0,0.2036,0.3532,1.76
2026-02-22 22:00:00,farm,48,47,2026-02-20,2026-02-20 23:00:00,0.0,0.3657,0.6696,4.3
2026-02-22 23:00:00,farm,24,24,2026-02-21,2026-02-21 23:00:00,0.0018,0.1627,0.2821,1.96
2026-02-22 23:00:00,farm,48,48,2026-02-20,2026-02-20 23:00:00,0.0357,0.4643,0.8483,2.93
2026-02-23 00:00:00,farm,24,1,2026-02-22,2026-02-22 23:00:00,0.0038,0.1205,0.2997,2.03
2026-02-23 00:00:00,farm,48,25,2026-02-21,2026-02-21 23:00:00,0.0042,0.3473,0.7545,1.61
2026-02-23 01:00:00,farm,24,2,2026-02-22,2026-02-22 23:00:00,0.0047,0.1029,0.2384,1.57
2026-02-23 01:00:00,farm,48,26,2026-02-21,2026-02-21 23:00:00,0.0038,0.2858,0.5587,1.37
2026-02-23 02:00:00,farm,24,3,2026-02-22,2026-02-22 23:00:00,0.003,0.1218,0.1959,1.45
2026-02-23 02:00:00,farm,48,27,2026-02-21,2026-02-21 23:00:00,0.0,0.1771,0.4314,1.55
2026-02-23 03:00:00,farm,24,4,2026-02-22,2026-02-22 23:00:00,0.0039,0.1057,0.179,2.01
2026-02-23 03:00:00,farm,48,28,2026-02-21,2026-02-21 23:00:00,0.0,0.1424,0.3624,1.95
2026-02-23 04:00:00,farm,24,5,2026-02-22,2026-02-22 23:00:00,0.0051,0.0942,0.2398,1.25
2026-02-23 04:00:00,farm,48,29,2026-02-21,2026-02-21 23:00:00,0.0031,0.0723,0.2881,2.0
2026-02-23 05:00:00,farm,24,6,2026-02-22,2026-02-22 23:00:00,0.006,0.0765,0.2146,1.0
2026-02-23 05:00:00,farm,48,30,2026-02-21,2026-02-21 23:00:00,0.0027,0.0835,0.2532,3.0
2026-02-23 06:00:00,farm,24,7,2026-02-22,2026-02-22 23:00:00,0.0056,0.08,0.1882,2.23
2026-02-23 06:00:00,farm,48,31,2026-02-21,2026-02-21 23:00:00,0.0,0.1282,0.2471,3.82
2026-02-23 07:00:00,farm,24,8,2026-02-22,2026-02-22 23:00:00,0.0037,0.111,0.1559,3.89
2026-02-23 07:00:00,farm,48,32,2026-02-21,2026-02-21 23:00:00,0.0012,0.1005,0.2286,3.65
2026-02-23 08:00:00,farm,24,9,2026-02-22,2026-02-22 23:00:00,0.0051,0.0867,0.2086,4.28
2026-02-23 08:00:00,farm,48,33,2026-02-21,2026-02-21 23:00:00,0.0027,0.0844,0.238,3.42
2026-02-23 09:00:00,farm,24,10,2026-02-22,2026-02-22 23:00:00,0.0044,0.1013,0.2417,4.06
2026-02-23 09:00:00,farm,48,34,2026-02-21,2026-02-21 23:00:00,0.0028,0.0879,0.2508,3.26
2026-02-23 10:00:00,farm,24,11,2026-02-22,2026-02-22 23:00:00,0.0021,0.1545,0.2759,4.03
2026-02-23 10:00:00,farm,48,35,2026-02-21,2026-02-21 23:00:00,0.0,0.1386,0.2976,3.63
2026-02-23 11:00:00,farm,24,12,2026-02-22,2026-02-22 23:00:00,0.0024,0.1612,0.3218,4.6
2026-02-23 11:00:00,farm,48,36,2026-02-21,2026-02-21 23:00:00,0.0,0.1433,0.4418,4.94
2026-02-23 12:00:00,farm,24,13,2026-02-22,2026-02-22 23:00:00,0.0033,0.195,0.4406,4.35
2026-02-23 12:00:00,farm,48,37,2026-02-21,2026-02-21 23:00:00,0.0,0.2544,0.5745,6.33
2026-02-23 13:00:00,farm,24,14,2026-02-22,2026-02-22 23:00:00,0.0291,0.3621,0.7086,5.08
2026-02-23 13:00:00,farm,48,38,2026-02-21,2026-02-21 23:00:00,0.0,0.3666,0.8611,6.72
2026-02-23 14:00:00,farm,24,15,2026-02-22,2026-02-22 23:00:00,0.0926,0.4518,0.8874,6.45
2026-02-23 14:00:00,farm,48,39,2026-02-21,2026-02-21 23:00:00,0.0109,0.3951,0.9317,7.8
2026-02-23 15:00:00,farm,24,16,2026-02-22,2026-02-22 23:00:00,0.1015,0.4913,0.8454,6.6
2026-02-23 15:00:00,farm,48,40,2026-02-21,2026-02-21 23:00:00,0.0172,0.4479,0.9483,8.98
2026-02-23 16:00:00,farm,24,17,2026-02-22,2026-02-22 23:00:00,0.1188,0.5366,0.9034,8.5
2026-02-23 16:00:00,farm,48,41,2026-02-21,2026-02-21 23:00:00,0.066,0.4911,0.965,9.37
2026-02-23 17:00:00,farm,24,18,2026-02-22,2026-02-22 23:00:00,0.2668,0.6425,0.939,8.31
2026-02-23 17:00:00,farm,48,42,2026-02-21,2026-02-21 23:00:00,0.4285,0.6368,0.9681,9.95
2026-02-23 18:00:00,farm,24,19,2026-02-22,2026-02-22 23:00:00,0.3262,0.6912,0.9684,8.87
2026-02-23 18:00:00,farm,48,43,2026-02-21,2026-02-21 23:00:00,0.297,0.7013,0.9882,10.48
2026-02-23 19:00:00,farm,24,20,2026-02-22,2026-02-22 23:00:00,0.3922,0.7199,0.9907,9.6
2026-02-23 19:00:00,farm,48,44,2026-02-21,2026-02-21 23:00:00,0.2856,0.7069,1.0,10.31
2026-02-23 20:00:00,farm,24,21,2026-02-22,2026-02-22 23:00:00,0.3572,0.6757,1.0,10.14
2026-02-23 20:00:00,farm,48,45,2026-02-21,2026-02-21 23:00:00,0.3914,0.7776,1.0,10.31
2026-02-23 21:00:00,farm,24,22,2026-02-22,2026-02-22 23:00:00,0.29,0.6772,0.9648,10.59
2026-02-23 21:00:00,farm,48,46,2026-02-21,2026-02-21 23:00:00,0.4253,0.7616,0.9981,10.38
2026-02-23 22:00:00,farm,24,23,2026-02-22,2026-02-22 23:00:00,0.5815,0.7823,0.9736,11.21
2026-02-23 22:00:00,farm,48,47,2026-02-21,2026-02-21 23:00:00,0.6437,0.8345,0.9956,9.88
2026-02-23 23:00:00,farm,24,24,2026-02-22,2026-02-22 23:00:00,0.6111,0.8693,0.9892,10.38
2026-02-23 23:00:00,farm,48,48,2026-02-21,2026-02-21 23:00:00,0.5731,0.8682,0.9935,9.55
2026-02-24 00:00:00,farm,24,1,2026-02-23,2026-02-23 23:00:00,0.6334,0.8842,0.9883,9.95
2026-02-24 00:00:00,farm,48,25,2026-02-22,2026-02-22 23:00:00,0.5634,0.9137,0.9913,9.6
2026-02-24 01:00:00,farm,24,2,2026-02-23,2026-02-23 23:00:00,0.4607,0.9047,0.9924,9.1
2026-02-24 01:00:00,farm,48,26,2026-02-22,2026-02-22 23:00:00,0.4509,0.8633,0.9986,8.58
2026-02-24 02:00:00,farm,24,3,2026-02-23,2026-02-23 23:00:00,0.3727,0.8379,0.9961,8.43
2026-02-24 02:00:00,farm,48,27,2026-02-22,2026-02-22 23:00:00,0.3359,0.7907,1.0,8.11
2026-02-24 03:00:00,farm,24,4,2026-02-23,2026-02-23 23:00:00,0.3351,0.8111,0.9955,8.03
2026-02-24 03:00:00,farm,48,28,2026-02-22,2026-02-22 23:00:00,0.3248,0.7895,1.0,8.04
2026-02-24 04:00:00,farm,24,5,2026-02-23,2026-02-23 23:00:00,0.3267,0.7594,0.9879,7.89
2026-02-24 04:00:00,farm,48,29,2026-02-22,2026-02-22 23:00:00,0.3387,0.7737,0.9991,8.38
2026-02-24 05:00:00,farm,24,6,2026-02-23,2026-02-23 23:00:00,0.2463,0.6125,0.9895,7.04
2026-02-24 05:00:00,farm,48,30,2026-02-22,2026-02-22 23:00:00,0.396,0.782,0.9934,8.82
2026-02-24 06:00:00,farm,24,7,2026-02-23,2026-02-23 23:00:00,0.2438,0.5908,0.9789,7.13
2026-02-24 06:00:00,farm,48,31,2026-02-22,2026-02-22 23:00:00,0.357,0.751,0.9911,8.7
2026-02-24 07:00:00,farm,24,8,2026-02-23,2026-02-23 23:00:00,0.1967,0.523,0.969,6.99
2026-02-24 07:00:00,farm,48,32,2026-02-22,2026-02-22 23:00:00,0.3326,0.662,0.9732,8.65
2026-02-24 08:00:00,farm,24,9,2026-02-23,2026-02-23 23:00:00,0.0897,0.4765,0.9407,6.66
2026-02-24 08:00:00,farm,48,33,2026-02-22,2026-02-22 23:00:00,0.1352,0.5108,0.9373,7.22
2026-02-24 09:00:00,farm,24,10,2026-02-23,2026-02-23 23:00:00,0.0788,0.4361,0.9394,6.6
2026-02-24 09:00:00,farm,48,34,2026-02-22,2026-02-22 23:00:00,0.0904,0.4974,0.9329,6.92
2026-02-24 10:00:00,farm,24,11,2026-02-23,2026-02-23 23:00:00,0.0873,0.3866,0.864,6.74
2026-02-24 10:00:00,farm,48,35,2026-02-22,2026-02-22 23:00:00,0.0877,0.4799,0.9129,6.66
2026-02-24 11:00:00,farm,24,12,2026-02-23,2026-02-23 23:00:00,0.1073,0.4187,0.8164,5.85
2026-02-24 11:00:00,farm,48,36,2026-02-22,2026-02-22 23:00:00,0.1114,0.5033,0.9353,7.14
2026-02-24 12:00:00,farm,24,13,2026-02-23,2026-02-23 23:00:00,0.109,0.4533,0.7937,6.15
2026-02-24 12:00:00,farm,48,37,2026-02-22,2026-02-22 23:00:00,0.1194,0.5029,0.9458,6.77
2026-02-24 13:00:00,farm,24,14,2026-02-23,2026-02-23 23:00:00,0.124,0.4581,0.8361,6.15
2026-02-24 13:00:00,farm,48,38,2026-02-22,2026-02-22 23:00:00,0.0991,0.4723,0.9158,6.23
2026-02-24 14:00:00,farm,24,15,2026-02-23,2026-02-23 23:00:00,0.1299,0.4865,0.8607,6.02
2026-02-24 14:00:00,farm,48,39,2026-02-22,2026-02-22 23:00:00,0.1016,0.4959,0.8962,5.7
2026-02-24 15:00:00,farm,24,16,2026-02-23,2026-02-23 23:00:00,0.1166,0.4996,0.8621,5.77
2026-02-24 15:00:00,farm,48,40,2026-02-22,2026-02-22 23:00:00,0.0706,0.4941,0.8817,4.95
2026-02-24 16:00:00,farm,24,17,2026-02-23,2026-02-23 23:00:00,0.0916,0.4834,0.8319,5.04
2026-02-24 16:00:00,farm,48,41,2026-02-22,2026-02-22 23:00:00,0.0748,0.3598,0.8616,4.51
2026-02-24 17:00:00,farm,24,18,2026-02-23,2026-02-23 23:00:00,0.0121,0.2923,0.7225,4.76
2026-02-24 17:00:00,farm,48,42,2026-02-22,2026-02-22 23:00:00,0.0193,0.4469,0.8025,3.66
2026-02-24 18:00:00,farm,24,19,2026-02-23,2026-02-23 23:00:00,0.0083,0.3687,0.6964,3.84
2026-02-24 18:00:00,farm,48,43,2026-02-22,2026-02-22 23:00:00,0.0,0.4059,0.731,2.8
2026-02-24 19:00:00,farm,24,20,2026-02-23,2026-02-23 23:00:00,0.0043,0.3565,0.6572,3.68
2026-02-24 19:00:00,farm,48,44,2026-02-22,2026-02-22 23:00:00,0.0,0.3797,0.5685,1.84
2026-02-24 20:00:00,farm,24,21,2026-02-23,2026-02-23 23:00:00,0.0002,0.3019,0.4806,3.4
2026-02-24 20:00:00,farm,48,45,2026-02-22,2026-02-22 23:00:00,0.0,0.1509,0.4089,0.81
2026-02-24 21:00:00,farm,24,22,2026-02-23,2026-02-23 23:00:00,0.0015,0.1817,0.3385,2.62
2026-02-24 21:00:00,farm,48,46,2026-02-22,2026-02-22 23:00:00,0.0,0.139,0.4167,2.09
2026-02-24 22:00:00,farm,24,23,2026-02-23,2026-02-23 23:00:00,0.0069,0.0605,0.1779,1.88
2026-02-24 22:00:00,farm,48,47,2026-02-22,2026-02-22 23:00:00,0.0035,0.0794,0.2595,3.08
2026-02-24 23:00:00,farm,24,24,2026-02-23,2026-02-23 23:00:00,0.0078,0.0369,0.0517,1.8
2026-02-24 23:00:00,farm,48,48,2026-02-22,2026-02-22 23:00:00,0.006,0.0502,0.1184,2.17
2026-02-25 00:00:00,farm,24,1,2026-02-24,2026-02-24 23:00:00,0.0071,0.0506,0.0516,1.46
2026-02-25 00:00:00,farm,48,25,2026-02-23,2026-02-23 23:00:00,0.0052,0.0577,0.0595,1.82
2026-02-25 01:00:00,farm,24,2,2026-02-24,2026-02-24 23:00:00,0.0073,0.0466,0.0477,1.33
2026-02-25 01:00:00,farm,48,26,2026-02-23,2026-02-23 23:00:00,0.0045,0.0654,0.104,2.8
2026-02-25 02:00:00,farm,24,3,2026-02-24,2026-02-24 23:00:00,0.0067,0.0575,0.0612,2.15
2026-02-25 02:00:00,farm,48,27,2026-02-23,2026-02-23 23:00:00,0.0056,0.0546,0.2003,3.84
2026-02-25 03:00:00,farm,24,4,2026-02-24,2026-02-24 23:00:00,0.0063,0.065,0.1035,3.36
2026-02-25 03:00:00,farm,48,28,2026-02-23,2026-02-23 23:00:00,0.0031,0.0842,0.2416,4.87
2026-02-25 04:00:00,farm,24,5,2026-02-24,2026-02-24 23:00:00,0.0062,0.0718,0.1287,3.4
2026-02-25 04:00:00,farm,48,29,2026-02-23,2026-02-23 23:00:00,0.0,0.1464,0.3689,5.42
2026-02-25 05:00:00,farm,24,6,2026-02-24,2026-02-24 23:00:00,0.0068,0.0539,0.1375,3.73
2026-02-25 05:00:00,farm,48,30,2026-02-23,2026-02-23 23:00:00,0.0,0.1245,0.4023,5.75
2026-02-25 06:00:00,farm,24,7,2026-02-24,2026-02-24 23:00:00,0.0053,0.089,0.2141,3.62
2026-02-25 06:00:00,farm,48,31,2026-02-23,2026-02-23 23:00:00,0.0,0.1683,0.6634,6.15
2026-02-25 07:00:00,farm,24,8,2026-02-24,2026-02-24 23:00:00,0.0033,0.0919,0.2831,3.9
2026-02-25 07:00:00,farm,48,32,2026-02-23,2026-02-23 23:00:00,0.0072,0.2467,0.7575,6.43
2026-02-25 08:00:00,farm,24,9,2026-02-24,2026-02-24 23:00:00,0.0025,0.1058,0.3994,3.84
2026-02-25 08:00:00,farm,48,33,2026-02-23,2026-02-23 23:00:00,0.0328,0.313,0.9529,6.41
2026-02-25 09:00:00,farm,24,10,2026-02-24,2026-02-24 23:00:00,0.0034,0.1126,0.3738,3.27
2026-02-25 09:00:00,farm,48,34,2026-02-23,2026-02-23 23:00:00,0.0439,0.375,0.9431,6.45
2026-02-25 10:00:00,farm,24,11,2026-02-24,2026-02-24 23:00:00,0.0049,0.0915,0.3218,3.01
2026-02-25 10:00:00,farm,48,35,2026-02-23,2026-02-23 23:00:00,0.1059,0.5569,0.9332,6.93
2026-02-25 11:00:00,farm,24,12,2026-02-24,2026-02-24 23:00:00,0.007,0.0451,0.212,2.14
2026-02-25 11:00:00,farm,48,36,2026-02-23,2026-02-23 23:00:00,0.1878,0.6449,0.967,6.81
2026-02-25 12:00:00,farm,24,13,2026-02-24,2026-02-24 23:00:00,0.0073,0.0466,0.1377,1.99
2026-02-25 12:00:00,farm,48,37,2026-02-23,2026-02-23 23:00:00,0.199,0.6511,0.972,6.9
2026-02-25 13:00:00,farm,24,14,2026-02-24,2026-02-24 23:00:00,0.0057,0.0794,0.1211,2.15
2026-02-25 13:00:00,farm,48,38,2026-02-23,2026-02-23 23:00:00,0.1695,0.6244,0.922,6.44
2026-02-25 14:00:00,farm,24,15,2026-02-24,2026-02-24 23:00:00,0.0073,0.0556,0.1787,1.94
2026-02-25 14:00:00,farm,48,39,2026-02-23,2026-02-23 23:00:00,0.0793,0.5047,0.908,5.93
2026-02-25 15:00:00,farm,24,16,2026-02-24,2026-02-24 23:00:00,0.0076,0.0475,0.2152,1.61
2026-02-25 15:00:00,farm,48,40,2026-02-23,2026-02-23 23:00:00,0.0,0.4514,0.8441,5.32
2026-02-25 16:00:00,farm,24,17,2026-02-24,2026-02-24 23:00:00,0.0057,0.0868,0.2285,1.79
2026-02-25 16:00:00,farm,48,41,2026-02-23,2026-02-23 23:00:00,0.0,0.3134,0.7873,5.42
2026-02-25 17:00:00,farm,24,18,2026-02-24,2026-02-24 23:00:00,0.0044,0.1107,0.187,2.21
2026-02-25 17:00:00,farm,48,42,2026-02-23,2026-02-23 23:00:00,0.0,0.2607,0.6655,2.95
2026-02-25 18:00:00,farm,24,19,2026-02-24,2026-02-24 23:00:00,0.0046,0.1072,0.1991,1.69
2026-02-25 18:00:00,farm,48,43,2026-02-23,2026-02-23 23:00:00,0.0,0.2994,0.5878,3.39
2026-02-25 19:00:00,farm,24,20,2026-02-24,2026-02-24 23:00:00,0.0042,0.123,0.3246,0.67
2026-02-25 19:00:00,farm,48,44,2026-02-23,2026-02-23 23:00:00,0.0,0.3315,0.5984,3.94
2026-02-25 20:00:00,farm,24,21,2026-02-24,2026-02-24 23:00:00,0.0024,0.1444,0.3931,1.7
2026-02-25 20:00:00,farm,48,45,2026-02-23,2026-02-23 23:00:00,0.0,0.3264,0.6513,4.74
2026-02-25 21:00:00,farm,24,22,2026-02-24,2026-02-24 23:00:00,0.0006,0.1977,0.4117,2.55
2026-02-25 21:00:00,farm,48,46,2026-02-23,2026-02-23 23:00:00,0.0748,0.5631,0.9105,5.28
2026-02-25 22:00:00,farm,24,23,2026-02-24,2026-02-24 23:00:00,0.0014,0.3669,0.7825,4.47
2026-02-25 22:00:00,farm,48,47,2026-02-23,2026-02-23 23:00:00,0.2323,0.7538,0.9996,6.3
2026-02-25 23:00:00,farm,24,24,2026-02-24,2026-02-24 23:00:00,0.1034,0.5655,0.9659,6.84
2026-02-25 23:00:00,farm,48,48,2026-02-23,2026-02-23 23:00:00,0.2404,0.6552,1.0,7.23
2026-02-26 00:00:00,farm,24,1,2026-02-25,2026-02-25 23:00:00,0.2757,0.7113,0.976,7.29
2026-02-26 00:00:00,farm,48,25,2026-02-24,2026-02-24 23:00:00,0.3185,0.7323,1.0,6.96
2026-02-26 01:00:00,farm,24,2,2026-02-25,2026-02-25 23:00:00,0.2525,0.6871,0.9712,7.64
2026-02-26 01:00:00,farm,48,26,2026-02-24,2026-02-24 23:00:00,0.3332,0.7449,1.0,7.16
2026-02-26 02:00:00,farm,24,3,2026-02-25,2026-02-25 23:00:00,0.2584,0.6648,0.9689,7.69
2026-02-26 02:00:00,farm,48,27,2026-02-24,2026-02-24 23:00:00,0.3514,0.7256,0.9981,7.31
2026-02-26 03:00:00,farm,24,4,2026-02-25,2026-02-25 23:00:00,0.3177,0.7223,0.9871,6.69
2026-02-26 03:00:00,farm,48,28,2026-02-24,2026-02-24 23:00:00,0.3705,0.7783,0.9969,7.52
2026-02-26 04:00:00,farm,24,5,2026-02-25,2026-02-25 23:00:00,0.2871,0.6752,1.0,5.77
2026-02-26 04:00:00,farm,48,29,2026-02-24,2026-02-24 23:00:00,0.3463,0.6773,1.0,7.21
2026-02-26 05:00:00,farm,24,6,2026-02-25,2026-02-25 23:00:00,0.2939,0.6853,1.0,6.31
2026-02-26 05:00:00,farm,48,30,2026-02-24,2026-02-24 23:00:00,0.2595,0.6448,0.9847,5.82
2026-02-26 06:00:00,farm,24,7,2026-02-25,2026-02-25 23:00:00,0.2985,0.6441,1.0,5.98
2026-02-26 06:00:00,farm,48,31,2026-02-24,2026-02-24 23:00:00,0.2757,0.6192,1.0,7.01
2026-02-26 07:00:00,farm,24,8,2026-02-25,2026-02-25 23:00:00,0.2681,0.6643,0.9924,5.52
2026-02-26 07:00:00,farm,48,32,2026-02-24,2026-02-24 23:00:00,0.1846,0.5485,1.0,7.07
2026-02-26 08:00:00,farm,24,9,2026-02-25,2026-02-25 23:00:00,0.0901,0.3995,0.9191,5.1
2026-02-26 08:00:00,farm,48,33,2026-02-24,2026-02-24 23:00:00,0.2892,0.6896,0.9931,6.7
2026-02-26 09:00:00,farm,24,10,2026-02-25,2026-02-25 23:00:00,0.0039,0.1134,0.5007,3.93
2026-02-26 09:00:00,farm,48,34,2026-02-24,2026-02-24 23:00:00,0.0037,0.5648,1.0,2.8
2026-02-26 10:00:00,farm,24,11,2026-02-25,2026-02-25 23:00:00,0.0027,0.3689,0.8597,2.2
2026-02-26 10:00:00,farm,48,35,2026-02-24,2026-02-24 23:00:00,0.0,0.3519,0.7521,7.7
2026-02-26 11:00:00,farm,24,12,2026-02-25,2026-02-25 23:00:00,0.0603,0.4679,0.9216,9.45
2026-02-26 11:00:00,farm,48,36,2026-02-24,2026-02-24 23:00:00,0.09,0.5132,0.9787,7.12
2026-02-26 12:00:00,farm,24,13,2026-02-25,2026-02-25 23:00:00,0.1046,0.5269,0.9239,7.33
2026-02-26 12:00:00,farm,48,37,2026-02-24,2026-02-24 23:00:00,0.0062,0.515,0.8841,5.62
2026-02-26 13:00:00,farm,24,14,2026-02-25,2026-02-25 23:00:00,0.0142,0.499,0.8318,3.65
2026-02-26 13:00:00,farm,48,38,2026-02-24,2026-02-24 23:00:00,0.0,0.3643,0.8333,5.54
2026-02-26 14:00:00,farm,24,15,2026-02-25,2026-02-25 23:00:00,0.0005,0.4111,0.6907,4.48
2026-02-26 14:00:00,farm,48,39,2026-02-24,2026-02-24 23:00:00,0.0336,0.3747,0.856,4.44
2026-02-26 15:00:00,farm,24,16,2026-02-25,2026-02-25 23:00:00,0.045,0.402,0.7312,5.39
2026-02-26 15:00:00,farm,48,40,2026-02-24,2026-02-24 23:00:00,0.0264,0.5057,0.9262,4.46
2026-02-26 16:00:00,farm,24,17,2026-02-25,2026-02-25 23:00:00,0.1361,0.5161,0.926,5.99
2026-02-26 16:00:00,farm,48,41,2026-02-24,2026-02-24 23:00:00,0.0511,0.3942,0.8619,3.94
2026-02-26 17:00:00,farm,24,18,2026-02-25,2026-02-25 23:00:00,0.2755,0.7323,0.9765,8.15
2026-02-26 17:00:00,farm,48,42,2026-02-24,2026-02-24 23:00:00,0.0947,0.485,0.8855,6.93
2026-02-26 18:00:00,farm,24,19,2026-02-25,2026-02-25 23:00:00,0.3221,0.759,0.9855,8.06
2026-02-26 18:00:00,farm,48,43,2026-02-24,2026-02-24 23:00:00,0.1155,0.5022,0.9453,8.08
2026-02-26 19:00:00,farm,24,20,2026-02-25,2026-02-25 23:00:00,0.3062,0.7534,0.9815,7.27
2026-02-26 19:00:00,farm,48,44,2026-02-24,2026-02-24 23:00:00,0.1664,0.5191,0.974,8.28
2026-02-26 20:00:00,farm,24,21,2026-02-25,2026-02-25 23:00:00,0.3244,0.7672,0.9945,7.75
2026-02-26 20:00:00,farm,48,45,2026-02-24,2026-02-24 23:00:00,0.3021,0.7258,0.9896,8.01
2026-02-26 21:00:00,farm,24,22,2026-02-25,2026-02-25 23:00:00,0.3544,0.8018,0.9893,8.45
2026-02-26 21:00:00,farm,48,46,2026-02-24,2026-02-24 23:00:00,0.2693,0.6968,0.9955,6.8
2026-02-26 22:00:00,farm,24,23,2026-02-25,2026-02-25 23:00:00,0.3542,0.7981,0.9889,8.86
2026-02-26 22:00:00,farm,48,47,2026-02-24,2026-02-24 23:00:00,0.2636,0.6609,0.9941,8.35
2026-02-26 23:00:00,farm,24,24,2026-02-25,2026-02-25 23:00:00,0.3039,0.8163,0.9833,8.52
2026-02-26 23:00:00,farm,48,48,2026-02-24,2026-02-24 23:00:00,0.333,0.7346,0.9946,8.81
2026-02-27 00:00:00,farm,24,1,2026-02-26,2026-02-26 23:00:00,0.3352,0.7493,0.9729,9.23
2026-02-27 00:00:00,farm,48,25,2026-02-25,2026-02-25 23:00:00,0.3802,0.7886,0.9952,9.33
2026-02-27 01:00:00,farm,24,2,2026-02-26,2026-02-26 23:00:00,0.2492,0.6679,0.9683,7.98
2026-02-27 01:00:00,farm,48,26,2026-02-25,2026-02-25 23:00:00,0.3799,0.8249,0.9943,9.36
2026-02-27 02:00:00,farm,24,3,2026-02-26,2026-02-26 23:00:00,0.2026,0.544,0.9328,8.17
2026-02-27 02:00:00,farm,48,27,2026-02-25,2026-02-25 23:00:00,0.3404,0.7543,0.9991,7.76
2026-02-27 03:00:00,farm,24,4,2026-02-26,2026-02-26 23:00:00,0.17,0.5728,0.9312,7.89
2026-02-27 03:00:00,farm,48,28,2026-02-25,2026-02-25 23:00:00,0.3063,0.6837,0.9928,7.28
2026-02-27 04:00:00,farm,24,5,2026-02-26,2026-02-26 23:00:00,0.113,0.5186,0.9035,7.08
2026-02-27 04:00:00,farm,48,29,2026-02-25,2026-02-25 23:00:00,0.3021,0.6052,0.9858,7.05
2026-02-27 05:00:00,farm,24,6,2026-02-26,2026-02-26 23:00:00,0.0591,0.3231,0.7923,5.52
2026-02-27 05:00:00,farm,48,30,2026-02-25,2026-02-25 23:00:00,0.2522,0.5505,0.9882,7.7
2026-02-27 06:00:00,farm,24,7,2026-02-26,2026-02-26 23:00:00,0.0,0.2328,0.7446,5.46
2026-02-27 06:00:00,farm,48,31,2026-02-25,2026-02-25 23:00:00,0.1233,0.512,0.977,6.9
2026-02-27 07:00:00,farm,24,8,2026-02-26,2026-02-26 23:00:00,0.0075,0.2282,0.7363,5.47
2026-02-27 07:00:00,farm,48,32,2026-02-25,2026-02-25 23:00:00,0.0852,0.4127,0.9029,6.97
2026-02-27 08:00:00,farm,24,9,2026-02-26,2026-02-26 23:00:00,0.005,0.2378,0.7166,5.2
2026-02-27 08:00:00,farm,48,33,2026-02-25,2026-02-25 23:00:00,0.0104,0.4009,0.8645,6.67
2026-02-27 09:00:00,farm,24,10,2026-02-26,2026-02-26 23:00:00,0.0032,0.2687,0.6451,4.56
2026-02-27 09:00:00,farm,48,34,2026-02-25,2026-02-25 23:00:00,0.0,0.329,0.8071,5.64
2026-02-27 10:00:00,farm,24,11,2026-02-26,2026-02-26 23:00:00,0.0024,0.2601,0.6552,4.61
2026-02-27 10:00:00,farm,48,35,2026-02-25,2026-02-25 23:00:00,0.0,0.2014,0.6772,5.01
2026-02-27 11:00:00,farm,24,12,2026-02-26,2026-02-26 23:00:00,0.0034,0.2223,0.5696,4.7
2026-02-27 11:00:00,farm,48,36,2026-02-25,2026-02-25 23:00:00,0.0,0.2432,0.6789,4.23
2026-02-27 12:00:00,farm,24,13,2026-02-26,2026-02-26 23:00:00,0.0014,0.2984,0.634,4.25
2026-02-27 12:00:00,farm,48,37,2026-02-25,2026-02-25 23:00:00,0.0,0.3491,0.7233,5.25
2026-02-27 13:00:00,farm,24,14,2026-02-26,2026-02-26 23:00:00,0.0048,0.3961,0.708,4.82
2026-02-27 13:00:00,farm,48,38,2026-02-25,2026-02-25 23:00:00,0.0593,0.441,0.9,5.79
2026-02-27 14:00:00,farm,24,15,2026-02-26,2026-02-26 23:00:00,0.1004,0.5096,0.8591,5.93
2026-02-27 14:00:00,farm,48,39,2026-02-25,2026-02-25 23:00:00,0.0873,0.537,0.9639,6.12
2026-02-27 15:00:00,farm,24,16,2026-02-26,2026-02-26 23:00:00,0.1356,0.5848,0.9146,6.38
2026-02-27 15:00:00,farm,48,40,2026-02-25,2026-02-25 23:00:00,0.2006,0.6073,0.9845,7.09
2026-02-27 16:00:00,farm,24,17,2026-02-26,2026-02-26 23:00:00,0.189,0.6096,0.9662,6.75
2026-02-27 16:00:00,farm,48,41,2026-02-25,2026-02-25 23:00:00,0.2405,0.6679,0.9846,8.02
2026-02-27 17:00:00,farm,24,18,2026-02-26,2026-02-26 23:00:00,0.2054,0.6365,0.9809,6.02
2026-02-27 17:00:00,farm,48,42,2026-02-25,2026-02-25 23:00:00,0.2708,0.671,0.9937,7.98
2026-02-27 18:00:00,farm,24,19,2026-02-26,2026-02-26 23:00:00,0.1875,0.6347,0.9739,6.76
2026-02-27 18:00:00,farm,48,43,2026-02-25,2026-02-25 23:00:00,0.2839,0.6845,1.0,8.18
2026-02-27 19:00:00,farm,24,20,2026-02-26,2026-02-26 23:00:00,0.2101,0.6216,0.9978,6.28
2026-02-27 19:00:00,farm,48,44,2026-02-25,2026-02-25 23:00:00,0.2847,0.7064,1.0,7.89
2026-02-27 20:00:00,farm,24,21,2026-02-26,2026-02-26 23:00:00,0.2779,0.6717,1.0,7.31
2026-02-27 20:00:00,farm,48,45,2026-02-25,2026-02-25 23:00:00,0.2614,0.6915,1.0,7.23
2026-02-27 21:00:00,farm,24,22,2026-02-26,2026-02-26 23:00:00,0.2919,0.7288,0.9966,7.25
2026-02-27 21:00:00,farm,48,46,2026-02-25,2026-02-25 23:00:00,0.2429,0.7005,1.0,7.21
2026-02-27 22:00:00,farm,24,23,2026-02-26,2026-02-26 23:00:00,0.2494,0.6787,0.9809,6.81
2026-02-27 22:00:00,farm,48,47,2026-02-25,2026-02-25 23:00:00,0.1992,0.6131,0.9954,7.09
2026-02-27 23:00:00,farm,24,24,2026-02-26,2026-02-26 23:00:00,0.149,0.5662,0.998,6.45
2026-02-27 23:00:00,farm,48,48,2026-02-25,2026-02-25 23:00:00,0.1459,0.6037,0.9907,6.15
2026-02-28 00:00:00,farm,24,1,2026-02-27,2026-02-27 23:00:00,0.1429,0.5059,0.9761,6.2
2026-02-28 00:00:00,farm,48,25,2026-02-26,2026-02-26 23:00:00,0.1148,0.5183,0.976,6.23
2026-02-28 01:00:00,farm,24,2,2026-02-27,2026-02-27 23:00:00,0.1626,0.5447,0.9686,6.65
2026-02-28 01:00:00,farm,48,26,2026-02-26,2026-02-26 23:00:00,0.0712,0.5847,0.9915,5.33
2026-02-28 02:00:00,farm,24,3,2026-02-27,2026-02-27 23:00:00,0.1906,0.5531,0.9548,6.2
2026-02-28 02:00:00,farm,48,27,2026-02-26,2026-02-26 23:00:00,0.1243,0.5699,0.9746,5.77
2026-02-28 03:00:00,farm,24,4,2026-02-27,2026-02-27 23:00:00,0.2272,0.6283,0.9853,6.96
2026-02-28 03:00:00,farm,48,28,2026-02-26,2026-02-26 23:00:00,0.177,0.5656,1.0,6.17
2026-02-28 04:00:00,farm,24,5,2026-02-27,2026-02-27 23:00:00,0.2539,0.673,0.9734,7.06
2026-02-28 04:00:00,farm,48,29,2026-02-26,2026-02-26 23:00:00,0.1878,0.6306,0.995,6.9
2026-02-28 05:00:00,farm,24,6,2026-02-27,2026-02-27 23:00:00,0.3079,0.629,0.9789,7.47
2026-02-28 05:00:00,farm,48,30,2026-02-26,2026-02-26 23:00:00,0.2284,0.6626,0.9928,7.23
2026-02-28 06:00:00,farm,24,7,2026-02-27,2026-02-27 23:00:00,0.2934,0.6821,0.9775,7.4
2026-02-28 06:00:00,farm,48,31,2026-02-26,2026-02-26 23:00:00,0.2403,0.6585,0.9805,7.13
2026-02-28 07:00:00,farm,24,8,2026-02-27,2026-02-27 23:00:00,0.263,0.6431,0.9773,7.29
2026-02-28 07:00:00,farm,48,32,2026-02-26,2026-02-26 23:00:00,0.2647,0.565,0.9767,7.4
2026-02-28 08:00:00,farm,24,9,2026-02-27,2026-02-27 23:00:00,0.2611,0.6817,0.9848,7.29
2026-02-28 08:00:00,farm,48,33,2026-02-26,2026-02-26 23:00:00,0.1974,0.5578,0.9851,7.18
2026-02-28 09:00:00,farm,24,10,2026-02-27,2026-02-27 23:00:00,0.2931,0.7059,0.9856,7.79
2026-02-28 09:00:00,farm,48,34,2026-02-26,2026-02-26 23:00:00,0.2183,0.6095,0.9846,7.19
2026-02-28 10:00:00,farm,24,11,2026-02-27,2026-02-27 23:00:00,0.2907,0.6977,0.9841,7.64
2026-02-28 10:00:00,farm,48,35,2026-02-26,2026-02-26 23:00:00,0.255,0.6398,0.9854,7.14
2026-02-28 11:00:00,farm,24,12,2026-02-27,2026-02-27 23:00:00,0.2603,0.6314,0.975,7.28
2026-02-28 11:00:00,farm,48,36,2026-02-26,2026-02-26 23:00:00,0.2441,0.5752,0.989,7.96
2026-02-28 12:00:00,farm,24,13,2026-02-27,2026-02-27 23:00:00,0.3002,0.6345,0.9734,7.76
2026-02-28 12:00:00,farm,48,37,2026-02-26,2026-02-26 23:00:00,0.2474,0.5603,0.972,7.77
2026-02-28 13:00:00,farm,24,14,2026-02-27,2026-02-27 23:00:00,0.2845,0.6882,0.9854,7.83
2026-02-28 13:00:00,farm,48,38,2026-02-26,2026-02-26 23:00:00,0.2651,0.5949,0.9726,7.69
2026-02-28 14:00:00,farm,24,15,2026-02-27,2026-02-27 23:00:00,0.2811,0.6696,0.9787,7.45
2026-02-28 14:00:00,farm,48,39,2026-02-26,2026-02-26 23:00:00,0.2641,0.6568,0.9872,7.67
2026-02-28 15:00:00,farm,24,16,2026-02-27,2026-02-27 23:00:00,0.2583,0.6805,0.9635,7.27
2026-02-28 15:00:00,farm,48,40,2026-02-26,2026-02-26 23:00:00,0.2109,0.6562,0.9714,7.27
2026-02-28 16:00:00,farm,24,17,2026-02-27,2026-02-27 23:00:00,0.2248,0.6891,0.9489,6.91
2026-02-28 16:00:00,farm,48,41,2026-02-26,2026-02-26 23:00:00,0.214,0.6114,0.949,7.08
2026-02-28 17:00:00,farm,24,18,2026-02-27,2026-02-27 23:00:00,0.1856,0.5289,0.9544,6.65
2026-02-28 17:00:00,farm,48,42,2026-02-26,2026-02-26 23:00:00,0.1671,0.5147,0.9467,6.21
2026-02-28 18:00:00,farm,24,19,2026-02-27,2026-02-27 23:00:00,0.1483,0.4801,0.9445,6.43
2026-02-28 18:00:00,farm,48,43,2026-02-26,2026-02-26 23:00:00,0.1113,0.5118,0.9225,5.94
2026-02-28 19:00:00,farm,24,20,2026-02-27,2026-02-27 23:00:00,0.1393,0.4315,0.9244,6.03
2026-02-28 19:00:00,farm,48,44,2026-02-26,2026-02-26 23:00:00,0.0824,0.5117,0.9168,5.63
2026-02-28 20:00:00,farm,24,21,2026-02-27,2026-02-27 23:00:00,0.1037,0.4883,0.9027,4.85
2026-02-28 20:00:00,farm,48,45,2026-02-26,2026-02-26 23:00:00,0.0112,0.3176,0.8042,4.61
2026-02-28 21:00:00,farm,24,22,2026-02-27,2026-02-27 23:00:00,0.0068,0.3057,0.7857,4.25
2026-02-28 21:00:00,farm,48,46,2026-02-26,2026-02-26 23:00:00,0.002,0.2902,0.7124,4.32
2026-02-28 22:00:00,farm,24,23,2026-02-27,2026-02-27 23:00:00,0.0041,0.3118,0.7466,4.44
2026-02-28 22:00:00,farm,48,47,2026-02-26,2026-02-26 23:00:00,0.0,0.2689,0.6235,3.93
2026-02-28 23:00:00,farm,24,24,2026-02-27,2026-02-27 23:00:00,0.0016,0.3095,0.7374,3.54
2026-02-28 23:00:00,farm,48,48,2026-02-26,2026-02-26 23:00:00,0.0,0.3109,0.5621,3.85
2026-03-01 00:00:00,farm,48,25,2026-02-27,2026-02-27 23:00:00,0.0,0.2622,0.4003,3.63
2026-03-01 01:00:00,farm,48,26,2026-02-27,2026-02-27 23:00:00,0.0,0.3022,0.4049,3.31
2026-03-01 02:00:00,farm,48,27,2026-02-27,2026-02-27 23:00:00,0.0,0.1965,0.3557,2.41
2026-03-01 03:00:00,farm,48,28,2026-02-27,2026-02-27 23:00:00,0.0,0.1999,0.2902,2.47
2026-03-01 04:00:00,farm,48,29,2026-02-27,2026-02-27 23:00:00,0.0,0.1515,0.3503,2.26
2026-03-01 05:00:00,farm,48,30,2026-02-27,2026-02-27 23:00:00,0.0009,0.1195,0.3297,2.36
2026-03-01 06:00:00,farm,48,31,2026-02-27,2026-02-27 23:00:00,0.0013,0.101,0.2433,2.54
2026-03-01 07:00:00,farm,48,32,2026-02-27,2026-02-27 23:00:00,0.0042,0.0687,0.1787,2.6
2026-03-01 08:00:00,farm,48,33,2026-02-27,2026-02-27 23:00:00,0.0052,0.0417,0.2127,2.41
2026-03-01 09:00:00,farm,48,34,2026-02-27,2026-02-27 23:00:00,0.0054,0.0483,0.2043,2.38
2026-03-01 10:00:00,farm,48,35,2026-02-27,2026-02-27 23:00:00,0.0061,0.0383,0.1419,2.67
2026-03-01 11:00:00,farm,48,36,2026-02-27,2026-02-27 23:00:00,0.0045,0.0577,0.1222,2.04
2026-03-01 12:00:00,farm,48,37,2026-02-27,2026-02-27 23:00:00,0.0044,0.0643,0.1081,2.23
2026-03-01 13:00:00,farm,48,38,2026-02-27,2026-02-27 23:00:00,0.0058,0.0503,0.1668,2.22
2026-03-01 14:00:00,farm,48,39,2026-02-27,2026-02-27 23:00:00,0.0067,0.0477,0.1673,2.1
2026-03-01 15:00:00,farm,48,40,2026-02-27,2026-02-27 23:00:00,0.0064,0.0474,0.2124,2.22
2026-03-01 16:00:00,farm,48,41,2026-02-27,2026-02-27 23:00:00,0.006,0.0563,0.2003,2.65
2026-03-01 17:00:00,farm,48,42,2026-02-27,2026-02-27 23:00:00,0.0062,0.0483,0.18,1.83
2026-03-01 18:00:00,farm,48,43,2026-02-27,2026-02-27 23:00:00,0.0063,0.0464,0.1419,1.25
2026-03-01 19:00:00,farm,48,44,2026-02-27,2026-02-27 23:00:00,0.002,0.0982,0.2352,3.15
2026-03-01 20:00:00,farm,48,45,2026-02-27,2026-02-27 23:00:00,0.0012,0.1094,0.3675,5.04
2026-03-01 21:00:00,farm,48,46,2026-02-27,2026-02-27 23:00:00,0.0,0.1645,0.548,6.88
2026-03-01 22:00:00,farm,48,47,2026-02-27,2026-02-27 23:00:00,0.1336,0.5048,0.914,8.19
2026-03-01 23:00:00,farm,48,48,2026-02-27,2026-02-27 23:00:00,0.5357,0.8489,0.9936,8.67
2026-02-01 00:00:00,1,24,1,2026-01-31,2026-01-31 23:00:00,0.0085,0.0376,0.1293,0.21
2026-02-01 01:00:00,1,24,2,2026-01-31,2026-01-31 23:00:00,0.0089,0.0232,0.0297,0.42
2026-02-01 02:00:00,1,24,3,2026-01-31,2026-01-31 23:00:00,0.0089,0.0291,0.0747,0.4
2026-02-01 03:00:00,1,24,4,2026-01-31,2026-01-31 23:00:00,0.0087,0.0354,0.098,0.96
2026-02-01 04:00:00,1,24,5,2026-01-31,2026-01-31 23:00:00,0.0038,0.1278,0.3529,0.8
2026-02-01 05:00:00,1,24,6,2026-01-31,2026-01-31 23:00:00,0.006,0.0864,0.3528,1.49
2026-02-01 06:00:00,1,24,7,2026-01-31,2026-01-31 23:00:00,0.0053,0.0985,0.4709,2.12
2026-02-01 07:00:00,1,24,8,2026-01-31,2026-01-31 23:00:00,0.0075,0.0581,0.5116,3.33
2026-02-01 08:00:00,1,24,9,2026-01-31,2026-01-31 23:00:00,0.0037,0.1293,0.5105,5.05
2026-02-01 09:00:00,1,24,10,2026-01-31,2026-01-31 23:00:00,0.0,0.1725,0.8082,4.83
2026-02-01 10:00:00,1,24,11,2026-01-31,2026-01-31 23:00:00,0.0338,0.2084,0.8232,4.53
2026-02-01 11:00:00,1,24,12,2026-01-31,2026-01-31 23:00:00,0.0,0.2542,0.7336,3.59
2026-02-01 12:00:00,1,24,13,2026-01-31,2026-01-31 23:00:00,0.0,0.2153,0.7403,3.86
2026-02-01 13:00:00,1,24,14,2026-01-31,2026-01-31 23:00:00,0.0,0.2218,0.7064,4.12
2026-02-01 14:00:00,1,24,15,2026-01-31,2026-01-31 23:00:00,0.0,0.2243,0.6681,4.25
2026-02-01 15:00:00,1,24,16,2026-01-31,2026-01-31 23:00:00,0.0,0.217,0.6695,4.31
2026-02-01 16:00:00,1,24,17,2026-01-31,2026-01-31 23:00:00,0.0,0.2947,0.6981,5.69
2026-02-01 17:00:00,1,24,18,2026-01-31,2026-01-31 23:00:00,0.0,0.2106,0.5604,5.12
2026-02-01 18:00:00,1,24,19,2026-01-31,2026-01-31 23:00:00,0.0006,0.1885,0.5241,5.64
2026-02-01 19:00:00,1,24,20,2026-01-31,2026-01-31 23:00:00,0.0,0.2764,0.5955,5.6
2026-02-01 20:00:00,1,24,21,2026-01-31,2026-01-31 23:00:00,0.0,0.2627,0.602,5.77
2026-02-01 21:00:00,1,24,22,2026-01-31,2026-01-31 23:00:00,0.059,0.2249,0.5958,5.87
2026-02-01 22:00:00,1,24,23,2026-01-31,2026-01-31 23:00:00,0.0551,0.2219,0.6034,5.74
2026-02-01 23:00:00,1,24,24,2026-01-31,2026-01-31 23:00:00,0.0561,0.2396,0.6223,5.5
2026-02-02 00:00:00,1,24,1,2026-02-01,2026-02-01 23:00:00,0.0519,0.2783,0.6845,6.33
2026-02-02 00:00:00,1,48,25,2026-01-31,2026-01-31 23:00:00,0.0001,0.1918,0.6601,5.71
2026-02-02 01:00:00,1,24,2,2026-02-01,2026-02-01 23:00:00,0.0506,0.3072,0.7321,6.65
2026-02-02 01:00:00,1,48,26,2026-01-31,2026-01-31 23:00:00,0.0,0.2524,0.7186,6.04
2026-02-02 02:00:00,1,24,3,2026-02-01,2026-02-01 23:00:00,0.0778,0.3256,0.8073,6.64
2026-02-02 02:00:00,1,48,27,2026-01-31,2026-01-31 23:00:00,0.0,0.2777,0.7408,6.13
2026-02-02 03:00:00,1,24,4,2026-02-01,2026-02-01 23:00:00,0.1664,0.4183,0.9059,6.4
2026-02-02 03:00:00,1,48,28,2026-01-31,2026-01-31 23:00:00,0.0505,0.332,0.8197,6.17
2026-02-02 04:00:00,1,24,5,2026-02-01,2026-02-01 23:00:00,0.2141,0.5023,0.9436,6.42
2026-02-02 04:00:00,1,48,29,2026-01-31,2026-01-31 23:00:00,0.135,0.3965,0.9168,6.15
2026-02-02 05:00:00,1,24,6,2026-02-01,2026-02-01 23:00:00,0.2293,0.4951,0.9725,6.84
2026-02-02 05:00:00,1,48,30,2026-01-31,2026-01-31 23:00:00,0.1788,0.39,0.9584,6.42
2026-02-02 06:00:00,1,24,7,2026-02-01,2026-02-01 23:00:00,0.2135,0.4989,0.9661,6.8
2026-02-02 06:00:00,1,48,31,2026-01-31,2026-01-31 23:00:00,0.1679,0.4622,0.9524,6.38
2026-02-02 07:00:00,1,24,8,2026-02-01,2026-02-01 23:00:00,0.2089,0.4112,0.962,6.57
2026-02-02 07:00:00,1,48,32,2026-01-31,2026-01-31 23:00:00,0.1698,0.4197,0.9581,6.56
2026-02-02 08:00:00,1,24,9,2026-02-01,2026-02-01 23:00:00,0.1546,0.4525,0.9822,6.46
2026-02-02 08:00:00,1,48,33,2026-01-31,2026-01-31 23:00:00,0.1285,0.4502,0.9876,6.53
2026-02-02 09:00:00,1,24,10,2026-02-01,2026-02-01 23:00:00,0.2562,0.583,0.9837,7.8
2026-02-02 09:00:00,1,48,34,2026-01-31,2026-01-31 23:00:00,0.1887,0.5403,0.9878,7.22
2026-02-02 10:00:00,1,24,11,2026-02-01,2026-02-01 23:00:00,0.3484,0.701,0.9941,6.77
2026-02-02 10:00:00,1,48,35,2026-01-31,2026-01-31 23:00:00,0.3093,0.6852,1.0,6.55
2026-02-02 11:00:00,1,24,12,2026-02-01,2026-02-01 23:00:00,0.3798,0.7121,0.9874,7.25
2026-02-02 11:00:00,1,48,36,2026-01-31,2026-01-31 23:00:00,0.3166,0.7159,0.995,7.31
2026-02-02 12:00:00,1,24,13,2026-02-01,2026-02-01 23:00:00,0.4317,0.81,0.9974,7.66
2026-02-02 12:00:00,1,48,37,2026-01-31,2026-01-31 23:00:00,0.3902,0.7784,1.0,8.2
2026-02-02 13:00:00,1,24,14,2026-02-01,2026-02-01 23:00:00,0.4581,0.8201,0.9984,8.06
2026-02-02 13:00:00,1,48,38,2026-01-31,2026-01-31 23:00:00,0.527,0.8515,0.9989,9.01
2026-02-02 14:00:00,1,24,15,2026-02-01,2026-02-01 23:00:00,0.4827,0.8326,0.9983,8.28
2026-02-02 14:00:00,1,48,39,2026-01-31,2026-01-31 23:00:00,0.5269,0.8881,0.996,8.84
2026-02-02 15:00:00,1,24,16,2026-02-01,2026-02-01 23:00:00,0.4178,0.863,0.9937,7.84
2026-02-02 15:00:00,1,48,40,2026-01-31,2026-01-31 23:00:00,0.3558,0.8628,0.9991,7.47
2026-02-02 16:00:00,1,24,17,2026-02-01,2026-02-01 23:00:00,0.4336,0.8051,0.9966,7.62
2026-02-02 16:00:00,1,48,41,2026-01-31,2026-01-31 23:00:00,0.1749,0.723,1.0,4.22
2026-02-02 17:00:00,1,24,18,2026-02-01,2026-02-01 23:00:00,0.2229,0.7238,0.9521,5.44
2026-02-02 17:00:00,1,48,42,2026-01-31,2026-01-31 23:00:00,0.1831,0.7166,0.9218,5.66
2026-02-02 18:00:00,1,24,19,2026-02-01,2026-02-01 23:00:00,0.0,0.409,0.6744,3.91
2026-02-02 18:00:00,1,48,43,2026-01-31,2026-01-31 23:00:00,0.1065,0.5861,0.8308,4.3
2026-02-02 19:00:00,1,24,20,2026-02-01,2026-02-01 23:00:00,0.0,0.2589,0.4392,3.07
2026-02-02 19:00:00,1,48,44,2026-01-31,2026-01-31 23:00:00,0.0,0.2852,0.5606,3.85
2026-02-02 20:00:00,1,24,21,2026-02-01,2026-02-01 23:00:00,0.0027,0.1484,0.3161,3.11
2026-02-02 20:00:00,1,48,45,2026-01-31,2026-01-31 23:00:00,0.0,0.1855,0.51,4.43
2026-02-02 21:00:00,1,24,22,2026-02-01,2026-02-01 23:00:00,0.0032,0.1396,0.2914,3.69
2026-02-02 21:00:00,1,48,46,2026-01-31,2026-01-31 23:00:00,0.0,0.1796,0.4837,4.59
2026-02-02 22:00:00,1,24,23,2026-02-01,2026-02-01 23:00:00,0.0021,0.1593,0.3381,3.67
2026-02-02 22:00:00,1,48,47,2026-01-31,2026-01-31 23:00:00,0.0,0.2018,0.4806,3.43
2026-02-02 23:00:00,1,24,24,2026-02-01,2026-02-01 23:00:00,0.0015,0.1711,0.3782,3.97
2026-02-02 23:00:00,1,48,48,2026-01-31,2026-01-31 23:00:00,0.0,0.1801,0.4035,2.6
2026-02-03 00:00:00,1,24,1,2026-02-02,2026-02-02 23:00:00,0.0,0.2336,0.4696,5.19
2026-02-03 00:00:00,1,48,25,2026-02-01,2026-02-01 23:00:00,0.0,0.243,0.5955,3.89
2026-02-03 01:00:00,1,24,2,2026-02-02,2026-02-02 23:00:00,0.0829,0.3574,0.6824,6.05
2026-02-03 01:00:00,1,48,26,2026-02-01,2026-02-01 23:00:00,0.0277,0.353,0.7145,5.41
2026-02-03 02:00:00,1,24,3,2026-02-02,2026-02-02 23:00:00,0.1292,0.409,0.8628,6.47
2026-02-03 02:00:00,1,48,27,2026-02-01,2026-02-01 23:00:00,0.0426,0.3694,0.8674,5.46
2026-02-03 03:00:00,1,24,4,2026-02-02,2026-02-02 23:00:00,0.1577,0.4331,0.89,6.52
2026-02-03 03:00:00,1,48,28,2026-02-01,2026-02-01 23:00:00,0.0478,0.3871,0.844,5.07
2026-02-03 04:00:00,1,24,5,2026-02-02,2026-02-02 23:00:00,0.1838,0.4351,0.8693,6.53
2026-02-03 04:00:00,1,48,29,2026-02-01,2026-02-01 23:00:00,0.0481,0.4008,0.8629,4.57
2026-02-03 05:00:00,1,24,6,2026-02-02,2026-02-02 23:00:00,0.0996,0.3202,0.8553,4.78
2026-02-03 05:00:00,1,48,30,2026-02-01,2026-02-01 23:00:00,0.0012,0.3209,0.845,4.72
2026-02-03 06:00:00,1,24,7,2026-02-02,2026-02-02 23:00:00,0.0902,0.2783,0.6963,2.43
2026-02-03 06:00:00,1,48,31,2026-02-01,2026-02-01 23:00:00,0.0,0.2147,0.7009,4.25
2026-02-03 07:00:00,1,24,8,2026-02-02,2026-02-02 23:00:00,0.0003,0.194,0.6026,3.43
2026-02-03 07:00:00,1,48,32,2026-02-01,2026-02-01 23:00:00,0.0,0.16,0.6113,3.24
2026-02-03 08:00:00,1,24,9,2026-02-02,2026-02-02 23:00:00,0.0024,0.1534,0.3944,2.47
2026-02-03 08:00:00,1,48,33,2026-02-01,2026-02-01 23:00:00,0.0,0.1595,0.4308,1.95
2026-02-03 09:00:00,1,24,10,2026-02-02,2026-02-02 23:00:00,0.0067,0.0729,0.2512,2.67
2026-02-03 09:00:00,1,48,34,2026-02-01,2026-02-01 23:00:00,0.0,0.1367,0.3708,1.43
2026-02-03 10:00:00,1,24,11,2026-02-02,2026-02-02 23:00:00,0.0083,0.0417,0.1285,3.43
2026-02-03 10:00:00,1,48,35,2026-02-01,2026-02-01 23:00:00,0.0054,0.0625,0.2107,1.99
2026-02-03 11:00:00,1,24,12,2026-02-02,2026-02-02 23:00:00,0.0073,0.0621,0.2483,5.06
2026-02-03 11:00:00,1,48,36,2026-02-01,2026-02-01 23:00:00,0.0062,0.0537,0.2505,3.82
2026-02-03 12:00:00,1,24,13,2026-02-02,2026-02-02 23:00:00,0.0076,0.0559,0.1626,4.82
2026-02-03 12:00:00,1,48,37,2026-02-01,2026-02-01 23:00:00,0.0075,0.0391,0.2466,3.71
2026-02-03 13:00:00,1,24,14,2026-02-02,2026-02-02 23:00:00,0.0082,0.0438,0.091,3.15
2026-02-03 13:00:00,1,48,38,2026-02-01,2026-02-01 23:00:00,0.0068,0.0473,0.1897,2.58
2026-02-03 14:00:00,1,24,15,2026-02-02,2026-02-02 23:00:00,0.0087,0.0339,0.0585,3.2
2026-02-03 14:00:00,1,48,39,2026-02-01,2026-02-01 23:00:00,0.0055,0.0614,0.149,3.03
2026-02-03 15:00:00,1,24,16,2026-02-02,2026-02-02 23:00:00,0.008,0.0484,0.1127,2.45
2026-02-03 15:00:00,1,48,40,2026-02-01,2026-02-01 23:00:00,0.0026,0.0954,0.243,4.9
2026-02-03 16:00:00,1,24,17,2026-02-02,2026-02-02 23:00:00,0.0045,0.1144,0.2108,3.2
2026-02-03 16:00:00,1,48,41,2026-02-01,2026-02-01 23:00:00,0.0,0.1571,0.4018,4.77
2026-02-03 17:00:00,1,24,18,2026-02-02,2026-02-02 23:00:00,0.0011,0.1783,0.3778,4.86
2026-02-03 17:00:00,1,48,42,2026-02-01,2026-02-01 23:00:00,0.0,0.1568,0.4496,4.14
2026-02-03 18:00:00,1,24,19,2026-02-02,2026-02-02 23:00:00,0.0,0.344,0.6462,4.44
2026-02-03 18:00:00,1,48,43,2026-02-01,2026-02-01 23:00:00,0.0,0.284,0.5106,6.04
2026-02-03 19:00:00,1,24,20,2026-02-02,2026-02-02 23:00:00,0.1284,0.4357,0.7605,6.42
2026-02-03 19:00:00,1,48,44,2026-02-01,2026-02-01 23:00:00,0.0,0.3408,0.7273,7.64
2026-02-03 20:00:00,1,24,21,2026-02-02,2026-02-02 23:00:00,0.1583,0.533,0.8712,7.23
2026-02-03 20:00:00,1,48,45,2026-02-01,2026-02-01 23:00:00,0.0,0.3759,0.7616,7.09
2026-02-03 21:00:00,1,24,22,2026-02-02,2026-02-02 23:00:00,0.1508,0.5689,0.8817,6.54
2026-02-03 21:00:00,1,48,46,2026-02-01,2026-02-01 23:00:00,0.0,0.36,0.8072,6.72
2026-02-03 22:00:00,1,24,23,2026-02-02,2026-02-02 23:00:00,0.1448,0.5314,0.8836,6.36
2026-02-03 22:00:00,1,48,47,2026-02-01,2026-02-01 23:00:00,0.0,0.3249,0.6776,6.6
2026-02-03 23:00:00,1,24,24,2026-02-02,2026-02-02 23:00:00,0.1468,0.5477,0.8828,6.6
2026-02-03 23:00:00,1,48,48,2026-02-01,2026-02-01 23:00:00,0.0,0.3038,0.7516,5.34
2026-02-04 00:00:00,1,24,1,2026-02-03,2026-02-03 23:00:00,0.1276,0.5625,0.8742,6.29
2026-02-04 00:00:00,1,48,25,2026-02-02,2026-02-02 23:00:00,0.0,0.3178,0.681,5.28
2026-02-04 01:00:00,1,24,2,2026-02-03,2026-02-03 23:00:00,0.1256,0.4724,0.8814,7.24
2026-02-04 01:00:00,1,48,26,2026-02-02,2026-02-02 23:00:00,0.0,0.1917,0.6868,6.17
2026-02-04 02:00:00,1,24,3,2026-02-03,2026-02-03 23:00:00,0.096,0.503,0.8866,6.48
2026-02-04 02:00:00,1,48,27,2026-02-02,2026-02-02 23:00:00,0.0,0.2976,0.7355,6.56
2026-02-04 03:00:00,1,24,4,2026-02-03,2026-02-03 23:00:00,0.1106,0.4812,0.8555,6.37
2026-02-04 03:00:00,1,48,28,2026-02-02,2026-02-02 23:00:00,0.0,0.4143,0.8572,6.78
2026-02-04 04:00:00,1,24,5,2026-02-03,2026-02-03 23:00:00,0.133,0.4809,0.857,6.16
2026-02-04 04:00:00,1,48,29,2026-02-02,2026-02-02 23:00:00,0.0605,0.4257,0.886,7.62
2026-02-04 05:00:00,1,24,6,2026-02-03,2026-02-03 23:00:00,0.1827,0.5315,0.9135,7.61
2026-02-04 05:00:00,1,48,30,2026-02-02,2026-02-02 23:00:00,0.0,0.3685,0.8349,6.55
2026-02-04 06:00:00,1,24,7,2026-02-03,2026-02-03 23:00:00,0.1855,0.6266,0.9456,6.87
2026-02-04 06:00:00,1,48,31,2026-02-02,2026-02-02 23:00:00,0.051,0.487,0.874,6.16
2026-02-04 07:00:00,1,24,8,2026-02-03,2026-02-03 23:00:00,0.1247,0.4894,0.89,6.98
2026-02-04 07:00:00,1,48,32,2026-02-02,2026-02-02 23:00:00,0.0436,0.4828,0.8628,6.29
2026-02-04 08:00:00,1,24,9,2026-02-03,2026-02-03 23:00:00,0.0782,0.4084,0.8594,7.0
2026-02-04 08:00:00,1,48,33,2026-02-02,2026-02-02 23:00:00,0.0357,0.4041,0.8782,7.15
2026-02-04 09:00:00,1,24,10,2026-02-03,2026-02-03 23:00:00,0.0,0.3292,0.7954,7.15
2026-02-04 09:00:00,1,48,34,2026-02-02,2026-02-02 23:00:00,0.0,0.3952,0.8441,6.16
2026-02-04 10:00:00,1,24,11,2026-02-03,2026-02-03 23:00:00,0.0,0.2928,0.7197,7.05
2026-02-04 10:00:00,1,48,35,2026-02-02,2026-02-02 23:00:00,0.0,0.2744,0.6955,5.19
2026-02-04 11:00:00,1,24,12,2026-02-03,2026-02-03 23:00:00,0.0,0.2216,0.5843,5.59
2026-02-04 11:00:00,1,48,36,2026-02-02,2026-02-02 23:00:00,0.0,0.2364,0.6127,5.21
2026-02-04 12:00:00,1,24,13,2026-02-03,2026-02-03 23:00:00,0.0019,0.164,0.4795,5.23
2026-02-04 12:00:00,1,48,37,2026-02-02,2026-02-02 23:00:00,0.0,0.186,0.5144,4.04
2026-02-04 13:00:00,1,24,14,2026-02-03,2026-02-03 23:00:00,0.0025,0.1523,0.3927,5.19
2026-02-04 13:00:00,1,48,38,2026-02-02,2026-02-02 23:00:00,0.0,0.1412,0.4039,3.91
2026-02-04 14:00:00,1,24,15,2026-02-03,2026-02-03 23:00:00,0.0021,0.1602,0.3865,4.99
2026-02-04 14:00:00,1,48,39,2026-02-02,2026-02-02 23:00:00,0.0,0.147,0.4076,4.41
2026-02-04 15:00:00,1,24,16,2026-02-03,2026-02-03 23:00:00,0.0025,0.1524,0.3683,4.57
2026-02-04 15:00:00,1,48,40,2026-02-02,2026-02-02 23:00:00,0.0,0.1503,0.3924,4.21
2026-02-04 16:00:00,1,24,17,2026-02-03,2026-02-03 23:00:00,0.0047,0.1099,0.3299,3.85
2026-02-04 16:00:00,1,48,41,2026-02-02,2026-02-02 23:00:00,0.0,0.1671,0.3691,3.48
2026-02-04 17:00:00,1,24,18,2026-02-03,2026-02-03 23:00:00,0.004,0.1239,0.261,2.76
2026-02-04 17:00:00,1,48,42,2026-02-02,2026-02-02 23:00:00,0.0,0.1328,0.2462,2.84
2026-02-04 18:00:00,1,24,19,2026-02-03,2026-02-03 23:00:00,0.0044,0.1152,0.2454,1.72
2026-02-04 18:00:00,1,48,43,2026-02-02,2026-02-02 23:00:00,0.002,0.102,0.3037,0.73
2026-02-04 19:00:00,1,24,20,2026-02-03,2026-02-03 23:00:00,0.0,0.2245,0.4723,3.24
2026-02-04 19:00:00,1,48,44,2026-02-02,2026-02-02 23:00:00,0.0,0.1907,0.3395,5.05
2026-02-04 20:00:00,1,24,21,2026-02-03,2026-02-03 23:00:00,0.0638,0.3749,0.7609,6.02
2026-02-04 20:00:00,1,48,45,2026-02-02,2026-02-02 23:00:00,0.0,0.2731,0.7086,6.54
2026-02-04 21:00:00,1,24,22,2026-02-03,2026-02-03 23:00:00,0.2382,0.6551,0.9505,6.49
2026-02-04 21:00:00,1,48,46,2026-02-02,2026-02-02 23:00:00,0.1692,0.5684,0.9928,7.2
2026-02-04 22:00:00,1,24,23,2026-02-03,2026-02-03 23:00:00,0.2839,0.6463,0.9853,6.93
2026-02-04 22:00:00,1,48,47,2026-02-02,2026-02-02 23:00:00,0.2921,0.6889,1.0,7.67
2026-02-04 23:00:00,1,24,24,2026-02-03,2026-02-03 23:00:00,0.3612,0.6896,0.9852,7.63
2026-02-04 23:00:00,1,48,48,2026-02-02,2026-02-02 23:00:00,0.3054,0.7004,1.0,7.38
2026-02-05 00:00:00,1,24,1,2026-02-04,2026-02-04 23:00:00,0.4814,0.8255,0.9939,8.52
2026-02-05 00:00:00,1,48,25,2026-02-03,2026-02-03 23:00:00,0.3766,0.7285,1.0,7.75
2026-02-05 01:00:00,1,24,2,2026-02-04,2026-02-04 23:00:00,0.666,0.8978,0.9914,9.11
2026-02-05 01:00:00,1,48,26,2026-02-03,2026-02-03 23:00:00,0.4028,0.818,1.0,8.05
2026-02-05 02:00:00,1,24,3,2026-02-04,2026-02-04 23:00:00,0.8531,0.9353,0.9917,9.71
2026-02-05 02:00:00,1,48,27,2026-02-03,2026-02-03 23:00:00,0.7424,0.9017,0.9959,8.57
2026-02-05 03:00:00,1,24,4,2026-02-04,2026-02-04 23:00:00,0.9533,0.9544,0.992,10.07
2026-02-05 03:00:00,1,48,28,2026-02-03,2026-02-03 23:00:00,0.8578,0.9358,0.9939,8.78
2026-02-05 04:00:00,1,24,5,2026-02-04,2026-02-04 23:00:00,0.9604,0.9615,0.9915,10.41
2026-02-05 04:00:00,1,48,29,2026-02-03,2026-02-03 23:00:00,0.8582,0.9301,0.9952,9.66
2026-02-05 05:00:00,1,24,6,2026-02-04,2026-02-04 23:00:00,0.895,0.8961,0.9949,10.98
2026-02-05 05:00:00,1,48,30,2026-02-03,2026-02-03 23:00:00,0.9416,0.9433,0.994,10.41
2026-02-05 06:00:00,1,24,7,2026-02-04,2026-02-04 23:00:00,0.892,0.8931,0.9962,11.71
2026-02-05 06:00:00,1,48,31,2026-02-03,2026-02-03 23:00:00,0.9494,0.9511,0.9944,11.19
2026-02-05 07:00:00,1,24,8,2026-02-04,2026-02-04 23:00:00,0.893,0.894,0.995,11.89
2026-02-05 07:00:00,1,48,32,2026-02-03,2026-02-03 23:00:00,0.8963,0.898,0.9979,11.33
2026-02-05 08:00:00,1,24,9,2026-02-04,2026-02-04 23:00:00,0.8933,0.8944,0.9952,11.98
2026-02-05 08:00:00,1,48,33,2026-02-03,2026-02-03 23:00:00,0.8858,0.8876,0.999,11.51
2026-02-05 09:00:00,1,24,10,2026-02-04,2026-02-04 23:00:00,0.9547,0.9558,0.9917,11.6
2026-02-05 09:00:00,1,48,34,2026-02-03,2026-02-03 23:00:00,0.8922,0.8939,0.9984,10.58
2026-02-05 10:00:00,1,24,11,2026-02-04,2026-02-04 23:00:00,0.9777,0.9787,0.9911,11.45
2026-02-05 10:00:00,1,48,35,2026-02-03,2026-02-03 23:00:00,0.9788,0.9806,0.9917,10.9
2026-02-05 11:00:00,1,24,12,2026-02-04,2026-02-04 23:00:00,0.9663,0.9828,0.991,11.75
2026-02-05 11:00:00,1,48,36,2026-02-03,2026-02-03 23:00:00,0.984,0.9857,0.9918,12.16
2026-02-05 12:00:00,1,24,13,2026-02-04,2026-02-04 23:00:00,0.9283,0.9671,0.9912,12.09
2026-02-05 12:00:00,1,48,37,2026-02-03,2026-02-03 23:00:00,0.9327,0.9732,0.9918,12.64
2026-02-05 13:00:00,1,24,14,2026-02-04,2026-02-04 23:00:00,0.9213,0.9223,0.9927,11.22
2026-02-05 13:00:00,1,48,38,2026-02-03,2026-02-03 23:00:00,0.9109,0.9126,0.9967,11.75
2026-02-05 14:00:00,1,24,15,2026-02-04,2026-02-04 23:00:00,0.8671,0.9131,0.9933,10.16
2026-02-05 14:00:00,1,48,39,2026-02-03,2026-02-03 23:00:00,0.9059,0.9076,0.9968,10.6
2026-02-05 15:00:00,1,24,16,2026-02-04,2026-02-04 23:00:00,0.5537,0.9822,0.9935,8.5
2026-02-05 15:00:00,1,48,40,2026-02-03,2026-02-03 23:00:00,0.6428,0.9405,0.9974,8.65
2026-02-05 16:00:00,1,24,17,2026-02-04,2026-02-04 23:00:00,0.4486,0.9302,0.9954,7.94
2026-02-05 16:00:00,1,48,41,2026-02-03,2026-02-03 23:00:00,0.4101,0.885,1.0,8.32
2026-02-05 17:00:00,1,24,18,2026-02-04,2026-02-04 23:00:00,0.367,0.9592,0.9995,7.03
2026-02-05 17:00:00,1,48,42,2026-02-03,2026-02-03 23:00:00,0.4427,0.9621,0.9952,8.46
2026-02-05 18:00:00,1,24,19,2026-02-04,2026-02-04 23:00:00,0.3465,0.8676,0.9774,6.5
2026-02-05 18:00:00,1,48,43,2026-02-03,2026-02-03 23:00:00,0.366,0.9261,1.0,7.17
2026-02-05 19:00:00,1,24,20,2026-02-04,2026-02-04 23:00:00,0.256,0.8362,0.9782,6.59
2026-02-05 19:00:00,1,48,44,2026-02-03,2026-02-03 23:00:00,0.3576,0.8766,0.9815,6.6
2026-02-05 20:00:00,1,24,21,2026-02-04,2026-02-04 23:00:00,0.2421,0.7902,0.9776,6.86
2026-02-05 20:00:00,1,48,45,2026-02-03,2026-02-03 23:00:00,0.2188,0.8404,0.9775,6.74
2026-02-05 21:00:00,1,24,22,2026-02-04,2026-02-04 23:00:00,0.2254,0.7146,0.9758,6.88
2026-02-05 21:00:00,1,48,46,2026-02-03,2026-02-03 23:00:00,0.1721,0.7995,0.9773,6.72
2026-02-05 22:00:00,1,24,23,2026-02-04,2026-02-04 23:00:00,0.2099,0.6563,0.9503,6.36
2026-02-05 22:00:00,1,48,47,2026-02-03,2026-02-03 23:00:00,0.1753,0.6634,0.9648,6.99
2026-02-05 23:00:00,1,24,24,2026-02-04,2026-02-04 23:00:00,0.2009,0.5319,0.9348,6.57
2026-02-05 23:00:00,1,48,48,2026-02-03,2026-02-03 23:00:00,0.1723,0.5603,0.9507,6.34
2026-02-06 00:00:00,1,24,1,2026-02-05,2026-02-05 23:00:00,0.1802,0.4623,0.877,6.18
2026-02-06 00:00:00,1,48,25,2026-02-04,2026-02-04 23:00:00,0.1412,0.5214,0.9037,6.06
2026-02-06 01:00:00,1,24,2,2026-02-05,2026-02-05 23:00:00,0.1476,0.4399,0.834,5.49
2026-02-06 01:00:00,1,48,26,2026-02-04,2026-02-04 23:00:00,0.0972,0.4511,0.8769,5.68
2026-02-06 02:00:00,1,24,3,2026-02-05,2026-02-05 23:00:00,0.0925,0.444,0.7955,5.12
2026-02-06 02:00:00,1,48,27,2026-02-04,2026-02-04 23:00:00,0.0678,0.4244,0.8476,5.39
2026-02-06 03:00:00,1,24,4,2026-02-05,2026-02-05 23:00:00,0.0705,0.3106,0.7628,4.73
2026-02-06 03:00:00,1,48,28,2026-02-04,2026-02-04 23:00:00,0.0205,0.3422,0.7539,5.03
2026-02-06 04:00:00,1,24,5,2026-02-05,2026-02-05 23:00:00,0.0447,0.3275,0.6575,3.01
2026-02-06 04:00:00,1,48,29,2026-02-04,2026-02-04 23:00:00,0.0,0.2672,0.5568,3.06
2026-02-06 05:00:00,1,24,6,2026-02-05,2026-02-05 23:00:00,0.0008,0.1839,0.401,2.92
2026-02-06 05:00:00,1,48,30,2026-02-04,2026-02-04 23:00:00,0.0,0.1808,0.4647,3.06
2026-02-06 06:00:00,1,24,7,2026-02-05,2026-02-05 23:00:00,0.0007,0.1865,0.364,2.02
2026-02-06 06:00:00,1,48,31,2026-02-04,2026-02-04 23:00:00,0.0,0.1285,0.3263,7.97
2026-02-06 07:00:00,1,24,8,2026-02-05,2026-02-05 23:00:00,0.0064,0.0777,0.2189,6.09
2026-02-06 07:00:00,1,48,32,2026-02-04,2026-02-04 23:00:00,0.0,0.1797,0.3923,5.78
2026-02-06 08:00:00,1,24,9,2026-02-05,2026-02-05 23:00:00,0.0,0.2112,0.4557,7.29
2026-02-06 08:00:00,1,48,33,2026-02-04,2026-02-04 23:00:00,0.0,0.2474,0.5081,5.28
2026-02-06 09:00:00,1,24,10,2026-02-05,2026-02-05 23:00:00,0.002,0.1623,0.4212,5.48
2026-02-06 09:00:00,1,48,34,2026-02-04,2026-02-04 23:00:00,0.0,0.3392,0.679,8.5
2026-02-06 10:00:00,1,24,11,2026-02-05,2026-02-05 23:00:00,0.0035,0.1339,0.3108,2.77
2026-02-06 10:00:00,1,48,35,2026-02-04,2026-02-04 23:00:00,0.0,0.4598,1.0,13.45
2026-02-06 11:00:00,1,24,12,2026-02-05,2026-02-05 23:00:00,0.0,0.2568,0.7229,5.33
2026-02-06 11:00:00,1,48,36,2026-02-04,2026-02-04 23:00:00,0.2014,0.6962,0.9897,11.42
2026-02-06 12:00:00,1,24,13,2026-02-05,2026-02-05 23:00:00,0.1887,0.5602,0.8778,8.8
2026-02-06 12:00:00,1,48,37,2026-02-04,2026-02-04 23:00:00,0.2386,0.7818,1.0,12.61
2026-02-06 13:00:00,1,24,14,2026-02-05,2026-02-05 23:00:00,0.442,0.8322,0.9942,9.74
2026-02-06 13:00:00,1,48,38,2026-02-04,2026-02-04 23:00:00,0.5108,0.8835,0.9981,12.6
2026-02-06 14:00:00,1,24,15,2026-02-05,2026-02-05 23:00:00,0.6379,0.9059,0.9942,11.73
2026-02-06 14:00:00,1,48,39,2026-02-04,2026-02-04 23:00:00,0.9412,0.9556,0.9928,13.06
2026-02-06 15:00:00,1,24,16,2026-02-05,2026-02-05 23:00:00,0.911,0.9583,0.9917,12.85
2026-02-06 15:00:00,1,48,40,2026-02-04,2026-02-04 23:00:00,0.9362,0.9546,0.9933,13.08
2026-02-06 16:00:00,1,24,17,2026-02-05,2026-02-05 23:00:00,0.9559,0.9709,0.9912,13.73
2026-02-06 16:00:00,1,48,41,2026-02-04,2026-02-04 23:00:00,0.9344,0.9677,0.9919,12.45
2026-02-06 17:00:00,1,24,18,2026-02-05,2026-02-05 23:00:00,0.9622,0.9817,0.9913,14.87
2026-02-06 17:00:00,1,48,42,2026-02-04,2026-02-04 23:00:00,0.9367,0.9587,0.9929,14.21
2026-02-06 18:00:00,1,24,19,2026-02-05,2026-02-05 23:00:00,0.9725,0.977,0.9911,16.0
2026-02-06 18:00:00,1,48,43,2026-02-04,2026-02-04 23:00:00,0.949,0.9652,0.9924,13.65
2026-02-06 19:00:00,1,24,20,2026-02-05,2026-02-05 23:00:00,0.9849,0.997,0.9981,14.47
2026-02-06 19:00:00,1,48,44,2026-02-04,2026-02-04 23:00:00,0.9623,0.9756,0.9926,13.85
2026-02-06 20:00:00,1,24,21,2026-02-05,2026-02-05 23:00:00,0.9845,0.9882,0.9918,14.15
2026-02-06 20:00:00,1,48,45,2026-02-04,2026-02-04 23:00:00,0.9811,1.0,1.0,13.95
2026-02-06 21:00:00,1,24,22,2026-02-05,2026-02-05 23:00:00,0.9631,0.9641,0.9925,13.49
2026-02-06 21:00:00,1,48,46,2026-02-04,2026-02-04 23:00:00,0.9864,0.9986,1.0,12.98
2026-02-06 22:00:00,1,24,23,2026-02-05,2026-02-05 23:00:00,0.7784,0.8788,0.995,11.46
2026-02-06 22:00:00,1,48,47,2026-02-04,2026-02-04 23:00:00,0.9761,0.9779,0.9928,11.87
2026-02-06 23:00:00,1,24,24,2026-02-05,2026-02-05 23:00:00,0.4308,0.8756,0.9962,7.78
2026-02-06 23:00:00,1,48,48,2026-02-04,2026-02-04 23:00:00,0.9622,0.9832,0.9932,11.95
2026-02-07 00:00:00,1,24,1,2026-02-06,2026-02-06 23:00:00,0.2511,0.7257,0.9666,6.3
2026-02-07 00:00:00,1,48,25,2026-02-05,2026-02-05 23:00:00,0.8682,0.9613,0.9929,10.69
2026-02-07 01:00:00,1,24,2,2026-02-06,2026-02-06 23:00:00,0.1914,0.6303,0.9509,5.77
2026-02-07 01:00:00,1,48,26,2026-02-05,2026-02-05 23:00:00,0.4753,0.8649,0.9952,10.34
2026-02-07 02:00:00,1,24,3,2026-02-06,2026-02-06 23:00:00,0.1426,0.5547,0.8889,6.22
2026-02-07 02:00:00,1,48,27,2026-02-05,2026-02-05 23:00:00,0.3815,0.7328,0.9531,9.46
2026-02-07 03:00:00,1,24,4,2026-02-06,2026-02-06 23:00:00,0.0993,0.3528,0.7679,6.06
2026-02-07 03:00:00,1,48,28,2026-02-05,2026-02-05 23:00:00,0.153,0.6337,0.9424,8.13
2026-02-07 04:00:00,1,24,5,2026-02-06,2026-02-06 23:00:00,0.0,0.2752,0.6752,5.87
2026-02-07 04:00:00,1,48,29,2026-02-05,2026-02-05 23:00:00,0.0652,0.426,0.8668,7.49
2026-02-07 05:00:00,1,24,6,2026-02-06,2026-02-06 23:00:00,0.0023,0.1566,0.5154,3.93
2026-02-07 05:00:00,1,48,30,2026-02-05,2026-02-05 23:00:00,0.0,0.3459,0.7517,5.41
2026-02-07 06:00:00,1,24,7,2026-02-06,2026-02-06 23:00:00,0.0081,0.0455,0.1783,2.55
2026-02-07 06:00:00,1,48,31,2026-02-05,2026-02-05 23:00:00,0.0,0.1592,0.4453,4.48
2026-02-07 07:00:00,1,24,8,2026-02-06,2026-02-06 23:00:00,0.0089,0.0178,0.0585,0.91
2026-02-07 07:00:00,1,48,32,2026-02-05,2026-02-05 23:00:00,0.0055,0.0623,0.2077,2.44
2026-02-07 08:00:00,1,24,9,2026-02-06,2026-02-06 23:00:00,0.0089,0.0114,0.0125,0.59
2026-02-07 08:00:00,1,48,33,2026-02-05,2026-02-05 23:00:00,0.0077,0.036,0.0421,0.86
2026-02-07 09:00:00,1,24,10,2026-02-06,2026-02-06 23:00:00,0.0086,0.0364,0.1412,1.34
2026-02-07 09:00:00,1,48,34,2026-02-05,2026-02-05 23:00:00,0.0078,0.0353,0.1767,1.97
2026-02-07 10:00:00,1,24,11,2026-02-06,2026-02-06 23:00:00,0.0044,0.1163,0.4766,3.24
2026-02-07 10:00:00,1,48,35,2026-02-05,2026-02-05 23:00:00,0.005,0.0675,0.3084,1.95
2026-02-07 11:00:00,1,24,12,2026-02-06,2026-02-06 23:00:00,0.0,0.2753,0.7522,5.59
2026-02-07 11:00:00,1,48,36,2026-02-05,2026-02-05 23:00:00,0.0,0.1333,0.589,3.48
2026-02-07 12:00:00,1,24,13,2026-02-06,2026-02-06 23:00:00,0.0,0.4163,0.7997,6.16
2026-02-07 12:00:00,1,48,37,2026-02-05,2026-02-05 23:00:00,0.0,0.1926,0.6616,4.51
2026-02-07 13:00:00,1,24,14,2026-02-06,2026-02-06 23:00:00,0.0,0.4039,0.7628,6.09
2026-02-07 13:00:00,1,48,38,2026-02-05,2026-02-05 23:00:00,0.0,0.2794,0.6602,5.15
2026-02-07 14:00:00,1,24,15,2026-02-06,2026-02-06 23:00:00,0.0,0.2198,0.5647,5.2
2026-02-07 14:00:00,1,48,39,2026-02-05,2026-02-05 23:00:00,0.0,0.2907,0.5826,5.02
2026-02-07 15:00:00,1,24,16,2026-02-06,2026-02-06 23:00:00,0.003,0.1421,0.3269,3.68
2026-02-07 15:00:00,1,48,40,2026-02-05,2026-02-05 23:00:00,0.0,0.1566,0.4041,4.28
2026-02-07 16:00:00,1,24,17,2026-02-06,2026-02-06 23:00:00,0.0075,0.0581,0.1592,2.33
2026-02-07 16:00:00,1,48,41,2026-02-05,2026-02-05 23:00:00,0.0009,0.1154,0.3204,3.37
2026-02-07 17:00:00,1,24,18,2026-02-06,2026-02-06 23:00:00,0.0058,0.0892,0.1915,0.61
2026-02-07 17:00:00,1,48,42,2026-02-05,2026-02-05 23:00:00,0.0065,0.0499,0.178,1.52
2026-02-07 18:00:00,1,24,19,2026-02-06,2026-02-06 23:00:00,0.0015,0.1716,0.4119,5.11
2026-02-07 18:00:00,1,48,43,2026-02-05,2026-02-05 23:00:00,0.0,0.1559,0.3201,4.43
2026-02-07 19:00:00,1,24,20,2026-02-06,2026-02-06 23:00:00,0.1319,0.3431,0.7808,7.59
2026-02-07 19:00:00,1,48,44,2026-02-05,2026-02-05 23:00:00,0.0,0.2613,0.6408,7.1
2026-02-07 20:00:00,1,24,21,2026-02-06,2026-02-06 23:00:00,0.199,0.5528,0.9283,8.94
2026-02-07 20:00:00,1,48,45,2026-02-05,2026-02-05 23:00:00,0.1233,0.4123,0.9241,7.22
2026-02-07 21:00:00,1,24,22,2026-02-06,2026-02-06 23:00:00,0.3097,0.7321,0.9825,10.17
2026-02-07 21:00:00,1,48,46,2026-02-05,2026-02-05 23:00:00,0.1458,0.5835,0.9832,7.49
2026-02-07 22:00:00,1,24,23,2026-02-06,2026-02-06 23:00:00,0.5109,0.8686,0.9844,10.57
2026-02-07 22:00:00,1,48,47,2026-02-05,2026-02-05 23:00:00,0.1962,0.6077,0.9784,8.92
2026-02-07 23:00:00,1,24,24,2026-02-06,2026-02-06 23:00:00,0.8196,0.9632,0.9919,11.06
2026-02-07 23:00:00,1,48,48,2026-02-05,2026-02-05 23:00:00,0.2711,0.7021,0.9995,9.49
2026-02-08 00:00:00,1,24,1,2026-02-07,2026-02-07 23:00:00,0.7989,0.9723,0.992,11.59
2026-02-08 00:00:00,1,48,25,2026-02-06,2026-02-06 23:00:00,0.3049,0.7537,0.9606,10.32
2026-02-08 01:00:00,1,24,2,2026-02-07,2026-02-07 23:00:00,0.7633,0.9645,0.9933,11.43
2026-02-08 01:00:00,1,48,26,2026-02-06,2026-02-06 23:00:00,0.3971,0.7925,0.9832,9.3
2026-02-08 02:00:00,1,24,3,2026-02-07,2026-02-07 23:00:00,0.6776,0.907,0.9944,10.59
2026-02-08 02:00:00,1,48,27,2026-02-06,2026-02-06 23:00:00,0.4227,0.8278,0.9786,9.67
2026-02-08 03:00:00,1,24,4,2026-02-07,2026-02-07 23:00:00,0.4816,0.869,0.9873,9.55
2026-02-08 03:00:00,1,48,28,2026-02-06,2026-02-06 23:00:00,0.4305,0.8549,0.9834,9.73
2026-02-08 04:00:00,1,24,5,2026-02-07,2026-02-07 23:00:00,0.3315,0.7295,0.9878,8.39
2026-02-08 04:00:00,1,48,29,2026-02-06,2026-02-06 23:00:00,0.387,0.736,0.9929,9.04
2026-02-08 05:00:00,1,24,6,2026-02-07,2026-02-07 23:00:00,0.2495,0.6139,0.9642,7.97
2026-02-08 05:00:00,1,48,30,2026-02-06,2026-02-06 23:00:00,0.206,0.6416,0.9644,7.29
2026-02-08 06:00:00,1,24,7,2026-02-07,2026-02-07 23:00:00,0.1982,0.5893,0.9477,7.62
2026-02-08 06:00:00,1,48,31,2026-02-06,2026-02-06 23:00:00,0.1222,0.5926,0.9334,6.88
2026-02-08 07:00:00,1,24,8,2026-02-07,2026-02-07 23:00:00,0.1001,0.4261,0.8242,6.74
2026-02-08 07:00:00,1,48,32,2026-02-06,2026-02-06 23:00:00,0.0672,0.4275,0.8763,6.31
2026-02-08 08:00:00,1,24,9,2026-02-07,2026-02-07 23:00:00,0.0,0.3454,0.7204,5.02
2026-02-08 08:00:00,1,48,33,2026-02-06,2026-02-06 23:00:00,0.0,0.353,0.7794,5.89
2026-02-08 09:00:00,1,24,10,2026-02-07,2026-02-07 23:00:00,0.0004,0.192,0.3876,3.43
2026-02-08 09:00:00,1,48,34,2026-02-06,2026-02-06 23:00:00,0.0,0.2446,0.7091,4.9
2026-02-08 10:00:00,1,24,11,2026-02-07,2026-02-07 23:00:00,0.0038,0.1274,0.2691,2.58
2026-02-08 10:00:00,1,48,35,2026-02-06,2026-02-06 23:00:00,0.0,0.1667,0.5094,3.5
2026-02-08 11:00:00,1,24,12,2026-02-07,2026-02-07 23:00:00,0.0073,0.0613,0.1689,2.17
2026-02-08 11:00:00,1,48,36,2026-02-06,2026-02-06 23:00:00,0.0065,0.0505,0.2042,1.93
2026-02-08 12:00:00,1,24,13,2026-02-07,2026-02-07 23:00:00,0.0089,0.0275,0.052,1.15
2026-02-08 12:00:00,1,48,37,2026-02-06,2026-02-06 23:00:00,0.0081,0.0322,0.0886,0.97
2026-02-08 13:00:00,1,24,14,2026-02-07,2026-02-07 23:00:00,0.0078,0.0511,0.0668,0.71
2026-02-08 13:00:00,1,48,38,2026-02-06,2026-02-06 23:00:00,0.007,0.045,0.0792,1.72
2026-02-08 14:00:00,1,24,15,2026-02-07,2026-02-07 23:00:00,0.0024,0.1538,0.4266,2.93
2026-02-08 14:00:00,1,48,39,2026-02-06,2026-02-06 23:00:00,0.0,0.188,0.4402,4.19
2026-02-08 15:00:00,1,24,16,2026-02-07,2026-02-07 23:00:00,0.1812,0.5071,0.9447,5.91
2026-02-08 15:00:00,1,48,40,2026-02-06,2026-02-06 23:00:00,0.0,0.4653,0.7974,7.07
2026-02-08 16:00:00,1,24,17,2026-02-07,2026-02-07 23:00:00,0.4608,0.8823,0.9981,8.55
2026-02-08 16:00:00,1,48,41,2026-02-06,2026-02-06 23:00:00,0.5355,0.8568,0.995,9.57
2026-02-08 17:00:00,1,24,18,2026-02-07,2026-02-07 23:00:00,0.9713,0.9724,0.9916,10.71
2026-02-08 17:00:00,1,48,42,2026-02-06,2026-02-06 23:00:00,0.9708,0.9793,0.9923,10.25
2026-02-08 18:00:00,1,24,19,2026-02-07,2026-02-07 23:00:00,0.9774,0.9785,0.9915,10.86
2026-02-08 18:00:00,1,48,43,2026-02-06,2026-02-06 23:00:00,0.9704,0.9721,0.9922,10.89
2026-02-08 19:00:00,1,24,20,2026-02-07,2026-02-07 23:00:00,0.9187,0.9198,0.9941,11.45
2026-02-08 19:00:00,1,48,44,2026-02-06,2026-02-06 23:00:00,0.9736,0.9753,0.9921,11.57
2026-02-08 20:00:00,1,24,21,2026-02-07,2026-02-07 23:00:00,0.916,0.9171,0.9943,11.79
2026-02-08 20:00:00,1,48,45,2026-02-06,2026-02-06 23:00:00,0.9679,0.9696,0.992,11.77
2026-02-08 21:00:00,1,24,22,2026-02-07,2026-02-07 23:00:00,0.9633,0.9644,0.9918,11.99
2026-02-08 21:00:00,1,48,46,2026-02-06,2026-02-06 23:00:00,0.9605,0.9622,0.9927,11.71
2026-02-08 22:00:00,1,24,23,2026-02-07,2026-02-07 23:00:00,0.9602,0.9612,0.9918,12.4
2026-02-08 22:00:00,1,48,47,2026-02-06,2026-02-06 23:00:00,0.9574,0.9591,0.9929,12.04
2026-02-08 23:00:00,1,24,24,2026-02-07,2026-02-07 23:00:00,0.9466,0.9633,0.9917,12.27
2026-02-08 23:00:00,1,48,48,2026-02-06,2026-02-06 23:00:00,0.9404,0.9587,0.993,12.43
2026-02-09 00:00:00,1,24,1,2026-02-08,2026-02-08 23:00:00,0.9459,0.9674,0.9914,11.87
2026-02-09 00:00:00,1,48,25,2026-02-07,2026-02-07 23:00:00,0.9147,0.9493,0.9932,12.16
2026-02-09 01:00:00,1,24,2,2026-02-08,2026-02-08 23:00:00,0.9145,0.9641,0.9914,12.09
2026-02-09 01:00:00,1,48,26,2026-02-07,2026-02-07 23:00:00,0.9363,0.9591,0.9927,12.07
2026-02-09 02:00:00,1,24,3,2026-02-08,2026-02-08 23:00:00,0.9165,0.9391,0.9927,11.92
2026-02-09 02:00:00,1,48,27,2026-02-07,2026-02-07 23:00:00,0.9098,0.9468,0.9938,12.1
2026-02-09 03:00:00,1,24,4,2026-02-08,2026-02-08 23:00:00,0.9234,0.9388,0.9927,12.22
2026-02-09 03:00:00,1,48,28,2026-02-07,2026-02-07 23:00:00,0.9183,0.9302,0.9952,11.74
2026-02-09 04:00:00,1,24,5,2026-02-08,2026-02-08 23:00:00,0.9352,0.9541,0.9919,11.63
2026-02-09 04:00:00,1,48,29,2026-02-07,2026-02-07 23:00:00,0.9113,0.9131,0.9967,12.02
2026-02-09 05:00:00,1,24,6,2026-02-08,2026-02-08 23:00:00,0.9057,0.9068,0.9945,10.62
2026-02-09 05:00:00,1,48,30,2026-02-07,2026-02-07 23:00:00,0.916,0.9177,0.9963,11.14
2026-02-09 06:00:00,1,24,7,2026-02-08,2026-02-08 23:00:00,0.8589,0.86,0.9975,9.93
2026-02-09 06:00:00,1,48,31,2026-02-07,2026-02-07 23:00:00,0.9128,0.9154,0.9965,10.78
2026-02-09 07:00:00,1,24,8,2026-02-08,2026-02-08 23:00:00,0.8598,0.8608,0.9968,9.86
2026-02-09 07:00:00,1,48,32,2026-02-07,2026-02-07 23:00:00,0.8633,0.865,1.0,10.32
2026-02-09 08:00:00,1,24,9,2026-02-08,2026-02-08 23:00:00,0.7837,0.8822,0.9957,9.63
2026-02-09 08:00:00,1,48,33,2026-02-07,2026-02-07 23:00:00,0.8954,0.9011,0.9981,10.01
2026-02-09 09:00:00,1,24,10,2026-02-08,2026-02-08 23:00:00,0.7948,0.9062,0.995,9.28
2026-02-09 09:00:00,1,48,34,2026-02-07,2026-02-07 23:00:00,0.8809,0.9308,0.9954,10.08
2026-02-09 10:00:00,1,24,11,2026-02-08,2026-02-08 23:00:00,0.7477,0.9293,0.9937,9.57
2026-02-09 10:00:00,1,48,35,2026-02-07,2026-02-07 23:00:00,0.7112,0.9233,0.9951,9.1
2026-02-09 11:00:00,1,24,12,2026-02-08,2026-02-08 23:00:00,0.9023,0.9546,0.9935,9.91
2026-02-09 11:00:00,1,48,36,2026-02-07,2026-02-07 23:00:00,0.699,0.945,0.9954,9.44
2026-02-09 12:00:00,1,24,13,2026-02-08,2026-02-08 23:00:00,0.8848,0.9913,0.9978,10.11
2026-02-09 12:00:00,1,48,37,2026-02-07,2026-02-07 23:00:00,0.6312,0.9585,0.9989,9.62
2026-02-09 13:00:00,1,24,14,2026-02-08,2026-02-08 23:00:00,0.653,0.977,1.0,9.6
2026-02-09 13:00:00,1,48,38,2026-02-07,2026-02-07 23:00:00,0.6316,0.999,1.0,9.22
2026-02-09 14:00:00,1,24,15,2026-02-08,2026-02-08 23:00:00,0.7561,0.9695,1.0,9.99
2026-02-09 14:00:00,1,48,39,2026-02-07,2026-02-07 23:00:00,0.6581,0.9492,1.0,9.69
2026-02-09 15:00:00,1,24,16,2026-02-08,2026-02-08 23:00:00,0.5863,0.9697,1.0,9.19
2026-02-09 15:00:00,1,48,40,2026-02-07,2026-02-07 23:00:00,0.8304,0.9817,0.9979,9.98
2026-02-09 16:00:00,1,24,17,2026-02-08,2026-02-08 23:00:00,0.5831,0.9368,1.0,9.33
2026-02-09 16:00:00,1,48,41,2026-02-07,2026-02-07 23:00:00,0.8104,0.9524,1.0,9.74
2026-02-09 17:00:00,1,24,18,2026-02-08,2026-02-08 23:00:00,0.3752,0.8231,1.0,7.94
2026-02-09 17:00:00,1,48,42,2026-02-07,2026-02-07 23:00:00,0.7094,0.9434,1.0,9.99
2026-02-09 18:00:00,1,24,19,2026-02-08,2026-02-08 23:00:00,0.2409,0.8102,1.0,6.78
2026-02-09 18:00:00,1,48,43,2026-02-07,2026-02-07 23:00:00,0.3091,0.8072,1.0,9.0
2026-02-09 19:00:00,1,24,20,2026-02-08,2026-02-08 23:00:00,0.1156,0.7305,0.9646,5.37
2026-02-09 19:00:00,1,48,44,2026-02-07,2026-02-07 23:00:00,0.1529,0.7386,1.0,8.18
2026-02-09 20:00:00,1,24,21,2026-02-08,2026-02-08 23:00:00,0.0,0.6192,0.8349,3.8
2026-02-09 20:00:00,1,48,45,2026-02-07,2026-02-07 23:00:00,0.0889,0.7035,1.0,6.5
2026-02-09 21:00:00,1,24,22,2026-02-08,2026-02-08 23:00:00,0.0,0.5818,0.7867,2.43
2026-02-09 21:00:00,1,48,46,2026-02-07,2026-02-07 23:00:00,0.0,0.571,1.0,3.42
2026-02-09 22:00:00,1,24,23,2026-02-08,2026-02-08 23:00:00,0.0,0.3585,0.671,1.85
2026-02-09 22:00:00,1,48,47,2026-02-07,2026-02-07 23:00:00,0.0,0.3645,0.7524,1.27
2026-02-09 23:00:00,1,24,24,2026-02-08,2026-02-08 23:00:00,0.0,0.363,0.6014,2.19
2026-02-09 23:00:00,1,48,48,2026-02-07,2026-02-07 23:00:00,0.0,0.2728,0.4739,1.17
2026-02-10 00:00:00,1,24,1,2026-02-09,2026-02-09 23:00:00,0.0,0.2478,0.4588,3.07
2026-02-10 00:00:00,1,48,25,2026-02-08,2026-02-08 23:00:00,0.0,0.3028,0.5099,3.21
2026-02-10 01:00:00,1,24,2,2026-02-09,2026-02-09 23:00:00,0.0,0.245,0.427,2.41
2026-02-10 01:00:00,1,48,26,2026-02-08,2026-02-08 23:00:00,0.0,0.3436,0.5897,3.76
2026-02-10 02:00:00,1,24,3,2026-02-09,2026-02-09 23:00:00,0.0001,0.1976,0.4267,2.2
2026-02-10 02:00:00,1,48,27,2026-02-08,2026-02-08 23:00:00,0.0,0.3497,0.7215,3.86
2026-02-10 03:00:00,1,24,4,2026-02-09,2026-02-09 23:00:00,0.0,0.2007,0.4738,2.17
2026-02-10 03:00:00,1,48,28,2026-02-08,2026-02-08 23:00:00,0.0,0.3577,0.7547,4.22
2026-02-10 04:00:00,1,24,5,2026-02-09,2026-02-09 23:00:00,0.0013,0.175,0.533,3.04
2026-02-10 04:00:00,1,48,29,2026-02-08,2026-02-08 23:00:00,0.0,0.3021,0.754,4.73
2026-02-10 05:00:00,1,24,6,2026-02-09,2026-02-09 23:00:00,0.0,0.2703,0.6552,1.28
2026-02-10 05:00:00,1,48,30,2026-02-08,2026-02-08 23:00:00,0.0,0.3637,0.6578,4.63
2026-02-10 06:00:00,1,24,7,2026-02-09,2026-02-09 23:00:00,0.0037,0.1291,0.4563,3.69
2026-02-10 06:00:00,1,48,31,2026-02-08,2026-02-08 23:00:00,0.14,0.4195,0.9811,5.8
2026-02-10 07:00:00,1,24,8,2026-02-09,2026-02-09 23:00:00,0.0684,0.5456,0.8813,4.52
2026-02-10 07:00:00,1,48,32,2026-02-08,2026-02-08 23:00:00,0.0,0.3807,0.8118,3.41
2026-02-10 08:00:00,1,24,9,2026-02-09,2026-02-09 23:00:00,0.0564,0.3947,0.8369,5.61
2026-02-10 08:00:00,1,48,33,2026-02-08,2026-02-08 23:00:00,0.0,0.2404,0.7268,5.51
2026-02-10 09:00:00,1,24,10,2026-02-09,2026-02-09 23:00:00,0.0485,0.4178,0.933,4.64
2026-02-10 09:00:00,1,48,34,2026-02-08,2026-02-08 23:00:00,0.0,0.2268,0.757,3.15
2026-02-10 10:00:00,1,24,11,2026-02-09,2026-02-09 23:00:00,0.0566,0.4928,0.8548,5.33
2026-02-10 10:00:00,1,48,35,2026-02-08,2026-02-08 23:00:00,0.0,0.2393,0.6506,5.06
2026-02-10 11:00:00,1,24,12,2026-02-09,2026-02-09 23:00:00,0.0,0.2834,0.6982,3.28
2026-02-10 11:00:00,1,48,36,2026-02-08,2026-02-08 23:00:00,0.0,0.1801,0.5169,3.04
2026-02-10 12:00:00,1,24,13,2026-02-09,2026-02-09 23:00:00,0.0,0.3319,0.6713,3.37
2026-02-10 12:00:00,1,48,37,2026-02-08,2026-02-08 23:00:00,0.0,0.2935,0.664,5.0
2026-02-10 13:00:00,1,24,14,2026-02-09,2026-02-09 23:00:00,0.0,0.2871,0.5362,4.99
2026-02-10 13:00:00,1,48,38,2026-02-08,2026-02-08 23:00:00,0.0,0.2941,0.7319,7.39
2026-02-10 14:00:00,1,24,15,2026-02-09,2026-02-09 23:00:00,0.0,0.2536,0.446,5.99
2026-02-10 14:00:00,1,48,39,2026-02-08,2026-02-08 23:00:00,0.0,0.4326,0.8713,4.92
2026-02-10 15:00:00,1,24,16,2026-02-09,2026-02-09 23:00:00,0.0,0.2289,0.4741,5.83
2026-02-10 15:00:00,1,48,40,2026-02-08,2026-02-08 23:00:00,0.0,0.3857,0.7829,5.01
2026-02-10 16:00:00,1,24,17,2026-02-09,2026-02-09 23:00:00,0.0,0.2848,0.5185,5.91
2026-02-10 16:00:00,1,48,41,2026-02-08,2026-02-08 23:00:00,0.0,0.3635,0.7848,5.67
2026-02-10 17:00:00,1,24,18,2026-02-09,2026-02-09 23:00:00,0.0,0.2333,0.4538,5.48
2026-02-10 17:00:00,1,48,42,2026-02-08,2026-02-08 23:00:00,0.0,0.2503,0.6461,4.0
2026-02-10 18:00:00,1,24,19,2026-02-09,2026-02-09 23:00:00,0.0018,0.1645,0.4011,3.93
2026-02-10 18:00:00,1,48,43,2026-02-08,2026-02-08 23:00:00,0.0,0.2221,0.5246,4.36
2026-02-10 19:00:00,1,24,20,2026-02-09,2026-02-09 23:00:00,0.0,0.3626,0.5377,4.08
2026-02-10 19:00:00,1,48,44,2026-02-08,2026-02-08 23:00:00,0.0,0.501,0.606,2.86
2026-02-10 20:00:00,1,24,21,2026-02-09,2026-02-09 23:00:00,0.0785,0.4319,0.8387,7.16
2026-02-10 20:00:00,1,48,45,2026-02-08,2026-02-08 23:00:00,0.0231,0.4249,0.9516,7.73
2026-02-10 21:00:00,1,24,22,2026-02-09,2026-02-09 23:00:00,0.2946,0.6322,1.0,9.0
2026-02-10 21:00:00,1,48,46,2026-02-08,2026-02-08 23:00:00,0.0445,0.5892,1.0,7.9
2026-02-10 22:00:00,1,24,23,2026-02-09,2026-02-09 23:00:00,0.7661,0.9553,0.9912,10.18
2026-02-10 22:00:00,1,48,47,2026-02-08,2026-02-08 23:00:00,0.249,0.7181,0.961,8.79
2026-02-10 23:00:00,1,24,24,2026-02-09,2026-02-09 23:00:00,0.8881,0.9619,0.9912,11.34
2026-02-10 23:00:00,1,48,48,2026-02-08,2026-02-08 23:00:00,0.7612,0.9367,0.9932,12.19
2026-02-11 00:00:00,1,24,1,2026-02-10,2026-02-10 23:00:00,0.893,0.9611,0.9918,11.97
2026-02-11 00:00:00,1,48,25,2026-02-09,2026-02-09 23:00:00,0.876,0.9348,0.995,10.99
2026-02-11 01:00:00,1,24,2,2026-02-10,2026-02-10 23:00:00,0.7486,0.9238,0.9936,10.69
2026-02-11 01:00:00,1,48,26,2026-02-09,2026-02-09 23:00:00,0.6026,0.9427,0.9943,9.11
2026-02-11 02:00:00,1,24,3,2026-02-10,2026-02-10 23:00:00,0.5305,0.906,0.9926,8.57
2026-02-11 02:00:00,1,48,27,2026-02-09,2026-02-09 23:00:00,0.4164,0.8884,0.9979,8.08
2026-02-11 03:00:00,1,24,4,2026-02-10,2026-02-10 23:00:00,0.4087,0.8541,0.9947,7.12
2026-02-11 03:00:00,1,48,28,2026-02-09,2026-02-09 23:00:00,0.2666,0.7864,1.0,6.55
2026-02-11 04:00:00,1,24,5,2026-02-10,2026-02-10 23:00:00,0.2885,0.7574,0.9676,4.85
2026-02-11 04:00:00,1,48,29,2026-02-09,2026-02-09 23:00:00,0.2298,0.7845,0.9812,3.15
2026-02-11 05:00:00,1,24,6,2026-02-10,2026-02-10 23:00:00,0.1689,0.4852,0.8304,4.09
2026-02-11 05:00:00,1,48,30,2026-02-09,2026-02-09 23:00:00,0.0208,0.4126,0.9374,3.78
2026-02-11 06:00:00,1,24,7,2026-02-10,2026-02-10 23:00:00,0.005,0.1043,0.3678,2.27
2026-02-11 06:00:00,1,48,31,2026-02-09,2026-02-09 23:00:00,0.0,0.2058,0.4602,2.3
2026-02-11 07:00:00,1,24,8,2026-02-10,2026-02-10 23:00:00,0.0058,0.0899,0.2591,2.44
2026-02-11 07:00:00,1,48,32,2026-02-09,2026-02-09 23:00:00,0.0034,0.0858,0.2103,2.11
2026-02-11 08:00:00,1,24,9,2026-02-10,2026-02-10 23:00:00,0.0046,0.113,0.3879,4.85
2026-02-11 08:00:00,1,48,33,2026-02-09,2026-02-09 23:00:00,0.003,0.0902,0.2704,1.19
2026-02-11 09:00:00,1,24,10,2026-02-10,2026-02-10 23:00:00,0.0029,0.1437,0.4032,3.22
2026-02-11 09:00:00,1,48,34,2026-02-09,2026-02-09 23:00:00,0.003,0.0907,0.2681,4.12
2026-02-11 10:00:00,1,24,11,2026-02-10,2026-02-10 23:00:00,0.0017,0.1667,0.5658,1.97
2026-02-11 10:00:00,1,48,35,2026-02-09,2026-02-09 23:00:00,0.0,0.2165,0.4353,2.17
2026-02-11 11:00:00,1,24,12,2026-02-10,2026-02-10 23:00:00,0.1036,0.3949,0.8093,3.0
2026-02-11 11:00:00,1,48,36,2026-02-09,2026-02-09 23:00:00,0.1059,0.4946,0.8956,4.37
2026-02-11 12:00:00,1,24,13,2026-02-10,2026-02-10 23:00:00,0.0187,0.3364,0.8838,2.82
2026-02-11 12:00:00,1,48,37,2026-02-09,2026-02-09 23:00:00,0.022,0.4629,0.9436,4.13
2026-02-11 13:00:00,1,24,14,2026-02-10,2026-02-10 23:00:00,0.0,0.3357,0.7889,2.3
2026-02-11 13:00:00,1,48,38,2026-02-09,2026-02-09 23:00:00,0.0,0.4607,0.9575,1.2
2026-02-11 14:00:00,1,24,15,2026-02-10,2026-02-10 23:00:00,0.0,0.32,0.7924,6.87
2026-02-11 14:00:00,1,48,39,2026-02-09,2026-02-09 23:00:00,0.0,0.3514,0.9363,7.67
2026-02-11 15:00:00,1,24,16,2026-02-10,2026-02-10 23:00:00,0.0441,0.4765,0.8645,10.2
2026-02-11 15:00:00,1,48,40,2026-02-09,2026-02-09 23:00:00,0.1296,0.4933,0.9714,12.22
2026-02-11 16:00:00,1,24,17,2026-02-10,2026-02-10 23:00:00,0.2196,0.6309,1.0,12.33
2026-02-11 16:00:00,1,48,41,2026-02-09,2026-02-09 23:00:00,0.1839,0.8034,1.0,12.7
2026-02-11 17:00:00,1,24,18,2026-02-10,2026-02-10 23:00:00,0.3278,0.8679,1.0,11.65
2026-02-11 17:00:00,1,48,42,2026-02-09,2026-02-09 23:00:00,0.7294,0.9501,0.992,13.19
2026-02-11 18:00:00,1,24,19,2026-02-10,2026-02-10 23:00:00,0.6176,0.9307,0.9961,10.87
2026-02-11 18:00:00,1,48,43,2026-02-09,2026-02-09 23:00:00,0.6405,0.8943,0.9992,11.94
2026-02-11 19:00:00,1,24,20,2026-02-10,2026-02-10 23:00:00,0.6214,0.9372,0.9928,10.26
2026-02-11 19:00:00,1,48,44,2026-02-09,2026-02-09 23:00:00,0.8488,0.9591,0.9945,12.01
2026-02-11 20:00:00,1,24,21,2026-02-10,2026-02-10 23:00:00,0.4658,0.9461,0.9929,9.28
2026-02-11 20:00:00,1,48,45,2026-02-09,2026-02-09 23:00:00,0.8176,0.9391,0.9959,10.9
2026-02-11 21:00:00,1,24,22,2026-02-10,2026-02-10 23:00:00,0.4826,0.9113,0.9979,9.02
2026-02-11 21:00:00,1,48,46,2026-02-09,2026-02-09 23:00:00,0.6018,0.9325,0.9959,9.68
2026-02-11 22:00:00,1,24,23,2026-02-10,2026-02-10 23:00:00,0.4583,0.8688,0.9947,9.42
2026-02-11 22:00:00,1,48,47,2026-02-09,2026-02-09 23:00:00,0.4865,0.8905,1.0,8.57
2026-02-11 23:00:00,1,24,24,2026-02-10,2026-02-10 23:00:00,0.1976,0.7044,0.9758,7.11
2026-02-11 23:00:00,1,48,48,2026-02-09,2026-02-09 23:00:00,0.4125,0.8164,1.0,9.36
2026-02-12 00:00:00,1,24,1,2026-02-11,2026-02-11 23:00:00,0.1512,0.6201,0.9719,6.78
2026-02-12 00:00:00,1,48,25,2026-02-10,2026-02-10 23:00:00,0.3189,0.7859,1.0,8.13
2026-02-12 01:00:00,1,24,2,2026-02-11,2026-02-11 23:00:00,0.164,0.6702,1.0,7.0
2026-02-12 01:00:00,1,48,26,2026-02-10,2026-02-10 23:00:00,0.2407,0.7338,1.0,7.36
2026-02-12 02:00:00,1,24,3,2026-02-11,2026-02-11 23:00:00,0.1504,0.6866,1.0,7.2
2026-02-12 02:00:00,1,48,27,2026-02-10,2026-02-10 23:00:00,0.2366,0.6954,1.0,7.56
2026-02-12 03:00:00,1,24,4,2026-02-11,2026-02-11 23:00:00,0.1213,0.6307,0.9715,6.49
2026-02-12 03:00:00,1,48,28,2026-02-10,2026-02-10 23:00:00,0.1133,0.6113,1.0,6.31
2026-02-12 04:00:00,1,24,5,2026-02-11,2026-02-11 23:00:00,0.0,0.3945,0.7947,6.15
2026-02-12 04:00:00,1,48,29,2026-02-10,2026-02-10 23:00:00,0.1038,0.5821,0.9719,6.54
2026-02-12 05:00:00,1,24,6,2026-02-11,2026-02-11 23:00:00,0.0,0.2126,0.472,4.84
2026-02-12 05:00:00,1,48,30,2026-02-10,2026-02-10 23:00:00,0.08,0.4735,0.9287,6.71
2026-02-12 06:00:00,1,24,7,2026-02-11,2026-02-11 23:00:00,0.0022,0.1571,0.3248,2.82
2026-02-12 06:00:00,1,48,31,2026-02-10,2026-02-10 23:00:00,0.0,0.3181,0.7815,5.46
2026-02-12 07:00:00,1,24,8,2026-02-11,2026-02-11 23:00:00,0.0072,0.0639,0.1272,2.37
2026-02-12 07:00:00,1,48,32,2026-02-10,2026-02-10 23:00:00,0.0,0.2162,0.67,3.61
2026-02-12 08:00:00,1,24,9,2026-02-11,2026-02-11 23:00:00,0.0084,0.0396,0.0851,2.1
2026-02-12 08:00:00,1,48,33,2026-02-10,2026-02-10 23:00:00,0.0009,0.1151,0.3702,1.96
2026-02-12 09:00:00,1,24,10,2026-02-11,2026-02-11 23:00:00,0.0087,0.0345,0.0609,1.99
2026-02-12 09:00:00,1,48,34,2026-02-10,2026-02-10 23:00:00,0.0059,0.0574,0.2446,1.9
2026-02-12 10:00:00,1,24,11,2026-02-11,2026-02-11 23:00:00,0.0089,0.0246,0.0272,2.8
2026-02-12 10:00:00,1,48,35,2026-02-10,2026-02-10 23:00:00,0.0066,0.0497,0.2261,1.5
2026-02-12 11:00:00,1,24,12,2026-02-11,2026-02-11 23:00:00,0.0078,0.0522,0.2098,1.87
2026-02-12 11:00:00,1,48,36,2026-02-10,2026-02-10 23:00:00,0.0073,0.0414,0.1083,2.62
2026-02-12 12:00:00,1,24,13,2026-02-11,2026-02-11 23:00:00,0.0056,0.0933,0.3278,2.76
2026-02-12 12:00:00,1,48,37,2026-02-10,2026-02-10 23:00:00,0.0068,0.0467,0.1022,1.53
2026-02-12 13:00:00,1,24,14,2026-02-11,2026-02-11 23:00:00,0.0039,0.1251,0.3495,2.79
2026-02-12 13:00:00,1,48,38,2026-02-10,2026-02-10 23:00:00,0.0051,0.0661,0.0929,1.22
2026-02-12 14:00:00,1,24,15,2026-02-11,2026-02-11 23:00:00,0.0032,0.1381,0.3475,2.07
2026-02-12 14:00:00,1,48,39,2026-02-10,2026-02-10 23:00:00,0.0057,0.0591,0.1096,1.7
2026-02-12 15:00:00,1,24,16,2026-02-11,2026-02-11 23:00:00,0.0056,0.0943,0.3031,1.35
2026-02-12 15:00:00,1,48,40,2026-02-10,2026-02-10 23:00:00,0.0041,0.0775,0.1316,2.4
2026-02-12 16:00:00,1,24,17,2026-02-11,2026-02-11 23:00:00,0.0034,0.1346,0.3346,1.79
2026-02-12 16:00:00,1,48,41,2026-02-10,2026-02-10 23:00:00,0.0,0.1284,0.2657,3.0
2026-02-12 17:00:00,1,24,18,2026-02-11,2026-02-11 23:00:00,0.003,0.1436,0.2498,4.36
2026-02-12 17:00:00,1,48,42,2026-02-10,2026-02-10 23:00:00,0.0,0.1611,0.3967,5.38
2026-02-12 18:00:00,1,24,19,2026-02-11,2026-02-11 23:00:00,0.0009,0.1825,0.3492,3.65
2026-02-12 18:00:00,1,48,43,2026-02-10,2026-02-10 23:00:00,0.0,0.1865,0.512,5.35
2026-02-12 19:00:00,1,24,20,2026-02-11,2026-02-11 23:00:00,0.0,0.2085,0.5847,4.0
2026-02-12 19:00:00,1,48,44,2026-02-10,2026-02-10 23:00:00,0.0,0.2327,0.5756,4.95
2026-02-12 20:00:00,1,24,21,2026-02-11,2026-02-11 23:00:00,0.0029,0.1442,0.358,3.3
2026-02-12 20:00:00,1,48,45,2026-02-10,2026-02-10 23:00:00,0.0,0.2923,0.601,3.56
2026-02-12 21:00:00,1,24,22,2026-02-11,2026-02-11 23:00:00,0.004,0.1237,0.3247,4.0
2026-02-12 21:00:00,1,48,46,2026-02-10,2026-02-10 23:00:00,0.0,0.2772,0.639,3.36
2026-02-12 22:00:00,1,24,23,2026-02-11,2026-02-11 23:00:00,0.0055,0.0951,0.2347,1.96
2026-02-12 22:00:00,1,48,47,2026-02-10,2026-02-10 23:00:00,0.0,0.2408,0.5381,1.92
2026-02-12 23:00:00,1,24,24,2026-02-11,2026-02-11 23:00:00,0.008,0.0488,0.112,1.87
2026-02-12 23:00:00,1,48,48,2026-02-10,2026-02-10 23:00:00,0.0,0.1291,0.3593,1.92
2026-02-13 00:00:00,1,24,1,2026-02-12,2026-02-12 23:00:00,0.0084,0.0399,0.0663,2.17
2026-02-13 00:00:00,1,48,25,2026-02-11,2026-02-11 23:00:00,0.0022,0.0995,0.3113,2.44
2026-02-13 01:00:00,1,24,2,2026-02-12,2026-02-12 23:00:00,0.0087,0.0349,0.0407,2.5
2026-02-13 01:00:00,1,48,26,2026-02-11,2026-02-11 23:00:00,0.0052,0.0655,0.2596,2.78
2026-02-13 02:00:00,1,24,3,2026-02-12,2026-02-12 23:00:00,0.0086,0.0371,0.0402,0.72
2026-02-13 02:00:00,1,48,27,2026-02-11,2026-02-11 23:00:00,0.0072,0.0418,0.1988,2.3
2026-02-13 03:00:00,1,24,4,2026-02-12,2026-02-12 23:00:00,0.0084,0.0404,0.0488,1.09
2026-02-13 03:00:00,1,48,28,2026-02-11,2026-02-11 23:00:00,0.0065,0.0499,0.152,1.59
2026-02-13 04:00:00,1,24,5,2026-02-12,2026-02-12 23:00:00,0.0085,0.0387,0.0524,1.31
2026-02-13 04:00:00,1,48,29,2026-02-11,2026-02-11 23:00:00,0.0081,0.0321,0.1384,0.87
2026-02-13 05:00:00,1,24,6,2026-02-12,2026-02-12 23:00:00,0.0083,0.0429,0.1115,1.46
2026-02-13 05:00:00,1,48,30,2026-02-11,2026-02-11 23:00:00,0.0079,0.034,0.1449,2.55
2026-02-13 06:00:00,1,24,7,2026-02-12,2026-02-12 23:00:00,0.0081,0.0461,0.0603,2.52
2026-02-13 06:00:00,1,48,31,2026-02-11,2026-02-11 23:00:00,0.0075,0.0387,0.1248,2.47
2026-02-13 07:00:00,1,24,8,2026-02-12,2026-02-12 23:00:00,0.0088,0.0329,0.0836,1.28
2026-02-13 07:00:00,1,48,32,2026-02-11,2026-02-11 23:00:00,0.0081,0.0319,0.111,1.83
2026-02-13 08:00:00,1,24,9,2026-02-12,2026-02-12 23:00:00,0.0089,0.0274,0.0556,0.83
2026-02-13 08:00:00,1,48,33,2026-02-11,2026-02-11 23:00:00,0.0062,0.0541,0.0823,2.19
2026-02-13 09:00:00,1,24,10,2026-02-12,2026-02-12 23:00:00,0.0089,0.029,0.0627,1.2
2026-02-13 09:00:00,1,48,34,2026-02-11,2026-02-11 23:00:00,0.0074,0.0402,0.121,2.89
2026-02-13 10:00:00,1,24,11,2026-02-12,2026-02-12 23:00:00,0.0089,0.0215,0.0744,1.75
2026-02-13 10:00:00,1,48,35,2026-02-11,2026-02-11 23:00:00,0.0074,0.0401,0.1151,2.02
2026-02-13 11:00:00,1,24,12,2026-02-12,2026-02-12 23:00:00,0.0089,0.028,0.1058,1.5
2026-02-13 11:00:00,1,48,36,2026-02-11,2026-02-11 23:00:00,0.0074,0.0396,0.078,2.48
2026-02-13 12:00:00,1,24,13,2026-02-12,2026-02-12 23:00:00,0.0087,0.0352,0.0923,1.9
2026-02-13 12:00:00,1,48,37,2026-02-11,2026-02-11 23:00:00,0.0073,0.0408,0.097,1.1
2026-02-13 13:00:00,1,24,14,2026-02-12,2026-02-12 23:00:00,0.0079,0.0497,0.111,3.41
2026-02-13 13:00:00,1,48,38,2026-02-11,2026-02-11 23:00:00,0.0073,0.0411,0.0923,1.95
2026-02-13 14:00:00,1,24,15,2026-02-12,2026-02-12 23:00:00,0.0071,0.0645,0.1201,3.22
2026-02-13 14:00:00,1,48,39,2026-02-11,2026-02-11 23:00:00,0.0075,0.0393,0.0591,1.95
2026-02-13 15:00:00,1,24,16,2026-02-12,2026-02-12 23:00:00,0.0073,0.0621,0.0757,2.92
2026-02-13 15:00:00,1,48,40,2026-02-11,2026-02-11 23:00:00,0.007,0.0449,0.0796,1.24
2026-02-13 16:00:00,1,24,17,2026-02-12,2026-02-12 23:00:00,0.0076,0.0548,0.1548,2.98
2026-02-13 16:00:00,1,48,41,2026-02-11,2026-02-11 23:00:00,0.0058,0.0578,0.124,2.28
2026-02-13 17:00:00,1,24,18,2026-02-12,2026-02-12 23:00:00,0.0065,0.0757,0.1321,2.12
2026-02-13 17:00:00,1,48,42,2026-02-11,2026-02-11 23:00:00,0.0039,0.0799,0.2055,4.15
2026-02-13 18:00:00,1,24,19,2026-02-12,2026-02-12 23:00:00,0.0052,0.1008,0.1829,2.84
2026-02-13 18:00:00,1,48,43,2026-02-11,2026-02-11 23:00:00,0.0035,0.0846,0.2562,5.03
2026-02-13 19:00:00,1,24,20,2026-02-12,2026-02-12 23:00:00,0.0,0.2059,0.3397,4.44
2026-02-13 19:00:00,1,48,44,2026-02-11,2026-02-11 23:00:00,0.0011,0.1121,0.2615,5.15
2026-02-13 20:00:00,1,24,21,2026-02-12,2026-02-12 23:00:00,0.0,0.3053,0.6263,5.98
2026-02-13 20:00:00,1,48,45,2026-02-11,2026-02-11 23:00:00,0.0,0.1443,0.3596,5.87
2026-02-13 21:00:00,1,24,22,2026-02-12,2026-02-12 23:00:00,0.1269,0.4187,0.8414,7.61
2026-02-13 21:00:00,1,48,46,2026-02-11,2026-02-11 23:00:00,0.0,0.2628,0.4974,6.04
2026-02-13 22:00:00,1,24,23,2026-02-12,2026-02-12 23:00:00,0.2722,0.6138,0.9595,8.02
2026-02-13 22:00:00,1,48,47,2026-02-11,2026-02-11 23:00:00,0.0,0.3057,0.7589,6.54
2026-02-13 23:00:00,1,24,24,2026-02-12,2026-02-12 23:00:00,0.3246,0.626,0.9804,7.38
2026-02-13 23:00:00,1,48,48,2026-02-11,2026-02-11 23:00:00,0.1688,0.5338,0.9778,6.64
2026-02-14 00:00:00,1,24,1,2026-02-13,2026-02-13 23:00:00,0.3095,0.6669,0.9789,7.34
2026-02-14 00:00:00,1,48,25,2026-02-12,2026-02-12 23:00:00,0.2539,0.6713,1.0,7.22
2026-02-14 01:00:00,1,24,2,2026-02-13,2026-02-13 23:00:00,0.3568,0.7062,0.9807,7.54
2026-02-14 01:00:00,1,48,26,2026-02-12,2026-02-12 23:00:00,0.2927,0.6397,0.9996,6.99
2026-02-14 02:00:00,1,24,3,2026-02-13,2026-02-13 23:00:00,0.3769,0.6713,0.993,7.39
2026-02-14 02:00:00,1,48,27,2026-02-12,2026-02-12 23:00:00,0.2385,0.6437,0.9811,6.75
2026-02-14 03:00:00,1,24,4,2026-02-13,2026-02-13 23:00:00,0.3631,0.6837,0.9942,7.48
2026-02-14 03:00:00,1,48,28,2026-02-12,2026-02-12 23:00:00,0.2054,0.6102,0.9876,6.29
2026-02-14 04:00:00,1,24,5,2026-02-13,2026-02-13 23:00:00,0.3518,0.6213,0.9881,7.15
2026-02-14 04:00:00,1,48,29,2026-02-12,2026-02-12 23:00:00,0.1793,0.6553,0.9683,4.96
2026-02-14 05:00:00,1,24,6,2026-02-13,2026-02-13 23:00:00,0.0808,0.3694,0.7926,6.74
2026-02-14 05:00:00,1,48,30,2026-02-12,2026-02-12 23:00:00,0.1306,0.5435,0.9101,3.96
2026-02-14 06:00:00,1,24,7,2026-02-13,2026-02-13 23:00:00,0.0261,0.218,0.6982,5.8
2026-02-14 06:00:00,1,48,31,2026-02-12,2026-02-12 23:00:00,0.0,0.3767,0.8384,1.86
2026-02-14 07:00:00,1,24,8,2026-02-13,2026-02-13 23:00:00,0.0,0.2237,0.6158,3.75
2026-02-14 07:00:00,1,48,32,2026-02-12,2026-02-12 23:00:00,0.0,0.2462,0.6661,1.71
2026-02-14 08:00:00,1,24,9,2026-02-13,2026-02-13 23:00:00,0.0051,0.1025,0.5322,3.78
2026-02-14 08:00:00,1,48,33,2026-02-12,2026-02-12 23:00:00,0.0,0.2171,0.559,2.27
2026-02-14 09:00:00,1,24,10,2026-02-13,2026-02-13 23:00:00,0.0067,0.0733,0.3238,2.82
2026-02-14 09:00:00,1,48,34,2026-02-12,2026-02-12 23:00:00,0.0,0.2902,0.6661,1.25
2026-02-14 10:00:00,1,24,11,2026-02-13,2026-02-13 23:00:00,0.0088,0.0329,0.3069,1.63
2026-02-14 10:00:00,1,48,35,2026-02-12,2026-02-12 23:00:00,0.0,0.2085,0.6333,0.67
2026-02-14 11:00:00,1,24,12,2026-02-13,2026-02-13 23:00:00,0.0059,0.0882,0.3669,1.98
2026-02-14 11:00:00,1,48,36,2026-02-12,2026-02-12 23:00:00,0.0,0.1628,0.6292,1.18
2026-02-14 12:00:00,1,24,13,2026-02-13,2026-02-13 23:00:00,0.0082,0.0449,0.2601,1.46
2026-02-14 12:00:00,1,48,37,2026-02-12,2026-02-12 23:00:00,0.0,0.1818,0.4854,1.56
2026-02-14 13:00:00,1,24,14,2026-02-13,2026-02-13 23:00:00,0.007,0.0672,0.1761,1.38
2026-02-14 13:00:00,1,48,38,2026-02-12,2026-02-12 23:00:00,0.0,0.2052,0.6151,3.1
2026-02-14 14:00:00,1,24,15,2026-02-13,2026-02-13 23:00:00,0.0058,0.0904,0.1225,3.15
2026-02-14 14:00:00,1,48,39,2026-02-12,2026-02-12 23:00:00,0.0,0.2038,0.5575,3.77
2026-02-14 15:00:00,1,24,16,2026-02-13,2026-02-13 23:00:00,0.0043,0.118,0.1954,0.89
2026-02-14 15:00:00,1,48,40,2026-02-12,2026-02-12 23:00:00,0.0,0.1962,0.4971,3.28
2026-02-14 16:00:00,1,24,17,2026-02-13,2026-02-13 23:00:00,0.0079,0.0501,0.1061,0.97
2026-02-14 16:00:00,1,48,41,2026-02-12,2026-02-12 23:00:00,0.0,0.2808,0.6209,3.55
2026-02-14 17:00:00,1,24,18,2026-02-13,2026-02-13 23:00:00,0.0079,0.0507,0.1222,0.57
2026-02-14 17:00:00,1,48,42,2026-02-12,2026-02-12 23:00:00,0.0,0.2876,0.6667,5.27
2026-02-14 18:00:00,1,24,19,2026-02-13,2026-02-13 23:00:00,0.0076,0.0554,0.0862,0.38
2026-02-14 18:00:00,1,48,43,2026-02-12,2026-02-12 23:00:00,0.0,0.3013,0.7162,5.19
2026-02-14 19:00:00,1,24,20,2026-02-13,2026-02-13 23:00:00,0.0079,0.0496,0.0944,1.64
2026-02-14 19:00:00,1,48,44,2026-02-12,2026-02-12 23:00:00,0.0,0.2245,0.5608,5.59
2026-02-14 20:00:00,1,24,21,2026-02-13,2026-02-13 23:00:00,0.0065,0.0771,0.1405,2.49
2026-02-14 20:00:00,1,48,45,2026-02-12,2026-02-12 23:00:00,0.0,0.2256,0.5102,5.17
2026-02-14 21:00:00,1,24,22,2026-02-13,2026-02-13 23:00:00,0.0067,0.0719,0.1427,2.85
2026-02-14 21:00:00,1,48,46,2026-02-12,2026-02-12 23:00:00,0.0,0.2733,0.5234,4.35
2026-02-14 22:00:00,1,24,23,2026-02-13,2026-02-13 23:00:00,0.0077,0.0534,0.1439,2.93
2026-02-14 22:00:00,1,48,47,2026-02-12,2026-02-12 23:00:00,0.0,0.1259,0.3478,3.91
2026-02-14 23:00:00,1,24,24,2026-02-13,2026-02-13 23:00:00,0.0084,0.041,0.1437,0.43
2026-02-14 23:00:00,1,48,48,2026-02-12,2026-02-12 23:00:00,0.0013,0.1103,0.2879,2.27
2026-02-15 00:00:00,1,24,1,2026-02-14,2026-02-14 23:00:00,0.0086,0.037,0.0741,0.6
2026-02-15 00:00:00,1,48,25,2026-02-13,2026-02-13 23:00:00,0.0048,0.0694,0.1646,1.96
2026-02-15 01:00:00,1,24,2,2026-02-14,2026-02-14 23:00:00,0.0081,0.0468,0.0747,1.16
2026-02-15 01:00:00,1,48,26,2026-02-13,2026-02-13 23:00:00,0.0077,0.037,0.0387,0.67
2026-02-15 02:00:00,1,24,3,2026-02-14,2026-02-14 23:00:00,0.0083,0.0421,0.0688,1.32
2026-02-15 02:00:00,1,48,27,2026-02-13,2026-02-13 23:00:00,0.0073,0.0415,0.075,1.89
2026-02-15 03:00:00,1,24,4,2026-02-14,2026-02-14 23:00:00,0.0077,0.054,0.1217,2.22
2026-02-15 03:00:00,1,48,28,2026-02-13,2026-02-13 23:00:00,0.0064,0.0518,0.105,1.17
2026-02-15 04:00:00,1,24,5,2026-02-14,2026-02-14 23:00:00,0.0084,0.0401,0.099,3.65
2026-02-15 04:00:00,1,48,29,2026-02-13,2026-02-13 23:00:00,0.0039,0.0805,0.1683,2.97
2026-02-15 05:00:00,1,24,6,2026-02-14,2026-02-14 23:00:00,0.0071,0.0658,0.2085,3.27
2026-02-15 05:00:00,1,48,30,2026-02-13,2026-02-13 23:00:00,0.0037,0.083,0.1712,3.83
2026-02-15 06:00:00,1,24,7,2026-02-14,2026-02-14 23:00:00,0.0058,0.0896,0.4153,5.31
2026-02-15 06:00:00,1,48,31,2026-02-13,2026-02-13 23:00:00,0.0018,0.1048,0.3155,5.0
2026-02-15 07:00:00,1,24,8,2026-02-14,2026-02-14 23:00:00,0.0526,0.1925,0.6478,5.46
2026-02-15 07:00:00,1,48,32,2026-02-13,2026-02-13 23:00:00,0.0,0.1715,0.512,5.89
2026-02-15 08:00:00,1,24,9,2026-02-14,2026-02-14 23:00:00,0.0733,0.3345,0.8836,6.69
2026-02-15 08:00:00,1,48,33,2026-02-13,2026-02-13 23:00:00,0.0828,0.2537,0.8418,6.58
2026-02-15 09:00:00,1,24,10,2026-02-14,2026-02-14 23:00:00,0.2157,0.5145,0.9736,7.54
2026-02-15 09:00:00,1,48,34,2026-02-13,2026-02-13 23:00:00,0.0852,0.4275,0.9907,6.9
2026-02-15 10:00:00,1,24,11,2026-02-14,2026-02-14 23:00:00,0.3401,0.6805,0.9905,7.75
2026-02-15 10:00:00,1,48,35,2026-02-13,2026-02-13 23:00:00,0.3046,0.6416,0.9939,7.73
2026-02-15 11:00:00,1,24,12,2026-02-14,2026-02-14 23:00:00,0.5241,0.7655,0.9958,8.63
2026-02-15 11:00:00,1,48,36,2026-02-13,2026-02-13 23:00:00,0.4002,0.7388,1.0,8.77
2026-02-15 12:00:00,1,24,13,2026-02-14,2026-02-14 23:00:00,0.7068,0.91,0.9915,9.76
2026-02-15 12:00:00,1,48,37,2026-02-13,2026-02-13 23:00:00,0.4847,0.883,0.9937,9.61
2026-02-15 13:00:00,1,24,14,2026-02-14,2026-02-14 23:00:00,0.6373,0.9244,0.9908,9.68
2026-02-15 13:00:00,1,48,38,2026-02-13,2026-02-13 23:00:00,0.7003,0.9252,0.9942,9.85
2026-02-15 14:00:00,1,24,15,2026-02-14,2026-02-14 23:00:00,0.5722,0.8745,0.994,8.91
2026-02-15 14:00:00,1,48,39,2026-02-13,2026-02-13 23:00:00,0.6002,0.9092,0.9948,9.58
2026-02-15 15:00:00,1,24,16,2026-02-14,2026-02-14 23:00:00,0.5459,0.9136,0.9917,8.29
2026-02-15 15:00:00,1,48,40,2026-02-13,2026-02-13 23:00:00,0.5719,0.9145,0.9969,8.73
2026-02-15 16:00:00,1,24,17,2026-02-14,2026-02-14 23:00:00,0.4823,0.9148,0.9973,8.17
2026-02-15 16:00:00,1,48,41,2026-02-13,2026-02-13 23:00:00,0.5064,0.9268,0.9969,8.08
2026-02-15 17:00:00,1,24,18,2026-02-14,2026-02-14 23:00:00,0.4796,0.9431,1.0,8.14
2026-02-15 17:00:00,1,48,42,2026-02-13,2026-02-13 23:00:00,0.4573,0.9236,1.0,8.37
2026-02-15 18:00:00,1,24,19,2026-02-14,2026-02-14 23:00:00,0.4803,0.9319,1.0,7.74
2026-02-15 18:00:00,1,48,43,2026-02-13,2026-02-13 23:00:00,0.4692,0.9104,1.0,8.23
2026-02-15 19:00:00,1,24,20,2026-02-14,2026-02-14 23:00:00,0.4538,0.9452,1.0,7.8
2026-02-15 19:00:00,1,48,44,2026-02-13,2026-02-13 23:00:00,0.4622,0.9355,0.9986,8.39
2026-02-15 20:00:00,1,24,21,2026-02-14,2026-02-14 23:00:00,0.4492,0.922,1.0,8.06
2026-02-15 20:00:00,1,48,45,2026-02-13,2026-02-13 23:00:00,0.465,0.9059,1.0,8.22
2026-02-15 21:00:00,1,24,22,2026-02-14,2026-02-14 23:00:00,0.4847,0.9117,0.9939,7.42
2026-02-15 21:00:00,1,48,46,2026-02-13,2026-02-13 23:00:00,0.4464,0.9112,0.9991,8.12
2026-02-15 22:00:00,1,24,23,2026-02-14,2026-02-14 23:00:00,0.3646,0.8642,0.9791,6.21
2026-02-15 22:00:00,1,48,47,2026-02-13,2026-02-13 23:00:00,0.3998,0.8543,1.0,7.64
2026-02-15 23:00:00,1,24,24,2026-02-14,2026-02-14 23:00:00,0.2198,0.5963,0.9358,5.67
2026-02-15 23:00:00,1,48,48,2026-02-13,2026-02-13 23:00:00,0.2765,0.7446,0.9915,6.72
2026-02-16 00:00:00,1,24,1,2026-02-15,2026-02-15 23:00:00,0.1592,0.5446,0.9266,5.26
2026-02-16 00:00:00,1,48,25,2026-02-14,2026-02-14 23:00:00,0.2571,0.6535,0.9907,6.68
2026-02-16 01:00:00,1,24,2,2026-02-15,2026-02-15 23:00:00,0.1496,0.4704,0.9121,5.96
2026-02-16 01:00:00,1,48,26,2026-02-14,2026-02-14 23:00:00,0.2337,0.6195,0.9917,6.77
2026-02-16 02:00:00,1,24,3,2026-02-15,2026-02-15 23:00:00,0.1766,0.5551,0.9536,6.18
2026-02-16 02:00:00,1,48,27,2026-02-14,2026-02-14 23:00:00,0.2086,0.6263,0.9825,6.61
2026-02-16 03:00:00,1,24,4,2026-02-15,2026-02-15 23:00:00,0.1836,0.5,0.955,6.43
2026-02-16 03:00:00,1,48,28,2026-02-14,2026-02-14 23:00:00,0.1918,0.575,0.9858,6.22
2026-02-16 04:00:00,1,24,5,2026-02-15,2026-02-15 23:00:00,0.2152,0.5076,0.9574,6.61
2026-02-16 04:00:00,1,48,29,2026-02-14,2026-02-14 23:00:00,0.1483,0.5431,0.9626,5.95
2026-02-16 05:00:00,1,24,6,2026-02-15,2026-02-15 23:00:00,0.2481,0.5056,0.9755,6.69
2026-02-16 05:00:00,1,48,30,2026-02-14,2026-02-14 23:00:00,0.2123,0.4832,0.9735,5.81
2026-02-16 06:00:00,1,24,7,2026-02-15,2026-02-15 23:00:00,0.2091,0.5515,0.9605,6.81
2026-02-16 06:00:00,1,48,31,2026-02-14,2026-02-14 23:00:00,0.1433,0.4266,0.951,5.65
2026-02-16 07:00:00,1,24,8,2026-02-15,2026-02-15 23:00:00,0.1945,0.4517,0.9659,6.88
2026-02-16 07:00:00,1,48,32,2026-02-14,2026-02-14 23:00:00,0.1249,0.3217,0.965,6.26
2026-02-16 08:00:00,1,24,9,2026-02-15,2026-02-15 23:00:00,0.1346,0.4663,0.9475,6.51
2026-02-16 08:00:00,1,48,33,2026-02-14,2026-02-14 23:00:00,0.1091,0.3345,0.9525,6.77
2026-02-16 09:00:00,1,24,10,2026-02-15,2026-02-15 23:00:00,0.1578,0.3989,0.9537,7.08
2026-02-16 09:00:00,1,48,34,2026-02-14,2026-02-14 23:00:00,0.2086,0.4436,0.9957,7.1
2026-02-16 10:00:00,1,24,11,2026-02-15,2026-02-15 23:00:00,0.1998,0.6224,0.9577,5.84
2026-02-16 10:00:00,1,48,35,2026-02-14,2026-02-14 23:00:00,0.1011,0.4262,0.985,5.76
2026-02-16 11:00:00,1,24,12,2026-02-15,2026-02-15 23:00:00,0.3513,0.7005,0.9657,7.07
2026-02-16 11:00:00,1,48,36,2026-02-14,2026-02-14 23:00:00,0.1987,0.4573,0.9538,6.16
2026-02-16 12:00:00,1,24,13,2026-02-15,2026-02-15 23:00:00,0.3961,0.7984,0.9873,7.59
2026-02-16 12:00:00,1,48,37,2026-02-14,2026-02-14 23:00:00,0.1715,0.4779,0.9239,5.64
2026-02-16 13:00:00,1,24,14,2026-02-15,2026-02-15 23:00:00,0.383,0.8015,0.9872,7.22
2026-02-16 13:00:00,1,48,38,2026-02-14,2026-02-14 23:00:00,0.0645,0.5495,0.8978,4.68
2026-02-16 14:00:00,1,24,15,2026-02-15,2026-02-15 23:00:00,0.3484,0.7893,0.9793,6.64
2026-02-16 14:00:00,1,48,39,2026-02-14,2026-02-14 23:00:00,0.0943,0.5487,0.9348,5.36
2026-02-16 15:00:00,1,24,16,2026-02-15,2026-02-15 23:00:00,0.2478,0.7617,0.9669,5.52
2026-02-16 15:00:00,1,48,40,2026-02-14,2026-02-14 23:00:00,0.1956,0.6591,0.9745,5.27
2026-02-16 16:00:00,1,24,17,2026-02-15,2026-02-15 23:00:00,0.2377,0.6992,0.9487,5.26
2026-02-16 16:00:00,1,48,41,2026-02-14,2026-02-14 23:00:00,0.2679,0.7483,0.9779,6.14
2026-02-16 17:00:00,1,24,18,2026-02-15,2026-02-15 23:00:00,0.208,0.5591,0.8733,5.11
2026-02-16 17:00:00,1,48,42,2026-02-14,2026-02-14 23:00:00,0.2867,0.7402,0.9954,6.87
2026-02-16 18:00:00,1,24,19,2026-02-15,2026-02-15 23:00:00,0.1829,0.581,0.9126,5.88
2026-02-16 18:00:00,1,48,43,2026-02-14,2026-02-14 23:00:00,0.2239,0.75,0.9833,5.61
2026-02-16 19:00:00,1,24,20,2026-02-15,2026-02-15 23:00:00,0.1901,0.6515,0.9331,5.59
2026-02-16 19:00:00,1,48,44,2026-02-14,2026-02-14 23:00:00,0.2114,0.8026,0.9604,6.33
2026-02-16 20:00:00,1,24,21,2026-02-15,2026-02-15 23:00:00,0.1816,0.712,0.9276,5.56
2026-02-16 20:00:00,1,48,45,2026-02-14,2026-02-14 23:00:00,0.2216,0.7825,0.987,6.93
2026-02-16 21:00:00,1,24,22,2026-02-15,2026-02-15 23:00:00,0.1664,0.627,0.9161,5.73
2026-02-16 21:00:00,1,48,46,2026-02-14,2026-02-14 23:00:00,0.2527,0.7492,1.0,7.33
2026-02-16 22:00:00,1,24,23,2026-02-15,2026-02-15 23:00:00,0.1268,0.6422,0.912,5.37
2026-02-16 22:00:00,1,48,47,2026-02-14,2026-02-14 23:00:00,0.2194,0.7589,0.986,6.95
2026-02-16 23:00:00,1,24,24,2026-02-15,2026-02-15 23:00:00,0.1347,0.5007,0.8943,5.11
2026-02-16 23:00:00,1,48,48,2026-02-14,2026-02-14 23:00:00,0.2011,0.7095,0.9382,6.36
2026-02-17 00:00:00,1,24,1,2026-02-16,2026-02-16 23:00:00,0.1392,0.5802,0.9042,4.99
2026-02-17 00:00:00,1,48,25,2026-02-15,2026-02-15 23:00:00,0.1899,0.6648,0.9454,6.06
2026-02-17 01:00:00,1,24,2,2026-02-16,2026-02-16 23:00:00,0.1939,0.5912,0.9022,5.73
2026-02-17 01:00:00,1,48,26,2026-02-15,2026-02-15 23:00:00,0.1903,0.6377,0.9591,6.22
2026-02-17 02:00:00,1,24,3,2026-02-16,2026-02-16 23:00:00,0.2105,0.5163,0.9259,6.11
2026-02-17 02:00:00,1,48,27,2026-02-15,2026-02-15 23:00:00,0.1953,0.5992,0.9461,6.26
2026-02-17 03:00:00,1,24,4,2026-02-16,2026-02-16 23:00:00,0.1515,0.5379,0.954,6.65
2026-02-17 03:00:00,1,48,28,2026-02-15,2026-02-15 23:00:00,0.1767,0.6011,0.9333,5.88
2026-02-17 04:00:00,1,24,5,2026-02-16,2026-02-16 23:00:00,0.1248,0.379,0.8966,6.05
2026-02-17 04:00:00,1,48,29,2026-02-15,2026-02-15 23:00:00,0.1481,0.4717,0.9399,6.07
2026-02-17 05:00:00,1,24,6,2026-02-16,2026-02-16 23:00:00,0.0,0.3225,0.7538,2.44
2026-02-17 05:00:00,1,48,30,2026-02-15,2026-02-15 23:00:00,0.0,0.2974,0.6796,5.37
2026-02-17 06:00:00,1,24,7,2026-02-16,2026-02-16 23:00:00,0.0,0.2187,0.5446,2.06
2026-02-17 06:00:00,1,48,31,2026-02-15,2026-02-15 23:00:00,0.0,0.146,0.5508,5.46
2026-02-17 07:00:00,1,24,8,2026-02-16,2026-02-16 23:00:00,0.0017,0.1669,0.4992,3.09
2026-02-17 07:00:00,1,48,32,2026-02-15,2026-02-15 23:00:00,0.0,0.1833,0.5394,4.3
2026-02-17 08:00:00,1,24,9,2026-02-16,2026-02-16 23:00:00,0.004,0.1245,0.4738,4.44
2026-02-17 08:00:00,1,48,33,2026-02-15,2026-02-15 23:00:00,0.0001,0.1238,0.3221,3.39
2026-02-17 09:00:00,1,24,10,2026-02-16,2026-02-16 23:00:00,0.0031,0.1415,0.501,5.48
2026-02-17 09:00:00,1,48,34,2026-02-15,2026-02-15 23:00:00,0.0017,0.1059,0.3685,3.7
2026-02-17 10:00:00,1,24,11,2026-02-16,2026-02-16 23:00:00,0.0012,0.1761,0.5139,6.05
2026-02-17 10:00:00,1,48,35,2026-02-15,2026-02-15 23:00:00,0.0,0.1368,0.5286,4.81
2026-02-17 11:00:00,1,24,12,2026-02-16,2026-02-16 23:00:00,0.0024,0.1547,0.4574,4.46
2026-02-17 11:00:00,1,48,36,2026-02-15,2026-02-15 23:00:00,0.0,0.2693,0.6629,3.75
2026-02-17 12:00:00,1,24,13,2026-02-16,2026-02-16 23:00:00,0.003,0.142,0.3159,5.07
2026-02-17 12:00:00,1,48,37,2026-02-15,2026-02-15 23:00:00,0.0,0.2617,0.6764,4.53
2026-02-17 13:00:00,1,24,14,2026-02-16,2026-02-16 23:00:00,0.0021,0.1601,0.4319,4.9
2026-02-17 13:00:00,1,48,38,2026-02-15,2026-02-15 23:00:00,0.0,0.3308,0.7119,3.81
2026-02-17 14:00:00,1,24,15,2026-02-16,2026-02-16 23:00:00,0.0012,0.1772,0.49,5.09
2026-02-17 14:00:00,1,48,39,2026-02-15,2026-02-15 23:00:00,0.0,0.3768,0.7852,4.82
2026-02-17 15:00:00,1,24,16,2026-02-16,2026-02-16 23:00:00,0.0,0.2128,0.5939,5.15
2026-02-17 15:00:00,1,48,40,2026-02-15,2026-02-15 23:00:00,0.0,0.3987,0.7855,5.44
2026-02-17 16:00:00,1,24,17,2026-02-16,2026-02-16 23:00:00,0.0,0.2933,0.6785,4.92
2026-02-17 16:00:00,1,48,41,2026-02-15,2026-02-15 23:00:00,0.2643,0.6337,0.8753,5.59
2026-02-17 17:00:00,1,24,18,2026-02-16,2026-02-16 23:00:00,0.2009,0.6059,0.9509,6.69
2026-02-17 17:00:00,1,48,42,2026-02-15,2026-02-15 23:00:00,0.1613,0.6388,0.9692,6.89
2026-02-17 18:00:00,1,24,19,2026-02-16,2026-02-16 23:00:00,0.2455,0.666,0.9755,6.85
2026-02-17 18:00:00,1,48,43,2026-02-15,2026-02-15 23:00:00,0.1996,0.6692,1.0,7.2
2026-02-17 19:00:00,1,24,20,2026-02-16,2026-02-16 23:00:00,0.2267,0.5088,0.9665,7.48
2026-02-17 19:00:00,1,48,44,2026-02-15,2026-02-15 23:00:00,0.2554,0.7627,1.0,7.21
2026-02-17 20:00:00,1,24,21,2026-02-16,2026-02-16 23:00:00,0.2515,0.6216,0.9582,8.07
2026-02-17 20:00:00,1,48,45,2026-02-15,2026-02-15 23:00:00,0.2246,0.7282,0.995,6.95
2026-02-17 21:00:00,1,24,22,2026-02-16,2026-02-16 23:00:00,0.3418,0.697,0.9867,8.01
2026-02-17 21:00:00,1,48,46,2026-02-15,2026-02-15 23:00:00,0.3241,0.7385,1.0,7.09
2026-02-17 22:00:00,1,24,23,2026-02-16,2026-02-16 23:00:00,0.3285,0.6365,0.9654,7.32
2026-02-17 22:00:00,1,48,47,2026-02-15,2026-02-15 23:00:00,0.3548,0.7217,1.0,7.25
2026-02-17 23:00:00,1,24,24,2026-02-16,2026-02-16 23:00:00,0.3296,0.6861,0.9819,7.16
2026-02-17 23:00:00,1,48,48,2026-02-15,2026-02-15 23:00:00,0.3964,0.6437,1.0,7.76
2026-02-18 00:00:00,1,24,1,2026-02-17,2026-02-17 23:00:00,0.3397,0.7036,0.9969,7.25
2026-02-18 00:00:00,1,48,25,2026-02-16,2026-02-16 23:00:00,0.4811,0.7882,0.9903,8.63
2026-02-18 01:00:00,1,24,2,2026-02-17,2026-02-17 23:00:00,0.3467,0.719,0.9968,7.73
2026-02-18 01:00:00,1,48,26,2026-02-16,2026-02-16 23:00:00,0.5275,0.8282,0.9938,9.37
2026-02-18 02:00:00,1,24,3,2026-02-17,2026-02-17 23:00:00,0.2926,0.685,0.9785,6.75
2026-02-18 02:00:00,1,48,27,2026-02-16,2026-02-16 23:00:00,0.4395,0.7421,1.0,8.02
2026-02-18 03:00:00,1,24,4,2026-02-17,2026-02-17 23:00:00,0.2555,0.6194,0.9804,6.71
2026-02-18 03:00:00,1,48,28,2026-02-16,2026-02-16 23:00:00,0.3896,0.682,1.0,7.26
2026-02-18 04:00:00,1,24,5,2026-02-17,2026-02-17 23:00:00,0.3643,0.6598,0.9911,7.03
2026-02-18 04:00:00,1,48,29,2026-02-16,2026-02-16 23:00:00,0.3832,0.6597,1.0,7.17
2026-02-18 05:00:00,1,24,6,2026-02-17,2026-02-17 23:00:00,0.3902,0.6681,0.997,7.1
2026-02-18 05:00:00,1,48,30,2026-02-16,2026-02-16 23:00:00,0.4094,0.6982,1.0,7.66
2026-02-18 06:00:00,1,24,7,2026-02-17,2026-02-17 23:00:00,0.4431,0.7674,0.9973,6.55
2026-02-18 06:00:00,1,48,31,2026-02-16,2026-02-16 23:00:00,0.4002,0.6859,1.0,7.92
2026-02-18 07:00:00,1,24,8,2026-02-17,2026-02-17 23:00:00,0.4659,0.7381,0.9955,7.34
2026-02-18 07:00:00,1,48,32,2026-02-16,2026-02-16 23:00:00,0.4466,0.6785,1.0,7.88
2026-02-18 08:00:00,1,24,9,2026-02-17,2026-02-17 23:00:00,0.5535,0.7527,1.0,8.06
2026-02-18 08:00:00,1,48,33,2026-02-16,2026-02-16 23:00:00,0.5209,0.7509,1.0,8.13
2026-02-18 09:00:00,1,24,10,2026-02-17,2026-02-17 23:00:00,0.5844,0.8318,0.9954,8.1
2026-02-18 09:00:00,1,48,34,2026-02-16,2026-02-16 23:00:00,0.5492,0.8188,1.0,7.23
2026-02-18 10:00:00,1,24,11,2026-02-17,2026-02-17 23:00:00,0.6779,0.8905,0.9929,8.54
2026-02-18 10:00:00,1,48,35,2026-02-16,2026-02-16 23:00:00,0.628,0.8967,0.9973,7.63
2026-02-18 11:00:00,1,24,12,2026-02-17,2026-02-17 23:00:00,0.9272,0.9282,0.9919,11.41
2026-02-18 11:00:00,1,48,36,2026-02-16,2026-02-16 23:00:00,0.8059,0.9315,0.9947,8.78
2026-02-18 12:00:00,1,24,13,2026-02-17,2026-02-17 23:00:00,0.9462,0.9675,0.9956,10.11
2026-02-18 12:00:00,1,48,37,2026-02-16,2026-02-16 23:00:00,0.7741,0.958,0.9973,9.25
2026-02-18 13:00:00,1,24,14,2026-02-17,2026-02-17 23:00:00,0.9476,0.9678,0.9907,10.09
2026-02-18 13:00:00,1,48,38,2026-02-16,2026-02-16 23:00:00,0.969,0.9707,0.9912,10.71
2026-02-18 14:00:00,1,24,15,2026-02-17,2026-02-17 23:00:00,0.9506,0.96,0.991,9.96
2026-02-18 14:00:00,1,48,39,2026-02-16,2026-02-16 23:00:00,0.9139,0.9635,0.9927,11.28
2026-02-18 15:00:00,1,24,16,2026-02-17,2026-02-17 23:00:00,0.8205,0.9597,0.991,9.26
2026-02-18 15:00:00,1,48,40,2026-02-16,2026-02-16 23:00:00,0.8554,0.9557,0.9926,10.24
2026-02-18 16:00:00,1,24,17,2026-02-17,2026-02-17 23:00:00,0.7354,0.9251,0.9918,10.09
2026-02-18 16:00:00,1,48,41,2026-02-16,2026-02-16 23:00:00,0.5895,0.9238,0.9934,9.69
2026-02-18 17:00:00,1,24,18,2026-02-17,2026-02-17 23:00:00,0.584,0.9336,1.0,8.66
2026-02-18 17:00:00,1,48,42,2026-02-16,2026-02-16 23:00:00,0.4327,0.9069,1.0,8.04
2026-02-18 18:00:00,1,24,19,2026-02-17,2026-02-17 23:00:00,0.3674,0.8286,0.9984,7.08
2026-02-18 18:00:00,1,48,43,2026-02-16,2026-02-16 23:00:00,0.4126,0.9026,1.0,7.15
2026-02-18 19:00:00,1,24,20,2026-02-17,2026-02-17 23:00:00,0.3612,0.8734,0.9925,7.45
2026-02-18 19:00:00,1,48,44,2026-02-16,2026-02-16 23:00:00,0.2864,0.9288,0.9947,6.85
2026-02-18 20:00:00,1,24,21,2026-02-17,2026-02-17 23:00:00,0.3282,0.9014,0.9804,6.56
2026-02-18 20:00:00,1,48,45,2026-02-16,2026-02-16 23:00:00,0.283,0.8186,1.0,7.61
2026-02-18 21:00:00,1,24,22,2026-02-17,2026-02-17 23:00:00,0.2573,0.7736,0.977,7.01
2026-02-18 21:00:00,1,48,46,2026-02-16,2026-02-16 23:00:00,0.2778,0.856,0.9814,7.86
2026-02-18 22:00:00,1,24,23,2026-02-17,2026-02-17 23:00:00,0.2895,0.7585,0.9763,6.05
2026-02-18 22:00:00,1,48,47,2026-02-16,2026-02-16 23:00:00,0.2654,0.7984,0.9652,7.14
2026-02-18 23:00:00,1,24,24,2026-02-17,2026-02-17 23:00:00,0.261,0.8061,0.9586,5.92
2026-02-18 23:00:00,1,48,48,2026-02-16,2026-02-16 23:00:00,0.2005,0.7288,0.9462,6.03
2026-02-19 00:00:00,1,24,1,2026-02-18,2026-02-18 23:00:00,0.2085,0.6601,0.9472,6.17
2026-02-19 00:00:00,1,48,25,2026-02-17,2026-02-17 23:00:00,0.1413,0.6165,0.9582,6.59
2026-02-19 01:00:00,1,24,2,2026-02-18,2026-02-18 23:00:00,0.1915,0.7198,0.9514,5.1
2026-02-19 01:00:00,1,48,26,2026-02-17,2026-02-17 23:00:00,0.1497,0.6362,0.9547,5.35
2026-02-19 02:00:00,1,24,3,2026-02-18,2026-02-18 23:00:00,0.1757,0.707,0.9551,5.12
2026-02-19 02:00:00,1,48,27,2026-02-17,2026-02-17 23:00:00,0.1271,0.5796,0.956,5.66
2026-02-19 03:00:00,1,24,4,2026-02-18,2026-02-18 23:00:00,0.1965,0.6619,0.9483,4.97
2026-02-19 03:00:00,1,48,28,2026-02-17,2026-02-17 23:00:00,0.1444,0.5799,0.9617,5.73
2026-02-19 04:00:00,1,24,5,2026-02-18,2026-02-18 23:00:00,0.1689,0.541,0.9202,5.16
2026-02-19 04:00:00,1,48,29,2026-02-17,2026-02-17 23:00:00,0.0933,0.4193,0.9556,4.86
2026-02-19 05:00:00,1,24,6,2026-02-18,2026-02-18 23:00:00,0.0994,0.4964,0.8564,4.36
2026-02-19 05:00:00,1,48,30,2026-02-17,2026-02-17 23:00:00,0.1393,0.5503,0.9539,5.45
2026-02-19 06:00:00,1,24,7,2026-02-18,2026-02-18 23:00:00,0.0467,0.3937,0.8042,4.48
2026-02-19 06:00:00,1,48,31,2026-02-17,2026-02-17 23:00:00,0.1521,0.462,0.9602,5.94
2026-02-19 07:00:00,1,24,8,2026-02-18,2026-02-18 23:00:00,0.0335,0.4248,0.8609,4.53
2026-02-19 07:00:00,1,48,32,2026-02-17,2026-02-17 23:00:00,0.1362,0.4807,0.9586,5.63
2026-02-19 08:00:00,1,24,9,2026-02-18,2026-02-18 23:00:00,0.0102,0.2814,0.7207,4.5
2026-02-19 08:00:00,1,48,33,2026-02-17,2026-02-17 23:00:00,0.1062,0.4163,0.948,5.88
2026-02-19 09:00:00,1,24,10,2026-02-18,2026-02-18 23:00:00,0.0,0.2362,0.729,4.86
2026-02-19 09:00:00,1,48,34,2026-02-17,2026-02-17 23:00:00,0.1287,0.4721,0.9873,6.86
2026-02-19 10:00:00,1,24,11,2026-02-18,2026-02-18 23:00:00,0.0593,0.3191,0.8262,5.42
2026-02-19 10:00:00,1,48,35,2026-02-17,2026-02-17 23:00:00,0.0556,0.4774,0.9733,5.4
2026-02-19 11:00:00,1,24,12,2026-02-18,2026-02-18 23:00:00,0.0,0.3743,0.8082,4.65
2026-02-19 11:00:00,1,48,36,2026-02-17,2026-02-17 23:00:00,0.0765,0.4746,0.9496,5.82
2026-02-19 12:00:00,1,24,13,2026-02-18,2026-02-18 23:00:00,0.0,0.4022,0.7482,4.91
2026-02-19 12:00:00,1,48,37,2026-02-17,2026-02-17 23:00:00,0.0,0.4521,0.8541,4.79
2026-02-19 13:00:00,1,24,14,2026-02-18,2026-02-18 23:00:00,0.0,0.4047,0.6848,4.82
2026-02-19 13:00:00,1,48,38,2026-02-17,2026-02-17 23:00:00,0.0,0.3928,0.7088,4.44
2026-02-19 14:00:00,1,24,15,2026-02-18,2026-02-18 23:00:00,0.0,0.3672,0.6516,4.63
2026-02-19 14:00:00,1,48,39,2026-02-17,2026-02-17 23:00:00,0.0,0.3536,0.6656,4.49
2026-02-19 15:00:00,1,24,16,2026-02-18,2026-02-18 23:00:00,0.0,0.2972,0.554,4.11
2026-02-19 15:00:00,1,48,40,2026-02-17,2026-02-17 23:00:00,0.0,0.2982,0.5665,3.8
2026-02-19 16:00:00,1,24,17,2026-02-18,2026-02-18 23:00:00,0.0,0.2867,0.5141,2.58
2026-02-19 16:00:00,1,48,41,2026-02-17,2026-02-17 23:00:00,0.0,0.278,0.5449,4.15
2026-02-19 17:00:00,1,24,18,2026-02-18,2026-02-18 23:00:00,0.0,0.2511,0.4013,3.37
2026-02-19 17:00:00,1,48,42,2026-02-17,2026-02-17 23:00:00,0.0,0.3208,0.5709,4.09
2026-02-19 18:00:00,1,24,19,2026-02-18,2026-02-18 23:00:00,0.0,0.241,0.3919,1.23
2026-02-19 18:00:00,1,48,43,2026-02-17,2026-02-17 23:00:00,0.0,0.2698,0.5195,3.01
2026-02-19 19:00:00,1,24,20,2026-02-18,2026-02-18 23:00:00,0.0043,0.1185,0.3587,1.89
2026-02-19 19:00:00,1,48,44,2026-02-17,2026-02-17 23:00:00,0.0,0.3002,0.591,1.74
2026-02-19 20:00:00,1,24,21,2026-02-18,2026-02-18 23:00:00,0.0062,0.0817,0.3424,4.72
2026-02-19 20:00:00,1,48,45,2026-02-17,2026-02-17 23:00:00,0.0,0.1532,0.3816,0.71
2026-02-19 21:00:00,1,24,22,2026-02-18,2026-02-18 23:00:00,0.0029,0.1436,0.3692,5.25
2026-02-19 21:00:00,1,48,46,2026-02-17,2026-02-17 23:00:00,0.0,0.1574,0.4061,2.83
2026-02-19 22:00:00,1,24,23,2026-02-18,2026-02-18 23:00:00,0.0,0.3129,0.65,7.01
2026-02-19 22:00:00,1,48,47,2026-02-17,2026-02-17 23:00:00,0.0,0.1889,0.4801,5.24
2026-02-19 23:00:00,1,24,24,2026-02-18,2026-02-18 23:00:00,0.0,0.4127,0.8421,6.15
2026-02-19 23:00:00,1,48,48,2026-02-17,2026-02-17 23:00:00,0.0,0.2595,0.4498,6.63
2026-02-20 00:00:00,1,24,1,2026-02-19,2026-02-19 23:00:00,0.0,0.4161,0.838,7.07
2026-02-20 00:00:00,1,48,25,2026-02-18,2026-02-18 23:00:00,0.0,0.2875,0.6099,5.64
2026-02-20 01:00:00,1,24,2,2026-02-19,2026-02-19 23:00:00,0.0,0.3447,0.804,7.44
2026-02-20 01:00:00,1,48,26,2026-02-18,2026-02-18 23:00:00,0.0,0.3088,0.618,4.87
2026-02-20 02:00:00,1,24,3,2026-02-19,2026-02-19 23:00:00,0.0,0.4786,0.8583,7.45
2026-02-20 02:00:00,1,48,27,2026-02-18,2026-02-18 23:00:00,0.0,0.3168,0.7235,6.04
2026-02-20 03:00:00,1,24,4,2026-02-19,2026-02-19 23:00:00,0.0,0.4673,0.8602,6.96
2026-02-20 03:00:00,1,48,28,2026-02-18,2026-02-18 23:00:00,0.0,0.4037,0.8152,6.88
2026-02-20 04:00:00,1,24,5,2026-02-19,2026-02-19 23:00:00,0.0,0.3353,0.7965,7.34
2026-02-20 04:00:00,1,48,29,2026-02-18,2026-02-18 23:00:00,0.0,0.3944,0.93,6.82
2026-02-20 05:00:00,1,24,6,2026-02-19,2026-02-19 23:00:00,0.0426,0.4757,0.8625,7.76
2026-02-20 05:00:00,1,48,30,2026-02-18,2026-02-18 23:00:00,0.0,0.306,0.8266,7.57
2026-02-20 06:00:00,1,24,7,2026-02-19,2026-02-19 23:00:00,0.0757,0.4584,0.8852,7.91
2026-02-20 06:00:00,1,48,31,2026-02-18,2026-02-18 23:00:00,0.0011,0.3934,0.895,7.63
2026-02-20 07:00:00,1,24,8,2026-02-19,2026-02-19 23:00:00,0.1134,0.4344,0.8877,8.49
2026-02-20 07:00:00,1,48,32,2026-02-18,2026-02-18 23:00:00,0.0255,0.4001,0.8888,7.2
2026-02-20 08:00:00,1,24,9,2026-02-19,2026-02-19 23:00:00,0.0411,0.3934,0.9131,7.86
2026-02-20 08:00:00,1,48,33,2026-02-18,2026-02-18 23:00:00,0.0,0.3543,0.8097,6.87
2026-02-20 09:00:00,1,24,10,2026-02-19,2026-02-19 23:00:00,0.0661,0.4744,0.8683,6.3
2026-02-20 09:00:00,1,48,34,2026-02-18,2026-02-18 23:00:00,0.0,0.3335,0.7558,5.5
2026-02-20 10:00:00,1,24,11,2026-02-19,2026-02-19 23:00:00,0.0,0.4317,0.7441,5.45
2026-02-20 10:00:00,1,48,35,2026-02-18,2026-02-18 23:00:00,0.0,0.2079,0.5121,4.67
2026-02-20 11:00:00,1,24,12,2026-02-19,2026-02-19 23:00:00,0.0,0.3005,0.7264,5.35
2026-02-20 11:00:00,1,48,36,2026-02-18,2026-02-18 23:00:00,0.0,0.1725,0.3837,4.32
2026-02-20 12:00:00,1,24,13,2026-02-19,2026-02-19 23:00:00,0.0,0.2477,0.631,4.76
2026-02-20 12:00:00,1,48,37,2026-02-18,2026-02-18 23:00:00,0.0,0.1285,0.3096,3.18
2026-02-20 13:00:00,1,24,14,2026-02-19,2026-02-19 23:00:00,0.0,0.2277,0.5125,4.14
2026-02-20 13:00:00,1,48,38,2026-02-18,2026-02-18 23:00:00,0.0023,0.0984,0.2314,2.64
2026-02-20 14:00:00,1,24,15,2026-02-19,2026-02-19 23:00:00,0.0007,0.186,0.4119,3.54
2026-02-20 14:00:00,1,48,39,2026-02-18,2026-02-18 23:00:00,0.0048,0.07,0.1662,2.15
2026-02-20 15:00:00,1,24,16,2026-02-19,2026-02-19 23:00:00,0.0026,0.1509,0.3133,3.09
2026-02-20 15:00:00,1,48,40,2026-02-18,2026-02-18 23:00:00,0.0062,0.0537,0.1414,1.46
2026-02-20 16:00:00,1,24,17,2026-02-19,2026-02-19 23:00:00,0.0045,0.1134,0.222,2.4
2026-02-20 16:00:00,1,48,41,2026-02-18,2026-02-18 23:00:00,0.0024,0.0973,0.3115,1.97
2026-02-20 17:00:00,1,24,18,2026-02-19,2026-02-19 23:00:00,0.0063,0.081,0.1267,2.36
2026-02-20 17:00:00,1,48,42,2026-02-18,2026-02-18 23:00:00,0.0,0.1319,0.3783,3.47
2026-02-20 18:00:00,1,24,19,2026-02-19,2026-02-19 23:00:00,0.0061,0.0834,0.1785,1.04
2026-02-20 18:00:00,1,48,43,2026-02-18,2026-02-18 23:00:00,0.0,0.2591,0.6682,7.63
2026-02-20 19:00:00,1,24,20,2026-02-19,2026-02-19 23:00:00,0.0,0.2578,0.4655,3.57
2026-02-20 19:00:00,1,48,44,2026-02-18,2026-02-18 23:00:00,0.0022,0.5686,0.9889,8.03
2026-02-20 20:00:00,1,24,21,2026-02-19,2026-02-19 23:00:00,0.0,0.2426,0.7342,6.58
2026-02-20 20:00:00,1,48,45,2026-02-18,2026-02-18 23:00:00,0.1366,0.5785,0.9989,8.16
2026-02-20 21:00:00,1,24,22,2026-02-19,2026-02-19 23:00:00,0.0324,0.4614,0.9211,7.27
2026-02-20 21:00:00,1,48,46,2026-02-18,2026-02-18 23:00:00,0.1689,0.5693,0.9602,8.32
2026-02-20 22:00:00,1,24,23,2026-02-19,2026-02-19 23:00:00,0.0536,0.4489,0.9141,8.05
2026-02-20 22:00:00,1,48,47,2026-02-18,2026-02-18 23:00:00,0.2897,0.6645,0.9913,8.15
2026-02-20 23:00:00,1,24,24,2026-02-19,2026-02-19 23:00:00,0.2272,0.5141,0.8817,8.31
2026-02-20 23:00:00,1,48,48,2026-02-18,2026-02-18 23:00:00,0.2589,0.5318,0.9765,8.16
2026-02-21 00:00:00,1,24,1,2026-02-20,2026-02-20 23:00:00,0.231,0.5214,0.8638,7.99
2026-02-21 00:00:00,1,48,25,2026-02-19,2026-02-19 23:00:00,0.3107,0.6558,0.9744,8.27
2026-02-21 01:00:00,1,24,2,2026-02-20,2026-02-20 23:00:00,0.2321,0.5585,0.8854,7.53
2026-02-21 01:00:00,1,48,26,2026-02-19,2026-02-19 23:00:00,0.2783,0.6715,0.9681,7.92
2026-02-21 02:00:00,1,24,3,2026-02-20,2026-02-20 23:00:00,0.2177,0.5186,0.8773,7.3
2026-02-21 02:00:00,1,48,27,2026-02-19,2026-02-19 23:00:00,0.2462,0.6408,0.9823,7.17
2026-02-21 03:00:00,1,24,4,2026-02-20,2026-02-20 23:00:00,0.1257,0.4465,0.8768,6.85
2026-02-21 03:00:00,1,48,28,2026-02-19,2026-02-19 23:00:00,0.1549,0.526,0.9358,6.54
2026-02-21 04:00:00,1,24,5,2026-02-20,2026-02-20 23:00:00,0.119,0.443,0.9073,6.36
2026-02-21 04:00:00,1,48,29,2026-02-19,2026-02-19 23:00:00,0.1076,0.4357,0.9052,5.42
2026-02-21 05:00:00,1,24,6,2026-02-20,2026-02-20 23:00:00,0.1433,0.4303,0.9106,5.81
2026-02-21 05:00:00,1,48,30,2026-02-19,2026-02-19 23:00:00,0.1187,0.4699,0.8658,4.86
2026-02-21 06:00:00,1,24,7,2026-02-20,2026-02-20 23:00:00,0.1357,0.4229,0.8967,4.94
2026-02-21 06:00:00,1,48,31,2026-02-19,2026-02-19 23:00:00,0.118,0.4056,0.9053,3.99
2026-02-21 07:00:00,1,24,8,2026-02-20,2026-02-20 23:00:00,0.123,0.4748,0.9096,4.62
2026-02-21 07:00:00,1,48,32,2026-02-19,2026-02-19 23:00:00,0.0863,0.3301,0.8887,4.64
2026-02-21 08:00:00,1,24,9,2026-02-20,2026-02-20 23:00:00,0.0512,0.3219,0.8217,4.51
2026-02-21 08:00:00,1,48,33,2026-02-19,2026-02-19 23:00:00,0.0709,0.3074,0.8708,5.65
2026-02-21 09:00:00,1,24,10,2026-02-20,2026-02-20 23:00:00,0.001,0.1807,0.6163,0.76
2026-02-21 09:00:00,1,48,34,2026-02-19,2026-02-19 23:00:00,0.0,0.2419,0.6865,4.75
2026-02-21 10:00:00,1,24,11,2026-02-20,2026-02-20 23:00:00,0.0026,0.1512,0.472,5.76
2026-02-21 10:00:00,1,48,35,2026-02-19,2026-02-19 23:00:00,0.0,0.2216,0.53,2.42
2026-02-21 11:00:00,1,24,12,2026-02-20,2026-02-20 23:00:00,0.0479,0.5021,1.0,11.25
2026-02-21 11:00:00,1,48,36,2026-02-19,2026-02-19 23:00:00,0.0956,0.5229,0.9158,11.6
2026-02-21 12:00:00,1,24,13,2026-02-20,2026-02-20 23:00:00,0.6379,0.9299,0.982,11.51
2026-02-21 12:00:00,1,48,37,2026-02-19,2026-02-19 23:00:00,0.1501,0.6775,1.0,12.17
2026-02-21 13:00:00,1,24,14,2026-02-20,2026-02-20 23:00:00,0.7209,0.947,0.9835,13.05
2026-02-21 13:00:00,1,48,38,2026-02-19,2026-02-19 23:00:00,0.3293,0.7338,0.9868,11.75
2026-02-21 14:00:00,1,24,15,2026-02-20,2026-02-20 23:00:00,0.6985,0.926,0.9819,12.36
2026-02-21 14:00:00,1,48,39,2026-02-19,2026-02-19 23:00:00,0.2366,0.7286,0.9692,8.79
2026-02-21 15:00:00,1,24,16,2026-02-20,2026-02-20 23:00:00,0.3991,0.8944,0.9861,9.35
2026-02-21 15:00:00,1,48,40,2026-02-19,2026-02-19 23:00:00,0.1277,0.6324,0.9471,7.08
2026-02-21 16:00:00,1,24,17,2026-02-20,2026-02-20 23:00:00,0.2943,0.7444,0.9819,7.45
2026-02-21 16:00:00,1,48,41,2026-02-19,2026-02-19 23:00:00,0.105,0.4781,0.9076,4.86
2026-02-21 17:00:00,1,24,18,2026-02-20,2026-02-20 23:00:00,0.2434,0.6847,0.9242,6.35
2026-02-21 17:00:00,1,48,42,2026-02-19,2026-02-19 23:00:00,0.0,0.3764,0.826,4.75
2026-02-21 18:00:00,1,24,19,2026-02-20,2026-02-20 23:00:00,0.1657,0.5122,0.9099,4.89
2026-02-21 18:00:00,1,48,43,2026-02-19,2026-02-19 23:00:00,0.0,0.3625,0.6678,4.37
2026-02-21 19:00:00,1,24,20,2026-02-20,2026-02-20 23:00:00,0.1275,0.4643,0.9142,5.85
2026-02-21 19:00:00,1,48,44,2026-02-19,2026-02-19 23:00:00,0.0,0.3224,0.7425,6.08
2026-02-21 20:00:00,1,24,21,2026-02-20,2026-02-20 23:00:00,0.0,0.3235,0.7697,7.6
2026-02-21 20:00:00,1,48,45,2026-02-19,2026-02-19 23:00:00,0.0981,0.5112,0.9403,6.56
2026-02-21 21:00:00,1,24,22,2026-02-20,2026-02-20 23:00:00,0.0,0.2957,0.7107,7.88
2026-02-21 21:00:00,1,48,46,2026-02-19,2026-02-19 23:00:00,0.257,0.7722,1.0,7.25
2026-02-21 22:00:00,1,24,23,2026-02-20,2026-02-20 23:00:00,0.0,0.304,0.6918,7.91
2026-02-21 22:00:00,1,48,47,2026-02-19,2026-02-19 23:00:00,0.2163,0.675,0.997,8.9
2026-02-21 23:00:00,1,24,24,2026-02-20,2026-02-20 23:00:00,0.0,0.3132,0.5185,5.03
2026-02-21 23:00:00,1,48,48,2026-02-19,2026-02-19 23:00:00,0.1886,0.703,0.9998,7.69
2026-02-22 00:00:00,1,24,1,2026-02-21,2026-02-21 23:00:00,0.0,0.2421,0.3656,4.46
2026-02-22 00:00:00,1,48,25,2026-02-20,2026-02-20 23:00:00,0.1722,0.6096,1.0,8.03
2026-02-22 01:00:00,1,24,2,2026-02-21,2026-02-21 23:00:00,0.0015,0.172,0.304,4.56
2026-02-22 01:00:00,1,48,26,2026-02-20,2026-02-20 23:00:00,0.1557,0.6466,0.9641,7.26
2026-02-22 02:00:00,1,24,3,2026-02-21,2026-02-21 23:00:00,0.0062,0.082,0.1937,3.52
2026-02-22 02:00:00,1,48,27,2026-02-20,2026-02-20 23:00:00,0.0,0.4434,0.8679,6.05
2026-02-22 03:00:00,1,24,4,2026-02-21,2026-02-21 23:00:00,0.0079,0.0491,0.1931,1.98
2026-02-22 03:00:00,1,48,28,2026-02-20,2026-02-20 23:00:00,0.0,0.2565,0.6107,5.35
2026-02-22 04:00:00,1,24,5,2026-02-21,2026-02-21 23:00:00,0.0089,0.0261,0.0457,0.83
2026-02-22 04:00:00,1,48,29,2026-02-20,2026-02-20 23:00:00,0.0014,0.1086,0.326,4.0
2026-02-22 05:00:00,1,24,6,2026-02-21,2026-02-21 23:00:00,0.0089,0.0312,0.0535,0.5
2026-02-22 05:00:00,1,48,30,2026-02-20,2026-02-20 23:00:00,0.0067,0.0483,0.1645,0.46
2026-02-22 06:00:00,1,24,7,2026-02-21,2026-02-21 23:00:00,0.0084,0.0408,0.1049,2.15
2026-02-22 06:00:00,1,48,31,2026-02-20,2026-02-20 23:00:00,0.0074,0.0405,0.1475,0.93
2026-02-22 07:00:00,1,24,8,2026-02-21,2026-02-21 23:00:00,0.0047,0.111,0.4072,3.39
2026-02-22 07:00:00,1,48,32,2026-02-20,2026-02-20 23:00:00,0.0083,0.0195,0.0651,1.61
2026-02-22 08:00:00,1,24,9,2026-02-21,2026-02-21 23:00:00,0.0,0.126,0.7252,5.57
2026-02-22 08:00:00,1,48,33,2026-02-20,2026-02-20 23:00:00,0.0076,0.0377,0.1308,1.95
2026-02-22 09:00:00,1,24,10,2026-02-21,2026-02-21 23:00:00,0.0,0.2307,0.8647,5.82
2026-02-22 09:00:00,1,48,34,2026-02-20,2026-02-20 23:00:00,0.0067,0.0475,0.2556,2.27
2026-02-22 10:00:00,1,24,11,2026-02-21,2026-02-21 23:00:00,0.0191,0.4628,0.9631,7.27
2026-02-22 10:00:00,1,48,35,2026-02-20,2026-02-20 23:00:00,0.0009,0.1143,0.5198,3.09
2026-02-22 11:00:00,1,24,12,2026-02-21,2026-02-21 23:00:00,0.3384,0.7291,0.9915,8.18
2026-02-22 11:00:00,1,48,36,2026-02-20,2026-02-20 23:00:00,0.0,0.2871,0.9616,4.81
2026-02-22 12:00:00,1,24,13,2026-02-21,2026-02-21 23:00:00,0.502,0.8857,0.9935,9.25
2026-02-22 12:00:00,1,48,37,2026-02-20,2026-02-20 23:00:00,0.0187,0.3998,0.986,6.83
2026-02-22 13:00:00,1,24,14,2026-02-21,2026-02-21 23:00:00,0.5517,0.9003,0.9934,9.18
2026-02-22 13:00:00,1,48,38,2026-02-20,2026-02-20 23:00:00,0.2054,0.719,0.9923,7.9
2026-02-22 14:00:00,1,24,15,2026-02-21,2026-02-21 23:00:00,0.5183,0.8856,0.9859,8.45
2026-02-22 14:00:00,1,48,39,2026-02-20,2026-02-20 23:00:00,0.3837,0.8138,0.993,8.31
2026-02-22 15:00:00,1,24,16,2026-02-21,2026-02-21 23:00:00,0.4319,0.834,0.9815,8.05
2026-02-22 15:00:00,1,48,40,2026-02-20,2026-02-20 23:00:00,0.3915,0.84,0.9859,8.29
2026-02-22 16:00:00,1,24,17,2026-02-21,2026-02-21 23:00:00,0.42,0.8338,0.9844,7.68
2026-02-22 16:00:00,1,48,41,2026-02-20,2026-02-20 23:00:00,0.3781,0.8221,0.9922,7.88
2026-02-22 17:00:00,1,24,18,2026-02-21,2026-02-21 23:00:00,0.3411,0.7988,0.9917,7.54
2026-02-22 17:00:00,1,48,42,2026-02-20,2026-02-20 23:00:00,0.3374,0.7995,0.998,7.62
2026-02-22 18:00:00,1,24,19,2026-02-21,2026-02-21 23:00:00,0.1827,0.7156,0.969,6.04
2026-02-22 18:00:00,1,48,43,2026-02-20,2026-02-20 23:00:00,0.2059,0.8247,0.9808,6.03
2026-02-22 19:00:00,1,24,20,2026-02-21,2026-02-21 23:00:00,0.0991,0.5808,0.9493,4.16
2026-02-22 19:00:00,1,48,44,2026-02-20,2026-02-20 23:00:00,0.104,0.7547,0.9768,4.43
2026-02-22 20:00:00,1,24,21,2026-02-21,2026-02-21 23:00:00,0.0,0.4042,0.6639,3.31
2026-02-22 20:00:00,1,48,45,2026-02-20,2026-02-20 23:00:00,0.0509,0.5433,0.8497,4.04
2026-02-22 21:00:00,1,24,22,2026-02-21,2026-02-21 23:00:00,0.0,0.2377,0.3973,2.2
2026-02-22 21:00:00,1,48,46,2026-02-20,2026-02-20 23:00:00,0.0,0.388,0.7187,4.09
2026-02-22 22:00:00,1,24,23,2026-02-21,2026-02-21 23:00:00,0.0,0.2053,0.3533,1.76
2026-02-22 22:00:00,1,48,47,2026-02-20,2026-02-20 23:00:00,0.0,0.3678,0.6695,4.3
2026-02-22 23:00:00,1,24,24,2026-02-21,2026-02-21 23:00:00,0.0018,0.1652,0.282,1.96
2026-02-22 23:00:00,1,48,48,2026-02-20,2026-02-20 23:00:00,0.0497,0.4654,0.8483,2.93
2026-02-23 00:00:00,1,24,1,2026-02-22,2026-02-22 23:00:00,0.0041,0.1218,0.2997,2.03
2026-02-23 00:00:00,1,48,25,2026-02-21,2026-02-21 23:00:00,0.0,0.3523,0.7542,1.61
2026-02-23 01:00:00,1,24,2,2026-02-22,2026-02-22 23:00:00,0.0051,0.1032,0.2384,1.57
2026-02-23 01:00:00,1,48,26,2026-02-21,2026-02-21 23:00:00,0.0,0.2912,0.5583,1.37
2026-02-23 02:00:00,1,24,3,2026-02-22,2026-02-22 23:00:00,0.004,0.1238,0.1959,1.45
2026-02-23 02:00:00,1,48,27,2026-02-21,2026-02-21 23:00:00,0.0,0.1796,0.4313,1.55
2026-02-23 03:00:00,1,24,4,2026-02-22,2026-02-22 23:00:00,0.0048,0.1083,0.1791,2.01
2026-02-23 03:00:00,1,48,28,2026-02-21,2026-02-21 23:00:00,0.0,0.1371,0.3629,1.95
2026-02-23 04:00:00,1,24,5,2026-02-22,2026-02-22 23:00:00,0.0055,0.0948,0.2398,1.25
2026-02-23 04:00:00,1,48,29,2026-02-21,2026-02-21 23:00:00,0.0044,0.0743,0.2881,2.0
2026-02-23 05:00:00,1,24,6,2026-02-22,2026-02-22 23:00:00,0.0064,0.0773,0.2146,1.0
2026-02-23 05:00:00,1,48,30,2026-02-21,2026-02-21 23:00:00,0.0035,0.0845,0.2532,3.0
2026-02-23 06:00:00,1,24,7,2026-02-22,2026-02-22 23:00:00,0.0062,0.0818,0.1882,2.23
2026-02-23 06:00:00,1,48,31,2026-02-21,2026-02-21 23:00:00,0.0,0.1292,0.2471,3.82
2026-02-23 07:00:00,1,24,8,2026-02-22,2026-02-22 23:00:00,0.0046,0.112,0.1559,3.89
2026-02-23 07:00:00,1,48,32,2026-02-21,2026-02-21 23:00:00,0.0021,0.1015,0.2285,3.65
2026-02-23 08:00:00,1,24,9,2026-02-22,2026-02-22 23:00:00,0.006,0.0866,0.2087,4.28
2026-02-23 08:00:00,1,48,33,2026-02-21,2026-02-21 23:00:00,0.0035,0.0847,0.2381,3.42
2026-02-23 09:00:00,1,24,10,2026-02-22,2026-02-22 23:00:00,0.0052,0.1012,0.2417,4.06
2026-02-23 09:00:00,1,48,34,2026-02-21,2026-02-21 23:00:00,0.0032,0.0885,0.2507,3.26
2026-02-23 10:00:00,1,24,11,2026-02-22,2026-02-22 23:00:00,0.0024,0.1548,0.2758,4.03
2026-02-23 10:00:00,1,48,35,2026-02-21,2026-02-21 23:00:00,0.0,0.1324,0.2981,3.63
2026-02-23 11:00:00,1,24,12,2026-02-22,2026-02-22 23:00:00,0.002,0.1618,0.3217,4.6
2026-02-23 11:00:00,1,48,36,2026-02-21,2026-02-21 23:00:00,0.0,0.1433,0.4412,4.94
2026-02-23 12:00:00,1,24,13,2026-02-22,2026-02-22 23:00:00,0.0002,0.1955,0.4401,4.35
2026-02-23 12:00:00,1,48,37,2026-02-21,2026-02-21 23:00:00,0.0,0.2544,0.5739,6.33
2026-02-23 13:00:00,1,24,14,2026-02-22,2026-02-22 23:00:00,0.0466,0.362,0.708,5.08
2026-02-23 13:00:00,1,48,38,2026-02-21,2026-02-21 23:00:00,0.0,0.3666,0.8606,6.72
2026-02-23 14:00:00,1,24,15,2026-02-22,2026-02-22 23:00:00,0.0999,0.4518,0.8869,6.45
2026-02-23 14:00:00,1,48,39,2026-02-21,2026-02-21 23:00:00,0.0,0.3951,0.9318,7.8
2026-02-23 15:00:00,1,24,16,2026-02-22,2026-02-22 23:00:00,0.087,0.4915,0.8448,6.6
2026-02-23 15:00:00,1,48,40,2026-02-21,2026-02-21 23:00:00,0.0343,0.4474,0.9483,8.98
2026-02-23 16:00:00,1,24,17,2026-02-22,2026-02-22 23:00:00,0.1364,0.537,0.9038,8.5
2026-02-23 16:00:00,1,48,41,2026-02-21,2026-02-21 23:00:00,0.0482,0.4913,0.9661,9.37
2026-02-23 17:00:00,1,24,18,2026-02-22,2026-02-22 23:00:00,0.2684,0.6436,0.9411,8.31
2026-02-23 17:00:00,1,48,42,2026-02-21,2026-02-21 23:00:00,0.4534,0.6379,0.9696,9.95
2026-02-23 18:00:00,1,24,19,2026-02-22,2026-02-22 23:00:00,0.3127,0.6923,0.9709,8.87
2026-02-23 18:00:00,1,48,43,2026-02-21,2026-02-21 23:00:00,0.3093,0.7024,0.9906,10.48
2026-02-23 19:00:00,1,24,20,2026-02-22,2026-02-22 23:00:00,0.3735,0.7216,0.9928,9.6
2026-02-23 19:00:00,1,48,44,2026-02-21,2026-02-21 23:00:00,0.2671,0.7086,1.0,10.31
2026-02-23 20:00:00,1,24,21,2026-02-22,2026-02-22 23:00:00,0.3513,0.6772,1.0,10.14
2026-02-23 20:00:00,1,48,45,2026-02-21,2026-02-21 23:00:00,0.3547,0.7791,1.0,10.31
2026-02-23 21:00:00,1,24,22,2026-02-22,2026-02-22 23:00:00,0.2724,0.6787,0.9657,10.59
2026-02-23 21:00:00,1,48,46,2026-02-21,2026-02-21 23:00:00,0.3477,0.763,1.0,10.38
2026-02-23 22:00:00,1,24,23,2026-02-22,2026-02-22 23:00:00,0.559,0.7837,0.9793,11.21
2026-02-23 22:00:00,1,48,47,2026-02-21,2026-02-21 23:00:00,0.6161,0.8357,1.0,9.88
2026-02-23 23:00:00,1,24,24,2026-02-22,2026-02-22 23:00:00,0.5985,0.8708,0.9961,10.38
2026-02-23 23:00:00,1,48,48,2026-02-21,2026-02-21 23:00:00,0.5411,0.8696,1.0,9.55
2026-02-24 00:00:00,1,24,1,2026-02-23,2026-02-23 23:00:00,0.621,0.8857,0.9955,9.95
2026-02-24 00:00:00,1,48,25,2026-02-22,2026-02-22 23:00:00,0.5389,0.9151,0.9988,9.6
2026-02-24 01:00:00,1,24,2,2026-02-23,2026-02-23 23:00:00,0.455,0.9062,0.9995,9.1
2026-02-24 01:00:00,1,48,26,2026-02-22,2026-02-22 23:00:00,0.4319,0.8648,1.0,8.58
2026-02-24 02:00:00,1,24,3,2026-02-23,2026-02-23 23:00:00,0.3685,0.8396,1.0,8.43
2026-02-24 02:00:00,1,48,27,2026-02-22,2026-02-22 23:00:00,0.312,0.7926,1.0,8.11
2026-02-24 03:00:00,1,24,4,2026-02-23,2026-02-23 23:00:00,0.3206,0.8129,1.0,8.03
2026-02-24 03:00:00,1,48,28,2026-02-22,2026-02-22 23:00:00,0.3097,0.7915,1.0,8.04
2026-02-24 04:00:00,1,24,5,2026-02-23,2026-02-23 23:00:00,0.3197,0.7611,0.991,7.89
2026-02-24 04:00:00,1,48,29,2026-02-22,2026-02-22 23:00:00,0.3165,0.7756,1.0,8.38
2026-02-24 05:00:00,1,24,6,2026-02-23,2026-02-23 23:00:00,0.2475,0.6145,0.9919,7.04
2026-02-24 05:00:00,1,48,30,2026-02-22,2026-02-22 23:00:00,0.3888,0.7868,0.9948,8.82
2026-02-24 06:00:00,1,24,7,2026-02-23,2026-02-23 23:00:00,0.2392,0.5928,0.9813,7.13
2026-02-24 06:00:00,1,48,31,2026-02-22,2026-02-22 23:00:00,0.3469,0.7558,0.9918,8.7
2026-02-24 07:00:00,1,24,8,2026-02-23,2026-02-23 23:00:00,0.2168,0.5244,0.971,6.99
2026-02-24 07:00:00,1,48,32,2026-02-22,2026-02-22 23:00:00,0.3293,0.6663,0.9738,8.65
2026-02-24 08:00:00,1,24,9,2026-02-23,2026-02-23 23:00:00,0.1106,0.4765,0.9424,6.66
2026-02-24 08:00:00,1,48,33,2026-02-22,2026-02-22 23:00:00,0.1135,0.5138,0.9377,7.22
2026-02-24 09:00:00,1,24,10,2026-02-23,2026-02-23 23:00:00,0.0919,0.436,0.9394,6.6
2026-02-24 09:00:00,1,48,34,2026-02-22,2026-02-22 23:00:00,0.0643,0.4975,0.9328,6.92
2026-02-24 10:00:00,1,24,11,2026-02-23,2026-02-23 23:00:00,0.0868,0.3865,0.8633,6.74
2026-02-24 10:00:00,1,48,35,2026-02-22,2026-02-22 23:00:00,0.073,0.4799,0.9125,6.66
2026-02-24 11:00:00,1,24,12,2026-02-23,2026-02-23 23:00:00,0.1021,0.4187,0.8159,5.85
2026-02-24 11:00:00,1,48,36,2026-02-22,2026-02-22 23:00:00,0.0911,0.5034,0.936,7.14
2026-02-24 12:00:00,1,24,13,2026-02-23,2026-02-23 23:00:00,0.1017,0.4533,0.7931,6.15
2026-02-24 12:00:00,1,48,37,2026-02-22,2026-02-22 23:00:00,0.102,0.5022,0.9455,6.77
2026-02-24 13:00:00,1,24,14,2026-02-23,2026-02-23 23:00:00,0.1236,0.4575,0.8356,6.15
2026-02-24 13:00:00,1,48,38,2026-02-22,2026-02-22 23:00:00,0.0834,0.4722,0.9161,6.23
2026-02-24 14:00:00,1,24,15,2026-02-23,2026-02-23 23:00:00,0.1331,0.4858,0.8602,6.02
2026-02-24 14:00:00,1,48,39,2026-02-22,2026-02-22 23:00:00,0.0992,0.4959,0.8965,5.7
2026-02-24 15:00:00,1,24,16,2026-02-23,2026-02-23 23:00:00,0.1305,0.4989,0.8616,5.77
2026-02-24 15:00:00,1,48,40,2026-02-22,2026-02-22 23:00:00,0.0632,0.4941,0.882,4.95
2026-02-24 16:00:00,1,24,17,2026-02-23,2026-02-23 23:00:00,0.1196,0.483,0.8313,5.04
2026-02-24 16:00:00,1,48,41,2026-02-22,2026-02-22 23:00:00,0.096,0.3591,0.8619,4.51
2026-02-24 17:00:00,1,24,18,2026-02-23,2026-02-23 23:00:00,0.0,0.2934,0.7225,4.76
2026-02-24 17:00:00,1,48,42,2026-02-22,2026-02-22 23:00:00,0.0359,0.4486,0.8024,3.66
2026-02-24 18:00:00,1,24,19,2026-02-23,2026-02-23 23:00:00,0.0,0.3709,0.6964,3.84
2026-02-24 18:00:00,1,48,43,2026-02-22,2026-02-22 23:00:00,0.0,0.4076,0.7309,2.8
2026-02-24 19:00:00,1,24,20,2026-02-23,2026-02-23 23:00:00,0.0,0.3576,0.6572,3.68
2026-02-24 19:00:00,1,48,44,2026-02-22,2026-02-22 23:00:00,0.0,0.3824,0.5683,1.84
2026-02-24 20:00:00,1,24,21,2026-02-23,2026-02-23 23:00:00,0.0,0.3028,0.4806,3.4
2026-02-24 20:00:00,1,48,45,2026-02-22,2026-02-22 23:00:00,0.0,0.1529,0.4088,0.81
2026-02-24 21:00:00,1,24,22,2026-02-23,2026-02-23 23:00:00,0.0009,0.1824,0.3386,2.62
2026-02-24 21:00:00,1,48,46,2026-02-22,2026-02-22 23:00:00,0.0,0.1417,0.4165,2.09
2026-02-24 22:00:00,1,24,23,2026-02-23,2026-02-23 23:00:00,0.0073,0.0611,0.1779,1.88
2026-02-24 22:00:00,1,48,47,2026-02-22,2026-02-22 23:00:00,0.0039,0.0803,0.2596,3.08
2026-02-24 23:00:00,1,24,24,2026-02-23,2026-02-23 23:00:00,0.0085,0.0376,0.0517,1.8
2026-02-24 23:00:00,1,48,48,2026-02-22,2026-02-22 23:00:00,0.0064,0.0509,0.1185,2.17
2026-02-25 00:00:00,1,24,1,2026-02-24,2026-02-24 23:00:00,0.0078,0.0514,0.0525,1.46
2026-02-25 00:00:00,1,48,25,2026-02-23,2026-02-23 23:00:00,0.0058,0.0584,0.0601,1.82
2026-02-25 01:00:00,1,24,2,2026-02-24,2026-02-24 23:00:00,0.008,0.0471,0.0482,1.33
2026-02-25 01:00:00,1,48,26,2026-02-23,2026-02-23 23:00:00,0.0049,0.0687,0.1039,2.8
2026-02-25 02:00:00,1,24,3,2026-02-24,2026-02-24 23:00:00,0.0074,0.0589,0.0613,2.15
2026-02-25 02:00:00,1,48,27,2026-02-23,2026-02-23 23:00:00,0.006,0.0562,0.2003,3.84
2026-02-25 03:00:00,1,24,4,2026-02-24,2026-02-24 23:00:00,0.007,0.0664,0.1036,3.36
2026-02-25 03:00:00,1,48,28,2026-02-23,2026-02-23 23:00:00,0.0034,0.0858,0.2417,4.87
2026-02-25 04:00:00,1,24,5,2026-02-24,2026-02-24 23:00:00,0.0067,0.0734,0.1287,3.4
2026-02-25 04:00:00,1,48,29,2026-02-23,2026-02-23 23:00:00,0.0,0.148,0.3689,5.42
2026-02-25 05:00:00,1,24,6,2026-02-24,2026-02-24 23:00:00,0.0076,0.0558,0.1375,3.73
2026-02-25 05:00:00,1,48,30,2026-02-23,2026-02-23 23:00:00,0.0,0.1263,0.4023,5.75
2026-02-25 06:00:00,1,24,7,2026-02-24,2026-02-24 23:00:00,0.0057,0.0908,0.2141,3.62
2026-02-25 06:00:00,1,48,31,2026-02-23,2026-02-23 23:00:00,0.0,0.1745,0.663,6.15
2026-02-25 07:00:00,1,24,8,2026-02-24,2026-02-24 23:00:00,0.0056,0.0937,0.2832,3.9
2026-02-25 07:00:00,1,48,32,2026-02-23,2026-02-23 23:00:00,0.0144,0.2508,0.7574,6.43
2026-02-25 08:00:00,1,24,9,2026-02-24,2026-02-24 23:00:00,0.0049,0.1062,0.3995,3.84
2026-02-25 08:00:00,1,48,33,2026-02-23,2026-02-23 23:00:00,0.0495,0.3161,0.9536,6.41
2026-02-25 09:00:00,1,24,10,2026-02-24,2026-02-24 23:00:00,0.0046,0.1126,0.3733,3.27
2026-02-25 09:00:00,1,48,34,2026-02-23,2026-02-23 23:00:00,0.0514,0.3773,0.943,6.45
2026-02-25 10:00:00,1,24,11,2026-02-24,2026-02-24 23:00:00,0.0057,0.0914,0.3213,3.01
2026-02-25 10:00:00,1,48,35,2026-02-23,2026-02-23 23:00:00,0.1148,0.5555,0.9333,6.93
2026-02-25 11:00:00,1,24,12,2026-02-24,2026-02-24 23:00:00,0.0082,0.045,0.2115,2.14
2026-02-25 11:00:00,1,48,36,2026-02-23,2026-02-23 23:00:00,0.202,0.6448,0.9671,6.81
2026-02-25 12:00:00,1,24,13,2026-02-24,2026-02-24 23:00:00,0.0081,0.0466,0.1377,1.99
2026-02-25 12:00:00,1,48,37,2026-02-23,2026-02-23 23:00:00,0.231,0.651,0.9726,6.9
2026-02-25 13:00:00,1,24,14,2026-02-24,2026-02-24 23:00:00,0.0063,0.0794,0.1211,2.15
2026-02-25 13:00:00,1,48,38,2026-02-23,2026-02-23 23:00:00,0.2277,0.6228,0.9221,6.44
2026-02-25 14:00:00,1,24,15,2026-02-24,2026-02-24 23:00:00,0.0076,0.0555,0.1782,1.94
2026-02-25 14:00:00,1,48,39,2026-02-23,2026-02-23 23:00:00,0.1052,0.5031,0.9075,5.93
2026-02-25 15:00:00,1,24,16,2026-02-24,2026-02-24 23:00:00,0.0081,0.0469,0.2148,1.61
2026-02-25 15:00:00,1,48,40,2026-02-23,2026-02-23 23:00:00,0.0,0.4497,0.8437,5.32
2026-02-25 16:00:00,1,24,17,2026-02-24,2026-02-24 23:00:00,0.006,0.0866,0.228,1.79
2026-02-25 16:00:00,1,48,41,2026-02-23,2026-02-23 23:00:00,0.0,0.3131,0.7868,5.42
2026-02-25 17:00:00,1,24,18,2026-02-24,2026-02-24 23:00:00,0.0047,0.1113,0.1872,2.21
2026-02-25 17:00:00,1,48,42,2026-02-23,2026-02-23 23:00:00,0.0,0.262,0.6654,2.95
2026-02-25 18:00:00,1,24,19,2026-02-24,2026-02-24 23:00:00,0.0048,0.1078,0.1992,1.69
2026-02-25 18:00:00,1,48,43,2026-02-23,2026-02-23 23:00:00,0.0,0.3007,0.5879,3.39
2026-02-25 19:00:00,1,24,20,2026-02-24,2026-02-24 23:00:00,0.0039,0.1248,0.3246,0.67
2026-02-25 19:00:00,1,48,44,2026-02-23,2026-02-23 23:00:00,0.0,0.3227,0.5993,3.94
2026-02-25 20:00:00,1,24,21,2026-02-24,2026-02-24 23:00:00,0.0029,0.1437,0.3933,1.7
2026-02-25 20:00:00,1,48,45,2026-02-23,2026-02-23 23:00:00,0.0,0.328,0.6514,4.74
2026-02-25 21:00:00,1,24,22,2026-02-24,2026-02-24 23:00:00,0.0,0.2008,0.4117,2.55
2026-02-25 21:00:00,1,48,46,2026-02-23,2026-02-23 23:00:00,0.082,0.5686,0.9101,5.28
2026-02-25 22:00:00,1,24,23,2026-02-24,2026-02-24 23:00:00,0.0,0.37,0.7825,4.47
2026-02-25 22:00:00,1,48,47,2026-02-23,2026-02-23 23:00:00,0.2349,0.7565,1.0,6.3
2026-02-25 23:00:00,1,24,24,2026-02-24,2026-02-24 23:00:00,0.1176,0.5681,0.9671,6.84
2026-02-25 23:00:00,1,48,48,2026-02-23,2026-02-23 23:00:00,0.2196,0.6618,1.0,7.23
2026-02-26 00:00:00,1,24,1,2026-02-25,2026-02-25 23:00:00,0.2712,0.7164,0.9773,7.29
2026-02-26 00:00:00,1,48,25,2026-02-24,2026-02-24 23:00:00,0.3451,0.7374,1.0,6.96
2026-02-26 01:00:00,1,24,2,2026-02-25,2026-02-25 23:00:00,0.2598,0.6923,0.9731,7.64
2026-02-26 01:00:00,1,48,26,2026-02-24,2026-02-24 23:00:00,0.3631,0.75,1.0,7.16
2026-02-26 02:00:00,1,24,3,2026-02-25,2026-02-25 23:00:00,0.2713,0.6695,0.9707,7.69
2026-02-26 02:00:00,1,48,27,2026-02-24,2026-02-24 23:00:00,0.3636,0.7342,1.0,7.31
2026-02-26 03:00:00,1,24,4,2026-02-25,2026-02-25 23:00:00,0.3591,0.73,0.9901,6.69
2026-02-26 03:00:00,1,48,28,2026-02-24,2026-02-24 23:00:00,0.3832,0.7879,1.0,7.52
2026-02-26 04:00:00,1,24,5,2026-02-25,2026-02-25 23:00:00,0.354,0.6837,1.0,5.77
2026-02-26 04:00:00,1,48,29,2026-02-24,2026-02-24 23:00:00,0.3654,0.6868,1.0,7.21
2026-02-26 05:00:00,1,24,6,2026-02-25,2026-02-25 23:00:00,0.3399,0.6969,1.0,6.31
2026-02-26 05:00:00,1,48,30,2026-02-24,2026-02-24 23:00:00,0.3193,0.6543,0.9861,5.82
2026-02-26 06:00:00,1,24,7,2026-02-25,2026-02-25 23:00:00,0.3413,0.6557,1.0,5.98
2026-02-26 06:00:00,1,48,31,2026-02-24,2026-02-24 23:00:00,0.3186,0.6287,1.0,7.01
2026-02-26 07:00:00,1,24,8,2026-02-25,2026-02-25 23:00:00,0.3158,0.6742,0.9931,5.52
2026-02-26 07:00:00,1,48,32,2026-02-24,2026-02-24 23:00:00,0.1929,0.5568,1.0,7.07
2026-02-26 08:00:00,1,24,9,2026-02-25,2026-02-25 23:00:00,0.1265,0.4084,0.9187,5.1
2026-02-26 08:00:00,1,48,33,2026-02-24,2026-02-24 23:00:00,0.311,0.6974,0.9948,6.7
2026-02-26 09:00:00,1,24,10,2026-02-25,2026-02-25 23:00:00,0.0044,0.1158,0.5006,3.93
2026-02-26 09:00:00,1,48,34,2026-02-24,2026-02-24 23:00:00,0.0075,0.5658,1.0,2.8
2026-02-26 10:00:00,1,24,11,2026-02-25,2026-02-25 23:00:00,0.0,0.3715,0.8598,2.2
2026-02-26 10:00:00,1,48,35,2026-02-24,2026-02-24 23:00:00,0.0,0.3514,0.7515,7.7
2026-02-26 11:00:00,1,24,12,2026-02-25,2026-02-25 23:00:00,0.0608,0.4684,0.9212,9.45
2026-02-26 11:00:00,1,48,36,2026-02-24,2026-02-24 23:00:00,0.0723,0.5138,0.9781,7.12
2026-02-26 12:00:00,1,24,13,2026-02-25,2026-02-25 23:00:00,0.0714,0.5274,0.9225,7.33
2026-02-26 12:00:00,1,48,37,2026-02-24,2026-02-24 23:00:00,0.0,0.5121,0.885,5.62
2026-02-26 13:00:00,1,24,14,2026-02-25,2026-02-25 23:00:00,0.0,0.4979,0.8314,3.65
2026-02-26 13:00:00,1,48,38,2026-02-24,2026-02-24 23:00:00,0.0,0.3614,0.8335,5.54
2026-02-26 14:00:00,1,24,15,2026-02-25,2026-02-25 23:00:00,0.0,0.4113,0.6901,4.48
2026-02-26 14:00:00,1,48,39,2026-02-24,2026-02-24 23:00:00,0.055,0.3712,0.8563,4.44
2026-02-26 15:00:00,1,24,16,2026-02-25,2026-02-25 23:00:00,0.0437,0.4016,0.7307,5.39
2026-02-26 15:00:00,1,48,40,2026-02-24,2026-02-24 23:00:00,0.0427,0.5022,0.9265,4.46
2026-02-26 16:00:00,1,24,17,2026-02-25,2026-02-25 23:00:00,0.1384,0.5159,0.9261,5.99
2026-02-26 16:00:00,1,48,41,2026-02-24,2026-02-24 23:00:00,0.0709,0.3938,0.862,3.94
2026-02-26 17:00:00,1,24,18,2026-02-25,2026-02-25 23:00:00,0.2929,0.7334,0.9785,8.15
2026-02-26 17:00:00,1,48,42,2026-02-24,2026-02-24 23:00:00,0.0947,0.4861,0.8855,6.93
2026-02-26 18:00:00,1,24,19,2026-02-25,2026-02-25 23:00:00,0.302,0.7601,0.9875,8.06
2026-02-26 18:00:00,1,48,43,2026-02-24,2026-02-24 23:00:00,0.1309,0.5033,0.9453,8.08
2026-02-26 19:00:00,1,24,20,2026-02-25,2026-02-25 23:00:00,0.2926,0.7551,0.9831,7.27
2026-02-26 19:00:00,1,48,44,2026-02-24,2026-02-24 23:00:00,0.169,0.5209,0.974,8.28
2026-02-26 20:00:00,1,24,21,2026-02-25,2026-02-25 23:00:00,0.3072,0.7688,0.9973,7.75
2026-02-26 20:00:00,1,48,45,2026-02-24,2026-02-24 23:00:00,0.2726,0.7273,0.9955,8.01
2026-02-26 21:00:00,1,24,22,2026-02-25,2026-02-25 23:00:00,0.3274,0.8042,0.995,8.45
2026-02-26 21:00:00,1,48,46,2026-02-24,2026-02-24 23:00:00,0.2562,0.6982,1.0,6.8
2026-02-26 22:00:00,1,24,23,2026-02-25,2026-02-25 23:00:00,0.3467,0.7982,0.9948,8.86
2026-02-26 22:00:00,1,48,47,2026-02-24,2026-02-24 23:00:00,0.2306,0.6623,1.0,8.35
2026-02-26 23:00:00,1,24,24,2026-02-25,2026-02-25 23:00:00,0.2893,0.8177,0.9892,8.52
2026-02-26 23:00:00,1,48,48,2026-02-24,2026-02-24 23:00:00,0.2818,0.736,1.0,8.81
2026-02-27 00:00:00,1,24,1,2026-02-26,2026-02-26 23:00:00,0.3254,0.7507,0.9774,9.23
2026-02-27 00:00:00,1,48,25,2026-02-25,2026-02-25 23:00:00,0.34,0.7898,1.0,9.33
2026-02-27 01:00:00,1,24,2,2026-02-26,2026-02-26 23:00:00,0.235,0.6693,0.9721,7.98
2026-02-27 01:00:00,1,48,26,2026-02-25,2026-02-25 23:00:00,0.3311,0.8264,1.0,9.36
2026-02-27 02:00:00,1,24,3,2026-02-26,2026-02-26 23:00:00,0.2027,0.5457,0.9343,8.17
2026-02-27 02:00:00,1,48,27,2026-02-25,2026-02-25 23:00:00,0.3191,0.7563,1.0,7.76
2026-02-27 03:00:00,1,24,4,2026-02-26,2026-02-26 23:00:00,0.1703,0.5746,0.9315,7.89
2026-02-27 03:00:00,1,48,28,2026-02-25,2026-02-25 23:00:00,0.2938,0.6857,0.9977,7.28
2026-02-27 04:00:00,1,24,5,2026-02-26,2026-02-26 23:00:00,0.1354,0.52,0.9037,7.08
2026-02-27 04:00:00,1,48,29,2026-02-25,2026-02-25 23:00:00,0.2805,0.6072,0.9889,7.05
2026-02-27 05:00:00,1,24,6,2026-02-26,2026-02-26 23:00:00,0.1118,0.3247,0.7932,5.52
2026-02-27 05:00:00,1,48,30,2026-02-25,2026-02-25 23:00:00,0.2397,0.5553,0.9896,7.7
2026-02-27 06:00:00,1,24,7,2026-02-26,2026-02-26 23:00:00,0.0,0.2343,0.7446,5.46
2026-02-27 06:00:00,1,48,31,2026-02-25,2026-02-25 23:00:00,0.1485,0.5139,0.9789,6.9
2026-02-27 07:00:00,1,24,8,2026-02-26,2026-02-26 23:00:00,0.0,0.2295,0.7363,5.47
2026-02-27 07:00:00,1,48,32,2026-02-25,2026-02-25 23:00:00,0.1255,0.414,0.9047,6.97
2026-02-27 08:00:00,1,24,9,2026-02-26,2026-02-26 23:00:00,0.0,0.2378,0.7167,5.2
2026-02-27 08:00:00,1,48,33,2026-02-25,2026-02-25 23:00:00,0.0207,0.4008,0.8664,6.67
2026-02-27 09:00:00,1,24,10,2026-02-26,2026-02-26 23:00:00,0.0,0.2686,0.6446,4.56
2026-02-27 09:00:00,1,48,34,2026-02-25,2026-02-25 23:00:00,0.0,0.329,0.8072,5.64
2026-02-27 10:00:00,1,24,11,2026-02-26,2026-02-26 23:00:00,0.0,0.26,0.6546,4.61
2026-02-27 10:00:00,1,48,35,2026-02-25,2026-02-25 23:00:00,0.0,0.2012,0.6767,5.01
2026-02-27 11:00:00,1,24,12,2026-02-26,2026-02-26 23:00:00,0.0,0.2228,0.569,4.7
2026-02-27 11:00:00,1,48,36,2026-02-25,2026-02-25 23:00:00,0.0,0.2435,0.6783,4.23
2026-02-27 12:00:00,1,24,13,2026-02-26,2026-02-26 23:00:00,0.0,0.2981,0.6335,4.25
2026-02-27 12:00:00,1,48,37,2026-02-25,2026-02-25 23:00:00,0.0,0.3495,0.7227,5.25
2026-02-27 13:00:00,1,24,14,2026-02-26,2026-02-26 23:00:00,0.0,0.3965,0.7075,4.82
2026-02-27 13:00:00,1,48,38,2026-02-25,2026-02-25 23:00:00,0.071,0.4405,0.901,5.79
2026-02-27 14:00:00,1,24,15,2026-02-26,2026-02-26 23:00:00,0.1116,0.51,0.8585,5.93
2026-02-27 14:00:00,1,48,39,2026-02-25,2026-02-25 23:00:00,0.0856,0.5365,0.965,6.12
2026-02-27 15:00:00,1,24,16,2026-02-26,2026-02-26 23:00:00,0.1296,0.5852,0.9161,6.38
2026-02-27 15:00:00,1,48,40,2026-02-25,2026-02-25 23:00:00,0.2005,0.6075,0.9884,7.09
2026-02-27 16:00:00,1,24,17,2026-02-26,2026-02-26 23:00:00,0.1885,0.6098,0.9697,6.75
2026-02-27 16:00:00,1,48,41,2026-02-25,2026-02-25 23:00:00,0.2023,0.6685,0.9923,8.02
2026-02-27 17:00:00,1,24,18,2026-02-26,2026-02-26 23:00:00,0.2431,0.6374,0.9839,6.02
2026-02-27 17:00:00,1,48,42,2026-02-25,2026-02-25 23:00:00,0.2706,0.6721,1.0,7.98
2026-02-27 18:00:00,1,24,19,2026-02-26,2026-02-26 23:00:00,0.2104,0.6356,0.9769,6.76
2026-02-27 18:00:00,1,48,43,2026-02-25,2026-02-25 23:00:00,0.2954,0.6856,1.0,8.18
2026-02-27 19:00:00,1,24,20,2026-02-26,2026-02-26 23:00:00,0.2425,0.6237,1.0,6.28
2026-02-27 19:00:00,1,48,44,2026-02-25,2026-02-25 23:00:00,0.2862,0.7081,1.0,7.89
2026-02-27 20:00:00,1,24,21,2026-02-26,2026-02-26 23:00:00,0.2939,0.6731,1.0,7.31
2026-02-27 20:00:00,1,48,45,2026-02-25,2026-02-25 23:00:00,0.2718,0.693,1.0,7.23
2026-02-27 21:00:00,1,24,22,2026-02-26,2026-02-26 23:00:00,0.3157,0.7302,1.0,7.25
2026-02-27 21:00:00,1,48,46,2026-02-25,2026-02-25 23:00:00,0.2588,0.7019,1.0,7.21
2026-02-27 22:00:00,1,24,23,2026-02-26,2026-02-26 23:00:00,0.2636,0.6801,0.9829,6.81
2026-02-27 22:00:00,1,48,47,2026-02-25,2026-02-25 23:00:00,0.2125,0.6142,0.9965,7.09
2026-02-27 23:00:00,1,24,24,2026-02-26,2026-02-26 23:00:00,0.1931,0.5673,0.9996,6.45
2026-02-27 23:00:00,1,48,48,2026-02-25,2026-02-25 23:00:00,0.1505,0.6033,0.9934,6.15
2026-02-28 00:00:00,1,24,1,2026-02-27,2026-02-27 23:00:00,0.1792,0.507,0.9777,6.2
2026-02-28 00:00:00,1,48,25,2026-02-26,2026-02-26 23:00:00,0.1167,0.5178,0.9777,6.23
2026-02-28 01:00:00,1,24,2,2026-02-27,2026-02-27 23:00:00,0.178,0.5462,0.9702,6.65
2026-02-28 01:00:00,1,48,26,2026-02-26,2026-02-26 23:00:00,0.0801,0.5842,0.9933,5.33
2026-02-28 02:00:00,1,24,3,2026-02-27,2026-02-27 23:00:00,0.2187,0.5555,0.9566,6.2
2026-02-28 02:00:00,1,48,27,2026-02-26,2026-02-26 23:00:00,0.1282,0.5722,0.9763,5.77
2026-02-28 03:00:00,1,24,4,2026-02-27,2026-02-27 23:00:00,0.2455,0.63,0.9872,6.96
2026-02-28 03:00:00,1,48,28,2026-02-26,2026-02-26 23:00:00,0.1852,0.5683,1.0,6.17
2026-02-28 04:00:00,1,24,5,2026-02-27,2026-02-27 23:00:00,0.2851,0.6747,0.9752,7.06
2026-02-28 04:00:00,1,48,29,2026-02-26,2026-02-26 23:00:00,0.1927,0.6333,0.9965,6.9
2026-02-28 05:00:00,1,24,6,2026-02-27,2026-02-27 23:00:00,0.306,0.631,0.9815,7.47
2026-02-28 05:00:00,1,48,30,2026-02-26,2026-02-26 23:00:00,0.2458,0.6677,0.9986,7.23
2026-02-28 06:00:00,1,24,7,2026-02-27,2026-02-27 23:00:00,0.3086,0.6841,0.9819,7.4
2026-02-28 06:00:00,1,48,31,2026-02-26,2026-02-26 23:00:00,0.2673,0.6607,0.9836,7.13
2026-02-28 07:00:00,1,24,8,2026-02-27,2026-02-27 23:00:00,0.2846,0.6445,0.9849,7.29
2026-02-28 07:00:00,1,48,32,2026-02-26,2026-02-26 23:00:00,0.2707,0.5666,0.9796,7.4
2026-02-28 08:00:00,1,24,9,2026-02-27,2026-02-27 23:00:00,0.2776,0.6815,0.9934,7.29
2026-02-28 08:00:00,1,48,33,2026-02-26,2026-02-26 23:00:00,0.2022,0.5581,0.9873,7.18
2026-02-28 09:00:00,1,24,10,2026-02-27,2026-02-27 23:00:00,0.3039,0.7065,0.994,7.79
2026-02-28 09:00:00,1,48,34,2026-02-26,2026-02-26 23:00:00,0.217,0.6096,0.9864,7.19
2026-02-28 10:00:00,1,24,11,2026-02-27,2026-02-27 23:00:00,0.2844,0.6974,0.9927,7.64
2026-02-28 10:00:00,1,48,35,2026-02-26,2026-02-26 23:00:00,0.2609,0.6399,0.989,7.14
2026-02-28 11:00:00,1,24,12,2026-02-27,2026-02-27 23:00:00,0.2523,0.6313,0.983,7.28
2026-02-28 11:00:00,1,48,36,2026-02-26,2026-02-26 23:00:00,0.2468,0.5751,0.9928,7.96
2026-02-28 12:00:00,1,24,13,2026-02-27,2026-02-27 23:00:00,0.2812,0.6341,0.9814,7.76
2026-02-28 12:00:00,1,48,37,2026-02-26,2026-02-26 23:00:00,0.23,0.5598,0.9758,7.77
2026-02-28 13:00:00,1,24,14,2026-02-27,2026-02-27 23:00:00,0.2906,0.6887,0.9937,7.83
2026-02-28 13:00:00,1,48,38,2026-02-26,2026-02-26 23:00:00,0.2483,0.5945,0.9763,7.69
2026-02-28 14:00:00,1,24,15,2026-02-27,2026-02-27 23:00:00,0.2794,0.6701,0.9863,7.45
2026-02-28 14:00:00,1,48,39,2026-02-26,2026-02-26 23:00:00,0.2682,0.6563,0.9917,7.67
2026-02-28 15:00:00,1,24,16,2026-02-27,2026-02-27 23:00:00,0.2671,0.6809,0.9696,7.27
2026-02-28 15:00:00,1,48,40,2026-02-26,2026-02-26 23:00:00,0.215,0.6558,0.9734,7.27
2026-02-28 16:00:00,1,24,17,2026-02-27,2026-02-27 23:00:00,0.2455,0.6889,0.9515,6.91
2026-02-28 16:00:00,1,48,41,2026-02-26,2026-02-26 23:00:00,0.2489,0.611,0.9494,7.08
2026-02-28 17:00:00,1,24,18,2026-02-27,2026-02-27 23:00:00,0.2231,0.53,0.9556,6.65
2026-02-28 17:00:00,1,48,42,2026-02-26,2026-02-26 23:00:00,0.1786,0.5158,0.9475,6.21
2026-02-28 18:00:00,1,24,19,2026-02-27,2026-02-27 23:00:00,0.1886,0.4812,0.9458,6.43
2026-02-28 18:00:00,1,48,43,2026-02-26,2026-02-26 23:00:00,0.1312,0.5129,0.9226,5.94
2026-02-28 19:00:00,1,24,20,2026-02-27,2026-02-27 23:00:00,0.1944,0.4328,0.9246,6.03
2026-02-28 19:00:00,1,48,44,2026-02-26,2026-02-26 23:00:00,0.1035,0.5131,0.9168,5.63
2026-02-28 20:00:00,1,24,21,2026-02-27,2026-02-27 23:00:00,0.1693,0.4894,0.9028,4.85
2026-02-28 20:00:00,1,48,45,2026-02-26,2026-02-26 23:00:00,0.0,0.3187,0.8042,4.61
2026-02-28 21:00:00,1,24,22,2026-02-27,2026-02-27 23:00:00,0.0,0.3068,0.7857,4.25
2026-02-28 21:00:00,1,48,46,2026-02-26,2026-02-26 23:00:00,0.0,0.2913,0.7124,4.32
2026-02-28 22:00:00,1,24,23,2026-02-27,2026-02-27 23:00:00,0.0,0.3129,0.7466,4.44
2026-02-28 22:00:00,1,48,47,2026-02-26,2026-02-26 23:00:00,0.0,0.27,0.6235,3.93
2026-02-28 23:00:00,1,24,24,2026-02-27,2026-02-27 23:00:00,0.0,0.3091,0.7375,3.54
2026-02-28 23:00:00,1,48,48,2026-02-26,2026-02-26 23:00:00,0.0,0.312,0.5622,3.85
2026-03-01 00:00:00,1,48,25,2026-02-27,2026-02-27 23:00:00,0.0,0.2649,0.4001,3.63
2026-03-01 01:00:00,1,48,26,2026-02-27,2026-02-27 23:00:00,0.0,0.305,0.4047,3.31
2026-03-01 02:00:00,1,48,27,2026-02-27,2026-02-27 23:00:00,0.0,0.2003,0.3554,2.41
2026-03-01 03:00:00,1,48,28,2026-02-27,2026-02-27 23:00:00,0.0,0.2039,0.29,2.47
2026-03-01 04:00:00,1,48,29,2026-02-27,2026-02-27 23:00:00,0.0,0.1556,0.3501,2.26
2026-03-01 05:00:00,1,48,30,2026-02-27,2026-02-27 23:00:00,0.0001,0.1241,0.3294,2.36
2026-03-01 06:00:00,1,48,31,2026-02-27,2026-02-27 23:00:00,0.0017,0.1052,0.2431,2.54
2026-03-01 07:00:00,1,48,32,2026-02-27,2026-02-27 23:00:00,0.0047,0.0706,0.1787,2.6
2026-03-01 08:00:00,1,48,33,2026-02-27,2026-02-27 23:00:00,0.0072,0.0421,0.2128,2.41
2026-03-01 09:00:00,1,48,34,2026-02-27,2026-02-27 23:00:00,0.0067,0.0481,0.2038,2.38
2026-03-01 10:00:00,1,48,35,2026-02-27,2026-02-27 23:00:00,0.0076,0.0381,0.1419,2.67
2026-03-01 11:00:00,1,48,36,2026-02-27,2026-02-27 23:00:00,0.0058,0.0581,0.1222,2.04
2026-03-01 12:00:00,1,48,37,2026-02-27,2026-02-27 23:00:00,0.0053,0.0647,0.1081,2.23
2026-03-01 13:00:00,1,48,38,2026-02-27,2026-02-27 23:00:00,0.0065,0.0507,0.1663,2.22
2026-03-01 14:00:00,1,48,39,2026-02-27,2026-02-27 23:00:00,0.0067,0.0483,0.1667,2.1
2026-03-01 15:00:00,1,48,40,2026-02-27,2026-02-27 23:00:00,0.0068,0.0472,0.2119,2.22
2026-03-01 16:00:00,1,48,41,2026-02-27,2026-02-27 23:00:00,0.006,0.0558,0.1999,2.65
2026-03-01 17:00:00,1,48,42,2026-02-27,2026-02-27 23:00:00,0.0066,0.0491,0.18,1.83
2026-03-01 18:00:00,1,48,43,2026-02-27,2026-02-27 23:00:00,0.0067,0.0477,0.1419,1.25
2026-03-01 19:00:00,1,48,44,2026-02-27,2026-02-27 23:00:00,0.0023,0.0991,0.2353,3.15
2026-03-01 20:00:00,1,48,45,2026-02-27,2026-02-27 23:00:00,0.0013,0.1101,0.3676,5.04
2026-03-01 21:00:00,1,48,46,2026-02-27,2026-02-27 23:00:00,0.0,0.1657,0.5481,6.88
2026-03-01 22:00:00,1,48,47,2026-02-27,2026-02-27 23:00:00,0.1242,0.5072,0.9167,8.19
2026-03-01 23:00:00,1,48,48,2026-02-27,2026-02-27 23:00:00,0.5637,0.8491,1.0,8.67
2026-02-01 00:00:00,2,24,1,2026-01-31,2026-01-31 23:00:00,0.0069,0.0362,0.1293,0.21
2026-02-01 01:00:00,2,24,2,2026-01-31,2026-01-31 23:00:00,0.0072,0.0217,0.0296,0.42
2026-02-01 02:00:00,2,24,3,2026-01-31,2026-01-31 23:00:00,0.0071,0.0276,0.0745,0.4
2026-02-01 03:00:00,2,24,4,2026-01-31,2026-01-31 23:00:00,0.0068,0.0333,0.0979,0.96
2026-02-01 04:00:00,2,24,5,2026-01-31,2026-01-31 23:00:00,0.0028,0.121,0.353,0.8
2026-02-01 05:00:00,2,24,6,2026-01-31,2026-01-31 23:00:00,0.0054,0.0731,0.3532,1.49
2026-02-01 06:00:00,2,24,7,2026-01-31,2026-01-31 23:00:00,0.0021,0.0849,0.4714,2.12
2026-02-01 07:00:00,2,24,8,2026-01-31,2026-01-31 23:00:00,0.0072,0.0479,0.5102,3.33
2026-02-01 08:00:00,2,24,9,2026-01-31,2026-01-31 23:00:00,0.0014,0.1197,0.5107,5.05
2026-02-01 09:00:00,2,24,10,2026-01-31,2026-01-31 23:00:00,0.0,0.1583,0.8071,4.83
2026-02-01 10:00:00,2,24,11,2026-01-31,2026-01-31 23:00:00,0.0013,0.201,0.8244,4.53
2026-02-01 11:00:00,2,24,12,2026-01-31,2026-01-31 23:00:00,0.0,0.2544,0.7346,3.59
2026-02-01 12:00:00,2,24,13,2026-01-31,2026-01-31 23:00:00,0.0,0.2166,0.7411,3.86
2026-02-01 13:00:00,2,24,14,2026-01-31,2026-01-31 23:00:00,0.0,0.2251,0.7073,4.12
2026-02-01 14:00:00,2,24,15,2026-01-31,2026-01-31 23:00:00,0.0029,0.2276,0.6691,4.25
2026-02-01 15:00:00,2,24,16,2026-01-31,2026-01-31 23:00:00,0.005,0.2175,0.6705,4.31
2026-02-01 16:00:00,2,24,17,2026-01-31,2026-01-31 23:00:00,0.0075,0.2883,0.6994,5.69
2026-02-01 17:00:00,2,24,18,2026-01-31,2026-01-31 23:00:00,0.0034,0.2324,0.5589,5.12
2026-02-01 18:00:00,2,24,19,2026-01-31,2026-01-31 23:00:00,0.011,0.2103,0.5227,5.64
2026-02-01 19:00:00,2,24,20,2026-01-31,2026-01-31 23:00:00,0.0122,0.2952,0.5942,5.6
2026-02-01 20:00:00,2,24,21,2026-01-31,2026-01-31 23:00:00,0.0212,0.2525,0.6022,5.77
2026-02-01 21:00:00,2,24,22,2026-01-31,2026-01-31 23:00:00,0.0158,0.2148,0.596,5.87
2026-02-01 22:00:00,2,24,23,2026-01-31,2026-01-31 23:00:00,0.0227,0.2117,0.6037,5.74
2026-02-01 23:00:00,2,24,24,2026-01-31,2026-01-31 23:00:00,0.0171,0.2295,0.6226,5.5
2026-02-02 00:00:00,2,24,1,2026-02-01,2026-02-01 23:00:00,0.0143,0.2681,0.685,6.33
2026-02-02 00:00:00,2,48,25,2026-01-31,2026-01-31 23:00:00,0.0095,0.1846,0.6604,5.71
2026-02-02 01:00:00,2,24,2,2026-02-01,2026-02-01 23:00:00,0.0488,0.297,0.7324,6.65
2026-02-02 01:00:00,2,48,26,2026-01-31,2026-01-31 23:00:00,0.0071,0.2398,0.7184,6.04
2026-02-02 02:00:00,2,24,3,2026-02-01,2026-02-01 23:00:00,0.0414,0.3069,0.805,6.64
2026-02-02 02:00:00,2,48,27,2026-01-31,2026-01-31 23:00:00,0.0138,0.2593,0.7394,6.13
2026-02-02 03:00:00,2,24,4,2026-02-01,2026-02-01 23:00:00,0.1324,0.4026,0.9038,6.4
2026-02-02 03:00:00,2,48,28,2026-01-31,2026-01-31 23:00:00,0.0546,0.3136,0.8182,6.17
2026-02-02 04:00:00,2,24,5,2026-02-01,2026-02-01 23:00:00,0.1815,0.4867,0.9407,6.42
2026-02-02 04:00:00,2,48,29,2026-01-31,2026-01-31 23:00:00,0.1296,0.3811,0.9151,6.15
2026-02-02 05:00:00,2,24,6,2026-02-01,2026-02-01 23:00:00,0.1644,0.4794,0.9693,6.84
2026-02-02 05:00:00,2,48,30,2026-01-31,2026-01-31 23:00:00,0.1659,0.3721,0.9562,6.42
2026-02-02 06:00:00,2,24,7,2026-02-01,2026-02-01 23:00:00,0.1775,0.4808,0.9622,6.8
2026-02-02 06:00:00,2,48,31,2026-01-31,2026-01-31 23:00:00,0.1543,0.4443,0.9502,6.38
2026-02-02 07:00:00,2,24,8,2026-02-01,2026-02-01 23:00:00,0.1901,0.3969,0.9574,6.57
2026-02-02 07:00:00,2,48,32,2026-01-31,2026-01-31 23:00:00,0.1552,0.4057,0.9556,6.56
2026-02-02 08:00:00,2,24,9,2026-02-01,2026-02-01 23:00:00,0.1464,0.4414,0.971,6.46
2026-02-02 08:00:00,2,48,33,2026-01-31,2026-01-31 23:00:00,0.1357,0.4393,0.9831,6.53
2026-02-02 09:00:00,2,24,10,2026-02-01,2026-02-01 23:00:00,0.2214,0.5714,0.9703,7.8
2026-02-02 09:00:00,2,48,34,2026-01-31,2026-01-31 23:00:00,0.1788,0.5282,0.9833,7.22
2026-02-02 10:00:00,2,24,11,2026-02-01,2026-02-01 23:00:00,0.3007,0.7017,0.977,6.77
2026-02-02 10:00:00,2,48,35,2026-01-31,2026-01-31 23:00:00,0.2907,0.6827,0.9905,6.55
2026-02-02 11:00:00,2,24,12,2026-02-01,2026-02-01 23:00:00,0.3768,0.7161,0.9722,7.25
2026-02-02 11:00:00,2,48,36,2026-01-31,2026-01-31 23:00:00,0.3486,0.7149,0.979,7.31
2026-02-02 12:00:00,2,24,13,2026-02-01,2026-02-01 23:00:00,0.4963,0.8103,0.9786,7.66
2026-02-02 12:00:00,2,48,37,2026-01-31,2026-01-31 23:00:00,0.4877,0.7804,0.9858,8.2
2026-02-02 13:00:00,2,24,14,2026-02-01,2026-02-01 23:00:00,0.5281,0.8209,0.9791,8.06
2026-02-02 13:00:00,2,48,38,2026-01-31,2026-01-31 23:00:00,0.5775,0.8523,0.9785,9.01
2026-02-02 14:00:00,2,24,15,2026-02-01,2026-02-01 23:00:00,0.4968,0.8335,0.979,8.28
2026-02-02 14:00:00,2,48,39,2026-01-31,2026-01-31 23:00:00,0.5689,0.8868,0.9759,8.84
2026-02-02 15:00:00,2,24,16,2026-02-01,2026-02-01 23:00:00,0.4588,0.8634,0.978,7.84
2026-02-02 15:00:00,2,48,40,2026-01-31,2026-01-31 23:00:00,0.4526,0.8632,0.9795,7.47
2026-02-02 16:00:00,2,24,17,2026-02-01,2026-02-01 23:00:00,0.4229,0.8055,0.9923,7.62
2026-02-02 16:00:00,2,48,41,2026-01-31,2026-01-31 23:00:00,0.1371,0.723,1.0,4.22
2026-02-02 17:00:00,2,24,18,2026-02-01,2026-02-01 23:00:00,0.1382,0.7424,0.9507,5.44
2026-02-02 17:00:00,2,48,42,2026-01-31,2026-01-31 23:00:00,0.1499,0.7341,0.9188,5.66
2026-02-02 18:00:00,2,24,19,2026-02-01,2026-02-01 23:00:00,0.0143,0.4265,0.6764,3.91
2026-02-02 18:00:00,2,48,43,2026-01-31,2026-01-31 23:00:00,0.0212,0.6037,0.8323,4.3
2026-02-02 19:00:00,2,24,20,2026-02-01,2026-02-01 23:00:00,0.0105,0.272,0.4382,3.07
2026-02-02 19:00:00,2,48,44,2026-01-31,2026-01-31 23:00:00,0.0,0.2984,0.5625,3.85
2026-02-02 20:00:00,2,24,21,2026-02-01,2026-02-01 23:00:00,0.0115,0.1443,0.316,3.11
2026-02-02 20:00:00,2,48,45,2026-01-31,2026-01-31 23:00:00,0.0035,0.1758,0.5106,4.43
2026-02-02 21:00:00,2,24,22,2026-02-01,2026-02-01 23:00:00,0.0066,0.133,0.2914,3.69
2026-02-02 21:00:00,2,48,46,2026-01-31,2026-01-31 23:00:00,0.0019,0.173,0.484,4.59
2026-02-02 22:00:00,2,24,23,2026-02-01,2026-02-01 23:00:00,0.0037,0.1552,0.338,3.67
2026-02-02 22:00:00,2,48,47,2026-01-31,2026-01-31 23:00:00,0.0,0.1976,0.4807,3.43
2026-02-02 23:00:00,2,24,24,2026-02-01,2026-02-01 23:00:00,0.0102,0.167,0.3781,3.97
2026-02-02 23:00:00,2,48,48,2026-01-31,2026-01-31 23:00:00,0.0,0.1692,0.404,2.6
2026-02-03 00:00:00,2,24,1,2026-02-02,2026-02-02 23:00:00,0.0077,0.2255,0.4698,5.19
2026-02-03 00:00:00,2,48,25,2026-02-01,2026-02-01 23:00:00,0.0,0.2388,0.5956,3.89
2026-02-03 01:00:00,2,24,2,2026-02-02,2026-02-02 23:00:00,0.0394,0.3464,0.6827,6.05
2026-02-03 01:00:00,2,48,26,2026-02-01,2026-02-01 23:00:00,0.0295,0.348,0.7146,5.41
2026-02-03 02:00:00,2,24,3,2026-02-02,2026-02-02 23:00:00,0.0731,0.3948,0.8634,6.47
2026-02-03 02:00:00,2,48,27,2026-02-01,2026-02-01 23:00:00,0.061,0.3514,0.8687,5.46
2026-02-03 03:00:00,2,24,4,2026-02-02,2026-02-02 23:00:00,0.1332,0.4189,0.8907,6.52
2026-02-03 03:00:00,2,48,28,2026-02-01,2026-02-01 23:00:00,0.0403,0.3807,0.8443,5.07
2026-02-03 04:00:00,2,24,5,2026-02-02,2026-02-02 23:00:00,0.1524,0.4195,0.8664,6.53
2026-02-03 04:00:00,2,48,29,2026-02-01,2026-02-01 23:00:00,0.0395,0.3871,0.861,4.57
2026-02-03 05:00:00,2,24,6,2026-02-02,2026-02-02 23:00:00,0.0482,0.3134,0.8553,4.78
2026-02-03 05:00:00,2,48,30,2026-02-01,2026-02-01 23:00:00,0.0095,0.3029,0.8432,4.72
2026-02-03 06:00:00,2,24,7,2026-02-02,2026-02-02 23:00:00,0.0308,0.2721,0.6964,2.43
2026-02-03 06:00:00,2,48,31,2026-02-01,2026-02-01 23:00:00,0.0,0.2005,0.6991,4.25
2026-02-03 07:00:00,2,24,8,2026-02-02,2026-02-02 23:00:00,0.0168,0.1869,0.6026,3.43
2026-02-03 07:00:00,2,48,32,2026-02-01,2026-02-01 23:00:00,0.0,0.1497,0.612,3.24
2026-02-03 08:00:00,2,24,9,2026-02-02,2026-02-02 23:00:00,0.0064,0.151,0.3943,2.47
2026-02-03 08:00:00,2,48,33,2026-02-01,2026-02-01 23:00:00,0.0,0.1595,0.4304,1.95
2026-02-03 09:00:00,2,24,10,2026-02-02,2026-02-02 23:00:00,0.0056,0.0731,0.2513,2.67
2026-02-03 09:00:00,2,48,34,2026-02-01,2026-02-01 23:00:00,0.0,0.137,0.3709,1.43
2026-02-03 10:00:00,2,24,11,2026-02-02,2026-02-02 23:00:00,0.0067,0.041,0.1287,3.43
2026-02-03 10:00:00,2,48,35,2026-02-01,2026-02-01 23:00:00,0.0036,0.0626,0.2118,1.99
2026-02-03 11:00:00,2,24,12,2026-02-02,2026-02-02 23:00:00,0.0056,0.0635,0.2483,5.06
2026-02-03 11:00:00,2,48,36,2026-02-01,2026-02-01 23:00:00,0.0046,0.0538,0.2517,3.82
2026-02-03 12:00:00,2,24,13,2026-02-02,2026-02-02 23:00:00,0.0058,0.056,0.1627,4.82
2026-02-03 12:00:00,2,48,37,2026-02-01,2026-02-01 23:00:00,0.0056,0.0392,0.2478,3.71
2026-02-03 13:00:00,2,24,14,2026-02-02,2026-02-02 23:00:00,0.0072,0.0439,0.0911,3.15
2026-02-03 13:00:00,2,48,38,2026-02-01,2026-02-01 23:00:00,0.005,0.0486,0.1897,2.58
2026-02-03 14:00:00,2,24,15,2026-02-02,2026-02-02 23:00:00,0.0078,0.0328,0.0587,3.2
2026-02-03 14:00:00,2,48,39,2026-02-01,2026-02-01 23:00:00,0.0047,0.0627,0.1489,3.03
2026-02-03 15:00:00,2,24,16,2026-02-02,2026-02-02 23:00:00,0.0073,0.048,0.1128,2.45
2026-02-03 15:00:00,2,48,40,2026-02-01,2026-02-01 23:00:00,0.002,0.0946,0.2432,4.9
2026-02-03 16:00:00,2,24,17,2026-02-02,2026-02-02 23:00:00,0.0045,0.1124,0.211,3.2
2026-02-03 16:00:00,2,48,41,2026-02-01,2026-02-01 23:00:00,0.0,0.1551,0.402,4.77
2026-02-03 17:00:00,2,24,18,2026-02-02,2026-02-02 23:00:00,0.0163,0.1749,0.3778,4.86
2026-02-03 17:00:00,2,48,42,2026-02-01,2026-02-01 23:00:00,0.0001,0.1534,0.4497,4.14
2026-02-03 18:00:00,2,24,19,2026-02-02,2026-02-02 23:00:00,0.0212,0.3405,0.6462,4.44
2026-02-03 18:00:00,2,48,43,2026-02-01,2026-02-01 23:00:00,0.0,0.2806,0.5107,6.04
2026-02-03 19:00:00,2,24,20,2026-02-02,2026-02-02 23:00:00,0.0373,0.433,0.7604,6.42
2026-02-03 19:00:00,2,48,44,2026-02-01,2026-02-01 23:00:00,0.0,0.3384,0.7273,7.64
2026-02-03 20:00:00,2,24,21,2026-02-02,2026-02-02 23:00:00,0.0318,0.5308,0.8711,7.23
2026-02-03 20:00:00,2,48,45,2026-02-01,2026-02-01 23:00:00,0.0,0.3741,0.7615,7.09
2026-02-03 21:00:00,2,24,22,2026-02-02,2026-02-02 23:00:00,0.0648,0.568,0.8796,6.54
2026-02-03 21:00:00,2,48,46,2026-02-01,2026-02-01 23:00:00,0.0063,0.3581,0.8051,6.72
2026-02-03 22:00:00,2,24,23,2026-02-02,2026-02-02 23:00:00,0.053,0.5292,0.8835,6.36
2026-02-03 22:00:00,2,48,47,2026-02-01,2026-02-01 23:00:00,0.0,0.3231,0.6776,6.6
2026-02-03 23:00:00,2,24,24,2026-02-02,2026-02-02 23:00:00,0.0435,0.5443,0.8828,6.6
2026-02-03 23:00:00,2,48,48,2026-02-01,2026-02-01 23:00:00,0.0,0.3019,0.7516,5.34
2026-02-04 00:00:00,2,24,1,2026-02-03,2026-02-03 23:00:00,0.0693,0.5612,0.8741,6.29
2026-02-04 00:00:00,2,48,25,2026-02-02,2026-02-02 23:00:00,0.0,0.316,0.6809,5.28
2026-02-04 01:00:00,2,24,2,2026-02-03,2026-02-03 23:00:00,0.0294,0.4711,0.8813,7.24
2026-02-04 01:00:00,2,48,26,2026-02-02,2026-02-02 23:00:00,0.0,0.1898,0.6868,6.17
2026-02-04 02:00:00,2,24,3,2026-02-03,2026-02-03 23:00:00,0.0422,0.5022,0.8841,6.48
2026-02-04 02:00:00,2,48,27,2026-02-02,2026-02-02 23:00:00,0.0,0.2955,0.7355,6.56
2026-02-04 03:00:00,2,24,4,2026-02-03,2026-02-03 23:00:00,0.0406,0.4797,0.8553,6.37
2026-02-04 03:00:00,2,48,28,2026-02-02,2026-02-02 23:00:00,0.0,0.4121,0.8571,6.78
2026-02-04 04:00:00,2,24,5,2026-02-03,2026-02-03 23:00:00,0.0445,0.478,0.858,6.16
2026-02-04 04:00:00,2,48,29,2026-02-02,2026-02-02 23:00:00,0.0,0.4235,0.8859,7.62
2026-02-04 05:00:00,2,24,6,2026-02-03,2026-02-03 23:00:00,0.1353,0.5276,0.9143,7.61
2026-02-04 05:00:00,2,48,30,2026-02-02,2026-02-02 23:00:00,0.0058,0.3659,0.8343,6.55
2026-02-04 06:00:00,2,24,7,2026-02-03,2026-02-03 23:00:00,0.1717,0.6229,0.9431,6.87
2026-02-04 06:00:00,2,48,31,2026-02-02,2026-02-02 23:00:00,0.0218,0.484,0.8741,6.16
2026-02-04 07:00:00,2,24,8,2026-02-03,2026-02-03 23:00:00,0.1008,0.4869,0.8879,6.98
2026-02-04 07:00:00,2,48,32,2026-02-02,2026-02-02 23:00:00,0.0132,0.4803,0.8628,6.29
2026-02-04 08:00:00,2,24,9,2026-02-03,2026-02-03 23:00:00,0.0442,0.4086,0.8585,7.0
2026-02-04 08:00:00,2,48,33,2026-02-02,2026-02-02 23:00:00,0.0233,0.3982,0.8779,7.15
2026-02-04 09:00:00,2,24,10,2026-02-03,2026-02-03 23:00:00,0.0061,0.3294,0.795,7.15
2026-02-04 09:00:00,2,48,34,2026-02-02,2026-02-02 23:00:00,0.0045,0.3894,0.8451,6.16
2026-02-04 10:00:00,2,24,11,2026-02-03,2026-02-03 23:00:00,0.004,0.293,0.721,7.05
2026-02-04 10:00:00,2,48,35,2026-02-02,2026-02-02 23:00:00,0.0005,0.2746,0.6966,5.19
2026-02-04 11:00:00,2,24,12,2026-02-03,2026-02-03 23:00:00,0.0115,0.2222,0.5838,5.59
2026-02-04 11:00:00,2,48,36,2026-02-02,2026-02-02 23:00:00,0.0136,0.2366,0.6138,5.21
2026-02-04 12:00:00,2,24,13,2026-02-03,2026-02-03 23:00:00,0.0108,0.1642,0.4796,5.23
2026-02-04 12:00:00,2,48,37,2026-02-02,2026-02-02 23:00:00,0.0044,0.1862,0.5145,4.04
2026-02-04 13:00:00,2,24,14,2026-02-03,2026-02-03 23:00:00,0.0079,0.1536,0.3927,5.19
2026-02-04 13:00:00,2,48,38,2026-02-02,2026-02-02 23:00:00,0.0046,0.1413,0.404,3.91
2026-02-04 14:00:00,2,24,15,2026-02-03,2026-02-03 23:00:00,0.0107,0.1603,0.3866,4.99
2026-02-04 14:00:00,2,48,39,2026-02-02,2026-02-02 23:00:00,0.0059,0.1459,0.4078,4.41
2026-02-04 15:00:00,2,24,16,2026-02-03,2026-02-03 23:00:00,0.0104,0.1532,0.3683,4.57
2026-02-04 15:00:00,2,48,40,2026-02-02,2026-02-02 23:00:00,0.0044,0.1492,0.3926,4.21
2026-02-04 16:00:00,2,24,17,2026-02-03,2026-02-03 23:00:00,0.0156,0.1092,0.3301,3.85
2026-02-04 16:00:00,2,48,41,2026-02-02,2026-02-02 23:00:00,0.0013,0.1682,0.3691,3.48
2026-02-04 17:00:00,2,24,18,2026-02-03,2026-02-03 23:00:00,0.005,0.1222,0.261,2.76
2026-02-04 17:00:00,2,48,42,2026-02-02,2026-02-02 23:00:00,0.0,0.1297,0.2463,2.84
2026-02-04 18:00:00,2,24,19,2026-02-03,2026-02-03 23:00:00,0.0045,0.1129,0.2453,1.72
2026-02-04 18:00:00,2,48,43,2026-02-02,2026-02-02 23:00:00,0.0014,0.1007,0.3037,0.73
2026-02-04 19:00:00,2,24,20,2026-02-03,2026-02-03 23:00:00,0.0003,0.2192,0.4722,3.24
2026-02-04 19:00:00,2,48,44,2026-02-02,2026-02-02 23:00:00,0.0,0.1889,0.3393,5.05
2026-02-04 20:00:00,2,24,21,2026-02-03,2026-02-03 23:00:00,0.0231,0.3647,0.7613,6.02
2026-02-04 20:00:00,2,48,45,2026-02-02,2026-02-02 23:00:00,0.0265,0.2652,0.7094,6.54
2026-02-04 21:00:00,2,24,22,2026-02-03,2026-02-03 23:00:00,0.2177,0.6473,0.9496,6.49
2026-02-04 21:00:00,2,48,46,2026-02-02,2026-02-02 23:00:00,0.2029,0.555,0.9916,7.2
2026-02-04 22:00:00,2,24,23,2026-02-03,2026-02-03 23:00:00,0.2172,0.6361,0.9821,6.93
2026-02-04 22:00:00,2,48,47,2026-02-02,2026-02-02 23:00:00,0.3245,0.6829,1.0,7.67
2026-02-04 23:00:00,2,24,24,2026-02-03,2026-02-03 23:00:00,0.3486,0.6798,0.9735,7.63
2026-02-04 23:00:00,2,48,48,2026-02-02,2026-02-02 23:00:00,0.2821,0.6919,0.9997,7.38
2026-02-05 00:00:00,2,24,1,2026-02-04,2026-02-04 23:00:00,0.5175,0.8218,0.9815,8.52
2026-02-05 00:00:00,2,48,25,2026-02-03,2026-02-03 23:00:00,0.4211,0.7205,0.998,7.75
2026-02-05 01:00:00,2,24,2,2026-02-04,2026-02-04 23:00:00,0.7348,0.8898,0.9799,9.11
2026-02-05 01:00:00,2,48,26,2026-02-03,2026-02-03 23:00:00,0.4915,0.81,0.9872,8.05
2026-02-05 02:00:00,2,24,3,2026-02-04,2026-02-04 23:00:00,0.8941,0.9236,0.9788,9.71
2026-02-05 02:00:00,2,48,27,2026-02-03,2026-02-03 23:00:00,0.6887,0.8886,0.9831,8.57
2026-02-05 03:00:00,2,24,4,2026-02-04,2026-02-04 23:00:00,0.9514,0.9524,0.979,10.07
2026-02-05 03:00:00,2,48,28,2026-02-03,2026-02-03 23:00:00,0.8426,0.9325,0.9803,8.78
2026-02-05 04:00:00,2,24,5,2026-02-04,2026-02-04 23:00:00,0.953,0.9595,0.9777,10.41
2026-02-05 04:00:00,2,48,29,2026-02-03,2026-02-03 23:00:00,0.9024,0.9282,0.9809,9.66
2026-02-05 05:00:00,2,24,6,2026-02-04,2026-02-04 23:00:00,0.8931,0.8942,0.9799,10.98
2026-02-05 05:00:00,2,48,30,2026-02-03,2026-02-03 23:00:00,0.9397,0.9414,0.9788,10.41
2026-02-05 06:00:00,2,24,7,2026-02-04,2026-02-04 23:00:00,0.8901,0.8911,0.9815,11.71
2026-02-05 06:00:00,2,48,31,2026-02-03,2026-02-03 23:00:00,0.9475,0.9492,0.979,11.19
2026-02-05 07:00:00,2,24,8,2026-02-04,2026-02-04 23:00:00,0.8917,0.8927,0.9804,11.89
2026-02-05 07:00:00,2,48,32,2026-02-03,2026-02-03 23:00:00,0.895,0.8967,0.9824,11.33
2026-02-05 08:00:00,2,24,9,2026-02-04,2026-02-04 23:00:00,0.8929,0.894,0.9805,11.98
2026-02-05 08:00:00,2,48,33,2026-02-03,2026-02-03 23:00:00,0.8854,0.8871,0.9841,11.51
2026-02-05 09:00:00,2,24,10,2026-02-04,2026-02-04 23:00:00,0.935,0.9554,0.9768,11.6
2026-02-05 09:00:00,2,48,34,2026-02-03,2026-02-03 23:00:00,0.8918,0.8935,0.9828,10.58
2026-02-05 10:00:00,2,24,11,2026-02-04,2026-02-04 23:00:00,0.9442,0.9783,0.9794,11.45
2026-02-05 10:00:00,2,48,35,2026-02-03,2026-02-03 23:00:00,0.9246,0.983,0.9848,10.9
2026-02-05 11:00:00,2,24,12,2026-02-04,2026-02-04 23:00:00,0.9032,0.9852,0.9863,11.75
2026-02-05 11:00:00,2,48,36,2026-02-03,2026-02-03 23:00:00,0.9682,0.9882,0.9899,12.16
2026-02-05 12:00:00,2,24,13,2026-02-04,2026-02-04 23:00:00,0.8699,0.9673,0.9714,12.09
2026-02-05 12:00:00,2,48,37,2026-02-03,2026-02-03 23:00:00,0.8715,0.9735,0.9752,12.64
2026-02-05 13:00:00,2,24,14,2026-02-04,2026-02-04 23:00:00,0.8812,0.9232,0.9721,11.22
2026-02-05 13:00:00,2,48,38,2026-02-03,2026-02-03 23:00:00,0.8824,0.9135,0.9754,11.75
2026-02-05 14:00:00,2,24,15,2026-02-04,2026-02-04 23:00:00,0.7708,0.9139,0.9729,10.16
2026-02-05 14:00:00,2,48,39,2026-02-03,2026-02-03 23:00:00,0.8639,0.9084,0.9756,10.6
2026-02-05 15:00:00,2,24,16,2026-02-04,2026-02-04 23:00:00,0.5494,0.9771,0.9782,8.5
2026-02-05 15:00:00,2,48,40,2026-02-03,2026-02-03 23:00:00,0.6288,0.9386,0.9772,8.65
2026-02-05 16:00:00,2,24,17,2026-02-04,2026-02-04 23:00:00,0.394,0.9313,0.9758,7.94
2026-02-05 16:00:00,2,48,41,2026-02-03,2026-02-03 23:00:00,0.3959,0.8844,0.9835,8.32
2026-02-05 17:00:00,2,24,18,2026-02-04,2026-02-04 23:00:00,0.3722,0.973,0.9857,7.03
2026-02-05 17:00:00,2,48,42,2026-02-03,2026-02-03 23:00:00,0.43,0.9741,0.9767,8.46
2026-02-05 18:00:00,2,24,19,2026-02-04,2026-02-04 23:00:00,0.3195,0.8862,0.9721,6.5
2026-02-05 18:00:00,2,48,43,2026-02-03,2026-02-03 23:00:00,0.3483,0.9457,0.9828,7.17
2026-02-05 19:00:00,2,24,20,2026-02-04,2026-02-04 23:00:00,0.2169,0.8439,0.9741,6.59
2026-02-05 19:00:00,2,48,44,2026-02-03,2026-02-03 23:00:00,0.2627,0.8938,0.9747,6.6
2026-02-05 20:00:00,2,24,21,2026-02-04,2026-02-04 23:00:00,0.2028,0.7836,0.9747,6.86
2026-02-05 20:00:00,2,48,45,2026-02-03,2026-02-03 23:00:00,0.1714,0.8338,0.9742,6.74
2026-02-05 21:00:00,2,24,22,2026-02-04,2026-02-04 23:00:00,0.1922,0.7074,0.973,6.88
2026-02-05 21:00:00,2,48,46,2026-02-03,2026-02-03 23:00:00,0.127,0.7924,0.9741,6.72
2026-02-05 22:00:00,2,24,23,2026-02-04,2026-02-04 23:00:00,0.184,0.6492,0.9488,6.36
2026-02-05 22:00:00,2,48,47,2026-02-03,2026-02-03 23:00:00,0.1372,0.6563,0.9621,6.99
2026-02-05 23:00:00,2,24,24,2026-02-04,2026-02-04 23:00:00,0.183,0.5248,0.9344,6.57
2026-02-05 23:00:00,2,48,48,2026-02-03,2026-02-03 23:00:00,0.1785,0.5532,0.9503,6.34
2026-02-06 00:00:00,2,24,1,2026-02-05,2026-02-05 23:00:00,0.1785,0.4582,0.8765,6.18
2026-02-06 00:00:00,2,48,25,2026-02-04,2026-02-04 23:00:00,0.156,0.5172,0.9031,6.06
2026-02-06 01:00:00,2,24,2,2026-02-05,2026-02-05 23:00:00,0.1305,0.4357,0.8342,5.49
2026-02-06 01:00:00,2,48,26,2026-02-04,2026-02-04 23:00:00,0.1008,0.447,0.8773,5.68
2026-02-06 02:00:00,2,24,3,2026-02-05,2026-02-05 23:00:00,0.0728,0.4334,0.796,5.12
2026-02-06 02:00:00,2,48,27,2026-02-04,2026-02-04 23:00:00,0.0626,0.4162,0.8482,5.39
2026-02-06 03:00:00,2,24,4,2026-02-05,2026-02-05 23:00:00,0.054,0.305,0.7631,4.73
2026-02-06 03:00:00,2,48,28,2026-02-04,2026-02-04 23:00:00,0.0058,0.3315,0.7546,5.03
2026-02-06 04:00:00,2,24,5,2026-02-05,2026-02-05 23:00:00,0.0211,0.3222,0.6576,3.01
2026-02-06 04:00:00,2,48,29,2026-02-04,2026-02-04 23:00:00,0.0,0.2628,0.5568,3.06
2026-02-06 05:00:00,2,24,6,2026-02-05,2026-02-05 23:00:00,0.0068,0.1765,0.4011,2.92
2026-02-06 05:00:00,2,48,30,2026-02-04,2026-02-04 23:00:00,0.0,0.1773,0.4649,3.06
2026-02-06 06:00:00,2,24,7,2026-02-05,2026-02-05 23:00:00,0.0005,0.1834,0.3639,2.02
2026-02-06 06:00:00,2,48,31,2026-02-04,2026-02-04 23:00:00,0.0,0.1238,0.3265,7.97
2026-02-06 07:00:00,2,24,8,2026-02-05,2026-02-05 23:00:00,0.006,0.0741,0.2188,6.09
2026-02-06 07:00:00,2,48,32,2026-02-04,2026-02-04 23:00:00,0.0,0.184,0.3905,5.78
2026-02-06 08:00:00,2,24,9,2026-02-05,2026-02-05 23:00:00,0.0,0.2101,0.4555,7.29
2026-02-06 08:00:00,2,48,33,2026-02-04,2026-02-04 23:00:00,0.0,0.2469,0.5079,5.28
2026-02-06 09:00:00,2,24,10,2026-02-05,2026-02-05 23:00:00,0.0,0.1612,0.4201,5.48
2026-02-06 09:00:00,2,48,34,2026-02-04,2026-02-04 23:00:00,0.0,0.3381,0.6792,8.5
2026-02-06 10:00:00,2,24,11,2026-02-05,2026-02-05 23:00:00,0.0031,0.1353,0.3108,2.77
2026-02-06 10:00:00,2,48,35,2026-02-04,2026-02-04 23:00:00,0.0,0.4587,1.0,13.45
2026-02-06 11:00:00,2,24,12,2026-02-05,2026-02-05 23:00:00,0.0079,0.2558,0.7241,5.33
2026-02-06 11:00:00,2,48,36,2026-02-04,2026-02-04 23:00:00,0.1494,0.6951,0.9873,11.42
2026-02-06 12:00:00,2,24,13,2026-02-05,2026-02-05 23:00:00,0.1699,0.5598,0.8754,8.8
2026-02-06 12:00:00,2,48,37,2026-02-04,2026-02-04 23:00:00,0.1653,0.781,1.0,12.61
2026-02-06 13:00:00,2,24,14,2026-02-05,2026-02-05 23:00:00,0.4536,0.8314,0.9758,9.74
2026-02-06 13:00:00,2,48,38,2026-02-04,2026-02-04 23:00:00,0.5466,0.8827,0.9773,12.6
2026-02-06 14:00:00,2,24,15,2026-02-05,2026-02-05 23:00:00,0.6222,0.9055,0.977,11.73
2026-02-06 14:00:00,2,48,39,2026-02-04,2026-02-04 23:00:00,0.9347,0.9548,0.9736,13.06
2026-02-06 15:00:00,2,24,16,2026-02-05,2026-02-05 23:00:00,0.9187,0.9575,0.9741,12.85
2026-02-06 15:00:00,2,48,40,2026-02-04,2026-02-04 23:00:00,0.9487,0.9539,0.9755,13.08
2026-02-06 16:00:00,2,24,17,2026-02-05,2026-02-05 23:00:00,0.9587,0.9701,0.9773,13.73
2026-02-06 16:00:00,2,48,41,2026-02-04,2026-02-04 23:00:00,0.9652,0.9669,0.9766,12.45
2026-02-06 17:00:00,2,24,18,2026-02-05,2026-02-05 23:00:00,0.9659,0.9795,0.9805,14.87
2026-02-06 17:00:00,2,48,42,2026-02-04,2026-02-04 23:00:00,0.9351,0.9565,0.9772,14.21
2026-02-06 18:00:00,2,24,19,2026-02-05,2026-02-05 23:00:00,0.9737,0.9748,0.9798,16.0
2026-02-06 18:00:00,2,48,43,2026-02-04,2026-02-04 23:00:00,0.9613,0.963,0.9783,13.65
2026-02-06 19:00:00,2,24,20,2026-02-05,2026-02-05 23:00:00,0.9871,0.9942,0.9953,14.47
2026-02-06 19:00:00,2,48,44,2026-02-04,2026-02-04 23:00:00,0.9711,0.9728,0.98,13.85
2026-02-06 20:00:00,2,24,21,2026-02-05,2026-02-05 23:00:00,0.9848,0.9859,0.9869,14.15
2026-02-06 20:00:00,2,48,45,2026-02-04,2026-02-04 23:00:00,0.9854,1.0,1.0,13.95
2026-02-06 21:00:00,2,24,22,2026-02-05,2026-02-05 23:00:00,0.9608,0.9618,0.981,13.49
2026-02-06 21:00:00,2,48,46,2026-02-04,2026-02-04 23:00:00,0.9849,0.9963,0.9981,12.98
2026-02-06 22:00:00,2,24,23,2026-02-05,2026-02-05 23:00:00,0.8012,0.8746,0.9824,11.46
2026-02-06 22:00:00,2,48,47,2026-02-04,2026-02-04 23:00:00,0.9738,0.9756,0.9815,11.87
2026-02-06 23:00:00,2,24,24,2026-02-05,2026-02-05 23:00:00,0.5015,0.8715,0.9829,7.78
2026-02-06 23:00:00,2,48,48,2026-02-04,2026-02-04 23:00:00,0.9625,0.979,0.9813,11.95
2026-02-07 00:00:00,2,24,1,2026-02-06,2026-02-06 23:00:00,0.2414,0.7215,0.9627,6.3
2026-02-07 00:00:00,2,48,25,2026-02-05,2026-02-05 23:00:00,0.9074,0.9571,0.9796,10.69
2026-02-07 01:00:00,2,24,2,2026-02-06,2026-02-06 23:00:00,0.1974,0.6261,0.9505,5.77
2026-02-07 01:00:00,2,48,26,2026-02-05,2026-02-05 23:00:00,0.5346,0.8607,0.9827,10.34
2026-02-07 02:00:00,2,24,3,2026-02-06,2026-02-06 23:00:00,0.1098,0.5509,0.8889,6.22
2026-02-07 02:00:00,2,48,27,2026-02-05,2026-02-05 23:00:00,0.3985,0.7223,0.9527,9.46
2026-02-07 03:00:00,2,24,4,2026-02-06,2026-02-06 23:00:00,0.034,0.3506,0.7678,6.06
2026-02-07 03:00:00,2,48,28,2026-02-05,2026-02-05 23:00:00,0.1776,0.6309,0.9416,8.13
2026-02-07 04:00:00,2,24,5,2026-02-06,2026-02-06 23:00:00,0.003,0.273,0.675,5.87
2026-02-07 04:00:00,2,48,29,2026-02-05,2026-02-05 23:00:00,0.0298,0.4231,0.8662,7.49
2026-02-07 05:00:00,2,24,6,2026-02-06,2026-02-06 23:00:00,0.0028,0.1545,0.5153,3.93
2026-02-07 05:00:00,2,48,30,2026-02-05,2026-02-05 23:00:00,0.0123,0.3433,0.7511,5.41
2026-02-07 06:00:00,2,24,7,2026-02-06,2026-02-06 23:00:00,0.0076,0.0434,0.1783,2.55
2026-02-07 06:00:00,2,48,31,2026-02-05,2026-02-05 23:00:00,0.0,0.1571,0.4453,4.48
2026-02-07 07:00:00,2,24,8,2026-02-06,2026-02-06 23:00:00,0.0077,0.0153,0.0585,0.91
2026-02-07 07:00:00,2,48,32,2026-02-05,2026-02-05 23:00:00,0.0047,0.0603,0.2077,2.44
2026-02-07 08:00:00,2,24,9,2026-02-06,2026-02-06 23:00:00,0.0078,0.0106,0.0117,0.59
2026-02-07 08:00:00,2,48,33,2026-02-05,2026-02-05 23:00:00,0.0069,0.0323,0.0419,0.86
2026-02-07 09:00:00,2,24,10,2026-02-06,2026-02-06 23:00:00,0.0078,0.0356,0.1422,1.34
2026-02-07 09:00:00,2,48,34,2026-02-05,2026-02-05 23:00:00,0.0066,0.0356,0.1777,1.97
2026-02-07 10:00:00,2,24,11,2026-02-06,2026-02-06 23:00:00,0.0,0.1156,0.4776,3.24
2026-02-07 10:00:00,2,48,35,2026-02-05,2026-02-05 23:00:00,0.0,0.0679,0.3094,1.95
2026-02-07 11:00:00,2,24,12,2026-02-06,2026-02-06 23:00:00,0.0085,0.2746,0.7535,5.59
2026-02-07 11:00:00,2,48,36,2026-02-05,2026-02-05 23:00:00,0.0,0.1336,0.5897,3.48
2026-02-07 12:00:00,2,24,13,2026-02-06,2026-02-06 23:00:00,0.0604,0.4155,0.8009,6.16
2026-02-07 12:00:00,2,48,37,2026-02-05,2026-02-05 23:00:00,0.0069,0.1919,0.6627,4.51
2026-02-07 13:00:00,2,24,14,2026-02-06,2026-02-06 23:00:00,0.0045,0.404,0.764,6.09
2026-02-07 13:00:00,2,48,38,2026-02-05,2026-02-05 23:00:00,0.0,0.2827,0.6611,5.15
2026-02-07 14:00:00,2,24,15,2026-02-06,2026-02-06 23:00:00,0.0087,0.2199,0.5648,5.2
2026-02-07 14:00:00,2,48,39,2026-02-05,2026-02-05 23:00:00,0.0,0.294,0.5835,5.02
2026-02-07 15:00:00,2,24,16,2026-02-06,2026-02-06 23:00:00,0.0066,0.1423,0.3268,3.68
2026-02-07 15:00:00,2,48,40,2026-02-05,2026-02-05 23:00:00,0.0,0.1568,0.404,4.28
2026-02-07 16:00:00,2,24,17,2026-02-06,2026-02-06 23:00:00,0.007,0.0582,0.1591,2.33
2026-02-07 16:00:00,2,48,41,2026-02-05,2026-02-05 23:00:00,0.0005,0.1179,0.3201,3.37
2026-02-07 17:00:00,2,24,18,2026-02-06,2026-02-06 23:00:00,0.0062,0.0869,0.1913,0.61
2026-02-07 17:00:00,2,48,42,2026-02-05,2026-02-05 23:00:00,0.005,0.0579,0.1772,1.52
2026-02-07 18:00:00,2,24,19,2026-02-06,2026-02-06 23:00:00,0.0096,0.1694,0.4118,5.11
2026-02-07 18:00:00,2,48,43,2026-02-05,2026-02-05 23:00:00,0.0,0.1537,0.3201,4.43
2026-02-07 19:00:00,2,24,20,2026-02-06,2026-02-06 23:00:00,0.0444,0.3404,0.7808,7.59
2026-02-07 19:00:00,2,48,44,2026-02-05,2026-02-05 23:00:00,0.0,0.259,0.6408,7.1
2026-02-07 20:00:00,2,24,21,2026-02-06,2026-02-06 23:00:00,0.1421,0.5499,0.9282,8.94
2026-02-07 20:00:00,2,48,45,2026-02-05,2026-02-05 23:00:00,0.0682,0.4105,0.9238,7.22
2026-02-07 21:00:00,2,24,22,2026-02-06,2026-02-06 23:00:00,0.2528,0.7291,0.9794,10.17
2026-02-07 21:00:00,2,48,46,2026-02-05,2026-02-05 23:00:00,0.1208,0.581,0.9829,7.49
2026-02-07 22:00:00,2,24,23,2026-02-06,2026-02-06 23:00:00,0.5854,0.8657,0.9727,10.57
2026-02-07 22:00:00,2,48,47,2026-02-05,2026-02-05 23:00:00,0.1802,0.6051,0.9783,8.92
2026-02-07 23:00:00,2,24,24,2026-02-06,2026-02-06 23:00:00,0.8569,0.9603,0.978,11.06
2026-02-07 23:00:00,2,48,48,2026-02-05,2026-02-05 23:00:00,0.3348,0.6995,0.9974,9.49
2026-02-08 00:00:00,2,24,1,2026-02-07,2026-02-07 23:00:00,0.8675,0.9694,0.9796,11.59
2026-02-08 00:00:00,2,48,25,2026-02-06,2026-02-06 23:00:00,0.3111,0.7508,0.9586,10.32
2026-02-08 01:00:00,2,24,2,2026-02-07,2026-02-07 23:00:00,0.8042,0.9616,0.9799,11.43
2026-02-08 01:00:00,2,48,26,2026-02-06,2026-02-06 23:00:00,0.4943,0.7896,0.9807,9.3
2026-02-08 02:00:00,2,24,3,2026-02-07,2026-02-07 23:00:00,0.698,0.9025,0.9805,10.59
2026-02-08 02:00:00,2,48,27,2026-02-06,2026-02-06 23:00:00,0.5167,0.8185,0.9746,9.67
2026-02-08 03:00:00,2,24,4,2026-02-07,2026-02-07 23:00:00,0.5155,0.8643,0.9745,9.55
2026-02-08 03:00:00,2,48,28,2026-02-06,2026-02-06 23:00:00,0.4631,0.8456,0.9809,9.73
2026-02-08 04:00:00,2,24,5,2026-02-07,2026-02-07 23:00:00,0.3391,0.7247,0.9867,8.39
2026-02-08 04:00:00,2,48,29,2026-02-06,2026-02-06 23:00:00,0.382,0.7267,0.9923,9.04
2026-02-08 05:00:00,2,24,6,2026-02-07,2026-02-07 23:00:00,0.2712,0.6086,0.9633,7.97
2026-02-08 05:00:00,2,48,30,2026-02-06,2026-02-06 23:00:00,0.2016,0.6306,0.9641,7.29
2026-02-08 06:00:00,2,24,7,2026-02-07,2026-02-07 23:00:00,0.1821,0.5851,0.9484,7.62
2026-02-08 06:00:00,2,48,31,2026-02-06,2026-02-06 23:00:00,0.1398,0.5876,0.9323,6.88
2026-02-08 07:00:00,2,24,8,2026-02-07,2026-02-07 23:00:00,0.0649,0.4236,0.8234,6.74
2026-02-08 07:00:00,2,48,32,2026-02-06,2026-02-06 23:00:00,0.0346,0.4189,0.8764,6.31
2026-02-08 08:00:00,2,24,9,2026-02-07,2026-02-07 23:00:00,0.0039,0.3452,0.7203,5.02
2026-02-08 08:00:00,2,48,33,2026-02-06,2026-02-06 23:00:00,0.0248,0.3522,0.7793,5.89
2026-02-08 09:00:00,2,24,10,2026-02-07,2026-02-07 23:00:00,0.0055,0.1918,0.3877,3.43
2026-02-08 09:00:00,2,48,34,2026-02-06,2026-02-06 23:00:00,0.0,0.2377,0.7109,4.9
2026-02-08 10:00:00,2,24,11,2026-02-07,2026-02-07 23:00:00,0.0079,0.1266,0.2692,2.58
2026-02-08 10:00:00,2,48,35,2026-02-06,2026-02-06 23:00:00,0.0031,0.1599,0.5111,3.5
2026-02-08 11:00:00,2,24,12,2026-02-07,2026-02-07 23:00:00,0.0067,0.0605,0.1691,2.17
2026-02-08 11:00:00,2,48,36,2026-02-06,2026-02-06 23:00:00,0.0054,0.0502,0.2043,1.93
2026-02-08 12:00:00,2,24,13,2026-02-07,2026-02-07 23:00:00,0.0076,0.0272,0.0521,1.15
2026-02-08 12:00:00,2,48,37,2026-02-06,2026-02-06 23:00:00,0.0061,0.0328,0.0887,0.97
2026-02-08 13:00:00,2,24,14,2026-02-07,2026-02-07 23:00:00,0.0063,0.0509,0.0669,0.71
2026-02-08 13:00:00,2,48,38,2026-02-06,2026-02-06 23:00:00,0.0059,0.0445,0.0792,1.72
2026-02-08 14:00:00,2,24,15,2026-02-07,2026-02-07 23:00:00,0.0149,0.155,0.4277,2.93
2026-02-08 14:00:00,2,48,39,2026-02-06,2026-02-06 23:00:00,0.0016,0.1838,0.4406,4.19
2026-02-08 15:00:00,2,24,16,2026-02-07,2026-02-07 23:00:00,0.1,0.5063,0.9457,5.91
2026-02-08 15:00:00,2,48,40,2026-02-06,2026-02-06 23:00:00,0.0401,0.462,0.7989,7.07
2026-02-08 16:00:00,2,24,17,2026-02-07,2026-02-07 23:00:00,0.4559,0.8797,0.984,8.55
2026-02-08 16:00:00,2,48,41,2026-02-06,2026-02-06 23:00:00,0.6239,0.856,0.9934,9.57
2026-02-08 17:00:00,2,24,18,2026-02-07,2026-02-07 23:00:00,0.9473,0.975,0.9794,10.71
2026-02-08 17:00:00,2,48,42,2026-02-06,2026-02-06 23:00:00,0.961,0.9819,0.9836,10.25
2026-02-08 18:00:00,2,24,19,2026-02-07,2026-02-07 23:00:00,0.98,0.9811,0.9821,10.86
2026-02-08 18:00:00,2,48,43,2026-02-06,2026-02-06 23:00:00,0.9695,0.9712,0.9796,10.89
2026-02-08 19:00:00,2,24,20,2026-02-07,2026-02-07 23:00:00,0.9172,0.9183,0.9813,11.45
2026-02-08 19:00:00,2,48,44,2026-02-06,2026-02-06 23:00:00,0.9721,0.9738,0.9799,11.57
2026-02-08 20:00:00,2,24,21,2026-02-07,2026-02-07 23:00:00,0.912,0.913,0.9817,11.79
2026-02-08 20:00:00,2,48,45,2026-02-06,2026-02-06 23:00:00,0.9638,0.9655,0.9796,11.77
2026-02-08 21:00:00,2,24,22,2026-02-07,2026-02-07 23:00:00,0.9449,0.9603,0.9795,11.99
2026-02-08 21:00:00,2,48,46,2026-02-06,2026-02-06 23:00:00,0.9559,0.9582,0.9796,11.71
2026-02-08 22:00:00,2,24,23,2026-02-07,2026-02-07 23:00:00,0.9425,0.9572,0.9794,12.4
2026-02-08 22:00:00,2,48,47,2026-02-06,2026-02-06 23:00:00,0.9487,0.955,0.98,12.04
2026-02-08 23:00:00,2,24,24,2026-02-07,2026-02-07 23:00:00,0.9127,0.9592,0.9794,12.27
2026-02-08 23:00:00,2,48,48,2026-02-06,2026-02-06 23:00:00,0.9042,0.9546,0.9803,12.43
2026-02-09 00:00:00,2,24,1,2026-02-08,2026-02-08 23:00:00,0.9017,0.9633,0.9791,11.87
2026-02-09 00:00:00,2,48,25,2026-02-07,2026-02-07 23:00:00,0.8535,0.9417,0.9807,12.16
2026-02-09 01:00:00,2,24,2,2026-02-08,2026-02-08 23:00:00,0.8802,0.9623,0.9794,12.09
2026-02-09 01:00:00,2,48,26,2026-02-07,2026-02-07 23:00:00,0.8806,0.955,0.9803,12.07
2026-02-09 02:00:00,2,24,3,2026-02-08,2026-02-08 23:00:00,0.8202,0.9381,0.9804,11.92
2026-02-09 02:00:00,2,48,27,2026-02-07,2026-02-07 23:00:00,0.7753,0.9458,0.9811,12.1
2026-02-09 03:00:00,2,24,4,2026-02-08,2026-02-08 23:00:00,0.8233,0.9378,0.9807,12.22
2026-02-09 03:00:00,2,48,28,2026-02-07,2026-02-07 23:00:00,0.84,0.9281,0.9827,11.74
2026-02-09 04:00:00,2,24,5,2026-02-08,2026-02-08 23:00:00,0.8094,0.952,0.9795,11.63
2026-02-09 04:00:00,2,48,29,2026-02-07,2026-02-07 23:00:00,0.8174,0.9135,0.984,12.02
2026-02-09 05:00:00,2,24,6,2026-02-08,2026-02-08 23:00:00,0.8528,0.9064,0.9814,10.62
2026-02-09 05:00:00,2,48,30,2026-02-07,2026-02-07 23:00:00,0.8389,0.9173,0.9836,11.14
2026-02-09 06:00:00,2,24,7,2026-02-08,2026-02-08 23:00:00,0.8526,0.8537,0.9852,9.93
2026-02-09 06:00:00,2,48,31,2026-02-07,2026-02-07 23:00:00,0.8401,0.915,0.9836,10.78
2026-02-09 07:00:00,2,24,8,2026-02-08,2026-02-08 23:00:00,0.8517,0.8528,0.9839,9.86
2026-02-09 07:00:00,2,48,32,2026-02-07,2026-02-07 23:00:00,0.8453,0.8629,0.9881,10.32
2026-02-09 08:00:00,2,24,9,2026-02-08,2026-02-08 23:00:00,0.773,0.8727,0.9825,9.63
2026-02-09 08:00:00,2,48,33,2026-02-07,2026-02-07 23:00:00,0.838,0.8916,0.9854,10.01
2026-02-09 09:00:00,2,24,10,2026-02-08,2026-02-08 23:00:00,0.7197,0.8967,0.98,9.28
2026-02-09 09:00:00,2,48,34,2026-02-07,2026-02-07 23:00:00,0.8185,0.9214,0.9813,10.08
2026-02-09 10:00:00,2,24,11,2026-02-08,2026-02-08 23:00:00,0.7759,0.9279,0.9761,9.57
2026-02-09 10:00:00,2,48,35,2026-02-07,2026-02-07 23:00:00,0.706,0.9173,0.9784,9.1
2026-02-09 11:00:00,2,24,12,2026-02-08,2026-02-08 23:00:00,0.8674,0.9486,0.9768,9.91
2026-02-09 11:00:00,2,48,36,2026-02-07,2026-02-07 23:00:00,0.7701,0.939,0.9776,9.44
2026-02-09 12:00:00,2,24,13,2026-02-08,2026-02-08 23:00:00,0.8498,0.9809,0.982,10.11
2026-02-09 12:00:00,2,48,37,2026-02-07,2026-02-07 23:00:00,0.6891,0.962,0.9812,9.62
2026-02-09 13:00:00,2,24,14,2026-02-08,2026-02-08 23:00:00,0.7069,0.9817,0.9849,9.6
2026-02-09 13:00:00,2,48,38,2026-02-07,2026-02-07 23:00:00,0.5999,0.9886,0.9904,9.22
2026-02-09 14:00:00,2,24,15,2026-02-08,2026-02-08 23:00:00,0.6685,0.9742,0.9814,9.99
2026-02-09 14:00:00,2,48,39,2026-02-07,2026-02-07 23:00:00,0.6551,0.9539,0.9907,9.69
2026-02-09 15:00:00,2,24,16,2026-02-08,2026-02-08 23:00:00,0.5526,0.9743,0.9815,9.19
2026-02-09 15:00:00,2,48,40,2026-02-07,2026-02-07 23:00:00,0.753,0.9863,0.9881,9.98
2026-02-09 16:00:00,2,24,17,2026-02-08,2026-02-08 23:00:00,0.5607,0.9414,0.9827,9.33
2026-02-09 16:00:00,2,48,41,2026-02-07,2026-02-07 23:00:00,0.7284,0.957,0.987,9.74
2026-02-09 17:00:00,2,24,18,2026-02-08,2026-02-08 23:00:00,0.4103,0.8371,1.0,7.94
2026-02-09 17:00:00,2,48,42,2026-02-07,2026-02-07 23:00:00,0.679,0.9555,0.9888,9.99
2026-02-09 18:00:00,2,24,19,2026-02-08,2026-02-08 23:00:00,0.2048,0.8242,1.0,6.78
2026-02-09 18:00:00,2,48,43,2026-02-07,2026-02-07 23:00:00,0.2233,0.8193,1.0,9.0
2026-02-09 19:00:00,2,24,20,2026-02-08,2026-02-08 23:00:00,0.0537,0.7301,0.9662,5.37
2026-02-09 19:00:00,2,48,44,2026-02-07,2026-02-07 23:00:00,0.1784,0.7581,1.0,8.18
2026-02-09 20:00:00,2,24,21,2026-02-08,2026-02-08 23:00:00,0.0057,0.6271,0.8347,3.8
2026-02-09 20:00:00,2,48,45,2026-02-07,2026-02-07 23:00:00,0.0984,0.7154,1.0,6.5
2026-02-09 21:00:00,2,24,22,2026-02-08,2026-02-08 23:00:00,0.0,0.5897,0.7896,2.43
2026-02-09 21:00:00,2,48,46,2026-02-07,2026-02-07 23:00:00,0.0,0.5799,1.0,3.42
2026-02-09 22:00:00,2,24,23,2026-02-08,2026-02-08 23:00:00,0.0,0.3618,0.6707,1.85
2026-02-09 22:00:00,2,48,47,2026-02-07,2026-02-07 23:00:00,0.0,0.3639,0.7523,1.27
2026-02-09 23:00:00,2,24,24,2026-02-08,2026-02-08 23:00:00,0.0,0.3663,0.6009,2.19
2026-02-09 23:00:00,2,48,48,2026-02-07,2026-02-07 23:00:00,0.0,0.2722,0.4738,1.17
2026-02-10 00:00:00,2,24,1,2026-02-09,2026-02-09 23:00:00,0.0,0.2511,0.4583,3.07
2026-02-10 00:00:00,2,48,25,2026-02-08,2026-02-08 23:00:00,0.0,0.2919,0.5104,3.21
2026-02-10 01:00:00,2,24,2,2026-02-09,2026-02-09 23:00:00,0.0,0.2351,0.4271,2.41
2026-02-10 01:00:00,2,48,26,2026-02-08,2026-02-08 23:00:00,0.0,0.3515,0.5887,3.76
2026-02-10 02:00:00,2,24,3,2026-02-09,2026-02-09 23:00:00,0.0,0.1946,0.4267,2.2
2026-02-10 02:00:00,2,48,27,2026-02-08,2026-02-08 23:00:00,0.0,0.3536,0.7209,3.86
2026-02-10 03:00:00,2,24,4,2026-02-09,2026-02-09 23:00:00,0.0,0.1976,0.4738,2.17
2026-02-10 03:00:00,2,48,28,2026-02-08,2026-02-08 23:00:00,0.0,0.3615,0.754,4.22
2026-02-10 04:00:00,2,24,5,2026-02-09,2026-02-09 23:00:00,0.0011,0.172,0.5329,3.04
2026-02-10 04:00:00,2,48,29,2026-02-08,2026-02-08 23:00:00,0.0,0.306,0.7534,4.73
2026-02-10 05:00:00,2,24,6,2026-02-09,2026-02-09 23:00:00,0.0,0.2659,0.6553,1.28
2026-02-10 05:00:00,2,48,30,2026-02-08,2026-02-08 23:00:00,0.0,0.3675,0.6572,4.63
2026-02-10 06:00:00,2,24,7,2026-02-09,2026-02-09 23:00:00,0.0026,0.1244,0.4563,3.69
2026-02-10 06:00:00,2,48,31,2026-02-08,2026-02-08 23:00:00,0.0367,0.417,0.9795,5.8
2026-02-10 07:00:00,2,24,8,2026-02-09,2026-02-09 23:00:00,0.0537,0.5411,0.8802,4.52
2026-02-10 07:00:00,2,48,32,2026-02-08,2026-02-08 23:00:00,0.0,0.3774,0.812,3.41
2026-02-10 08:00:00,2,24,9,2026-02-09,2026-02-09 23:00:00,0.0351,0.3887,0.8371,5.61
2026-02-10 08:00:00,2,48,33,2026-02-08,2026-02-08 23:00:00,0.0,0.2356,0.7269,5.51
2026-02-10 09:00:00,2,24,10,2026-02-09,2026-02-09 23:00:00,0.0213,0.4167,0.9318,4.64
2026-02-10 09:00:00,2,48,34,2026-02-08,2026-02-08 23:00:00,0.0,0.2261,0.7582,3.15
2026-02-10 10:00:00,2,24,11,2026-02-09,2026-02-09 23:00:00,0.052,0.4931,0.8557,5.33
2026-02-10 10:00:00,2,48,35,2026-02-08,2026-02-08 23:00:00,0.0,0.2375,0.6519,5.06
2026-02-10 11:00:00,2,24,12,2026-02-09,2026-02-09 23:00:00,0.0051,0.2855,0.6992,3.28
2026-02-10 11:00:00,2,48,36,2026-02-08,2026-02-08 23:00:00,0.0,0.1822,0.5179,3.04
2026-02-10 12:00:00,2,24,13,2026-02-09,2026-02-09 23:00:00,0.0005,0.334,0.6723,3.37
2026-02-10 12:00:00,2,48,37,2026-02-08,2026-02-08 23:00:00,0.0,0.2937,0.6651,5.0
2026-02-10 13:00:00,2,24,14,2026-02-09,2026-02-09 23:00:00,0.0,0.288,0.5363,4.99
2026-02-10 13:00:00,2,48,38,2026-02-08,2026-02-08 23:00:00,0.0051,0.2937,0.7331,7.39
2026-02-10 14:00:00,2,24,15,2026-02-09,2026-02-09 23:00:00,0.0027,0.2529,0.4462,5.99
2026-02-10 14:00:00,2,48,39,2026-02-08,2026-02-08 23:00:00,0.0236,0.4347,0.871,4.92
2026-02-10 15:00:00,2,24,16,2026-02-09,2026-02-09 23:00:00,0.0009,0.2294,0.4742,5.83
2026-02-10 15:00:00,2,48,40,2026-02-08,2026-02-08 23:00:00,0.0075,0.3866,0.783,5.01
2026-02-10 16:00:00,2,24,17,2026-02-09,2026-02-09 23:00:00,0.0,0.2853,0.5185,5.91
2026-02-10 16:00:00,2,48,41,2026-02-08,2026-02-08 23:00:00,0.0043,0.3639,0.7848,5.67
2026-02-10 17:00:00,2,24,18,2026-02-09,2026-02-09 23:00:00,0.0,0.2311,0.4537,5.48
2026-02-10 17:00:00,2,48,42,2026-02-08,2026-02-08 23:00:00,0.0,0.2487,0.6461,4.0
2026-02-10 18:00:00,2,24,19,2026-02-09,2026-02-09 23:00:00,0.0017,0.162,0.401,3.93
2026-02-10 18:00:00,2,48,43,2026-02-08,2026-02-08 23:00:00,0.0,0.2199,0.5246,4.36
2026-02-10 19:00:00,2,24,20,2026-02-09,2026-02-09 23:00:00,0.0,0.3624,0.5375,4.08
2026-02-10 19:00:00,2,48,44,2026-02-08,2026-02-08 23:00:00,0.0,0.5189,0.6041,2.86
2026-02-10 20:00:00,2,24,21,2026-02-09,2026-02-09 23:00:00,0.0396,0.4247,0.8376,7.16
2026-02-10 20:00:00,2,48,45,2026-02-08,2026-02-08 23:00:00,0.0045,0.4187,0.9507,7.73
2026-02-10 21:00:00,2,24,22,2026-02-09,2026-02-09 23:00:00,0.2635,0.6242,0.997,9.0
2026-02-10 21:00:00,2,48,46,2026-02-08,2026-02-08 23:00:00,0.0326,0.5825,0.9992,7.9
2026-02-10 22:00:00,2,24,23,2026-02-09,2026-02-09 23:00:00,0.714,0.9504,0.9753,10.18
2026-02-10 22:00:00,2,48,47,2026-02-08,2026-02-08 23:00:00,0.1954,0.7132,0.9572,8.79
2026-02-10 23:00:00,2,24,24,2026-02-09,2026-02-09 23:00:00,0.7894,0.957,0.9765,11.34
2026-02-10 23:00:00,2,48,48,2026-02-08,2026-02-08 23:00:00,0.6985,0.9294,0.9782,12.19
2026-02-11 00:00:00,2,24,1,2026-02-10,2026-02-10 23:00:00,0.8343,0.9615,0.974,11.97
2026-02-11 00:00:00,2,48,25,2026-02-09,2026-02-09 23:00:00,0.7969,0.9321,0.9783,10.99
2026-02-11 01:00:00,2,24,2,2026-02-10,2026-02-10 23:00:00,0.6744,0.9242,0.9764,10.69
2026-02-11 01:00:00,2,48,26,2026-02-09,2026-02-09 23:00:00,0.5879,0.9431,0.9774,9.11
2026-02-11 02:00:00,2,24,3,2026-02-10,2026-02-10 23:00:00,0.4319,0.904,0.9758,8.57
2026-02-11 02:00:00,2,48,27,2026-02-09,2026-02-09 23:00:00,0.4069,0.8897,0.9802,8.08
2026-02-11 03:00:00,2,24,4,2026-02-10,2026-02-10 23:00:00,0.3205,0.8456,0.9805,7.12
2026-02-11 03:00:00,2,48,28,2026-02-09,2026-02-09 23:00:00,0.265,0.7799,0.9858,6.55
2026-02-11 04:00:00,2,24,5,2026-02-10,2026-02-10 23:00:00,0.1565,0.7569,0.9551,4.85
2026-02-11 04:00:00,2,48,29,2026-02-09,2026-02-09 23:00:00,0.0951,0.7799,0.9696,3.15
2026-02-11 05:00:00,2,24,6,2026-02-10,2026-02-10 23:00:00,0.0717,0.4836,0.83,4.09
2026-02-11 05:00:00,2,48,30,2026-02-09,2026-02-09 23:00:00,0.0295,0.3933,0.936,3.78
2026-02-11 06:00:00,2,24,7,2026-02-10,2026-02-10 23:00:00,0.0113,0.099,0.3679,2.27
2026-02-11 06:00:00,2,48,31,2026-02-09,2026-02-09 23:00:00,0.0,0.2031,0.4602,2.3
2026-02-11 07:00:00,2,24,8,2026-02-10,2026-02-10 23:00:00,0.0056,0.0839,0.2592,2.44
2026-02-11 07:00:00,2,48,32,2026-02-09,2026-02-09 23:00:00,0.0024,0.0853,0.21,2.11
2026-02-11 08:00:00,2,24,9,2026-02-10,2026-02-10 23:00:00,0.0035,0.1136,0.3876,4.85
2026-02-11 08:00:00,2,48,33,2026-02-09,2026-02-09 23:00:00,0.0018,0.0924,0.27,1.19
2026-02-11 09:00:00,2,24,10,2026-02-10,2026-02-10 23:00:00,0.0021,0.1426,0.4044,3.22
2026-02-11 09:00:00,2,48,34,2026-02-09,2026-02-09 23:00:00,0.002,0.0908,0.2682,4.12
2026-02-11 10:00:00,2,24,11,2026-02-10,2026-02-10 23:00:00,0.0028,0.1681,0.5668,1.97
2026-02-11 10:00:00,2,48,35,2026-02-09,2026-02-09 23:00:00,0.0,0.2172,0.4353,2.17
2026-02-11 11:00:00,2,24,12,2026-02-10,2026-02-10 23:00:00,0.0046,0.3952,0.8082,3.0
2026-02-11 11:00:00,2,48,36,2026-02-09,2026-02-09 23:00:00,0.0656,0.4949,0.8936,4.37
2026-02-11 12:00:00,2,24,13,2026-02-10,2026-02-10 23:00:00,0.0064,0.3368,0.8829,2.82
2026-02-11 12:00:00,2,48,37,2026-02-09,2026-02-09 23:00:00,0.0263,0.465,0.9425,4.13
2026-02-11 13:00:00,2,24,14,2026-02-10,2026-02-10 23:00:00,0.0,0.3361,0.7885,2.3
2026-02-11 13:00:00,2,48,38,2026-02-09,2026-02-09 23:00:00,0.0,0.4611,0.9565,1.2
2026-02-11 14:00:00,2,24,15,2026-02-10,2026-02-10 23:00:00,0.0,0.32,0.7918,6.87
2026-02-11 14:00:00,2,48,39,2026-02-09,2026-02-09 23:00:00,0.0,0.3515,0.9354,7.67
2026-02-11 15:00:00,2,24,16,2026-02-10,2026-02-10 23:00:00,0.0091,0.4757,0.8646,10.2
2026-02-11 15:00:00,2,48,40,2026-02-09,2026-02-09 23:00:00,0.1287,0.4925,0.9688,12.22
2026-02-11 16:00:00,2,24,17,2026-02-10,2026-02-10 23:00:00,0.1619,0.6314,1.0,12.33
2026-02-11 16:00:00,2,48,41,2026-02-09,2026-02-09 23:00:00,0.1617,0.8038,1.0,12.7
2026-02-11 17:00:00,2,24,18,2026-02-10,2026-02-10 23:00:00,0.2661,0.8657,0.9892,11.65
2026-02-11 17:00:00,2,48,42,2026-02-09,2026-02-09 23:00:00,0.7406,0.9479,0.9765,13.19
2026-02-11 18:00:00,2,24,19,2026-02-10,2026-02-10 23:00:00,0.6929,0.9285,0.9792,10.87
2026-02-11 18:00:00,2,48,43,2026-02-09,2026-02-09 23:00:00,0.636,0.8921,0.983,11.94
2026-02-11 19:00:00,2,24,20,2026-02-10,2026-02-10 23:00:00,0.5764,0.9344,0.9777,10.26
2026-02-11 19:00:00,2,48,44,2026-02-09,2026-02-09 23:00:00,0.8644,0.9563,0.9793,12.01
2026-02-11 20:00:00,2,24,21,2026-02-10,2026-02-10 23:00:00,0.5018,0.9438,0.9783,9.28
2026-02-11 20:00:00,2,48,45,2026-02-09,2026-02-09 23:00:00,0.8633,0.9362,0.9825,10.9
2026-02-11 21:00:00,2,24,22,2026-02-10,2026-02-10 23:00:00,0.511,0.909,0.9834,9.02
2026-02-11 21:00:00,2,48,46,2026-02-09,2026-02-09 23:00:00,0.6208,0.9302,0.9827,9.68
2026-02-11 22:00:00,2,24,23,2026-02-10,2026-02-10 23:00:00,0.4729,0.8659,0.9831,9.42
2026-02-11 22:00:00,2,48,47,2026-02-09,2026-02-09 23:00:00,0.5022,0.8881,0.9883,8.57
2026-02-11 23:00:00,2,24,24,2026-02-10,2026-02-10 23:00:00,0.1437,0.7015,0.9749,7.11
2026-02-11 23:00:00,2,48,48,2026-02-09,2026-02-09 23:00:00,0.4046,0.8135,0.9973,9.36
2026-02-12 00:00:00,2,24,1,2026-02-11,2026-02-11 23:00:00,0.1002,0.6172,0.9723,6.78
2026-02-12 00:00:00,2,48,25,2026-02-10,2026-02-10 23:00:00,0.3383,0.783,1.0,8.13
2026-02-12 01:00:00,2,24,2,2026-02-11,2026-02-11 23:00:00,0.1115,0.6679,1.0,7.0
2026-02-12 01:00:00,2,48,26,2026-02-10,2026-02-10 23:00:00,0.2618,0.7309,1.0,7.36
2026-02-12 02:00:00,2,24,3,2026-02-11,2026-02-11 23:00:00,0.1017,0.6838,1.0,7.2
2026-02-12 02:00:00,2,48,27,2026-02-10,2026-02-10 23:00:00,0.2194,0.6914,1.0,7.56
2026-02-12 03:00:00,2,24,4,2026-02-11,2026-02-11 23:00:00,0.0832,0.6279,0.969,6.49
2026-02-12 03:00:00,2,48,28,2026-02-10,2026-02-10 23:00:00,0.0789,0.6074,1.0,6.31
2026-02-12 04:00:00,2,24,5,2026-02-11,2026-02-11 23:00:00,0.0258,0.3917,0.7947,6.15
2026-02-12 04:00:00,2,48,29,2026-02-10,2026-02-10 23:00:00,0.0587,0.5781,0.9723,6.54
2026-02-12 05:00:00,2,24,6,2026-02-11,2026-02-11 23:00:00,0.0,0.21,0.472,4.84
2026-02-12 05:00:00,2,48,30,2026-02-10,2026-02-10 23:00:00,0.0588,0.4638,0.9294,6.71
2026-02-12 06:00:00,2,24,7,2026-02-11,2026-02-11 23:00:00,0.0056,0.1551,0.3246,2.82
2026-02-12 06:00:00,2,48,31,2026-02-10,2026-02-10 23:00:00,0.0023,0.3144,0.7816,5.46
2026-02-12 07:00:00,2,24,8,2026-02-11,2026-02-11 23:00:00,0.0062,0.0591,0.1272,2.37
2026-02-12 07:00:00,2,48,32,2026-02-10,2026-02-10 23:00:00,0.0,0.213,0.67,3.61
2026-02-12 08:00:00,2,24,9,2026-02-11,2026-02-11 23:00:00,0.0072,0.0375,0.085,2.1
2026-02-12 08:00:00,2,48,33,2026-02-10,2026-02-10 23:00:00,0.0,0.1146,0.37,1.96
2026-02-12 09:00:00,2,24,10,2026-02-11,2026-02-11 23:00:00,0.007,0.0347,0.0608,1.99
2026-02-12 09:00:00,2,48,34,2026-02-10,2026-02-10 23:00:00,0.0038,0.0587,0.2455,1.9
2026-02-12 10:00:00,2,24,11,2026-02-11,2026-02-11 23:00:00,0.0074,0.0248,0.0272,2.8
2026-02-12 10:00:00,2,48,35,2026-02-10,2026-02-10 23:00:00,0.0043,0.051,0.227,1.5
2026-02-12 11:00:00,2,24,12,2026-02-11,2026-02-11 23:00:00,0.0063,0.0535,0.2108,1.87
2026-02-12 11:00:00,2,48,36,2026-02-10,2026-02-10 23:00:00,0.0049,0.0416,0.1083,2.62
2026-02-12 12:00:00,2,24,13,2026-02-11,2026-02-11 23:00:00,0.0029,0.0947,0.3289,2.76
2026-02-12 12:00:00,2,48,37,2026-02-10,2026-02-10 23:00:00,0.0052,0.0469,0.1022,1.53
2026-02-12 13:00:00,2,24,14,2026-02-11,2026-02-11 23:00:00,0.0012,0.1264,0.3506,2.79
2026-02-12 13:00:00,2,48,38,2026-02-10,2026-02-10 23:00:00,0.0036,0.0663,0.0928,1.22
2026-02-12 14:00:00,2,24,15,2026-02-11,2026-02-11 23:00:00,0.003,0.1395,0.3486,2.07
2026-02-12 14:00:00,2,48,39,2026-02-10,2026-02-10 23:00:00,0.0048,0.0592,0.1095,1.7
2026-02-12 15:00:00,2,24,16,2026-02-11,2026-02-11 23:00:00,0.0059,0.0956,0.3042,1.35
2026-02-12 15:00:00,2,48,40,2026-02-10,2026-02-10 23:00:00,0.0037,0.0777,0.1315,2.4
2026-02-12 16:00:00,2,24,17,2026-02-11,2026-02-11 23:00:00,0.0046,0.1359,0.3357,1.79
2026-02-12 16:00:00,2,48,41,2026-02-10,2026-02-10 23:00:00,0.0,0.1286,0.2656,3.0
2026-02-12 17:00:00,2,24,18,2026-02-11,2026-02-11 23:00:00,0.004,0.1414,0.2496,4.36
2026-02-12 17:00:00,2,48,42,2026-02-10,2026-02-10 23:00:00,0.0,0.1589,0.3965,5.38
2026-02-12 18:00:00,2,24,19,2026-02-11,2026-02-11 23:00:00,0.0035,0.1803,0.3491,3.65
2026-02-12 18:00:00,2,48,43,2026-02-10,2026-02-10 23:00:00,0.0,0.1843,0.512,5.35
2026-02-12 19:00:00,2,24,20,2026-02-11,2026-02-11 23:00:00,0.0071,0.2062,0.5847,4.0
2026-02-12 19:00:00,2,48,44,2026-02-10,2026-02-10 23:00:00,0.0,0.23,0.5757,4.95
2026-02-12 20:00:00,2,24,21,2026-02-11,2026-02-11 23:00:00,0.0046,0.1423,0.3579,3.3
2026-02-12 20:00:00,2,48,45,2026-02-10,2026-02-10 23:00:00,0.0,0.2901,0.601,3.56
2026-02-12 21:00:00,2,24,22,2026-02-11,2026-02-11 23:00:00,0.0045,0.1218,0.3245,4.0
2026-02-12 21:00:00,2,48,46,2026-02-10,2026-02-10 23:00:00,0.0,0.2755,0.639,3.36
2026-02-12 22:00:00,2,24,23,2026-02-11,2026-02-11 23:00:00,0.0051,0.0932,0.2346,1.96
2026-02-12 22:00:00,2,48,47,2026-02-10,2026-02-10 23:00:00,0.0,0.2359,0.5385,1.92
2026-02-12 23:00:00,2,24,24,2026-02-11,2026-02-11 23:00:00,0.0069,0.0469,0.1118,1.87
2026-02-12 23:00:00,2,48,48,2026-02-10,2026-02-10 23:00:00,0.003,0.1278,0.3593,1.92
2026-02-13 00:00:00,2,24,1,2026-02-12,2026-02-12 23:00:00,0.007,0.0379,0.0661,2.17
2026-02-13 00:00:00,2,48,25,2026-02-11,2026-02-11 23:00:00,0.0012,0.0976,0.3114,2.44
2026-02-13 01:00:00,2,24,2,2026-02-12,2026-02-12 23:00:00,0.007,0.034,0.0404,2.5
2026-02-13 01:00:00,2,48,26,2026-02-11,2026-02-11 23:00:00,0.004,0.0637,0.2596,2.78
2026-02-13 02:00:00,2,24,3,2026-02-12,2026-02-12 23:00:00,0.0072,0.0321,0.04,0.72
2026-02-13 02:00:00,2,48,27,2026-02-11,2026-02-11 23:00:00,0.0062,0.0368,0.1991,2.3
2026-02-13 03:00:00,2,24,4,2026-02-12,2026-02-12 23:00:00,0.007,0.0353,0.0485,1.09
2026-02-13 03:00:00,2,48,28,2026-02-11,2026-02-11 23:00:00,0.0048,0.0484,0.152,1.59
2026-02-13 04:00:00,2,24,5,2026-02-12,2026-02-12 23:00:00,0.0069,0.0337,0.0522,1.31
2026-02-13 04:00:00,2,48,29,2026-02-11,2026-02-11 23:00:00,0.0064,0.0306,0.1383,0.87
2026-02-13 05:00:00,2,24,6,2026-02-12,2026-02-12 23:00:00,0.0069,0.0402,0.1114,1.46
2026-02-13 05:00:00,2,48,30,2026-02-11,2026-02-11 23:00:00,0.0067,0.0313,0.1449,2.55
2026-02-13 06:00:00,2,24,7,2026-02-12,2026-02-12 23:00:00,0.0069,0.0406,0.0601,2.52
2026-02-13 06:00:00,2,48,31,2026-02-11,2026-02-11 23:00:00,0.0062,0.0361,0.1248,2.47
2026-02-13 07:00:00,2,24,8,2026-02-12,2026-02-12 23:00:00,0.0074,0.0304,0.0834,1.28
2026-02-13 07:00:00,2,48,32,2026-02-11,2026-02-11 23:00:00,0.0067,0.0294,0.111,1.83
2026-02-13 08:00:00,2,24,9,2026-02-12,2026-02-12 23:00:00,0.0073,0.0275,0.0554,0.83
2026-02-13 08:00:00,2,48,33,2026-02-11,2026-02-11 23:00:00,0.0047,0.0542,0.0821,2.19
2026-02-13 09:00:00,2,24,10,2026-02-12,2026-02-12 23:00:00,0.0072,0.0292,0.0627,1.2
2026-02-13 09:00:00,2,48,34,2026-02-11,2026-02-11 23:00:00,0.006,0.0404,0.121,2.89
2026-02-13 10:00:00,2,24,11,2026-02-12,2026-02-12 23:00:00,0.0065,0.0216,0.0743,1.75
2026-02-13 10:00:00,2,48,35,2026-02-11,2026-02-11 23:00:00,0.006,0.0402,0.115,2.02
2026-02-13 11:00:00,2,24,12,2026-02-12,2026-02-12 23:00:00,0.0072,0.0282,0.1059,1.5
2026-02-13 11:00:00,2,48,36,2026-02-11,2026-02-11 23:00:00,0.0057,0.0398,0.078,2.48
2026-02-13 12:00:00,2,24,13,2026-02-12,2026-02-12 23:00:00,0.0067,0.0357,0.0924,1.9
2026-02-13 12:00:00,2,48,37,2026-02-11,2026-02-11 23:00:00,0.0055,0.041,0.097,1.1
2026-02-13 13:00:00,2,24,14,2026-02-12,2026-02-12 23:00:00,0.0063,0.0502,0.1109,3.41
2026-02-13 13:00:00,2,48,38,2026-02-11,2026-02-11 23:00:00,0.0056,0.0413,0.0923,1.95
2026-02-13 14:00:00,2,24,15,2026-02-12,2026-02-12 23:00:00,0.0059,0.065,0.12,3.22
2026-02-13 14:00:00,2,48,39,2026-02-11,2026-02-11 23:00:00,0.0062,0.0408,0.059,1.95
2026-02-13 15:00:00,2,24,16,2026-02-12,2026-02-12 23:00:00,0.0057,0.0631,0.0757,2.92
2026-02-13 15:00:00,2,48,40,2026-02-11,2026-02-11 23:00:00,0.0054,0.045,0.0795,1.24
2026-02-13 16:00:00,2,24,17,2026-02-12,2026-02-12 23:00:00,0.0061,0.0559,0.1547,2.98
2026-02-13 16:00:00,2,48,41,2026-02-11,2026-02-11 23:00:00,0.0042,0.058,0.124,2.28
2026-02-13 17:00:00,2,24,18,2026-02-12,2026-02-12 23:00:00,0.0049,0.0898,0.1311,2.12
2026-02-13 17:00:00,2,48,42,2026-02-11,2026-02-11 23:00:00,0.0026,0.0782,0.2053,4.15
2026-02-13 18:00:00,2,24,19,2026-02-12,2026-02-12 23:00:00,0.0048,0.0992,0.1827,2.84
2026-02-13 18:00:00,2,48,43,2026-02-11,2026-02-11 23:00:00,0.0015,0.101,0.2545,5.03
2026-02-13 19:00:00,2,24,20,2026-02-12,2026-02-12 23:00:00,0.0002,0.2041,0.3395,4.44
2026-02-13 19:00:00,2,48,44,2026-02-11,2026-02-11 23:00:00,0.0,0.1283,0.2598,5.15
2026-02-13 20:00:00,2,24,21,2026-02-12,2026-02-12 23:00:00,0.0081,0.2951,0.6267,5.98
2026-02-13 20:00:00,2,48,45,2026-02-11,2026-02-11 23:00:00,0.0,0.143,0.3598,5.87
2026-02-13 21:00:00,2,24,22,2026-02-12,2026-02-12 23:00:00,0.0523,0.4083,0.842,7.61
2026-02-13 21:00:00,2,48,46,2026-02-11,2026-02-11 23:00:00,0.0,0.2534,0.5012,6.04
2026-02-13 22:00:00,2,24,23,2026-02-12,2026-02-12 23:00:00,0.2144,0.6052,0.9581,8.02
2026-02-13 22:00:00,2,48,47,2026-02-11,2026-02-11 23:00:00,0.0009,0.2953,0.7599,6.54
2026-02-13 23:00:00,2,24,24,2026-02-12,2026-02-12 23:00:00,0.2628,0.615,0.9789,7.38
2026-02-13 23:00:00,2,48,48,2026-02-11,2026-02-11 23:00:00,0.129,0.5204,0.9771,6.64
2026-02-14 00:00:00,2,24,1,2026-02-13,2026-02-13 23:00:00,0.2724,0.6565,0.9741,7.34
2026-02-14 00:00:00,2,48,25,2026-02-12,2026-02-12 23:00:00,0.2907,0.6616,1.0,7.22
2026-02-14 01:00:00,2,24,2,2026-02-13,2026-02-13 23:00:00,0.354,0.6958,0.9747,7.54
2026-02-14 01:00:00,2,48,26,2026-02-12,2026-02-12 23:00:00,0.2907,0.6324,0.9978,6.99
2026-02-14 02:00:00,2,24,3,2026-02-13,2026-02-13 23:00:00,0.3347,0.6533,0.9885,7.39
2026-02-14 02:00:00,2,48,27,2026-02-12,2026-02-12 23:00:00,0.2414,0.6281,0.9793,6.75
2026-02-14 03:00:00,2,24,4,2026-02-13,2026-02-13 23:00:00,0.36,0.6688,0.9911,7.48
2026-02-14 03:00:00,2,48,28,2026-02-12,2026-02-12 23:00:00,0.2114,0.5953,0.9858,6.29
2026-02-14 04:00:00,2,24,5,2026-02-13,2026-02-13 23:00:00,0.3137,0.6064,0.9868,7.15
2026-02-14 04:00:00,2,48,29,2026-02-12,2026-02-12 23:00:00,0.1219,0.6472,0.9652,4.96
2026-02-14 05:00:00,2,24,6,2026-02-13,2026-02-13 23:00:00,0.0368,0.3514,0.7919,6.74
2026-02-14 05:00:00,2,48,30,2026-02-12,2026-02-12 23:00:00,0.0717,0.5375,0.9102,3.96
2026-02-14 06:00:00,2,24,7,2026-02-13,2026-02-13 23:00:00,0.0124,0.2,0.6988,5.8
2026-02-14 06:00:00,2,48,31,2026-02-12,2026-02-12 23:00:00,0.0099,0.3731,0.8363,1.86
2026-02-14 07:00:00,2,24,8,2026-02-13,2026-02-13 23:00:00,0.0039,0.2166,0.6159,3.75
2026-02-14 07:00:00,2,48,32,2026-02-12,2026-02-12 23:00:00,0.0,0.2448,0.6661,1.71
2026-02-14 08:00:00,2,24,9,2026-02-13,2026-02-13 23:00:00,0.0036,0.0981,0.5321,3.78
2026-02-14 08:00:00,2,48,33,2026-02-12,2026-02-12 23:00:00,0.0,0.2153,0.559,2.27
2026-02-14 09:00:00,2,24,10,2026-02-13,2026-02-13 23:00:00,0.0072,0.0644,0.3253,2.82
2026-02-14 09:00:00,2,48,34,2026-02-12,2026-02-12 23:00:00,0.0,0.2907,0.6669,1.25
2026-02-14 10:00:00,2,24,11,2026-02-13,2026-02-13 23:00:00,0.0033,0.0242,0.3086,1.63
2026-02-14 10:00:00,2,48,35,2026-02-12,2026-02-12 23:00:00,0.0,0.2098,0.6344,0.67
2026-02-14 11:00:00,2,24,12,2026-02-13,2026-02-13 23:00:00,0.001,0.0808,0.3684,1.98
2026-02-14 11:00:00,2,48,36,2026-02-12,2026-02-12 23:00:00,0.0,0.1642,0.6305,1.18
2026-02-14 12:00:00,2,24,13,2026-02-13,2026-02-13 23:00:00,0.0042,0.0449,0.2615,1.46
2026-02-14 12:00:00,2,48,37,2026-02-12,2026-02-12 23:00:00,0.0,0.1819,0.4865,1.56
2026-02-14 13:00:00,2,24,14,2026-02-13,2026-02-13 23:00:00,0.0033,0.0687,0.1761,1.38
2026-02-14 13:00:00,2,48,38,2026-02-12,2026-02-12 23:00:00,0.0,0.2053,0.6162,3.1
2026-02-14 14:00:00,2,24,15,2026-02-13,2026-02-13 23:00:00,0.0052,0.0896,0.1226,3.15
2026-02-14 14:00:00,2,48,39,2026-02-12,2026-02-12 23:00:00,0.0,0.2039,0.5575,3.77
2026-02-14 15:00:00,2,24,16,2026-02-13,2026-02-13 23:00:00,0.0042,0.1184,0.1955,0.89
2026-02-14 15:00:00,2,48,40,2026-02-12,2026-02-12 23:00:00,0.0,0.1963,0.4972,3.28
2026-02-14 16:00:00,2,24,17,2026-02-13,2026-02-13 23:00:00,0.0068,0.0506,0.1062,0.97
2026-02-14 16:00:00,2,48,41,2026-02-12,2026-02-12 23:00:00,0.0,0.28,0.6211,3.55
2026-02-14 17:00:00,2,24,18,2026-02-13,2026-02-13 23:00:00,0.007,0.0482,0.1222,0.57
2026-02-14 17:00:00,2,48,42,2026-02-12,2026-02-12 23:00:00,0.0163,0.2854,0.6667,5.27
2026-02-14 18:00:00,2,24,19,2026-02-13,2026-02-13 23:00:00,0.0061,0.0529,0.0862,0.38
2026-02-14 18:00:00,2,48,43,2026-02-12,2026-02-12 23:00:00,0.0069,0.2991,0.7162,5.19
2026-02-14 19:00:00,2,24,20,2026-02-13,2026-02-13 23:00:00,0.007,0.0489,0.0941,1.64
2026-02-14 19:00:00,2,48,44,2026-02-12,2026-02-12 23:00:00,0.0,0.2221,0.5608,5.59
2026-02-14 20:00:00,2,24,21,2026-02-13,2026-02-13 23:00:00,0.006,0.0768,0.1404,2.49
2026-02-14 20:00:00,2,48,45,2026-02-12,2026-02-12 23:00:00,0.0,0.2237,0.5102,5.17
2026-02-14 21:00:00,2,24,22,2026-02-13,2026-02-13 23:00:00,0.0062,0.0716,0.1424,2.85
2026-02-14 21:00:00,2,48,46,2026-02-12,2026-02-12 23:00:00,0.0,0.2683,0.5236,4.35
2026-02-14 22:00:00,2,24,23,2026-02-13,2026-02-13 23:00:00,0.0064,0.0521,0.1438,2.93
2026-02-14 22:00:00,2,48,47,2026-02-12,2026-02-12 23:00:00,0.0001,0.1257,0.3476,3.91
2026-02-14 23:00:00,2,24,24,2026-02-13,2026-02-13 23:00:00,0.0073,0.0395,0.1437,0.43
2026-02-14 23:00:00,2,48,48,2026-02-12,2026-02-12 23:00:00,0.0009,0.1091,0.288,2.27
2026-02-15 00:00:00,2,24,1,2026-02-14,2026-02-14 23:00:00,0.0069,0.0343,0.0742,0.6
2026-02-15 00:00:00,2,48,25,2026-02-13,2026-02-13 23:00:00,0.0036,0.0681,0.1646,1.96
2026-02-15 01:00:00,2,24,2,2026-02-14,2026-02-14 23:00:00,0.0064,0.0455,0.0747,1.16
2026-02-15 01:00:00,2,48,26,2026-02-13,2026-02-13 23:00:00,0.0059,0.0345,0.0363,0.67
2026-02-15 02:00:00,2,24,3,2026-02-14,2026-02-14 23:00:00,0.0066,0.041,0.0687,1.32
2026-02-15 02:00:00,2,48,27,2026-02-13,2026-02-13 23:00:00,0.0056,0.0394,0.075,1.89
2026-02-15 03:00:00,2,24,4,2026-02-14,2026-02-14 23:00:00,0.0062,0.0485,0.1217,2.22
2026-02-15 03:00:00,2,48,28,2026-02-13,2026-02-13 23:00:00,0.0048,0.0497,0.105,1.17
2026-02-15 04:00:00,2,24,5,2026-02-14,2026-02-14 23:00:00,0.0061,0.0297,0.0993,3.65
2026-02-15 04:00:00,2,48,29,2026-02-13,2026-02-13 23:00:00,0.003,0.0755,0.1685,2.97
2026-02-15 05:00:00,2,24,6,2026-02-14,2026-02-14 23:00:00,0.0055,0.0555,0.2087,3.27
2026-02-15 05:00:00,2,48,30,2026-02-13,2026-02-13 23:00:00,0.0025,0.0727,0.1718,3.83
2026-02-15 06:00:00,2,24,7,2026-02-14,2026-02-14 23:00:00,0.0061,0.0762,0.4157,5.31
2026-02-15 06:00:00,2,48,31,2026-02-13,2026-02-13 23:00:00,0.0027,0.0945,0.3161,5.0
2026-02-15 07:00:00,2,24,8,2026-02-14,2026-02-14 23:00:00,0.03,0.1822,0.6481,5.46
2026-02-15 07:00:00,2,48,32,2026-02-13,2026-02-13 23:00:00,0.0,0.1612,0.5126,5.89
2026-02-15 08:00:00,2,24,9,2026-02-14,2026-02-14 23:00:00,0.0814,0.3245,0.8839,6.69
2026-02-15 08:00:00,2,48,33,2026-02-13,2026-02-13 23:00:00,0.0309,0.2461,0.8421,6.58
2026-02-15 09:00:00,2,24,10,2026-02-14,2026-02-14 23:00:00,0.1573,0.5028,0.9729,7.54
2026-02-15 09:00:00,2,48,34,2026-02-13,2026-02-13 23:00:00,0.0836,0.4204,0.9896,6.9
2026-02-15 10:00:00,2,24,11,2026-02-14,2026-02-14 23:00:00,0.3707,0.6731,0.9852,7.75
2026-02-15 10:00:00,2,48,35,2026-02-13,2026-02-13 23:00:00,0.3414,0.6435,0.9905,7.73
2026-02-15 11:00:00,2,24,12,2026-02-14,2026-02-14 23:00:00,0.5762,0.7681,0.9777,8.63
2026-02-15 11:00:00,2,48,36,2026-02-13,2026-02-13 23:00:00,0.4213,0.7408,0.9908,8.77
2026-02-15 12:00:00,2,24,13,2026-02-14,2026-02-14 23:00:00,0.6531,0.9121,0.9728,9.76
2026-02-15 12:00:00,2,48,37,2026-02-13,2026-02-13 23:00:00,0.5425,0.8835,0.9751,9.61
2026-02-15 13:00:00,2,24,14,2026-02-14,2026-02-14 23:00:00,0.6516,0.9269,0.9708,9.68
2026-02-15 13:00:00,2,48,38,2026-02-13,2026-02-13 23:00:00,0.6702,0.9256,0.9745,9.85
2026-02-15 14:00:00,2,24,15,2026-02-14,2026-02-14 23:00:00,0.5898,0.877,0.9741,8.91
2026-02-15 14:00:00,2,48,39,2026-02-13,2026-02-13 23:00:00,0.6376,0.9118,0.9742,9.58
2026-02-15 15:00:00,2,24,16,2026-02-14,2026-02-14 23:00:00,0.5137,0.9128,0.9752,8.29
2026-02-15 15:00:00,2,48,40,2026-02-13,2026-02-13 23:00:00,0.5822,0.9137,0.9793,8.73
2026-02-15 16:00:00,2,24,17,2026-02-14,2026-02-14 23:00:00,0.4492,0.914,0.9818,8.17
2026-02-15 16:00:00,2,48,41,2026-02-13,2026-02-13 23:00:00,0.4452,0.926,0.9817,8.08
2026-02-15 17:00:00,2,24,18,2026-02-14,2026-02-14 23:00:00,0.4658,0.9628,0.9837,8.14
2026-02-15 17:00:00,2,48,42,2026-02-13,2026-02-13 23:00:00,0.4603,0.941,0.9906,8.37
2026-02-15 18:00:00,2,24,19,2026-02-14,2026-02-14 23:00:00,0.446,0.9511,0.9931,7.74
2026-02-15 18:00:00,2,48,43,2026-02-13,2026-02-13 23:00:00,0.4437,0.9279,0.9844,8.23
2026-02-15 19:00:00,2,24,20,2026-02-14,2026-02-14 23:00:00,0.4371,0.9629,0.9892,7.8
2026-02-15 19:00:00,2,48,44,2026-02-13,2026-02-13 23:00:00,0.4476,0.951,0.9821,8.39
2026-02-15 20:00:00,2,24,21,2026-02-14,2026-02-14 23:00:00,0.4314,0.9165,0.9905,8.06
2026-02-15 20:00:00,2,48,45,2026-02-13,2026-02-13 23:00:00,0.4192,0.9004,0.9863,8.22
2026-02-15 21:00:00,2,24,22,2026-02-14,2026-02-14 23:00:00,0.443,0.9057,0.9888,7.42
2026-02-15 21:00:00,2,48,46,2026-02-13,2026-02-13 23:00:00,0.4008,0.9057,0.9839,8.12
2026-02-15 22:00:00,2,24,23,2026-02-14,2026-02-14 23:00:00,0.3401,0.8569,0.9727,6.21
2026-02-15 22:00:00,2,48,47,2026-02-13,2026-02-13 23:00:00,0.4055,0.8488,0.9938,7.64
2026-02-15 23:00:00,2,24,24,2026-02-14,2026-02-14 23:00:00,0.1421,0.5885,0.9324,5.67
2026-02-15 23:00:00,2,48,48,2026-02-13,2026-02-13 23:00:00,0.2828,0.7391,0.9853,6.72
2026-02-16 00:00:00,2,24,1,2026-02-15,2026-02-15 23:00:00,0.1293,0.5368,0.9237,5.26
2026-02-16 00:00:00,2,48,25,2026-02-14,2026-02-14 23:00:00,0.2429,0.6462,0.9857,6.68
2026-02-16 01:00:00,2,24,2,2026-02-15,2026-02-15 23:00:00,0.1441,0.4599,0.9095,5.96
2026-02-16 01:00:00,2,48,26,2026-02-14,2026-02-14 23:00:00,0.2089,0.612,0.9868,6.77
2026-02-16 02:00:00,2,24,3,2026-02-15,2026-02-15 23:00:00,0.1683,0.5367,0.9506,6.18
2026-02-16 02:00:00,2,48,27,2026-02-14,2026-02-14 23:00:00,0.1982,0.6105,0.9786,6.61
2026-02-16 03:00:00,2,24,4,2026-02-15,2026-02-15 23:00:00,0.1434,0.4816,0.9509,6.43
2026-02-16 03:00:00,2,48,28,2026-02-14,2026-02-14 23:00:00,0.1784,0.5563,0.983,6.22
2026-02-16 04:00:00,2,24,5,2026-02-15,2026-02-15 23:00:00,0.1552,0.4923,0.9531,6.61
2026-02-16 04:00:00,2,48,29,2026-02-14,2026-02-14 23:00:00,0.0925,0.5273,0.9608,5.95
2026-02-16 05:00:00,2,24,6,2026-02-15,2026-02-15 23:00:00,0.1864,0.4898,0.9714,6.69
2026-02-16 05:00:00,2,48,30,2026-02-14,2026-02-14 23:00:00,0.1509,0.467,0.9698,5.81
2026-02-16 06:00:00,2,24,7,2026-02-15,2026-02-15 23:00:00,0.1788,0.5375,0.9597,6.81
2026-02-16 06:00:00,2,48,31,2026-02-14,2026-02-14 23:00:00,0.0772,0.4104,0.9493,5.65
2026-02-16 07:00:00,2,24,8,2026-02-15,2026-02-15 23:00:00,0.1688,0.4406,0.9661,6.88
2026-02-16 07:00:00,2,48,32,2026-02-14,2026-02-14 23:00:00,0.1088,0.3063,0.9632,6.26
2026-02-16 08:00:00,2,24,9,2026-02-15,2026-02-15 23:00:00,0.1353,0.4579,0.9489,6.51
2026-02-16 08:00:00,2,48,33,2026-02-14,2026-02-14 23:00:00,0.0814,0.3223,0.9485,6.77
2026-02-16 09:00:00,2,24,10,2026-02-15,2026-02-15 23:00:00,0.1621,0.3897,0.9553,7.08
2026-02-16 09:00:00,2,48,34,2026-02-14,2026-02-14 23:00:00,0.1954,0.4344,0.9946,7.1
2026-02-16 10:00:00,2,24,11,2026-02-15,2026-02-15 23:00:00,0.1711,0.6165,0.9582,5.84
2026-02-16 10:00:00,2,48,35,2026-02-14,2026-02-14 23:00:00,0.1033,0.4173,0.9827,5.76
2026-02-16 11:00:00,2,24,12,2026-02-15,2026-02-15 23:00:00,0.3508,0.7032,0.9647,7.07
2026-02-16 11:00:00,2,48,36,2026-02-14,2026-02-14 23:00:00,0.1566,0.4592,0.9551,6.16
2026-02-16 12:00:00,2,24,13,2026-02-15,2026-02-15 23:00:00,0.465,0.8012,0.9858,7.59
2026-02-16 12:00:00,2,48,37,2026-02-14,2026-02-14 23:00:00,0.1295,0.4774,0.924,5.64
2026-02-16 13:00:00,2,24,14,2026-02-15,2026-02-15 23:00:00,0.4016,0.8048,0.9856,7.22
2026-02-16 13:00:00,2,48,38,2026-02-14,2026-02-14 23:00:00,0.0508,0.5509,0.8989,4.68
2026-02-16 14:00:00,2,24,15,2026-02-15,2026-02-15 23:00:00,0.3096,0.7918,0.979,6.64
2026-02-16 14:00:00,2,48,39,2026-02-14,2026-02-14 23:00:00,0.0808,0.552,0.9357,5.36
2026-02-16 15:00:00,2,24,16,2026-02-15,2026-02-15 23:00:00,0.1767,0.7584,0.9668,5.52
2026-02-16 15:00:00,2,48,40,2026-02-14,2026-02-14 23:00:00,0.1533,0.6624,0.971,5.27
2026-02-16 16:00:00,2,24,17,2026-02-15,2026-02-15 23:00:00,0.1393,0.6984,0.9457,5.26
2026-02-16 16:00:00,2,48,41,2026-02-14,2026-02-14 23:00:00,0.2401,0.7488,0.974,6.14
2026-02-16 17:00:00,2,24,18,2026-02-15,2026-02-15 23:00:00,0.1124,0.5564,0.8733,5.11
2026-02-16 17:00:00,2,48,42,2026-02-14,2026-02-14 23:00:00,0.2487,0.7375,0.9894,6.87
2026-02-16 18:00:00,2,24,19,2026-02-15,2026-02-15 23:00:00,0.1171,0.573,0.9127,5.88
2026-02-16 18:00:00,2,48,43,2026-02-14,2026-02-14 23:00:00,0.1844,0.774,0.9759,5.61
2026-02-16 19:00:00,2,24,20,2026-02-15,2026-02-15 23:00:00,0.1221,0.6704,0.9289,5.59
2026-02-16 19:00:00,2,48,44,2026-02-14,2026-02-14 23:00:00,0.1856,0.8249,0.9457,6.33
2026-02-16 20:00:00,2,24,21,2026-02-15,2026-02-15 23:00:00,0.1217,0.704,0.9233,5.56
2026-02-16 20:00:00,2,48,45,2026-02-14,2026-02-14 23:00:00,0.1865,0.7754,0.9752,6.93
2026-02-16 21:00:00,2,24,22,2026-02-15,2026-02-15 23:00:00,0.1152,0.62,0.9131,5.73
2026-02-16 21:00:00,2,48,46,2026-02-14,2026-02-14 23:00:00,0.2268,0.7422,0.9894,7.33
2026-02-16 22:00:00,2,24,23,2026-02-15,2026-02-15 23:00:00,0.0604,0.6357,0.9086,5.37
2026-02-16 22:00:00,2,48,47,2026-02-14,2026-02-14 23:00:00,0.207,0.7486,0.9747,6.95
2026-02-16 23:00:00,2,24,24,2026-02-15,2026-02-15 23:00:00,0.0656,0.4936,0.8905,5.11
2026-02-16 23:00:00,2,48,48,2026-02-14,2026-02-14 23:00:00,0.1714,0.6992,0.9351,6.36
2026-02-17 00:00:00,2,24,1,2026-02-16,2026-02-16 23:00:00,0.0779,0.5706,0.9007,4.99
2026-02-17 00:00:00,2,48,25,2026-02-15,2026-02-15 23:00:00,0.1704,0.6545,0.9416,6.06
2026-02-17 01:00:00,2,24,2,2026-02-16,2026-02-16 23:00:00,0.107,0.5841,0.8983,5.73
2026-02-17 01:00:00,2,48,26,2026-02-15,2026-02-15 23:00:00,0.162,0.6274,0.9553,6.22
2026-02-17 02:00:00,2,24,3,2026-02-16,2026-02-16 23:00:00,0.1345,0.5014,0.9226,6.11
2026-02-17 02:00:00,2,48,27,2026-02-15,2026-02-15 23:00:00,0.1667,0.5807,0.9449,6.26
2026-02-17 03:00:00,2,24,4,2026-02-16,2026-02-16 23:00:00,0.1089,0.5232,0.9519,6.65
2026-02-17 03:00:00,2,48,28,2026-02-15,2026-02-15 23:00:00,0.1554,0.5825,0.9312,5.88
2026-02-17 04:00:00,2,24,5,2026-02-16,2026-02-16 23:00:00,0.0532,0.3643,0.8971,6.05
2026-02-17 04:00:00,2,48,29,2026-02-15,2026-02-15 23:00:00,0.1463,0.4574,0.9374,6.07
2026-02-17 05:00:00,2,24,6,2026-02-16,2026-02-16 23:00:00,0.0,0.3098,0.7543,2.44
2026-02-17 05:00:00,2,48,30,2026-02-15,2026-02-15 23:00:00,0.0,0.2771,0.6822,5.37
2026-02-17 06:00:00,2,24,7,2026-02-16,2026-02-16 23:00:00,0.0017,0.2133,0.5447,2.06
2026-02-17 06:00:00,2,48,31,2026-02-15,2026-02-15 23:00:00,0.0,0.1302,0.5519,5.46
2026-02-17 07:00:00,2,24,8,2026-02-16,2026-02-16 23:00:00,0.0039,0.1598,0.4993,3.09
2026-02-17 07:00:00,2,48,32,2026-02-15,2026-02-15 23:00:00,0.0,0.1718,0.5401,4.3
2026-02-17 08:00:00,2,24,9,2026-02-16,2026-02-16 23:00:00,0.0054,0.117,0.4739,4.44
2026-02-17 08:00:00,2,48,33,2026-02-15,2026-02-15 23:00:00,0.0001,0.1194,0.3222,3.39
2026-02-17 09:00:00,2,24,10,2026-02-16,2026-02-16 23:00:00,0.0,0.1339,0.5024,5.48
2026-02-17 09:00:00,2,48,34,2026-02-15,2026-02-15 23:00:00,0.0015,0.1015,0.3689,3.7
2026-02-17 10:00:00,2,24,11,2026-02-16,2026-02-16 23:00:00,0.0,0.1687,0.5152,6.05
2026-02-17 10:00:00,2,48,35,2026-02-15,2026-02-15 23:00:00,0.0,0.1279,0.5305,4.81
2026-02-17 11:00:00,2,24,12,2026-02-16,2026-02-16 23:00:00,0.0077,0.1429,0.459,4.46
2026-02-17 11:00:00,2,48,36,2026-02-15,2026-02-15 23:00:00,0.0,0.264,0.6644,3.75
2026-02-17 12:00:00,2,24,13,2026-02-16,2026-02-16 23:00:00,0.0053,0.1378,0.3171,5.07
2026-02-17 12:00:00,2,48,37,2026-02-15,2026-02-15 23:00:00,0.0222,0.2608,0.6775,4.53
2026-02-17 13:00:00,2,24,14,2026-02-16,2026-02-16 23:00:00,0.0069,0.1606,0.4329,4.9
2026-02-17 13:00:00,2,48,38,2026-02-15,2026-02-15 23:00:00,0.0188,0.3341,0.7127,3.81
2026-02-17 14:00:00,2,24,15,2026-02-16,2026-02-16 23:00:00,0.0055,0.1767,0.491,5.09
2026-02-17 14:00:00,2,48,39,2026-02-15,2026-02-15 23:00:00,0.0375,0.3794,0.786,4.82
2026-02-17 15:00:00,2,24,16,2026-02-16,2026-02-16 23:00:00,0.0084,0.2086,0.5951,5.15
2026-02-17 15:00:00,2,48,40,2026-02-15,2026-02-15 23:00:00,0.1001,0.3992,0.7865,5.44
2026-02-17 16:00:00,2,24,17,2026-02-16,2026-02-16 23:00:00,0.013,0.2866,0.68,4.92
2026-02-17 16:00:00,2,48,41,2026-02-15,2026-02-15 23:00:00,0.1199,0.6328,0.8744,5.59
2026-02-17 17:00:00,2,24,18,2026-02-16,2026-02-16 23:00:00,0.1226,0.5978,0.9512,6.69
2026-02-17 17:00:00,2,48,42,2026-02-15,2026-02-15 23:00:00,0.1138,0.6313,0.9702,6.89
2026-02-17 18:00:00,2,24,19,2026-02-16,2026-02-16 23:00:00,0.1193,0.68,0.9715,6.85
2026-02-17 18:00:00,2,48,43,2026-02-15,2026-02-15 23:00:00,0.1712,0.6832,1.0,7.2
2026-02-17 19:00:00,2,24,20,2026-02-16,2026-02-16 23:00:00,0.1402,0.5023,0.9639,7.48
2026-02-17 19:00:00,2,48,44,2026-02-15,2026-02-15 23:00:00,0.2702,0.7562,1.0,7.21
2026-02-17 20:00:00,2,24,21,2026-02-16,2026-02-16 23:00:00,0.1358,0.6156,0.9553,8.07
2026-02-17 20:00:00,2,48,45,2026-02-15,2026-02-15 23:00:00,0.2399,0.7222,0.9916,6.95
2026-02-17 21:00:00,2,24,22,2026-02-16,2026-02-16 23:00:00,0.2496,0.6862,0.982,8.01
2026-02-17 21:00:00,2,48,46,2026-02-15,2026-02-15 23:00:00,0.2887,0.7307,1.0,7.09
2026-02-17 22:00:00,2,24,23,2026-02-16,2026-02-16 23:00:00,0.2299,0.6281,0.9613,7.32
2026-02-17 22:00:00,2,48,47,2026-02-15,2026-02-15 23:00:00,0.2976,0.7139,1.0,7.25
2026-02-17 23:00:00,2,24,24,2026-02-16,2026-02-16 23:00:00,0.2802,0.676,0.9767,7.16
2026-02-17 23:00:00,2,48,48,2026-02-15,2026-02-15 23:00:00,0.3526,0.6329,0.9907,7.76
2026-02-18 00:00:00,2,24,1,2026-02-17,2026-02-17 23:00:00,0.2827,0.6963,0.9843,7.25
2026-02-18 00:00:00,2,48,25,2026-02-16,2026-02-16 23:00:00,0.4003,0.7772,0.9782,8.63
2026-02-18 01:00:00,2,24,2,2026-02-17,2026-02-17 23:00:00,0.3226,0.7086,0.9843,7.73
2026-02-18 01:00:00,2,48,26,2026-02-16,2026-02-16 23:00:00,0.4358,0.8196,0.9805,9.37
2026-02-18 02:00:00,2,24,3,2026-02-17,2026-02-17 23:00:00,0.2193,0.6717,0.9733,6.75
2026-02-18 02:00:00,2,48,27,2026-02-16,2026-02-16 23:00:00,0.3726,0.7252,0.9976,8.02
2026-02-18 03:00:00,2,24,4,2026-02-17,2026-02-17 23:00:00,0.1765,0.6042,0.977,6.71
2026-02-18 03:00:00,2,48,28,2026-02-16,2026-02-16 23:00:00,0.3441,0.6651,1.0,7.26
2026-02-18 04:00:00,2,24,5,2026-02-17,2026-02-17 23:00:00,0.2794,0.6446,0.9864,7.03
2026-02-18 04:00:00,2,48,29,2026-02-16,2026-02-16 23:00:00,0.3165,0.641,1.0,7.17
2026-02-18 05:00:00,2,24,6,2026-02-17,2026-02-17 23:00:00,0.3355,0.6651,0.9843,7.1
2026-02-18 05:00:00,2,48,30,2026-02-16,2026-02-16 23:00:00,0.3633,0.6886,0.9975,7.66
2026-02-18 06:00:00,2,24,7,2026-02-17,2026-02-17 23:00:00,0.3383,0.7675,0.9825,6.55
2026-02-18 06:00:00,2,48,31,2026-02-16,2026-02-16 23:00:00,0.3212,0.677,0.9968,7.92
2026-02-18 07:00:00,2,24,8,2026-02-17,2026-02-17 23:00:00,0.3572,0.727,0.9819,7.34
2026-02-18 07:00:00,2,48,32,2026-02-16,2026-02-16 23:00:00,0.3986,0.6709,1.0,7.88
2026-02-18 08:00:00,2,24,9,2026-02-17,2026-02-17 23:00:00,0.4891,0.7442,0.9846,8.06
2026-02-18 08:00:00,2,48,33,2026-02-16,2026-02-16 23:00:00,0.4913,0.7393,0.9912,8.13
2026-02-18 09:00:00,2,24,10,2026-02-17,2026-02-17 23:00:00,0.5024,0.8331,0.9767,8.1
2026-02-18 09:00:00,2,48,34,2026-02-16,2026-02-16 23:00:00,0.4721,0.8201,0.9824,7.23
2026-02-18 10:00:00,2,24,11,2026-02-17,2026-02-17 23:00:00,0.714,0.8894,0.9731,8.54
2026-02-18 10:00:00,2,48,35,2026-02-16,2026-02-16 23:00:00,0.7003,0.9009,0.9773,7.63
2026-02-18 11:00:00,2,24,12,2026-02-17,2026-02-17 23:00:00,0.8778,0.9324,0.9719,11.41
2026-02-18 11:00:00,2,48,36,2026-02-16,2026-02-16 23:00:00,0.8434,0.9357,0.973,8.78
2026-02-18 12:00:00,2,24,13,2026-02-17,2026-02-17 23:00:00,0.9286,0.9695,0.9756,10.11
2026-02-18 12:00:00,2,48,37,2026-02-16,2026-02-16 23:00:00,0.7986,0.9608,0.9765,9.25
2026-02-18 13:00:00,2,24,14,2026-02-17,2026-02-17 23:00:00,0.9419,0.9686,0.9711,10.09
2026-02-18 13:00:00,2,48,38,2026-02-16,2026-02-16 23:00:00,0.9716,0.9733,0.975,10.71
2026-02-18 14:00:00,2,24,15,2026-02-17,2026-02-17 23:00:00,0.9175,0.9608,0.9711,9.96
2026-02-18 14:00:00,2,48,39,2026-02-16,2026-02-16 23:00:00,0.8994,0.966,0.9726,11.28
2026-02-18 15:00:00,2,24,16,2026-02-17,2026-02-17 23:00:00,0.8454,0.9623,0.9712,9.26
2026-02-18 15:00:00,2,48,40,2026-02-16,2026-02-16 23:00:00,0.8306,0.9583,0.9721,10.24
2026-02-18 16:00:00,2,24,17,2026-02-17,2026-02-17 23:00:00,0.6523,0.9256,0.9716,10.09
2026-02-18 16:00:00,2,48,41,2026-02-16,2026-02-16 23:00:00,0.5829,0.923,0.9736,9.69
2026-02-18 17:00:00,2,24,18,2026-02-17,2026-02-17 23:00:00,0.5329,0.9261,0.9858,8.66
2026-02-18 17:00:00,2,48,42,2026-02-16,2026-02-16 23:00:00,0.4506,0.8994,0.9897,8.04
2026-02-18 18:00:00,2,24,19,2026-02-17,2026-02-17 23:00:00,0.3319,0.8205,0.9966,7.08
2026-02-18 18:00:00,2,48,43,2026-02-16,2026-02-16 23:00:00,0.3571,0.8946,0.9963,7.15
2026-02-18 19:00:00,2,24,20,2026-02-17,2026-02-17 23:00:00,0.3181,0.8888,0.986,7.45
2026-02-18 19:00:00,2,48,44,2026-02-16,2026-02-16 23:00:00,0.2486,0.9445,0.9875,6.85
2026-02-18 20:00:00,2,24,21,2026-02-17,2026-02-17 23:00:00,0.2463,0.8908,0.9755,6.56
2026-02-18 20:00:00,2,48,45,2026-02-16,2026-02-16 23:00:00,0.2446,0.8076,0.9972,7.61
2026-02-18 21:00:00,2,24,22,2026-02-17,2026-02-17 23:00:00,0.2,0.7626,0.9725,7.01
2026-02-18 21:00:00,2,48,46,2026-02-16,2026-02-16 23:00:00,0.243,0.8468,0.9782,7.86
2026-02-18 22:00:00,2,24,23,2026-02-17,2026-02-17 23:00:00,0.2288,0.7445,0.9717,6.05
2026-02-18 22:00:00,2,48,47,2026-02-16,2026-02-16 23:00:00,0.2228,0.7891,0.9609,7.14
2026-02-18 23:00:00,2,24,24,2026-02-17,2026-02-17 23:00:00,0.1946,0.7982,0.9547,5.92
2026-02-18 23:00:00,2,48,48,2026-02-16,2026-02-16 23:00:00,0.1836,0.7208,0.9408,6.03
2026-02-19 00:00:00,2,24,1,2026-02-18,2026-02-18 23:00:00,0.2087,0.6521,0.9437,6.17
2026-02-19 00:00:00,2,48,25,2026-02-17,2026-02-17 23:00:00,0.14,0.6055,0.955,6.59
2026-02-19 01:00:00,2,24,2,2026-02-18,2026-02-18 23:00:00,0.1417,0.7127,0.9473,5.1
2026-02-19 01:00:00,2,48,26,2026-02-17,2026-02-17 23:00:00,0.0937,0.6291,0.9505,5.35
2026-02-19 02:00:00,2,24,3,2026-02-18,2026-02-18 23:00:00,0.1245,0.6998,0.9519,5.12
2026-02-19 02:00:00,2,48,27,2026-02-17,2026-02-17 23:00:00,0.1281,0.5641,0.9526,5.66
2026-02-19 03:00:00,2,24,4,2026-02-18,2026-02-18 23:00:00,0.097,0.655,0.9449,4.97
2026-02-19 03:00:00,2,48,28,2026-02-17,2026-02-17 23:00:00,0.1303,0.5599,0.9596,5.73
2026-02-19 04:00:00,2,24,5,2026-02-18,2026-02-18 23:00:00,0.0938,0.5267,0.9172,5.16
2026-02-19 04:00:00,2,48,29,2026-02-17,2026-02-17 23:00:00,0.0539,0.4045,0.9537,4.86
2026-02-19 05:00:00,2,24,6,2026-02-18,2026-02-18 23:00:00,0.0441,0.4924,0.8564,4.36
2026-02-19 05:00:00,2,48,30,2026-02-17,2026-02-17 23:00:00,0.1269,0.5304,0.9514,5.45
2026-02-19 06:00:00,2,24,7,2026-02-18,2026-02-18 23:00:00,0.0377,0.3864,0.8042,4.48
2026-02-19 06:00:00,2,48,31,2026-02-17,2026-02-17 23:00:00,0.1432,0.4473,0.9577,5.94
2026-02-19 07:00:00,2,24,8,2026-02-18,2026-02-18 23:00:00,0.0349,0.4132,0.8583,4.53
2026-02-19 07:00:00,2,48,32,2026-02-17,2026-02-17 23:00:00,0.1368,0.4691,0.9558,5.63
2026-02-19 08:00:00,2,24,9,2026-02-18,2026-02-18 23:00:00,0.0107,0.2941,0.7196,4.5
2026-02-19 08:00:00,2,48,33,2026-02-17,2026-02-17 23:00:00,0.127,0.4118,0.9447,5.88
2026-02-19 09:00:00,2,24,10,2026-02-18,2026-02-18 23:00:00,0.0124,0.232,0.7304,4.86
2026-02-19 09:00:00,2,48,34,2026-02-17,2026-02-17 23:00:00,0.164,0.4629,0.9842,6.86
2026-02-19 10:00:00,2,24,11,2026-02-18,2026-02-18 23:00:00,0.0437,0.3073,0.828,5.42
2026-02-19 10:00:00,2,48,35,2026-02-17,2026-02-17 23:00:00,0.1037,0.4683,0.9741,5.4
2026-02-19 11:00:00,2,24,12,2026-02-18,2026-02-18 23:00:00,0.0382,0.3659,0.8099,4.65
2026-02-19 11:00:00,2,48,36,2026-02-17,2026-02-17 23:00:00,0.0909,0.4657,0.9502,5.82
2026-02-19 12:00:00,2,24,13,2026-02-18,2026-02-18 23:00:00,0.0408,0.4009,0.7495,4.91
2026-02-19 12:00:00,2,48,37,2026-02-17,2026-02-17 23:00:00,0.0357,0.4523,0.8541,4.79
2026-02-19 13:00:00,2,24,14,2026-02-18,2026-02-18 23:00:00,0.0164,0.4065,0.6859,4.82
2026-02-19 13:00:00,2,48,38,2026-02-17,2026-02-17 23:00:00,0.0077,0.3945,0.7099,4.44
2026-02-19 14:00:00,2,24,15,2026-02-18,2026-02-18 23:00:00,0.0114,0.369,0.6527,4.63
2026-02-19 14:00:00,2,48,39,2026-02-17,2026-02-17 23:00:00,0.0047,0.3554,0.6667,4.49
2026-02-19 15:00:00,2,24,16,2026-02-18,2026-02-18 23:00:00,0.0106,0.2997,0.5549,4.11
2026-02-19 15:00:00,2,48,40,2026-02-17,2026-02-17 23:00:00,0.0,0.3008,0.5674,3.8
2026-02-19 16:00:00,2,24,17,2026-02-18,2026-02-18 23:00:00,0.0101,0.2786,0.5157,2.58
2026-02-19 16:00:00,2,48,41,2026-02-17,2026-02-17 23:00:00,0.0014,0.2736,0.5465,4.15
2026-02-19 17:00:00,2,24,18,2026-02-18,2026-02-18 23:00:00,0.0023,0.2436,0.4012,3.37
2026-02-19 17:00:00,2,48,42,2026-02-17,2026-02-17 23:00:00,0.0,0.3104,0.5713,4.09
2026-02-19 18:00:00,2,24,19,2026-02-18,2026-02-18 23:00:00,0.0,0.234,0.3921,1.23
2026-02-19 18:00:00,2,48,43,2026-02-17,2026-02-17 23:00:00,0.0,0.2629,0.5199,3.01
2026-02-19 19:00:00,2,24,20,2026-02-18,2026-02-18 23:00:00,0.0038,0.1163,0.3586,1.89
2026-02-19 19:00:00,2,48,44,2026-02-17,2026-02-17 23:00:00,0.0,0.2921,0.5915,1.74
2026-02-19 20:00:00,2,24,21,2026-02-18,2026-02-18 23:00:00,0.0054,0.08,0.3423,4.72
2026-02-19 20:00:00,2,48,45,2026-02-17,2026-02-17 23:00:00,0.0,0.1515,0.3816,0.71
2026-02-19 21:00:00,2,24,22,2026-02-18,2026-02-18 23:00:00,0.0031,0.1415,0.3691,5.25
2026-02-19 21:00:00,2,48,46,2026-02-17,2026-02-17 23:00:00,0.0,0.1547,0.4061,2.83
2026-02-19 22:00:00,2,24,23,2026-02-18,2026-02-18 23:00:00,0.0,0.3116,0.6499,7.01
2026-02-19 22:00:00,2,48,47,2026-02-17,2026-02-17 23:00:00,0.0,0.1862,0.4802,5.24
2026-02-19 23:00:00,2,24,24,2026-02-18,2026-02-18 23:00:00,0.0218,0.4114,0.842,6.15
2026-02-19 23:00:00,2,48,48,2026-02-17,2026-02-17 23:00:00,0.0,0.2574,0.4498,6.63
2026-02-20 00:00:00,2,24,1,2026-02-19,2026-02-19 23:00:00,0.0075,0.4142,0.8373,7.07
2026-02-20 00:00:00,2,48,25,2026-02-18,2026-02-18 23:00:00,0.0,0.2862,0.6099,5.64
2026-02-20 01:00:00,2,24,2,2026-02-19,2026-02-19 23:00:00,0.0162,0.3429,0.8023,7.44
2026-02-20 01:00:00,2,48,26,2026-02-18,2026-02-18 23:00:00,0.0,0.3075,0.6179,4.87
2026-02-20 02:00:00,2,24,3,2026-02-19,2026-02-19 23:00:00,0.0063,0.4764,0.8548,7.45
2026-02-20 02:00:00,2,48,27,2026-02-18,2026-02-18 23:00:00,0.0,0.3135,0.7236,6.04
2026-02-20 03:00:00,2,24,4,2026-02-19,2026-02-19 23:00:00,0.0071,0.4651,0.8563,6.96
2026-02-20 03:00:00,2,48,28,2026-02-18,2026-02-18 23:00:00,0.0,0.4004,0.8153,6.88
2026-02-20 04:00:00,2,24,5,2026-02-19,2026-02-19 23:00:00,0.0094,0.3331,0.7958,7.34
2026-02-20 04:00:00,2,48,29,2026-02-18,2026-02-18 23:00:00,0.0148,0.391,0.9293,6.82
2026-02-20 05:00:00,2,24,6,2026-02-19,2026-02-19 23:00:00,0.0301,0.4727,0.8603,7.76
2026-02-20 05:00:00,2,48,30,2026-02-18,2026-02-18 23:00:00,0.0,0.3034,0.826,7.57
2026-02-20 06:00:00,2,24,7,2026-02-19,2026-02-19 23:00:00,0.0603,0.4554,0.8856,7.91
2026-02-20 06:00:00,2,48,31,2026-02-18,2026-02-18 23:00:00,0.0,0.3908,0.8943,7.63
2026-02-20 07:00:00,2,24,8,2026-02-19,2026-02-19 23:00:00,0.0783,0.4319,0.8884,8.49
2026-02-20 07:00:00,2,48,32,2026-02-18,2026-02-18 23:00:00,0.0,0.3976,0.8881,7.2
2026-02-20 08:00:00,2,24,9,2026-02-19,2026-02-19 23:00:00,0.0796,0.3936,0.9134,7.86
2026-02-20 08:00:00,2,48,33,2026-02-18,2026-02-18 23:00:00,0.0,0.3545,0.8088,6.87
2026-02-20 09:00:00,2,24,10,2026-02-19,2026-02-19 23:00:00,0.0638,0.475,0.8674,6.3
2026-02-20 09:00:00,2,48,34,2026-02-18,2026-02-18 23:00:00,0.0,0.3337,0.7554,5.5
2026-02-20 10:00:00,2,24,11,2026-02-19,2026-02-19 23:00:00,0.0497,0.4319,0.7452,5.45
2026-02-20 10:00:00,2,48,35,2026-02-18,2026-02-18 23:00:00,0.0,0.2093,0.5121,4.67
2026-02-20 11:00:00,2,24,12,2026-02-19,2026-02-19 23:00:00,0.0143,0.3007,0.7275,5.35
2026-02-20 11:00:00,2,48,36,2026-02-18,2026-02-18 23:00:00,0.0,0.1727,0.3838,4.32
2026-02-20 12:00:00,2,24,13,2026-02-19,2026-02-19 23:00:00,0.0135,0.2479,0.6321,4.76
2026-02-20 12:00:00,2,48,37,2026-02-18,2026-02-18 23:00:00,0.0007,0.1274,0.3098,3.18
2026-02-20 13:00:00,2,24,14,2026-02-19,2026-02-19 23:00:00,0.0066,0.2278,0.5136,4.14
2026-02-20 13:00:00,2,48,38,2026-02-18,2026-02-18 23:00:00,0.0017,0.0973,0.2315,2.64
2026-02-20 14:00:00,2,24,15,2026-02-19,2026-02-19 23:00:00,0.0043,0.1862,0.413,3.54
2026-02-20 14:00:00,2,48,39,2026-02-18,2026-02-18 23:00:00,0.0042,0.0701,0.1662,2.15
2026-02-20 15:00:00,2,24,16,2026-02-19,2026-02-19 23:00:00,0.004,0.1498,0.3135,3.09
2026-02-20 15:00:00,2,48,40,2026-02-18,2026-02-18 23:00:00,0.0054,0.0539,0.1415,1.46
2026-02-20 16:00:00,2,24,17,2026-02-19,2026-02-19 23:00:00,0.0055,0.1123,0.2221,2.4
2026-02-20 16:00:00,2,48,41,2026-02-18,2026-02-18 23:00:00,0.0019,0.0975,0.3126,1.97
2026-02-20 17:00:00,2,24,18,2026-02-19,2026-02-19 23:00:00,0.0056,0.0788,0.1267,2.36
2026-02-20 17:00:00,2,48,42,2026-02-18,2026-02-18 23:00:00,0.0,0.1292,0.3783,3.47
2026-02-20 18:00:00,2,24,19,2026-02-19,2026-02-19 23:00:00,0.0054,0.0807,0.1786,1.04
2026-02-20 18:00:00,2,48,43,2026-02-18,2026-02-18 23:00:00,0.0,0.2575,0.6683,7.63
2026-02-20 19:00:00,2,24,20,2026-02-19,2026-02-19 23:00:00,0.0017,0.2525,0.4655,3.57
2026-02-20 19:00:00,2,48,44,2026-02-18,2026-02-18 23:00:00,0.0,0.5596,0.9866,8.03
2026-02-20 20:00:00,2,24,21,2026-02-19,2026-02-19 23:00:00,0.0095,0.2383,0.7335,6.58
2026-02-20 20:00:00,2,48,45,2026-02-18,2026-02-18 23:00:00,0.0578,0.568,0.9962,8.16
2026-02-20 21:00:00,2,24,22,2026-02-19,2026-02-19 23:00:00,0.0,0.4498,0.9188,7.27
2026-02-20 21:00:00,2,48,46,2026-02-18,2026-02-18 23:00:00,0.1117,0.5592,0.9454,8.32
2026-02-20 22:00:00,2,24,23,2026-02-19,2026-02-19 23:00:00,0.0175,0.4366,0.9117,8.05
2026-02-20 22:00:00,2,48,47,2026-02-18,2026-02-18 23:00:00,0.2489,0.656,0.9764,8.15
2026-02-20 23:00:00,2,24,24,2026-02-19,2026-02-19 23:00:00,0.1857,0.5055,0.8779,8.31
2026-02-20 23:00:00,2,48,48,2026-02-18,2026-02-18 23:00:00,0.2113,0.5232,0.9713,8.16
2026-02-21 00:00:00,2,24,1,2026-02-20,2026-02-20 23:00:00,0.191,0.5128,0.8597,7.99
2026-02-21 00:00:00,2,48,25,2026-02-19,2026-02-19 23:00:00,0.2595,0.6472,0.9686,8.27
2026-02-21 01:00:00,2,24,2,2026-02-20,2026-02-20 23:00:00,0.1967,0.5497,0.8809,7.53
2026-02-21 01:00:00,2,48,26,2026-02-19,2026-02-19 23:00:00,0.26,0.6622,0.9623,7.92
2026-02-21 02:00:00,2,24,3,2026-02-20,2026-02-20 23:00:00,0.1485,0.5001,0.8739,7.3
2026-02-21 02:00:00,2,48,27,2026-02-19,2026-02-19 23:00:00,0.1987,0.6245,0.9778,7.17
2026-02-21 03:00:00,2,24,4,2026-02-20,2026-02-20 23:00:00,0.1308,0.4284,0.8717,6.85
2026-02-21 03:00:00,2,48,28,2026-02-19,2026-02-19 23:00:00,0.1762,0.5153,0.9325,6.54
2026-02-21 04:00:00,2,24,5,2026-02-20,2026-02-20 23:00:00,0.1125,0.4244,0.9053,6.36
2026-02-21 04:00:00,2,48,29,2026-02-19,2026-02-19 23:00:00,0.0651,0.4275,0.9057,5.42
2026-02-21 05:00:00,2,24,6,2026-02-20,2026-02-20 23:00:00,0.1152,0.4117,0.9102,5.81
2026-02-21 05:00:00,2,48,30,2026-02-19,2026-02-19 23:00:00,0.0735,0.4618,0.8664,4.86
2026-02-21 06:00:00,2,24,7,2026-02-20,2026-02-20 23:00:00,0.0809,0.4118,0.897,4.94
2026-02-21 06:00:00,2,48,31,2026-02-19,2026-02-19 23:00:00,0.0828,0.3974,0.9056,3.99
2026-02-21 07:00:00,2,24,8,2026-02-20,2026-02-20 23:00:00,0.0858,0.4633,0.9071,4.62
2026-02-21 07:00:00,2,48,32,2026-02-19,2026-02-19 23:00:00,0.0712,0.3229,0.8886,4.64
2026-02-21 08:00:00,2,24,9,2026-02-20,2026-02-20 23:00:00,0.0679,0.3134,0.8218,4.51
2026-02-21 08:00:00,2,48,33,2026-02-19,2026-02-19 23:00:00,0.0488,0.3003,0.8722,5.65
2026-02-21 09:00:00,2,24,10,2026-02-20,2026-02-20 23:00:00,0.0001,0.182,0.6177,0.76
2026-02-21 09:00:00,2,48,34,2026-02-19,2026-02-19 23:00:00,0.0,0.2323,0.6884,4.75
2026-02-21 10:00:00,2,24,11,2026-02-20,2026-02-20 23:00:00,0.0,0.1517,0.4731,5.76
2026-02-21 10:00:00,2,48,35,2026-02-19,2026-02-19 23:00:00,0.0,0.2229,0.53,2.42
2026-02-21 11:00:00,2,24,12,2026-02-20,2026-02-20 23:00:00,0.0781,0.501,1.0,11.25
2026-02-21 11:00:00,2,48,36,2026-02-19,2026-02-19 23:00:00,0.0802,0.5218,0.9136,11.6
2026-02-21 12:00:00,2,24,13,2026-02-20,2026-02-20 23:00:00,0.6248,0.9291,0.961,11.51
2026-02-21 12:00:00,2,48,37,2026-02-19,2026-02-19 23:00:00,0.1686,0.6767,0.9864,12.17
2026-02-21 13:00:00,2,24,14,2026-02-20,2026-02-20 23:00:00,0.7389,0.9464,0.9645,13.05
2026-02-21 13:00:00,2,48,38,2026-02-19,2026-02-19 23:00:00,0.2546,0.733,0.9658,11.75
2026-02-21 14:00:00,2,24,15,2026-02-20,2026-02-20 23:00:00,0.6494,0.9255,0.9625,12.36
2026-02-21 14:00:00,2,48,39,2026-02-19,2026-02-19 23:00:00,0.268,0.7282,0.9497,8.79
2026-02-21 15:00:00,2,24,16,2026-02-20,2026-02-20 23:00:00,0.4911,0.8943,0.9669,9.35
2026-02-21 15:00:00,2,48,40,2026-02-19,2026-02-19 23:00:00,0.1741,0.632,0.9428,7.08
2026-02-21 16:00:00,2,24,17,2026-02-20,2026-02-20 23:00:00,0.3515,0.7439,0.9761,7.45
2026-02-21 16:00:00,2,48,41,2026-02-19,2026-02-19 23:00:00,0.0657,0.4773,0.9073,4.86
2026-02-21 17:00:00,2,24,18,2026-02-20,2026-02-20 23:00:00,0.2297,0.6825,0.9227,6.35
2026-02-21 17:00:00,2,48,42,2026-02-19,2026-02-19 23:00:00,0.0262,0.372,0.8263,4.75
2026-02-21 18:00:00,2,24,19,2026-02-20,2026-02-20 23:00:00,0.1072,0.5088,0.9098,4.89
2026-02-21 18:00:00,2,48,43,2026-02-19,2026-02-19 23:00:00,0.0,0.3603,0.6678,4.37
2026-02-21 19:00:00,2,24,20,2026-02-20,2026-02-20 23:00:00,0.0173,0.4592,0.9125,5.85
2026-02-21 19:00:00,2,48,44,2026-02-19,2026-02-19 23:00:00,0.0147,0.3197,0.7426,6.08
2026-02-21 20:00:00,2,24,21,2026-02-20,2026-02-20 23:00:00,0.0054,0.3179,0.7698,7.6
2026-02-21 20:00:00,2,48,45,2026-02-19,2026-02-19 23:00:00,0.0506,0.509,0.9403,6.56
2026-02-21 21:00:00,2,24,22,2026-02-20,2026-02-20 23:00:00,0.0096,0.2935,0.7101,7.88
2026-02-21 21:00:00,2,48,46,2026-02-19,2026-02-19 23:00:00,0.2118,0.7705,1.0,7.25
2026-02-21 22:00:00,2,24,23,2026-02-20,2026-02-20 23:00:00,0.0042,0.3021,0.6912,7.91
2026-02-21 22:00:00,2,48,47,2026-02-19,2026-02-19 23:00:00,0.2326,0.6724,0.9954,8.9
2026-02-21 23:00:00,2,24,24,2026-02-20,2026-02-20 23:00:00,0.0,0.3182,0.5166,5.03
2026-02-21 23:00:00,2,48,48,2026-02-19,2026-02-19 23:00:00,0.2177,0.7004,0.9986,7.69
2026-02-22 00:00:00,2,24,1,2026-02-21,2026-02-21 23:00:00,0.0,0.2408,0.3655,4.46
2026-02-22 00:00:00,2,48,25,2026-02-20,2026-02-20 23:00:00,0.1708,0.6071,1.0,8.03
2026-02-22 01:00:00,2,24,2,2026-02-21,2026-02-21 23:00:00,0.0,0.1707,0.3039,4.56
2026-02-22 01:00:00,2,48,26,2026-02-20,2026-02-20 23:00:00,0.143,0.6441,0.9633,7.26
2026-02-22 02:00:00,2,24,3,2026-02-21,2026-02-21 23:00:00,0.0022,0.0804,0.1936,3.52
2026-02-22 02:00:00,2,48,27,2026-02-20,2026-02-20 23:00:00,0.0461,0.4412,0.8654,6.05
2026-02-22 03:00:00,2,24,4,2026-02-21,2026-02-21 23:00:00,0.0055,0.0475,0.193,1.98
2026-02-22 03:00:00,2,48,28,2026-02-20,2026-02-20 23:00:00,0.0,0.2544,0.6107,5.35
2026-02-22 04:00:00,2,24,5,2026-02-21,2026-02-21 23:00:00,0.0066,0.0211,0.0457,0.83
2026-02-22 04:00:00,2,48,29,2026-02-20,2026-02-20 23:00:00,0.0,0.1064,0.3259,4.0
2026-02-22 05:00:00,2,24,6,2026-02-21,2026-02-21 23:00:00,0.0066,0.0288,0.0534,0.5
2026-02-22 05:00:00,2,48,30,2026-02-20,2026-02-20 23:00:00,0.0041,0.0468,0.1645,0.46
2026-02-22 06:00:00,2,24,7,2026-02-21,2026-02-21 23:00:00,0.0067,0.031,0.1051,2.15
2026-02-22 06:00:00,2,48,31,2026-02-20,2026-02-20 23:00:00,0.0055,0.035,0.1479,0.93
2026-02-22 07:00:00,2,24,8,2026-02-21,2026-02-21 23:00:00,0.0,0.096,0.4077,3.39
2026-02-22 07:00:00,2,48,32,2026-02-20,2026-02-20 23:00:00,0.0062,0.0136,0.0652,1.61
2026-02-22 08:00:00,2,24,9,2026-02-21,2026-02-21 23:00:00,0.0,0.1118,0.7227,5.57
2026-02-22 08:00:00,2,48,33,2026-02-20,2026-02-20 23:00:00,0.0052,0.038,0.1305,1.95
2026-02-22 09:00:00,2,24,10,2026-02-21,2026-02-21 23:00:00,0.0,0.2233,0.8624,5.82
2026-02-22 09:00:00,2,48,34,2026-02-20,2026-02-20 23:00:00,0.0011,0.0352,0.2577,2.27
2026-02-22 10:00:00,2,24,11,2026-02-21,2026-02-21 23:00:00,0.0453,0.4544,0.9609,7.27
2026-02-22 10:00:00,2,48,35,2026-02-20,2026-02-20 23:00:00,0.0,0.1156,0.5209,3.09
2026-02-22 11:00:00,2,24,12,2026-02-21,2026-02-21 23:00:00,0.3618,0.7318,0.9847,8.18
2026-02-22 11:00:00,2,48,36,2026-02-20,2026-02-20 23:00:00,0.0,0.2866,0.9601,4.81
2026-02-22 12:00:00,2,24,13,2026-02-21,2026-02-21 23:00:00,0.5492,0.8885,0.9772,9.25
2026-02-22 12:00:00,2,48,37,2026-02-20,2026-02-20 23:00:00,0.0532,0.4011,0.9839,6.83
2026-02-22 13:00:00,2,24,14,2026-02-21,2026-02-21 23:00:00,0.5825,0.9036,0.9771,9.18
2026-02-22 13:00:00,2,48,38,2026-02-20,2026-02-20 23:00:00,0.2893,0.7223,0.9872,7.9
2026-02-22 14:00:00,2,24,15,2026-02-21,2026-02-21 23:00:00,0.53,0.8889,0.9794,8.45
2026-02-22 14:00:00,2,48,39,2026-02-20,2026-02-20 23:00:00,0.3777,0.8171,0.988,8.31
2026-02-22 15:00:00,2,24,16,2026-02-21,2026-02-21 23:00:00,0.4586,0.8366,0.977,8.05
2026-02-22 15:00:00,2,48,40,2026-02-20,2026-02-20 23:00:00,0.3918,0.8426,0.9811,8.29
2026-02-22 16:00:00,2,24,17,2026-02-21,2026-02-21 23:00:00,0.401,0.8364,0.9809,7.68
2026-02-22 16:00:00,2,48,41,2026-02-20,2026-02-20 23:00:00,0.3827,0.8225,0.9879,7.88
2026-02-22 17:00:00,2,24,18,2026-02-21,2026-02-21 23:00:00,0.3397,0.7966,0.9875,7.54
2026-02-22 17:00:00,2,48,42,2026-02-20,2026-02-20 23:00:00,0.3581,0.7973,0.9937,7.62
2026-02-22 18:00:00,2,24,19,2026-02-21,2026-02-21 23:00:00,0.149,0.7076,0.966,6.04
2026-02-22 18:00:00,2,48,43,2026-02-20,2026-02-20 23:00:00,0.2217,0.8166,0.977,6.03
2026-02-22 19:00:00,2,24,20,2026-02-21,2026-02-21 23:00:00,0.0329,0.5998,0.9453,4.16
2026-02-22 19:00:00,2,48,44,2026-02-20,2026-02-20 23:00:00,0.0484,0.7736,0.975,4.43
2026-02-22 20:00:00,2,24,21,2026-02-21,2026-02-21 23:00:00,0.0,0.3945,0.6643,3.31
2026-02-22 20:00:00,2,48,45,2026-02-20,2026-02-20 23:00:00,0.0,0.5397,0.8497,4.04
2026-02-22 21:00:00,2,24,22,2026-02-21,2026-02-21 23:00:00,0.0,0.2352,0.397,2.2
2026-02-22 21:00:00,2,48,46,2026-02-20,2026-02-20 23:00:00,0.0,0.3839,0.7187,4.09
2026-02-22 22:00:00,2,24,23,2026-02-21,2026-02-21 23:00:00,0.0,0.2019,0.353,1.76
2026-02-22 22:00:00,2,48,47,2026-02-20,2026-02-20 23:00:00,0.0,0.3637,0.6696,4.3
2026-02-22 23:00:00,2,24,24,2026-02-21,2026-02-21 23:00:00,0.0017,0.1602,0.2821,1.96
2026-02-22 23:00:00,2,48,48,2026-02-20,2026-02-20 23:00:00,0.0218,0.4632,0.8484,2.93
2026-02-23 00:00:00,2,24,1,2026-02-22,2026-02-22 23:00:00,0.0035,0.1191,0.2997,2.03
2026-02-23 00:00:00,2,48,25,2026-02-21,2026-02-21 23:00:00,0.0085,0.3424,0.7547,1.61
2026-02-23 01:00:00,2,24,2,2026-02-22,2026-02-22 23:00:00,0.0042,0.1025,0.2383,1.57
2026-02-23 01:00:00,2,48,26,2026-02-21,2026-02-21 23:00:00,0.0076,0.2803,0.5592,1.37
2026-02-23 02:00:00,2,24,3,2026-02-22,2026-02-22 23:00:00,0.0021,0.1198,0.1958,1.45
2026-02-23 02:00:00,2,48,27,2026-02-21,2026-02-21 23:00:00,0.0,0.1746,0.4314,1.55
2026-02-23 03:00:00,2,24,4,2026-02-22,2026-02-22 23:00:00,0.003,0.1032,0.1789,2.01
2026-02-23 03:00:00,2,48,28,2026-02-21,2026-02-21 23:00:00,0.0,0.1476,0.3619,1.95
2026-02-23 04:00:00,2,24,5,2026-02-22,2026-02-22 23:00:00,0.0047,0.0936,0.2397,1.25
2026-02-23 04:00:00,2,48,29,2026-02-21,2026-02-21 23:00:00,0.0019,0.0704,0.2881,2.0
2026-02-23 05:00:00,2,24,6,2026-02-22,2026-02-22 23:00:00,0.0055,0.0756,0.2146,1.0
2026-02-23 05:00:00,2,48,30,2026-02-21,2026-02-21 23:00:00,0.0019,0.0824,0.2532,3.0
2026-02-23 06:00:00,2,24,7,2026-02-22,2026-02-22 23:00:00,0.0049,0.0783,0.1883,2.23
2026-02-23 06:00:00,2,48,31,2026-02-21,2026-02-21 23:00:00,0.0,0.1272,0.2471,3.82
2026-02-23 07:00:00,2,24,8,2026-02-22,2026-02-22 23:00:00,0.0029,0.1101,0.1559,3.89
2026-02-23 07:00:00,2,48,32,2026-02-21,2026-02-21 23:00:00,0.0003,0.0995,0.2286,3.65
2026-02-23 08:00:00,2,24,9,2026-02-22,2026-02-22 23:00:00,0.0042,0.0868,0.2085,4.28
2026-02-23 08:00:00,2,48,33,2026-02-21,2026-02-21 23:00:00,0.0019,0.0841,0.2379,3.42
2026-02-23 09:00:00,2,24,10,2026-02-22,2026-02-22 23:00:00,0.0036,0.1014,0.2418,4.06
2026-02-23 09:00:00,2,48,34,2026-02-21,2026-02-21 23:00:00,0.0023,0.0874,0.2509,3.26
2026-02-23 10:00:00,2,24,11,2026-02-22,2026-02-22 23:00:00,0.0018,0.1541,0.276,4.03
2026-02-23 10:00:00,2,48,35,2026-02-21,2026-02-21 23:00:00,0.0,0.1447,0.297,3.63
2026-02-23 11:00:00,2,24,12,2026-02-22,2026-02-22 23:00:00,0.0028,0.1607,0.3218,4.6
2026-02-23 11:00:00,2,48,36,2026-02-21,2026-02-21 23:00:00,0.0,0.1434,0.4425,4.94
2026-02-23 12:00:00,2,24,13,2026-02-22,2026-02-22 23:00:00,0.0065,0.1944,0.4411,4.35
2026-02-23 12:00:00,2,48,37,2026-02-21,2026-02-21 23:00:00,0.0,0.2545,0.5752,6.33
2026-02-23 13:00:00,2,24,14,2026-02-22,2026-02-22 23:00:00,0.0116,0.3621,0.7092,5.08
2026-02-23 13:00:00,2,48,38,2026-02-21,2026-02-21 23:00:00,0.0,0.3667,0.8616,6.72
2026-02-23 14:00:00,2,24,15,2026-02-22,2026-02-22 23:00:00,0.0852,0.4519,0.8879,6.45
2026-02-23 14:00:00,2,48,39,2026-02-21,2026-02-21 23:00:00,0.0218,0.3951,0.9316,7.8
2026-02-23 15:00:00,2,24,16,2026-02-22,2026-02-22 23:00:00,0.1161,0.491,0.8459,6.6
2026-02-23 15:00:00,2,48,40,2026-02-21,2026-02-21 23:00:00,0.0,0.4483,0.9482,8.98
2026-02-23 16:00:00,2,24,17,2026-02-22,2026-02-22 23:00:00,0.1012,0.5362,0.903,8.5
2026-02-23 16:00:00,2,48,41,2026-02-21,2026-02-21 23:00:00,0.0838,0.4909,0.9639,9.37
2026-02-23 17:00:00,2,24,18,2026-02-22,2026-02-22 23:00:00,0.2652,0.6414,0.9369,8.31
2026-02-23 17:00:00,2,48,42,2026-02-21,2026-02-21 23:00:00,0.4036,0.6357,0.9667,9.95
2026-02-23 18:00:00,2,24,19,2026-02-22,2026-02-22 23:00:00,0.3397,0.6901,0.9659,8.87
2026-02-23 18:00:00,2,48,43,2026-02-21,2026-02-21 23:00:00,0.2847,0.7002,0.9857,10.48
2026-02-23 19:00:00,2,24,20,2026-02-22,2026-02-22 23:00:00,0.411,0.7182,0.9886,9.6
2026-02-23 19:00:00,2,48,44,2026-02-21,2026-02-21 23:00:00,0.3041,0.7052,1.0,10.31
2026-02-23 20:00:00,2,24,21,2026-02-22,2026-02-22 23:00:00,0.3631,0.6743,1.0,10.14
2026-02-23 20:00:00,2,48,45,2026-02-21,2026-02-21 23:00:00,0.4282,0.7762,1.0,10.31
2026-02-23 21:00:00,2,24,22,2026-02-22,2026-02-22 23:00:00,0.3075,0.6758,0.9639,10.59
2026-02-23 21:00:00,2,48,46,2026-02-21,2026-02-21 23:00:00,0.5028,0.7601,0.9962,10.38
2026-02-23 22:00:00,2,24,23,2026-02-22,2026-02-22 23:00:00,0.604,0.7808,0.9678,11.21
2026-02-23 22:00:00,2,48,47,2026-02-21,2026-02-21 23:00:00,0.6713,0.8334,0.9912,9.88
2026-02-23 23:00:00,2,24,24,2026-02-22,2026-02-22 23:00:00,0.6237,0.8679,0.9822,10.38
2026-02-23 23:00:00,2,48,48,2026-02-21,2026-02-21 23:00:00,0.6051,0.8667,0.987,9.55
2026-02-24 00:00:00,2,24,1,2026-02-23,2026-02-23 23:00:00,0.6458,0.8828,0.981,9.95
2026-02-24 00:00:00,2,48,25,2026-02-22,2026-02-22 23:00:00,0.588,0.9122,0.9838,9.6
2026-02-24 01:00:00,2,24,2,2026-02-23,2026-02-23 23:00:00,0.4663,0.9033,0.9853,9.1
2026-02-24 01:00:00,2,48,26,2026-02-22,2026-02-22 23:00:00,0.47,0.8619,0.9973,8.58
2026-02-24 02:00:00,2,24,3,2026-02-23,2026-02-23 23:00:00,0.3769,0.8362,0.9921,8.43
2026-02-24 02:00:00,2,48,27,2026-02-22,2026-02-22 23:00:00,0.3597,0.7887,1.0,8.11
2026-02-24 03:00:00,2,24,4,2026-02-23,2026-02-23 23:00:00,0.3496,0.8094,0.9911,8.03
2026-02-24 03:00:00,2,48,28,2026-02-22,2026-02-22 23:00:00,0.3398,0.7875,1.0,8.04
2026-02-24 04:00:00,2,24,5,2026-02-23,2026-02-23 23:00:00,0.3338,0.7577,0.9849,7.89
2026-02-24 04:00:00,2,48,29,2026-02-22,2026-02-22 23:00:00,0.3609,0.7717,0.9982,8.38
2026-02-24 05:00:00,2,24,6,2026-02-23,2026-02-23 23:00:00,0.2451,0.6105,0.9871,7.04
2026-02-24 05:00:00,2,48,30,2026-02-22,2026-02-22 23:00:00,0.4032,0.7771,0.9919,8.82
2026-02-24 06:00:00,2,24,7,2026-02-23,2026-02-23 23:00:00,0.2485,0.5888,0.9765,7.13
2026-02-24 06:00:00,2,48,31,2026-02-22,2026-02-22 23:00:00,0.3671,0.7461,0.9904,8.7
2026-02-24 07:00:00,2,24,8,2026-02-23,2026-02-23 23:00:00,0.1765,0.5216,0.967,6.99
2026-02-24 07:00:00,2,48,32,2026-02-22,2026-02-22 23:00:00,0.3359,0.6577,0.9725,8.65
2026-02-24 08:00:00,2,24,9,2026-02-23,2026-02-23 23:00:00,0.0688,0.4764,0.9391,6.66
2026-02-24 08:00:00,2,48,33,2026-02-22,2026-02-22 23:00:00,0.1569,0.5079,0.937,7.22
2026-02-24 09:00:00,2,24,10,2026-02-23,2026-02-23 23:00:00,0.0656,0.4362,0.9394,6.6
2026-02-24 09:00:00,2,48,34,2026-02-22,2026-02-22 23:00:00,0.1165,0.4973,0.933,6.92
2026-02-24 10:00:00,2,24,11,2026-02-23,2026-02-23 23:00:00,0.0877,0.3867,0.8647,6.74
2026-02-24 10:00:00,2,48,35,2026-02-22,2026-02-22 23:00:00,0.1023,0.4798,0.9132,6.66
2026-02-24 11:00:00,2,24,12,2026-02-23,2026-02-23 23:00:00,0.1124,0.4188,0.817,5.85
2026-02-24 11:00:00,2,48,36,2026-02-22,2026-02-22 23:00:00,0.1317,0.5032,0.9346,7.14
2026-02-24 12:00:00,2,24,13,2026-02-23,2026-02-23 23:00:00,0.1164,0.4534,0.7943,6.15
2026-02-24 12:00:00,2,48,37,2026-02-22,2026-02-22 23:00:00,0.1369,0.5036,0.9461,6.77
2026-02-24 13:00:00,2,24,14,2026-02-23,2026-02-23 23:00:00,0.1244,0.4588,0.8366,6.15
2026-02-24 13:00:00,2,48,38,2026-02-22,2026-02-22 23:00:00,0.1147,0.4723,0.9155,6.23
2026-02-24 14:00:00,2,24,15,2026-02-23,2026-02-23 23:00:00,0.1266,0.4872,0.8612,6.02
2026-02-24 14:00:00,2,48,39,2026-02-22,2026-02-22 23:00:00,0.1039,0.496,0.8959,5.7
2026-02-24 15:00:00,2,24,16,2026-02-23,2026-02-23 23:00:00,0.1026,0.5002,0.8626,5.77
2026-02-24 15:00:00,2,48,40,2026-02-22,2026-02-22 23:00:00,0.078,0.4942,0.8814,4.95
2026-02-24 16:00:00,2,24,17,2026-02-23,2026-02-23 23:00:00,0.0636,0.4838,0.8324,5.04
2026-02-24 16:00:00,2,48,41,2026-02-22,2026-02-22 23:00:00,0.0536,0.3604,0.8613,4.51
2026-02-24 17:00:00,2,24,18,2026-02-23,2026-02-23 23:00:00,0.0241,0.2912,0.7225,4.76
2026-02-24 17:00:00,2,48,42,2026-02-22,2026-02-22 23:00:00,0.0027,0.4452,0.8025,3.66
2026-02-24 18:00:00,2,24,19,2026-02-23,2026-02-23 23:00:00,0.0166,0.3665,0.6965,3.84
2026-02-24 18:00:00,2,48,43,2026-02-22,2026-02-22 23:00:00,0.0,0.4042,0.7311,2.8
2026-02-24 19:00:00,2,24,20,2026-02-23,2026-02-23 23:00:00,0.0085,0.3555,0.6572,3.68
2026-02-24 19:00:00,2,48,44,2026-02-22,2026-02-22 23:00:00,0.0,0.377,0.5687,1.84
2026-02-24 20:00:00,2,24,21,2026-02-23,2026-02-23 23:00:00,0.0004,0.3011,0.4806,3.4
2026-02-24 20:00:00,2,48,45,2026-02-22,2026-02-22 23:00:00,0.0,0.1489,0.4091,0.81
2026-02-24 21:00:00,2,24,22,2026-02-23,2026-02-23 23:00:00,0.0021,0.1811,0.3385,2.62
2026-02-24 21:00:00,2,48,46,2026-02-22,2026-02-22 23:00:00,0.0,0.1364,0.4169,2.09
2026-02-24 22:00:00,2,24,23,2026-02-23,2026-02-23 23:00:00,0.0064,0.0599,0.1779,1.88
2026-02-24 22:00:00,2,48,47,2026-02-22,2026-02-22 23:00:00,0.0032,0.0785,0.2594,3.08
2026-02-24 23:00:00,2,24,24,2026-02-23,2026-02-23 23:00:00,0.007,0.0363,0.0516,1.8
2026-02-24 23:00:00,2,48,48,2026-02-22,2026-02-22 23:00:00,0.0055,0.0496,0.1183,2.17
2026-02-25 00:00:00,2,24,1,2026-02-24,2026-02-24 23:00:00,0.0064,0.0497,0.0508,1.46
2026-02-25 00:00:00,2,48,25,2026-02-23,2026-02-23 23:00:00,0.0046,0.0571,0.0588,1.82
2026-02-25 01:00:00,2,24,2,2026-02-24,2026-02-24 23:00:00,0.0066,0.0462,0.0472,1.33
2026-02-25 01:00:00,2,48,26,2026-02-23,2026-02-23 23:00:00,0.004,0.062,0.1042,2.8
2026-02-25 02:00:00,2,24,3,2026-02-24,2026-02-24 23:00:00,0.006,0.0561,0.061,2.15
2026-02-25 02:00:00,2,48,27,2026-02-23,2026-02-23 23:00:00,0.0052,0.053,0.2002,3.84
2026-02-25 03:00:00,2,24,4,2026-02-24,2026-02-24 23:00:00,0.0056,0.0636,0.1034,3.36
2026-02-25 03:00:00,2,48,28,2026-02-23,2026-02-23 23:00:00,0.0027,0.0826,0.2416,4.87
2026-02-25 04:00:00,2,24,5,2026-02-24,2026-02-24 23:00:00,0.0057,0.0702,0.1287,3.4
2026-02-25 04:00:00,2,48,29,2026-02-23,2026-02-23 23:00:00,0.0,0.1448,0.3689,5.42
2026-02-25 05:00:00,2,24,6,2026-02-24,2026-02-24 23:00:00,0.0061,0.0521,0.1374,3.73
2026-02-25 05:00:00,2,48,30,2026-02-23,2026-02-23 23:00:00,0.0,0.1226,0.4023,5.75
2026-02-25 06:00:00,2,24,7,2026-02-24,2026-02-24 23:00:00,0.0048,0.0871,0.214,3.62
2026-02-25 06:00:00,2,48,31,2026-02-23,2026-02-23 23:00:00,0.0,0.162,0.6637,6.15
2026-02-25 07:00:00,2,24,8,2026-02-24,2026-02-24 23:00:00,0.0011,0.0902,0.283,3.9
2026-02-25 07:00:00,2,48,32,2026-02-23,2026-02-23 23:00:00,0.0,0.2426,0.7575,6.43
2026-02-25 08:00:00,2,24,9,2026-02-24,2026-02-24 23:00:00,0.0002,0.1053,0.3993,3.84
2026-02-25 08:00:00,2,48,33,2026-02-23,2026-02-23 23:00:00,0.016,0.3099,0.9522,6.41
2026-02-25 09:00:00,2,24,10,2026-02-24,2026-02-24 23:00:00,0.0022,0.1127,0.3743,3.27
2026-02-25 09:00:00,2,48,34,2026-02-23,2026-02-23 23:00:00,0.0364,0.3726,0.9432,6.45
2026-02-25 10:00:00,2,24,11,2026-02-24,2026-02-24 23:00:00,0.0041,0.0916,0.3223,3.01
2026-02-25 10:00:00,2,48,35,2026-02-23,2026-02-23 23:00:00,0.0969,0.5582,0.9331,6.93
2026-02-25 11:00:00,2,24,12,2026-02-24,2026-02-24 23:00:00,0.0059,0.0452,0.2125,2.14
2026-02-25 11:00:00,2,48,36,2026-02-23,2026-02-23 23:00:00,0.1736,0.645,0.967,6.81
2026-02-25 12:00:00,2,24,13,2026-02-24,2026-02-24 23:00:00,0.0065,0.0467,0.1377,1.99
2026-02-25 12:00:00,2,48,37,2026-02-23,2026-02-23 23:00:00,0.1671,0.6512,0.9714,6.9
2026-02-25 13:00:00,2,24,14,2026-02-24,2026-02-24 23:00:00,0.005,0.0795,0.1211,2.15
2026-02-25 13:00:00,2,48,38,2026-02-23,2026-02-23 23:00:00,0.1113,0.6261,0.9219,6.44
2026-02-25 14:00:00,2,24,15,2026-02-24,2026-02-24 23:00:00,0.0069,0.0557,0.1792,1.94
2026-02-25 14:00:00,2,48,39,2026-02-23,2026-02-23 23:00:00,0.0533,0.5064,0.9085,5.93
2026-02-25 15:00:00,2,24,16,2026-02-24,2026-02-24 23:00:00,0.0072,0.0482,0.2157,1.61
2026-02-25 15:00:00,2,48,40,2026-02-23,2026-02-23 23:00:00,0.0,0.453,0.8446,5.32
2026-02-25 16:00:00,2,24,17,2026-02-24,2026-02-24 23:00:00,0.0055,0.087,0.229,1.79
2026-02-25 16:00:00,2,48,41,2026-02-23,2026-02-23 23:00:00,0.0,0.3136,0.7878,5.42
2026-02-25 17:00:00,2,24,18,2026-02-24,2026-02-24 23:00:00,0.0042,0.1101,0.1869,2.21
2026-02-25 17:00:00,2,48,42,2026-02-23,2026-02-23 23:00:00,0.0,0.2593,0.6655,2.95
2026-02-25 18:00:00,2,24,19,2026-02-24,2026-02-24 23:00:00,0.0044,0.1066,0.1989,1.69
2026-02-25 18:00:00,2,48,43,2026-02-23,2026-02-23 23:00:00,0.0,0.2981,0.5878,3.39
2026-02-25 19:00:00,2,24,20,2026-02-24,2026-02-24 23:00:00,0.0045,0.1212,0.3245,0.67
2026-02-25 19:00:00,2,48,44,2026-02-23,2026-02-23 23:00:00,0.0,0.3402,0.5975,3.94
2026-02-25 20:00:00,2,24,21,2026-02-24,2026-02-24 23:00:00,0.0018,0.1452,0.3929,1.7
2026-02-25 20:00:00,2,48,45,2026-02-23,2026-02-23 23:00:00,0.0,0.3248,0.6513,4.74
2026-02-25 21:00:00,2,24,22,2026-02-24,2026-02-24 23:00:00,0.0012,0.1946,0.4117,2.55
2026-02-25 21:00:00,2,48,46,2026-02-23,2026-02-23 23:00:00,0.0675,0.5576,0.9109,5.28
2026-02-25 22:00:00,2,24,23,2026-02-24,2026-02-24 23:00:00,0.0028,0.3638,0.7825,4.47
2026-02-25 22:00:00,2,48,47,2026-02-23,2026-02-23 23:00:00,0.2296,0.7511,0.9991,6.3
2026-02-25 23:00:00,2,24,24,2026-02-24,2026-02-24 23:00:00,0.0892,0.5628,0.9647,6.84
2026-02-25 23:00:00,2,48,48,2026-02-23,2026-02-23 23:00:00,0.2612,0.6486,1.0,7.23
2026-02-26 00:00:00,2,24,1,2026-02-25,2026-02-25 23:00:00,0.2801,0.7062,0.9747,7.29
2026-02-26 00:00:00,2,48,25,2026-02-24,2026-02-24 23:00:00,0.2918,0.7272,1.0,6.96
2026-02-26 01:00:00,2,24,2,2026-02-25,2026-02-25 23:00:00,0.2453,0.682,0.9693,7.64
2026-02-26 01:00:00,2,48,26,2026-02-24,2026-02-24 23:00:00,0.3033,0.7398,1.0,7.16
2026-02-26 02:00:00,2,24,3,2026-02-25,2026-02-25 23:00:00,0.2454,0.6602,0.967,7.69
2026-02-26 02:00:00,2,48,27,2026-02-24,2026-02-24 23:00:00,0.3391,0.717,0.9962,7.31
2026-02-26 03:00:00,2,24,4,2026-02-25,2026-02-25 23:00:00,0.2763,0.7146,0.9841,6.69
2026-02-26 03:00:00,2,48,28,2026-02-24,2026-02-24 23:00:00,0.3578,0.7688,0.9938,7.52
2026-02-26 04:00:00,2,24,5,2026-02-25,2026-02-25 23:00:00,0.2202,0.6666,1.0,5.77
2026-02-26 04:00:00,2,48,29,2026-02-24,2026-02-24 23:00:00,0.3271,0.6677,1.0,7.21
2026-02-26 05:00:00,2,24,6,2026-02-25,2026-02-25 23:00:00,0.248,0.6738,1.0,6.31
2026-02-26 05:00:00,2,48,30,2026-02-24,2026-02-24 23:00:00,0.1996,0.6353,0.9832,5.82
2026-02-26 06:00:00,2,24,7,2026-02-25,2026-02-25 23:00:00,0.2557,0.6326,1.0,5.98
2026-02-26 06:00:00,2,48,31,2026-02-24,2026-02-24 23:00:00,0.2328,0.6097,1.0,7.01
2026-02-26 07:00:00,2,24,8,2026-02-25,2026-02-25 23:00:00,0.2204,0.6543,0.9918,5.52
2026-02-26 07:00:00,2,48,32,2026-02-24,2026-02-24 23:00:00,0.1764,0.5402,1.0,7.07
2026-02-26 08:00:00,2,24,9,2026-02-25,2026-02-25 23:00:00,0.0537,0.3906,0.9194,5.1
2026-02-26 08:00:00,2,48,33,2026-02-24,2026-02-24 23:00:00,0.2674,0.6817,0.9914,6.7
2026-02-26 09:00:00,2,24,10,2026-02-25,2026-02-25 23:00:00,0.0034,0.1109,0.5008,3.93
2026-02-26 09:00:00,2,48,34,2026-02-24,2026-02-24 23:00:00,0.0,0.5638,1.0,2.8
2026-02-26 10:00:00,2,24,11,2026-02-25,2026-02-25 23:00:00,0.0055,0.3663,0.8595,2.2
2026-02-26 10:00:00,2,48,35,2026-02-24,2026-02-24 23:00:00,0.0,0.3523,0.7526,7.7
2026-02-26 11:00:00,2,24,12,2026-02-25,2026-02-25 23:00:00,0.0599,0.4675,0.9221,9.45
2026-02-26 11:00:00,2,48,36,2026-02-24,2026-02-24 23:00:00,0.1076,0.5127,0.9792,7.12
2026-02-26 12:00:00,2,24,13,2026-02-25,2026-02-25 23:00:00,0.1378,0.5263,0.9253,7.33
2026-02-26 12:00:00,2,48,37,2026-02-24,2026-02-24 23:00:00,0.0123,0.5178,0.8832,5.62
2026-02-26 13:00:00,2,24,14,2026-02-25,2026-02-25 23:00:00,0.0283,0.5001,0.8322,3.65
2026-02-26 13:00:00,2,48,38,2026-02-24,2026-02-24 23:00:00,0.0,0.3672,0.833,5.54
2026-02-26 14:00:00,2,24,15,2026-02-25,2026-02-25 23:00:00,0.001,0.4109,0.6912,4.48
2026-02-26 14:00:00,2,48,39,2026-02-24,2026-02-24 23:00:00,0.0122,0.3782,0.8557,4.44
2026-02-26 15:00:00,2,24,16,2026-02-25,2026-02-25 23:00:00,0.0464,0.4024,0.7318,5.39
2026-02-26 15:00:00,2,48,40,2026-02-24,2026-02-24 23:00:00,0.0101,0.5092,0.9258,4.46
2026-02-26 16:00:00,2,24,17,2026-02-25,2026-02-25 23:00:00,0.1339,0.5164,0.9258,5.99
2026-02-26 16:00:00,2,48,41,2026-02-24,2026-02-24 23:00:00,0.0313,0.3946,0.8619,3.94
2026-02-26 17:00:00,2,24,18,2026-02-25,2026-02-25 23:00:00,0.2582,0.7312,0.9745,8.15
2026-02-26 17:00:00,2,48,42,2026-02-24,2026-02-24 23:00:00,0.0946,0.4839,0.8854,6.93
2026-02-26 18:00:00,2,24,19,2026-02-25,2026-02-25 23:00:00,0.3423,0.7579,0.9835,8.06
2026-02-26 18:00:00,2,48,43,2026-02-24,2026-02-24 23:00:00,0.1002,0.5011,0.9454,8.08
2026-02-26 19:00:00,2,24,20,2026-02-25,2026-02-25 23:00:00,0.3198,0.7516,0.9799,7.27
2026-02-26 19:00:00,2,48,44,2026-02-24,2026-02-24 23:00:00,0.1638,0.5173,0.974,8.28
2026-02-26 20:00:00,2,24,21,2026-02-25,2026-02-25 23:00:00,0.3416,0.7657,0.9918,7.75
2026-02-26 20:00:00,2,48,45,2026-02-24,2026-02-24 23:00:00,0.3317,0.7244,0.9837,8.01
2026-02-26 21:00:00,2,24,22,2026-02-25,2026-02-25 23:00:00,0.3813,0.7994,0.9835,8.45
2026-02-26 21:00:00,2,48,46,2026-02-24,2026-02-24 23:00:00,0.2825,0.6953,0.991,6.8
2026-02-26 22:00:00,2,24,23,2026-02-25,2026-02-25 23:00:00,0.3617,0.7981,0.983,8.86
2026-02-26 22:00:00,2,48,47,2026-02-24,2026-02-24 23:00:00,0.2966,0.6594,0.9883,8.35
2026-02-26 23:00:00,2,24,24,2026-02-25,2026-02-25 23:00:00,0.3185,0.8148,0.9773,8.52
2026-02-26 23:00:00,2,48,48,2026-02-24,2026-02-24 23:00:00,0.3841,0.7331,0.9893,8.81
2026-02-27 00:00:00,2,24,1,2026-02-26,2026-02-26 23:00:00,0.3451,0.7478,0.9684,9.23
2026-02-27 00:00:00,2,48,25,2026-02-25,2026-02-25 23:00:00,0.4204,0.7875,0.9904,9.33
2026-02-27 01:00:00,2,24,2,2026-02-26,2026-02-26 23:00:00,0.2635,0.6664,0.9644,7.98
2026-02-27 01:00:00,2,48,26,2026-02-25,2026-02-25 23:00:00,0.4287,0.8234,0.9885,9.36
2026-02-27 02:00:00,2,24,3,2026-02-26,2026-02-26 23:00:00,0.2024,0.5422,0.9313,8.17
2026-02-27 02:00:00,2,48,27,2026-02-25,2026-02-25 23:00:00,0.3617,0.7523,0.9982,7.76
2026-02-27 03:00:00,2,24,4,2026-02-26,2026-02-26 23:00:00,0.1698,0.5711,0.9309,7.89
2026-02-27 03:00:00,2,48,28,2026-02-25,2026-02-25 23:00:00,0.3187,0.6817,0.9878,7.28
2026-02-27 04:00:00,2,24,5,2026-02-26,2026-02-26 23:00:00,0.0907,0.5172,0.9034,7.08
2026-02-27 04:00:00,2,48,29,2026-02-25,2026-02-25 23:00:00,0.3237,0.6032,0.9827,7.05
2026-02-27 05:00:00,2,24,6,2026-02-26,2026-02-26 23:00:00,0.0064,0.3214,0.7914,5.52
2026-02-27 05:00:00,2,48,30,2026-02-25,2026-02-25 23:00:00,0.2647,0.5456,0.9867,7.7
2026-02-27 06:00:00,2,24,7,2026-02-26,2026-02-26 23:00:00,0.0,0.2313,0.7446,5.46
2026-02-27 06:00:00,2,48,31,2026-02-25,2026-02-25 23:00:00,0.0981,0.5102,0.9751,6.9
2026-02-27 07:00:00,2,24,8,2026-02-26,2026-02-26 23:00:00,0.015,0.227,0.7363,5.47
2026-02-27 07:00:00,2,48,32,2026-02-25,2026-02-25 23:00:00,0.0449,0.4115,0.9011,6.97
2026-02-27 08:00:00,2,24,9,2026-02-26,2026-02-26 23:00:00,0.01,0.2379,0.7165,5.2
2026-02-27 08:00:00,2,48,33,2026-02-25,2026-02-25 23:00:00,0.0,0.401,0.8626,6.67
2026-02-27 09:00:00,2,24,10,2026-02-26,2026-02-26 23:00:00,0.0065,0.2688,0.6457,4.56
2026-02-27 09:00:00,2,48,34,2026-02-25,2026-02-25 23:00:00,0.0,0.3291,0.8071,5.64
2026-02-27 10:00:00,2,24,11,2026-02-26,2026-02-26 23:00:00,0.0049,0.2602,0.6557,4.61
2026-02-27 10:00:00,2,48,35,2026-02-25,2026-02-25 23:00:00,0.0,0.2017,0.6778,5.01
2026-02-27 11:00:00,2,24,12,2026-02-26,2026-02-26 23:00:00,0.0069,0.2217,0.5702,4.7
2026-02-27 11:00:00,2,48,36,2026-02-25,2026-02-25 23:00:00,0.0,0.2429,0.6795,4.23
2026-02-27 12:00:00,2,24,13,2026-02-26,2026-02-26 23:00:00,0.0028,0.2986,0.6346,4.25
2026-02-27 12:00:00,2,48,37,2026-02-25,2026-02-25 23:00:00,0.0,0.3487,0.7239,5.25
2026-02-27 13:00:00,2,24,14,2026-02-26,2026-02-26 23:00:00,0.0095,0.3957,0.7086,4.82
2026-02-27 13:00:00,2,48,38,2026-02-25,2026-02-25 23:00:00,0.0476,0.4414,0.8989,5.79
2026-02-27 14:00:00,2,24,15,2026-02-26,2026-02-26 23:00:00,0.0893,0.5092,0.8596,5.93
2026-02-27 14:00:00,2,48,39,2026-02-25,2026-02-25 23:00:00,0.089,0.5374,0.9628,6.12
2026-02-27 15:00:00,2,24,16,2026-02-26,2026-02-26 23:00:00,0.1416,0.5844,0.913,6.38
2026-02-27 15:00:00,2,48,40,2026-02-25,2026-02-25 23:00:00,0.2007,0.6071,0.9806,7.09
2026-02-27 16:00:00,2,24,17,2026-02-26,2026-02-26 23:00:00,0.1895,0.6094,0.9628,6.75
2026-02-27 16:00:00,2,48,41,2026-02-25,2026-02-25 23:00:00,0.2787,0.6673,0.9768,8.02
2026-02-27 17:00:00,2,24,18,2026-02-26,2026-02-26 23:00:00,0.1678,0.6356,0.9779,6.02
2026-02-27 17:00:00,2,48,42,2026-02-25,2026-02-25 23:00:00,0.271,0.6699,0.9875,7.98
2026-02-27 18:00:00,2,24,19,2026-02-26,2026-02-26 23:00:00,0.1647,0.6338,0.9709,6.76
2026-02-27 18:00:00,2,48,43,2026-02-25,2026-02-25 23:00:00,0.2725,0.6834,1.0,8.18
2026-02-27 19:00:00,2,24,20,2026-02-26,2026-02-26 23:00:00,0.1776,0.6195,0.9956,6.28
2026-02-27 19:00:00,2,48,44,2026-02-25,2026-02-25 23:00:00,0.2832,0.7047,1.0,7.89
2026-02-27 20:00:00,2,24,21,2026-02-26,2026-02-26 23:00:00,0.262,0.6702,1.0,7.31
2026-02-27 20:00:00,2,48,45,2026-02-25,2026-02-25 23:00:00,0.2509,0.6901,0.9999,7.23
2026-02-27 21:00:00,2,24,22,2026-02-26,2026-02-26 23:00:00,0.268,0.7273,0.9933,7.25
2026-02-27 21:00:00,2,48,46,2026-02-25,2026-02-25 23:00:00,0.2271,0.699,1.0,7.21
2026-02-27 22:00:00,2,24,23,2026-02-26,2026-02-26 23:00:00,0.2352,0.6772,0.9789,6.81
2026-02-27 22:00:00,2,48,47,2026-02-25,2026-02-25 23:00:00,0.186,0.612,0.9944,7.09
2026-02-27 23:00:00,2,24,24,2026-02-26,2026-02-26 23:00:00,0.105,0.5651,0.9964,6.45
2026-02-27 23:00:00,2,48,48,2026-02-25,2026-02-25 23:00:00,0.1413,0.6042,0.988,6.15
2026-02-28 00:00:00,2,24,1,2026-02-27,2026-02-27 23:00:00,0.1066,0.5048,0.9745,6.2
2026-02-28 00:00:00,2,48,25,2026-02-26,2026-02-26 23:00:00,0.1129,0.5187,0.9742,6.23
2026-02-28 01:00:00,2,24,2,2026-02-27,2026-02-27 23:00:00,0.1473,0.5433,0.967,6.65
2026-02-28 01:00:00,2,48,26,2026-02-26,2026-02-26 23:00:00,0.0623,0.5851,0.9898,5.33
2026-02-28 02:00:00,2,24,3,2026-02-27,2026-02-27 23:00:00,0.1626,0.5508,0.953,6.2
2026-02-28 02:00:00,2,48,27,2026-02-26,2026-02-26 23:00:00,0.1203,0.5675,0.9728,5.77
2026-02-28 03:00:00,2,24,4,2026-02-27,2026-02-27 23:00:00,0.2089,0.6265,0.9835,6.96
2026-02-28 03:00:00,2,48,28,2026-02-26,2026-02-26 23:00:00,0.1688,0.5629,1.0,6.17
2026-02-28 04:00:00,2,24,5,2026-02-27,2026-02-27 23:00:00,0.2227,0.6712,0.9716,7.06
2026-02-28 04:00:00,2,48,29,2026-02-26,2026-02-26 23:00:00,0.183,0.628,0.9935,6.9
2026-02-28 05:00:00,2,24,6,2026-02-27,2026-02-27 23:00:00,0.3098,0.627,0.9764,7.47
2026-02-28 05:00:00,2,48,30,2026-02-26,2026-02-26 23:00:00,0.211,0.6575,0.987,7.23
2026-02-28 06:00:00,2,24,7,2026-02-27,2026-02-27 23:00:00,0.2781,0.6801,0.9731,7.4
2026-02-28 06:00:00,2,48,31,2026-02-26,2026-02-26 23:00:00,0.2133,0.6563,0.9774,7.13
2026-02-28 07:00:00,2,24,8,2026-02-27,2026-02-27 23:00:00,0.2414,0.6417,0.9696,7.29
2026-02-28 07:00:00,2,48,32,2026-02-26,2026-02-26 23:00:00,0.2586,0.5634,0.9739,7.4
2026-02-28 08:00:00,2,24,9,2026-02-27,2026-02-27 23:00:00,0.2445,0.682,0.9762,7.29
2026-02-28 08:00:00,2,48,33,2026-02-26,2026-02-26 23:00:00,0.1925,0.5575,0.9828,7.18
2026-02-28 09:00:00,2,24,10,2026-02-27,2026-02-27 23:00:00,0.2823,0.7053,0.9772,7.79
2026-02-28 09:00:00,2,48,34,2026-02-26,2026-02-26 23:00:00,0.2196,0.6094,0.9828,7.19
2026-02-28 10:00:00,2,24,11,2026-02-27,2026-02-27 23:00:00,0.2971,0.6979,0.9755,7.64
2026-02-28 10:00:00,2,48,35,2026-02-26,2026-02-26 23:00:00,0.2492,0.6397,0.9818,7.14
2026-02-28 11:00:00,2,24,12,2026-02-27,2026-02-27 23:00:00,0.2682,0.6316,0.9671,7.28
2026-02-28 11:00:00,2,48,36,2026-02-26,2026-02-26 23:00:00,0.2414,0.5753,0.9853,7.96
2026-02-28 12:00:00,2,24,13,2026-02-27,2026-02-27 23:00:00,0.3192,0.6349,0.9654,7.76
2026-02-28 12:00:00,2,48,37,2026-02-26,2026-02-26 23:00:00,0.2648,0.5607,0.9682,7.77
2026-02-28 13:00:00,2,24,14,2026-02-27,2026-02-27 23:00:00,0.2785,0.6878,0.9771,7.83
2026-02-28 13:00:00,2,48,38,2026-02-26,2026-02-26 23:00:00,0.2819,0.5953,0.9689,7.69
2026-02-28 14:00:00,2,24,15,2026-02-27,2026-02-27 23:00:00,0.2827,0.6692,0.9711,7.45
2026-02-28 14:00:00,2,48,39,2026-02-26,2026-02-26 23:00:00,0.26,0.6572,0.9827,7.67
2026-02-28 15:00:00,2,24,16,2026-02-27,2026-02-27 23:00:00,0.2496,0.68,0.9574,7.27
2026-02-28 15:00:00,2,48,40,2026-02-26,2026-02-26 23:00:00,0.2068,0.6566,0.9694,7.27
2026-02-28 16:00:00,2,24,17,2026-02-27,2026-02-27 23:00:00,0.2041,0.6893,0.9463,6.91
2026-02-28 16:00:00,2,48,41,2026-02-26,2026-02-26 23:00:00,0.1792,0.6119,0.9486,7.08
2026-02-28 17:00:00,2,24,18,2026-02-27,2026-02-27 23:00:00,0.1482,0.5278,0.9531,6.65
2026-02-28 17:00:00,2,48,42,2026-02-26,2026-02-26 23:00:00,0.1555,0.5136,0.9459,6.21
2026-02-28 18:00:00,2,24,19,2026-02-27,2026-02-27 23:00:00,0.108,0.479,0.9431,6.43
2026-02-28 18:00:00,2,48,43,2026-02-26,2026-02-26 23:00:00,0.0915,0.5107,0.9223,5.94
2026-02-28 19:00:00,2,24,20,2026-02-27,2026-02-27 23:00:00,0.0842,0.4301,0.9243,6.03
2026-02-28 19:00:00,2,48,44,2026-02-26,2026-02-26 23:00:00,0.0613,0.5104,0.9168,5.63
2026-02-28 20:00:00,2,24,21,2026-02-27,2026-02-27 23:00:00,0.0382,0.4872,0.9027,4.85
2026-02-28 20:00:00,2,48,45,2026-02-26,2026-02-26 23:00:00,0.0223,0.3165,0.8042,4.61
2026-02-28 21:00:00,2,24,22,2026-02-27,2026-02-27 23:00:00,0.0137,0.3046,0.7856,4.25
2026-02-28 21:00:00,2,48,46,2026-02-26,2026-02-26 23:00:00,0.0039,0.2891,0.7124,4.32
2026-02-28 22:00:00,2,24,23,2026-02-27,2026-02-27 23:00:00,0.0082,0.3107,0.7465,4.44
2026-02-28 22:00:00,2,48,47,2026-02-26,2026-02-26 23:00:00,0.0,0.2678,0.6235,3.93
2026-02-28 23:00:00,2,24,24,2026-02-27,2026-02-27 23:00:00,0.0032,0.31,0.7373,3.54
2026-02-28 23:00:00,2,48,48,2026-02-26,2026-02-26 23:00:00,0.0,0.3098,0.5621,3.85
2026-03-01 00:00:00,2,48,25,2026-02-27,2026-02-27 23:00:00,0.0,0.2594,0.4004,3.63
2026-03-01 01:00:00,2,48,26,2026-02-27,2026-02-27 23:00:00,0.0,0.2995,0.405,3.31
2026-03-01 02:00:00,2,48,27,2026-02-27,2026-02-27 23:00:00,0.0,0.1927,0.3559,2.41
2026-03-01 03:00:00,2,48,28,2026-02-27,2026-02-27 23:00:00,0.0,0.1958,0.2905,2.47
2026-03-01 04:00:00,2,48,29,2026-02-27,2026-02-27 23:00:00,0.0,0.1475,0.3505,2.26
2026-03-01 05:00:00,2,48,30,2026-02-27,2026-02-27 23:00:00,0.0018,0.1149,0.3299,2.36
2026-03-01 06:00:00,2,48,31,2026-02-27,2026-02-27 23:00:00,0.0009,0.0967,0.2436,2.54
2026-03-01 07:00:00,2,48,32,2026-02-27,2026-02-27 23:00:00,0.0036,0.0669,0.1787,2.6
2026-03-01 08:00:00,2,48,33,2026-02-27,2026-02-27 23:00:00,0.0031,0.0413,0.2126,2.41
2026-03-01 09:00:00,2,48,34,2026-02-27,2026-02-27 23:00:00,0.0041,0.0485,0.2049,2.38
2026-03-01 10:00:00,2,48,35,2026-02-27,2026-02-27 23:00:00,0.0046,0.0385,0.142,2.67
2026-03-01 11:00:00,2,48,36,2026-02-27,2026-02-27 23:00:00,0.0031,0.0573,0.1223,2.04
2026-03-01 12:00:00,2,48,37,2026-02-27,2026-02-27 23:00:00,0.0035,0.0639,0.1081,2.23
2026-03-01 13:00:00,2,48,38,2026-02-27,2026-02-27 23:00:00,0.0051,0.0499,0.1674,2.22
2026-03-01 14:00:00,2,48,39,2026-02-27,2026-02-27 23:00:00,0.0067,0.0472,0.1678,2.1
2026-03-01 15:00:00,2,48,40,2026-02-27,2026-02-27 23:00:00,0.0059,0.0477,0.2129,2.22
2026-03-01 16:00:00,2,48,41,2026-02-27,2026-02-27 23:00:00,0.0059,0.0569,0.2008,2.65
2026-03-01 17:00:00,2,48,42,2026-02-27,2026-02-27 23:00:00,0.0059,0.0475,0.18,1.83
2026-03-01 18:00:00,2,48,43,2026-02-27,2026-02-27 23:00:00,0.0058,0.0451,0.142,1.25
2026-03-01 19:00:00,2,48,44,2026-02-27,2026-02-27 23:00:00,0.0017,0.0973,0.2351,3.15
2026-03-01 20:00:00,2,48,45,2026-02-27,2026-02-27 23:00:00,0.0011,0.1088,0.3674,5.04
2026-03-01 21:00:00,2,48,46,2026-02-27,2026-02-27 23:00:00,0.0,0.1633,0.548,6.88
2026-03-01 22:00:00,2,48,47,2026-02-27,2026-02-27 23:00:00,0.1431,0.5023,0.9113,8.19
2026-03-01 23:00:00,2,48,48,2026-02-27,2026-02-27 23:00:00,0.5078,0.8488,0.9872,8.67
